ISO-10303-21;
HEADER;
/* Generated by software containing ST-Developer
 * from STEP Tools, Inc. (www.steptools.com) 
 */

FILE_DESCRIPTION(
/* description */ (''),
/* implementation_level */ '2;1');

FILE_NAME(
/* name */ 'Enclosure rev1.step',
/* time_stamp */ '2026-08-24T17:48:50-05:00',
/* author */ (''),
/* organization */ (''),
/* preprocessor_version */ 'ST-DEVELOPER v20.1',
/* originating_system */ 'Autodesk Translation Framework v15.8.0.0',
/* authorisation */ '');

FILE_SCHEMA (('AUTOMOTIVE_DESIGN { 1 0 10303 214 3 1 1 }'));
ENDSEC;

DATA;
#10=MECHANICAL_DESIGN_GEOMETRIC_PRESENTATION_REPRESENTATION('',(#13),#7290);
#11=SHAPE_REPRESENTATION_RELATIONSHIP('SRR','None',#7297,#12);
#12=ADVANCED_BREP_SHAPE_REPRESENTATION('',(#14),#7289);
#13=STYLED_ITEM('',(#7306),#14);
#14=MANIFOLD_SOLID_BREP('Body1',#4154);
#15=CONICAL_SURFACE('',#4294,2.25,0.785398163397448);
#16=CYLINDRICAL_SURFACE('',#4225,1.);
#17=CYLINDRICAL_SURFACE('',#4242,1.);
#18=CYLINDRICAL_SURFACE('',#4244,1.);
#19=CYLINDRICAL_SURFACE('',#4250,1.);
#20=CYLINDRICAL_SURFACE('',#4251,1.);
#21=CYLINDRICAL_SURFACE('',#4296,1.5);
#22=CYLINDRICAL_SURFACE('',#4298,4.75);
#23=CYLINDRICAL_SURFACE('',#4302,4.74999999999996);
#24=CYLINDRICAL_SURFACE('',#4306,4.88648667503124);
#25=CYLINDRICAL_SURFACE('',#4309,4.96505119191756);
#26=CYLINDRICAL_SURFACE('',#4314,1.625);
#27=CYLINDRICAL_SURFACE('',#4317,3.00000000000001);
#28=CYLINDRICAL_SURFACE('',#4321,1.65);
#29=CYLINDRICAL_SURFACE('',#4324,3.);
#30=CYLINDRICAL_SURFACE('',#4328,1.65);
#31=CYLINDRICAL_SURFACE('',#4331,3.);
#32=CYLINDRICAL_SURFACE('',#4335,1.625);
#33=CYLINDRICAL_SURFACE('',#4338,3.);
#34=CYLINDRICAL_SURFACE('',#4342,4.25);
#35=CYLINDRICAL_SURFACE('',#4343,4.25);
#36=CYLINDRICAL_SURFACE('',#4344,4.25);
#37=CYLINDRICAL_SURFACE('',#4345,4.25);
#38=CYLINDRICAL_SURFACE('',#4349,1.562481);
#39=CYLINDRICAL_SURFACE('',#4352,3.);
#40=CYLINDRICAL_SURFACE('',#4356,1.562481);
#41=CYLINDRICAL_SURFACE('',#4359,3.);
#42=CYLINDRICAL_SURFACE('',#4363,1.562481);
#43=CYLINDRICAL_SURFACE('',#4366,3.);
#44=CYLINDRICAL_SURFACE('',#4370,1.562481);
#45=CYLINDRICAL_SURFACE('',#4373,3.);
#46=CYLINDRICAL_SURFACE('',#4384,0.999999999999996);
#47=CYLINDRICAL_SURFACE('',#4388,1.);
#48=CYLINDRICAL_SURFACE('',#4392,1.00000000000001);
#49=CYLINDRICAL_SURFACE('',#4396,0.999999999999994);
#50=CYLINDRICAL_SURFACE('',#4409,1.4);
#51=CYLINDRICAL_SURFACE('',#4414,1.39999999999948);
#52=CYLINDRICAL_SURFACE('',#4418,1.4);
#53=CYLINDRICAL_SURFACE('',#4422,1.4);
#54=CYLINDRICAL_SURFACE('',#4426,1.4);
#55=CYLINDRICAL_SURFACE('',#4431,1.40000000000051);
#56=CIRCLE('',#4208,2.99000000000003);
#57=CIRCLE('',#4226,1.);
#58=CIRCLE('',#4227,1.);
#59=CIRCLE('',#4229,1.);
#60=CIRCLE('',#4230,1.);
#61=CIRCLE('',#4231,1.);
#62=CIRCLE('',#4232,1.);
#63=CIRCLE('',#4233,3.00000000000001);
#64=CIRCLE('',#4234,3.);
#65=CIRCLE('',#4235,3.);
#66=CIRCLE('',#4236,3.);
#67=CIRCLE('',#4237,3.);
#68=CIRCLE('',#4238,3.);
#69=CIRCLE('',#4239,3.);
#70=CIRCLE('',#4240,3.);
#71=CIRCLE('',#4243,1.);
#72=CIRCLE('',#4245,1.);
#73=CIRCLE('',#4248,1.);
#74=CIRCLE('',#4249,1.);
#75=CIRCLE('',#4253,4.25);
#76=CIRCLE('',#4254,4.25);
#77=CIRCLE('',#4255,4.25);
#78=CIRCLE('',#4256,4.25);
#79=CIRCLE('',#4257,1.5);
#80=CIRCLE('',#4280,4.25);
#81=CIRCLE('',#4281,4.25);
#82=CIRCLE('',#4282,4.25);
#83=CIRCLE('',#4283,4.25);
#84=CIRCLE('',#4284,2.99999999999983);
#85=CIRCLE('',#4285,2.99999999999983);
#86=CIRCLE('',#4295,1.5);
#87=CIRCLE('',#4299,4.75);
#88=CIRCLE('',#4300,4.75);
#89=CIRCLE('',#4303,4.74999999999996);
#90=CIRCLE('',#4304,4.74999999999996);
#91=CIRCLE('',#4307,4.88648667503124);
#92=CIRCLE('',#4308,4.88648667503124);
#93=CIRCLE('',#4310,4.96505119191756);
#94=CIRCLE('',#4311,4.96505119191756);
#95=CIRCLE('',#4315,1.625);
#96=CIRCLE('',#4316,1.625);
#97=CIRCLE('',#4318,3.00000000000001);
#98=CIRCLE('',#4322,1.65);
#99=CIRCLE('',#4323,1.65);
#100=CIRCLE('',#4325,3.);
#101=CIRCLE('',#4329,1.65);
#102=CIRCLE('',#4330,1.65);
#103=CIRCLE('',#4332,3.);
#104=CIRCLE('',#4336,1.625);
#105=CIRCLE('',#4337,1.625);
#106=CIRCLE('',#4339,3.);
#107=CIRCLE('',#4350,1.562481);
#108=CIRCLE('',#4351,1.562481);
#109=CIRCLE('',#4353,3.);
#110=CIRCLE('',#4357,1.562481);
#111=CIRCLE('',#4358,1.562481);
#112=CIRCLE('',#4360,3.);
#113=CIRCLE('',#4364,1.562481);
#114=CIRCLE('',#4365,1.562481);
#115=CIRCLE('',#4367,3.);
#116=CIRCLE('',#4371,1.562481);
#117=CIRCLE('',#4372,1.562481);
#118=CIRCLE('',#4374,3.);
#119=CIRCLE('',#4385,0.999999999999996);
#120=CIRCLE('',#4386,0.999999999999996);
#121=CIRCLE('',#4389,1.);
#122=CIRCLE('',#4390,1.);
#123=CIRCLE('',#4393,1.00000000000001);
#124=CIRCLE('',#4394,1.00000000000001);
#125=CIRCLE('',#4397,0.999999999999994);
#126=CIRCLE('',#4398,0.999999999999994);
#127=CIRCLE('',#4410,1.4);
#128=CIRCLE('',#4411,1.4);
#129=CIRCLE('',#4415,1.39999999999948);
#130=CIRCLE('',#4416,1.39999999999948);
#131=CIRCLE('',#4419,1.4);
#132=CIRCLE('',#4420,1.4);
#133=CIRCLE('',#4423,1.4);
#134=CIRCLE('',#4424,1.4);
#135=CIRCLE('',#4427,1.4);
#136=CIRCLE('',#4428,1.4);
#137=CIRCLE('',#4432,1.40000000000051);
#138=CIRCLE('',#4433,1.40000000000051);
#139=(
BOUNDED_CURVE()
B_SPLINE_CURVE(2,(#6535,#6536,#6537),.UNSPECIFIED.,.F.,.F.)
B_SPLINE_CURVE_WITH_KNOTS((3,3),(0.,0.00199922913668112),.UNSPECIFIED.)
CURVE()
GEOMETRIC_REPRESENTATION_ITEM()
RATIONAL_B_SPLINE_CURVE((1.,1.00000417813142,1.))
REPRESENTATION_ITEM('')
);
#140=FACE_BOUND('',#573,.T.);
#141=FACE_BOUND('',#574,.T.);
#142=FACE_BOUND('',#603,.T.);
#143=FACE_BOUND('',#622,.T.);
#144=FACE_BOUND('',#623,.T.);
#145=FACE_BOUND('',#624,.T.);
#146=FACE_BOUND('',#625,.T.);
#147=FACE_BOUND('',#626,.T.);
#148=FACE_BOUND('',#627,.T.);
#149=FACE_BOUND('',#628,.T.);
#150=FACE_BOUND('',#629,.T.);
#151=FACE_BOUND('',#638,.T.);
#152=FACE_BOUND('',#661,.T.);
#153=FACE_BOUND('',#662,.T.);
#154=FACE_BOUND('',#663,.T.);
#155=FACE_BOUND('',#664,.T.);
#156=FACE_BOUND('',#687,.T.);
#157=FACE_BOUND('',#692,.T.);
#158=FACE_BOUND('',#697,.T.);
#159=FACE_BOUND('',#702,.T.);
#160=FACE_BOUND('',#714,.T.);
#161=FACE_BOUND('',#719,.T.);
#162=FACE_BOUND('',#724,.T.);
#163=FACE_BOUND('',#729,.T.);
#164=FACE_BOUND('',#736,.T.);
#165=FACE_BOUND('',#738,.T.);
#166=FACE_BOUND('',#772,.T.);
#167=FACE_BOUND('',#773,.T.);
#168=FACE_BOUND('',#774,.T.);
#169=FACE_BOUND('',#775,.T.);
#170=FACE_BOUND('',#777,.T.);
#171=FACE_BOUND('',#778,.T.);
#172=FACE_BOUND('',#779,.T.);
#173=FACE_BOUND('',#780,.T.);
#174=FACE_BOUND('',#781,.T.);
#175=B_SPLINE_CURVE_WITH_KNOTS('',3,(#5520,#5521,#5522,#5523,#5524),
 .UNSPECIFIED.,.F.,.F.,(4,1,4),(0.,0.050594327066384,0.118139578602902),
 .UNSPECIFIED.);
#176=B_SPLINE_CURVE_WITH_KNOTS('',3,(#5527,#5528,#5529,#5530,#5531),
 .UNSPECIFIED.,.F.,.F.,(4,1,4),(0.,0.050594327066384,0.118139578602902),
 .UNSPECIFIED.);
#177=B_SPLINE_CURVE_WITH_KNOTS('',3,(#5543,#5544,#5545,#5546,#5547),
 .UNSPECIFIED.,.F.,.F.,(4,1,4),(0.,0.0392176494501559,0.0797905386954016),
 .UNSPECIFIED.);
#178=B_SPLINE_CURVE_WITH_KNOTS('',3,(#5550,#5551,#5552,#5553,#5554),
 .UNSPECIFIED.,.F.,.F.,(4,1,4),(0.,0.0392176494501559,0.0797905386954016),
 .UNSPECIFIED.);
#179=B_SPLINE_CURVE_WITH_KNOTS('',3,(#5566,#5567,#5568,#5569,#5570),
 .UNSPECIFIED.,.F.,.F.,(4,1,4),(0.,0.0422052029961482,0.0820518228773383),
 .UNSPECIFIED.);
#180=B_SPLINE_CURVE_WITH_KNOTS('',3,(#5573,#5574,#5575,#5576,#5577),
 .UNSPECIFIED.,.F.,.F.,(4,1,4),(0.,0.0422052029961482,0.0820518228773383),
 .UNSPECIFIED.);
#181=B_SPLINE_CURVE_WITH_KNOTS('',3,(#5589,#5590,#5591,#5592,#5593),
 .UNSPECIFIED.,.F.,.F.,(4,1,4),(0.,0.0336114869033021,0.0697766976085925),
 .UNSPECIFIED.);
#182=B_SPLINE_CURVE_WITH_KNOTS('',3,(#5596,#5597,#5598,#5599,#5600),
 .UNSPECIFIED.,.F.,.F.,(4,1,4),(0.,0.0336114869033021,0.0697766976085925),
 .UNSPECIFIED.);
#183=B_SPLINE_CURVE_WITH_KNOTS('',3,(#5612,#5613,#5614,#5615,#5616),
 .UNSPECIFIED.,.F.,.F.,(4,1,4),(0.,0.0291971238730248,0.0605916679269886),
 .UNSPECIFIED.);
#184=B_SPLINE_CURVE_WITH_KNOTS('',3,(#5619,#5620,#5621,#5622,#5623),
 .UNSPECIFIED.,.F.,.F.,(4,1,4),(0.,0.0291971238730248,0.0605916679269886),
 .UNSPECIFIED.);
#185=B_SPLINE_CURVE_WITH_KNOTS('',3,(#5635,#5636,#5637,#5638,#5639),
 .UNSPECIFIED.,.F.,.F.,(4,1,4),(0.,0.0346778855830408,0.0651896806455779),
 .UNSPECIFIED.);
#186=B_SPLINE_CURVE_WITH_KNOTS('',3,(#5642,#5643,#5644,#5645,#5646),
 .UNSPECIFIED.,.F.,.F.,(4,1,4),(0.,0.0346778855830408,0.0651896806455779),
 .UNSPECIFIED.);
#187=B_SPLINE_CURVE_WITH_KNOTS('',3,(#5658,#5659,#5660,#5661,#5662),
 .UNSPECIFIED.,.F.,.F.,(4,1,4),(0.,0.0436666441447011,0.0721874530096238),
 .UNSPECIFIED.);
#188=B_SPLINE_CURVE_WITH_KNOTS('',3,(#5665,#5666,#5667,#5668,#5669),
 .UNSPECIFIED.,.F.,.F.,(4,1,4),(0.,0.0436666441447011,0.0721874530096238),
 .UNSPECIFIED.);
#189=B_SPLINE_CURVE_WITH_KNOTS('',3,(#5699,#5700,#5701,#5702,#5703),
 .UNSPECIFIED.,.F.,.F.,(4,1,4),(0.,0.0488836740767578,0.122470285442257),
 .UNSPECIFIED.);
#190=B_SPLINE_CURVE_WITH_KNOTS('',3,(#5706,#5707,#5708,#5709,#5710),
 .UNSPECIFIED.,.F.,.F.,(4,1,4),(0.,0.0488836740767578,0.122470285442257),
 .UNSPECIFIED.);
#191=B_SPLINE_CURVE_WITH_KNOTS('',3,(#5722,#5723,#5724,#5725,#5726),
 .UNSPECIFIED.,.F.,.F.,(4,1,4),(0.,0.0344779099683057,0.0696823718674978),
 .UNSPECIFIED.);
#192=B_SPLINE_CURVE_WITH_KNOTS('',3,(#5729,#5730,#5731,#5732,#5733),
 .UNSPECIFIED.,.F.,.F.,(4,1,4),(0.,0.0344779099683057,0.0696823718674978),
 .UNSPECIFIED.);
#193=B_SPLINE_CURVE_WITH_KNOTS('',3,(#5745,#5746,#5747,#5748,#5749),
 .UNSPECIFIED.,.F.,.F.,(4,1,4),(0.,0.0377520032186297,0.0734280927230093),
 .UNSPECIFIED.);
#194=B_SPLINE_CURVE_WITH_KNOTS('',3,(#5752,#5753,#5754,#5755,#5756),
 .UNSPECIFIED.,.F.,.F.,(4,1,4),(0.,0.0377520032186297,0.0734280927230093),
 .UNSPECIFIED.);
#195=B_SPLINE_CURVE_WITH_KNOTS('',3,(#5768,#5769,#5770,#5771,#5772),
 .UNSPECIFIED.,.F.,.F.,(4,1,4),(0.,0.0349303518155378,0.0737410184935274),
 .UNSPECIFIED.);
#196=B_SPLINE_CURVE_WITH_KNOTS('',3,(#5775,#5776,#5777,#5778,#5779),
 .UNSPECIFIED.,.F.,.F.,(4,1,4),(0.,0.0349303518155378,0.0737410184935274),
 .UNSPECIFIED.);
#197=B_SPLINE_CURVE_WITH_KNOTS('',3,(#5791,#5792,#5793,#5794,#5795),
 .UNSPECIFIED.,.F.,.F.,(4,1,4),(0.,0.0388343806953226,0.0737250834009038),
 .UNSPECIFIED.);
#198=B_SPLINE_CURVE_WITH_KNOTS('',3,(#5798,#5799,#5800,#5801,#5802),
 .UNSPECIFIED.,.F.,.F.,(4,1,4),(0.,0.0388343806953226,0.0737250834009038),
 .UNSPECIFIED.);
#199=B_SPLINE_CURVE_WITH_KNOTS('',3,(#5814,#5815,#5816,#5817,#5818),
 .UNSPECIFIED.,.F.,.F.,(4,1,4),(0.,0.0604810594975442,0.101592512171067),
 .UNSPECIFIED.);
#200=B_SPLINE_CURVE_WITH_KNOTS('',3,(#5821,#5822,#5823,#5824,#5825),
 .UNSPECIFIED.,.F.,.F.,(4,1,4),(0.,0.0604810594975442,0.101592512171067),
 .UNSPECIFIED.);
#201=B_SPLINE_CURVE_WITH_KNOTS('',3,(#5847,#5848,#5849,#5850,#5851),
 .UNSPECIFIED.,.F.,.F.,(4,1,4),(0.,0.0594465836592865,0.129989646977815),
 .UNSPECIFIED.);
#202=B_SPLINE_CURVE_WITH_KNOTS('',3,(#5855,#5856,#5857,#5858,#5859),
 .UNSPECIFIED.,.F.,.F.,(4,1,4),(0.,0.0594465836592865,0.129989646977815),
 .UNSPECIFIED.);
#203=B_SPLINE_CURVE_WITH_KNOTS('',3,(#5872,#5873,#5874,#5875,#5876),
 .UNSPECIFIED.,.F.,.F.,(4,1,4),(0.,0.045580120709346,0.0965757704781053),
 .UNSPECIFIED.);
#204=B_SPLINE_CURVE_WITH_KNOTS('',3,(#5879,#5880,#5881,#5882,#5883),
 .UNSPECIFIED.,.F.,.F.,(4,1,4),(0.,0.045580120709346,0.0965757704781053),
 .UNSPECIFIED.);
#205=B_SPLINE_CURVE_WITH_KNOTS('',3,(#5895,#5896,#5897,#5898,#5899),
 .UNSPECIFIED.,.F.,.F.,(4,1,4),(0.,0.0503320941894133,0.0954797985039281),
 .UNSPECIFIED.);
#206=B_SPLINE_CURVE_WITH_KNOTS('',3,(#5902,#5903,#5904,#5905,#5906),
 .UNSPECIFIED.,.F.,.F.,(4,1,4),(0.,0.0503320941894133,0.0954797985039281),
 .UNSPECIFIED.);
#207=B_SPLINE_CURVE_WITH_KNOTS('',3,(#5918,#5919,#5920,#5921,#5922),
 .UNSPECIFIED.,.F.,.F.,(4,1,4),(0.,0.0545529480030414,0.107885143292072),
 .UNSPECIFIED.);
#208=B_SPLINE_CURVE_WITH_KNOTS('',3,(#5925,#5926,#5927,#5928,#5929),
 .UNSPECIFIED.,.F.,.F.,(4,1,4),(0.,0.0545529480030414,0.107885143292072),
 .UNSPECIFIED.);
#209=B_SPLINE_CURVE_WITH_KNOTS('',3,(#5941,#5942,#5943,#5944,#5945),
 .UNSPECIFIED.,.F.,.F.,(4,1,4),(0.,0.0631268984028194,0.129063877060066),
 .UNSPECIFIED.);
#210=B_SPLINE_CURVE_WITH_KNOTS('',3,(#5948,#5949,#5950,#5951,#5952),
 .UNSPECIFIED.,.F.,.F.,(4,1,4),(0.,0.0631268984028194,0.129063877060066),
 .UNSPECIFIED.);
#211=B_SPLINE_CURVE_WITH_KNOTS('',3,(#5964,#5965,#5966,#5967,#5968),
 .UNSPECIFIED.,.F.,.F.,(4,1,4),(0.,0.0703473573222264,0.134886605262654),
 .UNSPECIFIED.);
#212=B_SPLINE_CURVE_WITH_KNOTS('',3,(#5971,#5972,#5973,#5974,#5975),
 .UNSPECIFIED.,.F.,.F.,(4,1,4),(0.,0.0703473573222264,0.134886605262654),
 .UNSPECIFIED.);
#213=B_SPLINE_CURVE_WITH_KNOTS('',3,(#5987,#5988,#5989,#5990,#5991),
 .UNSPECIFIED.,.F.,.F.,(4,1,4),(0.,0.0538036411426649,0.11252949423133),
 .UNSPECIFIED.);
#214=B_SPLINE_CURVE_WITH_KNOTS('',3,(#5994,#5995,#5996,#5997,#5998),
 .UNSPECIFIED.,.F.,.F.,(4,1,4),(0.,0.0538036411426649,0.11252949423133),
 .UNSPECIFIED.);
#215=B_SPLINE_CURVE_WITH_KNOTS('',3,(#6010,#6011,#6012,#6013,#6014),
 .UNSPECIFIED.,.F.,.F.,(4,1,4),(0.,0.0502791177251823,0.101517416130815),
 .UNSPECIFIED.);
#216=B_SPLINE_CURVE_WITH_KNOTS('',3,(#6017,#6018,#6019,#6020,#6021),
 .UNSPECIFIED.,.F.,.F.,(4,1,4),(0.,0.0502791177251823,0.101517416130815),
 .UNSPECIFIED.);
#217=B_SPLINE_CURVE_WITH_KNOTS('',3,(#6033,#6034,#6035,#6036,#6037),
 .UNSPECIFIED.,.F.,.F.,(4,1,4),(0.,0.0567468919077549,0.111270472987405),
 .UNSPECIFIED.);
#218=B_SPLINE_CURVE_WITH_KNOTS('',3,(#6040,#6041,#6042,#6043,#6044),
 .UNSPECIFIED.,.F.,.F.,(4,1,4),(0.,0.0567468919077549,0.111270472987405),
 .UNSPECIFIED.);
#219=B_SPLINE_CURVE_WITH_KNOTS('',3,(#6056,#6057,#6058,#6059,#6060),
 .UNSPECIFIED.,.F.,.F.,(4,1,4),(0.,0.0582203566992348,0.115901160610544),
 .UNSPECIFIED.);
#220=B_SPLINE_CURVE_WITH_KNOTS('',3,(#6063,#6064,#6065,#6066,#6067),
 .UNSPECIFIED.,.F.,.F.,(4,1,4),(0.,0.0582203566992348,0.115901160610544),
 .UNSPECIFIED.);
#221=B_SPLINE_CURVE_WITH_KNOTS('',3,(#6079,#6080,#6081,#6082,#6083),
 .UNSPECIFIED.,.F.,.F.,(4,1,4),(0.,0.0828285049849153,0.149813202074575),
 .UNSPECIFIED.);
#222=B_SPLINE_CURVE_WITH_KNOTS('',3,(#6086,#6087,#6088,#6089,#6090),
 .UNSPECIFIED.,.F.,.F.,(4,1,4),(0.,0.0828285049849153,0.149813202074575),
 .UNSPECIFIED.);
#223=B_SPLINE_CURVE_WITH_KNOTS('',3,(#6136,#6137,#6138,#6139,#6140),
 .UNSPECIFIED.,.F.,.F.,(4,1,4),(0.,0.0597960345411868,0.137348878179459),
 .UNSPECIFIED.);
#224=B_SPLINE_CURVE_WITH_KNOTS('',3,(#6143,#6144,#6145,#6146,#6147),
 .UNSPECIFIED.,.F.,.F.,(4,1,4),(0.,0.0597960345411868,0.137348878179459),
 .UNSPECIFIED.);
#225=B_SPLINE_CURVE_WITH_KNOTS('',3,(#6159,#6160,#6161,#6162,#6163),
 .UNSPECIFIED.,.F.,.F.,(4,1,4),(0.,0.0527212615215706,0.10454995346052),
 .UNSPECIFIED.);
#226=B_SPLINE_CURVE_WITH_KNOTS('',3,(#6166,#6167,#6168,#6169,#6170),
 .UNSPECIFIED.,.F.,.F.,(4,1,4),(0.,0.0527212615215706,0.10454995346052),
 .UNSPECIFIED.);
#227=B_SPLINE_CURVE_WITH_KNOTS('',3,(#6182,#6183,#6184,#6185,#6186),
 .UNSPECIFIED.,.F.,.F.,(4,1,4),(0.,0.0379658995972254,0.0756557875466871),
 .UNSPECIFIED.);
#228=B_SPLINE_CURVE_WITH_KNOTS('',3,(#6189,#6190,#6191,#6192,#6193),
 .UNSPECIFIED.,.F.,.F.,(4,1,4),(0.,0.0379658995972254,0.0756557875466871),
 .UNSPECIFIED.);
#229=B_SPLINE_CURVE_WITH_KNOTS('',3,(#6205,#6206,#6207,#6208,#6209),
 .UNSPECIFIED.,.F.,.F.,(4,1,4),(0.,0.0409606401469606,0.0796788391584723),
 .UNSPECIFIED.);
#230=B_SPLINE_CURVE_WITH_KNOTS('',3,(#6212,#6213,#6214,#6215,#6216),
 .UNSPECIFIED.,.F.,.F.,(4,1,4),(0.,0.0409606401469606,0.0796788391584723),
 .UNSPECIFIED.);
#231=B_SPLINE_CURVE_WITH_KNOTS('',3,(#6228,#6229,#6230,#6231,#6232),
 .UNSPECIFIED.,.F.,.F.,(4,1,4),(0.,0.0647745036568981,0.114894991585551),
 .UNSPECIFIED.);
#232=B_SPLINE_CURVE_WITH_KNOTS('',3,(#6235,#6236,#6237,#6238,#6239),
 .UNSPECIFIED.,.F.,.F.,(4,1,4),(0.,0.0647745036568981,0.114894991585551),
 .UNSPECIFIED.);
#233=B_SPLINE_CURVE_WITH_KNOTS('',3,(#6275,#6276,#6277,#6278,#6279),
 .UNSPECIFIED.,.F.,.F.,(4,1,4),(0.,0.0239103142949119,0.0591210914624596),
 .UNSPECIFIED.);
#234=B_SPLINE_CURVE_WITH_KNOTS('',3,(#6282,#6283,#6284,#6285,#6286),
 .UNSPECIFIED.,.F.,.F.,(4,1,4),(0.,0.0239103142949119,0.0591210914624596),
 .UNSPECIFIED.);
#235=B_SPLINE_CURVE_WITH_KNOTS('',3,(#6298,#6299,#6300,#6301,#6302),
 .UNSPECIFIED.,.F.,.F.,(4,1,4),(0.,0.0272254689805393,0.0529601602332304),
 .UNSPECIFIED.);
#236=B_SPLINE_CURVE_WITH_KNOTS('',3,(#6305,#6306,#6307,#6308,#6309),
 .UNSPECIFIED.,.F.,.F.,(4,1,4),(0.,0.0272254689805393,0.0529601602332304),
 .UNSPECIFIED.);
#237=B_SPLINE_CURVE_WITH_KNOTS('',3,(#6321,#6322,#6323,#6324,#6325),
 .UNSPECIFIED.,.F.,.F.,(4,1,4),(0.,0.0431666804871647,0.0760580625258485),
 .UNSPECIFIED.);
#238=B_SPLINE_CURVE_WITH_KNOTS('',3,(#6328,#6329,#6330,#6331,#6332),
 .UNSPECIFIED.,.F.,.F.,(4,1,4),(0.,0.0431666804871647,0.0760580625258485),
 .UNSPECIFIED.);
#239=B_SPLINE_CURVE_WITH_KNOTS('',3,(#6344,#6345,#6346,#6347,#6348),
 .UNSPECIFIED.,.F.,.F.,(4,1,4),(0.,0.0763564277749412,0.134150673867888),
 .UNSPECIFIED.);
#240=B_SPLINE_CURVE_WITH_KNOTS('',3,(#6351,#6352,#6353,#6354,#6355),
 .UNSPECIFIED.,.F.,.F.,(4,1,4),(0.,0.0763564277749412,0.134150673867888),
 .UNSPECIFIED.);
#241=B_SPLINE_CURVE_WITH_KNOTS('',3,(#6385,#6386,#6387,#6388,#6389),
 .UNSPECIFIED.,.F.,.F.,(4,1,4),(0.,0.0658191348910128,0.138267435884248),
 .UNSPECIFIED.);
#242=B_SPLINE_CURVE_WITH_KNOTS('',3,(#6392,#6393,#6394,#6395,#6396),
 .UNSPECIFIED.,.F.,.F.,(4,1,4),(0.,0.0658191348910128,0.138267435884248),
 .UNSPECIFIED.);
#243=B_SPLINE_CURVE_WITH_KNOTS('',3,(#6408,#6409,#6410,#6411,#6412),
 .UNSPECIFIED.,.F.,.F.,(4,1,4),(0.,0.0420602593855569,0.0754313172531395),
 .UNSPECIFIED.);
#244=B_SPLINE_CURVE_WITH_KNOTS('',3,(#6415,#6416,#6417,#6418,#6419),
 .UNSPECIFIED.,.F.,.F.,(4,1,4),(0.,0.0420602593855569,0.0754313172531395),
 .UNSPECIFIED.);
#245=B_SPLINE_CURVE_WITH_KNOTS('',3,(#6431,#6432,#6433,#6434,#6435),
 .UNSPECIFIED.,.F.,.F.,(4,1,4),(0.,0.0848361159840806,0.188411104386632),
 .UNSPECIFIED.);
#246=B_SPLINE_CURVE_WITH_KNOTS('',3,(#6438,#6439,#6440,#6441,#6442),
 .UNSPECIFIED.,.F.,.F.,(4,1,4),(0.,0.0848361159840806,0.188411104386632),
 .UNSPECIFIED.);
#247=B_SPLINE_CURVE_WITH_KNOTS('',3,(#6454,#6455,#6456,#6457,#6458),
 .UNSPECIFIED.,.F.,.F.,(4,1,4),(0.,0.0796457390876777,0.156739898900429),
 .UNSPECIFIED.);
#248=B_SPLINE_CURVE_WITH_KNOTS('',3,(#6461,#6462,#6463,#6464,#6465),
 .UNSPECIFIED.,.F.,.F.,(4,1,4),(0.,0.0796457390876777,0.156739898900429),
 .UNSPECIFIED.);
#249=B_SPLINE_CURVE_WITH_KNOTS('',3,(#6477,#6478,#6479,#6480,#6481),
 .UNSPECIFIED.,.F.,.F.,(4,1,4),(0.,0.062626637484223,0.12633752997545),
 .UNSPECIFIED.);
#250=B_SPLINE_CURVE_WITH_KNOTS('',3,(#6484,#6485,#6486,#6487,#6488),
 .UNSPECIFIED.,.F.,.F.,(4,1,4),(0.,0.062626637484223,0.12633752997545),
 .UNSPECIFIED.);
#251=B_SPLINE_CURVE_WITH_KNOTS('',3,(#6500,#6501,#6502,#6503,#6504),
 .UNSPECIFIED.,.F.,.F.,(4,1,4),(0.,0.0582700693567696,0.118742990759471),
 .UNSPECIFIED.);
#252=B_SPLINE_CURVE_WITH_KNOTS('',3,(#6507,#6508,#6509,#6510,#6511),
 .UNSPECIFIED.,.F.,.F.,(4,1,4),(0.,0.0582700693567696,0.118742990759471),
 .UNSPECIFIED.);
#253=B_SPLINE_CURVE_WITH_KNOTS('',3,(#6522,#6523,#6524,#6525,#6526),
 .UNSPECIFIED.,.F.,.F.,(4,1,4),(0.,0.0942878542349216,0.16465576603458),
 .UNSPECIFIED.);
#254=B_SPLINE_CURVE_WITH_KNOTS('',3,(#6527,#6528,#6529,#6530,#6531),
 .UNSPECIFIED.,.F.,.F.,(4,1,4),(0.,0.0942878542349216,0.16465576603458),
 .UNSPECIFIED.);
#255=B_SPLINE_SURFACE_WITH_KNOTS('',3,1,((#5509,#5510),(#5511,#5512),(#5513,
#5514),(#5515,#5516),(#5517,#5518)),.UNSPECIFIED.,.F.,.F.,.F.,(4,1,4),(2,
2),(0.,0.050594327066384,0.118139578602902),(0.,0.00100000000000033),
 .UNSPECIFIED.);
#256=B_SPLINE_SURFACE_WITH_KNOTS('',3,1,((#5532,#5533),(#5534,#5535),(#5536,
#5537),(#5538,#5539),(#5540,#5541)),.UNSPECIFIED.,.F.,.F.,.F.,(4,1,4),(2,
2),(0.,0.0392176494501559,0.0797905386954016),(0.,0.00100000000000033),
 .UNSPECIFIED.);
#257=B_SPLINE_SURFACE_WITH_KNOTS('',3,1,((#5555,#5556),(#5557,#5558),(#5559,
#5560),(#5561,#5562),(#5563,#5564)),.UNSPECIFIED.,.F.,.F.,.F.,(4,1,4),(2,
2),(0.,0.0422052029961482,0.0820518228773383),(0.,0.00100000000000033),
 .UNSPECIFIED.);
#258=B_SPLINE_SURFACE_WITH_KNOTS('',3,1,((#5578,#5579),(#5580,#5581),(#5582,
#5583),(#5584,#5585),(#5586,#5587)),.UNSPECIFIED.,.F.,.F.,.F.,(4,1,4),(2,
2),(0.,0.0336114869033021,0.0697766976085925),(0.,0.00100000000000033),
 .UNSPECIFIED.);
#259=B_SPLINE_SURFACE_WITH_KNOTS('',3,1,((#5601,#5602),(#5603,#5604),(#5605,
#5606),(#5607,#5608),(#5609,#5610)),.UNSPECIFIED.,.F.,.F.,.F.,(4,1,4),(2,
2),(0.,0.0291971238730248,0.0605916679269886),(0.,0.00100000000000033),
 .UNSPECIFIED.);
#260=B_SPLINE_SURFACE_WITH_KNOTS('',3,1,((#5624,#5625),(#5626,#5627),(#5628,
#5629),(#5630,#5631),(#5632,#5633)),.UNSPECIFIED.,.F.,.F.,.F.,(4,1,4),(2,
2),(0.,0.0346778855830408,0.0651896806455779),(0.,0.00100000000000033),
 .UNSPECIFIED.);
#261=B_SPLINE_SURFACE_WITH_KNOTS('',3,1,((#5647,#5648),(#5649,#5650),(#5651,
#5652),(#5653,#5654),(#5655,#5656)),.UNSPECIFIED.,.F.,.F.,.F.,(4,1,4),(2,
2),(0.,0.0436666441447011,0.0721874530096238),(0.,0.00100000000000033),
 .UNSPECIFIED.);
#262=B_SPLINE_SURFACE_WITH_KNOTS('',3,1,((#5688,#5689),(#5690,#5691),(#5692,
#5693),(#5694,#5695),(#5696,#5697)),.UNSPECIFIED.,.F.,.F.,.F.,(4,1,4),(2,
2),(0.,0.0488836740767578,0.122470285442257),(0.,0.00100000000000033),
 .UNSPECIFIED.);
#263=B_SPLINE_SURFACE_WITH_KNOTS('',3,1,((#5711,#5712),(#5713,#5714),(#5715,
#5716),(#5717,#5718),(#5719,#5720)),.UNSPECIFIED.,.F.,.F.,.F.,(4,1,4),(2,
2),(0.,0.0344779099683057,0.0696823718674978),(0.,0.00100000000000033),
 .UNSPECIFIED.);
#264=B_SPLINE_SURFACE_WITH_KNOTS('',3,1,((#5734,#5735),(#5736,#5737),(#5738,
#5739),(#5740,#5741),(#5742,#5743)),.UNSPECIFIED.,.F.,.F.,.F.,(4,1,4),(2,
2),(0.,0.0377520032186297,0.0734280927230093),(0.,0.00100000000000033),
 .UNSPECIFIED.);
#265=B_SPLINE_SURFACE_WITH_KNOTS('',3,1,((#5757,#5758),(#5759,#5760),(#5761,
#5762),(#5763,#5764),(#5765,#5766)),.UNSPECIFIED.,.F.,.F.,.F.,(4,1,4),(2,
2),(0.,0.0349303518155378,0.0737410184935274),(0.,0.00100000000000033),
 .UNSPECIFIED.);
#266=B_SPLINE_SURFACE_WITH_KNOTS('',3,1,((#5780,#5781),(#5782,#5783),(#5784,
#5785),(#5786,#5787),(#5788,#5789)),.UNSPECIFIED.,.F.,.F.,.F.,(4,1,4),(2,
2),(0.,0.0388343806953226,0.0737250834009038),(0.,0.00100000000000033),
 .UNSPECIFIED.);
#267=B_SPLINE_SURFACE_WITH_KNOTS('',3,1,((#5803,#5804),(#5805,#5806),(#5807,
#5808),(#5809,#5810),(#5811,#5812)),.UNSPECIFIED.,.F.,.F.,.F.,(4,1,4),(2,
2),(0.,0.0604810594975442,0.101592512171067),(0.,0.00100000000000033),
 .UNSPECIFIED.);
#268=B_SPLINE_SURFACE_WITH_KNOTS('',3,1,((#5835,#5836),(#5837,#5838),(#5839,
#5840),(#5841,#5842),(#5843,#5844)),.UNSPECIFIED.,.F.,.F.,.F.,(4,1,4),(2,
2),(0.,0.0594465836592865,0.129989646977815),(0.,0.00100000000000033),
 .UNSPECIFIED.);
#269=B_SPLINE_SURFACE_WITH_KNOTS('',3,1,((#5861,#5862),(#5863,#5864),(#5865,
#5866),(#5867,#5868),(#5869,#5870)),.UNSPECIFIED.,.F.,.F.,.F.,(4,1,4),(2,
2),(0.,0.045580120709346,0.0965757704781053),(0.,0.00100000000000033),
 .UNSPECIFIED.);
#270=B_SPLINE_SURFACE_WITH_KNOTS('',3,1,((#5884,#5885),(#5886,#5887),(#5888,
#5889),(#5890,#5891),(#5892,#5893)),.UNSPECIFIED.,.F.,.F.,.F.,(4,1,4),(2,
2),(0.,0.0503320941894133,0.0954797985039281),(0.,0.00100000000000033),
 .UNSPECIFIED.);
#271=B_SPLINE_SURFACE_WITH_KNOTS('',3,1,((#5907,#5908),(#5909,#5910),(#5911,
#5912),(#5913,#5914),(#5915,#5916)),.UNSPECIFIED.,.F.,.F.,.F.,(4,1,4),(2,
2),(0.,0.0545529480030414,0.107885143292072),(0.,0.00100000000000033),
 .UNSPECIFIED.);
#272=B_SPLINE_SURFACE_WITH_KNOTS('',3,1,((#5930,#5931),(#5932,#5933),(#5934,
#5935),(#5936,#5937),(#5938,#5939)),.UNSPECIFIED.,.F.,.F.,.F.,(4,1,4),(2,
2),(0.,0.0631268984028194,0.129063877060066),(0.,0.00100000000000033),
 .UNSPECIFIED.);
#273=B_SPLINE_SURFACE_WITH_KNOTS('',3,1,((#5953,#5954),(#5955,#5956),(#5957,
#5958),(#5959,#5960),(#5961,#5962)),.UNSPECIFIED.,.F.,.F.,.F.,(4,1,4),(2,
2),(0.,0.0703473573222264,0.134886605262654),(0.,0.00100000000000033),
 .UNSPECIFIED.);
#274=B_SPLINE_SURFACE_WITH_KNOTS('',3,1,((#5976,#5977),(#5978,#5979),(#5980,
#5981),(#5982,#5983),(#5984,#5985)),.UNSPECIFIED.,.F.,.F.,.F.,(4,1,4),(2,
2),(0.,0.0538036411426649,0.11252949423133),(0.,0.00100000000000033),
 .UNSPECIFIED.);
#275=B_SPLINE_SURFACE_WITH_KNOTS('',3,1,((#5999,#6000),(#6001,#6002),(#6003,
#6004),(#6005,#6006),(#6007,#6008)),.UNSPECIFIED.,.F.,.F.,.F.,(4,1,4),(2,
2),(0.,0.0502791177251823,0.101517416130815),(0.,0.00100000000000033),
 .UNSPECIFIED.);
#276=B_SPLINE_SURFACE_WITH_KNOTS('',3,1,((#6022,#6023),(#6024,#6025),(#6026,
#6027),(#6028,#6029),(#6030,#6031)),.UNSPECIFIED.,.F.,.F.,.F.,(4,1,4),(2,
2),(0.,0.0567468919077549,0.111270472987405),(0.,0.00100000000000033),
 .UNSPECIFIED.);
#277=B_SPLINE_SURFACE_WITH_KNOTS('',3,1,((#6045,#6046),(#6047,#6048),(#6049,
#6050),(#6051,#6052),(#6053,#6054)),.UNSPECIFIED.,.F.,.F.,.F.,(4,1,4),(2,
2),(0.,0.0582203566992348,0.115901160610544),(0.,0.00100000000000033),
 .UNSPECIFIED.);
#278=B_SPLINE_SURFACE_WITH_KNOTS('',3,1,((#6068,#6069),(#6070,#6071),(#6072,
#6073),(#6074,#6075),(#6076,#6077)),.UNSPECIFIED.,.F.,.F.,.F.,(4,1,4),(2,
2),(0.,0.0828285049849153,0.149813202074575),(0.,0.00100000000000033),
 .UNSPECIFIED.);
#279=B_SPLINE_SURFACE_WITH_KNOTS('',3,1,((#6125,#6126),(#6127,#6128),(#6129,
#6130),(#6131,#6132),(#6133,#6134)),.UNSPECIFIED.,.F.,.F.,.F.,(4,1,4),(2,
2),(0.,0.0597960345411868,0.137348878179459),(0.,0.00100000000000033),
 .UNSPECIFIED.);
#280=B_SPLINE_SURFACE_WITH_KNOTS('',3,1,((#6148,#6149),(#6150,#6151),(#6152,
#6153),(#6154,#6155),(#6156,#6157)),.UNSPECIFIED.,.F.,.F.,.F.,(4,1,4),(2,
2),(0.,0.0527212615215706,0.10454995346052),(0.,0.00100000000000033),
 .UNSPECIFIED.);
#281=B_SPLINE_SURFACE_WITH_KNOTS('',3,1,((#6171,#6172),(#6173,#6174),(#6175,
#6176),(#6177,#6178),(#6179,#6180)),.UNSPECIFIED.,.F.,.F.,.F.,(4,1,4),(2,
2),(0.,0.0379658995972254,0.0756557875466871),(0.,0.00100000000000033),
 .UNSPECIFIED.);
#282=B_SPLINE_SURFACE_WITH_KNOTS('',3,1,((#6194,#6195),(#6196,#6197),(#6198,
#6199),(#6200,#6201),(#6202,#6203)),.UNSPECIFIED.,.F.,.F.,.F.,(4,1,4),(2,
2),(0.,0.0409606401469606,0.0796788391584723),(0.,0.00100000000000033),
 .UNSPECIFIED.);
#283=B_SPLINE_SURFACE_WITH_KNOTS('',3,1,((#6217,#6218),(#6219,#6220),(#6221,
#6222),(#6223,#6224),(#6225,#6226)),.UNSPECIFIED.,.F.,.F.,.F.,(4,1,4),(2,
2),(0.,0.0647745036568981,0.114894991585551),(0.,0.00100000000000033),
 .UNSPECIFIED.);
#284=B_SPLINE_SURFACE_WITH_KNOTS('',3,1,((#6264,#6265),(#6266,#6267),(#6268,
#6269),(#6270,#6271),(#6272,#6273)),.UNSPECIFIED.,.F.,.F.,.F.,(4,1,4),(2,
2),(0.,0.0239103142949119,0.0591210914624596),(0.,0.00100000000000033),
 .UNSPECIFIED.);
#285=B_SPLINE_SURFACE_WITH_KNOTS('',3,1,((#6287,#6288),(#6289,#6290),(#6291,
#6292),(#6293,#6294),(#6295,#6296)),.UNSPECIFIED.,.F.,.F.,.F.,(4,1,4),(2,
2),(0.,0.0272254689805393,0.0529601602332304),(0.,0.00100000000000033),
 .UNSPECIFIED.);
#286=B_SPLINE_SURFACE_WITH_KNOTS('',3,1,((#6310,#6311),(#6312,#6313),(#6314,
#6315),(#6316,#6317),(#6318,#6319)),.UNSPECIFIED.,.F.,.F.,.F.,(4,1,4),(2,
2),(0.,0.0431666804871647,0.0760580625258485),(0.,0.00100000000000033),
 .UNSPECIFIED.);
#287=B_SPLINE_SURFACE_WITH_KNOTS('',3,1,((#6333,#6334),(#6335,#6336),(#6337,
#6338),(#6339,#6340),(#6341,#6342)),.UNSPECIFIED.,.F.,.F.,.F.,(4,1,4),(2,
2),(0.,0.0763564277749412,0.134150673867888),(0.,0.00100000000000033),
 .UNSPECIFIED.);
#288=B_SPLINE_SURFACE_WITH_KNOTS('',3,1,((#6374,#6375),(#6376,#6377),(#6378,
#6379),(#6380,#6381),(#6382,#6383)),.UNSPECIFIED.,.F.,.F.,.F.,(4,1,4),(2,
2),(0.,0.0658191348910128,0.138267435884248),(0.,0.00100000000000033),
 .UNSPECIFIED.);
#289=B_SPLINE_SURFACE_WITH_KNOTS('',3,1,((#6397,#6398),(#6399,#6400),(#6401,
#6402),(#6403,#6404),(#6405,#6406)),.UNSPECIFIED.,.F.,.F.,.F.,(4,1,4),(2,
2),(0.,0.0420602593855569,0.0754313172531395),(0.,0.00100000000000033),
 .UNSPECIFIED.);
#290=B_SPLINE_SURFACE_WITH_KNOTS('',3,1,((#6420,#6421),(#6422,#6423),(#6424,
#6425),(#6426,#6427),(#6428,#6429)),.UNSPECIFIED.,.F.,.F.,.F.,(4,1,4),(2,
2),(0.,0.0848361159840806,0.188411104386632),(0.,0.00100000000000033),
 .UNSPECIFIED.);
#291=B_SPLINE_SURFACE_WITH_KNOTS('',3,1,((#6443,#6444),(#6445,#6446),(#6447,
#6448),(#6449,#6450),(#6451,#6452)),.UNSPECIFIED.,.F.,.F.,.F.,(4,1,4),(2,
2),(0.,0.0796457390876777,0.156739898900429),(0.,0.00100000000000033),
 .UNSPECIFIED.);
#292=B_SPLINE_SURFACE_WITH_KNOTS('',3,1,((#6466,#6467),(#6468,#6469),(#6470,
#6471),(#6472,#6473),(#6474,#6475)),.UNSPECIFIED.,.F.,.F.,.F.,(4,1,4),(2,
2),(0.,0.062626637484223,0.12633752997545),(0.,0.00100000000000033),
 .UNSPECIFIED.);
#293=B_SPLINE_SURFACE_WITH_KNOTS('',3,1,((#6489,#6490),(#6491,#6492),(#6493,
#6494),(#6495,#6496),(#6497,#6498)),.UNSPECIFIED.,.F.,.F.,.F.,(4,1,4),(2,
2),(0.,0.0582700693567696,0.118742990759471),(0.,0.00100000000000033),
 .UNSPECIFIED.);
#294=B_SPLINE_SURFACE_WITH_KNOTS('',3,1,((#6512,#6513),(#6514,#6515),(#6516,
#6517),(#6518,#6519),(#6520,#6521)),.UNSPECIFIED.,.F.,.F.,.F.,(4,1,4),(2,
2),(0.,0.0942878542349216,0.16465576603458),(0.,0.00100000000000033),
 .UNSPECIFIED.);
#295=FACE_OUTER_BOUND('',#521,.T.);
#296=FACE_OUTER_BOUND('',#522,.T.);
#297=FACE_OUTER_BOUND('',#523,.T.);
#298=FACE_OUTER_BOUND('',#524,.T.);
#299=FACE_OUTER_BOUND('',#525,.T.);
#300=FACE_OUTER_BOUND('',#526,.T.);
#301=FACE_OUTER_BOUND('',#527,.T.);
#302=FACE_OUTER_BOUND('',#528,.T.);
#303=FACE_OUTER_BOUND('',#529,.T.);
#304=FACE_OUTER_BOUND('',#530,.T.);
#305=FACE_OUTER_BOUND('',#531,.T.);
#306=FACE_OUTER_BOUND('',#532,.T.);
#307=FACE_OUTER_BOUND('',#533,.T.);
#308=FACE_OUTER_BOUND('',#534,.T.);
#309=FACE_OUTER_BOUND('',#535,.T.);
#310=FACE_OUTER_BOUND('',#536,.T.);
#311=FACE_OUTER_BOUND('',#537,.T.);
#312=FACE_OUTER_BOUND('',#538,.T.);
#313=FACE_OUTER_BOUND('',#539,.T.);
#314=FACE_OUTER_BOUND('',#540,.T.);
#315=FACE_OUTER_BOUND('',#541,.T.);
#316=FACE_OUTER_BOUND('',#542,.T.);
#317=FACE_OUTER_BOUND('',#543,.T.);
#318=FACE_OUTER_BOUND('',#544,.T.);
#319=FACE_OUTER_BOUND('',#545,.T.);
#320=FACE_OUTER_BOUND('',#546,.T.);
#321=FACE_OUTER_BOUND('',#547,.T.);
#322=FACE_OUTER_BOUND('',#548,.T.);
#323=FACE_OUTER_BOUND('',#549,.T.);
#324=FACE_OUTER_BOUND('',#550,.T.);
#325=FACE_OUTER_BOUND('',#551,.T.);
#326=FACE_OUTER_BOUND('',#552,.T.);
#327=FACE_OUTER_BOUND('',#553,.T.);
#328=FACE_OUTER_BOUND('',#554,.T.);
#329=FACE_OUTER_BOUND('',#555,.T.);
#330=FACE_OUTER_BOUND('',#556,.T.);
#331=FACE_OUTER_BOUND('',#557,.T.);
#332=FACE_OUTER_BOUND('',#558,.T.);
#333=FACE_OUTER_BOUND('',#559,.T.);
#334=FACE_OUTER_BOUND('',#560,.T.);
#335=FACE_OUTER_BOUND('',#561,.T.);
#336=FACE_OUTER_BOUND('',#562,.T.);
#337=FACE_OUTER_BOUND('',#563,.T.);
#338=FACE_OUTER_BOUND('',#564,.T.);
#339=FACE_OUTER_BOUND('',#565,.T.);
#340=FACE_OUTER_BOUND('',#566,.T.);
#341=FACE_OUTER_BOUND('',#567,.T.);
#342=FACE_OUTER_BOUND('',#568,.T.);
#343=FACE_OUTER_BOUND('',#569,.T.);
#344=FACE_OUTER_BOUND('',#570,.T.);
#345=FACE_OUTER_BOUND('',#571,.T.);
#346=FACE_OUTER_BOUND('',#572,.T.);
#347=FACE_OUTER_BOUND('',#575,.T.);
#348=FACE_OUTER_BOUND('',#576,.T.);
#349=FACE_OUTER_BOUND('',#577,.T.);
#350=FACE_OUTER_BOUND('',#578,.T.);
#351=FACE_OUTER_BOUND('',#579,.T.);
#352=FACE_OUTER_BOUND('',#580,.T.);
#353=FACE_OUTER_BOUND('',#581,.T.);
#354=FACE_OUTER_BOUND('',#582,.T.);
#355=FACE_OUTER_BOUND('',#583,.T.);
#356=FACE_OUTER_BOUND('',#584,.T.);
#357=FACE_OUTER_BOUND('',#585,.T.);
#358=FACE_OUTER_BOUND('',#586,.T.);
#359=FACE_OUTER_BOUND('',#587,.T.);
#360=FACE_OUTER_BOUND('',#588,.T.);
#361=FACE_OUTER_BOUND('',#589,.T.);
#362=FACE_OUTER_BOUND('',#590,.T.);
#363=FACE_OUTER_BOUND('',#591,.T.);
#364=FACE_OUTER_BOUND('',#592,.T.);
#365=FACE_OUTER_BOUND('',#593,.T.);
#366=FACE_OUTER_BOUND('',#594,.T.);
#367=FACE_OUTER_BOUND('',#595,.T.);
#368=FACE_OUTER_BOUND('',#596,.T.);
#369=FACE_OUTER_BOUND('',#597,.T.);
#370=FACE_OUTER_BOUND('',#598,.T.);
#371=FACE_OUTER_BOUND('',#599,.T.);
#372=FACE_OUTER_BOUND('',#600,.T.);
#373=FACE_OUTER_BOUND('',#601,.T.);
#374=FACE_OUTER_BOUND('',#602,.T.);
#375=FACE_OUTER_BOUND('',#604,.T.);
#376=FACE_OUTER_BOUND('',#605,.T.);
#377=FACE_OUTER_BOUND('',#606,.T.);
#378=FACE_OUTER_BOUND('',#607,.T.);
#379=FACE_OUTER_BOUND('',#608,.T.);
#380=FACE_OUTER_BOUND('',#609,.T.);
#381=FACE_OUTER_BOUND('',#610,.T.);
#382=FACE_OUTER_BOUND('',#611,.T.);
#383=FACE_OUTER_BOUND('',#612,.T.);
#384=FACE_OUTER_BOUND('',#613,.T.);
#385=FACE_OUTER_BOUND('',#614,.T.);
#386=FACE_OUTER_BOUND('',#615,.T.);
#387=FACE_OUTER_BOUND('',#616,.T.);
#388=FACE_OUTER_BOUND('',#617,.T.);
#389=FACE_OUTER_BOUND('',#618,.T.);
#390=FACE_OUTER_BOUND('',#619,.T.);
#391=FACE_OUTER_BOUND('',#620,.T.);
#392=FACE_OUTER_BOUND('',#621,.T.);
#393=FACE_OUTER_BOUND('',#630,.T.);
#394=FACE_OUTER_BOUND('',#631,.T.);
#395=FACE_OUTER_BOUND('',#632,.T.);
#396=FACE_OUTER_BOUND('',#633,.T.);
#397=FACE_OUTER_BOUND('',#634,.T.);
#398=FACE_OUTER_BOUND('',#635,.T.);
#399=FACE_OUTER_BOUND('',#636,.T.);
#400=FACE_OUTER_BOUND('',#637,.T.);
#401=FACE_OUTER_BOUND('',#639,.T.);
#402=FACE_OUTER_BOUND('',#640,.T.);
#403=FACE_OUTER_BOUND('',#641,.T.);
#404=FACE_OUTER_BOUND('',#642,.T.);
#405=FACE_OUTER_BOUND('',#643,.T.);
#406=FACE_OUTER_BOUND('',#644,.T.);
#407=FACE_OUTER_BOUND('',#645,.T.);
#408=FACE_OUTER_BOUND('',#646,.T.);
#409=FACE_OUTER_BOUND('',#647,.T.);
#410=FACE_OUTER_BOUND('',#648,.T.);
#411=FACE_OUTER_BOUND('',#649,.T.);
#412=FACE_OUTER_BOUND('',#650,.T.);
#413=FACE_OUTER_BOUND('',#651,.T.);
#414=FACE_OUTER_BOUND('',#652,.T.);
#415=FACE_OUTER_BOUND('',#653,.T.);
#416=FACE_OUTER_BOUND('',#654,.T.);
#417=FACE_OUTER_BOUND('',#655,.T.);
#418=FACE_OUTER_BOUND('',#656,.T.);
#419=FACE_OUTER_BOUND('',#657,.T.);
#420=FACE_OUTER_BOUND('',#658,.T.);
#421=FACE_OUTER_BOUND('',#659,.T.);
#422=FACE_OUTER_BOUND('',#660,.T.);
#423=FACE_OUTER_BOUND('',#665,.T.);
#424=FACE_OUTER_BOUND('',#666,.T.);
#425=FACE_OUTER_BOUND('',#667,.T.);
#426=FACE_OUTER_BOUND('',#668,.T.);
#427=FACE_OUTER_BOUND('',#669,.T.);
#428=FACE_OUTER_BOUND('',#670,.T.);
#429=FACE_OUTER_BOUND('',#671,.T.);
#430=FACE_OUTER_BOUND('',#672,.T.);
#431=FACE_OUTER_BOUND('',#673,.T.);
#432=FACE_OUTER_BOUND('',#674,.T.);
#433=FACE_OUTER_BOUND('',#675,.T.);
#434=FACE_OUTER_BOUND('',#676,.T.);
#435=FACE_OUTER_BOUND('',#677,.T.);
#436=FACE_OUTER_BOUND('',#678,.T.);
#437=FACE_OUTER_BOUND('',#679,.T.);
#438=FACE_OUTER_BOUND('',#680,.T.);
#439=FACE_OUTER_BOUND('',#681,.T.);
#440=FACE_OUTER_BOUND('',#682,.T.);
#441=FACE_OUTER_BOUND('',#683,.T.);
#442=FACE_OUTER_BOUND('',#684,.T.);
#443=FACE_OUTER_BOUND('',#685,.T.);
#444=FACE_OUTER_BOUND('',#686,.T.);
#445=FACE_OUTER_BOUND('',#688,.T.);
#446=FACE_OUTER_BOUND('',#689,.T.);
#447=FACE_OUTER_BOUND('',#690,.T.);
#448=FACE_OUTER_BOUND('',#691,.T.);
#449=FACE_OUTER_BOUND('',#693,.T.);
#450=FACE_OUTER_BOUND('',#694,.T.);
#451=FACE_OUTER_BOUND('',#695,.T.);
#452=FACE_OUTER_BOUND('',#696,.T.);
#453=FACE_OUTER_BOUND('',#698,.T.);
#454=FACE_OUTER_BOUND('',#699,.T.);
#455=FACE_OUTER_BOUND('',#700,.T.);
#456=FACE_OUTER_BOUND('',#701,.T.);
#457=FACE_OUTER_BOUND('',#703,.T.);
#458=FACE_OUTER_BOUND('',#704,.T.);
#459=FACE_OUTER_BOUND('',#705,.T.);
#460=FACE_OUTER_BOUND('',#706,.T.);
#461=FACE_OUTER_BOUND('',#707,.T.);
#462=FACE_OUTER_BOUND('',#708,.T.);
#463=FACE_OUTER_BOUND('',#709,.T.);
#464=FACE_OUTER_BOUND('',#710,.T.);
#465=FACE_OUTER_BOUND('',#711,.T.);
#466=FACE_OUTER_BOUND('',#712,.T.);
#467=FACE_OUTER_BOUND('',#713,.T.);
#468=FACE_OUTER_BOUND('',#715,.T.);
#469=FACE_OUTER_BOUND('',#716,.T.);
#470=FACE_OUTER_BOUND('',#717,.T.);
#471=FACE_OUTER_BOUND('',#718,.T.);
#472=FACE_OUTER_BOUND('',#720,.T.);
#473=FACE_OUTER_BOUND('',#721,.T.);
#474=FACE_OUTER_BOUND('',#722,.T.);
#475=FACE_OUTER_BOUND('',#723,.T.);
#476=FACE_OUTER_BOUND('',#725,.T.);
#477=FACE_OUTER_BOUND('',#726,.T.);
#478=FACE_OUTER_BOUND('',#727,.T.);
#479=FACE_OUTER_BOUND('',#728,.T.);
#480=FACE_OUTER_BOUND('',#730,.T.);
#481=FACE_OUTER_BOUND('',#731,.T.);
#482=FACE_OUTER_BOUND('',#732,.T.);
#483=FACE_OUTER_BOUND('',#733,.T.);
#484=FACE_OUTER_BOUND('',#734,.T.);
#485=FACE_OUTER_BOUND('',#735,.T.);
#486=FACE_OUTER_BOUND('',#737,.T.);
#487=FACE_OUTER_BOUND('',#739,.T.);
#488=FACE_OUTER_BOUND('',#740,.T.);
#489=FACE_OUTER_BOUND('',#741,.T.);
#490=FACE_OUTER_BOUND('',#742,.T.);
#491=FACE_OUTER_BOUND('',#743,.T.);
#492=FACE_OUTER_BOUND('',#744,.T.);
#493=FACE_OUTER_BOUND('',#745,.T.);
#494=FACE_OUTER_BOUND('',#746,.T.);
#495=FACE_OUTER_BOUND('',#747,.T.);
#496=FACE_OUTER_BOUND('',#748,.T.);
#497=FACE_OUTER_BOUND('',#749,.T.);
#498=FACE_OUTER_BOUND('',#750,.T.);
#499=FACE_OUTER_BOUND('',#751,.T.);
#500=FACE_OUTER_BOUND('',#752,.T.);
#501=FACE_OUTER_BOUND('',#753,.T.);
#502=FACE_OUTER_BOUND('',#754,.T.);
#503=FACE_OUTER_BOUND('',#755,.T.);
#504=FACE_OUTER_BOUND('',#756,.T.);
#505=FACE_OUTER_BOUND('',#757,.T.);
#506=FACE_OUTER_BOUND('',#758,.T.);
#507=FACE_OUTER_BOUND('',#759,.T.);
#508=FACE_OUTER_BOUND('',#760,.T.);
#509=FACE_OUTER_BOUND('',#761,.T.);
#510=FACE_OUTER_BOUND('',#762,.T.);
#511=FACE_OUTER_BOUND('',#763,.T.);
#512=FACE_OUTER_BOUND('',#764,.T.);
#513=FACE_OUTER_BOUND('',#765,.T.);
#514=FACE_OUTER_BOUND('',#766,.T.);
#515=FACE_OUTER_BOUND('',#767,.T.);
#516=FACE_OUTER_BOUND('',#768,.T.);
#517=FACE_OUTER_BOUND('',#769,.T.);
#518=FACE_OUTER_BOUND('',#770,.T.);
#519=FACE_OUTER_BOUND('',#771,.T.);
#520=FACE_OUTER_BOUND('',#776,.T.);
#521=EDGE_LOOP('',(#2607,#2608,#2609,#2610));
#522=EDGE_LOOP('',(#2611,#2612,#2613,#2614));
#523=EDGE_LOOP('',(#2615,#2616,#2617,#2618));
#524=EDGE_LOOP('',(#2619,#2620,#2621,#2622));
#525=EDGE_LOOP('',(#2623,#2624,#2625,#2626));
#526=EDGE_LOOP('',(#2627,#2628,#2629,#2630));
#527=EDGE_LOOP('',(#2631,#2632,#2633,#2634,#2635,#2636));
#528=EDGE_LOOP('',(#2637,#2638,#2639,#2640));
#529=EDGE_LOOP('',(#2641,#2642,#2643,#2644));
#530=EDGE_LOOP('',(#2645,#2646,#2647,#2648));
#531=EDGE_LOOP('',(#2649,#2650,#2651,#2652));
#532=EDGE_LOOP('',(#2653,#2654,#2655,#2656));
#533=EDGE_LOOP('',(#2657,#2658,#2659,#2660));
#534=EDGE_LOOP('',(#2661,#2662,#2663,#2664));
#535=EDGE_LOOP('',(#2665,#2666,#2667,#2668));
#536=EDGE_LOOP('',(#2669,#2670,#2671,#2672));
#537=EDGE_LOOP('',(#2673,#2674,#2675,#2676));
#538=EDGE_LOOP('',(#2677,#2678,#2679,#2680,#2681,#2682,#2683,#2684,#2685,
#2686));
#539=EDGE_LOOP('',(#2687,#2688,#2689,#2690));
#540=EDGE_LOOP('',(#2691,#2692,#2693,#2694));
#541=EDGE_LOOP('',(#2695,#2696,#2697,#2698));
#542=EDGE_LOOP('',(#2699,#2700,#2701,#2702));
#543=EDGE_LOOP('',(#2703,#2704,#2705,#2706));
#544=EDGE_LOOP('',(#2707,#2708,#2709,#2710));
#545=EDGE_LOOP('',(#2711,#2712,#2713,#2714));
#546=EDGE_LOOP('',(#2715,#2716,#2717,#2718));
#547=EDGE_LOOP('',(#2719,#2720,#2721,#2722));
#548=EDGE_LOOP('',(#2723,#2724,#2725,#2726));
#549=EDGE_LOOP('',(#2727,#2728,#2729,#2730));
#550=EDGE_LOOP('',(#2731,#2732,#2733,#2734));
#551=EDGE_LOOP('',(#2735,#2736,#2737,#2738));
#552=EDGE_LOOP('',(#2739,#2740,#2741,#2742));
#553=EDGE_LOOP('',(#2743,#2744,#2745,#2746));
#554=EDGE_LOOP('',(#2747,#2748,#2749,#2750));
#555=EDGE_LOOP('',(#2751,#2752,#2753,#2754));
#556=EDGE_LOOP('',(#2755,#2756,#2757,#2758));
#557=EDGE_LOOP('',(#2759,#2760,#2761,#2762));
#558=EDGE_LOOP('',(#2763,#2764,#2765,#2766));
#559=EDGE_LOOP('',(#2767,#2768,#2769,#2770));
#560=EDGE_LOOP('',(#2771,#2772,#2773,#2774));
#561=EDGE_LOOP('',(#2775,#2776,#2777,#2778));
#562=EDGE_LOOP('',(#2779,#2780,#2781,#2782));
#563=EDGE_LOOP('',(#2783,#2784,#2785,#2786));
#564=EDGE_LOOP('',(#2787,#2788,#2789,#2790));
#565=EDGE_LOOP('',(#2791,#2792,#2793,#2794));
#566=EDGE_LOOP('',(#2795,#2796,#2797,#2798));
#567=EDGE_LOOP('',(#2799,#2800,#2801,#2802));
#568=EDGE_LOOP('',(#2803,#2804,#2805,#2806));
#569=EDGE_LOOP('',(#2807,#2808,#2809,#2810));
#570=EDGE_LOOP('',(#2811,#2812,#2813,#2814));
#571=EDGE_LOOP('',(#2815,#2816,#2817,#2818));
#572=EDGE_LOOP('',(#2819,#2820,#2821,#2822,#2823,#2824,#2825,#2826,#2827,
#2828,#2829,#2830,#2831,#2832));
#573=EDGE_LOOP('',(#2833,#2834,#2835,#2836,#2837,#2838,#2839,#2840,#2841));
#574=EDGE_LOOP('',(#2842,#2843,#2844,#2845,#2846,#2847,#2848,#2849,#2850,
#2851));
#575=EDGE_LOOP('',(#2852,#2853,#2854,#2855));
#576=EDGE_LOOP('',(#2856,#2857,#2858,#2859));
#577=EDGE_LOOP('',(#2860,#2861,#2862,#2863));
#578=EDGE_LOOP('',(#2864,#2865,#2866,#2867));
#579=EDGE_LOOP('',(#2868,#2869,#2870,#2871));
#580=EDGE_LOOP('',(#2872,#2873,#2874,#2875));
#581=EDGE_LOOP('',(#2876,#2877,#2878,#2879));
#582=EDGE_LOOP('',(#2880,#2881,#2882,#2883));
#583=EDGE_LOOP('',(#2884,#2885,#2886,#2887));
#584=EDGE_LOOP('',(#2888,#2889,#2890,#2891));
#585=EDGE_LOOP('',(#2892,#2893,#2894,#2895));
#586=EDGE_LOOP('',(#2896,#2897,#2898,#2899));
#587=EDGE_LOOP('',(#2900,#2901,#2902,#2903));
#588=EDGE_LOOP('',(#2904,#2905,#2906,#2907));
#589=EDGE_LOOP('',(#2908,#2909,#2910,#2911));
#590=EDGE_LOOP('',(#2912,#2913,#2914,#2915));
#591=EDGE_LOOP('',(#2916,#2917,#2918,#2919));
#592=EDGE_LOOP('',(#2920,#2921,#2922,#2923));
#593=EDGE_LOOP('',(#2924,#2925,#2926,#2927));
#594=EDGE_LOOP('',(#2928,#2929,#2930,#2931));
#595=EDGE_LOOP('',(#2932,#2933,#2934,#2935));
#596=EDGE_LOOP('',(#2936,#2937,#2938,#2939));
#597=EDGE_LOOP('',(#2940,#2941,#2942,#2943));
#598=EDGE_LOOP('',(#2944,#2945,#2946,#2947));
#599=EDGE_LOOP('',(#2948,#2949,#2950,#2951));
#600=EDGE_LOOP('',(#2952,#2953,#2954,#2955));
#601=EDGE_LOOP('',(#2956,#2957,#2958,#2959));
#602=EDGE_LOOP('',(#2960,#2961,#2962,#2963,#2964,#2965,#2966,#2967,#2968,
#2969,#2970,#2971,#2972,#2973,#2974,#2975,#2976,#2977,#2978,#2979));
#603=EDGE_LOOP('',(#2980,#2981,#2982,#2983,#2984,#2985,#2986,#2987));
#604=EDGE_LOOP('',(#2988,#2989,#2990,#2991,#2992,#2993,#2994,#2995));
#605=EDGE_LOOP('',(#2996,#2997,#2998,#2999,#3000,#3001,#3002,#3003,#3004));
#606=EDGE_LOOP('',(#3005,#3006,#3007,#3008,#3009,#3010,#3011,#3012,#3013,
#3014));
#607=EDGE_LOOP('',(#3015,#3016,#3017,#3018));
#608=EDGE_LOOP('',(#3019,#3020,#3021,#3022));
#609=EDGE_LOOP('',(#3023,#3024,#3025,#3026));
#610=EDGE_LOOP('',(#3027,#3028,#3029,#3030));
#611=EDGE_LOOP('',(#3031,#3032,#3033,#3034));
#612=EDGE_LOOP('',(#3035,#3036,#3037,#3038));
#613=EDGE_LOOP('',(#3039,#3040,#3041,#3042,#3043,#3044,#3045,#3046,#3047,
#3048));
#614=EDGE_LOOP('',(#3049,#3050,#3051,#3052));
#615=EDGE_LOOP('',(#3053,#3054,#3055,#3056));
#616=EDGE_LOOP('',(#3057,#3058,#3059,#3060));
#617=EDGE_LOOP('',(#3061,#3062,#3063,#3064));
#618=EDGE_LOOP('',(#3065,#3066,#3067,#3068,#3069,#3070));
#619=EDGE_LOOP('',(#3071,#3072,#3073,#3074,#3075,#3076));
#620=EDGE_LOOP('',(#3077,#3078,#3079,#3080));
#621=EDGE_LOOP('',(#3081,#3082,#3083,#3084,#3085,#3086,#3087,#3088,#3089,
#3090,#3091,#3092,#3093,#3094,#3095,#3096,#3097,#3098,#3099));
#622=EDGE_LOOP('',(#3100));
#623=EDGE_LOOP('',(#3101));
#624=EDGE_LOOP('',(#3102));
#625=EDGE_LOOP('',(#3103));
#626=EDGE_LOOP('',(#3104));
#627=EDGE_LOOP('',(#3105));
#628=EDGE_LOOP('',(#3106));
#629=EDGE_LOOP('',(#3107));
#630=EDGE_LOOP('',(#3108,#3109,#3110,#3111));
#631=EDGE_LOOP('',(#3112,#3113,#3114,#3115));
#632=EDGE_LOOP('',(#3116,#3117,#3118,#3119));
#633=EDGE_LOOP('',(#3120,#3121,#3122,#3123));
#634=EDGE_LOOP('',(#3124,#3125,#3126,#3127,#3128,#3129,#3130,#3131,#3132));
#635=EDGE_LOOP('',(#3133,#3134,#3135,#3136));
#636=EDGE_LOOP('',(#3137,#3138,#3139,#3140));
#637=EDGE_LOOP('',(#3141,#3142,#3143,#3144,#3145,#3146,#3147,#3148,#3149,
#3150,#3151,#3152,#3153,#3154,#3155,#3156,#3157,#3158,#3159,#3160));
#638=EDGE_LOOP('',(#3161));
#639=EDGE_LOOP('',(#3162,#3163,#3164,#3165));
#640=EDGE_LOOP('',(#3166,#3167,#3168,#3169));
#641=EDGE_LOOP('',(#3170,#3171,#3172,#3173));
#642=EDGE_LOOP('',(#3174,#3175,#3176,#3177));
#643=EDGE_LOOP('',(#3178,#3179,#3180,#3181));
#644=EDGE_LOOP('',(#3182,#3183,#3184,#3185));
#645=EDGE_LOOP('',(#3186,#3187,#3188,#3189));
#646=EDGE_LOOP('',(#3190,#3191,#3192,#3193,#3194,#3195,#3196,#3197));
#647=EDGE_LOOP('',(#3198,#3199,#3200,#3201));
#648=EDGE_LOOP('',(#3202,#3203,#3204,#3205));
#649=EDGE_LOOP('',(#3206,#3207,#3208,#3209,#3210,#3211));
#650=EDGE_LOOP('',(#3212,#3213,#3214,#3215));
#651=EDGE_LOOP('',(#3216,#3217,#3218,#3219));
#652=EDGE_LOOP('',(#3220,#3221,#3222,#3223));
#653=EDGE_LOOP('',(#3224,#3225,#3226,#3227));
#654=EDGE_LOOP('',(#3228,#3229,#3230,#3231));
#655=EDGE_LOOP('',(#3232,#3233,#3234,#3235));
#656=EDGE_LOOP('',(#3236,#3237,#3238,#3239));
#657=EDGE_LOOP('',(#3240,#3241,#3242,#3243));
#658=EDGE_LOOP('',(#3244,#3245,#3246,#3247,#3248,#3249));
#659=EDGE_LOOP('',(#3250,#3251,#3252,#3253));
#660=EDGE_LOOP('',(#3254,#3255,#3256,#3257,#3258,#3259,#3260,#3261,#3262,
#3263,#3264,#3265,#3266,#3267,#3268,#3269));
#661=EDGE_LOOP('',(#3270,#3271,#3272,#3273,#3274,#3275,#3276,#3277,#3278,
#3279,#3280,#3281,#3282,#3283,#3284,#3285,#3286,#3287,#3288,#3289,#3290));
#662=EDGE_LOOP('',(#3291,#3292,#3293,#3294,#3295,#3296,#3297,#3298,#3299,
#3300,#3301,#3302,#3303,#3304));
#663=EDGE_LOOP('',(#3305,#3306,#3307,#3308,#3309,#3310,#3311,#3312,#3313,
#3314));
#664=EDGE_LOOP('',(#3315,#3316,#3317,#3318,#3319,#3320));
#665=EDGE_LOOP('',(#3321,#3322,#3323,#3324));
#666=EDGE_LOOP('',(#3325,#3326,#3327,#3328));
#667=EDGE_LOOP('',(#3329,#3330,#3331,#3332));
#668=EDGE_LOOP('',(#3333,#3334,#3335,#3336));
#669=EDGE_LOOP('',(#3337,#3338,#3339,#3340));
#670=EDGE_LOOP('',(#3341,#3342,#3343,#3344));
#671=EDGE_LOOP('',(#3345,#3346,#3347,#3348));
#672=EDGE_LOOP('',(#3349,#3350,#3351,#3352));
#673=EDGE_LOOP('',(#3353,#3354,#3355,#3356,#3357,#3358,#3359,#3360));
#674=EDGE_LOOP('',(#3361,#3362,#3363,#3364));
#675=EDGE_LOOP('',(#3365,#3366,#3367,#3368));
#676=EDGE_LOOP('',(#3369,#3370,#3371,#3372));
#677=EDGE_LOOP('',(#3373,#3374,#3375,#3376));
#678=EDGE_LOOP('',(#3377,#3378,#3379,#3380));
#679=EDGE_LOOP('',(#3381,#3382,#3383,#3384));
#680=EDGE_LOOP('',(#3385,#3386,#3387,#3388,#3389));
#681=EDGE_LOOP('',(#3390,#3391,#3392,#3393,#3394));
#682=EDGE_LOOP('',(#3395,#3396,#3397,#3398,#3399,#3400,#3401,#3402,#3403,
#3404));
#683=EDGE_LOOP('',(#3405,#3406,#3407,#3408,#3409,#3410,#3411,#3412,#3413,
#3414,#3415,#3416,#3417,#3418,#3419,#3420));
#684=EDGE_LOOP('',(#3421,#3422,#3423,#3424));
#685=EDGE_LOOP('',(#3425,#3426,#3427,#3428));
#686=EDGE_LOOP('',(#3429));
#687=EDGE_LOOP('',(#3430));
#688=EDGE_LOOP('',(#3431));
#689=EDGE_LOOP('',(#3432,#3433,#3434,#3435));
#690=EDGE_LOOP('',(#3436,#3437,#3438,#3439));
#691=EDGE_LOOP('',(#3440));
#692=EDGE_LOOP('',(#3441));
#693=EDGE_LOOP('',(#3442));
#694=EDGE_LOOP('',(#3443,#3444,#3445,#3446));
#695=EDGE_LOOP('',(#3447,#3448,#3449,#3450));
#696=EDGE_LOOP('',(#3451));
#697=EDGE_LOOP('',(#3452));
#698=EDGE_LOOP('',(#3453));
#699=EDGE_LOOP('',(#3454,#3455,#3456,#3457));
#700=EDGE_LOOP('',(#3458,#3459,#3460,#3461));
#701=EDGE_LOOP('',(#3462));
#702=EDGE_LOOP('',(#3463));
#703=EDGE_LOOP('',(#3464,#3465,#3466,#3467,#3468,#3469,#3470,#3471,#3472,
#3473,#3474,#3475));
#704=EDGE_LOOP('',(#3476,#3477,#3478,#3479));
#705=EDGE_LOOP('',(#3480,#3481,#3482,#3483));
#706=EDGE_LOOP('',(#3484,#3485,#3486,#3487,#3488));
#707=EDGE_LOOP('',(#3489,#3490,#3491,#3492,#3493));
#708=EDGE_LOOP('',(#3494,#3495,#3496,#3497));
#709=EDGE_LOOP('',(#3498,#3499,#3500,#3501));
#710=EDGE_LOOP('',(#3502,#3503,#3504,#3505));
#711=EDGE_LOOP('',(#3506,#3507,#3508,#3509));
#712=EDGE_LOOP('',(#3510,#3511,#3512,#3513));
#713=EDGE_LOOP('',(#3514));
#714=EDGE_LOOP('',(#3515));
#715=EDGE_LOOP('',(#3516));
#716=EDGE_LOOP('',(#3517,#3518,#3519,#3520));
#717=EDGE_LOOP('',(#3521,#3522,#3523,#3524));
#718=EDGE_LOOP('',(#3525));
#719=EDGE_LOOP('',(#3526));
#720=EDGE_LOOP('',(#3527));
#721=EDGE_LOOP('',(#3528,#3529,#3530,#3531));
#722=EDGE_LOOP('',(#3532,#3533,#3534,#3535));
#723=EDGE_LOOP('',(#3536));
#724=EDGE_LOOP('',(#3537));
#725=EDGE_LOOP('',(#3538));
#726=EDGE_LOOP('',(#3539,#3540,#3541,#3542));
#727=EDGE_LOOP('',(#3543,#3544,#3545,#3546));
#728=EDGE_LOOP('',(#3547));
#729=EDGE_LOOP('',(#3548));
#730=EDGE_LOOP('',(#3549));
#731=EDGE_LOOP('',(#3550,#3551,#3552,#3553));
#732=EDGE_LOOP('',(#3554,#3555,#3556,#3557));
#733=EDGE_LOOP('',(#3558,#3559,#3560,#3561));
#734=EDGE_LOOP('',(#3562,#3563,#3564,#3565));
#735=EDGE_LOOP('',(#3566,#3567,#3568,#3569));
#736=EDGE_LOOP('',(#3570,#3571,#3572,#3573));
#737=EDGE_LOOP('',(#3574,#3575,#3576,#3577));
#738=EDGE_LOOP('',(#3578,#3579,#3580,#3581));
#739=EDGE_LOOP('',(#3582));
#740=EDGE_LOOP('',(#3583,#3584,#3585,#3586));
#741=EDGE_LOOP('',(#3587,#3588,#3589,#3590));
#742=EDGE_LOOP('',(#3591,#3592,#3593,#3594));
#743=EDGE_LOOP('',(#3595,#3596,#3597,#3598));
#744=EDGE_LOOP('',(#3599,#3600,#3601,#3602));
#745=EDGE_LOOP('',(#3603,#3604,#3605,#3606));
#746=EDGE_LOOP('',(#3607,#3608,#3609,#3610));
#747=EDGE_LOOP('',(#3611,#3612,#3613,#3614));
#748=EDGE_LOOP('',(#3615,#3616,#3617,#3618));
#749=EDGE_LOOP('',(#3619,#3620,#3621,#3622));
#750=EDGE_LOOP('',(#3623,#3624,#3625,#3626));
#751=EDGE_LOOP('',(#3627,#3628,#3629,#3630));
#752=EDGE_LOOP('',(#3631,#3632,#3633,#3634));
#753=EDGE_LOOP('',(#3635,#3636,#3637,#3638));
#754=EDGE_LOOP('',(#3639,#3640,#3641,#3642));
#755=EDGE_LOOP('',(#3643,#3644,#3645,#3646));
#756=EDGE_LOOP('',(#3647,#3648,#3649,#3650));
#757=EDGE_LOOP('',(#3651,#3652,#3653,#3654));
#758=EDGE_LOOP('',(#3655,#3656,#3657,#3658));
#759=EDGE_LOOP('',(#3659,#3660,#3661,#3662));
#760=EDGE_LOOP('',(#3663,#3664,#3665,#3666));
#761=EDGE_LOOP('',(#3667,#3668,#3669,#3670));
#762=EDGE_LOOP('',(#3671,#3672,#3673,#3674));
#763=EDGE_LOOP('',(#3675,#3676,#3677,#3678));
#764=EDGE_LOOP('',(#3679,#3680,#3681,#3682));
#765=EDGE_LOOP('',(#3683,#3684,#3685,#3686));
#766=EDGE_LOOP('',(#3687,#3688,#3689,#3690));
#767=EDGE_LOOP('',(#3691,#3692,#3693,#3694));
#768=EDGE_LOOP('',(#3695,#3696,#3697,#3698));
#769=EDGE_LOOP('',(#3699,#3700,#3701,#3702));
#770=EDGE_LOOP('',(#3703,#3704,#3705,#3706));
#771=EDGE_LOOP('',(#3707,#3708,#3709,#3710,#3711,#3712,#3713,#3714));
#772=EDGE_LOOP('',(#3715,#3716,#3717,#3718));
#773=EDGE_LOOP('',(#3719,#3720,#3721,#3722,#3723,#3724,#3725,#3726,#3727,
#3728,#3729,#3730,#3731,#3732));
#774=EDGE_LOOP('',(#3733,#3734,#3735,#3736));
#775=EDGE_LOOP('',(#3737,#3738,#3739,#3740,#3741,#3742,#3743,#3744));
#776=EDGE_LOOP('',(#3745,#3746,#3747,#3748));
#777=EDGE_LOOP('',(#3749,#3750,#3751,#3752));
#778=EDGE_LOOP('',(#3753,#3754,#3755,#3756,#3757,#3758,#3759,#3760,#3761,
#3762,#3763,#3764,#3765,#3766));
#779=EDGE_LOOP('',(#3767,#3768,#3769,#3770));
#780=EDGE_LOOP('',(#3771,#3772,#3773,#3774));
#781=EDGE_LOOP('',(#3775,#3776,#3777,#3778,#3779,#3780,#3781,#3782));
#782=LINE('',#5405,#1206);
#783=LINE('',#5407,#1207);
#784=LINE('',#5409,#1208);
#785=LINE('',#5410,#1209);
#786=LINE('',#5413,#1210);
#787=LINE('',#5415,#1211);
#788=LINE('',#5416,#1212);
#789=LINE('',#5419,#1213);
#790=LINE('',#5421,#1214);
#791=LINE('',#5422,#1215);
#792=LINE('',#5425,#1216);
#793=LINE('',#5427,#1217);
#794=LINE('',#5428,#1218);
#795=LINE('',#5431,#1219);
#796=LINE('',#5433,#1220);
#797=LINE('',#5434,#1221);
#798=LINE('',#5436,#1222);
#799=LINE('',#5437,#1223);
#800=LINE('',#5442,#1224);
#801=LINE('',#5444,#1225);
#802=LINE('',#5446,#1226);
#803=LINE('',#5447,#1227);
#804=LINE('',#5450,#1228);
#805=LINE('',#5452,#1229);
#806=LINE('',#5453,#1230);
#807=LINE('',#5456,#1231);
#808=LINE('',#5458,#1232);
#809=LINE('',#5459,#1233);
#810=LINE('',#5462,#1234);
#811=LINE('',#5464,#1235);
#812=LINE('',#5465,#1236);
#813=LINE('',#5468,#1237);
#814=LINE('',#5470,#1238);
#815=LINE('',#5471,#1239);
#816=LINE('',#5474,#1240);
#817=LINE('',#5476,#1241);
#818=LINE('',#5477,#1242);
#819=LINE('',#5480,#1243);
#820=LINE('',#5482,#1244);
#821=LINE('',#5483,#1245);
#822=LINE('',#5486,#1246);
#823=LINE('',#5488,#1247);
#824=LINE('',#5489,#1248);
#825=LINE('',#5492,#1249);
#826=LINE('',#5494,#1250);
#827=LINE('',#5495,#1251);
#828=LINE('',#5497,#1252);
#829=LINE('',#5498,#1253);
#830=LINE('',#5503,#1254);
#831=LINE('',#5505,#1255);
#832=LINE('',#5507,#1256);
#833=LINE('',#5508,#1257);
#834=LINE('',#5526,#1258);
#835=LINE('',#5549,#1259);
#836=LINE('',#5572,#1260);
#837=LINE('',#5595,#1261);
#838=LINE('',#5618,#1262);
#839=LINE('',#5641,#1263);
#840=LINE('',#5664,#1264);
#841=LINE('',#5672,#1265);
#842=LINE('',#5674,#1266);
#843=LINE('',#5675,#1267);
#844=LINE('',#5677,#1268);
#845=LINE('',#5678,#1269);
#846=LINE('',#5682,#1270);
#847=LINE('',#5684,#1271);
#848=LINE('',#5686,#1272);
#849=LINE('',#5687,#1273);
#850=LINE('',#5705,#1274);
#851=LINE('',#5728,#1275);
#852=LINE('',#5751,#1276);
#853=LINE('',#5774,#1277);
#854=LINE('',#5797,#1278);
#855=LINE('',#5820,#1279);
#856=LINE('',#5828,#1280);
#857=LINE('',#5830,#1281);
#858=LINE('',#5831,#1282);
#859=LINE('',#5833,#1283);
#860=LINE('',#5834,#1284);
#861=LINE('',#5853,#1285);
#862=LINE('',#5860,#1286);
#863=LINE('',#5878,#1287);
#864=LINE('',#5901,#1288);
#865=LINE('',#5924,#1289);
#866=LINE('',#5947,#1290);
#867=LINE('',#5970,#1291);
#868=LINE('',#5993,#1292);
#869=LINE('',#6016,#1293);
#870=LINE('',#6039,#1294);
#871=LINE('',#6062,#1295);
#872=LINE('',#6085,#1296);
#873=LINE('',#6093,#1297);
#874=LINE('',#6095,#1298);
#875=LINE('',#6096,#1299);
#876=LINE('',#6099,#1300);
#877=LINE('',#6101,#1301);
#878=LINE('',#6102,#1302);
#879=LINE('',#6104,#1303);
#880=LINE('',#6105,#1304);
#881=LINE('',#6110,#1305);
#882=LINE('',#6112,#1306);
#883=LINE('',#6114,#1307);
#884=LINE('',#6115,#1308);
#885=LINE('',#6119,#1309);
#886=LINE('',#6121,#1310);
#887=LINE('',#6123,#1311);
#888=LINE('',#6124,#1312);
#889=LINE('',#6142,#1313);
#890=LINE('',#6165,#1314);
#891=LINE('',#6188,#1315);
#892=LINE('',#6211,#1316);
#893=LINE('',#6234,#1317);
#894=LINE('',#6242,#1318);
#895=LINE('',#6244,#1319);
#896=LINE('',#6245,#1320);
#897=LINE('',#6247,#1321);
#898=LINE('',#6248,#1322);
#899=LINE('',#6252,#1323);
#900=LINE('',#6254,#1324);
#901=LINE('',#6256,#1325);
#902=LINE('',#6257,#1326);
#903=LINE('',#6260,#1327);
#904=LINE('',#6262,#1328);
#905=LINE('',#6263,#1329);
#906=LINE('',#6281,#1330);
#907=LINE('',#6304,#1331);
#908=LINE('',#6327,#1332);
#909=LINE('',#6350,#1333);
#910=LINE('',#6358,#1334);
#911=LINE('',#6360,#1335);
#912=LINE('',#6361,#1336);
#913=LINE('',#6364,#1337);
#914=LINE('',#6366,#1338);
#915=LINE('',#6367,#1339);
#916=LINE('',#6370,#1340);
#917=LINE('',#6372,#1341);
#918=LINE('',#6373,#1342);
#919=LINE('',#6391,#1343);
#920=LINE('',#6414,#1344);
#921=LINE('',#6437,#1345);
#922=LINE('',#6460,#1346);
#923=LINE('',#6483,#1347);
#924=LINE('',#6506,#1348);
#925=LINE('',#6539,#1349);
#926=LINE('',#6541,#1350);
#927=LINE('',#6542,#1351);
#928=LINE('',#6544,#1352);
#929=LINE('',#6545,#1353);
#930=LINE('',#6554,#1354);
#931=LINE('',#6556,#1355);
#932=LINE('',#6558,#1356);
#933=LINE('',#6559,#1357);
#934=LINE('',#6562,#1358);
#935=LINE('',#6564,#1359);
#936=LINE('',#6565,#1360);
#937=LINE('',#6568,#1361);
#938=LINE('',#6570,#1362);
#939=LINE('',#6571,#1363);
#940=LINE('',#6574,#1364);
#941=LINE('',#6576,#1365);
#942=LINE('',#6577,#1366);
#943=LINE('',#6580,#1367);
#944=LINE('',#6582,#1368);
#945=LINE('',#6583,#1369);
#946=LINE('',#6586,#1370);
#947=LINE('',#6588,#1371);
#948=LINE('',#6589,#1372);
#949=LINE('',#6592,#1373);
#950=LINE('',#6594,#1374);
#951=LINE('',#6596,#1375);
#952=LINE('',#6597,#1376);
#953=LINE('',#6601,#1377);
#954=LINE('',#6603,#1378);
#955=LINE('',#6605,#1379);
#956=LINE('',#6606,#1380);
#957=LINE('',#6609,#1381);
#958=LINE('',#6611,#1382);
#959=LINE('',#6612,#1383);
#960=LINE('',#6616,#1384);
#961=LINE('',#6618,#1385);
#962=LINE('',#6620,#1386);
#963=LINE('',#6621,#1387);
#964=LINE('',#6623,#1388);
#965=LINE('',#6624,#1389);
#966=LINE('',#6627,#1390);
#967=LINE('',#6628,#1391);
#968=LINE('',#6631,#1392);
#969=LINE('',#6633,#1393);
#970=LINE('',#6635,#1394);
#971=LINE('',#6636,#1395);
#972=LINE('',#6642,#1396);
#973=LINE('',#6645,#1397);
#974=LINE('',#6648,#1398);
#975=LINE('',#6652,#1399);
#976=LINE('',#6654,#1400);
#977=LINE('',#6656,#1401);
#978=LINE('',#6658,#1402);
#979=LINE('',#6660,#1403);
#980=LINE('',#6662,#1404);
#981=LINE('',#6664,#1405);
#982=LINE('',#6668,#1406);
#983=LINE('',#6672,#1407);
#984=LINE('',#6676,#1408);
#985=LINE('',#6678,#1409);
#986=LINE('',#6680,#1410);
#987=LINE('',#6681,#1411);
#988=LINE('',#6700,#1412);
#989=LINE('',#6701,#1413);
#990=LINE('',#6705,#1414);
#991=LINE('',#6710,#1415);
#992=LINE('',#6711,#1416);
#993=LINE('',#6714,#1417);
#994=LINE('',#6715,#1418);
#995=LINE('',#6718,#1419);
#996=LINE('',#6720,#1420);
#997=LINE('',#6722,#1421);
#998=LINE('',#6724,#1422);
#999=LINE('',#6728,#1423);
#1000=LINE('',#6731,#1424);
#1001=LINE('',#6733,#1425);
#1002=LINE('',#6734,#1426);
#1003=LINE('',#6736,#1427);
#1004=LINE('',#6738,#1428);
#1005=LINE('',#6740,#1429);
#1006=LINE('',#6741,#1430);
#1007=LINE('',#6745,#1431);
#1008=LINE('',#6749,#1432);
#1009=LINE('',#6753,#1433);
#1010=LINE('',#6755,#1434);
#1011=LINE('',#6759,#1435);
#1012=LINE('',#6761,#1436);
#1013=LINE('',#6766,#1437);
#1014=LINE('',#6767,#1438);
#1015=LINE('',#6770,#1439);
#1016=LINE('',#6771,#1440);
#1017=LINE('',#6773,#1441);
#1018=LINE('',#6775,#1442);
#1019=LINE('',#6779,#1443);
#1020=LINE('',#6781,#1444);
#1021=LINE('',#6783,#1445);
#1022=LINE('',#6784,#1446);
#1023=LINE('',#6787,#1447);
#1024=LINE('',#6789,#1448);
#1025=LINE('',#6790,#1449);
#1026=LINE('',#6793,#1450);
#1027=LINE('',#6795,#1451);
#1028=LINE('',#6797,#1452);
#1029=LINE('',#6799,#1453);
#1030=LINE('',#6800,#1454);
#1031=LINE('',#6802,#1455);
#1032=LINE('',#6803,#1456);
#1033=LINE('',#6806,#1457);
#1034=LINE('',#6807,#1458);
#1035=LINE('',#6810,#1459);
#1036=LINE('',#6811,#1460);
#1037=LINE('',#6816,#1461);
#1038=LINE('',#6818,#1462);
#1039=LINE('',#6820,#1463);
#1040=LINE('',#6821,#1464);
#1041=LINE('',#6823,#1465);
#1042=LINE('',#6827,#1466);
#1043=LINE('',#6829,#1467);
#1044=LINE('',#6831,#1468);
#1045=LINE('',#6832,#1469);
#1046=LINE('',#6835,#1470);
#1047=LINE('',#6837,#1471);
#1048=LINE('',#6838,#1472);
#1049=LINE('',#6841,#1473);
#1050=LINE('',#6843,#1474);
#1051=LINE('',#6845,#1475);
#1052=LINE('',#6847,#1476);
#1053=LINE('',#6848,#1477);
#1054=LINE('',#6850,#1478);
#1055=LINE('',#6851,#1479);
#1056=LINE('',#6854,#1480);
#1057=LINE('',#6856,#1481);
#1058=LINE('',#6858,#1482);
#1059=LINE('',#6862,#1483);
#1060=LINE('',#6866,#1484);
#1061=LINE('',#6870,#1485);
#1062=LINE('',#6873,#1486);
#1063=LINE('',#6875,#1487);
#1064=LINE('',#6876,#1488);
#1065=LINE('',#6882,#1489);
#1066=LINE('',#6883,#1490);
#1067=LINE('',#6888,#1491);
#1068=LINE('',#6890,#1492);
#1069=LINE('',#6892,#1493);
#1070=LINE('',#6893,#1494);
#1071=LINE('',#6895,#1495);
#1072=LINE('',#6898,#1496);
#1073=LINE('',#6900,#1497);
#1074=LINE('',#6901,#1498);
#1075=LINE('',#6904,#1499);
#1076=LINE('',#6905,#1500);
#1077=LINE('',#6908,#1501);
#1078=LINE('',#6909,#1502);
#1079=LINE('',#6911,#1503);
#1080=LINE('',#6914,#1504);
#1081=LINE('',#6917,#1505);
#1082=LINE('',#6921,#1506);
#1083=LINE('',#6923,#1507);
#1084=LINE('',#6925,#1508);
#1085=LINE('',#6926,#1509);
#1086=LINE('',#6932,#1510);
#1087=LINE('',#6935,#1511);
#1088=LINE('',#6937,#1512);
#1089=LINE('',#6938,#1513);
#1090=LINE('',#6944,#1514);
#1091=LINE('',#6947,#1515);
#1092=LINE('',#6949,#1516);
#1093=LINE('',#6950,#1517);
#1094=LINE('',#6957,#1518);
#1095=LINE('',#6960,#1519);
#1096=LINE('',#6962,#1520);
#1097=LINE('',#6964,#1521);
#1098=LINE('',#6965,#1522);
#1099=LINE('',#6967,#1523);
#1100=LINE('',#6972,#1524);
#1101=LINE('',#6977,#1525);
#1102=LINE('',#6984,#1526);
#1103=LINE('',#6989,#1527);
#1104=LINE('',#6996,#1528);
#1105=LINE('',#7001,#1529);
#1106=LINE('',#7008,#1530);
#1107=LINE('',#7013,#1531);
#1108=LINE('',#7017,#1532);
#1109=LINE('',#7018,#1533);
#1110=LINE('',#7020,#1534);
#1111=LINE('',#7021,#1535);
#1112=LINE('',#7023,#1536);
#1113=LINE('',#7024,#1537);
#1114=LINE('',#7026,#1538);
#1115=LINE('',#7028,#1539);
#1116=LINE('',#7036,#1540);
#1117=LINE('',#7041,#1541);
#1118=LINE('',#7048,#1542);
#1119=LINE('',#7053,#1543);
#1120=LINE('',#7060,#1544);
#1121=LINE('',#7065,#1545);
#1122=LINE('',#7072,#1546);
#1123=LINE('',#7077,#1547);
#1124=LINE('',#7083,#1548);
#1125=LINE('',#7085,#1549);
#1126=LINE('',#7087,#1550);
#1127=LINE('',#7088,#1551);
#1128=LINE('',#7091,#1552);
#1129=LINE('',#7093,#1553);
#1130=LINE('',#7094,#1554);
#1131=LINE('',#7097,#1555);
#1132=LINE('',#7099,#1556);
#1133=LINE('',#7100,#1557);
#1134=LINE('',#7102,#1558);
#1135=LINE('',#7103,#1559);
#1136=LINE('',#7106,#1560);
#1137=LINE('',#7107,#1561);
#1138=LINE('',#7109,#1562);
#1139=LINE('',#7116,#1563);
#1140=LINE('',#7119,#1564);
#1141=LINE('',#7122,#1565);
#1142=LINE('',#7124,#1566);
#1143=LINE('',#7125,#1567);
#1144=LINE('',#7131,#1568);
#1145=LINE('',#7134,#1569);
#1146=LINE('',#7136,#1570);
#1147=LINE('',#7137,#1571);
#1148=LINE('',#7143,#1572);
#1149=LINE('',#7146,#1573);
#1150=LINE('',#7148,#1574);
#1151=LINE('',#7149,#1575);
#1152=LINE('',#7155,#1576);
#1153=LINE('',#7157,#1577);
#1154=LINE('',#7158,#1578);
#1155=LINE('',#7162,#1579);
#1156=LINE('',#7164,#1580);
#1157=LINE('',#7166,#1581);
#1158=LINE('',#7167,#1582);
#1159=LINE('',#7170,#1583);
#1160=LINE('',#7172,#1584);
#1161=LINE('',#7173,#1585);
#1162=LINE('',#7176,#1586);
#1163=LINE('',#7178,#1587);
#1164=LINE('',#7179,#1588);
#1165=LINE('',#7181,#1589);
#1166=LINE('',#7182,#1590);
#1167=LINE('',#7186,#1591);
#1168=LINE('',#7187,#1592);
#1169=LINE('',#7188,#1593);
#1170=LINE('',#7191,#1594);
#1171=LINE('',#7192,#1595);
#1172=LINE('',#7195,#1596);
#1173=LINE('',#7196,#1597);
#1174=LINE('',#7198,#1598);
#1175=LINE('',#7202,#1599);
#1176=LINE('',#7204,#1600);
#1177=LINE('',#7206,#1601);
#1178=LINE('',#7207,#1602);
#1179=LINE('',#7213,#1603);
#1180=LINE('',#7216,#1604);
#1181=LINE('',#7218,#1605);
#1182=LINE('',#7219,#1606);
#1183=LINE('',#7222,#1607);
#1184=LINE('',#7224,#1608);
#1185=LINE('',#7225,#1609);
#1186=LINE('',#7231,#1610);
#1187=LINE('',#7234,#1611);
#1188=LINE('',#7236,#1612);
#1189=LINE('',#7237,#1613);
#1190=LINE('',#7243,#1614);
#1191=LINE('',#7246,#1615);
#1192=LINE('',#7248,#1616);
#1193=LINE('',#7249,#1617);
#1194=LINE('',#7255,#1618);
#1195=LINE('',#7258,#1619);
#1196=LINE('',#7260,#1620);
#1197=LINE('',#7261,#1621);
#1198=LINE('',#7267,#1622);
#1199=LINE('',#7270,#1623);
#1200=LINE('',#7272,#1624);
#1201=LINE('',#7273,#1625);
#1202=LINE('',#7276,#1626);
#1203=LINE('',#7278,#1627);
#1204=LINE('',#7279,#1628);
#1205=LINE('',#7284,#1629);
#1206=VECTOR('',#4441,10.);
#1207=VECTOR('',#4442,10.);
#1208=VECTOR('',#4443,10.);
#1209=VECTOR('',#4444,10.);
#1210=VECTOR('',#4447,10.);
#1211=VECTOR('',#4448,10.);
#1212=VECTOR('',#4449,10.);
#1213=VECTOR('',#4452,10.);
#1214=VECTOR('',#4453,10.);
#1215=VECTOR('',#4454,10.);
#1216=VECTOR('',#4457,10.);
#1217=VECTOR('',#4458,10.);
#1218=VECTOR('',#4459,10.);
#1219=VECTOR('',#4462,10.);
#1220=VECTOR('',#4463,10.);
#1221=VECTOR('',#4464,10.);
#1222=VECTOR('',#4467,10.);
#1223=VECTOR('',#4468,10.);
#1224=VECTOR('',#4473,10.);
#1225=VECTOR('',#4474,10.);
#1226=VECTOR('',#4475,10.);
#1227=VECTOR('',#4476,10.);
#1228=VECTOR('',#4479,10.);
#1229=VECTOR('',#4480,10.);
#1230=VECTOR('',#4481,10.);
#1231=VECTOR('',#4484,10.);
#1232=VECTOR('',#4485,10.);
#1233=VECTOR('',#4486,10.);
#1234=VECTOR('',#4489,10.);
#1235=VECTOR('',#4490,10.);
#1236=VECTOR('',#4491,10.);
#1237=VECTOR('',#4494,10.);
#1238=VECTOR('',#4495,10.);
#1239=VECTOR('',#4496,10.);
#1240=VECTOR('',#4499,10.);
#1241=VECTOR('',#4500,10.);
#1242=VECTOR('',#4501,10.);
#1243=VECTOR('',#4504,10.);
#1244=VECTOR('',#4505,10.);
#1245=VECTOR('',#4506,10.);
#1246=VECTOR('',#4509,10.);
#1247=VECTOR('',#4510,10.);
#1248=VECTOR('',#4511,10.);
#1249=VECTOR('',#4514,10.);
#1250=VECTOR('',#4515,10.);
#1251=VECTOR('',#4516,10.);
#1252=VECTOR('',#4519,10.);
#1253=VECTOR('',#4520,10.);
#1254=VECTOR('',#4525,10.);
#1255=VECTOR('',#4526,10.);
#1256=VECTOR('',#4527,10.);
#1257=VECTOR('',#4528,10.);
#1258=VECTOR('',#4529,10.);
#1259=VECTOR('',#4530,10.);
#1260=VECTOR('',#4531,10.);
#1261=VECTOR('',#4532,10.);
#1262=VECTOR('',#4533,10.);
#1263=VECTOR('',#4534,10.);
#1264=VECTOR('',#4535,10.);
#1265=VECTOR('',#4538,10.);
#1266=VECTOR('',#4539,10.);
#1267=VECTOR('',#4540,10.);
#1268=VECTOR('',#4543,10.);
#1269=VECTOR('',#4544,10.);
#1270=VECTOR('',#4547,10.);
#1271=VECTOR('',#4548,10.);
#1272=VECTOR('',#4549,10.);
#1273=VECTOR('',#4550,10.);
#1274=VECTOR('',#4551,10.);
#1275=VECTOR('',#4552,10.);
#1276=VECTOR('',#4553,10.);
#1277=VECTOR('',#4554,10.);
#1278=VECTOR('',#4555,10.);
#1279=VECTOR('',#4556,10.);
#1280=VECTOR('',#4559,10.);
#1281=VECTOR('',#4560,10.);
#1282=VECTOR('',#4561,10.);
#1283=VECTOR('',#4564,10.);
#1284=VECTOR('',#4565,10.);
#1285=VECTOR('',#4566,10.);
#1286=VECTOR('',#4567,10.);
#1287=VECTOR('',#4568,10.);
#1288=VECTOR('',#4569,10.);
#1289=VECTOR('',#4570,10.);
#1290=VECTOR('',#4571,10.);
#1291=VECTOR('',#4572,10.);
#1292=VECTOR('',#4573,10.);
#1293=VECTOR('',#4574,10.);
#1294=VECTOR('',#4575,10.);
#1295=VECTOR('',#4576,10.);
#1296=VECTOR('',#4577,10.);
#1297=VECTOR('',#4580,10.);
#1298=VECTOR('',#4581,10.);
#1299=VECTOR('',#4582,10.);
#1300=VECTOR('',#4585,10.);
#1301=VECTOR('',#4586,10.);
#1302=VECTOR('',#4587,10.);
#1303=VECTOR('',#4590,10.);
#1304=VECTOR('',#4591,10.);
#1305=VECTOR('',#4596,10.);
#1306=VECTOR('',#4597,10.);
#1307=VECTOR('',#4598,10.);
#1308=VECTOR('',#4599,10.);
#1309=VECTOR('',#4602,10.);
#1310=VECTOR('',#4603,10.);
#1311=VECTOR('',#4604,10.);
#1312=VECTOR('',#4605,10.);
#1313=VECTOR('',#4606,10.);
#1314=VECTOR('',#4607,10.);
#1315=VECTOR('',#4608,10.);
#1316=VECTOR('',#4609,10.);
#1317=VECTOR('',#4610,10.);
#1318=VECTOR('',#4613,10.);
#1319=VECTOR('',#4614,10.);
#1320=VECTOR('',#4615,10.);
#1321=VECTOR('',#4618,10.);
#1322=VECTOR('',#4619,10.);
#1323=VECTOR('',#4622,10.);
#1324=VECTOR('',#4623,10.);
#1325=VECTOR('',#4624,10.);
#1326=VECTOR('',#4625,10.);
#1327=VECTOR('',#4628,10.);
#1328=VECTOR('',#4629,10.);
#1329=VECTOR('',#4630,10.);
#1330=VECTOR('',#4631,10.);
#1331=VECTOR('',#4632,10.);
#1332=VECTOR('',#4633,10.);
#1333=VECTOR('',#4634,10.);
#1334=VECTOR('',#4637,10.);
#1335=VECTOR('',#4638,10.);
#1336=VECTOR('',#4639,10.);
#1337=VECTOR('',#4642,10.);
#1338=VECTOR('',#4643,10.);
#1339=VECTOR('',#4644,10.);
#1340=VECTOR('',#4647,10.);
#1341=VECTOR('',#4648,10.);
#1342=VECTOR('',#4649,10.);
#1343=VECTOR('',#4650,10.);
#1344=VECTOR('',#4651,10.);
#1345=VECTOR('',#4652,10.);
#1346=VECTOR('',#4653,10.);
#1347=VECTOR('',#4654,10.);
#1348=VECTOR('',#4655,10.);
#1349=VECTOR('',#4658,10.);
#1350=VECTOR('',#4659,10.);
#1351=VECTOR('',#4660,10.);
#1352=VECTOR('',#4663,10.);
#1353=VECTOR('',#4664,10.);
#1354=VECTOR('',#4677,10.);
#1355=VECTOR('',#4678,10.);
#1356=VECTOR('',#4679,10.);
#1357=VECTOR('',#4680,10.);
#1358=VECTOR('',#4683,10.);
#1359=VECTOR('',#4684,10.);
#1360=VECTOR('',#4685,10.);
#1361=VECTOR('',#4688,10.);
#1362=VECTOR('',#4689,10.);
#1363=VECTOR('',#4690,10.);
#1364=VECTOR('',#4693,10.);
#1365=VECTOR('',#4694,10.);
#1366=VECTOR('',#4695,10.);
#1367=VECTOR('',#4698,10.);
#1368=VECTOR('',#4699,10.);
#1369=VECTOR('',#4700,10.);
#1370=VECTOR('',#4703,10.);
#1371=VECTOR('',#4704,10.);
#1372=VECTOR('',#4705,10.);
#1373=VECTOR('',#4708,10.);
#1374=VECTOR('',#4709,10.);
#1375=VECTOR('',#4710,10.);
#1376=VECTOR('',#4711,10.);
#1377=VECTOR('',#4714,10.);
#1378=VECTOR('',#4715,10.);
#1379=VECTOR('',#4716,10.);
#1380=VECTOR('',#4717,10.);
#1381=VECTOR('',#4720,10.);
#1382=VECTOR('',#4721,10.);
#1383=VECTOR('',#4722,10.);
#1384=VECTOR('',#4725,10.);
#1385=VECTOR('',#4726,10.);
#1386=VECTOR('',#4727,10.);
#1387=VECTOR('',#4728,10.);
#1388=VECTOR('',#4731,10.);
#1389=VECTOR('',#4732,10.);
#1390=VECTOR('',#4735,10.);
#1391=VECTOR('',#4736,10.);
#1392=VECTOR('',#4739,10.);
#1393=VECTOR('',#4740,10.);
#1394=VECTOR('',#4741,10.);
#1395=VECTOR('',#4742,10.);
#1396=VECTOR('',#4747,10.);
#1397=VECTOR('',#4750,10.);
#1398=VECTOR('',#4753,10.);
#1399=VECTOR('',#4756,10.);
#1400=VECTOR('',#4757,10.);
#1401=VECTOR('',#4758,10.);
#1402=VECTOR('',#4759,10.);
#1403=VECTOR('',#4760,10.);
#1404=VECTOR('',#4761,10.);
#1405=VECTOR('',#4762,10.);
#1406=VECTOR('',#4765,10.);
#1407=VECTOR('',#4768,10.);
#1408=VECTOR('',#4771,10.);
#1409=VECTOR('',#4772,10.);
#1410=VECTOR('',#4773,10.);
#1411=VECTOR('',#4774,10.);
#1412=VECTOR('',#4793,10.);
#1413=VECTOR('',#4794,10.);
#1414=VECTOR('',#4799,10.);
#1415=VECTOR('',#4804,10.);
#1416=VECTOR('',#4805,10.);
#1417=VECTOR('',#4808,10.);
#1418=VECTOR('',#4809,10.);
#1419=VECTOR('',#4812,10.);
#1420=VECTOR('',#4813,10.);
#1421=VECTOR('',#4814,10.);
#1422=VECTOR('',#4815,10.);
#1423=VECTOR('',#4818,10.);
#1424=VECTOR('',#4823,10.);
#1425=VECTOR('',#4826,10.);
#1426=VECTOR('',#4827,10.);
#1427=VECTOR('',#4830,10.);
#1428=VECTOR('',#4831,10.);
#1429=VECTOR('',#4832,10.);
#1430=VECTOR('',#4833,10.);
#1431=VECTOR('',#4836,10.);
#1432=VECTOR('',#4839,10.);
#1433=VECTOR('',#4842,10.);
#1434=VECTOR('',#4845,10.);
#1435=VECTOR('',#4850,10.);
#1436=VECTOR('',#4853,10.);
#1437=VECTOR('',#4860,10.);
#1438=VECTOR('',#4861,10.);
#1439=VECTOR('',#4864,10.);
#1440=VECTOR('',#4865,10.);
#1441=VECTOR('',#4868,10.);
#1442=VECTOR('',#4871,10.);
#1443=VECTOR('',#4874,10.);
#1444=VECTOR('',#4875,10.);
#1445=VECTOR('',#4876,10.);
#1446=VECTOR('',#4877,10.);
#1447=VECTOR('',#4880,10.);
#1448=VECTOR('',#4881,10.);
#1449=VECTOR('',#4882,10.);
#1450=VECTOR('',#4885,10.);
#1451=VECTOR('',#4886,10.);
#1452=VECTOR('',#4887,10.);
#1453=VECTOR('',#4888,10.);
#1454=VECTOR('',#4889,10.);
#1455=VECTOR('',#4892,10.);
#1456=VECTOR('',#4893,10.);
#1457=VECTOR('',#4896,10.);
#1458=VECTOR('',#4897,10.);
#1459=VECTOR('',#4900,10.);
#1460=VECTOR('',#4901,10.);
#1461=VECTOR('',#4906,10.);
#1462=VECTOR('',#4907,10.);
#1463=VECTOR('',#4908,10.);
#1464=VECTOR('',#4909,10.);
#1465=VECTOR('',#4912,10.);
#1466=VECTOR('',#4915,10.);
#1467=VECTOR('',#4916,10.);
#1468=VECTOR('',#4917,10.);
#1469=VECTOR('',#4918,10.);
#1470=VECTOR('',#4921,10.);
#1471=VECTOR('',#4922,10.);
#1472=VECTOR('',#4923,10.);
#1473=VECTOR('',#4926,10.);
#1474=VECTOR('',#4927,10.);
#1475=VECTOR('',#4928,10.);
#1476=VECTOR('',#4929,10.);
#1477=VECTOR('',#4930,10.);
#1478=VECTOR('',#4933,10.);
#1479=VECTOR('',#4934,10.);
#1480=VECTOR('',#4937,10.);
#1481=VECTOR('',#4938,10.);
#1482=VECTOR('',#4939,10.);
#1483=VECTOR('',#4942,10.);
#1484=VECTOR('',#4945,10.);
#1485=VECTOR('',#4948,10.);
#1486=VECTOR('',#4951,10.);
#1487=VECTOR('',#4952,10.);
#1488=VECTOR('',#4953,10.);
#1489=VECTOR('',#4960,10.);
#1490=VECTOR('',#4961,10.);
#1491=VECTOR('',#4966,10.);
#1492=VECTOR('',#4967,10.);
#1493=VECTOR('',#4968,10.);
#1494=VECTOR('',#4969,10.);
#1495=VECTOR('',#4972,10.);
#1496=VECTOR('',#4975,10.);
#1497=VECTOR('',#4976,10.);
#1498=VECTOR('',#4977,10.);
#1499=VECTOR('',#4980,10.);
#1500=VECTOR('',#4981,10.);
#1501=VECTOR('',#4984,10.);
#1502=VECTOR('',#4985,10.);
#1503=VECTOR('',#4988,10.);
#1504=VECTOR('',#4991,2.25);
#1505=VECTOR('',#4996,1.5);
#1506=VECTOR('',#4999,10.);
#1507=VECTOR('',#5000,10.);
#1508=VECTOR('',#5001,10.);
#1509=VECTOR('',#5002,10.);
#1510=VECTOR('',#5009,10.);
#1511=VECTOR('',#5012,10.);
#1512=VECTOR('',#5013,10.);
#1513=VECTOR('',#5014,10.);
#1514=VECTOR('',#5021,10.);
#1515=VECTOR('',#5024,10.);
#1516=VECTOR('',#5025,10.);
#1517=VECTOR('',#5026,10.);
#1518=VECTOR('',#5037,10.);
#1519=VECTOR('',#5042,10.);
#1520=VECTOR('',#5043,10.);
#1521=VECTOR('',#5044,10.);
#1522=VECTOR('',#5045,10.);
#1523=VECTOR('',#5048,10.);
#1524=VECTOR('',#5053,1.625);
#1525=VECTOR('',#5060,3.00000000000001);
#1526=VECTOR('',#5069,1.65);
#1527=VECTOR('',#5076,3.);
#1528=VECTOR('',#5085,1.65);
#1529=VECTOR('',#5092,3.);
#1530=VECTOR('',#5101,1.625);
#1531=VECTOR('',#5108,3.);
#1532=VECTOR('',#5113,10.);
#1533=VECTOR('',#5114,10.);
#1534=VECTOR('',#5117,10.);
#1535=VECTOR('',#5118,10.);
#1536=VECTOR('',#5121,10.);
#1537=VECTOR('',#5122,10.);
#1538=VECTOR('',#5125,10.);
#1539=VECTOR('',#5128,10.);
#1540=VECTOR('',#5139,1.562481);
#1541=VECTOR('',#5146,3.);
#1542=VECTOR('',#5155,1.562481);
#1543=VECTOR('',#5162,3.);
#1544=VECTOR('',#5171,1.562481);
#1545=VECTOR('',#5178,3.);
#1546=VECTOR('',#5187,1.562481);
#1547=VECTOR('',#5194,3.);
#1548=VECTOR('',#5201,10.);
#1549=VECTOR('',#5202,10.);
#1550=VECTOR('',#5203,10.);
#1551=VECTOR('',#5204,10.);
#1552=VECTOR('',#5207,10.);
#1553=VECTOR('',#5208,10.);
#1554=VECTOR('',#5209,10.);
#1555=VECTOR('',#5212,10.);
#1556=VECTOR('',#5213,10.);
#1557=VECTOR('',#5214,10.);
#1558=VECTOR('',#5217,10.);
#1559=VECTOR('',#5218,10.);
#1560=VECTOR('',#5221,10.);
#1561=VECTOR('',#5222,10.);
#1562=VECTOR('',#5225,10.);
#1563=VECTOR('',#5232,10.);
#1564=VECTOR('',#5235,10.);
#1565=VECTOR('',#5238,10.);
#1566=VECTOR('',#5239,10.);
#1567=VECTOR('',#5240,10.);
#1568=VECTOR('',#5247,10.);
#1569=VECTOR('',#5250,10.);
#1570=VECTOR('',#5251,10.);
#1571=VECTOR('',#5252,10.);
#1572=VECTOR('',#5259,10.);
#1573=VECTOR('',#5262,10.);
#1574=VECTOR('',#5263,10.);
#1575=VECTOR('',#5264,10.);
#1576=VECTOR('',#5271,10.);
#1577=VECTOR('',#5274,10.);
#1578=VECTOR('',#5275,10.);
#1579=VECTOR('',#5278,10.);
#1580=VECTOR('',#5279,10.);
#1581=VECTOR('',#5280,10.);
#1582=VECTOR('',#5281,10.);
#1583=VECTOR('',#5284,10.);
#1584=VECTOR('',#5285,10.);
#1585=VECTOR('',#5286,10.);
#1586=VECTOR('',#5289,10.);
#1587=VECTOR('',#5290,10.);
#1588=VECTOR('',#5291,10.);
#1589=VECTOR('',#5294,10.);
#1590=VECTOR('',#5295,10.);
#1591=VECTOR('',#5298,10.);
#1592=VECTOR('',#5299,10.);
#1593=VECTOR('',#5300,10.);
#1594=VECTOR('',#5303,10.);
#1595=VECTOR('',#5304,10.);
#1596=VECTOR('',#5307,10.);
#1597=VECTOR('',#5308,10.);
#1598=VECTOR('',#5311,10.);
#1599=VECTOR('',#5314,10.);
#1600=VECTOR('',#5315,10.);
#1601=VECTOR('',#5316,10.);
#1602=VECTOR('',#5317,10.);
#1603=VECTOR('',#5324,10.);
#1604=VECTOR('',#5327,10.);
#1605=VECTOR('',#5328,10.);
#1606=VECTOR('',#5329,10.);
#1607=VECTOR('',#5332,10.);
#1608=VECTOR('',#5333,10.);
#1609=VECTOR('',#5334,10.);
#1610=VECTOR('',#5341,10.);
#1611=VECTOR('',#5344,10.);
#1612=VECTOR('',#5345,10.);
#1613=VECTOR('',#5346,10.);
#1614=VECTOR('',#5353,10.);
#1615=VECTOR('',#5356,10.);
#1616=VECTOR('',#5357,10.);
#1617=VECTOR('',#5358,10.);
#1618=VECTOR('',#5365,10.);
#1619=VECTOR('',#5368,10.);
#1620=VECTOR('',#5369,10.);
#1621=VECTOR('',#5370,10.);
#1622=VECTOR('',#5377,10.);
#1623=VECTOR('',#5380,10.);
#1624=VECTOR('',#5381,10.);
#1625=VECTOR('',#5382,10.);
#1626=VECTOR('',#5385,10.);
#1627=VECTOR('',#5386,10.);
#1628=VECTOR('',#5387,10.);
#1629=VECTOR('',#5396,10.);
#1630=VERTEX_POINT('',#5403);
#1631=VERTEX_POINT('',#5404);
#1632=VERTEX_POINT('',#5406);
#1633=VERTEX_POINT('',#5408);
#1634=VERTEX_POINT('',#5412);
#1635=VERTEX_POINT('',#5414);
#1636=VERTEX_POINT('',#5418);
#1637=VERTEX_POINT('',#5420);
#1638=VERTEX_POINT('',#5424);
#1639=VERTEX_POINT('',#5426);
#1640=VERTEX_POINT('',#5430);
#1641=VERTEX_POINT('',#5432);
#1642=VERTEX_POINT('',#5440);
#1643=VERTEX_POINT('',#5441);
#1644=VERTEX_POINT('',#5443);
#1645=VERTEX_POINT('',#5445);
#1646=VERTEX_POINT('',#5449);
#1647=VERTEX_POINT('',#5451);
#1648=VERTEX_POINT('',#5455);
#1649=VERTEX_POINT('',#5457);
#1650=VERTEX_POINT('',#5461);
#1651=VERTEX_POINT('',#5463);
#1652=VERTEX_POINT('',#5467);
#1653=VERTEX_POINT('',#5469);
#1654=VERTEX_POINT('',#5473);
#1655=VERTEX_POINT('',#5475);
#1656=VERTEX_POINT('',#5479);
#1657=VERTEX_POINT('',#5481);
#1658=VERTEX_POINT('',#5485);
#1659=VERTEX_POINT('',#5487);
#1660=VERTEX_POINT('',#5491);
#1661=VERTEX_POINT('',#5493);
#1662=VERTEX_POINT('',#5501);
#1663=VERTEX_POINT('',#5502);
#1664=VERTEX_POINT('',#5504);
#1665=VERTEX_POINT('',#5506);
#1666=VERTEX_POINT('',#5519);
#1667=VERTEX_POINT('',#5525);
#1668=VERTEX_POINT('',#5542);
#1669=VERTEX_POINT('',#5548);
#1670=VERTEX_POINT('',#5565);
#1671=VERTEX_POINT('',#5571);
#1672=VERTEX_POINT('',#5588);
#1673=VERTEX_POINT('',#5594);
#1674=VERTEX_POINT('',#5611);
#1675=VERTEX_POINT('',#5617);
#1676=VERTEX_POINT('',#5634);
#1677=VERTEX_POINT('',#5640);
#1678=VERTEX_POINT('',#5657);
#1679=VERTEX_POINT('',#5663);
#1680=VERTEX_POINT('',#5671);
#1681=VERTEX_POINT('',#5673);
#1682=VERTEX_POINT('',#5680);
#1683=VERTEX_POINT('',#5681);
#1684=VERTEX_POINT('',#5683);
#1685=VERTEX_POINT('',#5685);
#1686=VERTEX_POINT('',#5698);
#1687=VERTEX_POINT('',#5704);
#1688=VERTEX_POINT('',#5721);
#1689=VERTEX_POINT('',#5727);
#1690=VERTEX_POINT('',#5744);
#1691=VERTEX_POINT('',#5750);
#1692=VERTEX_POINT('',#5767);
#1693=VERTEX_POINT('',#5773);
#1694=VERTEX_POINT('',#5790);
#1695=VERTEX_POINT('',#5796);
#1696=VERTEX_POINT('',#5813);
#1697=VERTEX_POINT('',#5819);
#1698=VERTEX_POINT('',#5827);
#1699=VERTEX_POINT('',#5829);
#1700=VERTEX_POINT('',#5845);
#1701=VERTEX_POINT('',#5846);
#1702=VERTEX_POINT('',#5852);
#1703=VERTEX_POINT('',#5854);
#1704=VERTEX_POINT('',#5871);
#1705=VERTEX_POINT('',#5877);
#1706=VERTEX_POINT('',#5894);
#1707=VERTEX_POINT('',#5900);
#1708=VERTEX_POINT('',#5917);
#1709=VERTEX_POINT('',#5923);
#1710=VERTEX_POINT('',#5940);
#1711=VERTEX_POINT('',#5946);
#1712=VERTEX_POINT('',#5963);
#1713=VERTEX_POINT('',#5969);
#1714=VERTEX_POINT('',#5986);
#1715=VERTEX_POINT('',#5992);
#1716=VERTEX_POINT('',#6009);
#1717=VERTEX_POINT('',#6015);
#1718=VERTEX_POINT('',#6032);
#1719=VERTEX_POINT('',#6038);
#1720=VERTEX_POINT('',#6055);
#1721=VERTEX_POINT('',#6061);
#1722=VERTEX_POINT('',#6078);
#1723=VERTEX_POINT('',#6084);
#1724=VERTEX_POINT('',#6092);
#1725=VERTEX_POINT('',#6094);
#1726=VERTEX_POINT('',#6098);
#1727=VERTEX_POINT('',#6100);
#1728=VERTEX_POINT('',#6108);
#1729=VERTEX_POINT('',#6109);
#1730=VERTEX_POINT('',#6111);
#1731=VERTEX_POINT('',#6113);
#1732=VERTEX_POINT('',#6117);
#1733=VERTEX_POINT('',#6118);
#1734=VERTEX_POINT('',#6120);
#1735=VERTEX_POINT('',#6122);
#1736=VERTEX_POINT('',#6135);
#1737=VERTEX_POINT('',#6141);
#1738=VERTEX_POINT('',#6158);
#1739=VERTEX_POINT('',#6164);
#1740=VERTEX_POINT('',#6181);
#1741=VERTEX_POINT('',#6187);
#1742=VERTEX_POINT('',#6204);
#1743=VERTEX_POINT('',#6210);
#1744=VERTEX_POINT('',#6227);
#1745=VERTEX_POINT('',#6233);
#1746=VERTEX_POINT('',#6241);
#1747=VERTEX_POINT('',#6243);
#1748=VERTEX_POINT('',#6250);
#1749=VERTEX_POINT('',#6251);
#1750=VERTEX_POINT('',#6253);
#1751=VERTEX_POINT('',#6255);
#1752=VERTEX_POINT('',#6259);
#1753=VERTEX_POINT('',#6261);
#1754=VERTEX_POINT('',#6274);
#1755=VERTEX_POINT('',#6280);
#1756=VERTEX_POINT('',#6297);
#1757=VERTEX_POINT('',#6303);
#1758=VERTEX_POINT('',#6320);
#1759=VERTEX_POINT('',#6326);
#1760=VERTEX_POINT('',#6343);
#1761=VERTEX_POINT('',#6349);
#1762=VERTEX_POINT('',#6357);
#1763=VERTEX_POINT('',#6359);
#1764=VERTEX_POINT('',#6363);
#1765=VERTEX_POINT('',#6365);
#1766=VERTEX_POINT('',#6369);
#1767=VERTEX_POINT('',#6371);
#1768=VERTEX_POINT('',#6384);
#1769=VERTEX_POINT('',#6390);
#1770=VERTEX_POINT('',#6407);
#1771=VERTEX_POINT('',#6413);
#1772=VERTEX_POINT('',#6430);
#1773=VERTEX_POINT('',#6436);
#1774=VERTEX_POINT('',#6453);
#1775=VERTEX_POINT('',#6459);
#1776=VERTEX_POINT('',#6476);
#1777=VERTEX_POINT('',#6482);
#1778=VERTEX_POINT('',#6499);
#1779=VERTEX_POINT('',#6505);
#1780=VERTEX_POINT('',#6533);
#1781=VERTEX_POINT('',#6534);
#1782=VERTEX_POINT('',#6538);
#1783=VERTEX_POINT('',#6540);
#1784=VERTEX_POINT('',#6552);
#1785=VERTEX_POINT('',#6553);
#1786=VERTEX_POINT('',#6555);
#1787=VERTEX_POINT('',#6557);
#1788=VERTEX_POINT('',#6561);
#1789=VERTEX_POINT('',#6563);
#1790=VERTEX_POINT('',#6567);
#1791=VERTEX_POINT('',#6569);
#1792=VERTEX_POINT('',#6573);
#1793=VERTEX_POINT('',#6575);
#1794=VERTEX_POINT('',#6579);
#1795=VERTEX_POINT('',#6581);
#1796=VERTEX_POINT('',#6585);
#1797=VERTEX_POINT('',#6587);
#1798=VERTEX_POINT('',#6591);
#1799=VERTEX_POINT('',#6593);
#1800=VERTEX_POINT('',#6595);
#1801=VERTEX_POINT('',#6599);
#1802=VERTEX_POINT('',#6600);
#1803=VERTEX_POINT('',#6602);
#1804=VERTEX_POINT('',#6604);
#1805=VERTEX_POINT('',#6608);
#1806=VERTEX_POINT('',#6610);
#1807=VERTEX_POINT('',#6614);
#1808=VERTEX_POINT('',#6615);
#1809=VERTEX_POINT('',#6617);
#1810=VERTEX_POINT('',#6619);
#1811=VERTEX_POINT('',#6626);
#1812=VERTEX_POINT('',#6630);
#1813=VERTEX_POINT('',#6632);
#1814=VERTEX_POINT('',#6634);
#1815=VERTEX_POINT('',#6638);
#1816=VERTEX_POINT('',#6639);
#1817=VERTEX_POINT('',#6641);
#1818=VERTEX_POINT('',#6643);
#1819=VERTEX_POINT('',#6647);
#1820=VERTEX_POINT('',#6649);
#1821=VERTEX_POINT('',#6651);
#1822=VERTEX_POINT('',#6653);
#1823=VERTEX_POINT('',#6655);
#1824=VERTEX_POINT('',#6657);
#1825=VERTEX_POINT('',#6659);
#1826=VERTEX_POINT('',#6661);
#1827=VERTEX_POINT('',#6663);
#1828=VERTEX_POINT('',#6665);
#1829=VERTEX_POINT('',#6667);
#1830=VERTEX_POINT('',#6669);
#1831=VERTEX_POINT('',#6671);
#1832=VERTEX_POINT('',#6673);
#1833=VERTEX_POINT('',#6675);
#1834=VERTEX_POINT('',#6677);
#1835=VERTEX_POINT('',#6679);
#1836=VERTEX_POINT('',#6682);
#1837=VERTEX_POINT('',#6684);
#1838=VERTEX_POINT('',#6686);
#1839=VERTEX_POINT('',#6688);
#1840=VERTEX_POINT('',#6690);
#1841=VERTEX_POINT('',#6692);
#1842=VERTEX_POINT('',#6694);
#1843=VERTEX_POINT('',#6696);
#1844=VERTEX_POINT('',#6699);
#1845=VERTEX_POINT('',#6703);
#1846=VERTEX_POINT('',#6707);
#1847=VERTEX_POINT('',#6708);
#1848=VERTEX_POINT('',#6713);
#1849=VERTEX_POINT('',#6717);
#1850=VERTEX_POINT('',#6719);
#1851=VERTEX_POINT('',#6721);
#1852=VERTEX_POINT('',#6723);
#1853=VERTEX_POINT('',#6725);
#1854=VERTEX_POINT('',#6727);
#1855=VERTEX_POINT('',#6737);
#1856=VERTEX_POINT('',#6739);
#1857=VERTEX_POINT('',#6742);
#1858=VERTEX_POINT('',#6744);
#1859=VERTEX_POINT('',#6746);
#1860=VERTEX_POINT('',#6748);
#1861=VERTEX_POINT('',#6750);
#1862=VERTEX_POINT('',#6752);
#1863=VERTEX_POINT('',#6756);
#1864=VERTEX_POINT('',#6765);
#1865=VERTEX_POINT('',#6769);
#1866=VERTEX_POINT('',#6777);
#1867=VERTEX_POINT('',#6778);
#1868=VERTEX_POINT('',#6780);
#1869=VERTEX_POINT('',#6782);
#1870=VERTEX_POINT('',#6786);
#1871=VERTEX_POINT('',#6788);
#1872=VERTEX_POINT('',#6792);
#1873=VERTEX_POINT('',#6794);
#1874=VERTEX_POINT('',#6796);
#1875=VERTEX_POINT('',#6798);
#1876=VERTEX_POINT('',#6805);
#1877=VERTEX_POINT('',#6809);
#1878=VERTEX_POINT('',#6814);
#1879=VERTEX_POINT('',#6815);
#1880=VERTEX_POINT('',#6817);
#1881=VERTEX_POINT('',#6819);
#1882=VERTEX_POINT('',#6825);
#1883=VERTEX_POINT('',#6826);
#1884=VERTEX_POINT('',#6828);
#1885=VERTEX_POINT('',#6830);
#1886=VERTEX_POINT('',#6834);
#1887=VERTEX_POINT('',#6836);
#1888=VERTEX_POINT('',#6840);
#1889=VERTEX_POINT('',#6842);
#1890=VERTEX_POINT('',#6844);
#1891=VERTEX_POINT('',#6846);
#1892=VERTEX_POINT('',#6853);
#1893=VERTEX_POINT('',#6855);
#1894=VERTEX_POINT('',#6857);
#1895=VERTEX_POINT('',#6859);
#1896=VERTEX_POINT('',#6861);
#1897=VERTEX_POINT('',#6863);
#1898=VERTEX_POINT('',#6865);
#1899=VERTEX_POINT('',#6867);
#1900=VERTEX_POINT('',#6869);
#1901=VERTEX_POINT('',#6872);
#1902=VERTEX_POINT('',#6874);
#1903=VERTEX_POINT('',#6877);
#1904=VERTEX_POINT('',#6881);
#1905=VERTEX_POINT('',#6886);
#1906=VERTEX_POINT('',#6887);
#1907=VERTEX_POINT('',#6889);
#1908=VERTEX_POINT('',#6891);
#1909=VERTEX_POINT('',#6897);
#1910=VERTEX_POINT('',#6899);
#1911=VERTEX_POINT('',#6903);
#1912=VERTEX_POINT('',#6907);
#1913=VERTEX_POINT('',#6913);
#1914=VERTEX_POINT('',#6919);
#1915=VERTEX_POINT('',#6920);
#1916=VERTEX_POINT('',#6922);
#1917=VERTEX_POINT('',#6924);
#1918=VERTEX_POINT('',#6928);
#1919=VERTEX_POINT('',#6930);
#1920=VERTEX_POINT('',#6934);
#1921=VERTEX_POINT('',#6936);
#1922=VERTEX_POINT('',#6940);
#1923=VERTEX_POINT('',#6942);
#1924=VERTEX_POINT('',#6946);
#1925=VERTEX_POINT('',#6948);
#1926=VERTEX_POINT('',#6956);
#1927=VERTEX_POINT('',#6961);
#1928=VERTEX_POINT('',#6963);
#1929=VERTEX_POINT('',#6969);
#1930=VERTEX_POINT('',#6971);
#1931=VERTEX_POINT('',#6975);
#1932=VERTEX_POINT('',#6981);
#1933=VERTEX_POINT('',#6983);
#1934=VERTEX_POINT('',#6987);
#1935=VERTEX_POINT('',#6993);
#1936=VERTEX_POINT('',#6995);
#1937=VERTEX_POINT('',#6999);
#1938=VERTEX_POINT('',#7005);
#1939=VERTEX_POINT('',#7007);
#1940=VERTEX_POINT('',#7011);
#1941=VERTEX_POINT('',#7016);
#1942=VERTEX_POINT('',#7033);
#1943=VERTEX_POINT('',#7035);
#1944=VERTEX_POINT('',#7039);
#1945=VERTEX_POINT('',#7045);
#1946=VERTEX_POINT('',#7047);
#1947=VERTEX_POINT('',#7051);
#1948=VERTEX_POINT('',#7057);
#1949=VERTEX_POINT('',#7059);
#1950=VERTEX_POINT('',#7063);
#1951=VERTEX_POINT('',#7069);
#1952=VERTEX_POINT('',#7071);
#1953=VERTEX_POINT('',#7075);
#1954=VERTEX_POINT('',#7081);
#1955=VERTEX_POINT('',#7082);
#1956=VERTEX_POINT('',#7084);
#1957=VERTEX_POINT('',#7086);
#1958=VERTEX_POINT('',#7090);
#1959=VERTEX_POINT('',#7092);
#1960=VERTEX_POINT('',#7096);
#1961=VERTEX_POINT('',#7098);
#1962=VERTEX_POINT('',#7105);
#1963=VERTEX_POINT('',#7112);
#1964=VERTEX_POINT('',#7113);
#1965=VERTEX_POINT('',#7115);
#1966=VERTEX_POINT('',#7117);
#1967=VERTEX_POINT('',#7121);
#1968=VERTEX_POINT('',#7123);
#1969=VERTEX_POINT('',#7127);
#1970=VERTEX_POINT('',#7129);
#1971=VERTEX_POINT('',#7133);
#1972=VERTEX_POINT('',#7135);
#1973=VERTEX_POINT('',#7139);
#1974=VERTEX_POINT('',#7141);
#1975=VERTEX_POINT('',#7145);
#1976=VERTEX_POINT('',#7147);
#1977=VERTEX_POINT('',#7151);
#1978=VERTEX_POINT('',#7153);
#1979=VERTEX_POINT('',#7160);
#1980=VERTEX_POINT('',#7161);
#1981=VERTEX_POINT('',#7163);
#1982=VERTEX_POINT('',#7165);
#1983=VERTEX_POINT('',#7169);
#1984=VERTEX_POINT('',#7171);
#1985=VERTEX_POINT('',#7175);
#1986=VERTEX_POINT('',#7177);
#1987=VERTEX_POINT('',#7184);
#1988=VERTEX_POINT('',#7185);
#1989=VERTEX_POINT('',#7190);
#1990=VERTEX_POINT('',#7194);
#1991=VERTEX_POINT('',#7200);
#1992=VERTEX_POINT('',#7201);
#1993=VERTEX_POINT('',#7203);
#1994=VERTEX_POINT('',#7205);
#1995=VERTEX_POINT('',#7209);
#1996=VERTEX_POINT('',#7211);
#1997=VERTEX_POINT('',#7215);
#1998=VERTEX_POINT('',#7217);
#1999=VERTEX_POINT('',#7221);
#2000=VERTEX_POINT('',#7223);
#2001=VERTEX_POINT('',#7227);
#2002=VERTEX_POINT('',#7229);
#2003=VERTEX_POINT('',#7233);
#2004=VERTEX_POINT('',#7235);
#2005=VERTEX_POINT('',#7239);
#2006=VERTEX_POINT('',#7241);
#2007=VERTEX_POINT('',#7245);
#2008=VERTEX_POINT('',#7247);
#2009=VERTEX_POINT('',#7251);
#2010=VERTEX_POINT('',#7253);
#2011=VERTEX_POINT('',#7257);
#2012=VERTEX_POINT('',#7259);
#2013=VERTEX_POINT('',#7263);
#2014=VERTEX_POINT('',#7265);
#2015=VERTEX_POINT('',#7269);
#2016=VERTEX_POINT('',#7271);
#2017=VERTEX_POINT('',#7275);
#2018=VERTEX_POINT('',#7277);
#2019=EDGE_CURVE('',#1630,#1631,#782,.T.);
#2020=EDGE_CURVE('',#1630,#1632,#783,.T.);
#2021=EDGE_CURVE('',#1632,#1633,#784,.T.);
#2022=EDGE_CURVE('',#1631,#1633,#785,.T.);
#2023=EDGE_CURVE('',#1634,#1630,#786,.T.);
#2024=EDGE_CURVE('',#1634,#1635,#787,.T.);
#2025=EDGE_CURVE('',#1635,#1632,#788,.T.);
#2026=EDGE_CURVE('',#1636,#1634,#789,.T.);
#2027=EDGE_CURVE('',#1636,#1637,#790,.T.);
#2028=EDGE_CURVE('',#1637,#1635,#791,.T.);
#2029=EDGE_CURVE('',#1638,#1636,#792,.T.);
#2030=EDGE_CURVE('',#1638,#1639,#793,.T.);
#2031=EDGE_CURVE('',#1639,#1637,#794,.T.);
#2032=EDGE_CURVE('',#1640,#1638,#795,.T.);
#2033=EDGE_CURVE('',#1640,#1641,#796,.T.);
#2034=EDGE_CURVE('',#1641,#1639,#797,.T.);
#2035=EDGE_CURVE('',#1631,#1640,#798,.T.);
#2036=EDGE_CURVE('',#1633,#1641,#799,.T.);
#2037=EDGE_CURVE('',#1642,#1643,#800,.T.);
#2038=EDGE_CURVE('',#1642,#1644,#801,.T.);
#2039=EDGE_CURVE('',#1644,#1645,#802,.T.);
#2040=EDGE_CURVE('',#1643,#1645,#803,.T.);
#2041=EDGE_CURVE('',#1646,#1642,#804,.T.);
#2042=EDGE_CURVE('',#1646,#1647,#805,.T.);
#2043=EDGE_CURVE('',#1647,#1644,#806,.T.);
#2044=EDGE_CURVE('',#1648,#1646,#807,.T.);
#2045=EDGE_CURVE('',#1648,#1649,#808,.T.);
#2046=EDGE_CURVE('',#1649,#1647,#809,.T.);
#2047=EDGE_CURVE('',#1650,#1648,#810,.T.);
#2048=EDGE_CURVE('',#1650,#1651,#811,.T.);
#2049=EDGE_CURVE('',#1651,#1649,#812,.T.);
#2050=EDGE_CURVE('',#1652,#1650,#813,.T.);
#2051=EDGE_CURVE('',#1652,#1653,#814,.T.);
#2052=EDGE_CURVE('',#1653,#1651,#815,.T.);
#2053=EDGE_CURVE('',#1654,#1652,#816,.T.);
#2054=EDGE_CURVE('',#1654,#1655,#817,.T.);
#2055=EDGE_CURVE('',#1655,#1653,#818,.T.);
#2056=EDGE_CURVE('',#1656,#1654,#819,.T.);
#2057=EDGE_CURVE('',#1656,#1657,#820,.T.);
#2058=EDGE_CURVE('',#1657,#1655,#821,.T.);
#2059=EDGE_CURVE('',#1658,#1656,#822,.T.);
#2060=EDGE_CURVE('',#1658,#1659,#823,.T.);
#2061=EDGE_CURVE('',#1659,#1657,#824,.T.);
#2062=EDGE_CURVE('',#1660,#1658,#825,.T.);
#2063=EDGE_CURVE('',#1660,#1661,#826,.T.);
#2064=EDGE_CURVE('',#1661,#1659,#827,.T.);
#2065=EDGE_CURVE('',#1643,#1660,#828,.T.);
#2066=EDGE_CURVE('',#1645,#1661,#829,.T.);
#2067=EDGE_CURVE('',#1662,#1663,#830,.T.);
#2068=EDGE_CURVE('',#1662,#1664,#831,.T.);
#2069=EDGE_CURVE('',#1664,#1665,#832,.T.);
#2070=EDGE_CURVE('',#1663,#1665,#833,.T.);
#2071=EDGE_CURVE('',#1666,#1662,#175,.T.);
#2072=EDGE_CURVE('',#1666,#1667,#834,.T.);
#2073=EDGE_CURVE('',#1667,#1664,#176,.T.);
#2074=EDGE_CURVE('',#1668,#1666,#177,.T.);
#2075=EDGE_CURVE('',#1668,#1669,#835,.T.);
#2076=EDGE_CURVE('',#1669,#1667,#178,.T.);
#2077=EDGE_CURVE('',#1670,#1668,#179,.T.);
#2078=EDGE_CURVE('',#1670,#1671,#836,.T.);
#2079=EDGE_CURVE('',#1671,#1669,#180,.T.);
#2080=EDGE_CURVE('',#1672,#1670,#181,.T.);
#2081=EDGE_CURVE('',#1672,#1673,#837,.T.);
#2082=EDGE_CURVE('',#1673,#1671,#182,.T.);
#2083=EDGE_CURVE('',#1674,#1672,#183,.T.);
#2084=EDGE_CURVE('',#1674,#1675,#838,.T.);
#2085=EDGE_CURVE('',#1675,#1673,#184,.T.);
#2086=EDGE_CURVE('',#1676,#1674,#185,.T.);
#2087=EDGE_CURVE('',#1676,#1677,#839,.T.);
#2088=EDGE_CURVE('',#1677,#1675,#186,.T.);
#2089=EDGE_CURVE('',#1678,#1676,#187,.T.);
#2090=EDGE_CURVE('',#1678,#1679,#840,.T.);
#2091=EDGE_CURVE('',#1679,#1677,#188,.T.);
#2092=EDGE_CURVE('',#1680,#1678,#841,.T.);
#2093=EDGE_CURVE('',#1680,#1681,#842,.T.);
#2094=EDGE_CURVE('',#1681,#1679,#843,.T.);
#2095=EDGE_CURVE('',#1663,#1680,#844,.T.);
#2096=EDGE_CURVE('',#1665,#1681,#845,.T.);
#2097=EDGE_CURVE('',#1682,#1683,#846,.T.);
#2098=EDGE_CURVE('',#1682,#1684,#847,.T.);
#2099=EDGE_CURVE('',#1684,#1685,#848,.T.);
#2100=EDGE_CURVE('',#1683,#1685,#849,.T.);
#2101=EDGE_CURVE('',#1686,#1682,#189,.T.);
#2102=EDGE_CURVE('',#1686,#1687,#850,.T.);
#2103=EDGE_CURVE('',#1687,#1684,#190,.T.);
#2104=EDGE_CURVE('',#1688,#1686,#191,.T.);
#2105=EDGE_CURVE('',#1688,#1689,#851,.T.);
#2106=EDGE_CURVE('',#1689,#1687,#192,.T.);
#2107=EDGE_CURVE('',#1690,#1688,#193,.T.);
#2108=EDGE_CURVE('',#1690,#1691,#852,.T.);
#2109=EDGE_CURVE('',#1691,#1689,#194,.T.);
#2110=EDGE_CURVE('',#1692,#1690,#195,.T.);
#2111=EDGE_CURVE('',#1692,#1693,#853,.T.);
#2112=EDGE_CURVE('',#1693,#1691,#196,.T.);
#2113=EDGE_CURVE('',#1694,#1692,#197,.T.);
#2114=EDGE_CURVE('',#1694,#1695,#854,.T.);
#2115=EDGE_CURVE('',#1695,#1693,#198,.T.);
#2116=EDGE_CURVE('',#1696,#1694,#199,.T.);
#2117=EDGE_CURVE('',#1696,#1697,#855,.T.);
#2118=EDGE_CURVE('',#1697,#1695,#200,.T.);
#2119=EDGE_CURVE('',#1698,#1696,#856,.T.);
#2120=EDGE_CURVE('',#1698,#1699,#857,.T.);
#2121=EDGE_CURVE('',#1699,#1697,#858,.T.);
#2122=EDGE_CURVE('',#1683,#1698,#859,.T.);
#2123=EDGE_CURVE('',#1685,#1699,#860,.T.);
#2124=EDGE_CURVE('',#1700,#1701,#201,.T.);
#2125=EDGE_CURVE('',#1700,#1702,#861,.T.);
#2126=EDGE_CURVE('',#1702,#1703,#202,.T.);
#2127=EDGE_CURVE('',#1701,#1703,#862,.T.);
#2128=EDGE_CURVE('',#1704,#1700,#203,.T.);
#2129=EDGE_CURVE('',#1704,#1705,#863,.T.);
#2130=EDGE_CURVE('',#1705,#1702,#204,.T.);
#2131=EDGE_CURVE('',#1706,#1704,#205,.T.);
#2132=EDGE_CURVE('',#1706,#1707,#864,.T.);
#2133=EDGE_CURVE('',#1707,#1705,#206,.T.);
#2134=EDGE_CURVE('',#1708,#1706,#207,.T.);
#2135=EDGE_CURVE('',#1708,#1709,#865,.T.);
#2136=EDGE_CURVE('',#1709,#1707,#208,.T.);
#2137=EDGE_CURVE('',#1710,#1708,#209,.T.);
#2138=EDGE_CURVE('',#1710,#1711,#866,.T.);
#2139=EDGE_CURVE('',#1711,#1709,#210,.T.);
#2140=EDGE_CURVE('',#1712,#1710,#211,.T.);
#2141=EDGE_CURVE('',#1712,#1713,#867,.T.);
#2142=EDGE_CURVE('',#1713,#1711,#212,.T.);
#2143=EDGE_CURVE('',#1714,#1712,#213,.T.);
#2144=EDGE_CURVE('',#1714,#1715,#868,.T.);
#2145=EDGE_CURVE('',#1715,#1713,#214,.T.);
#2146=EDGE_CURVE('',#1716,#1714,#215,.T.);
#2147=EDGE_CURVE('',#1716,#1717,#869,.T.);
#2148=EDGE_CURVE('',#1717,#1715,#216,.T.);
#2149=EDGE_CURVE('',#1718,#1716,#217,.T.);
#2150=EDGE_CURVE('',#1718,#1719,#870,.T.);
#2151=EDGE_CURVE('',#1719,#1717,#218,.T.);
#2152=EDGE_CURVE('',#1720,#1718,#219,.T.);
#2153=EDGE_CURVE('',#1720,#1721,#871,.T.);
#2154=EDGE_CURVE('',#1721,#1719,#220,.T.);
#2155=EDGE_CURVE('',#1722,#1720,#221,.T.);
#2156=EDGE_CURVE('',#1722,#1723,#872,.T.);
#2157=EDGE_CURVE('',#1723,#1721,#222,.T.);
#2158=EDGE_CURVE('',#1724,#1722,#873,.T.);
#2159=EDGE_CURVE('',#1724,#1725,#874,.T.);
#2160=EDGE_CURVE('',#1725,#1723,#875,.T.);
#2161=EDGE_CURVE('',#1726,#1724,#876,.T.);
#2162=EDGE_CURVE('',#1726,#1727,#877,.T.);
#2163=EDGE_CURVE('',#1727,#1725,#878,.T.);
#2164=EDGE_CURVE('',#1701,#1726,#879,.T.);
#2165=EDGE_CURVE('',#1703,#1727,#880,.T.);
#2166=EDGE_CURVE('',#1728,#1729,#881,.T.);
#2167=EDGE_CURVE('',#1728,#1730,#882,.T.);
#2168=EDGE_CURVE('',#1731,#1730,#883,.T.);
#2169=EDGE_CURVE('',#1729,#1731,#884,.T.);
#2170=EDGE_CURVE('',#1732,#1733,#885,.T.);
#2171=EDGE_CURVE('',#1732,#1734,#886,.T.);
#2172=EDGE_CURVE('',#1734,#1735,#887,.T.);
#2173=EDGE_CURVE('',#1733,#1735,#888,.T.);
#2174=EDGE_CURVE('',#1736,#1732,#223,.T.);
#2175=EDGE_CURVE('',#1736,#1737,#889,.T.);
#2176=EDGE_CURVE('',#1737,#1734,#224,.T.);
#2177=EDGE_CURVE('',#1738,#1736,#225,.T.);
#2178=EDGE_CURVE('',#1738,#1739,#890,.T.);
#2179=EDGE_CURVE('',#1739,#1737,#226,.T.);
#2180=EDGE_CURVE('',#1740,#1738,#227,.T.);
#2181=EDGE_CURVE('',#1740,#1741,#891,.T.);
#2182=EDGE_CURVE('',#1741,#1739,#228,.T.);
#2183=EDGE_CURVE('',#1742,#1740,#229,.T.);
#2184=EDGE_CURVE('',#1742,#1743,#892,.T.);
#2185=EDGE_CURVE('',#1743,#1741,#230,.T.);
#2186=EDGE_CURVE('',#1744,#1742,#231,.T.);
#2187=EDGE_CURVE('',#1744,#1745,#893,.T.);
#2188=EDGE_CURVE('',#1745,#1743,#232,.T.);
#2189=EDGE_CURVE('',#1746,#1744,#894,.T.);
#2190=EDGE_CURVE('',#1746,#1747,#895,.T.);
#2191=EDGE_CURVE('',#1747,#1745,#896,.T.);
#2192=EDGE_CURVE('',#1733,#1746,#897,.T.);
#2193=EDGE_CURVE('',#1735,#1747,#898,.T.);
#2194=EDGE_CURVE('',#1748,#1749,#899,.T.);
#2195=EDGE_CURVE('',#1748,#1750,#900,.T.);
#2196=EDGE_CURVE('',#1750,#1751,#901,.T.);
#2197=EDGE_CURVE('',#1749,#1751,#902,.T.);
#2198=EDGE_CURVE('',#1752,#1748,#903,.T.);
#2199=EDGE_CURVE('',#1752,#1753,#904,.T.);
#2200=EDGE_CURVE('',#1753,#1750,#905,.T.);
#2201=EDGE_CURVE('',#1754,#1752,#233,.T.);
#2202=EDGE_CURVE('',#1754,#1755,#906,.T.);
#2203=EDGE_CURVE('',#1755,#1753,#234,.T.);
#2204=EDGE_CURVE('',#1756,#1754,#235,.T.);
#2205=EDGE_CURVE('',#1756,#1757,#907,.T.);
#2206=EDGE_CURVE('',#1757,#1755,#236,.T.);
#2207=EDGE_CURVE('',#1758,#1756,#237,.T.);
#2208=EDGE_CURVE('',#1758,#1759,#908,.T.);
#2209=EDGE_CURVE('',#1759,#1757,#238,.T.);
#2210=EDGE_CURVE('',#1760,#1758,#239,.T.);
#2211=EDGE_CURVE('',#1760,#1761,#909,.T.);
#2212=EDGE_CURVE('',#1761,#1759,#240,.T.);
#2213=EDGE_CURVE('',#1762,#1760,#910,.T.);
#2214=EDGE_CURVE('',#1762,#1763,#911,.T.);
#2215=EDGE_CURVE('',#1763,#1761,#912,.T.);
#2216=EDGE_CURVE('',#1764,#1762,#913,.T.);
#2217=EDGE_CURVE('',#1764,#1765,#914,.T.);
#2218=EDGE_CURVE('',#1765,#1763,#915,.T.);
#2219=EDGE_CURVE('',#1766,#1764,#916,.T.);
#2220=EDGE_CURVE('',#1766,#1767,#917,.T.);
#2221=EDGE_CURVE('',#1767,#1765,#918,.T.);
#2222=EDGE_CURVE('',#1768,#1766,#241,.T.);
#2223=EDGE_CURVE('',#1768,#1769,#919,.T.);
#2224=EDGE_CURVE('',#1769,#1767,#242,.T.);
#2225=EDGE_CURVE('',#1770,#1768,#243,.T.);
#2226=EDGE_CURVE('',#1770,#1771,#920,.T.);
#2227=EDGE_CURVE('',#1771,#1769,#244,.T.);
#2228=EDGE_CURVE('',#1772,#1770,#245,.T.);
#2229=EDGE_CURVE('',#1772,#1773,#921,.T.);
#2230=EDGE_CURVE('',#1773,#1771,#246,.T.);
#2231=EDGE_CURVE('',#1774,#1772,#247,.T.);
#2232=EDGE_CURVE('',#1774,#1775,#922,.T.);
#2233=EDGE_CURVE('',#1775,#1773,#248,.T.);
#2234=EDGE_CURVE('',#1776,#1774,#249,.T.);
#2235=EDGE_CURVE('',#1776,#1777,#923,.T.);
#2236=EDGE_CURVE('',#1777,#1775,#250,.T.);
#2237=EDGE_CURVE('',#1778,#1776,#251,.T.);
#2238=EDGE_CURVE('',#1778,#1779,#924,.T.);
#2239=EDGE_CURVE('',#1779,#1777,#252,.T.);
#2240=EDGE_CURVE('',#1731,#1778,#253,.T.);
#2241=EDGE_CURVE('',#1730,#1779,#254,.T.);
#2242=EDGE_CURVE('',#1780,#1781,#139,.T.);
#2243=EDGE_CURVE('',#1782,#1780,#925,.T.);
#2244=EDGE_CURVE('',#1782,#1783,#926,.T.);
#2245=EDGE_CURVE('',#1783,#1781,#927,.T.);
#2246=EDGE_CURVE('',#1749,#1782,#928,.T.);
#2247=EDGE_CURVE('',#1751,#1783,#929,.T.);
#2248=EDGE_CURVE('',#1781,#1728,#56,.T.);
#2249=EDGE_CURVE('',#1784,#1785,#930,.T.);
#2250=EDGE_CURVE('',#1785,#1786,#931,.T.);
#2251=EDGE_CURVE('',#1787,#1786,#932,.T.);
#2252=EDGE_CURVE('',#1784,#1787,#933,.T.);
#2253=EDGE_CURVE('',#1784,#1788,#934,.T.);
#2254=EDGE_CURVE('',#1789,#1787,#935,.T.);
#2255=EDGE_CURVE('',#1788,#1789,#936,.T.);
#2256=EDGE_CURVE('',#1788,#1790,#937,.T.);
#2257=EDGE_CURVE('',#1791,#1789,#938,.T.);
#2258=EDGE_CURVE('',#1790,#1791,#939,.T.);
#2259=EDGE_CURVE('',#1790,#1792,#940,.T.);
#2260=EDGE_CURVE('',#1793,#1791,#941,.T.);
#2261=EDGE_CURVE('',#1792,#1793,#942,.T.);
#2262=EDGE_CURVE('',#1792,#1794,#943,.T.);
#2263=EDGE_CURVE('',#1795,#1793,#944,.T.);
#2264=EDGE_CURVE('',#1794,#1795,#945,.T.);
#2265=EDGE_CURVE('',#1796,#1794,#946,.T.);
#2266=EDGE_CURVE('',#1797,#1795,#947,.T.);
#2267=EDGE_CURVE('',#1796,#1797,#948,.T.);
#2268=EDGE_CURVE('',#1786,#1798,#949,.T.);
#2269=EDGE_CURVE('',#1798,#1799,#950,.T.);
#2270=EDGE_CURVE('',#1799,#1800,#951,.T.);
#2271=EDGE_CURVE('',#1800,#1797,#952,.T.);
#2272=EDGE_CURVE('',#1801,#1802,#953,.T.);
#2273=EDGE_CURVE('',#1801,#1803,#954,.T.);
#2274=EDGE_CURVE('',#1804,#1803,#955,.T.);
#2275=EDGE_CURVE('',#1802,#1804,#956,.T.);
#2276=EDGE_CURVE('',#1805,#1802,#957,.T.);
#2277=EDGE_CURVE('',#1806,#1804,#958,.T.);
#2278=EDGE_CURVE('',#1805,#1806,#959,.T.);
#2279=EDGE_CURVE('',#1807,#1808,#960,.T.);
#2280=EDGE_CURVE('',#1808,#1809,#961,.T.);
#2281=EDGE_CURVE('',#1810,#1809,#962,.T.);
#2282=EDGE_CURVE('',#1807,#1810,#963,.T.);
#2283=EDGE_CURVE('',#1807,#1801,#964,.T.);
#2284=EDGE_CURVE('',#1803,#1810,#965,.T.);
#2285=EDGE_CURVE('',#1809,#1811,#966,.T.);
#2286=EDGE_CURVE('',#1811,#1806,#967,.T.);
#2287=EDGE_CURVE('',#1802,#1812,#968,.T.);
#2288=EDGE_CURVE('',#1813,#1812,#969,.T.);
#2289=EDGE_CURVE('',#1813,#1814,#970,.T.);
#2290=EDGE_CURVE('',#1814,#1807,#971,.T.);
#2291=EDGE_CURVE('',#1815,#1816,#57,.T.);
#2292=EDGE_CURVE('',#1815,#1817,#972,.T.);
#2293=EDGE_CURVE('',#1817,#1818,#58,.T.);
#2294=EDGE_CURVE('',#1818,#1816,#973,.T.);
#2295=EDGE_CURVE('',#1816,#1819,#974,.T.);
#2296=EDGE_CURVE('',#1820,#1819,#59,.F.);
#2297=EDGE_CURVE('',#1820,#1821,#975,.T.);
#2298=EDGE_CURVE('',#1821,#1822,#976,.T.);
#2299=EDGE_CURVE('',#1822,#1823,#977,.T.);
#2300=EDGE_CURVE('',#1824,#1823,#978,.T.);
#2301=EDGE_CURVE('',#1824,#1825,#979,.T.);
#2302=EDGE_CURVE('',#1825,#1826,#980,.T.);
#2303=EDGE_CURVE('',#1826,#1827,#981,.T.);
#2304=EDGE_CURVE('',#1828,#1827,#60,.F.);
#2305=EDGE_CURVE('',#1828,#1829,#982,.T.);
#2306=EDGE_CURVE('',#1830,#1829,#61,.F.);
#2307=EDGE_CURVE('',#1830,#1831,#983,.T.);
#2308=EDGE_CURVE('',#1831,#1832,#62,.T.);
#2309=EDGE_CURVE('',#1833,#1832,#984,.T.);
#2310=EDGE_CURVE('',#1834,#1833,#985,.T.);
#2311=EDGE_CURVE('',#1834,#1835,#986,.T.);
#2312=EDGE_CURVE('',#1815,#1835,#987,.T.);
#2313=EDGE_CURVE('',#1836,#1836,#63,.T.);
#2314=EDGE_CURVE('',#1837,#1837,#64,.T.);
#2315=EDGE_CURVE('',#1838,#1838,#65,.T.);
#2316=EDGE_CURVE('',#1839,#1839,#66,.T.);
#2317=EDGE_CURVE('',#1840,#1840,#67,.T.);
#2318=EDGE_CURVE('',#1841,#1841,#68,.T.);
#2319=EDGE_CURVE('',#1842,#1842,#69,.T.);
#2320=EDGE_CURVE('',#1843,#1843,#70,.T.);
#2321=EDGE_CURVE('',#1844,#1818,#988,.T.);
#2322=EDGE_CURVE('',#1819,#1844,#989,.T.);
#2323=EDGE_CURVE('',#1844,#1845,#71,.T.);
#2324=EDGE_CURVE('',#1845,#1820,#990,.T.);
#2325=EDGE_CURVE('',#1846,#1847,#72,.T.);
#2326=EDGE_CURVE('',#1847,#1828,#991,.T.);
#2327=EDGE_CURVE('',#1827,#1846,#992,.T.);
#2328=EDGE_CURVE('',#1848,#1847,#993,.T.);
#2329=EDGE_CURVE('',#1829,#1848,#994,.T.);
#2330=EDGE_CURVE('',#1846,#1849,#995,.T.);
#2331=EDGE_CURVE('',#1849,#1850,#996,.T.);
#2332=EDGE_CURVE('',#1850,#1851,#997,.T.);
#2333=EDGE_CURVE('',#1852,#1851,#998,.T.);
#2334=EDGE_CURVE('',#1853,#1852,#73,.T.);
#2335=EDGE_CURVE('',#1853,#1854,#999,.T.);
#2336=EDGE_CURVE('',#1848,#1854,#74,.T.);
#2337=EDGE_CURVE('',#1854,#1830,#1000,.T.);
#2338=EDGE_CURVE('',#1831,#1853,#1001,.T.);
#2339=EDGE_CURVE('',#1852,#1832,#1002,.T.);
#2340=EDGE_CURVE('',#1851,#1824,#1003,.T.);
#2341=EDGE_CURVE('',#1823,#1855,#1004,.T.);
#2342=EDGE_CURVE('',#1855,#1856,#1005,.T.);
#2343=EDGE_CURVE('',#1856,#1811,#1006,.T.);
#2344=EDGE_CURVE('',#1808,#1857,#75,.T.);
#2345=EDGE_CURVE('',#1858,#1857,#1007,.T.);
#2346=EDGE_CURVE('',#1858,#1859,#76,.T.);
#2347=EDGE_CURVE('',#1860,#1859,#1008,.T.);
#2348=EDGE_CURVE('',#1860,#1861,#77,.T.);
#2349=EDGE_CURVE('',#1862,#1861,#1009,.T.);
#2350=EDGE_CURVE('',#1862,#1796,#78,.T.);
#2351=EDGE_CURVE('',#1833,#1800,#1010,.T.);
#2352=EDGE_CURVE('',#1863,#1863,#79,.T.);
#2353=EDGE_CURVE('',#1825,#1850,#1011,.T.);
#2354=EDGE_CURVE('',#1826,#1849,#1012,.T.);
#2355=EDGE_CURVE('',#1864,#1845,#1013,.T.);
#2356=EDGE_CURVE('',#1821,#1864,#1014,.T.);
#2357=EDGE_CURVE('',#1865,#1864,#1015,.T.);
#2358=EDGE_CURVE('',#1822,#1865,#1016,.T.);
#2359=EDGE_CURVE('',#1855,#1865,#1017,.T.);
#2360=EDGE_CURVE('',#1856,#1817,#1018,.T.);
#2361=EDGE_CURVE('',#1866,#1867,#1019,.T.);
#2362=EDGE_CURVE('',#1867,#1868,#1020,.T.);
#2363=EDGE_CURVE('',#1868,#1869,#1021,.T.);
#2364=EDGE_CURVE('',#1866,#1869,#1022,.T.);
#2365=EDGE_CURVE('',#1867,#1870,#1023,.T.);
#2366=EDGE_CURVE('',#1870,#1871,#1024,.T.);
#2367=EDGE_CURVE('',#1871,#1868,#1025,.T.);
#2368=EDGE_CURVE('',#1870,#1872,#1026,.T.);
#2369=EDGE_CURVE('',#1872,#1873,#1027,.T.);
#2370=EDGE_CURVE('',#1873,#1874,#1028,.T.);
#2371=EDGE_CURVE('',#1874,#1875,#1029,.T.);
#2372=EDGE_CURVE('',#1875,#1871,#1030,.T.);
#2373=EDGE_CURVE('',#1869,#1873,#1031,.T.);
#2374=EDGE_CURVE('',#1872,#1866,#1032,.T.);
#2375=EDGE_CURVE('',#1876,#1869,#1033,.T.);
#2376=EDGE_CURVE('',#1874,#1876,#1034,.T.);
#2377=EDGE_CURVE('',#1877,#1868,#1035,.T.);
#2378=EDGE_CURVE('',#1876,#1877,#1036,.T.);
#2379=EDGE_CURVE('',#1878,#1879,#1037,.T.);
#2380=EDGE_CURVE('',#1879,#1880,#1038,.T.);
#2381=EDGE_CURVE('',#1880,#1881,#1039,.T.);
#2382=EDGE_CURVE('',#1881,#1878,#1040,.T.);
#2383=EDGE_CURVE('',#1877,#1875,#1041,.T.);
#2384=EDGE_CURVE('',#1882,#1883,#1042,.T.);
#2385=EDGE_CURVE('',#1883,#1884,#1043,.T.);
#2386=EDGE_CURVE('',#1884,#1885,#1044,.T.);
#2387=EDGE_CURVE('',#1882,#1885,#1045,.T.);
#2388=EDGE_CURVE('',#1883,#1886,#1046,.T.);
#2389=EDGE_CURVE('',#1886,#1887,#1047,.T.);
#2390=EDGE_CURVE('',#1887,#1884,#1048,.T.);
#2391=EDGE_CURVE('',#1886,#1888,#1049,.T.);
#2392=EDGE_CURVE('',#1888,#1889,#1050,.T.);
#2393=EDGE_CURVE('',#1889,#1890,#1051,.T.);
#2394=EDGE_CURVE('',#1890,#1891,#1052,.T.);
#2395=EDGE_CURVE('',#1891,#1887,#1053,.T.);
#2396=EDGE_CURVE('',#1885,#1889,#1054,.T.);
#2397=EDGE_CURVE('',#1888,#1882,#1055,.T.);
#2398=EDGE_CURVE('',#1892,#1885,#1056,.T.);
#2399=EDGE_CURVE('',#1893,#1892,#1057,.T.);
#2400=EDGE_CURVE('',#1894,#1893,#1058,.T.);
#2401=EDGE_CURVE('',#1894,#1895,#80,.T.);
#2402=EDGE_CURVE('',#1896,#1895,#1059,.T.);
#2403=EDGE_CURVE('',#1896,#1897,#81,.T.);
#2404=EDGE_CURVE('',#1898,#1897,#1060,.T.);
#2405=EDGE_CURVE('',#1898,#1899,#82,.T.);
#2406=EDGE_CURVE('',#1900,#1899,#1061,.T.);
#2407=EDGE_CURVE('',#1900,#1814,#83,.T.);
#2408=EDGE_CURVE('',#1901,#1813,#1062,.T.);
#2409=EDGE_CURVE('',#1902,#1901,#1063,.T.);
#2410=EDGE_CURVE('',#1890,#1902,#1064,.T.);
#2411=EDGE_CURVE('',#1780,#1903,#84,.T.);
#2412=EDGE_CURVE('',#1903,#1729,#85,.T.);
#2413=EDGE_CURVE('',#1904,#1884,#1065,.T.);
#2414=EDGE_CURVE('',#1892,#1904,#1066,.T.);
#2415=EDGE_CURVE('',#1905,#1906,#1067,.T.);
#2416=EDGE_CURVE('',#1906,#1907,#1068,.T.);
#2417=EDGE_CURVE('',#1907,#1908,#1069,.T.);
#2418=EDGE_CURVE('',#1908,#1905,#1070,.T.);
#2419=EDGE_CURVE('',#1904,#1891,#1071,.T.);
#2420=EDGE_CURVE('',#1905,#1909,#1072,.T.);
#2421=EDGE_CURVE('',#1910,#1909,#1073,.T.);
#2422=EDGE_CURVE('',#1910,#1906,#1074,.T.);
#2423=EDGE_CURVE('',#1908,#1911,#1075,.T.);
#2424=EDGE_CURVE('',#1909,#1911,#1076,.T.);
#2425=EDGE_CURVE('',#1907,#1912,#1077,.T.);
#2426=EDGE_CURVE('',#1911,#1912,#1078,.T.);
#2427=EDGE_CURVE('',#1912,#1910,#1079,.T.);
#2428=EDGE_CURVE('',#1903,#1913,#1080,.T.);
#2429=EDGE_CURVE('',#1913,#1913,#86,.T.);
#2430=EDGE_CURVE('',#1913,#1863,#1081,.T.);
#2431=EDGE_CURVE('',#1914,#1915,#1082,.T.);
#2432=EDGE_CURVE('',#1916,#1914,#1083,.T.);
#2433=EDGE_CURVE('',#1917,#1916,#1084,.T.);
#2434=EDGE_CURVE('',#1917,#1915,#1085,.T.);
#2435=EDGE_CURVE('',#1915,#1918,#87,.T.);
#2436=EDGE_CURVE('',#1919,#1917,#88,.T.);
#2437=EDGE_CURVE('',#1919,#1918,#1086,.T.);
#2438=EDGE_CURVE('',#1918,#1920,#1087,.T.);
#2439=EDGE_CURVE('',#1921,#1919,#1088,.T.);
#2440=EDGE_CURVE('',#1921,#1920,#1089,.T.);
#2441=EDGE_CURVE('',#1920,#1922,#89,.T.);
#2442=EDGE_CURVE('',#1923,#1921,#90,.T.);
#2443=EDGE_CURVE('',#1923,#1922,#1090,.T.);
#2444=EDGE_CURVE('',#1922,#1924,#1091,.T.);
#2445=EDGE_CURVE('',#1925,#1923,#1092,.T.);
#2446=EDGE_CURVE('',#1925,#1924,#1093,.T.);
#2447=EDGE_CURVE('',#1924,#1805,#91,.T.);
#2448=EDGE_CURVE('',#1812,#1925,#92,.T.);
#2449=EDGE_CURVE('',#1785,#1914,#93,.T.);
#2450=EDGE_CURVE('',#1926,#1784,#1094,.T.);
#2451=EDGE_CURVE('',#1916,#1926,#94,.T.);
#2452=EDGE_CURVE('',#1794,#1894,#1095,.T.);
#2453=EDGE_CURVE('',#1927,#1893,#1096,.T.);
#2454=EDGE_CURVE('',#1928,#1927,#1097,.T.);
#2455=EDGE_CURVE('',#1926,#1928,#1098,.T.);
#2456=EDGE_CURVE('',#1835,#1798,#1099,.T.);
#2457=EDGE_CURVE('',#1929,#1929,#95,.T.);
#2458=EDGE_CURVE('',#1929,#1930,#1100,.T.);
#2459=EDGE_CURVE('',#1930,#1930,#96,.T.);
#2460=EDGE_CURVE('',#1931,#1931,#97,.T.);
#2461=EDGE_CURVE('',#1931,#1836,#1101,.T.);
#2462=EDGE_CURVE('',#1932,#1932,#98,.T.);
#2463=EDGE_CURVE('',#1932,#1933,#1102,.T.);
#2464=EDGE_CURVE('',#1933,#1933,#99,.T.);
#2465=EDGE_CURVE('',#1934,#1934,#100,.T.);
#2466=EDGE_CURVE('',#1934,#1843,#1103,.T.);
#2467=EDGE_CURVE('',#1935,#1935,#101,.T.);
#2468=EDGE_CURVE('',#1935,#1936,#1104,.T.);
#2469=EDGE_CURVE('',#1936,#1936,#102,.T.);
#2470=EDGE_CURVE('',#1937,#1937,#103,.T.);
#2471=EDGE_CURVE('',#1937,#1837,#1105,.T.);
#2472=EDGE_CURVE('',#1938,#1938,#104,.T.);
#2473=EDGE_CURVE('',#1938,#1939,#1106,.T.);
#2474=EDGE_CURVE('',#1939,#1939,#105,.T.);
#2475=EDGE_CURVE('',#1940,#1940,#106,.T.);
#2476=EDGE_CURVE('',#1940,#1842,#1107,.T.);
#2477=EDGE_CURVE('',#1928,#1941,#1108,.T.);
#2478=EDGE_CURVE('',#1941,#1901,#1109,.T.);
#2479=EDGE_CURVE('',#1859,#1898,#1110,.T.);
#2480=EDGE_CURVE('',#1899,#1858,#1111,.T.);
#2481=EDGE_CURVE('',#1861,#1896,#1112,.T.);
#2482=EDGE_CURVE('',#1897,#1860,#1113,.T.);
#2483=EDGE_CURVE('',#1857,#1900,#1114,.T.);
#2484=EDGE_CURVE('',#1895,#1862,#1115,.T.);
#2485=EDGE_CURVE('',#1942,#1942,#107,.T.);
#2486=EDGE_CURVE('',#1942,#1943,#1116,.T.);
#2487=EDGE_CURVE('',#1943,#1943,#108,.T.);
#2488=EDGE_CURVE('',#1944,#1944,#109,.T.);
#2489=EDGE_CURVE('',#1944,#1838,#1117,.T.);
#2490=EDGE_CURVE('',#1945,#1945,#110,.T.);
#2491=EDGE_CURVE('',#1945,#1946,#1118,.T.);
#2492=EDGE_CURVE('',#1946,#1946,#111,.T.);
#2493=EDGE_CURVE('',#1947,#1947,#112,.T.);
#2494=EDGE_CURVE('',#1947,#1841,#1119,.T.);
#2495=EDGE_CURVE('',#1948,#1948,#113,.T.);
#2496=EDGE_CURVE('',#1948,#1949,#1120,.T.);
#2497=EDGE_CURVE('',#1949,#1949,#114,.T.);
#2498=EDGE_CURVE('',#1950,#1950,#115,.T.);
#2499=EDGE_CURVE('',#1950,#1839,#1121,.T.);
#2500=EDGE_CURVE('',#1951,#1951,#116,.T.);
#2501=EDGE_CURVE('',#1951,#1952,#1122,.T.);
#2502=EDGE_CURVE('',#1952,#1952,#117,.T.);
#2503=EDGE_CURVE('',#1953,#1953,#118,.T.);
#2504=EDGE_CURVE('',#1953,#1840,#1123,.T.);
#2505=EDGE_CURVE('',#1954,#1955,#1124,.T.);
#2506=EDGE_CURVE('',#1954,#1956,#1125,.T.);
#2507=EDGE_CURVE('',#1957,#1956,#1126,.T.);
#2508=EDGE_CURVE('',#1955,#1957,#1127,.T.);
#2509=EDGE_CURVE('',#1958,#1954,#1128,.T.);
#2510=EDGE_CURVE('',#1958,#1959,#1129,.T.);
#2511=EDGE_CURVE('',#1956,#1959,#1130,.T.);
#2512=EDGE_CURVE('',#1960,#1958,#1131,.T.);
#2513=EDGE_CURVE('',#1960,#1961,#1132,.T.);
#2514=EDGE_CURVE('',#1959,#1961,#1133,.T.);
#2515=EDGE_CURVE('',#1955,#1960,#1134,.T.);
#2516=EDGE_CURVE('',#1961,#1957,#1135,.T.);
#2517=EDGE_CURVE('',#1962,#1927,#1136,.T.);
#2518=EDGE_CURVE('',#1941,#1962,#1137,.T.);
#2519=EDGE_CURVE('',#1799,#1834,#1138,.T.);
#2520=EDGE_CURVE('',#1963,#1964,#119,.T.);
#2521=EDGE_CURVE('',#1964,#1965,#1139,.T.);
#2522=EDGE_CURVE('',#1966,#1965,#120,.T.);
#2523=EDGE_CURVE('',#1963,#1966,#1140,.T.);
#2524=EDGE_CURVE('',#1967,#1963,#1141,.T.);
#2525=EDGE_CURVE('',#1968,#1966,#1142,.T.);
#2526=EDGE_CURVE('',#1967,#1968,#1143,.T.);
#2527=EDGE_CURVE('',#1969,#1967,#121,.T.);
#2528=EDGE_CURVE('',#1970,#1968,#122,.T.);
#2529=EDGE_CURVE('',#1969,#1970,#1144,.T.);
#2530=EDGE_CURVE('',#1971,#1969,#1145,.T.);
#2531=EDGE_CURVE('',#1972,#1970,#1146,.T.);
#2532=EDGE_CURVE('',#1971,#1972,#1147,.T.);
#2533=EDGE_CURVE('',#1973,#1971,#123,.T.);
#2534=EDGE_CURVE('',#1974,#1972,#124,.T.);
#2535=EDGE_CURVE('',#1973,#1974,#1148,.T.);
#2536=EDGE_CURVE('',#1975,#1973,#1149,.T.);
#2537=EDGE_CURVE('',#1976,#1974,#1150,.T.);
#2538=EDGE_CURVE('',#1975,#1976,#1151,.T.);
#2539=EDGE_CURVE('',#1977,#1975,#125,.T.);
#2540=EDGE_CURVE('',#1978,#1976,#126,.T.);
#2541=EDGE_CURVE('',#1977,#1978,#1152,.T.);
#2542=EDGE_CURVE('',#1964,#1977,#1153,.T.);
#2543=EDGE_CURVE('',#1965,#1978,#1154,.T.);
#2544=EDGE_CURVE('',#1979,#1980,#1155,.T.);
#2545=EDGE_CURVE('',#1980,#1981,#1156,.T.);
#2546=EDGE_CURVE('',#1982,#1981,#1157,.T.);
#2547=EDGE_CURVE('',#1979,#1982,#1158,.T.);
#2548=EDGE_CURVE('',#1983,#1979,#1159,.T.);
#2549=EDGE_CURVE('',#1984,#1982,#1160,.T.);
#2550=EDGE_CURVE('',#1983,#1984,#1161,.T.);
#2551=EDGE_CURVE('',#1985,#1983,#1162,.T.);
#2552=EDGE_CURVE('',#1986,#1984,#1163,.T.);
#2553=EDGE_CURVE('',#1985,#1986,#1164,.T.);
#2554=EDGE_CURVE('',#1980,#1985,#1165,.T.);
#2555=EDGE_CURVE('',#1981,#1986,#1166,.T.);
#2556=EDGE_CURVE('',#1987,#1988,#1167,.T.);
#2557=EDGE_CURVE('',#1988,#1879,#1168,.T.);
#2558=EDGE_CURVE('',#1987,#1878,#1169,.T.);
#2559=EDGE_CURVE('',#1989,#1987,#1170,.T.);
#2560=EDGE_CURVE('',#1989,#1881,#1171,.T.);
#2561=EDGE_CURVE('',#1990,#1989,#1172,.T.);
#2562=EDGE_CURVE('',#1990,#1880,#1173,.T.);
#2563=EDGE_CURVE('',#1988,#1990,#1174,.T.);
#2564=EDGE_CURVE('',#1991,#1992,#1175,.T.);
#2565=EDGE_CURVE('',#1992,#1993,#1176,.T.);
#2566=EDGE_CURVE('',#1994,#1993,#1177,.T.);
#2567=EDGE_CURVE('',#1991,#1994,#1178,.T.);
#2568=EDGE_CURVE('',#1995,#1991,#127,.T.);
#2569=EDGE_CURVE('',#1996,#1994,#128,.T.);
#2570=EDGE_CURVE('',#1995,#1996,#1179,.T.);
#2571=EDGE_CURVE('',#1997,#1995,#1180,.T.);
#2572=EDGE_CURVE('',#1998,#1996,#1181,.T.);
#2573=EDGE_CURVE('',#1997,#1998,#1182,.T.);
#2574=EDGE_CURVE('',#1999,#1997,#1183,.T.);
#2575=EDGE_CURVE('',#2000,#1998,#1184,.T.);
#2576=EDGE_CURVE('',#1999,#2000,#1185,.T.);
#2577=EDGE_CURVE('',#2001,#1999,#129,.T.);
#2578=EDGE_CURVE('',#2002,#2000,#130,.T.);
#2579=EDGE_CURVE('',#2001,#2002,#1186,.T.);
#2580=EDGE_CURVE('',#2003,#2001,#1187,.T.);
#2581=EDGE_CURVE('',#2004,#2002,#1188,.T.);
#2582=EDGE_CURVE('',#2003,#2004,#1189,.T.);
#2583=EDGE_CURVE('',#2005,#2003,#131,.T.);
#2584=EDGE_CURVE('',#2006,#2004,#132,.T.);
#2585=EDGE_CURVE('',#2005,#2006,#1190,.T.);
#2586=EDGE_CURVE('',#2007,#2005,#1191,.T.);
#2587=EDGE_CURVE('',#2008,#2006,#1192,.T.);
#2588=EDGE_CURVE('',#2007,#2008,#1193,.T.);
#2589=EDGE_CURVE('',#2009,#2007,#133,.T.);
#2590=EDGE_CURVE('',#2010,#2008,#134,.T.);
#2591=EDGE_CURVE('',#2009,#2010,#1194,.T.);
#2592=EDGE_CURVE('',#2011,#2009,#1195,.T.);
#2593=EDGE_CURVE('',#2012,#2010,#1196,.T.);
#2594=EDGE_CURVE('',#2011,#2012,#1197,.T.);
#2595=EDGE_CURVE('',#2013,#2011,#135,.T.);
#2596=EDGE_CURVE('',#2014,#2012,#136,.T.);
#2597=EDGE_CURVE('',#2013,#2014,#1198,.T.);
#2598=EDGE_CURVE('',#2015,#2013,#1199,.T.);
#2599=EDGE_CURVE('',#2016,#2014,#1200,.T.);
#2600=EDGE_CURVE('',#2015,#2016,#1201,.T.);
#2601=EDGE_CURVE('',#2017,#2015,#1202,.T.);
#2602=EDGE_CURVE('',#2018,#2016,#1203,.T.);
#2603=EDGE_CURVE('',#2017,#2018,#1204,.T.);
#2604=EDGE_CURVE('',#1992,#2017,#137,.T.);
#2605=EDGE_CURVE('',#1993,#2018,#138,.T.);
#2606=EDGE_CURVE('',#1902,#1962,#1205,.T.);
#2607=ORIENTED_EDGE('',*,*,#2019,.F.);
#2608=ORIENTED_EDGE('',*,*,#2020,.T.);
#2609=ORIENTED_EDGE('',*,*,#2021,.T.);
#2610=ORIENTED_EDGE('',*,*,#2022,.F.);
#2611=ORIENTED_EDGE('',*,*,#2023,.F.);
#2612=ORIENTED_EDGE('',*,*,#2024,.T.);
#2613=ORIENTED_EDGE('',*,*,#2025,.T.);
#2614=ORIENTED_EDGE('',*,*,#2020,.F.);
#2615=ORIENTED_EDGE('',*,*,#2026,.F.);
#2616=ORIENTED_EDGE('',*,*,#2027,.T.);
#2617=ORIENTED_EDGE('',*,*,#2028,.T.);
#2618=ORIENTED_EDGE('',*,*,#2024,.F.);
#2619=ORIENTED_EDGE('',*,*,#2029,.F.);
#2620=ORIENTED_EDGE('',*,*,#2030,.T.);
#2621=ORIENTED_EDGE('',*,*,#2031,.T.);
#2622=ORIENTED_EDGE('',*,*,#2027,.F.);
#2623=ORIENTED_EDGE('',*,*,#2032,.F.);
#2624=ORIENTED_EDGE('',*,*,#2033,.T.);
#2625=ORIENTED_EDGE('',*,*,#2034,.T.);
#2626=ORIENTED_EDGE('',*,*,#2030,.F.);
#2627=ORIENTED_EDGE('',*,*,#2035,.F.);
#2628=ORIENTED_EDGE('',*,*,#2022,.T.);
#2629=ORIENTED_EDGE('',*,*,#2036,.T.);
#2630=ORIENTED_EDGE('',*,*,#2033,.F.);
#2631=ORIENTED_EDGE('',*,*,#2036,.F.);
#2632=ORIENTED_EDGE('',*,*,#2021,.F.);
#2633=ORIENTED_EDGE('',*,*,#2025,.F.);
#2634=ORIENTED_EDGE('',*,*,#2028,.F.);
#2635=ORIENTED_EDGE('',*,*,#2031,.F.);
#2636=ORIENTED_EDGE('',*,*,#2034,.F.);
#2637=ORIENTED_EDGE('',*,*,#2037,.F.);
#2638=ORIENTED_EDGE('',*,*,#2038,.T.);
#2639=ORIENTED_EDGE('',*,*,#2039,.T.);
#2640=ORIENTED_EDGE('',*,*,#2040,.F.);
#2641=ORIENTED_EDGE('',*,*,#2041,.F.);
#2642=ORIENTED_EDGE('',*,*,#2042,.T.);
#2643=ORIENTED_EDGE('',*,*,#2043,.T.);
#2644=ORIENTED_EDGE('',*,*,#2038,.F.);
#2645=ORIENTED_EDGE('',*,*,#2044,.F.);
#2646=ORIENTED_EDGE('',*,*,#2045,.T.);
#2647=ORIENTED_EDGE('',*,*,#2046,.T.);
#2648=ORIENTED_EDGE('',*,*,#2042,.F.);
#2649=ORIENTED_EDGE('',*,*,#2047,.F.);
#2650=ORIENTED_EDGE('',*,*,#2048,.T.);
#2651=ORIENTED_EDGE('',*,*,#2049,.T.);
#2652=ORIENTED_EDGE('',*,*,#2045,.F.);
#2653=ORIENTED_EDGE('',*,*,#2050,.F.);
#2654=ORIENTED_EDGE('',*,*,#2051,.T.);
#2655=ORIENTED_EDGE('',*,*,#2052,.T.);
#2656=ORIENTED_EDGE('',*,*,#2048,.F.);
#2657=ORIENTED_EDGE('',*,*,#2053,.F.);
#2658=ORIENTED_EDGE('',*,*,#2054,.T.);
#2659=ORIENTED_EDGE('',*,*,#2055,.T.);
#2660=ORIENTED_EDGE('',*,*,#2051,.F.);
#2661=ORIENTED_EDGE('',*,*,#2056,.F.);
#2662=ORIENTED_EDGE('',*,*,#2057,.T.);
#2663=ORIENTED_EDGE('',*,*,#2058,.T.);
#2664=ORIENTED_EDGE('',*,*,#2054,.F.);
#2665=ORIENTED_EDGE('',*,*,#2059,.F.);
#2666=ORIENTED_EDGE('',*,*,#2060,.T.);
#2667=ORIENTED_EDGE('',*,*,#2061,.T.);
#2668=ORIENTED_EDGE('',*,*,#2057,.F.);
#2669=ORIENTED_EDGE('',*,*,#2062,.F.);
#2670=ORIENTED_EDGE('',*,*,#2063,.T.);
#2671=ORIENTED_EDGE('',*,*,#2064,.T.);
#2672=ORIENTED_EDGE('',*,*,#2060,.F.);
#2673=ORIENTED_EDGE('',*,*,#2065,.F.);
#2674=ORIENTED_EDGE('',*,*,#2040,.T.);
#2675=ORIENTED_EDGE('',*,*,#2066,.T.);
#2676=ORIENTED_EDGE('',*,*,#2063,.F.);
#2677=ORIENTED_EDGE('',*,*,#2066,.F.);
#2678=ORIENTED_EDGE('',*,*,#2039,.F.);
#2679=ORIENTED_EDGE('',*,*,#2043,.F.);
#2680=ORIENTED_EDGE('',*,*,#2046,.F.);
#2681=ORIENTED_EDGE('',*,*,#2049,.F.);
#2682=ORIENTED_EDGE('',*,*,#2052,.F.);
#2683=ORIENTED_EDGE('',*,*,#2055,.F.);
#2684=ORIENTED_EDGE('',*,*,#2058,.F.);
#2685=ORIENTED_EDGE('',*,*,#2061,.F.);
#2686=ORIENTED_EDGE('',*,*,#2064,.F.);
#2687=ORIENTED_EDGE('',*,*,#2067,.F.);
#2688=ORIENTED_EDGE('',*,*,#2068,.T.);
#2689=ORIENTED_EDGE('',*,*,#2069,.T.);
#2690=ORIENTED_EDGE('',*,*,#2070,.F.);
#2691=ORIENTED_EDGE('',*,*,#2071,.F.);
#2692=ORIENTED_EDGE('',*,*,#2072,.T.);
#2693=ORIENTED_EDGE('',*,*,#2073,.T.);
#2694=ORIENTED_EDGE('',*,*,#2068,.F.);
#2695=ORIENTED_EDGE('',*,*,#2074,.F.);
#2696=ORIENTED_EDGE('',*,*,#2075,.T.);
#2697=ORIENTED_EDGE('',*,*,#2076,.T.);
#2698=ORIENTED_EDGE('',*,*,#2072,.F.);
#2699=ORIENTED_EDGE('',*,*,#2077,.F.);
#2700=ORIENTED_EDGE('',*,*,#2078,.T.);
#2701=ORIENTED_EDGE('',*,*,#2079,.T.);
#2702=ORIENTED_EDGE('',*,*,#2075,.F.);
#2703=ORIENTED_EDGE('',*,*,#2080,.F.);
#2704=ORIENTED_EDGE('',*,*,#2081,.T.);
#2705=ORIENTED_EDGE('',*,*,#2082,.T.);
#2706=ORIENTED_EDGE('',*,*,#2078,.F.);
#2707=ORIENTED_EDGE('',*,*,#2083,.F.);
#2708=ORIENTED_EDGE('',*,*,#2084,.T.);
#2709=ORIENTED_EDGE('',*,*,#2085,.T.);
#2710=ORIENTED_EDGE('',*,*,#2081,.F.);
#2711=ORIENTED_EDGE('',*,*,#2086,.F.);
#2712=ORIENTED_EDGE('',*,*,#2087,.T.);
#2713=ORIENTED_EDGE('',*,*,#2088,.T.);
#2714=ORIENTED_EDGE('',*,*,#2084,.F.);
#2715=ORIENTED_EDGE('',*,*,#2089,.F.);
#2716=ORIENTED_EDGE('',*,*,#2090,.T.);
#2717=ORIENTED_EDGE('',*,*,#2091,.T.);
#2718=ORIENTED_EDGE('',*,*,#2087,.F.);
#2719=ORIENTED_EDGE('',*,*,#2092,.F.);
#2720=ORIENTED_EDGE('',*,*,#2093,.T.);
#2721=ORIENTED_EDGE('',*,*,#2094,.T.);
#2722=ORIENTED_EDGE('',*,*,#2090,.F.);
#2723=ORIENTED_EDGE('',*,*,#2095,.F.);
#2724=ORIENTED_EDGE('',*,*,#2070,.T.);
#2725=ORIENTED_EDGE('',*,*,#2096,.T.);
#2726=ORIENTED_EDGE('',*,*,#2093,.F.);
#2727=ORIENTED_EDGE('',*,*,#2097,.F.);
#2728=ORIENTED_EDGE('',*,*,#2098,.T.);
#2729=ORIENTED_EDGE('',*,*,#2099,.T.);
#2730=ORIENTED_EDGE('',*,*,#2100,.F.);
#2731=ORIENTED_EDGE('',*,*,#2101,.F.);
#2732=ORIENTED_EDGE('',*,*,#2102,.T.);
#2733=ORIENTED_EDGE('',*,*,#2103,.T.);
#2734=ORIENTED_EDGE('',*,*,#2098,.F.);
#2735=ORIENTED_EDGE('',*,*,#2104,.F.);
#2736=ORIENTED_EDGE('',*,*,#2105,.T.);
#2737=ORIENTED_EDGE('',*,*,#2106,.T.);
#2738=ORIENTED_EDGE('',*,*,#2102,.F.);
#2739=ORIENTED_EDGE('',*,*,#2107,.F.);
#2740=ORIENTED_EDGE('',*,*,#2108,.T.);
#2741=ORIENTED_EDGE('',*,*,#2109,.T.);
#2742=ORIENTED_EDGE('',*,*,#2105,.F.);
#2743=ORIENTED_EDGE('',*,*,#2110,.F.);
#2744=ORIENTED_EDGE('',*,*,#2111,.T.);
#2745=ORIENTED_EDGE('',*,*,#2112,.T.);
#2746=ORIENTED_EDGE('',*,*,#2108,.F.);
#2747=ORIENTED_EDGE('',*,*,#2113,.F.);
#2748=ORIENTED_EDGE('',*,*,#2114,.T.);
#2749=ORIENTED_EDGE('',*,*,#2115,.T.);
#2750=ORIENTED_EDGE('',*,*,#2111,.F.);
#2751=ORIENTED_EDGE('',*,*,#2116,.F.);
#2752=ORIENTED_EDGE('',*,*,#2117,.T.);
#2753=ORIENTED_EDGE('',*,*,#2118,.T.);
#2754=ORIENTED_EDGE('',*,*,#2114,.F.);
#2755=ORIENTED_EDGE('',*,*,#2119,.F.);
#2756=ORIENTED_EDGE('',*,*,#2120,.T.);
#2757=ORIENTED_EDGE('',*,*,#2121,.T.);
#2758=ORIENTED_EDGE('',*,*,#2117,.F.);
#2759=ORIENTED_EDGE('',*,*,#2122,.F.);
#2760=ORIENTED_EDGE('',*,*,#2100,.T.);
#2761=ORIENTED_EDGE('',*,*,#2123,.T.);
#2762=ORIENTED_EDGE('',*,*,#2120,.F.);
#2763=ORIENTED_EDGE('',*,*,#2124,.F.);
#2764=ORIENTED_EDGE('',*,*,#2125,.T.);
#2765=ORIENTED_EDGE('',*,*,#2126,.T.);
#2766=ORIENTED_EDGE('',*,*,#2127,.F.);
#2767=ORIENTED_EDGE('',*,*,#2128,.F.);
#2768=ORIENTED_EDGE('',*,*,#2129,.T.);
#2769=ORIENTED_EDGE('',*,*,#2130,.T.);
#2770=ORIENTED_EDGE('',*,*,#2125,.F.);
#2771=ORIENTED_EDGE('',*,*,#2131,.F.);
#2772=ORIENTED_EDGE('',*,*,#2132,.T.);
#2773=ORIENTED_EDGE('',*,*,#2133,.T.);
#2774=ORIENTED_EDGE('',*,*,#2129,.F.);
#2775=ORIENTED_EDGE('',*,*,#2134,.F.);
#2776=ORIENTED_EDGE('',*,*,#2135,.T.);
#2777=ORIENTED_EDGE('',*,*,#2136,.T.);
#2778=ORIENTED_EDGE('',*,*,#2132,.F.);
#2779=ORIENTED_EDGE('',*,*,#2137,.F.);
#2780=ORIENTED_EDGE('',*,*,#2138,.T.);
#2781=ORIENTED_EDGE('',*,*,#2139,.T.);
#2782=ORIENTED_EDGE('',*,*,#2135,.F.);
#2783=ORIENTED_EDGE('',*,*,#2140,.F.);
#2784=ORIENTED_EDGE('',*,*,#2141,.T.);
#2785=ORIENTED_EDGE('',*,*,#2142,.T.);
#2786=ORIENTED_EDGE('',*,*,#2138,.F.);
#2787=ORIENTED_EDGE('',*,*,#2143,.F.);
#2788=ORIENTED_EDGE('',*,*,#2144,.T.);
#2789=ORIENTED_EDGE('',*,*,#2145,.T.);
#2790=ORIENTED_EDGE('',*,*,#2141,.F.);
#2791=ORIENTED_EDGE('',*,*,#2146,.F.);
#2792=ORIENTED_EDGE('',*,*,#2147,.T.);
#2793=ORIENTED_EDGE('',*,*,#2148,.T.);
#2794=ORIENTED_EDGE('',*,*,#2144,.F.);
#2795=ORIENTED_EDGE('',*,*,#2149,.F.);
#2796=ORIENTED_EDGE('',*,*,#2150,.T.);
#2797=ORIENTED_EDGE('',*,*,#2151,.T.);
#2798=ORIENTED_EDGE('',*,*,#2147,.F.);
#2799=ORIENTED_EDGE('',*,*,#2152,.F.);
#2800=ORIENTED_EDGE('',*,*,#2153,.T.);
#2801=ORIENTED_EDGE('',*,*,#2154,.T.);
#2802=ORIENTED_EDGE('',*,*,#2150,.F.);
#2803=ORIENTED_EDGE('',*,*,#2155,.F.);
#2804=ORIENTED_EDGE('',*,*,#2156,.T.);
#2805=ORIENTED_EDGE('',*,*,#2157,.T.);
#2806=ORIENTED_EDGE('',*,*,#2153,.F.);
#2807=ORIENTED_EDGE('',*,*,#2158,.F.);
#2808=ORIENTED_EDGE('',*,*,#2159,.T.);
#2809=ORIENTED_EDGE('',*,*,#2160,.T.);
#2810=ORIENTED_EDGE('',*,*,#2156,.F.);
#2811=ORIENTED_EDGE('',*,*,#2161,.F.);
#2812=ORIENTED_EDGE('',*,*,#2162,.T.);
#2813=ORIENTED_EDGE('',*,*,#2163,.T.);
#2814=ORIENTED_EDGE('',*,*,#2159,.F.);
#2815=ORIENTED_EDGE('',*,*,#2164,.F.);
#2816=ORIENTED_EDGE('',*,*,#2127,.T.);
#2817=ORIENTED_EDGE('',*,*,#2165,.T.);
#2818=ORIENTED_EDGE('',*,*,#2162,.F.);
#2819=ORIENTED_EDGE('',*,*,#2165,.F.);
#2820=ORIENTED_EDGE('',*,*,#2126,.F.);
#2821=ORIENTED_EDGE('',*,*,#2130,.F.);
#2822=ORIENTED_EDGE('',*,*,#2133,.F.);
#2823=ORIENTED_EDGE('',*,*,#2136,.F.);
#2824=ORIENTED_EDGE('',*,*,#2139,.F.);
#2825=ORIENTED_EDGE('',*,*,#2142,.F.);
#2826=ORIENTED_EDGE('',*,*,#2145,.F.);
#2827=ORIENTED_EDGE('',*,*,#2148,.F.);
#2828=ORIENTED_EDGE('',*,*,#2151,.F.);
#2829=ORIENTED_EDGE('',*,*,#2154,.F.);
#2830=ORIENTED_EDGE('',*,*,#2157,.F.);
#2831=ORIENTED_EDGE('',*,*,#2160,.F.);
#2832=ORIENTED_EDGE('',*,*,#2163,.F.);
#2833=ORIENTED_EDGE('',*,*,#2123,.F.);
#2834=ORIENTED_EDGE('',*,*,#2099,.F.);
#2835=ORIENTED_EDGE('',*,*,#2103,.F.);
#2836=ORIENTED_EDGE('',*,*,#2106,.F.);
#2837=ORIENTED_EDGE('',*,*,#2109,.F.);
#2838=ORIENTED_EDGE('',*,*,#2112,.F.);
#2839=ORIENTED_EDGE('',*,*,#2115,.F.);
#2840=ORIENTED_EDGE('',*,*,#2118,.F.);
#2841=ORIENTED_EDGE('',*,*,#2121,.F.);
#2842=ORIENTED_EDGE('',*,*,#2096,.F.);
#2843=ORIENTED_EDGE('',*,*,#2069,.F.);
#2844=ORIENTED_EDGE('',*,*,#2073,.F.);
#2845=ORIENTED_EDGE('',*,*,#2076,.F.);
#2846=ORIENTED_EDGE('',*,*,#2079,.F.);
#2847=ORIENTED_EDGE('',*,*,#2082,.F.);
#2848=ORIENTED_EDGE('',*,*,#2085,.F.);
#2849=ORIENTED_EDGE('',*,*,#2088,.F.);
#2850=ORIENTED_EDGE('',*,*,#2091,.F.);
#2851=ORIENTED_EDGE('',*,*,#2094,.F.);
#2852=ORIENTED_EDGE('',*,*,#2166,.F.);
#2853=ORIENTED_EDGE('',*,*,#2167,.T.);
#2854=ORIENTED_EDGE('',*,*,#2168,.F.);
#2855=ORIENTED_EDGE('',*,*,#2169,.F.);
#2856=ORIENTED_EDGE('',*,*,#2170,.F.);
#2857=ORIENTED_EDGE('',*,*,#2171,.T.);
#2858=ORIENTED_EDGE('',*,*,#2172,.T.);
#2859=ORIENTED_EDGE('',*,*,#2173,.F.);
#2860=ORIENTED_EDGE('',*,*,#2174,.F.);
#2861=ORIENTED_EDGE('',*,*,#2175,.T.);
#2862=ORIENTED_EDGE('',*,*,#2176,.T.);
#2863=ORIENTED_EDGE('',*,*,#2171,.F.);
#2864=ORIENTED_EDGE('',*,*,#2177,.F.);
#2865=ORIENTED_EDGE('',*,*,#2178,.T.);
#2866=ORIENTED_EDGE('',*,*,#2179,.T.);
#2867=ORIENTED_EDGE('',*,*,#2175,.F.);
#2868=ORIENTED_EDGE('',*,*,#2180,.F.);
#2869=ORIENTED_EDGE('',*,*,#2181,.T.);
#2870=ORIENTED_EDGE('',*,*,#2182,.T.);
#2871=ORIENTED_EDGE('',*,*,#2178,.F.);
#2872=ORIENTED_EDGE('',*,*,#2183,.F.);
#2873=ORIENTED_EDGE('',*,*,#2184,.T.);
#2874=ORIENTED_EDGE('',*,*,#2185,.T.);
#2875=ORIENTED_EDGE('',*,*,#2181,.F.);
#2876=ORIENTED_EDGE('',*,*,#2186,.F.);
#2877=ORIENTED_EDGE('',*,*,#2187,.T.);
#2878=ORIENTED_EDGE('',*,*,#2188,.T.);
#2879=ORIENTED_EDGE('',*,*,#2184,.F.);
#2880=ORIENTED_EDGE('',*,*,#2189,.F.);
#2881=ORIENTED_EDGE('',*,*,#2190,.T.);
#2882=ORIENTED_EDGE('',*,*,#2191,.T.);
#2883=ORIENTED_EDGE('',*,*,#2187,.F.);
#2884=ORIENTED_EDGE('',*,*,#2192,.F.);
#2885=ORIENTED_EDGE('',*,*,#2173,.T.);
#2886=ORIENTED_EDGE('',*,*,#2193,.T.);
#2887=ORIENTED_EDGE('',*,*,#2190,.F.);
#2888=ORIENTED_EDGE('',*,*,#2194,.F.);
#2889=ORIENTED_EDGE('',*,*,#2195,.T.);
#2890=ORIENTED_EDGE('',*,*,#2196,.T.);
#2891=ORIENTED_EDGE('',*,*,#2197,.F.);
#2892=ORIENTED_EDGE('',*,*,#2198,.F.);
#2893=ORIENTED_EDGE('',*,*,#2199,.T.);
#2894=ORIENTED_EDGE('',*,*,#2200,.T.);
#2895=ORIENTED_EDGE('',*,*,#2195,.F.);
#2896=ORIENTED_EDGE('',*,*,#2201,.F.);
#2897=ORIENTED_EDGE('',*,*,#2202,.T.);
#2898=ORIENTED_EDGE('',*,*,#2203,.T.);
#2899=ORIENTED_EDGE('',*,*,#2199,.F.);
#2900=ORIENTED_EDGE('',*,*,#2204,.F.);
#2901=ORIENTED_EDGE('',*,*,#2205,.T.);
#2902=ORIENTED_EDGE('',*,*,#2206,.T.);
#2903=ORIENTED_EDGE('',*,*,#2202,.F.);
#2904=ORIENTED_EDGE('',*,*,#2207,.F.);
#2905=ORIENTED_EDGE('',*,*,#2208,.T.);
#2906=ORIENTED_EDGE('',*,*,#2209,.T.);
#2907=ORIENTED_EDGE('',*,*,#2205,.F.);
#2908=ORIENTED_EDGE('',*,*,#2210,.F.);
#2909=ORIENTED_EDGE('',*,*,#2211,.T.);
#2910=ORIENTED_EDGE('',*,*,#2212,.T.);
#2911=ORIENTED_EDGE('',*,*,#2208,.F.);
#2912=ORIENTED_EDGE('',*,*,#2213,.F.);
#2913=ORIENTED_EDGE('',*,*,#2214,.T.);
#2914=ORIENTED_EDGE('',*,*,#2215,.T.);
#2915=ORIENTED_EDGE('',*,*,#2211,.F.);
#2916=ORIENTED_EDGE('',*,*,#2216,.F.);
#2917=ORIENTED_EDGE('',*,*,#2217,.T.);
#2918=ORIENTED_EDGE('',*,*,#2218,.T.);
#2919=ORIENTED_EDGE('',*,*,#2214,.F.);
#2920=ORIENTED_EDGE('',*,*,#2219,.F.);
#2921=ORIENTED_EDGE('',*,*,#2220,.T.);
#2922=ORIENTED_EDGE('',*,*,#2221,.T.);
#2923=ORIENTED_EDGE('',*,*,#2217,.F.);
#2924=ORIENTED_EDGE('',*,*,#2222,.F.);
#2925=ORIENTED_EDGE('',*,*,#2223,.T.);
#2926=ORIENTED_EDGE('',*,*,#2224,.T.);
#2927=ORIENTED_EDGE('',*,*,#2220,.F.);
#2928=ORIENTED_EDGE('',*,*,#2225,.F.);
#2929=ORIENTED_EDGE('',*,*,#2226,.T.);
#2930=ORIENTED_EDGE('',*,*,#2227,.T.);
#2931=ORIENTED_EDGE('',*,*,#2223,.F.);
#2932=ORIENTED_EDGE('',*,*,#2228,.F.);
#2933=ORIENTED_EDGE('',*,*,#2229,.T.);
#2934=ORIENTED_EDGE('',*,*,#2230,.T.);
#2935=ORIENTED_EDGE('',*,*,#2226,.F.);
#2936=ORIENTED_EDGE('',*,*,#2231,.F.);
#2937=ORIENTED_EDGE('',*,*,#2232,.T.);
#2938=ORIENTED_EDGE('',*,*,#2233,.T.);
#2939=ORIENTED_EDGE('',*,*,#2229,.F.);
#2940=ORIENTED_EDGE('',*,*,#2234,.F.);
#2941=ORIENTED_EDGE('',*,*,#2235,.T.);
#2942=ORIENTED_EDGE('',*,*,#2236,.T.);
#2943=ORIENTED_EDGE('',*,*,#2232,.F.);
#2944=ORIENTED_EDGE('',*,*,#2237,.F.);
#2945=ORIENTED_EDGE('',*,*,#2238,.T.);
#2946=ORIENTED_EDGE('',*,*,#2239,.T.);
#2947=ORIENTED_EDGE('',*,*,#2235,.F.);
#2948=ORIENTED_EDGE('',*,*,#2240,.F.);
#2949=ORIENTED_EDGE('',*,*,#2168,.T.);
#2950=ORIENTED_EDGE('',*,*,#2241,.T.);
#2951=ORIENTED_EDGE('',*,*,#2238,.F.);
#2952=ORIENTED_EDGE('',*,*,#2242,.F.);
#2953=ORIENTED_EDGE('',*,*,#2243,.F.);
#2954=ORIENTED_EDGE('',*,*,#2244,.T.);
#2955=ORIENTED_EDGE('',*,*,#2245,.T.);
#2956=ORIENTED_EDGE('',*,*,#2246,.F.);
#2957=ORIENTED_EDGE('',*,*,#2197,.T.);
#2958=ORIENTED_EDGE('',*,*,#2247,.T.);
#2959=ORIENTED_EDGE('',*,*,#2244,.F.);
#2960=ORIENTED_EDGE('',*,*,#2248,.F.);
#2961=ORIENTED_EDGE('',*,*,#2245,.F.);
#2962=ORIENTED_EDGE('',*,*,#2247,.F.);
#2963=ORIENTED_EDGE('',*,*,#2196,.F.);
#2964=ORIENTED_EDGE('',*,*,#2200,.F.);
#2965=ORIENTED_EDGE('',*,*,#2203,.F.);
#2966=ORIENTED_EDGE('',*,*,#2206,.F.);
#2967=ORIENTED_EDGE('',*,*,#2209,.F.);
#2968=ORIENTED_EDGE('',*,*,#2212,.F.);
#2969=ORIENTED_EDGE('',*,*,#2215,.F.);
#2970=ORIENTED_EDGE('',*,*,#2218,.F.);
#2971=ORIENTED_EDGE('',*,*,#2221,.F.);
#2972=ORIENTED_EDGE('',*,*,#2224,.F.);
#2973=ORIENTED_EDGE('',*,*,#2227,.F.);
#2974=ORIENTED_EDGE('',*,*,#2230,.F.);
#2975=ORIENTED_EDGE('',*,*,#2233,.F.);
#2976=ORIENTED_EDGE('',*,*,#2236,.F.);
#2977=ORIENTED_EDGE('',*,*,#2239,.F.);
#2978=ORIENTED_EDGE('',*,*,#2241,.F.);
#2979=ORIENTED_EDGE('',*,*,#2167,.F.);
#2980=ORIENTED_EDGE('',*,*,#2193,.F.);
#2981=ORIENTED_EDGE('',*,*,#2172,.F.);
#2982=ORIENTED_EDGE('',*,*,#2176,.F.);
#2983=ORIENTED_EDGE('',*,*,#2179,.F.);
#2984=ORIENTED_EDGE('',*,*,#2182,.F.);
#2985=ORIENTED_EDGE('',*,*,#2185,.F.);
#2986=ORIENTED_EDGE('',*,*,#2188,.F.);
#2987=ORIENTED_EDGE('',*,*,#2191,.F.);
#2988=ORIENTED_EDGE('',*,*,#2170,.T.);
#2989=ORIENTED_EDGE('',*,*,#2192,.T.);
#2990=ORIENTED_EDGE('',*,*,#2189,.T.);
#2991=ORIENTED_EDGE('',*,*,#2186,.T.);
#2992=ORIENTED_EDGE('',*,*,#2183,.T.);
#2993=ORIENTED_EDGE('',*,*,#2180,.T.);
#2994=ORIENTED_EDGE('',*,*,#2177,.T.);
#2995=ORIENTED_EDGE('',*,*,#2174,.T.);
#2996=ORIENTED_EDGE('',*,*,#2097,.T.);
#2997=ORIENTED_EDGE('',*,*,#2122,.T.);
#2998=ORIENTED_EDGE('',*,*,#2119,.T.);
#2999=ORIENTED_EDGE('',*,*,#2116,.T.);
#3000=ORIENTED_EDGE('',*,*,#2113,.T.);
#3001=ORIENTED_EDGE('',*,*,#2110,.T.);
#3002=ORIENTED_EDGE('',*,*,#2107,.T.);
#3003=ORIENTED_EDGE('',*,*,#2104,.T.);
#3004=ORIENTED_EDGE('',*,*,#2101,.T.);
#3005=ORIENTED_EDGE('',*,*,#2067,.T.);
#3006=ORIENTED_EDGE('',*,*,#2095,.T.);
#3007=ORIENTED_EDGE('',*,*,#2092,.T.);
#3008=ORIENTED_EDGE('',*,*,#2089,.T.);
#3009=ORIENTED_EDGE('',*,*,#2086,.T.);
#3010=ORIENTED_EDGE('',*,*,#2083,.T.);
#3011=ORIENTED_EDGE('',*,*,#2080,.T.);
#3012=ORIENTED_EDGE('',*,*,#2077,.T.);
#3013=ORIENTED_EDGE('',*,*,#2074,.T.);
#3014=ORIENTED_EDGE('',*,*,#2071,.T.);
#3015=ORIENTED_EDGE('',*,*,#2249,.T.);
#3016=ORIENTED_EDGE('',*,*,#2250,.T.);
#3017=ORIENTED_EDGE('',*,*,#2251,.F.);
#3018=ORIENTED_EDGE('',*,*,#2252,.F.);
#3019=ORIENTED_EDGE('',*,*,#2253,.F.);
#3020=ORIENTED_EDGE('',*,*,#2252,.T.);
#3021=ORIENTED_EDGE('',*,*,#2254,.F.);
#3022=ORIENTED_EDGE('',*,*,#2255,.F.);
#3023=ORIENTED_EDGE('',*,*,#2256,.F.);
#3024=ORIENTED_EDGE('',*,*,#2255,.T.);
#3025=ORIENTED_EDGE('',*,*,#2257,.F.);
#3026=ORIENTED_EDGE('',*,*,#2258,.F.);
#3027=ORIENTED_EDGE('',*,*,#2259,.F.);
#3028=ORIENTED_EDGE('',*,*,#2258,.T.);
#3029=ORIENTED_EDGE('',*,*,#2260,.F.);
#3030=ORIENTED_EDGE('',*,*,#2261,.F.);
#3031=ORIENTED_EDGE('',*,*,#2262,.F.);
#3032=ORIENTED_EDGE('',*,*,#2261,.T.);
#3033=ORIENTED_EDGE('',*,*,#2263,.F.);
#3034=ORIENTED_EDGE('',*,*,#2264,.F.);
#3035=ORIENTED_EDGE('',*,*,#2265,.T.);
#3036=ORIENTED_EDGE('',*,*,#2264,.T.);
#3037=ORIENTED_EDGE('',*,*,#2266,.F.);
#3038=ORIENTED_EDGE('',*,*,#2267,.F.);
#3039=ORIENTED_EDGE('',*,*,#2268,.T.);
#3040=ORIENTED_EDGE('',*,*,#2269,.T.);
#3041=ORIENTED_EDGE('',*,*,#2270,.T.);
#3042=ORIENTED_EDGE('',*,*,#2271,.T.);
#3043=ORIENTED_EDGE('',*,*,#2266,.T.);
#3044=ORIENTED_EDGE('',*,*,#2263,.T.);
#3045=ORIENTED_EDGE('',*,*,#2260,.T.);
#3046=ORIENTED_EDGE('',*,*,#2257,.T.);
#3047=ORIENTED_EDGE('',*,*,#2254,.T.);
#3048=ORIENTED_EDGE('',*,*,#2251,.T.);
#3049=ORIENTED_EDGE('',*,*,#2272,.F.);
#3050=ORIENTED_EDGE('',*,*,#2273,.T.);
#3051=ORIENTED_EDGE('',*,*,#2274,.F.);
#3052=ORIENTED_EDGE('',*,*,#2275,.F.);
#3053=ORIENTED_EDGE('',*,*,#2276,.T.);
#3054=ORIENTED_EDGE('',*,*,#2275,.T.);
#3055=ORIENTED_EDGE('',*,*,#2277,.F.);
#3056=ORIENTED_EDGE('',*,*,#2278,.F.);
#3057=ORIENTED_EDGE('',*,*,#2279,.T.);
#3058=ORIENTED_EDGE('',*,*,#2280,.T.);
#3059=ORIENTED_EDGE('',*,*,#2281,.F.);
#3060=ORIENTED_EDGE('',*,*,#2282,.F.);
#3061=ORIENTED_EDGE('',*,*,#2283,.F.);
#3062=ORIENTED_EDGE('',*,*,#2282,.T.);
#3063=ORIENTED_EDGE('',*,*,#2284,.F.);
#3064=ORIENTED_EDGE('',*,*,#2273,.F.);
#3065=ORIENTED_EDGE('',*,*,#2284,.T.);
#3066=ORIENTED_EDGE('',*,*,#2281,.T.);
#3067=ORIENTED_EDGE('',*,*,#2285,.T.);
#3068=ORIENTED_EDGE('',*,*,#2286,.T.);
#3069=ORIENTED_EDGE('',*,*,#2277,.T.);
#3070=ORIENTED_EDGE('',*,*,#2274,.T.);
#3071=ORIENTED_EDGE('',*,*,#2283,.T.);
#3072=ORIENTED_EDGE('',*,*,#2272,.T.);
#3073=ORIENTED_EDGE('',*,*,#2287,.T.);
#3074=ORIENTED_EDGE('',*,*,#2288,.F.);
#3075=ORIENTED_EDGE('',*,*,#2289,.T.);
#3076=ORIENTED_EDGE('',*,*,#2290,.T.);
#3077=ORIENTED_EDGE('',*,*,#2291,.F.);
#3078=ORIENTED_EDGE('',*,*,#2292,.T.);
#3079=ORIENTED_EDGE('',*,*,#2293,.T.);
#3080=ORIENTED_EDGE('',*,*,#2294,.T.);
#3081=ORIENTED_EDGE('',*,*,#2291,.T.);
#3082=ORIENTED_EDGE('',*,*,#2295,.T.);
#3083=ORIENTED_EDGE('',*,*,#2296,.F.);
#3084=ORIENTED_EDGE('',*,*,#2297,.T.);
#3085=ORIENTED_EDGE('',*,*,#2298,.T.);
#3086=ORIENTED_EDGE('',*,*,#2299,.T.);
#3087=ORIENTED_EDGE('',*,*,#2300,.F.);
#3088=ORIENTED_EDGE('',*,*,#2301,.T.);
#3089=ORIENTED_EDGE('',*,*,#2302,.T.);
#3090=ORIENTED_EDGE('',*,*,#2303,.T.);
#3091=ORIENTED_EDGE('',*,*,#2304,.F.);
#3092=ORIENTED_EDGE('',*,*,#2305,.T.);
#3093=ORIENTED_EDGE('',*,*,#2306,.F.);
#3094=ORIENTED_EDGE('',*,*,#2307,.T.);
#3095=ORIENTED_EDGE('',*,*,#2308,.T.);
#3096=ORIENTED_EDGE('',*,*,#2309,.F.);
#3097=ORIENTED_EDGE('',*,*,#2310,.F.);
#3098=ORIENTED_EDGE('',*,*,#2311,.T.);
#3099=ORIENTED_EDGE('',*,*,#2312,.F.);
#3100=ORIENTED_EDGE('',*,*,#2313,.T.);
#3101=ORIENTED_EDGE('',*,*,#2314,.T.);
#3102=ORIENTED_EDGE('',*,*,#2315,.T.);
#3103=ORIENTED_EDGE('',*,*,#2316,.T.);
#3104=ORIENTED_EDGE('',*,*,#2317,.T.);
#3105=ORIENTED_EDGE('',*,*,#2318,.T.);
#3106=ORIENTED_EDGE('',*,*,#2319,.T.);
#3107=ORIENTED_EDGE('',*,*,#2320,.T.);
#3108=ORIENTED_EDGE('',*,*,#2294,.F.);
#3109=ORIENTED_EDGE('',*,*,#2321,.F.);
#3110=ORIENTED_EDGE('',*,*,#2322,.F.);
#3111=ORIENTED_EDGE('',*,*,#2295,.F.);
#3112=ORIENTED_EDGE('',*,*,#2323,.T.);
#3113=ORIENTED_EDGE('',*,*,#2324,.T.);
#3114=ORIENTED_EDGE('',*,*,#2296,.T.);
#3115=ORIENTED_EDGE('',*,*,#2322,.T.);
#3116=ORIENTED_EDGE('',*,*,#2325,.T.);
#3117=ORIENTED_EDGE('',*,*,#2326,.T.);
#3118=ORIENTED_EDGE('',*,*,#2304,.T.);
#3119=ORIENTED_EDGE('',*,*,#2327,.T.);
#3120=ORIENTED_EDGE('',*,*,#2326,.F.);
#3121=ORIENTED_EDGE('',*,*,#2328,.F.);
#3122=ORIENTED_EDGE('',*,*,#2329,.F.);
#3123=ORIENTED_EDGE('',*,*,#2305,.F.);
#3124=ORIENTED_EDGE('',*,*,#2325,.F.);
#3125=ORIENTED_EDGE('',*,*,#2330,.T.);
#3126=ORIENTED_EDGE('',*,*,#2331,.T.);
#3127=ORIENTED_EDGE('',*,*,#2332,.T.);
#3128=ORIENTED_EDGE('',*,*,#2333,.F.);
#3129=ORIENTED_EDGE('',*,*,#2334,.F.);
#3130=ORIENTED_EDGE('',*,*,#2335,.T.);
#3131=ORIENTED_EDGE('',*,*,#2336,.F.);
#3132=ORIENTED_EDGE('',*,*,#2328,.T.);
#3133=ORIENTED_EDGE('',*,*,#2336,.T.);
#3134=ORIENTED_EDGE('',*,*,#2337,.T.);
#3135=ORIENTED_EDGE('',*,*,#2306,.T.);
#3136=ORIENTED_EDGE('',*,*,#2329,.T.);
#3137=ORIENTED_EDGE('',*,*,#2308,.F.);
#3138=ORIENTED_EDGE('',*,*,#2338,.T.);
#3139=ORIENTED_EDGE('',*,*,#2334,.T.);
#3140=ORIENTED_EDGE('',*,*,#2339,.T.);
#3141=ORIENTED_EDGE('',*,*,#2339,.F.);
#3142=ORIENTED_EDGE('',*,*,#2333,.T.);
#3143=ORIENTED_EDGE('',*,*,#2340,.T.);
#3144=ORIENTED_EDGE('',*,*,#2300,.T.);
#3145=ORIENTED_EDGE('',*,*,#2341,.T.);
#3146=ORIENTED_EDGE('',*,*,#2342,.T.);
#3147=ORIENTED_EDGE('',*,*,#2343,.T.);
#3148=ORIENTED_EDGE('',*,*,#2285,.F.);
#3149=ORIENTED_EDGE('',*,*,#2280,.F.);
#3150=ORIENTED_EDGE('',*,*,#2344,.T.);
#3151=ORIENTED_EDGE('',*,*,#2345,.F.);
#3152=ORIENTED_EDGE('',*,*,#2346,.T.);
#3153=ORIENTED_EDGE('',*,*,#2347,.F.);
#3154=ORIENTED_EDGE('',*,*,#2348,.T.);
#3155=ORIENTED_EDGE('',*,*,#2349,.F.);
#3156=ORIENTED_EDGE('',*,*,#2350,.T.);
#3157=ORIENTED_EDGE('',*,*,#2267,.T.);
#3158=ORIENTED_EDGE('',*,*,#2271,.F.);
#3159=ORIENTED_EDGE('',*,*,#2351,.F.);
#3160=ORIENTED_EDGE('',*,*,#2309,.T.);
#3161=ORIENTED_EDGE('',*,*,#2352,.T.);
#3162=ORIENTED_EDGE('',*,*,#2301,.F.);
#3163=ORIENTED_EDGE('',*,*,#2340,.F.);
#3164=ORIENTED_EDGE('',*,*,#2332,.F.);
#3165=ORIENTED_EDGE('',*,*,#2353,.F.);
#3166=ORIENTED_EDGE('',*,*,#2302,.F.);
#3167=ORIENTED_EDGE('',*,*,#2353,.T.);
#3168=ORIENTED_EDGE('',*,*,#2331,.F.);
#3169=ORIENTED_EDGE('',*,*,#2354,.F.);
#3170=ORIENTED_EDGE('',*,*,#2327,.F.);
#3171=ORIENTED_EDGE('',*,*,#2303,.F.);
#3172=ORIENTED_EDGE('',*,*,#2354,.T.);
#3173=ORIENTED_EDGE('',*,*,#2330,.F.);
#3174=ORIENTED_EDGE('',*,*,#2337,.F.);
#3175=ORIENTED_EDGE('',*,*,#2335,.F.);
#3176=ORIENTED_EDGE('',*,*,#2338,.F.);
#3177=ORIENTED_EDGE('',*,*,#2307,.F.);
#3178=ORIENTED_EDGE('',*,*,#2324,.F.);
#3179=ORIENTED_EDGE('',*,*,#2355,.F.);
#3180=ORIENTED_EDGE('',*,*,#2356,.F.);
#3181=ORIENTED_EDGE('',*,*,#2297,.F.);
#3182=ORIENTED_EDGE('',*,*,#2298,.F.);
#3183=ORIENTED_EDGE('',*,*,#2356,.T.);
#3184=ORIENTED_EDGE('',*,*,#2357,.F.);
#3185=ORIENTED_EDGE('',*,*,#2358,.F.);
#3186=ORIENTED_EDGE('',*,*,#2299,.F.);
#3187=ORIENTED_EDGE('',*,*,#2358,.T.);
#3188=ORIENTED_EDGE('',*,*,#2359,.F.);
#3189=ORIENTED_EDGE('',*,*,#2341,.F.);
#3190=ORIENTED_EDGE('',*,*,#2323,.F.);
#3191=ORIENTED_EDGE('',*,*,#2321,.T.);
#3192=ORIENTED_EDGE('',*,*,#2293,.F.);
#3193=ORIENTED_EDGE('',*,*,#2360,.F.);
#3194=ORIENTED_EDGE('',*,*,#2342,.F.);
#3195=ORIENTED_EDGE('',*,*,#2359,.T.);
#3196=ORIENTED_EDGE('',*,*,#2357,.T.);
#3197=ORIENTED_EDGE('',*,*,#2355,.T.);
#3198=ORIENTED_EDGE('',*,*,#2361,.T.);
#3199=ORIENTED_EDGE('',*,*,#2362,.T.);
#3200=ORIENTED_EDGE('',*,*,#2363,.T.);
#3201=ORIENTED_EDGE('',*,*,#2364,.F.);
#3202=ORIENTED_EDGE('',*,*,#2365,.T.);
#3203=ORIENTED_EDGE('',*,*,#2366,.T.);
#3204=ORIENTED_EDGE('',*,*,#2367,.T.);
#3205=ORIENTED_EDGE('',*,*,#2362,.F.);
#3206=ORIENTED_EDGE('',*,*,#2368,.T.);
#3207=ORIENTED_EDGE('',*,*,#2369,.T.);
#3208=ORIENTED_EDGE('',*,*,#2370,.T.);
#3209=ORIENTED_EDGE('',*,*,#2371,.T.);
#3210=ORIENTED_EDGE('',*,*,#2372,.T.);
#3211=ORIENTED_EDGE('',*,*,#2366,.F.);
#3212=ORIENTED_EDGE('',*,*,#2373,.T.);
#3213=ORIENTED_EDGE('',*,*,#2369,.F.);
#3214=ORIENTED_EDGE('',*,*,#2374,.T.);
#3215=ORIENTED_EDGE('',*,*,#2364,.T.);
#3216=ORIENTED_EDGE('',*,*,#2373,.F.);
#3217=ORIENTED_EDGE('',*,*,#2375,.F.);
#3218=ORIENTED_EDGE('',*,*,#2376,.F.);
#3219=ORIENTED_EDGE('',*,*,#2370,.F.);
#3220=ORIENTED_EDGE('',*,*,#2363,.F.);
#3221=ORIENTED_EDGE('',*,*,#2377,.F.);
#3222=ORIENTED_EDGE('',*,*,#2378,.F.);
#3223=ORIENTED_EDGE('',*,*,#2375,.T.);
#3224=ORIENTED_EDGE('',*,*,#2361,.F.);
#3225=ORIENTED_EDGE('',*,*,#2374,.F.);
#3226=ORIENTED_EDGE('',*,*,#2368,.F.);
#3227=ORIENTED_EDGE('',*,*,#2365,.F.);
#3228=ORIENTED_EDGE('',*,*,#2379,.T.);
#3229=ORIENTED_EDGE('',*,*,#2380,.T.);
#3230=ORIENTED_EDGE('',*,*,#2381,.T.);
#3231=ORIENTED_EDGE('',*,*,#2382,.T.);
#3232=ORIENTED_EDGE('',*,*,#2367,.F.);
#3233=ORIENTED_EDGE('',*,*,#2372,.F.);
#3234=ORIENTED_EDGE('',*,*,#2383,.F.);
#3235=ORIENTED_EDGE('',*,*,#2377,.T.);
#3236=ORIENTED_EDGE('',*,*,#2384,.T.);
#3237=ORIENTED_EDGE('',*,*,#2385,.T.);
#3238=ORIENTED_EDGE('',*,*,#2386,.T.);
#3239=ORIENTED_EDGE('',*,*,#2387,.F.);
#3240=ORIENTED_EDGE('',*,*,#2388,.T.);
#3241=ORIENTED_EDGE('',*,*,#2389,.T.);
#3242=ORIENTED_EDGE('',*,*,#2390,.T.);
#3243=ORIENTED_EDGE('',*,*,#2385,.F.);
#3244=ORIENTED_EDGE('',*,*,#2391,.T.);
#3245=ORIENTED_EDGE('',*,*,#2392,.T.);
#3246=ORIENTED_EDGE('',*,*,#2393,.T.);
#3247=ORIENTED_EDGE('',*,*,#2394,.T.);
#3248=ORIENTED_EDGE('',*,*,#2395,.T.);
#3249=ORIENTED_EDGE('',*,*,#2389,.F.);
#3250=ORIENTED_EDGE('',*,*,#2396,.T.);
#3251=ORIENTED_EDGE('',*,*,#2392,.F.);
#3252=ORIENTED_EDGE('',*,*,#2397,.T.);
#3253=ORIENTED_EDGE('',*,*,#2387,.T.);
#3254=ORIENTED_EDGE('',*,*,#2396,.F.);
#3255=ORIENTED_EDGE('',*,*,#2398,.F.);
#3256=ORIENTED_EDGE('',*,*,#2399,.F.);
#3257=ORIENTED_EDGE('',*,*,#2400,.F.);
#3258=ORIENTED_EDGE('',*,*,#2401,.T.);
#3259=ORIENTED_EDGE('',*,*,#2402,.F.);
#3260=ORIENTED_EDGE('',*,*,#2403,.T.);
#3261=ORIENTED_EDGE('',*,*,#2404,.F.);
#3262=ORIENTED_EDGE('',*,*,#2405,.T.);
#3263=ORIENTED_EDGE('',*,*,#2406,.F.);
#3264=ORIENTED_EDGE('',*,*,#2407,.T.);
#3265=ORIENTED_EDGE('',*,*,#2289,.F.);
#3266=ORIENTED_EDGE('',*,*,#2408,.F.);
#3267=ORIENTED_EDGE('',*,*,#2409,.F.);
#3268=ORIENTED_EDGE('',*,*,#2410,.F.);
#3269=ORIENTED_EDGE('',*,*,#2393,.F.);
#3270=ORIENTED_EDGE('',*,*,#2169,.T.);
#3271=ORIENTED_EDGE('',*,*,#2240,.T.);
#3272=ORIENTED_EDGE('',*,*,#2237,.T.);
#3273=ORIENTED_EDGE('',*,*,#2234,.T.);
#3274=ORIENTED_EDGE('',*,*,#2231,.T.);
#3275=ORIENTED_EDGE('',*,*,#2228,.T.);
#3276=ORIENTED_EDGE('',*,*,#2225,.T.);
#3277=ORIENTED_EDGE('',*,*,#2222,.T.);
#3278=ORIENTED_EDGE('',*,*,#2219,.T.);
#3279=ORIENTED_EDGE('',*,*,#2216,.T.);
#3280=ORIENTED_EDGE('',*,*,#2213,.T.);
#3281=ORIENTED_EDGE('',*,*,#2210,.T.);
#3282=ORIENTED_EDGE('',*,*,#2207,.T.);
#3283=ORIENTED_EDGE('',*,*,#2204,.T.);
#3284=ORIENTED_EDGE('',*,*,#2201,.T.);
#3285=ORIENTED_EDGE('',*,*,#2198,.T.);
#3286=ORIENTED_EDGE('',*,*,#2194,.T.);
#3287=ORIENTED_EDGE('',*,*,#2246,.T.);
#3288=ORIENTED_EDGE('',*,*,#2243,.T.);
#3289=ORIENTED_EDGE('',*,*,#2411,.T.);
#3290=ORIENTED_EDGE('',*,*,#2412,.T.);
#3291=ORIENTED_EDGE('',*,*,#2124,.T.);
#3292=ORIENTED_EDGE('',*,*,#2164,.T.);
#3293=ORIENTED_EDGE('',*,*,#2161,.T.);
#3294=ORIENTED_EDGE('',*,*,#2158,.T.);
#3295=ORIENTED_EDGE('',*,*,#2155,.T.);
#3296=ORIENTED_EDGE('',*,*,#2152,.T.);
#3297=ORIENTED_EDGE('',*,*,#2149,.T.);
#3298=ORIENTED_EDGE('',*,*,#2146,.T.);
#3299=ORIENTED_EDGE('',*,*,#2143,.T.);
#3300=ORIENTED_EDGE('',*,*,#2140,.T.);
#3301=ORIENTED_EDGE('',*,*,#2137,.T.);
#3302=ORIENTED_EDGE('',*,*,#2134,.T.);
#3303=ORIENTED_EDGE('',*,*,#2131,.T.);
#3304=ORIENTED_EDGE('',*,*,#2128,.T.);
#3305=ORIENTED_EDGE('',*,*,#2037,.T.);
#3306=ORIENTED_EDGE('',*,*,#2065,.T.);
#3307=ORIENTED_EDGE('',*,*,#2062,.T.);
#3308=ORIENTED_EDGE('',*,*,#2059,.T.);
#3309=ORIENTED_EDGE('',*,*,#2056,.T.);
#3310=ORIENTED_EDGE('',*,*,#2053,.T.);
#3311=ORIENTED_EDGE('',*,*,#2050,.T.);
#3312=ORIENTED_EDGE('',*,*,#2047,.T.);
#3313=ORIENTED_EDGE('',*,*,#2044,.T.);
#3314=ORIENTED_EDGE('',*,*,#2041,.T.);
#3315=ORIENTED_EDGE('',*,*,#2019,.T.);
#3316=ORIENTED_EDGE('',*,*,#2035,.T.);
#3317=ORIENTED_EDGE('',*,*,#2032,.T.);
#3318=ORIENTED_EDGE('',*,*,#2029,.T.);
#3319=ORIENTED_EDGE('',*,*,#2026,.T.);
#3320=ORIENTED_EDGE('',*,*,#2023,.T.);
#3321=ORIENTED_EDGE('',*,*,#2386,.F.);
#3322=ORIENTED_EDGE('',*,*,#2413,.F.);
#3323=ORIENTED_EDGE('',*,*,#2414,.F.);
#3324=ORIENTED_EDGE('',*,*,#2398,.T.);
#3325=ORIENTED_EDGE('',*,*,#2384,.F.);
#3326=ORIENTED_EDGE('',*,*,#2397,.F.);
#3327=ORIENTED_EDGE('',*,*,#2391,.F.);
#3328=ORIENTED_EDGE('',*,*,#2388,.F.);
#3329=ORIENTED_EDGE('',*,*,#2415,.T.);
#3330=ORIENTED_EDGE('',*,*,#2416,.T.);
#3331=ORIENTED_EDGE('',*,*,#2417,.T.);
#3332=ORIENTED_EDGE('',*,*,#2418,.T.);
#3333=ORIENTED_EDGE('',*,*,#2390,.F.);
#3334=ORIENTED_EDGE('',*,*,#2395,.F.);
#3335=ORIENTED_EDGE('',*,*,#2419,.F.);
#3336=ORIENTED_EDGE('',*,*,#2413,.T.);
#3337=ORIENTED_EDGE('',*,*,#2420,.T.);
#3338=ORIENTED_EDGE('',*,*,#2421,.F.);
#3339=ORIENTED_EDGE('',*,*,#2422,.T.);
#3340=ORIENTED_EDGE('',*,*,#2415,.F.);
#3341=ORIENTED_EDGE('',*,*,#2423,.T.);
#3342=ORIENTED_EDGE('',*,*,#2424,.F.);
#3343=ORIENTED_EDGE('',*,*,#2420,.F.);
#3344=ORIENTED_EDGE('',*,*,#2418,.F.);
#3345=ORIENTED_EDGE('',*,*,#2425,.T.);
#3346=ORIENTED_EDGE('',*,*,#2426,.F.);
#3347=ORIENTED_EDGE('',*,*,#2423,.F.);
#3348=ORIENTED_EDGE('',*,*,#2417,.F.);
#3349=ORIENTED_EDGE('',*,*,#2422,.F.);
#3350=ORIENTED_EDGE('',*,*,#2427,.F.);
#3351=ORIENTED_EDGE('',*,*,#2425,.F.);
#3352=ORIENTED_EDGE('',*,*,#2416,.F.);
#3353=ORIENTED_EDGE('',*,*,#2166,.T.);
#3354=ORIENTED_EDGE('',*,*,#2412,.F.);
#3355=ORIENTED_EDGE('',*,*,#2428,.T.);
#3356=ORIENTED_EDGE('',*,*,#2429,.T.);
#3357=ORIENTED_EDGE('',*,*,#2428,.F.);
#3358=ORIENTED_EDGE('',*,*,#2411,.F.);
#3359=ORIENTED_EDGE('',*,*,#2242,.T.);
#3360=ORIENTED_EDGE('',*,*,#2248,.T.);
#3361=ORIENTED_EDGE('',*,*,#2429,.F.);
#3362=ORIENTED_EDGE('',*,*,#2430,.T.);
#3363=ORIENTED_EDGE('',*,*,#2352,.F.);
#3364=ORIENTED_EDGE('',*,*,#2430,.F.);
#3365=ORIENTED_EDGE('',*,*,#2431,.F.);
#3366=ORIENTED_EDGE('',*,*,#2432,.F.);
#3367=ORIENTED_EDGE('',*,*,#2433,.F.);
#3368=ORIENTED_EDGE('',*,*,#2434,.T.);
#3369=ORIENTED_EDGE('',*,*,#2435,.F.);
#3370=ORIENTED_EDGE('',*,*,#2434,.F.);
#3371=ORIENTED_EDGE('',*,*,#2436,.F.);
#3372=ORIENTED_EDGE('',*,*,#2437,.T.);
#3373=ORIENTED_EDGE('',*,*,#2438,.F.);
#3374=ORIENTED_EDGE('',*,*,#2437,.F.);
#3375=ORIENTED_EDGE('',*,*,#2439,.F.);
#3376=ORIENTED_EDGE('',*,*,#2440,.T.);
#3377=ORIENTED_EDGE('',*,*,#2441,.F.);
#3378=ORIENTED_EDGE('',*,*,#2440,.F.);
#3379=ORIENTED_EDGE('',*,*,#2442,.F.);
#3380=ORIENTED_EDGE('',*,*,#2443,.T.);
#3381=ORIENTED_EDGE('',*,*,#2444,.F.);
#3382=ORIENTED_EDGE('',*,*,#2443,.F.);
#3383=ORIENTED_EDGE('',*,*,#2445,.F.);
#3384=ORIENTED_EDGE('',*,*,#2446,.T.);
#3385=ORIENTED_EDGE('',*,*,#2447,.F.);
#3386=ORIENTED_EDGE('',*,*,#2446,.F.);
#3387=ORIENTED_EDGE('',*,*,#2448,.F.);
#3388=ORIENTED_EDGE('',*,*,#2287,.F.);
#3389=ORIENTED_EDGE('',*,*,#2276,.F.);
#3390=ORIENTED_EDGE('',*,*,#2449,.F.);
#3391=ORIENTED_EDGE('',*,*,#2249,.F.);
#3392=ORIENTED_EDGE('',*,*,#2450,.F.);
#3393=ORIENTED_EDGE('',*,*,#2451,.F.);
#3394=ORIENTED_EDGE('',*,*,#2432,.T.);
#3395=ORIENTED_EDGE('',*,*,#2262,.T.);
#3396=ORIENTED_EDGE('',*,*,#2452,.T.);
#3397=ORIENTED_EDGE('',*,*,#2400,.T.);
#3398=ORIENTED_EDGE('',*,*,#2453,.F.);
#3399=ORIENTED_EDGE('',*,*,#2454,.F.);
#3400=ORIENTED_EDGE('',*,*,#2455,.F.);
#3401=ORIENTED_EDGE('',*,*,#2450,.T.);
#3402=ORIENTED_EDGE('',*,*,#2253,.T.);
#3403=ORIENTED_EDGE('',*,*,#2256,.T.);
#3404=ORIENTED_EDGE('',*,*,#2259,.T.);
#3405=ORIENTED_EDGE('',*,*,#2292,.F.);
#3406=ORIENTED_EDGE('',*,*,#2312,.T.);
#3407=ORIENTED_EDGE('',*,*,#2456,.T.);
#3408=ORIENTED_EDGE('',*,*,#2268,.F.);
#3409=ORIENTED_EDGE('',*,*,#2250,.F.);
#3410=ORIENTED_EDGE('',*,*,#2449,.T.);
#3411=ORIENTED_EDGE('',*,*,#2431,.T.);
#3412=ORIENTED_EDGE('',*,*,#2435,.T.);
#3413=ORIENTED_EDGE('',*,*,#2438,.T.);
#3414=ORIENTED_EDGE('',*,*,#2441,.T.);
#3415=ORIENTED_EDGE('',*,*,#2444,.T.);
#3416=ORIENTED_EDGE('',*,*,#2447,.T.);
#3417=ORIENTED_EDGE('',*,*,#2278,.T.);
#3418=ORIENTED_EDGE('',*,*,#2286,.F.);
#3419=ORIENTED_EDGE('',*,*,#2343,.F.);
#3420=ORIENTED_EDGE('',*,*,#2360,.T.);
#3421=ORIENTED_EDGE('',*,*,#2457,.F.);
#3422=ORIENTED_EDGE('',*,*,#2458,.T.);
#3423=ORIENTED_EDGE('',*,*,#2459,.F.);
#3424=ORIENTED_EDGE('',*,*,#2458,.F.);
#3425=ORIENTED_EDGE('',*,*,#2460,.F.);
#3426=ORIENTED_EDGE('',*,*,#2461,.T.);
#3427=ORIENTED_EDGE('',*,*,#2313,.F.);
#3428=ORIENTED_EDGE('',*,*,#2461,.F.);
#3429=ORIENTED_EDGE('',*,*,#2460,.T.);
#3430=ORIENTED_EDGE('',*,*,#2457,.T.);
#3431=ORIENTED_EDGE('',*,*,#2459,.T.);
#3432=ORIENTED_EDGE('',*,*,#2462,.F.);
#3433=ORIENTED_EDGE('',*,*,#2463,.T.);
#3434=ORIENTED_EDGE('',*,*,#2464,.F.);
#3435=ORIENTED_EDGE('',*,*,#2463,.F.);
#3436=ORIENTED_EDGE('',*,*,#2465,.F.);
#3437=ORIENTED_EDGE('',*,*,#2466,.T.);
#3438=ORIENTED_EDGE('',*,*,#2320,.F.);
#3439=ORIENTED_EDGE('',*,*,#2466,.F.);
#3440=ORIENTED_EDGE('',*,*,#2465,.T.);
#3441=ORIENTED_EDGE('',*,*,#2462,.T.);
#3442=ORIENTED_EDGE('',*,*,#2464,.T.);
#3443=ORIENTED_EDGE('',*,*,#2467,.F.);
#3444=ORIENTED_EDGE('',*,*,#2468,.T.);
#3445=ORIENTED_EDGE('',*,*,#2469,.F.);
#3446=ORIENTED_EDGE('',*,*,#2468,.F.);
#3447=ORIENTED_EDGE('',*,*,#2470,.F.);
#3448=ORIENTED_EDGE('',*,*,#2471,.T.);
#3449=ORIENTED_EDGE('',*,*,#2314,.F.);
#3450=ORIENTED_EDGE('',*,*,#2471,.F.);
#3451=ORIENTED_EDGE('',*,*,#2470,.T.);
#3452=ORIENTED_EDGE('',*,*,#2467,.T.);
#3453=ORIENTED_EDGE('',*,*,#2469,.T.);
#3454=ORIENTED_EDGE('',*,*,#2472,.F.);
#3455=ORIENTED_EDGE('',*,*,#2473,.T.);
#3456=ORIENTED_EDGE('',*,*,#2474,.F.);
#3457=ORIENTED_EDGE('',*,*,#2473,.F.);
#3458=ORIENTED_EDGE('',*,*,#2475,.F.);
#3459=ORIENTED_EDGE('',*,*,#2476,.T.);
#3460=ORIENTED_EDGE('',*,*,#2319,.F.);
#3461=ORIENTED_EDGE('',*,*,#2476,.F.);
#3462=ORIENTED_EDGE('',*,*,#2475,.T.);
#3463=ORIENTED_EDGE('',*,*,#2472,.T.);
#3464=ORIENTED_EDGE('',*,*,#2451,.T.);
#3465=ORIENTED_EDGE('',*,*,#2455,.T.);
#3466=ORIENTED_EDGE('',*,*,#2477,.T.);
#3467=ORIENTED_EDGE('',*,*,#2478,.T.);
#3468=ORIENTED_EDGE('',*,*,#2408,.T.);
#3469=ORIENTED_EDGE('',*,*,#2288,.T.);
#3470=ORIENTED_EDGE('',*,*,#2448,.T.);
#3471=ORIENTED_EDGE('',*,*,#2445,.T.);
#3472=ORIENTED_EDGE('',*,*,#2442,.T.);
#3473=ORIENTED_EDGE('',*,*,#2439,.T.);
#3474=ORIENTED_EDGE('',*,*,#2436,.T.);
#3475=ORIENTED_EDGE('',*,*,#2433,.T.);
#3476=ORIENTED_EDGE('',*,*,#2405,.F.);
#3477=ORIENTED_EDGE('',*,*,#2479,.F.);
#3478=ORIENTED_EDGE('',*,*,#2346,.F.);
#3479=ORIENTED_EDGE('',*,*,#2480,.F.);
#3480=ORIENTED_EDGE('',*,*,#2403,.F.);
#3481=ORIENTED_EDGE('',*,*,#2481,.F.);
#3482=ORIENTED_EDGE('',*,*,#2348,.F.);
#3483=ORIENTED_EDGE('',*,*,#2482,.F.);
#3484=ORIENTED_EDGE('',*,*,#2407,.F.);
#3485=ORIENTED_EDGE('',*,*,#2483,.F.);
#3486=ORIENTED_EDGE('',*,*,#2344,.F.);
#3487=ORIENTED_EDGE('',*,*,#2279,.F.);
#3488=ORIENTED_EDGE('',*,*,#2290,.F.);
#3489=ORIENTED_EDGE('',*,*,#2401,.F.);
#3490=ORIENTED_EDGE('',*,*,#2452,.F.);
#3491=ORIENTED_EDGE('',*,*,#2265,.F.);
#3492=ORIENTED_EDGE('',*,*,#2350,.F.);
#3493=ORIENTED_EDGE('',*,*,#2484,.F.);
#3494=ORIENTED_EDGE('',*,*,#2481,.T.);
#3495=ORIENTED_EDGE('',*,*,#2402,.T.);
#3496=ORIENTED_EDGE('',*,*,#2484,.T.);
#3497=ORIENTED_EDGE('',*,*,#2349,.T.);
#3498=ORIENTED_EDGE('',*,*,#2479,.T.);
#3499=ORIENTED_EDGE('',*,*,#2404,.T.);
#3500=ORIENTED_EDGE('',*,*,#2482,.T.);
#3501=ORIENTED_EDGE('',*,*,#2347,.T.);
#3502=ORIENTED_EDGE('',*,*,#2480,.T.);
#3503=ORIENTED_EDGE('',*,*,#2345,.T.);
#3504=ORIENTED_EDGE('',*,*,#2483,.T.);
#3505=ORIENTED_EDGE('',*,*,#2406,.T.);
#3506=ORIENTED_EDGE('',*,*,#2485,.F.);
#3507=ORIENTED_EDGE('',*,*,#2486,.T.);
#3508=ORIENTED_EDGE('',*,*,#2487,.F.);
#3509=ORIENTED_EDGE('',*,*,#2486,.F.);
#3510=ORIENTED_EDGE('',*,*,#2488,.F.);
#3511=ORIENTED_EDGE('',*,*,#2489,.T.);
#3512=ORIENTED_EDGE('',*,*,#2315,.F.);
#3513=ORIENTED_EDGE('',*,*,#2489,.F.);
#3514=ORIENTED_EDGE('',*,*,#2488,.T.);
#3515=ORIENTED_EDGE('',*,*,#2485,.T.);
#3516=ORIENTED_EDGE('',*,*,#2474,.T.);
#3517=ORIENTED_EDGE('',*,*,#2490,.F.);
#3518=ORIENTED_EDGE('',*,*,#2491,.T.);
#3519=ORIENTED_EDGE('',*,*,#2492,.F.);
#3520=ORIENTED_EDGE('',*,*,#2491,.F.);
#3521=ORIENTED_EDGE('',*,*,#2493,.F.);
#3522=ORIENTED_EDGE('',*,*,#2494,.T.);
#3523=ORIENTED_EDGE('',*,*,#2318,.F.);
#3524=ORIENTED_EDGE('',*,*,#2494,.F.);
#3525=ORIENTED_EDGE('',*,*,#2493,.T.);
#3526=ORIENTED_EDGE('',*,*,#2490,.T.);
#3527=ORIENTED_EDGE('',*,*,#2487,.T.);
#3528=ORIENTED_EDGE('',*,*,#2495,.F.);
#3529=ORIENTED_EDGE('',*,*,#2496,.T.);
#3530=ORIENTED_EDGE('',*,*,#2497,.F.);
#3531=ORIENTED_EDGE('',*,*,#2496,.F.);
#3532=ORIENTED_EDGE('',*,*,#2498,.F.);
#3533=ORIENTED_EDGE('',*,*,#2499,.T.);
#3534=ORIENTED_EDGE('',*,*,#2316,.F.);
#3535=ORIENTED_EDGE('',*,*,#2499,.F.);
#3536=ORIENTED_EDGE('',*,*,#2498,.T.);
#3537=ORIENTED_EDGE('',*,*,#2495,.T.);
#3538=ORIENTED_EDGE('',*,*,#2492,.T.);
#3539=ORIENTED_EDGE('',*,*,#2500,.F.);
#3540=ORIENTED_EDGE('',*,*,#2501,.T.);
#3541=ORIENTED_EDGE('',*,*,#2502,.F.);
#3542=ORIENTED_EDGE('',*,*,#2501,.F.);
#3543=ORIENTED_EDGE('',*,*,#2503,.F.);
#3544=ORIENTED_EDGE('',*,*,#2504,.T.);
#3545=ORIENTED_EDGE('',*,*,#2317,.F.);
#3546=ORIENTED_EDGE('',*,*,#2504,.F.);
#3547=ORIENTED_EDGE('',*,*,#2503,.T.);
#3548=ORIENTED_EDGE('',*,*,#2500,.T.);
#3549=ORIENTED_EDGE('',*,*,#2497,.T.);
#3550=ORIENTED_EDGE('',*,*,#2505,.F.);
#3551=ORIENTED_EDGE('',*,*,#2506,.T.);
#3552=ORIENTED_EDGE('',*,*,#2507,.F.);
#3553=ORIENTED_EDGE('',*,*,#2508,.F.);
#3554=ORIENTED_EDGE('',*,*,#2509,.F.);
#3555=ORIENTED_EDGE('',*,*,#2510,.T.);
#3556=ORIENTED_EDGE('',*,*,#2511,.F.);
#3557=ORIENTED_EDGE('',*,*,#2506,.F.);
#3558=ORIENTED_EDGE('',*,*,#2512,.F.);
#3559=ORIENTED_EDGE('',*,*,#2513,.T.);
#3560=ORIENTED_EDGE('',*,*,#2514,.F.);
#3561=ORIENTED_EDGE('',*,*,#2510,.F.);
#3562=ORIENTED_EDGE('',*,*,#2515,.F.);
#3563=ORIENTED_EDGE('',*,*,#2508,.T.);
#3564=ORIENTED_EDGE('',*,*,#2516,.F.);
#3565=ORIENTED_EDGE('',*,*,#2513,.F.);
#3566=ORIENTED_EDGE('',*,*,#2454,.T.);
#3567=ORIENTED_EDGE('',*,*,#2517,.F.);
#3568=ORIENTED_EDGE('',*,*,#2518,.F.);
#3569=ORIENTED_EDGE('',*,*,#2477,.F.);
#3570=ORIENTED_EDGE('',*,*,#2505,.T.);
#3571=ORIENTED_EDGE('',*,*,#2515,.T.);
#3572=ORIENTED_EDGE('',*,*,#2512,.T.);
#3573=ORIENTED_EDGE('',*,*,#2509,.T.);
#3574=ORIENTED_EDGE('',*,*,#2519,.F.);
#3575=ORIENTED_EDGE('',*,*,#2269,.F.);
#3576=ORIENTED_EDGE('',*,*,#2456,.F.);
#3577=ORIENTED_EDGE('',*,*,#2311,.F.);
#3578=ORIENTED_EDGE('',*,*,#2507,.T.);
#3579=ORIENTED_EDGE('',*,*,#2511,.T.);
#3580=ORIENTED_EDGE('',*,*,#2514,.T.);
#3581=ORIENTED_EDGE('',*,*,#2516,.T.);
#3582=ORIENTED_EDGE('',*,*,#2502,.T.);
#3583=ORIENTED_EDGE('',*,*,#2520,.T.);
#3584=ORIENTED_EDGE('',*,*,#2521,.T.);
#3585=ORIENTED_EDGE('',*,*,#2522,.F.);
#3586=ORIENTED_EDGE('',*,*,#2523,.F.);
#3587=ORIENTED_EDGE('',*,*,#2524,.T.);
#3588=ORIENTED_EDGE('',*,*,#2523,.T.);
#3589=ORIENTED_EDGE('',*,*,#2525,.F.);
#3590=ORIENTED_EDGE('',*,*,#2526,.F.);
#3591=ORIENTED_EDGE('',*,*,#2527,.T.);
#3592=ORIENTED_EDGE('',*,*,#2526,.T.);
#3593=ORIENTED_EDGE('',*,*,#2528,.F.);
#3594=ORIENTED_EDGE('',*,*,#2529,.F.);
#3595=ORIENTED_EDGE('',*,*,#2530,.T.);
#3596=ORIENTED_EDGE('',*,*,#2529,.T.);
#3597=ORIENTED_EDGE('',*,*,#2531,.F.);
#3598=ORIENTED_EDGE('',*,*,#2532,.F.);
#3599=ORIENTED_EDGE('',*,*,#2533,.T.);
#3600=ORIENTED_EDGE('',*,*,#2532,.T.);
#3601=ORIENTED_EDGE('',*,*,#2534,.F.);
#3602=ORIENTED_EDGE('',*,*,#2535,.F.);
#3603=ORIENTED_EDGE('',*,*,#2536,.T.);
#3604=ORIENTED_EDGE('',*,*,#2535,.T.);
#3605=ORIENTED_EDGE('',*,*,#2537,.F.);
#3606=ORIENTED_EDGE('',*,*,#2538,.F.);
#3607=ORIENTED_EDGE('',*,*,#2539,.T.);
#3608=ORIENTED_EDGE('',*,*,#2538,.T.);
#3609=ORIENTED_EDGE('',*,*,#2540,.F.);
#3610=ORIENTED_EDGE('',*,*,#2541,.F.);
#3611=ORIENTED_EDGE('',*,*,#2542,.T.);
#3612=ORIENTED_EDGE('',*,*,#2541,.T.);
#3613=ORIENTED_EDGE('',*,*,#2543,.F.);
#3614=ORIENTED_EDGE('',*,*,#2521,.F.);
#3615=ORIENTED_EDGE('',*,*,#2544,.T.);
#3616=ORIENTED_EDGE('',*,*,#2545,.T.);
#3617=ORIENTED_EDGE('',*,*,#2546,.F.);
#3618=ORIENTED_EDGE('',*,*,#2547,.F.);
#3619=ORIENTED_EDGE('',*,*,#2548,.T.);
#3620=ORIENTED_EDGE('',*,*,#2547,.T.);
#3621=ORIENTED_EDGE('',*,*,#2549,.F.);
#3622=ORIENTED_EDGE('',*,*,#2550,.F.);
#3623=ORIENTED_EDGE('',*,*,#2551,.T.);
#3624=ORIENTED_EDGE('',*,*,#2550,.T.);
#3625=ORIENTED_EDGE('',*,*,#2552,.F.);
#3626=ORIENTED_EDGE('',*,*,#2553,.F.);
#3627=ORIENTED_EDGE('',*,*,#2554,.T.);
#3628=ORIENTED_EDGE('',*,*,#2553,.T.);
#3629=ORIENTED_EDGE('',*,*,#2555,.F.);
#3630=ORIENTED_EDGE('',*,*,#2545,.F.);
#3631=ORIENTED_EDGE('',*,*,#2556,.T.);
#3632=ORIENTED_EDGE('',*,*,#2557,.T.);
#3633=ORIENTED_EDGE('',*,*,#2379,.F.);
#3634=ORIENTED_EDGE('',*,*,#2558,.F.);
#3635=ORIENTED_EDGE('',*,*,#2559,.T.);
#3636=ORIENTED_EDGE('',*,*,#2558,.T.);
#3637=ORIENTED_EDGE('',*,*,#2382,.F.);
#3638=ORIENTED_EDGE('',*,*,#2560,.F.);
#3639=ORIENTED_EDGE('',*,*,#2561,.T.);
#3640=ORIENTED_EDGE('',*,*,#2560,.T.);
#3641=ORIENTED_EDGE('',*,*,#2381,.F.);
#3642=ORIENTED_EDGE('',*,*,#2562,.F.);
#3643=ORIENTED_EDGE('',*,*,#2563,.T.);
#3644=ORIENTED_EDGE('',*,*,#2562,.T.);
#3645=ORIENTED_EDGE('',*,*,#2380,.F.);
#3646=ORIENTED_EDGE('',*,*,#2557,.F.);
#3647=ORIENTED_EDGE('',*,*,#2564,.T.);
#3648=ORIENTED_EDGE('',*,*,#2565,.T.);
#3649=ORIENTED_EDGE('',*,*,#2566,.F.);
#3650=ORIENTED_EDGE('',*,*,#2567,.F.);
#3651=ORIENTED_EDGE('',*,*,#2568,.T.);
#3652=ORIENTED_EDGE('',*,*,#2567,.T.);
#3653=ORIENTED_EDGE('',*,*,#2569,.F.);
#3654=ORIENTED_EDGE('',*,*,#2570,.F.);
#3655=ORIENTED_EDGE('',*,*,#2571,.T.);
#3656=ORIENTED_EDGE('',*,*,#2570,.T.);
#3657=ORIENTED_EDGE('',*,*,#2572,.F.);
#3658=ORIENTED_EDGE('',*,*,#2573,.F.);
#3659=ORIENTED_EDGE('',*,*,#2574,.T.);
#3660=ORIENTED_EDGE('',*,*,#2573,.T.);
#3661=ORIENTED_EDGE('',*,*,#2575,.F.);
#3662=ORIENTED_EDGE('',*,*,#2576,.F.);
#3663=ORIENTED_EDGE('',*,*,#2577,.T.);
#3664=ORIENTED_EDGE('',*,*,#2576,.T.);
#3665=ORIENTED_EDGE('',*,*,#2578,.F.);
#3666=ORIENTED_EDGE('',*,*,#2579,.F.);
#3667=ORIENTED_EDGE('',*,*,#2580,.T.);
#3668=ORIENTED_EDGE('',*,*,#2579,.T.);
#3669=ORIENTED_EDGE('',*,*,#2581,.F.);
#3670=ORIENTED_EDGE('',*,*,#2582,.F.);
#3671=ORIENTED_EDGE('',*,*,#2583,.T.);
#3672=ORIENTED_EDGE('',*,*,#2582,.T.);
#3673=ORIENTED_EDGE('',*,*,#2584,.F.);
#3674=ORIENTED_EDGE('',*,*,#2585,.F.);
#3675=ORIENTED_EDGE('',*,*,#2586,.T.);
#3676=ORIENTED_EDGE('',*,*,#2585,.T.);
#3677=ORIENTED_EDGE('',*,*,#2587,.F.);
#3678=ORIENTED_EDGE('',*,*,#2588,.F.);
#3679=ORIENTED_EDGE('',*,*,#2589,.T.);
#3680=ORIENTED_EDGE('',*,*,#2588,.T.);
#3681=ORIENTED_EDGE('',*,*,#2590,.F.);
#3682=ORIENTED_EDGE('',*,*,#2591,.F.);
#3683=ORIENTED_EDGE('',*,*,#2592,.T.);
#3684=ORIENTED_EDGE('',*,*,#2591,.T.);
#3685=ORIENTED_EDGE('',*,*,#2593,.F.);
#3686=ORIENTED_EDGE('',*,*,#2594,.F.);
#3687=ORIENTED_EDGE('',*,*,#2595,.T.);
#3688=ORIENTED_EDGE('',*,*,#2594,.T.);
#3689=ORIENTED_EDGE('',*,*,#2596,.F.);
#3690=ORIENTED_EDGE('',*,*,#2597,.F.);
#3691=ORIENTED_EDGE('',*,*,#2598,.T.);
#3692=ORIENTED_EDGE('',*,*,#2597,.T.);
#3693=ORIENTED_EDGE('',*,*,#2599,.F.);
#3694=ORIENTED_EDGE('',*,*,#2600,.F.);
#3695=ORIENTED_EDGE('',*,*,#2601,.T.);
#3696=ORIENTED_EDGE('',*,*,#2600,.T.);
#3697=ORIENTED_EDGE('',*,*,#2602,.F.);
#3698=ORIENTED_EDGE('',*,*,#2603,.F.);
#3699=ORIENTED_EDGE('',*,*,#2604,.T.);
#3700=ORIENTED_EDGE('',*,*,#2603,.T.);
#3701=ORIENTED_EDGE('',*,*,#2605,.F.);
#3702=ORIENTED_EDGE('',*,*,#2565,.F.);
#3703=ORIENTED_EDGE('',*,*,#2518,.T.);
#3704=ORIENTED_EDGE('',*,*,#2606,.F.);
#3705=ORIENTED_EDGE('',*,*,#2409,.T.);
#3706=ORIENTED_EDGE('',*,*,#2478,.F.);
#3707=ORIENTED_EDGE('',*,*,#2394,.F.);
#3708=ORIENTED_EDGE('',*,*,#2410,.T.);
#3709=ORIENTED_EDGE('',*,*,#2606,.T.);
#3710=ORIENTED_EDGE('',*,*,#2517,.T.);
#3711=ORIENTED_EDGE('',*,*,#2453,.T.);
#3712=ORIENTED_EDGE('',*,*,#2399,.T.);
#3713=ORIENTED_EDGE('',*,*,#2414,.T.);
#3714=ORIENTED_EDGE('',*,*,#2419,.T.);
#3715=ORIENTED_EDGE('',*,*,#2376,.T.);
#3716=ORIENTED_EDGE('',*,*,#2378,.T.);
#3717=ORIENTED_EDGE('',*,*,#2383,.T.);
#3718=ORIENTED_EDGE('',*,*,#2371,.F.);
#3719=ORIENTED_EDGE('',*,*,#2605,.T.);
#3720=ORIENTED_EDGE('',*,*,#2602,.T.);
#3721=ORIENTED_EDGE('',*,*,#2599,.T.);
#3722=ORIENTED_EDGE('',*,*,#2596,.T.);
#3723=ORIENTED_EDGE('',*,*,#2593,.T.);
#3724=ORIENTED_EDGE('',*,*,#2590,.T.);
#3725=ORIENTED_EDGE('',*,*,#2587,.T.);
#3726=ORIENTED_EDGE('',*,*,#2584,.T.);
#3727=ORIENTED_EDGE('',*,*,#2581,.T.);
#3728=ORIENTED_EDGE('',*,*,#2578,.T.);
#3729=ORIENTED_EDGE('',*,*,#2575,.T.);
#3730=ORIENTED_EDGE('',*,*,#2572,.T.);
#3731=ORIENTED_EDGE('',*,*,#2569,.T.);
#3732=ORIENTED_EDGE('',*,*,#2566,.T.);
#3733=ORIENTED_EDGE('',*,*,#2555,.T.);
#3734=ORIENTED_EDGE('',*,*,#2552,.T.);
#3735=ORIENTED_EDGE('',*,*,#2549,.T.);
#3736=ORIENTED_EDGE('',*,*,#2546,.T.);
#3737=ORIENTED_EDGE('',*,*,#2543,.T.);
#3738=ORIENTED_EDGE('',*,*,#2540,.T.);
#3739=ORIENTED_EDGE('',*,*,#2537,.T.);
#3740=ORIENTED_EDGE('',*,*,#2534,.T.);
#3741=ORIENTED_EDGE('',*,*,#2531,.T.);
#3742=ORIENTED_EDGE('',*,*,#2528,.T.);
#3743=ORIENTED_EDGE('',*,*,#2525,.T.);
#3744=ORIENTED_EDGE('',*,*,#2522,.T.);
#3745=ORIENTED_EDGE('',*,*,#2351,.T.);
#3746=ORIENTED_EDGE('',*,*,#2270,.F.);
#3747=ORIENTED_EDGE('',*,*,#2519,.T.);
#3748=ORIENTED_EDGE('',*,*,#2310,.T.);
#3749=ORIENTED_EDGE('',*,*,#2421,.T.);
#3750=ORIENTED_EDGE('',*,*,#2424,.T.);
#3751=ORIENTED_EDGE('',*,*,#2426,.T.);
#3752=ORIENTED_EDGE('',*,*,#2427,.T.);
#3753=ORIENTED_EDGE('',*,*,#2604,.F.);
#3754=ORIENTED_EDGE('',*,*,#2564,.F.);
#3755=ORIENTED_EDGE('',*,*,#2568,.F.);
#3756=ORIENTED_EDGE('',*,*,#2571,.F.);
#3757=ORIENTED_EDGE('',*,*,#2574,.F.);
#3758=ORIENTED_EDGE('',*,*,#2577,.F.);
#3759=ORIENTED_EDGE('',*,*,#2580,.F.);
#3760=ORIENTED_EDGE('',*,*,#2583,.F.);
#3761=ORIENTED_EDGE('',*,*,#2586,.F.);
#3762=ORIENTED_EDGE('',*,*,#2589,.F.);
#3763=ORIENTED_EDGE('',*,*,#2592,.F.);
#3764=ORIENTED_EDGE('',*,*,#2595,.F.);
#3765=ORIENTED_EDGE('',*,*,#2598,.F.);
#3766=ORIENTED_EDGE('',*,*,#2601,.F.);
#3767=ORIENTED_EDGE('',*,*,#2563,.F.);
#3768=ORIENTED_EDGE('',*,*,#2556,.F.);
#3769=ORIENTED_EDGE('',*,*,#2559,.F.);
#3770=ORIENTED_EDGE('',*,*,#2561,.F.);
#3771=ORIENTED_EDGE('',*,*,#2554,.F.);
#3772=ORIENTED_EDGE('',*,*,#2544,.F.);
#3773=ORIENTED_EDGE('',*,*,#2548,.F.);
#3774=ORIENTED_EDGE('',*,*,#2551,.F.);
#3775=ORIENTED_EDGE('',*,*,#2542,.F.);
#3776=ORIENTED_EDGE('',*,*,#2520,.F.);
#3777=ORIENTED_EDGE('',*,*,#2524,.F.);
#3778=ORIENTED_EDGE('',*,*,#2527,.F.);
#3779=ORIENTED_EDGE('',*,*,#2530,.F.);
#3780=ORIENTED_EDGE('',*,*,#2533,.F.);
#3781=ORIENTED_EDGE('',*,*,#2536,.F.);
#3782=ORIENTED_EDGE('',*,*,#2539,.F.);
#3783=PLANE('',#4168);
#3784=PLANE('',#4169);
#3785=PLANE('',#4170);
#3786=PLANE('',#4171);
#3787=PLANE('',#4172);
#3788=PLANE('',#4173);
#3789=PLANE('',#4174);
#3790=PLANE('',#4175);
#3791=PLANE('',#4176);
#3792=PLANE('',#4177);
#3793=PLANE('',#4178);
#3794=PLANE('',#4179);
#3795=PLANE('',#4180);
#3796=PLANE('',#4181);
#3797=PLANE('',#4182);
#3798=PLANE('',#4183);
#3799=PLANE('',#4184);
#3800=PLANE('',#4185);
#3801=PLANE('',#4186);
#3802=PLANE('',#4187);
#3803=PLANE('',#4188);
#3804=PLANE('',#4189);
#3805=PLANE('',#4190);
#3806=PLANE('',#4191);
#3807=PLANE('',#4192);
#3808=PLANE('',#4193);
#3809=PLANE('',#4194);
#3810=PLANE('',#4195);
#3811=PLANE('',#4196);
#3812=PLANE('',#4197);
#3813=PLANE('',#4198);
#3814=PLANE('',#4199);
#3815=PLANE('',#4200);
#3816=PLANE('',#4201);
#3817=PLANE('',#4202);
#3818=PLANE('',#4203);
#3819=PLANE('',#4204);
#3820=PLANE('',#4205);
#3821=PLANE('',#4206);
#3822=PLANE('',#4207);
#3823=PLANE('',#4209);
#3824=PLANE('',#4210);
#3825=PLANE('',#4211);
#3826=PLANE('',#4212);
#3827=PLANE('',#4213);
#3828=PLANE('',#4214);
#3829=PLANE('',#4215);
#3830=PLANE('',#4216);
#3831=PLANE('',#4217);
#3832=PLANE('',#4218);
#3833=PLANE('',#4219);
#3834=PLANE('',#4220);
#3835=PLANE('',#4221);
#3836=PLANE('',#4222);
#3837=PLANE('',#4223);
#3838=PLANE('',#4224);
#3839=PLANE('',#4228);
#3840=PLANE('',#4241);
#3841=PLANE('',#4246);
#3842=PLANE('',#4247);
#3843=PLANE('',#4252);
#3844=PLANE('',#4258);
#3845=PLANE('',#4259);
#3846=PLANE('',#4260);
#3847=PLANE('',#4261);
#3848=PLANE('',#4262);
#3849=PLANE('',#4263);
#3850=PLANE('',#4264);
#3851=PLANE('',#4265);
#3852=PLANE('',#4266);
#3853=PLANE('',#4267);
#3854=PLANE('',#4268);
#3855=PLANE('',#4269);
#3856=PLANE('',#4270);
#3857=PLANE('',#4271);
#3858=PLANE('',#4272);
#3859=PLANE('',#4273);
#3860=PLANE('',#4274);
#3861=PLANE('',#4275);
#3862=PLANE('',#4276);
#3863=PLANE('',#4277);
#3864=PLANE('',#4278);
#3865=PLANE('',#4279);
#3866=PLANE('',#4286);
#3867=PLANE('',#4287);
#3868=PLANE('',#4288);
#3869=PLANE('',#4289);
#3870=PLANE('',#4290);
#3871=PLANE('',#4291);
#3872=PLANE('',#4292);
#3873=PLANE('',#4293);
#3874=PLANE('',#4297);
#3875=PLANE('',#4301);
#3876=PLANE('',#4305);
#3877=PLANE('',#4312);
#3878=PLANE('',#4313);
#3879=PLANE('',#4319);
#3880=PLANE('',#4320);
#3881=PLANE('',#4326);
#3882=PLANE('',#4327);
#3883=PLANE('',#4333);
#3884=PLANE('',#4334);
#3885=PLANE('',#4340);
#3886=PLANE('',#4341);
#3887=PLANE('',#4346);
#3888=PLANE('',#4347);
#3889=PLANE('',#4348);
#3890=PLANE('',#4354);
#3891=PLANE('',#4355);
#3892=PLANE('',#4361);
#3893=PLANE('',#4362);
#3894=PLANE('',#4368);
#3895=PLANE('',#4369);
#3896=PLANE('',#4375);
#3897=PLANE('',#4376);
#3898=PLANE('',#4377);
#3899=PLANE('',#4378);
#3900=PLANE('',#4379);
#3901=PLANE('',#4380);
#3902=PLANE('',#4381);
#3903=PLANE('',#4382);
#3904=PLANE('',#4383);
#3905=PLANE('',#4387);
#3906=PLANE('',#4391);
#3907=PLANE('',#4395);
#3908=PLANE('',#4399);
#3909=PLANE('',#4400);
#3910=PLANE('',#4401);
#3911=PLANE('',#4402);
#3912=PLANE('',#4403);
#3913=PLANE('',#4404);
#3914=PLANE('',#4405);
#3915=PLANE('',#4406);
#3916=PLANE('',#4407);
#3917=PLANE('',#4408);
#3918=PLANE('',#4412);
#3919=PLANE('',#4413);
#3920=PLANE('',#4417);
#3921=PLANE('',#4421);
#3922=PLANE('',#4425);
#3923=PLANE('',#4429);
#3924=PLANE('',#4430);
#3925=PLANE('',#4434);
#3926=PLANE('',#4435);
#3927=PLANE('',#4436);
#3928=ADVANCED_FACE('',(#295),#3783,.F.);
#3929=ADVANCED_FACE('',(#296),#3784,.F.);
#3930=ADVANCED_FACE('',(#297),#3785,.F.);
#3931=ADVANCED_FACE('',(#298),#3786,.F.);
#3932=ADVANCED_FACE('',(#299),#3787,.F.);
#3933=ADVANCED_FACE('',(#300),#3788,.F.);
#3934=ADVANCED_FACE('',(#301),#3789,.F.);
#3935=ADVANCED_FACE('',(#302),#3790,.F.);
#3936=ADVANCED_FACE('',(#303),#3791,.F.);
#3937=ADVANCED_FACE('',(#304),#3792,.F.);
#3938=ADVANCED_FACE('',(#305),#3793,.F.);
#3939=ADVANCED_FACE('',(#306),#3794,.F.);
#3940=ADVANCED_FACE('',(#307),#3795,.F.);
#3941=ADVANCED_FACE('',(#308),#3796,.F.);
#3942=ADVANCED_FACE('',(#309),#3797,.F.);
#3943=ADVANCED_FACE('',(#310),#3798,.F.);
#3944=ADVANCED_FACE('',(#311),#3799,.F.);
#3945=ADVANCED_FACE('',(#312),#3800,.F.);
#3946=ADVANCED_FACE('',(#313),#3801,.F.);
#3947=ADVANCED_FACE('',(#314),#255,.F.);
#3948=ADVANCED_FACE('',(#315),#256,.F.);
#3949=ADVANCED_FACE('',(#316),#257,.F.);
#3950=ADVANCED_FACE('',(#317),#258,.F.);
#3951=ADVANCED_FACE('',(#318),#259,.F.);
#3952=ADVANCED_FACE('',(#319),#260,.F.);
#3953=ADVANCED_FACE('',(#320),#261,.F.);
#3954=ADVANCED_FACE('',(#321),#3802,.F.);
#3955=ADVANCED_FACE('',(#322),#3803,.F.);
#3956=ADVANCED_FACE('',(#323),#3804,.F.);
#3957=ADVANCED_FACE('',(#324),#262,.F.);
#3958=ADVANCED_FACE('',(#325),#263,.F.);
#3959=ADVANCED_FACE('',(#326),#264,.F.);
#3960=ADVANCED_FACE('',(#327),#265,.F.);
#3961=ADVANCED_FACE('',(#328),#266,.F.);
#3962=ADVANCED_FACE('',(#329),#267,.F.);
#3963=ADVANCED_FACE('',(#330),#3805,.F.);
#3964=ADVANCED_FACE('',(#331),#3806,.F.);
#3965=ADVANCED_FACE('',(#332),#268,.F.);
#3966=ADVANCED_FACE('',(#333),#269,.F.);
#3967=ADVANCED_FACE('',(#334),#270,.F.);
#3968=ADVANCED_FACE('',(#335),#271,.F.);
#3969=ADVANCED_FACE('',(#336),#272,.F.);
#3970=ADVANCED_FACE('',(#337),#273,.F.);
#3971=ADVANCED_FACE('',(#338),#274,.F.);
#3972=ADVANCED_FACE('',(#339),#275,.F.);
#3973=ADVANCED_FACE('',(#340),#276,.F.);
#3974=ADVANCED_FACE('',(#341),#277,.F.);
#3975=ADVANCED_FACE('',(#342),#278,.F.);
#3976=ADVANCED_FACE('',(#343),#3807,.F.);
#3977=ADVANCED_FACE('',(#344),#3808,.F.);
#3978=ADVANCED_FACE('',(#345),#3809,.F.);
#3979=ADVANCED_FACE('',(#346,#140,#141),#3810,.T.);
#3980=ADVANCED_FACE('',(#347),#3811,.F.);
#3981=ADVANCED_FACE('',(#348),#3812,.F.);
#3982=ADVANCED_FACE('',(#349),#279,.F.);
#3983=ADVANCED_FACE('',(#350),#280,.F.);
#3984=ADVANCED_FACE('',(#351),#281,.F.);
#3985=ADVANCED_FACE('',(#352),#282,.F.);
#3986=ADVANCED_FACE('',(#353),#283,.F.);
#3987=ADVANCED_FACE('',(#354),#3813,.F.);
#3988=ADVANCED_FACE('',(#355),#3814,.F.);
#3989=ADVANCED_FACE('',(#356),#3815,.F.);
#3990=ADVANCED_FACE('',(#357),#3816,.F.);
#3991=ADVANCED_FACE('',(#358),#284,.F.);
#3992=ADVANCED_FACE('',(#359),#285,.F.);
#3993=ADVANCED_FACE('',(#360),#286,.F.);
#3994=ADVANCED_FACE('',(#361),#287,.F.);
#3995=ADVANCED_FACE('',(#362),#3817,.F.);
#3996=ADVANCED_FACE('',(#363),#3818,.F.);
#3997=ADVANCED_FACE('',(#364),#3819,.F.);
#3998=ADVANCED_FACE('',(#365),#288,.F.);
#3999=ADVANCED_FACE('',(#366),#289,.F.);
#4000=ADVANCED_FACE('',(#367),#290,.F.);
#4001=ADVANCED_FACE('',(#368),#291,.F.);
#4002=ADVANCED_FACE('',(#369),#292,.F.);
#4003=ADVANCED_FACE('',(#370),#293,.F.);
#4004=ADVANCED_FACE('',(#371),#294,.F.);
#4005=ADVANCED_FACE('',(#372),#3820,.F.);
#4006=ADVANCED_FACE('',(#373),#3821,.F.);
#4007=ADVANCED_FACE('',(#374,#142),#3822,.T.);
#4008=ADVANCED_FACE('',(#375),#3823,.T.);
#4009=ADVANCED_FACE('',(#376),#3824,.T.);
#4010=ADVANCED_FACE('',(#377),#3825,.T.);
#4011=ADVANCED_FACE('',(#378),#3826,.T.);
#4012=ADVANCED_FACE('',(#379),#3827,.T.);
#4013=ADVANCED_FACE('',(#380),#3828,.T.);
#4014=ADVANCED_FACE('',(#381),#3829,.T.);
#4015=ADVANCED_FACE('',(#382),#3830,.T.);
#4016=ADVANCED_FACE('',(#383),#3831,.T.);
#4017=ADVANCED_FACE('',(#384),#3832,.T.);
#4018=ADVANCED_FACE('',(#385),#3833,.T.);
#4019=ADVANCED_FACE('',(#386),#3834,.T.);
#4020=ADVANCED_FACE('',(#387),#3835,.T.);
#4021=ADVANCED_FACE('',(#388),#3836,.T.);
#4022=ADVANCED_FACE('',(#389),#3837,.T.);
#4023=ADVANCED_FACE('',(#390),#3838,.T.);
#4024=ADVANCED_FACE('',(#391),#16,.F.);
#4025=ADVANCED_FACE('',(#392,#143,#144,#145,#146,#147,#148,#149,#150),#3839,
 .T.);
#4026=ADVANCED_FACE('',(#393),#3840,.T.);
#4027=ADVANCED_FACE('',(#394),#17,.T.);
#4028=ADVANCED_FACE('',(#395),#18,.T.);
#4029=ADVANCED_FACE('',(#396),#3841,.T.);
#4030=ADVANCED_FACE('',(#397),#3842,.T.);
#4031=ADVANCED_FACE('',(#398),#19,.T.);
#4032=ADVANCED_FACE('',(#399),#20,.F.);
#4033=ADVANCED_FACE('',(#400,#151),#3843,.T.);
#4034=ADVANCED_FACE('',(#401),#3844,.T.);
#4035=ADVANCED_FACE('',(#402),#3845,.T.);
#4036=ADVANCED_FACE('',(#403),#3846,.T.);
#4037=ADVANCED_FACE('',(#404),#3847,.T.);
#4038=ADVANCED_FACE('',(#405),#3848,.T.);
#4039=ADVANCED_FACE('',(#406),#3849,.T.);
#4040=ADVANCED_FACE('',(#407),#3850,.T.);
#4041=ADVANCED_FACE('',(#408),#3851,.T.);
#4042=ADVANCED_FACE('',(#409),#3852,.T.);
#4043=ADVANCED_FACE('',(#410),#3853,.T.);
#4044=ADVANCED_FACE('',(#411),#3854,.T.);
#4045=ADVANCED_FACE('',(#412),#3855,.T.);
#4046=ADVANCED_FACE('',(#413),#3856,.T.);
#4047=ADVANCED_FACE('',(#414),#3857,.T.);
#4048=ADVANCED_FACE('',(#415),#3858,.T.);
#4049=ADVANCED_FACE('',(#416),#3859,.F.);
#4050=ADVANCED_FACE('',(#417),#3860,.T.);
#4051=ADVANCED_FACE('',(#418),#3861,.T.);
#4052=ADVANCED_FACE('',(#419),#3862,.T.);
#4053=ADVANCED_FACE('',(#420),#3863,.T.);
#4054=ADVANCED_FACE('',(#421),#3864,.T.);
#4055=ADVANCED_FACE('',(#422,#152,#153,#154,#155),#3865,.T.);
#4056=ADVANCED_FACE('',(#423),#3866,.T.);
#4057=ADVANCED_FACE('',(#424),#3867,.T.);
#4058=ADVANCED_FACE('',(#425),#3868,.F.);
#4059=ADVANCED_FACE('',(#426),#3869,.T.);
#4060=ADVANCED_FACE('',(#427),#3870,.F.);
#4061=ADVANCED_FACE('',(#428),#3871,.F.);
#4062=ADVANCED_FACE('',(#429),#3872,.F.);
#4063=ADVANCED_FACE('',(#430),#3873,.F.);
#4064=ADVANCED_FACE('',(#431),#15,.F.);
#4065=ADVANCED_FACE('',(#432),#21,.F.);
#4066=ADVANCED_FACE('',(#433),#3874,.F.);
#4067=ADVANCED_FACE('',(#434),#22,.F.);
#4068=ADVANCED_FACE('',(#435),#3875,.F.);
#4069=ADVANCED_FACE('',(#436),#23,.F.);
#4070=ADVANCED_FACE('',(#437),#3876,.F.);
#4071=ADVANCED_FACE('',(#438),#24,.F.);
#4072=ADVANCED_FACE('',(#439),#25,.F.);
#4073=ADVANCED_FACE('',(#440),#3877,.T.);
#4074=ADVANCED_FACE('',(#441),#3878,.F.);
#4075=ADVANCED_FACE('',(#442),#26,.F.);
#4076=ADVANCED_FACE('',(#443),#27,.T.);
#4077=ADVANCED_FACE('',(#444,#156),#3879,.T.);
#4078=ADVANCED_FACE('',(#445),#3880,.T.);
#4079=ADVANCED_FACE('',(#446),#28,.F.);
#4080=ADVANCED_FACE('',(#447),#29,.T.);
#4081=ADVANCED_FACE('',(#448,#157),#3881,.T.);
#4082=ADVANCED_FACE('',(#449),#3882,.T.);
#4083=ADVANCED_FACE('',(#450),#30,.F.);
#4084=ADVANCED_FACE('',(#451),#31,.T.);
#4085=ADVANCED_FACE('',(#452,#158),#3883,.T.);
#4086=ADVANCED_FACE('',(#453),#3884,.T.);
#4087=ADVANCED_FACE('',(#454),#32,.F.);
#4088=ADVANCED_FACE('',(#455),#33,.T.);
#4089=ADVANCED_FACE('',(#456,#159),#3885,.T.);
#4090=ADVANCED_FACE('',(#457),#3886,.T.);
#4091=ADVANCED_FACE('',(#458),#34,.F.);
#4092=ADVANCED_FACE('',(#459),#35,.F.);
#4093=ADVANCED_FACE('',(#460),#36,.F.);
#4094=ADVANCED_FACE('',(#461),#37,.F.);
#4095=ADVANCED_FACE('',(#462),#3887,.T.);
#4096=ADVANCED_FACE('',(#463),#3888,.T.);
#4097=ADVANCED_FACE('',(#464),#3889,.T.);
#4098=ADVANCED_FACE('',(#465),#38,.F.);
#4099=ADVANCED_FACE('',(#466),#39,.T.);
#4100=ADVANCED_FACE('',(#467,#160),#3890,.T.);
#4101=ADVANCED_FACE('',(#468),#3891,.T.);
#4102=ADVANCED_FACE('',(#469),#40,.F.);
#4103=ADVANCED_FACE('',(#470),#41,.T.);
#4104=ADVANCED_FACE('',(#471,#161),#3892,.T.);
#4105=ADVANCED_FACE('',(#472),#3893,.T.);
#4106=ADVANCED_FACE('',(#473),#42,.F.);
#4107=ADVANCED_FACE('',(#474),#43,.T.);
#4108=ADVANCED_FACE('',(#475,#162),#3894,.T.);
#4109=ADVANCED_FACE('',(#476),#3895,.T.);
#4110=ADVANCED_FACE('',(#477),#44,.F.);
#4111=ADVANCED_FACE('',(#478),#45,.T.);
#4112=ADVANCED_FACE('',(#479,#163),#3896,.T.);
#4113=ADVANCED_FACE('',(#480),#3897,.T.);
#4114=ADVANCED_FACE('',(#481),#3898,.F.);
#4115=ADVANCED_FACE('',(#482),#3899,.F.);
#4116=ADVANCED_FACE('',(#483),#3900,.F.);
#4117=ADVANCED_FACE('',(#484),#3901,.F.);
#4118=ADVANCED_FACE('',(#485,#164),#3902,.T.);
#4119=ADVANCED_FACE('',(#486,#165),#3903,.T.);
#4120=ADVANCED_FACE('',(#487),#3904,.T.);
#4121=ADVANCED_FACE('',(#488),#46,.F.);
#4122=ADVANCED_FACE('',(#489),#3905,.T.);
#4123=ADVANCED_FACE('',(#490),#47,.F.);
#4124=ADVANCED_FACE('',(#491),#3906,.T.);
#4125=ADVANCED_FACE('',(#492),#48,.F.);
#4126=ADVANCED_FACE('',(#493),#3907,.T.);
#4127=ADVANCED_FACE('',(#494),#49,.F.);
#4128=ADVANCED_FACE('',(#495),#3908,.T.);
#4129=ADVANCED_FACE('',(#496),#3909,.T.);
#4130=ADVANCED_FACE('',(#497),#3910,.T.);
#4131=ADVANCED_FACE('',(#498),#3911,.T.);
#4132=ADVANCED_FACE('',(#499),#3912,.T.);
#4133=ADVANCED_FACE('',(#500),#3913,.T.);
#4134=ADVANCED_FACE('',(#501),#3914,.T.);
#4135=ADVANCED_FACE('',(#502),#3915,.T.);
#4136=ADVANCED_FACE('',(#503),#3916,.T.);
#4137=ADVANCED_FACE('',(#504),#3917,.T.);
#4138=ADVANCED_FACE('',(#505),#50,.F.);
#4139=ADVANCED_FACE('',(#506),#3918,.T.);
#4140=ADVANCED_FACE('',(#507),#3919,.T.);
#4141=ADVANCED_FACE('',(#508),#51,.F.);
#4142=ADVANCED_FACE('',(#509),#3920,.T.);
#4143=ADVANCED_FACE('',(#510),#52,.F.);
#4144=ADVANCED_FACE('',(#511),#3921,.T.);
#4145=ADVANCED_FACE('',(#512),#53,.F.);
#4146=ADVANCED_FACE('',(#513),#3922,.T.);
#4147=ADVANCED_FACE('',(#514),#54,.F.);
#4148=ADVANCED_FACE('',(#515),#3923,.T.);
#4149=ADVANCED_FACE('',(#516),#3924,.T.);
#4150=ADVANCED_FACE('',(#517),#55,.F.);
#4151=ADVANCED_FACE('',(#518),#3925,.T.);
#4152=ADVANCED_FACE('',(#519,#166,#167,#168,#169),#3926,.T.);
#4153=ADVANCED_FACE('',(#520,#170,#171,#172,#173,#174),#3927,.F.);
#4154=CLOSED_SHELL('',(#3928,#3929,#3930,#3931,#3932,#3933,#3934,#3935,
#3936,#3937,#3938,#3939,#3940,#3941,#3942,#3943,#3944,#3945,#3946,#3947,
#3948,#3949,#3950,#3951,#3952,#3953,#3954,#3955,#3956,#3957,#3958,#3959,
#3960,#3961,#3962,#3963,#3964,#3965,#3966,#3967,#3968,#3969,#3970,#3971,
#3972,#3973,#3974,#3975,#3976,#3977,#3978,#3979,#3980,#3981,#3982,#3983,
#3984,#3985,#3986,#3987,#3988,#3989,#3990,#3991,#3992,#3993,#3994,#3995,
#3996,#3997,#3998,#3999,#4000,#4001,#4002,#4003,#4004,#4005,#4006,#4007,
#4008,#4009,#4010,#4011,#4012,#4013,#4014,#4015,#4016,#4017,#4018,#4019,
#4020,#4021,#4022,#4023,#4024,#4025,#4026,#4027,#4028,#4029,#4030,#4031,
#4032,#4033,#4034,#4035,#4036,#4037,#4038,#4039,#4040,#4041,#4042,#4043,
#4044,#4045,#4046,#4047,#4048,#4049,#4050,#4051,#4052,#4053,#4054,#4055,
#4056,#4057,#4058,#4059,#4060,#4061,#4062,#4063,#4064,#4065,#4066,#4067,
#4068,#4069,#4070,#4071,#4072,#4073,#4074,#4075,#4076,#4077,#4078,#4079,
#4080,#4081,#4082,#4083,#4084,#4085,#4086,#4087,#4088,#4089,#4090,#4091,
#4092,#4093,#4094,#4095,#4096,#4097,#4098,#4099,#4100,#4101,#4102,#4103,
#4104,#4105,#4106,#4107,#4108,#4109,#4110,#4111,#4112,#4113,#4114,#4115,
#4116,#4117,#4118,#4119,#4120,#4121,#4122,#4123,#4124,#4125,#4126,#4127,
#4128,#4129,#4130,#4131,#4132,#4133,#4134,#4135,#4136,#4137,#4138,#4139,
#4140,#4141,#4142,#4143,#4144,#4145,#4146,#4147,#4148,#4149,#4150,#4151,
#4152,#4153));
#4155=DERIVED_UNIT_ELEMENT(#4157,1.);
#4156=DERIVED_UNIT_ELEMENT(#7292,-3.);
#4157=(
MASS_UNIT()
NAMED_UNIT(*)
SI_UNIT(.KILO.,.GRAM.)
);
#4158=DERIVED_UNIT((#4155,#4156));
#4159=MEASURE_REPRESENTATION_ITEM('density measure',
POSITIVE_RATIO_MEASURE(7850.),#4158);
#4160=PROPERTY_DEFINITION_REPRESENTATION(#4165,#4162);
#4161=PROPERTY_DEFINITION_REPRESENTATION(#4166,#4163);
#4162=REPRESENTATION('material name',(#4164),#7289);
#4163=REPRESENTATION('density',(#4159),#7289);
#4164=DESCRIPTIVE_REPRESENTATION_ITEM('Steel','Steel');
#4165=PROPERTY_DEFINITION('material property','material name',#7299);
#4166=PROPERTY_DEFINITION('material property','density of part',#7299);
#4167=AXIS2_PLACEMENT_3D('',#5401,#4437,#4438);
#4168=AXIS2_PLACEMENT_3D('',#5402,#4439,#4440);
#4169=AXIS2_PLACEMENT_3D('',#5411,#4445,#4446);
#4170=AXIS2_PLACEMENT_3D('',#5417,#4450,#4451);
#4171=AXIS2_PLACEMENT_3D('',#5423,#4455,#4456);
#4172=AXIS2_PLACEMENT_3D('',#5429,#4460,#4461);
#4173=AXIS2_PLACEMENT_3D('',#5435,#4465,#4466);
#4174=AXIS2_PLACEMENT_3D('',#5438,#4469,#4470);
#4175=AXIS2_PLACEMENT_3D('',#5439,#4471,#4472);
#4176=AXIS2_PLACEMENT_3D('',#5448,#4477,#4478);
#4177=AXIS2_PLACEMENT_3D('',#5454,#4482,#4483);
#4178=AXIS2_PLACEMENT_3D('',#5460,#4487,#4488);
#4179=AXIS2_PLACEMENT_3D('',#5466,#4492,#4493);
#4180=AXIS2_PLACEMENT_3D('',#5472,#4497,#4498);
#4181=AXIS2_PLACEMENT_3D('',#5478,#4502,#4503);
#4182=AXIS2_PLACEMENT_3D('',#5484,#4507,#4508);
#4183=AXIS2_PLACEMENT_3D('',#5490,#4512,#4513);
#4184=AXIS2_PLACEMENT_3D('',#5496,#4517,#4518);
#4185=AXIS2_PLACEMENT_3D('',#5499,#4521,#4522);
#4186=AXIS2_PLACEMENT_3D('',#5500,#4523,#4524);
#4187=AXIS2_PLACEMENT_3D('',#5670,#4536,#4537);
#4188=AXIS2_PLACEMENT_3D('',#5676,#4541,#4542);
#4189=AXIS2_PLACEMENT_3D('',#5679,#4545,#4546);
#4190=AXIS2_PLACEMENT_3D('',#5826,#4557,#4558);
#4191=AXIS2_PLACEMENT_3D('',#5832,#4562,#4563);
#4192=AXIS2_PLACEMENT_3D('',#6091,#4578,#4579);
#4193=AXIS2_PLACEMENT_3D('',#6097,#4583,#4584);
#4194=AXIS2_PLACEMENT_3D('',#6103,#4588,#4589);
#4195=AXIS2_PLACEMENT_3D('',#6106,#4592,#4593);
#4196=AXIS2_PLACEMENT_3D('',#6107,#4594,#4595);
#4197=AXIS2_PLACEMENT_3D('',#6116,#4600,#4601);
#4198=AXIS2_PLACEMENT_3D('',#6240,#4611,#4612);
#4199=AXIS2_PLACEMENT_3D('',#6246,#4616,#4617);
#4200=AXIS2_PLACEMENT_3D('',#6249,#4620,#4621);
#4201=AXIS2_PLACEMENT_3D('',#6258,#4626,#4627);
#4202=AXIS2_PLACEMENT_3D('',#6356,#4635,#4636);
#4203=AXIS2_PLACEMENT_3D('',#6362,#4640,#4641);
#4204=AXIS2_PLACEMENT_3D('',#6368,#4645,#4646);
#4205=AXIS2_PLACEMENT_3D('',#6532,#4656,#4657);
#4206=AXIS2_PLACEMENT_3D('',#6543,#4661,#4662);
#4207=AXIS2_PLACEMENT_3D('',#6546,#4665,#4666);
#4208=AXIS2_PLACEMENT_3D('',#6547,#4667,#4668);
#4209=AXIS2_PLACEMENT_3D('',#6548,#4669,#4670);
#4210=AXIS2_PLACEMENT_3D('',#6549,#4671,#4672);
#4211=AXIS2_PLACEMENT_3D('',#6550,#4673,#4674);
#4212=AXIS2_PLACEMENT_3D('',#6551,#4675,#4676);
#4213=AXIS2_PLACEMENT_3D('',#6560,#4681,#4682);
#4214=AXIS2_PLACEMENT_3D('',#6566,#4686,#4687);
#4215=AXIS2_PLACEMENT_3D('',#6572,#4691,#4692);
#4216=AXIS2_PLACEMENT_3D('',#6578,#4696,#4697);
#4217=AXIS2_PLACEMENT_3D('',#6584,#4701,#4702);
#4218=AXIS2_PLACEMENT_3D('',#6590,#4706,#4707);
#4219=AXIS2_PLACEMENT_3D('',#6598,#4712,#4713);
#4220=AXIS2_PLACEMENT_3D('',#6607,#4718,#4719);
#4221=AXIS2_PLACEMENT_3D('',#6613,#4723,#4724);
#4222=AXIS2_PLACEMENT_3D('',#6622,#4729,#4730);
#4223=AXIS2_PLACEMENT_3D('',#6625,#4733,#4734);
#4224=AXIS2_PLACEMENT_3D('',#6629,#4737,#4738);
#4225=AXIS2_PLACEMENT_3D('',#6637,#4743,#4744);
#4226=AXIS2_PLACEMENT_3D('',#6640,#4745,#4746);
#4227=AXIS2_PLACEMENT_3D('',#6644,#4748,#4749);
#4228=AXIS2_PLACEMENT_3D('',#6646,#4751,#4752);
#4229=AXIS2_PLACEMENT_3D('',#6650,#4754,#4755);
#4230=AXIS2_PLACEMENT_3D('',#6666,#4763,#4764);
#4231=AXIS2_PLACEMENT_3D('',#6670,#4766,#4767);
#4232=AXIS2_PLACEMENT_3D('',#6674,#4769,#4770);
#4233=AXIS2_PLACEMENT_3D('',#6683,#4775,#4776);
#4234=AXIS2_PLACEMENT_3D('',#6685,#4777,#4778);
#4235=AXIS2_PLACEMENT_3D('',#6687,#4779,#4780);
#4236=AXIS2_PLACEMENT_3D('',#6689,#4781,#4782);
#4237=AXIS2_PLACEMENT_3D('',#6691,#4783,#4784);
#4238=AXIS2_PLACEMENT_3D('',#6693,#4785,#4786);
#4239=AXIS2_PLACEMENT_3D('',#6695,#4787,#4788);
#4240=AXIS2_PLACEMENT_3D('',#6697,#4789,#4790);
#4241=AXIS2_PLACEMENT_3D('',#6698,#4791,#4792);
#4242=AXIS2_PLACEMENT_3D('',#6702,#4795,#4796);
#4243=AXIS2_PLACEMENT_3D('',#6704,#4797,#4798);
#4244=AXIS2_PLACEMENT_3D('',#6706,#4800,#4801);
#4245=AXIS2_PLACEMENT_3D('',#6709,#4802,#4803);
#4246=AXIS2_PLACEMENT_3D('',#6712,#4806,#4807);
#4247=AXIS2_PLACEMENT_3D('',#6716,#4810,#4811);
#4248=AXIS2_PLACEMENT_3D('',#6726,#4816,#4817);
#4249=AXIS2_PLACEMENT_3D('',#6729,#4819,#4820);
#4250=AXIS2_PLACEMENT_3D('',#6730,#4821,#4822);
#4251=AXIS2_PLACEMENT_3D('',#6732,#4824,#4825);
#4252=AXIS2_PLACEMENT_3D('',#6735,#4828,#4829);
#4253=AXIS2_PLACEMENT_3D('',#6743,#4834,#4835);
#4254=AXIS2_PLACEMENT_3D('',#6747,#4837,#4838);
#4255=AXIS2_PLACEMENT_3D('',#6751,#4840,#4841);
#4256=AXIS2_PLACEMENT_3D('',#6754,#4843,#4844);
#4257=AXIS2_PLACEMENT_3D('',#6757,#4846,#4847);
#4258=AXIS2_PLACEMENT_3D('',#6758,#4848,#4849);
#4259=AXIS2_PLACEMENT_3D('',#6760,#4851,#4852);
#4260=AXIS2_PLACEMENT_3D('',#6762,#4854,#4855);
#4261=AXIS2_PLACEMENT_3D('',#6763,#4856,#4857);
#4262=AXIS2_PLACEMENT_3D('',#6764,#4858,#4859);
#4263=AXIS2_PLACEMENT_3D('',#6768,#4862,#4863);
#4264=AXIS2_PLACEMENT_3D('',#6772,#4866,#4867);
#4265=AXIS2_PLACEMENT_3D('',#6774,#4869,#4870);
#4266=AXIS2_PLACEMENT_3D('',#6776,#4872,#4873);
#4267=AXIS2_PLACEMENT_3D('',#6785,#4878,#4879);
#4268=AXIS2_PLACEMENT_3D('',#6791,#4883,#4884);
#4269=AXIS2_PLACEMENT_3D('',#6801,#4890,#4891);
#4270=AXIS2_PLACEMENT_3D('',#6804,#4894,#4895);
#4271=AXIS2_PLACEMENT_3D('',#6808,#4898,#4899);
#4272=AXIS2_PLACEMENT_3D('',#6812,#4902,#4903);
#4273=AXIS2_PLACEMENT_3D('',#6813,#4904,#4905);
#4274=AXIS2_PLACEMENT_3D('',#6822,#4910,#4911);
#4275=AXIS2_PLACEMENT_3D('',#6824,#4913,#4914);
#4276=AXIS2_PLACEMENT_3D('',#6833,#4919,#4920);
#4277=AXIS2_PLACEMENT_3D('',#6839,#4924,#4925);
#4278=AXIS2_PLACEMENT_3D('',#6849,#4931,#4932);
#4279=AXIS2_PLACEMENT_3D('',#6852,#4935,#4936);
#4280=AXIS2_PLACEMENT_3D('',#6860,#4940,#4941);
#4281=AXIS2_PLACEMENT_3D('',#6864,#4943,#4944);
#4282=AXIS2_PLACEMENT_3D('',#6868,#4946,#4947);
#4283=AXIS2_PLACEMENT_3D('',#6871,#4949,#4950);
#4284=AXIS2_PLACEMENT_3D('',#6878,#4954,#4955);
#4285=AXIS2_PLACEMENT_3D('',#6879,#4956,#4957);
#4286=AXIS2_PLACEMENT_3D('',#6880,#4958,#4959);
#4287=AXIS2_PLACEMENT_3D('',#6884,#4962,#4963);
#4288=AXIS2_PLACEMENT_3D('',#6885,#4964,#4965);
#4289=AXIS2_PLACEMENT_3D('',#6894,#4970,#4971);
#4290=AXIS2_PLACEMENT_3D('',#6896,#4973,#4974);
#4291=AXIS2_PLACEMENT_3D('',#6902,#4978,#4979);
#4292=AXIS2_PLACEMENT_3D('',#6906,#4982,#4983);
#4293=AXIS2_PLACEMENT_3D('',#6910,#4986,#4987);
#4294=AXIS2_PLACEMENT_3D('',#6912,#4989,#4990);
#4295=AXIS2_PLACEMENT_3D('',#6915,#4992,#4993);
#4296=AXIS2_PLACEMENT_3D('',#6916,#4994,#4995);
#4297=AXIS2_PLACEMENT_3D('',#6918,#4997,#4998);
#4298=AXIS2_PLACEMENT_3D('',#6927,#5003,#5004);
#4299=AXIS2_PLACEMENT_3D('',#6929,#5005,#5006);
#4300=AXIS2_PLACEMENT_3D('',#6931,#5007,#5008);
#4301=AXIS2_PLACEMENT_3D('',#6933,#5010,#5011);
#4302=AXIS2_PLACEMENT_3D('',#6939,#5015,#5016);
#4303=AXIS2_PLACEMENT_3D('',#6941,#5017,#5018);
#4304=AXIS2_PLACEMENT_3D('',#6943,#5019,#5020);
#4305=AXIS2_PLACEMENT_3D('',#6945,#5022,#5023);
#4306=AXIS2_PLACEMENT_3D('',#6951,#5027,#5028);
#4307=AXIS2_PLACEMENT_3D('',#6952,#5029,#5030);
#4308=AXIS2_PLACEMENT_3D('',#6953,#5031,#5032);
#4309=AXIS2_PLACEMENT_3D('',#6954,#5033,#5034);
#4310=AXIS2_PLACEMENT_3D('',#6955,#5035,#5036);
#4311=AXIS2_PLACEMENT_3D('',#6958,#5038,#5039);
#4312=AXIS2_PLACEMENT_3D('',#6959,#5040,#5041);
#4313=AXIS2_PLACEMENT_3D('',#6966,#5046,#5047);
#4314=AXIS2_PLACEMENT_3D('',#6968,#5049,#5050);
#4315=AXIS2_PLACEMENT_3D('',#6970,#5051,#5052);
#4316=AXIS2_PLACEMENT_3D('',#6973,#5054,#5055);
#4317=AXIS2_PLACEMENT_3D('',#6974,#5056,#5057);
#4318=AXIS2_PLACEMENT_3D('',#6976,#5058,#5059);
#4319=AXIS2_PLACEMENT_3D('',#6978,#5061,#5062);
#4320=AXIS2_PLACEMENT_3D('',#6979,#5063,#5064);
#4321=AXIS2_PLACEMENT_3D('',#6980,#5065,#5066);
#4322=AXIS2_PLACEMENT_3D('',#6982,#5067,#5068);
#4323=AXIS2_PLACEMENT_3D('',#6985,#5070,#5071);
#4324=AXIS2_PLACEMENT_3D('',#6986,#5072,#5073);
#4325=AXIS2_PLACEMENT_3D('',#6988,#5074,#5075);
#4326=AXIS2_PLACEMENT_3D('',#6990,#5077,#5078);
#4327=AXIS2_PLACEMENT_3D('',#6991,#5079,#5080);
#4328=AXIS2_PLACEMENT_3D('',#6992,#5081,#5082);
#4329=AXIS2_PLACEMENT_3D('',#6994,#5083,#5084);
#4330=AXIS2_PLACEMENT_3D('',#6997,#5086,#5087);
#4331=AXIS2_PLACEMENT_3D('',#6998,#5088,#5089);
#4332=AXIS2_PLACEMENT_3D('',#7000,#5090,#5091);
#4333=AXIS2_PLACEMENT_3D('',#7002,#5093,#5094);
#4334=AXIS2_PLACEMENT_3D('',#7003,#5095,#5096);
#4335=AXIS2_PLACEMENT_3D('',#7004,#5097,#5098);
#4336=AXIS2_PLACEMENT_3D('',#7006,#5099,#5100);
#4337=AXIS2_PLACEMENT_3D('',#7009,#5102,#5103);
#4338=AXIS2_PLACEMENT_3D('',#7010,#5104,#5105);
#4339=AXIS2_PLACEMENT_3D('',#7012,#5106,#5107);
#4340=AXIS2_PLACEMENT_3D('',#7014,#5109,#5110);
#4341=AXIS2_PLACEMENT_3D('',#7015,#5111,#5112);
#4342=AXIS2_PLACEMENT_3D('',#7019,#5115,#5116);
#4343=AXIS2_PLACEMENT_3D('',#7022,#5119,#5120);
#4344=AXIS2_PLACEMENT_3D('',#7025,#5123,#5124);
#4345=AXIS2_PLACEMENT_3D('',#7027,#5126,#5127);
#4346=AXIS2_PLACEMENT_3D('',#7029,#5129,#5130);
#4347=AXIS2_PLACEMENT_3D('',#7030,#5131,#5132);
#4348=AXIS2_PLACEMENT_3D('',#7031,#5133,#5134);
#4349=AXIS2_PLACEMENT_3D('',#7032,#5135,#5136);
#4350=AXIS2_PLACEMENT_3D('',#7034,#5137,#5138);
#4351=AXIS2_PLACEMENT_3D('',#7037,#5140,#5141);
#4352=AXIS2_PLACEMENT_3D('',#7038,#5142,#5143);
#4353=AXIS2_PLACEMENT_3D('',#7040,#5144,#5145);
#4354=AXIS2_PLACEMENT_3D('',#7042,#5147,#5148);
#4355=AXIS2_PLACEMENT_3D('',#7043,#5149,#5150);
#4356=AXIS2_PLACEMENT_3D('',#7044,#5151,#5152);
#4357=AXIS2_PLACEMENT_3D('',#7046,#5153,#5154);
#4358=AXIS2_PLACEMENT_3D('',#7049,#5156,#5157);
#4359=AXIS2_PLACEMENT_3D('',#7050,#5158,#5159);
#4360=AXIS2_PLACEMENT_3D('',#7052,#5160,#5161);
#4361=AXIS2_PLACEMENT_3D('',#7054,#5163,#5164);
#4362=AXIS2_PLACEMENT_3D('',#7055,#5165,#5166);
#4363=AXIS2_PLACEMENT_3D('',#7056,#5167,#5168);
#4364=AXIS2_PLACEMENT_3D('',#7058,#5169,#5170);
#4365=AXIS2_PLACEMENT_3D('',#7061,#5172,#5173);
#4366=AXIS2_PLACEMENT_3D('',#7062,#5174,#5175);
#4367=AXIS2_PLACEMENT_3D('',#7064,#5176,#5177);
#4368=AXIS2_PLACEMENT_3D('',#7066,#5179,#5180);
#4369=AXIS2_PLACEMENT_3D('',#7067,#5181,#5182);
#4370=AXIS2_PLACEMENT_3D('',#7068,#5183,#5184);
#4371=AXIS2_PLACEMENT_3D('',#7070,#5185,#5186);
#4372=AXIS2_PLACEMENT_3D('',#7073,#5188,#5189);
#4373=AXIS2_PLACEMENT_3D('',#7074,#5190,#5191);
#4374=AXIS2_PLACEMENT_3D('',#7076,#5192,#5193);
#4375=AXIS2_PLACEMENT_3D('',#7078,#5195,#5196);
#4376=AXIS2_PLACEMENT_3D('',#7079,#5197,#5198);
#4377=AXIS2_PLACEMENT_3D('',#7080,#5199,#5200);
#4378=AXIS2_PLACEMENT_3D('',#7089,#5205,#5206);
#4379=AXIS2_PLACEMENT_3D('',#7095,#5210,#5211);
#4380=AXIS2_PLACEMENT_3D('',#7101,#5215,#5216);
#4381=AXIS2_PLACEMENT_3D('',#7104,#5219,#5220);
#4382=AXIS2_PLACEMENT_3D('',#7108,#5223,#5224);
#4383=AXIS2_PLACEMENT_3D('',#7110,#5226,#5227);
#4384=AXIS2_PLACEMENT_3D('',#7111,#5228,#5229);
#4385=AXIS2_PLACEMENT_3D('',#7114,#5230,#5231);
#4386=AXIS2_PLACEMENT_3D('',#7118,#5233,#5234);
#4387=AXIS2_PLACEMENT_3D('',#7120,#5236,#5237);
#4388=AXIS2_PLACEMENT_3D('',#7126,#5241,#5242);
#4389=AXIS2_PLACEMENT_3D('',#7128,#5243,#5244);
#4390=AXIS2_PLACEMENT_3D('',#7130,#5245,#5246);
#4391=AXIS2_PLACEMENT_3D('',#7132,#5248,#5249);
#4392=AXIS2_PLACEMENT_3D('',#7138,#5253,#5254);
#4393=AXIS2_PLACEMENT_3D('',#7140,#5255,#5256);
#4394=AXIS2_PLACEMENT_3D('',#7142,#5257,#5258);
#4395=AXIS2_PLACEMENT_3D('',#7144,#5260,#5261);
#4396=AXIS2_PLACEMENT_3D('',#7150,#5265,#5266);
#4397=AXIS2_PLACEMENT_3D('',#7152,#5267,#5268);
#4398=AXIS2_PLACEMENT_3D('',#7154,#5269,#5270);
#4399=AXIS2_PLACEMENT_3D('',#7156,#5272,#5273);
#4400=AXIS2_PLACEMENT_3D('',#7159,#5276,#5277);
#4401=AXIS2_PLACEMENT_3D('',#7168,#5282,#5283);
#4402=AXIS2_PLACEMENT_3D('',#7174,#5287,#5288);
#4403=AXIS2_PLACEMENT_3D('',#7180,#5292,#5293);
#4404=AXIS2_PLACEMENT_3D('',#7183,#5296,#5297);
#4405=AXIS2_PLACEMENT_3D('',#7189,#5301,#5302);
#4406=AXIS2_PLACEMENT_3D('',#7193,#5305,#5306);
#4407=AXIS2_PLACEMENT_3D('',#7197,#5309,#5310);
#4408=AXIS2_PLACEMENT_3D('',#7199,#5312,#5313);
#4409=AXIS2_PLACEMENT_3D('',#7208,#5318,#5319);
#4410=AXIS2_PLACEMENT_3D('',#7210,#5320,#5321);
#4411=AXIS2_PLACEMENT_3D('',#7212,#5322,#5323);
#4412=AXIS2_PLACEMENT_3D('',#7214,#5325,#5326);
#4413=AXIS2_PLACEMENT_3D('',#7220,#5330,#5331);
#4414=AXIS2_PLACEMENT_3D('',#7226,#5335,#5336);
#4415=AXIS2_PLACEMENT_3D('',#7228,#5337,#5338);
#4416=AXIS2_PLACEMENT_3D('',#7230,#5339,#5340);
#4417=AXIS2_PLACEMENT_3D('',#7232,#5342,#5343);
#4418=AXIS2_PLACEMENT_3D('',#7238,#5347,#5348);
#4419=AXIS2_PLACEMENT_3D('',#7240,#5349,#5350);
#4420=AXIS2_PLACEMENT_3D('',#7242,#5351,#5352);
#4421=AXIS2_PLACEMENT_3D('',#7244,#5354,#5355);
#4422=AXIS2_PLACEMENT_3D('',#7250,#5359,#5360);
#4423=AXIS2_PLACEMENT_3D('',#7252,#5361,#5362);
#4424=AXIS2_PLACEMENT_3D('',#7254,#5363,#5364);
#4425=AXIS2_PLACEMENT_3D('',#7256,#5366,#5367);
#4426=AXIS2_PLACEMENT_3D('',#7262,#5371,#5372);
#4427=AXIS2_PLACEMENT_3D('',#7264,#5373,#5374);
#4428=AXIS2_PLACEMENT_3D('',#7266,#5375,#5376);
#4429=AXIS2_PLACEMENT_3D('',#7268,#5378,#5379);
#4430=AXIS2_PLACEMENT_3D('',#7274,#5383,#5384);
#4431=AXIS2_PLACEMENT_3D('',#7280,#5388,#5389);
#4432=AXIS2_PLACEMENT_3D('',#7281,#5390,#5391);
#4433=AXIS2_PLACEMENT_3D('',#7282,#5392,#5393);
#4434=AXIS2_PLACEMENT_3D('',#7283,#5394,#5395);
#4435=AXIS2_PLACEMENT_3D('',#7285,#5397,#5398);
#4436=AXIS2_PLACEMENT_3D('',#7286,#5399,#5400);
#4437=DIRECTION('axis',(0.,0.,1.));
#4438=DIRECTION('refdir',(1.,0.,0.));
#4439=DIRECTION('center_axis',(0.,-1.,0.));
#4440=DIRECTION('ref_axis',(0.,0.,-1.));
#4441=DIRECTION('',(-1.38666955995876E-32,0.,-1.));
#4442=DIRECTION('',(1.,0.,0.));
#4443=DIRECTION('',(0.,0.,-1.));
#4444=DIRECTION('',(1.,0.,0.));
#4445=DIRECTION('center_axis',(0.,5.63568917815955E-16,1.));
#4446=DIRECTION('ref_axis',(0.,-1.,5.63568917815955E-16));
#4447=DIRECTION('',(2.77555756156289E-15,-1.,5.63568917815955E-16));
#4448=DIRECTION('',(1.,0.,0.));
#4449=DIRECTION('',(0.,-1.,5.63568917815955E-16));
#4450=DIRECTION('center_axis',(0.,-1.,3.14691979710404E-16));
#4451=DIRECTION('ref_axis',(0.,-3.14691979710404E-16,-1.));
#4452=DIRECTION('',(8.5957900824882E-31,-3.14691979710404E-16,-1.));
#4453=DIRECTION('',(1.,0.,0.));
#4454=DIRECTION('',(0.,-3.14691979710404E-16,-1.));
#4455=DIRECTION('center_axis',(0.,0.,1.));
#4456=DIRECTION('ref_axis',(0.,-1.,0.));
#4457=DIRECTION('',(2.77555756156289E-15,-1.,0.));
#4458=DIRECTION('',(1.,0.,0.));
#4459=DIRECTION('',(0.,-1.,0.));
#4460=DIRECTION('center_axis',(0.,1.,-2.77555752020386E-16));
#4461=DIRECTION('ref_axis',(0.,2.77555752020386E-16,1.));
#4462=DIRECTION('',(-7.56505270675869E-31,2.77555752020386E-16,1.));
#4463=DIRECTION('',(1.,0.,0.));
#4464=DIRECTION('',(0.,2.77555752020386E-16,1.));
#4465=DIRECTION('center_axis',(0.,-6.66315672090545E-16,-1.));
#4466=DIRECTION('ref_axis',(0.,1.,-6.66315672090545E-16));
#4467=DIRECTION('',(-2.77555756156289E-15,1.,-6.66315672090545E-16));
#4468=DIRECTION('',(0.,1.,-6.66315672090545E-16));
#4469=DIRECTION('center_axis',(1.,0.,0.));
#4470=DIRECTION('ref_axis',(0.,0.,-1.));
#4471=DIRECTION('center_axis',(0.,-1.,1.22191224646457E-15));
#4472=DIRECTION('ref_axis',(0.,-1.22191224646457E-15,-1.));
#4473=DIRECTION('',(3.37762107964146E-30,-1.22191224646457E-15,-1.));
#4474=DIRECTION('',(1.,0.,0.));
#4475=DIRECTION('',(0.,-1.22191224646457E-15,-1.));
#4476=DIRECTION('',(1.,0.,0.));
#4477=DIRECTION('center_axis',(0.,-5.91419700466791E-16,-1.));
#4478=DIRECTION('ref_axis',(0.,1.,-5.91419700466791E-16));
#4479=DIRECTION('',(-2.77555756156289E-15,1.,-5.91419700466791E-16));
#4480=DIRECTION('',(1.,0.,0.));
#4481=DIRECTION('',(0.,1.,-5.91419700466791E-16));
#4482=DIRECTION('center_axis',(0.,-1.,0.));
#4483=DIRECTION('ref_axis',(0.,0.,-1.));
#4484=DIRECTION('',(-1.38666955995876E-32,0.,-1.));
#4485=DIRECTION('',(1.,0.,0.));
#4486=DIRECTION('',(0.,0.,-1.));
#4487=DIRECTION('center_axis',(0.,5.91419700466791E-16,1.));
#4488=DIRECTION('ref_axis',(0.,-1.,5.91419700466791E-16));
#4489=DIRECTION('',(2.77555756156289E-15,-1.,5.91419700466791E-16));
#4490=DIRECTION('',(1.,0.,0.));
#4491=DIRECTION('',(0.,-1.,5.91419700466791E-16));
#4492=DIRECTION('center_axis',(0.,-1.,1.7924966876097E-15));
#4493=DIRECTION('ref_axis',(0.,-1.7924966876097E-15,-1.));
#4494=DIRECTION('',(4.96131103977193E-30,-1.7924966876097E-15,-1.));
#4495=DIRECTION('',(1.,0.,0.));
#4496=DIRECTION('',(0.,-1.7924966876097E-15,-1.));
#4497=DIRECTION('center_axis',(0.,-5.1181985708519E-16,-1.));
#4498=DIRECTION('ref_axis',(0.,1.,-5.1181985708519E-16));
#4499=DIRECTION('',(-2.77555756156289E-15,1.,-5.1181985708519E-16));
#4500=DIRECTION('',(1.,0.,0.));
#4501=DIRECTION('',(0.,1.,-5.1181985708519E-16));
#4502=DIRECTION('center_axis',(0.,-1.,0.));
#4503=DIRECTION('ref_axis',(0.,0.,-1.));
#4504=DIRECTION('',(-1.38666955995876E-32,0.,-1.));
#4505=DIRECTION('',(1.,0.,0.));
#4506=DIRECTION('',(0.,0.,-1.));
#4507=DIRECTION('center_axis',(0.,8.22844843247235E-16,1.));
#4508=DIRECTION('ref_axis',(0.,-1.,8.22844843247235E-16));
#4509=DIRECTION('',(2.77555756156289E-15,-1.,8.22844843247235E-16));
#4510=DIRECTION('',(1.,0.,0.));
#4511=DIRECTION('',(0.,-1.,8.22844843247235E-16));
#4512=DIRECTION('center_axis',(0.,1.,-1.11022300808154E-15));
#4513=DIRECTION('ref_axis',(0.,1.11022300808154E-15,1.));
#4514=DIRECTION('',(-3.06762116950224E-30,1.11022300808154E-15,1.));
#4515=DIRECTION('',(1.,0.,0.));
#4516=DIRECTION('',(0.,1.11022300808154E-15,1.));
#4517=DIRECTION('center_axis',(0.,-1.04870290794251E-15,-1.));
#4518=DIRECTION('ref_axis',(0.,1.,-1.04870290794251E-15));
#4519=DIRECTION('',(-2.77555756156289E-15,1.,-1.04870290794251E-15));
#4520=DIRECTION('',(0.,1.,-1.04870290794251E-15));
#4521=DIRECTION('center_axis',(1.,0.,0.));
#4522=DIRECTION('ref_axis',(0.,0.,-1.));
#4523=DIRECTION('center_axis',(0.,-1.20028527460972E-15,-1.));
#4524=DIRECTION('ref_axis',(0.,1.,-1.20028527460972E-15));
#4525=DIRECTION('',(-2.77555756156289E-15,1.,-1.20028527460972E-15));
#4526=DIRECTION('',(1.,0.,0.));
#4527=DIRECTION('',(0.,1.,-1.20028527460972E-15));
#4528=DIRECTION('',(1.,0.,0.));
#4529=DIRECTION('',(1.,0.,0.));
#4530=DIRECTION('',(1.,0.,0.));
#4531=DIRECTION('',(1.,0.,0.));
#4532=DIRECTION('',(1.,0.,0.));
#4533=DIRECTION('',(1.,0.,0.));
#4534=DIRECTION('',(1.,0.,0.));
#4535=DIRECTION('',(1.,0.,0.));
#4536=DIRECTION('center_axis',(0.,1.1147855498429E-15,1.));
#4537=DIRECTION('ref_axis',(0.,-1.,1.1147855498429E-15));
#4538=DIRECTION('',(2.77555756156289E-15,-1.,1.1147855498429E-15));
#4539=DIRECTION('',(1.,0.,0.));
#4540=DIRECTION('',(0.,-1.,1.1147855498429E-15));
#4541=DIRECTION('center_axis',(0.,-1.,0.));
#4542=DIRECTION('ref_axis',(0.,0.,-1.));
#4543=DIRECTION('',(-1.38666955995876E-32,0.,-1.));
#4544=DIRECTION('',(0.,0.,-1.));
#4545=DIRECTION('center_axis',(0.,-1.38872619220054E-15,-1.));
#4546=DIRECTION('ref_axis',(0.,1.,-1.38872619220054E-15));
#4547=DIRECTION('',(-2.77555756156289E-15,1.,-1.38872619220054E-15));
#4548=DIRECTION('',(1.,0.,0.));
#4549=DIRECTION('',(0.,1.,-1.38872619220054E-15));
#4550=DIRECTION('',(1.,0.,0.));
#4551=DIRECTION('',(1.,0.,0.));
#4552=DIRECTION('',(1.,0.,0.));
#4553=DIRECTION('',(1.,0.,0.));
#4554=DIRECTION('',(1.,0.,0.));
#4555=DIRECTION('',(1.,0.,0.));
#4556=DIRECTION('',(1.,0.,0.));
#4557=DIRECTION('center_axis',(0.,1.2835859799788E-15,1.));
#4558=DIRECTION('ref_axis',(0.,-1.,1.2835859799788E-15));
#4559=DIRECTION('',(2.77555756156289E-15,-1.,1.2835859799788E-15));
#4560=DIRECTION('',(1.,0.,0.));
#4561=DIRECTION('',(0.,-1.,1.2835859799788E-15));
#4562=DIRECTION('center_axis',(0.,-1.,0.));
#4563=DIRECTION('ref_axis',(0.,0.,-1.));
#4564=DIRECTION('',(-1.38666955995876E-32,0.,-1.));
#4565=DIRECTION('',(0.,0.,-1.));
#4566=DIRECTION('',(1.,0.,0.));
#4567=DIRECTION('',(1.,0.,0.));
#4568=DIRECTION('',(1.,0.,0.));
#4569=DIRECTION('',(1.,0.,0.));
#4570=DIRECTION('',(1.,0.,0.));
#4571=DIRECTION('',(1.,0.,0.));
#4572=DIRECTION('',(1.,0.,0.));
#4573=DIRECTION('',(1.,0.,0.));
#4574=DIRECTION('',(1.,0.,0.));
#4575=DIRECTION('',(1.,0.,0.));
#4576=DIRECTION('',(1.,0.,0.));
#4577=DIRECTION('',(1.,0.,0.));
#4578=DIRECTION('center_axis',(0.,7.39812272809572E-16,1.));
#4579=DIRECTION('ref_axis',(0.,-1.,7.39812272809572E-16));
#4580=DIRECTION('',(2.77555756156289E-15,-1.,7.39812272809572E-16));
#4581=DIRECTION('',(1.,0.,0.));
#4582=DIRECTION('',(0.,-1.,7.39812272809572E-16));
#4583=DIRECTION('center_axis',(0.,1.,-5.55111504040772E-16));
#4584=DIRECTION('ref_axis',(0.,5.55111504040772E-16,1.));
#4585=DIRECTION('',(-1.52687723695133E-30,5.55111504040772E-16,1.));
#4586=DIRECTION('',(1.,0.,0.));
#4587=DIRECTION('',(0.,5.55111504040772E-16,1.));
#4588=DIRECTION('center_axis',(0.,-7.27901138692935E-16,-1.));
#4589=DIRECTION('ref_axis',(0.,1.,-7.27901138692935E-16));
#4590=DIRECTION('',(-2.77555756156289E-15,1.,-7.27901138692935E-16));
#4591=DIRECTION('',(0.,1.,-7.27901138692935E-16));
#4592=DIRECTION('center_axis',(-1.,0.,0.));
#4593=DIRECTION('ref_axis',(0.,-1.,0.));
#4594=DIRECTION('center_axis',(0.,6.25995013218605E-16,1.));
#4595=DIRECTION('ref_axis',(0.,-1.,6.25995013218605E-16));
#4596=DIRECTION('',(-0.705227063447687,-0.708981515260413,0.));
#4597=DIRECTION('',(0.,-1.,6.25995013218605E-16));
#4598=DIRECTION('',(1.,0.,0.));
#4599=DIRECTION('',(2.77555756156289E-15,-1.,6.25995013218605E-16));
#4600=DIRECTION('center_axis',(0.,-8.76932688116985E-16,-1.));
#4601=DIRECTION('ref_axis',(0.,1.,-8.76932688116985E-16));
#4602=DIRECTION('',(-2.77555756156289E-15,1.,-8.76932688116985E-16));
#4603=DIRECTION('',(1.,0.,0.));
#4604=DIRECTION('',(0.,1.,-8.76932688116985E-16));
#4605=DIRECTION('',(1.,0.,0.));
#4606=DIRECTION('',(1.,0.,0.));
#4607=DIRECTION('',(1.,0.,0.));
#4608=DIRECTION('',(1.,0.,0.));
#4609=DIRECTION('',(1.,0.,0.));
#4610=DIRECTION('',(1.,0.,0.));
#4611=DIRECTION('center_axis',(0.,9.75771656962162E-16,1.));
#4612=DIRECTION('ref_axis',(0.,-1.,9.75771656962162E-16));
#4613=DIRECTION('',(2.77555756156289E-15,-1.,9.75771656962162E-16));
#4614=DIRECTION('',(1.,0.,0.));
#4615=DIRECTION('',(0.,-1.,9.75771656962162E-16));
#4616=DIRECTION('center_axis',(0.,-1.,3.14610850241302E-16));
#4617=DIRECTION('ref_axis',(0.,-3.14610850241302E-16,-1.));
#4618=DIRECTION('',(8.59353828737389E-31,-3.14610850241302E-16,-1.));
#4619=DIRECTION('',(0.,-3.14610850241302E-16,-1.));
#4620=DIRECTION('center_axis',(0.,-1.,2.34387523715563E-16));
#4621=DIRECTION('ref_axis',(0.,-2.34387523715563E-16,-1.));
#4622=DIRECTION('',(6.36689368185144E-31,-2.34387523715563E-16,-1.));
#4623=DIRECTION('',(1.,0.,0.));
#4624=DIRECTION('',(0.,-2.34387523715563E-16,-1.));
#4625=DIRECTION('',(1.,0.,0.));
#4626=DIRECTION('center_axis',(0.,0.,-1.));
#4627=DIRECTION('ref_axis',(0.,1.,0.));
#4628=DIRECTION('',(-2.77555756156289E-15,1.,0.));
#4629=DIRECTION('',(1.,0.,0.));
#4630=DIRECTION('',(0.,1.,0.));
#4631=DIRECTION('',(1.,0.,0.));
#4632=DIRECTION('',(1.,0.,0.));
#4633=DIRECTION('',(1.,0.,0.));
#4634=DIRECTION('',(1.,0.,0.));
#4635=DIRECTION('center_axis',(0.,0.84377536543762,-0.536696499597874));
#4636=DIRECTION('ref_axis',(0.,0.536696499597874,0.84377536543762));
#4637=DIRECTION('',(-1.48963202772321E-15,0.536696499597874,0.84377536543762));
#4638=DIRECTION('',(1.,0.,0.));
#4639=DIRECTION('',(0.,0.536696499597874,0.84377536543762));
#4640=DIRECTION('center_axis',(0.,-8.33804920176264E-16,-1.));
#4641=DIRECTION('ref_axis',(0.,1.,-8.33804920176264E-16));
#4642=DIRECTION('',(-2.77555756156289E-15,1.,-8.33804920176264E-16));
#4643=DIRECTION('',(1.,0.,0.));
#4644=DIRECTION('',(0.,1.,-8.33804920176264E-16));
#4645=DIRECTION('center_axis',(0.,-0.842616467753786,0.538514148625765));
#4646=DIRECTION('ref_axis',(0.,-0.538514148625765,-0.842616467753786));
#4647=DIRECTION('',(1.49467701722684E-15,-0.538514148625765,-0.842616467753786));
#4648=DIRECTION('',(1.,0.,0.));
#4649=DIRECTION('',(0.,-0.538514148625765,-0.842616467753786));
#4650=DIRECTION('',(1.,0.,0.));
#4651=DIRECTION('',(1.,0.,0.));
#4652=DIRECTION('',(1.,0.,0.));
#4653=DIRECTION('',(1.,0.,0.));
#4654=DIRECTION('',(1.,0.,0.));
#4655=DIRECTION('',(1.,0.,0.));
#4656=DIRECTION('center_axis',(0.,1.,-2.77555752020386E-16));
#4657=DIRECTION('ref_axis',(0.,2.77555752020386E-16,1.));
#4658=DIRECTION('',(-7.56505270675869E-31,2.77555752020386E-16,1.));
#4659=DIRECTION('',(1.,0.,0.));
#4660=DIRECTION('',(0.,2.77555752020386E-16,1.));
#4661=DIRECTION('center_axis',(0.,-1.04870290794251E-15,-1.));
#4662=DIRECTION('ref_axis',(0.,1.,-1.04870290794251E-15));
#4663=DIRECTION('',(-2.77555756156289E-15,1.,-1.04870290794251E-15));
#4664=DIRECTION('',(0.,1.,-1.04870290794251E-15));
#4665=DIRECTION('center_axis',(-1.,0.,0.));
#4666=DIRECTION('ref_axis',(0.,-1.,0.));
#4667=DIRECTION('center_axis',(-1.,0.,0.));
#4668=DIRECTION('ref_axis',(0.,-1.,0.));
#4669=DIRECTION('center_axis',(-1.,-2.77555756156289E-15,1.38666955995876E-32));
#4670=DIRECTION('ref_axis',(2.17244897726881E-31,-8.32667268468868E-17,
-1.));
#4671=DIRECTION('center_axis',(-1.,-2.77555756156289E-15,1.38666955995876E-32));
#4672=DIRECTION('ref_axis',(2.17244897726881E-31,-8.32667268468868E-17,
-1.));
#4673=DIRECTION('center_axis',(-1.,-2.77555756156289E-15,1.38666955995876E-32));
#4674=DIRECTION('ref_axis',(2.17244897726881E-31,-8.32667268468868E-17,
-1.));
#4675=DIRECTION('center_axis',(-1.,0.,0.));
#4676=DIRECTION('ref_axis',(0.,-1.,0.));
#4677=DIRECTION('',(0.,-1.,0.));
#4678=DIRECTION('',(0.,0.,1.));
#4679=DIRECTION('',(0.,-1.,0.));
#4680=DIRECTION('',(0.,0.,1.));
#4681=DIRECTION('center_axis',(0.,1.,0.));
#4682=DIRECTION('ref_axis',(-1.,0.,0.));
#4683=DIRECTION('',(1.,0.,0.));
#4684=DIRECTION('',(-1.,0.,0.));
#4685=DIRECTION('',(0.,0.,1.));
#4686=DIRECTION('center_axis',(1.,0.,0.));
#4687=DIRECTION('ref_axis',(0.,1.,0.));
#4688=DIRECTION('',(0.,-1.,0.));
#4689=DIRECTION('',(0.,1.,0.));
#4690=DIRECTION('',(0.,0.,1.));
#4691=DIRECTION('center_axis',(-1.07264841868087E-16,-1.,0.));
#4692=DIRECTION('ref_axis',(1.,-1.07264841868087E-16,0.));
#4693=DIRECTION('',(-1.,1.07264841868087E-16,0.));
#4694=DIRECTION('',(1.,-1.07264841868087E-16,0.));
#4695=DIRECTION('',(0.,0.,1.));
#4696=DIRECTION('center_axis',(-1.,-2.65788125207173E-15,0.));
#4697=DIRECTION('ref_axis',(2.65788125207173E-15,-1.,0.));
#4698=DIRECTION('',(-2.65788125207173E-15,1.,0.));
#4699=DIRECTION('',(2.65788125207173E-15,-1.,0.));
#4700=DIRECTION('',(0.,0.,1.));
#4701=DIRECTION('center_axis',(1.2335811384724E-15,1.,0.));
#4702=DIRECTION('ref_axis',(-1.,1.2335811384724E-15,0.));
#4703=DIRECTION('',(-1.,0.,0.));
#4704=DIRECTION('',(-1.,1.2335811384724E-15,0.));
#4705=DIRECTION('',(0.,0.,1.));
#4706=DIRECTION('center_axis',(0.,0.,1.));
#4707=DIRECTION('ref_axis',(1.,0.,0.));
#4708=DIRECTION('',(1.,0.,0.));
#4709=DIRECTION('',(-5.9211894646675E-17,-1.,0.));
#4710=DIRECTION('',(-1.,0.,0.));
#4711=DIRECTION('',(-9.93530904689665E-16,1.,0.));
#4712=DIRECTION('center_axis',(4.28888299410473E-16,1.,0.));
#4713=DIRECTION('ref_axis',(-1.,4.28888299410473E-16,0.));
#4714=DIRECTION('',(1.,-4.28888299410473E-16,0.));
#4715=DIRECTION('',(0.,0.,1.));
#4716=DIRECTION('',(-1.,4.28888299410473E-16,0.));
#4717=DIRECTION('',(0.,0.,1.));
#4718=DIRECTION('center_axis',(1.,6.03382078600627E-17,0.));
#4719=DIRECTION('ref_axis',(-6.03382078600627E-17,1.,0.));
#4720=DIRECTION('',(0.,1.,0.));
#4721=DIRECTION('',(-6.03382078600627E-17,1.,0.));
#4722=DIRECTION('',(0.,0.,1.));
#4723=DIRECTION('center_axis',(0.,-1.,0.));
#4724=DIRECTION('ref_axis',(1.,0.,0.));
#4725=DIRECTION('',(1.,0.,0.));
#4726=DIRECTION('',(0.,0.,1.));
#4727=DIRECTION('',(1.,0.,0.));
#4728=DIRECTION('',(0.,0.,1.));
#4729=DIRECTION('center_axis',(-0.999999154365435,0.00130048776026136,0.));
#4730=DIRECTION('ref_axis',(-0.00130048776026136,-0.999999154365435,0.));
#4731=DIRECTION('',(0.00130048776026136,0.999999154365435,0.));
#4732=DIRECTION('',(-0.00130048776026136,-0.999999154365435,0.));
#4733=DIRECTION('center_axis',(0.,0.,1.));
#4734=DIRECTION('ref_axis',(1.,0.,0.));
#4735=DIRECTION('',(3.51780944954369E-16,1.,0.));
#4736=DIRECTION('',(1.,0.,0.));
#4737=DIRECTION('center_axis',(0.,0.,1.));
#4738=DIRECTION('ref_axis',(-1.,-2.60902410786912E-15,0.));
#4739=DIRECTION('',(0.,1.,0.));
#4740=DIRECTION('',(1.,0.,0.));
#4741=DIRECTION('',(2.77555756156289E-15,-1.,0.));
#4742=DIRECTION('',(1.,0.,0.));
#4743=DIRECTION('center_axis',(0.,0.,-1.));
#4744=DIRECTION('ref_axis',(-0.707106781186541,0.707106781186554,0.));
#4745=DIRECTION('center_axis',(0.,0.,1.));
#4746=DIRECTION('ref_axis',(-0.707106781186541,0.707106781186554,0.));
#4747=DIRECTION('',(0.,0.,1.));
#4748=DIRECTION('center_axis',(0.,0.,1.));
#4749=DIRECTION('ref_axis',(-0.707106781186541,0.707106781186554,0.));
#4750=DIRECTION('',(0.,0.,-1.));
#4751=DIRECTION('center_axis',(0.,0.,1.));
#4752=DIRECTION('ref_axis',(1.,0.,0.));
#4753=DIRECTION('',(0.,-1.,0.));
#4754=DIRECTION('center_axis',(0.,0.,-1.));
#4755=DIRECTION('ref_axis',(0.707106781186541,-0.707106781186554,0.));
#4756=DIRECTION('',(-1.,0.,0.));
#4757=DIRECTION('',(0.,1.,0.));
#4758=DIRECTION('',(-1.,0.,0.));
#4759=DIRECTION('',(0.,1.,0.));
#4760=DIRECTION('',(1.,0.,0.));
#4761=DIRECTION('',(0.,1.,0.));
#4762=DIRECTION('',(1.,0.,0.));
#4763=DIRECTION('center_axis',(0.,0.,-1.));
#4764=DIRECTION('ref_axis',(0.707106781186548,0.707106781186548,0.));
#4765=DIRECTION('',(0.,-1.,0.));
#4766=DIRECTION('center_axis',(0.,0.,-1.));
#4767=DIRECTION('ref_axis',(0.707106781186548,-0.707106781186548,0.));
#4768=DIRECTION('',(-1.,0.,0.));
#4769=DIRECTION('center_axis',(0.,0.,1.));
#4770=DIRECTION('ref_axis',(-0.707106781186541,0.707106781186554,0.));
#4771=DIRECTION('',(0.,1.,0.));
#4772=DIRECTION('',(-1.,-2.60902410786912E-15,0.));
#4773=DIRECTION('',(0.,1.,0.));
#4774=DIRECTION('',(1.,0.,0.));
#4775=DIRECTION('center_axis',(0.,0.,-1.));
#4776=DIRECTION('ref_axis',(-1.,0.,0.));
#4777=DIRECTION('center_axis',(0.,0.,-1.));
#4778=DIRECTION('ref_axis',(-1.,0.,0.));
#4779=DIRECTION('center_axis',(0.,0.,-1.));
#4780=DIRECTION('ref_axis',(-1.,0.,0.));
#4781=DIRECTION('center_axis',(0.,0.,-1.));
#4782=DIRECTION('ref_axis',(-1.,0.,0.));
#4783=DIRECTION('center_axis',(0.,0.,-1.));
#4784=DIRECTION('ref_axis',(-1.,0.,0.));
#4785=DIRECTION('center_axis',(0.,0.,-1.));
#4786=DIRECTION('ref_axis',(-1.,0.,0.));
#4787=DIRECTION('center_axis',(0.,0.,-1.));
#4788=DIRECTION('ref_axis',(-1.,0.,0.));
#4789=DIRECTION('center_axis',(0.,0.,-1.));
#4790=DIRECTION('ref_axis',(-1.,0.,0.));
#4791=DIRECTION('center_axis',(1.,0.,0.));
#4792=DIRECTION('ref_axis',(0.,1.,0.));
#4793=DIRECTION('',(0.,1.,0.));
#4794=DIRECTION('',(0.,0.,1.));
#4795=DIRECTION('center_axis',(0.,0.,1.));
#4796=DIRECTION('ref_axis',(0.707106781186541,-0.707106781186554,0.));
#4797=DIRECTION('center_axis',(0.,0.,-1.));
#4798=DIRECTION('ref_axis',(0.707106781186541,-0.707106781186554,0.));
#4799=DIRECTION('',(0.,0.,-1.));
#4800=DIRECTION('center_axis',(0.,0.,1.));
#4801=DIRECTION('ref_axis',(0.707106781186548,0.707106781186548,0.));
#4802=DIRECTION('center_axis',(0.,0.,-1.));
#4803=DIRECTION('ref_axis',(0.707106781186548,0.707106781186548,0.));
#4804=DIRECTION('',(0.,0.,-1.));
#4805=DIRECTION('',(0.,0.,1.));
#4806=DIRECTION('center_axis',(1.,0.,0.));
#4807=DIRECTION('ref_axis',(0.,1.,0.));
#4808=DIRECTION('',(0.,1.,0.));
#4809=DIRECTION('',(0.,0.,1.));
#4810=DIRECTION('center_axis',(0.,0.,1.));
#4811=DIRECTION('ref_axis',(1.,0.,0.));
#4812=DIRECTION('',(-1.,0.,0.));
#4813=DIRECTION('',(0.,-1.,0.));
#4814=DIRECTION('',(-1.,0.,0.));
#4815=DIRECTION('',(0.,1.,0.));
#4816=DIRECTION('center_axis',(0.,0.,1.));
#4817=DIRECTION('ref_axis',(-0.707106781186541,0.707106781186554,0.));
#4818=DIRECTION('',(1.,0.,0.));
#4819=DIRECTION('center_axis',(0.,0.,-1.));
#4820=DIRECTION('ref_axis',(0.707106781186548,-0.707106781186548,0.));
#4821=DIRECTION('center_axis',(0.,0.,1.));
#4822=DIRECTION('ref_axis',(0.707106781186548,-0.707106781186548,0.));
#4823=DIRECTION('',(0.,0.,-1.));
#4824=DIRECTION('center_axis',(0.,0.,1.));
#4825=DIRECTION('ref_axis',(-0.707106781186541,0.707106781186554,0.));
#4826=DIRECTION('',(0.,0.,1.));
#4827=DIRECTION('',(0.,0.,-1.));
#4828=DIRECTION('center_axis',(1.,0.,0.));
#4829=DIRECTION('ref_axis',(0.,0.,-1.));
#4830=DIRECTION('',(0.,0.,-1.));
#4831=DIRECTION('',(0.,0.,1.));
#4832=DIRECTION('',(0.,1.,0.));
#4833=DIRECTION('',(0.,0.,1.));
#4834=DIRECTION('center_axis',(-1.,0.,0.));
#4835=DIRECTION('ref_axis',(0.,-1.,0.));
#4836=DIRECTION('',(0.,1.,0.));
#4837=DIRECTION('center_axis',(-1.,0.,0.));
#4838=DIRECTION('ref_axis',(0.,-1.,0.));
#4839=DIRECTION('',(0.,1.,0.));
#4840=DIRECTION('center_axis',(-1.,0.,0.));
#4841=DIRECTION('ref_axis',(0.,-1.,0.));
#4842=DIRECTION('',(0.,1.,0.));
#4843=DIRECTION('center_axis',(-1.,0.,0.));
#4844=DIRECTION('ref_axis',(0.,-1.,0.));
#4845=DIRECTION('',(0.,0.,1.));
#4846=DIRECTION('center_axis',(-1.,0.,0.));
#4847=DIRECTION('ref_axis',(0.,-1.,0.));
#4848=DIRECTION('center_axis',(0.,1.,0.));
#4849=DIRECTION('ref_axis',(-1.,0.,0.));
#4850=DIRECTION('',(0.,0.,1.));
#4851=DIRECTION('center_axis',(-1.,0.,0.));
#4852=DIRECTION('ref_axis',(0.,-1.,0.));
#4853=DIRECTION('',(0.,0.,1.));
#4854=DIRECTION('center_axis',(0.,1.,0.));
#4855=DIRECTION('ref_axis',(-1.,0.,0.));
#4856=DIRECTION('center_axis',(0.,-1.,0.));
#4857=DIRECTION('ref_axis',(1.,0.,0.));
#4858=DIRECTION('center_axis',(0.,-1.,0.));
#4859=DIRECTION('ref_axis',(1.,0.,0.));
#4860=DIRECTION('',(1.,0.,0.));
#4861=DIRECTION('',(0.,0.,1.));
#4862=DIRECTION('center_axis',(-1.,0.,0.));
#4863=DIRECTION('ref_axis',(0.,-1.,0.));
#4864=DIRECTION('',(0.,-1.,0.));
#4865=DIRECTION('',(0.,0.,1.));
#4866=DIRECTION('center_axis',(0.,-1.,0.));
#4867=DIRECTION('ref_axis',(1.,0.,0.));
#4868=DIRECTION('',(1.,0.,0.));
#4869=DIRECTION('center_axis',(0.,0.,1.));
#4870=DIRECTION('ref_axis',(1.,0.,0.));
#4871=DIRECTION('',(1.,0.,0.));
#4872=DIRECTION('center_axis',(0.,-0.707106781186547,0.707106781186548));
#4873=DIRECTION('ref_axis',(1.,0.,0.));
#4874=DIRECTION('',(1.,0.,0.));
#4875=DIRECTION('',(0.577350269189626,0.577350269189626,0.577350269189625));
#4876=DIRECTION('',(-1.,0.,0.));
#4877=DIRECTION('',(-0.577350269189626,0.577350269189626,0.577350269189625));
#4878=DIRECTION('center_axis',(0.707106781186548,-0.707106781186548,0.));
#4879=DIRECTION('ref_axis',(0.,0.,-1.));
#4880=DIRECTION('',(0.,0.,-1.));
#4881=DIRECTION('',(0.577350269189626,0.577350269189626,-0.577350269189625));
#4882=DIRECTION('',(0.,0.,1.));
#4883=DIRECTION('center_axis',(0.,-0.707106781186547,-0.707106781186548));
#4884=DIRECTION('ref_axis',(-1.,0.,0.));
#4885=DIRECTION('',(-1.,0.,0.));
#4886=DIRECTION('',(-0.577350269189626,0.577350269189626,-0.577350269189625));
#4887=DIRECTION('',(0.,0.707106781186546,-0.707106781186549));
#4888=DIRECTION('',(1.,2.60902410786912E-15,0.));
#4889=DIRECTION('',(0.,-0.707106781186546,0.707106781186549));
#4890=DIRECTION('center_axis',(-0.707106781186548,-0.707106781186548,0.));
#4891=DIRECTION('ref_axis',(0.,0.,1.));
#4892=DIRECTION('',(0.,0.,-1.));
#4893=DIRECTION('',(0.,0.,1.));
#4894=DIRECTION('center_axis',(-1.,0.,0.));
#4895=DIRECTION('ref_axis',(0.,0.,-1.));
#4896=DIRECTION('',(0.,-1.,0.));
#4897=DIRECTION('',(0.,8.32667268468868E-17,1.));
#4898=DIRECTION('center_axis',(0.,0.,1.));
#4899=DIRECTION('ref_axis',(-1.,0.,0.));
#4900=DIRECTION('',(0.,-1.,0.));
#4901=DIRECTION('',(1.,2.60902410786912E-15,0.));
#4902=DIRECTION('center_axis',(0.,-1.,0.));
#4903=DIRECTION('ref_axis',(0.,0.,-1.));
#4904=DIRECTION('center_axis',(0.,-1.,0.));
#4905=DIRECTION('ref_axis',(1.,0.,0.));
#4906=DIRECTION('',(0.,-1.33013866662716E-32,-1.));
#4907=DIRECTION('',(-1.,-9.83577413313951E-49,0.));
#4908=DIRECTION('',(0.,1.01895789580726E-48,1.));
#4909=DIRECTION('',(1.,1.28395329625816E-32,-1.5419764230905E-16));
#4910=DIRECTION('center_axis',(1.,0.,0.));
#4911=DIRECTION('ref_axis',(0.,1.17143849793801E-32,1.));
#4912=DIRECTION('',(0.,-8.32667268468868E-17,-1.));
#4913=DIRECTION('center_axis',(0.,-0.707106781186547,0.707106781186548));
#4914=DIRECTION('ref_axis',(1.,0.,0.));
#4915=DIRECTION('',(1.,0.,0.));
#4916=DIRECTION('',(0.577350269189626,0.577350269189626,0.577350269189625));
#4917=DIRECTION('',(-1.,0.,0.));
#4918=DIRECTION('',(-0.577350269189626,0.577350269189626,0.577350269189625));
#4919=DIRECTION('center_axis',(0.707106781186548,-0.707106781186548,0.));
#4920=DIRECTION('ref_axis',(0.,0.,-1.));
#4921=DIRECTION('',(0.,0.,-1.));
#4922=DIRECTION('',(0.577350269189626,0.577350269189626,-0.577350269189625));
#4923=DIRECTION('',(0.,0.,1.));
#4924=DIRECTION('center_axis',(0.,-0.707106781186547,-0.707106781186548));
#4925=DIRECTION('ref_axis',(-1.,0.,0.));
#4926=DIRECTION('',(-1.,0.,0.));
#4927=DIRECTION('',(-0.577350269189626,0.577350269189626,-0.577350269189625));
#4928=DIRECTION('',(-1.96261557335472E-15,0.707106781186549,-0.707106781186546));
#4929=DIRECTION('',(1.,2.60902410786912E-15,0.));
#4930=DIRECTION('',(0.,-0.707106781186549,0.707106781186546));
#4931=DIRECTION('center_axis',(-0.707106781186568,-0.707106781186527,9.80523449111831E-33));
#4932=DIRECTION('ref_axis',(1.38666955995876E-32,0.,1.));
#4933=DIRECTION('',(-1.38666955995876E-32,0.,-1.));
#4934=DIRECTION('',(1.38666955995876E-32,0.,1.));
#4935=DIRECTION('center_axis',(-1.,-2.77555756156289E-15,1.38666955995876E-32));
#4936=DIRECTION('ref_axis',(2.17244897726881E-31,-8.32667268468868E-17,
-1.));
#4937=DIRECTION('',(0.,-1.,0.));
#4938=DIRECTION('',(2.17244897726881E-31,-8.32667268468868E-17,-1.));
#4939=DIRECTION('',(2.77555756156289E-15,-1.,0.));
#4940=DIRECTION('center_axis',(1.,2.77555756156289E-15,-1.38666955995876E-32));
#4941=DIRECTION('ref_axis',(0.,-1.,0.));
#4942=DIRECTION('',(2.77555756156289E-15,-1.,0.));
#4943=DIRECTION('center_axis',(1.,2.77555756156289E-15,-1.38666955995876E-32));
#4944=DIRECTION('ref_axis',(0.,-1.,0.));
#4945=DIRECTION('',(2.77555756156289E-15,-1.,0.));
#4946=DIRECTION('center_axis',(1.,2.77555756156289E-15,-1.38666955995876E-32));
#4947=DIRECTION('ref_axis',(0.,-1.,0.));
#4948=DIRECTION('',(2.77555756156289E-15,-1.,0.));
#4949=DIRECTION('center_axis',(1.,2.77555756156289E-15,-1.38666955995876E-32));
#4950=DIRECTION('ref_axis',(0.,-1.,0.));
#4951=DIRECTION('',(0.,0.,1.));
#4952=DIRECTION('',(0.,1.,0.));
#4953=DIRECTION('',(2.17244897726881E-31,-8.32667268468868E-17,-1.));
#4954=DIRECTION('center_axis',(1.,2.77555756156289E-15,-1.38666955995876E-32));
#4955=DIRECTION('ref_axis',(0.,-1.,0.));
#4956=DIRECTION('center_axis',(1.,2.77555756156289E-15,-1.38666955995876E-32));
#4957=DIRECTION('ref_axis',(0.,-1.,0.));
#4958=DIRECTION('center_axis',(0.,0.,1.));
#4959=DIRECTION('ref_axis',(-1.,0.,0.));
#4960=DIRECTION('',(0.,-1.,0.));
#4961=DIRECTION('',(1.,2.60902410786912E-15,0.));
#4962=DIRECTION('center_axis',(0.,-1.,0.));
#4963=DIRECTION('ref_axis',(0.,0.,-1.));
#4964=DIRECTION('center_axis',(0.,-1.,0.));
#4965=DIRECTION('ref_axis',(1.,0.,0.));
#4966=DIRECTION('',(-1.,6.60318838075621E-33,0.));
#4967=DIRECTION('',(0.,-6.4428213341126E-33,1.));
#4968=DIRECTION('',(1.,-4.8262494193658E-49,0.));
#4969=DIRECTION('',(0.,4.70903765421237E-49,-1.));
#4970=DIRECTION('center_axis',(1.,0.,0.));
#4971=DIRECTION('ref_axis',(0.,0.,1.));
#4972=DIRECTION('',(0.,-8.32667268468868E-17,-1.));
#4973=DIRECTION('center_axis',(0.,0.,-1.));
#4974=DIRECTION('ref_axis',(-1.,0.,0.));
#4975=DIRECTION('',(0.,1.,0.));
#4976=DIRECTION('',(1.,2.60902410786912E-15,0.));
#4977=DIRECTION('',(0.,-1.,0.));
#4978=DIRECTION('center_axis',(1.,0.,0.));
#4979=DIRECTION('ref_axis',(0.,0.,-1.));
#4980=DIRECTION('',(0.,1.,0.));
#4981=DIRECTION('',(0.,8.32667268468868E-17,1.));
#4982=DIRECTION('center_axis',(0.,0.,1.));
#4983=DIRECTION('ref_axis',(1.,0.,0.));
#4984=DIRECTION('',(0.,1.,0.));
#4985=DIRECTION('',(-1.,-2.60902410786912E-15,0.));
#4986=DIRECTION('center_axis',(-1.,0.,0.));
#4987=DIRECTION('ref_axis',(0.,0.,1.));
#4988=DIRECTION('',(0.,-8.32667268468868E-17,-1.));
#4989=DIRECTION('center_axis',(-1.,0.,0.));
#4990=DIRECTION('ref_axis',(0.,-1.,0.));
#4991=DIRECTION('',(0.707106781186548,-0.707106781186547,-8.65956056235493E-17));
#4992=DIRECTION('center_axis',(1.,0.,0.));
#4993=DIRECTION('ref_axis',(0.,-1.,0.));
#4994=DIRECTION('center_axis',(1.,0.,0.));
#4995=DIRECTION('ref_axis',(0.,-1.,0.));
#4996=DIRECTION('',(1.,0.,0.));
#4997=DIRECTION('center_axis',(1.,0.,9.48132223266035E-15));
#4998=DIRECTION('ref_axis',(-9.48132223266035E-15,0.,1.));
#4999=DIRECTION('',(9.48132223266035E-15,0.,-1.));
#5000=DIRECTION('',(0.,-1.,0.));
#5001=DIRECTION('',(-9.48132223266035E-15,0.,1.));
#5002=DIRECTION('',(0.,-1.,0.));
#5003=DIRECTION('center_axis',(0.,-1.,0.));
#5004=DIRECTION('ref_axis',(1.,0.,2.3373116307898E-16));
#5005=DIRECTION('center_axis',(0.,1.,0.));
#5006=DIRECTION('ref_axis',(1.,0.,2.3373116307898E-16));
#5007=DIRECTION('center_axis',(0.,-1.,0.));
#5008=DIRECTION('ref_axis',(1.,0.,2.3373116307898E-16));
#5009=DIRECTION('',(0.,-1.,0.));
#5010=DIRECTION('center_axis',(-1.52655665885959E-15,0.,-1.));
#5011=DIRECTION('ref_axis',(1.,0.,-1.52655665885959E-15));
#5012=DIRECTION('',(-1.,0.,1.52655665885959E-15));
#5013=DIRECTION('',(1.,0.,-1.52655665885959E-15));
#5014=DIRECTION('',(0.,-1.,0.));
#5015=DIRECTION('center_axis',(0.,-1.,0.));
#5016=DIRECTION('ref_axis',(2.33731163078982E-16,0.,-1.));
#5017=DIRECTION('center_axis',(0.,1.,0.));
#5018=DIRECTION('ref_axis',(2.33731163078982E-16,0.,-1.));
#5019=DIRECTION('center_axis',(0.,-1.,0.));
#5020=DIRECTION('ref_axis',(2.33731163078982E-16,0.,-1.));
#5021=DIRECTION('',(0.,-1.,0.));
#5022=DIRECTION('center_axis',(-1.,0.,-1.72347117760049E-16));
#5023=DIRECTION('ref_axis',(1.72347117760049E-16,0.,-1.));
#5024=DIRECTION('',(-1.72347117760049E-16,0.,1.));
#5025=DIRECTION('',(1.72347117760049E-16,0.,-1.));
#5026=DIRECTION('',(0.,-1.,0.));
#5027=DIRECTION('center_axis',(0.,-1.,0.));
#5028=DIRECTION('ref_axis',(-0.944362125170035,0.,0.328907550147962));
#5029=DIRECTION('center_axis',(0.,1.,0.));
#5030=DIRECTION('ref_axis',(-0.944362125170035,0.,0.328907550147962));
#5031=DIRECTION('center_axis',(0.,-1.,0.));
#5032=DIRECTION('ref_axis',(-0.944362125170035,0.,0.328907550147962));
#5033=DIRECTION('center_axis',(0.,-1.,0.));
#5034=DIRECTION('ref_axis',(-0.25341118534778,0.,0.967358656931664));
#5035=DIRECTION('center_axis',(0.,1.,0.));
#5036=DIRECTION('ref_axis',(-0.25341118534778,0.,0.967358656931664));
#5037=DIRECTION('',(0.,-1.,0.));
#5038=DIRECTION('center_axis',(0.,-1.,0.));
#5039=DIRECTION('ref_axis',(-0.25341118534778,0.,0.967358656931664));
#5040=DIRECTION('center_axis',(0.,0.,1.));
#5041=DIRECTION('ref_axis',(-1.,-2.60902410786912E-15,0.));
#5042=DIRECTION('',(-1.,0.,0.));
#5043=DIRECTION('',(-1.,-2.60902410786912E-15,0.));
#5044=DIRECTION('',(2.77555756156289E-15,-1.,0.));
#5045=DIRECTION('',(1.,0.,0.));
#5046=DIRECTION('center_axis',(0.,1.,0.));
#5047=DIRECTION('ref_axis',(-1.,0.,0.));
#5048=DIRECTION('',(0.,0.,1.));
#5049=DIRECTION('center_axis',(0.,0.,1.));
#5050=DIRECTION('ref_axis',(-1.,0.,0.));
#5051=DIRECTION('center_axis',(0.,0.,-1.));
#5052=DIRECTION('ref_axis',(-1.,0.,0.));
#5053=DIRECTION('',(0.,0.,-1.));
#5054=DIRECTION('center_axis',(0.,0.,1.));
#5055=DIRECTION('ref_axis',(-1.,0.,0.));
#5056=DIRECTION('center_axis',(0.,0.,1.));
#5057=DIRECTION('ref_axis',(-1.,0.,0.));
#5058=DIRECTION('center_axis',(0.,0.,1.));
#5059=DIRECTION('ref_axis',(-1.,0.,0.));
#5060=DIRECTION('',(0.,0.,-1.));
#5061=DIRECTION('center_axis',(0.,0.,1.));
#5062=DIRECTION('ref_axis',(-1.,0.,0.));
#5063=DIRECTION('center_axis',(0.,0.,1.));
#5064=DIRECTION('ref_axis',(1.,0.,0.));
#5065=DIRECTION('center_axis',(0.,0.,1.));
#5066=DIRECTION('ref_axis',(-1.,0.,0.));
#5067=DIRECTION('center_axis',(0.,0.,-1.));
#5068=DIRECTION('ref_axis',(-1.,0.,0.));
#5069=DIRECTION('',(0.,0.,-1.));
#5070=DIRECTION('center_axis',(0.,0.,1.));
#5071=DIRECTION('ref_axis',(-1.,0.,0.));
#5072=DIRECTION('center_axis',(0.,0.,1.));
#5073=DIRECTION('ref_axis',(-1.,0.,0.));
#5074=DIRECTION('center_axis',(0.,0.,1.));
#5075=DIRECTION('ref_axis',(-1.,0.,0.));
#5076=DIRECTION('',(0.,0.,-1.));
#5077=DIRECTION('center_axis',(0.,0.,1.));
#5078=DIRECTION('ref_axis',(-1.,0.,0.));
#5079=DIRECTION('center_axis',(0.,0.,1.));
#5080=DIRECTION('ref_axis',(1.,0.,0.));
#5081=DIRECTION('center_axis',(0.,0.,1.));
#5082=DIRECTION('ref_axis',(-1.,0.,0.));
#5083=DIRECTION('center_axis',(0.,0.,-1.));
#5084=DIRECTION('ref_axis',(-1.,0.,0.));
#5085=DIRECTION('',(0.,0.,-1.));
#5086=DIRECTION('center_axis',(0.,0.,1.));
#5087=DIRECTION('ref_axis',(-1.,0.,0.));
#5088=DIRECTION('center_axis',(0.,0.,1.));
#5089=DIRECTION('ref_axis',(-1.,0.,0.));
#5090=DIRECTION('center_axis',(0.,0.,1.));
#5091=DIRECTION('ref_axis',(-1.,0.,0.));
#5092=DIRECTION('',(0.,0.,-1.));
#5093=DIRECTION('center_axis',(0.,0.,1.));
#5094=DIRECTION('ref_axis',(-1.,0.,0.));
#5095=DIRECTION('center_axis',(0.,0.,1.));
#5096=DIRECTION('ref_axis',(1.,0.,0.));
#5097=DIRECTION('center_axis',(0.,0.,1.));
#5098=DIRECTION('ref_axis',(-1.,0.,0.));
#5099=DIRECTION('center_axis',(0.,0.,-1.));
#5100=DIRECTION('ref_axis',(-1.,0.,0.));
#5101=DIRECTION('',(0.,0.,-1.));
#5102=DIRECTION('center_axis',(0.,0.,1.));
#5103=DIRECTION('ref_axis',(-1.,0.,0.));
#5104=DIRECTION('center_axis',(0.,0.,1.));
#5105=DIRECTION('ref_axis',(-1.,0.,0.));
#5106=DIRECTION('center_axis',(0.,0.,1.));
#5107=DIRECTION('ref_axis',(-1.,0.,0.));
#5108=DIRECTION('',(0.,0.,-1.));
#5109=DIRECTION('center_axis',(0.,0.,1.));
#5110=DIRECTION('ref_axis',(-1.,0.,0.));
#5111=DIRECTION('center_axis',(0.,1.,0.));
#5112=DIRECTION('ref_axis',(0.,0.,1.));
#5113=DIRECTION('',(0.,0.,-1.));
#5114=DIRECTION('',(-1.,0.,0.));
#5115=DIRECTION('center_axis',(1.,0.,0.));
#5116=DIRECTION('ref_axis',(0.,-1.,0.));
#5117=DIRECTION('',(-1.,0.,0.));
#5118=DIRECTION('',(1.,0.,0.));
#5119=DIRECTION('center_axis',(1.,0.,0.));
#5120=DIRECTION('ref_axis',(0.,-1.,0.));
#5121=DIRECTION('',(-1.,0.,0.));
#5122=DIRECTION('',(1.,0.,0.));
#5123=DIRECTION('center_axis',(1.,0.,0.));
#5124=DIRECTION('ref_axis',(0.,-1.,0.));
#5125=DIRECTION('',(-1.,0.,0.));
#5126=DIRECTION('center_axis',(1.,0.,0.));
#5127=DIRECTION('ref_axis',(0.,-1.,0.));
#5128=DIRECTION('',(1.,0.,0.));
#5129=DIRECTION('center_axis',(0.,0.,1.));
#5130=DIRECTION('ref_axis',(-1.,-2.60902410786912E-15,0.));
#5131=DIRECTION('center_axis',(0.,0.,1.));
#5132=DIRECTION('ref_axis',(-1.,-2.60902410786912E-15,0.));
#5133=DIRECTION('center_axis',(0.,0.,1.));
#5134=DIRECTION('ref_axis',(-1.,-2.60902410786912E-15,0.));
#5135=DIRECTION('center_axis',(0.,0.,1.));
#5136=DIRECTION('ref_axis',(-1.,0.,0.));
#5137=DIRECTION('center_axis',(0.,0.,-1.));
#5138=DIRECTION('ref_axis',(-1.,0.,0.));
#5139=DIRECTION('',(0.,0.,-1.));
#5140=DIRECTION('center_axis',(0.,0.,1.));
#5141=DIRECTION('ref_axis',(-1.,0.,0.));
#5142=DIRECTION('center_axis',(0.,0.,1.));
#5143=DIRECTION('ref_axis',(-1.,0.,0.));
#5144=DIRECTION('center_axis',(0.,0.,1.));
#5145=DIRECTION('ref_axis',(-1.,0.,0.));
#5146=DIRECTION('',(0.,0.,-1.));
#5147=DIRECTION('center_axis',(0.,0.,1.));
#5148=DIRECTION('ref_axis',(-1.,0.,0.));
#5149=DIRECTION('center_axis',(0.,0.,1.));
#5150=DIRECTION('ref_axis',(1.,0.,0.));
#5151=DIRECTION('center_axis',(0.,0.,1.));
#5152=DIRECTION('ref_axis',(-1.,0.,0.));
#5153=DIRECTION('center_axis',(0.,0.,-1.));
#5154=DIRECTION('ref_axis',(-1.,0.,0.));
#5155=DIRECTION('',(0.,0.,-1.));
#5156=DIRECTION('center_axis',(0.,0.,1.));
#5157=DIRECTION('ref_axis',(-1.,0.,0.));
#5158=DIRECTION('center_axis',(0.,0.,1.));
#5159=DIRECTION('ref_axis',(-1.,0.,0.));
#5160=DIRECTION('center_axis',(0.,0.,1.));
#5161=DIRECTION('ref_axis',(-1.,0.,0.));
#5162=DIRECTION('',(0.,0.,-1.));
#5163=DIRECTION('center_axis',(0.,0.,1.));
#5164=DIRECTION('ref_axis',(-1.,0.,0.));
#5165=DIRECTION('center_axis',(0.,0.,1.));
#5166=DIRECTION('ref_axis',(1.,0.,0.));
#5167=DIRECTION('center_axis',(0.,0.,1.));
#5168=DIRECTION('ref_axis',(-1.,0.,0.));
#5169=DIRECTION('center_axis',(0.,0.,-1.));
#5170=DIRECTION('ref_axis',(-1.,0.,0.));
#5171=DIRECTION('',(0.,0.,-1.));
#5172=DIRECTION('center_axis',(0.,0.,1.));
#5173=DIRECTION('ref_axis',(-1.,0.,0.));
#5174=DIRECTION('center_axis',(0.,0.,1.));
#5175=DIRECTION('ref_axis',(-1.,0.,0.));
#5176=DIRECTION('center_axis',(0.,0.,1.));
#5177=DIRECTION('ref_axis',(-1.,0.,0.));
#5178=DIRECTION('',(0.,0.,-1.));
#5179=DIRECTION('center_axis',(0.,0.,1.));
#5180=DIRECTION('ref_axis',(-1.,0.,0.));
#5181=DIRECTION('center_axis',(0.,0.,1.));
#5182=DIRECTION('ref_axis',(1.,0.,0.));
#5183=DIRECTION('center_axis',(0.,0.,1.));
#5184=DIRECTION('ref_axis',(-1.,0.,0.));
#5185=DIRECTION('center_axis',(0.,0.,-1.));
#5186=DIRECTION('ref_axis',(-1.,0.,0.));
#5187=DIRECTION('',(0.,0.,-1.));
#5188=DIRECTION('center_axis',(0.,0.,1.));
#5189=DIRECTION('ref_axis',(-1.,0.,0.));
#5190=DIRECTION('center_axis',(0.,0.,1.));
#5191=DIRECTION('ref_axis',(-1.,0.,0.));
#5192=DIRECTION('center_axis',(0.,0.,1.));
#5193=DIRECTION('ref_axis',(-1.,0.,0.));
#5194=DIRECTION('',(0.,0.,-1.));
#5195=DIRECTION('center_axis',(0.,0.,1.));
#5196=DIRECTION('ref_axis',(-1.,0.,0.));
#5197=DIRECTION('center_axis',(0.,0.,1.));
#5198=DIRECTION('ref_axis',(1.,0.,0.));
#5199=DIRECTION('center_axis',(0.,0.,-1.));
#5200=DIRECTION('ref_axis',(0.,-1.,0.));
#5201=DIRECTION('',(2.77555756156289E-15,-1.,0.));
#5202=DIRECTION('',(-1.,0.,0.));
#5203=DIRECTION('',(0.,1.,0.));
#5204=DIRECTION('',(-1.,0.,0.));
#5205=DIRECTION('center_axis',(0.,1.,0.));
#5206=DIRECTION('ref_axis',(0.,0.,-1.));
#5207=DIRECTION('',(-1.38666955995876E-32,0.,-1.));
#5208=DIRECTION('',(-1.,0.,0.));
#5209=DIRECTION('',(0.,0.,1.));
#5210=DIRECTION('center_axis',(0.,0.,1.));
#5211=DIRECTION('ref_axis',(0.,1.,0.));
#5212=DIRECTION('',(-2.77555756156289E-15,1.,0.));
#5213=DIRECTION('',(-1.,0.,0.));
#5214=DIRECTION('',(0.,-1.,0.));
#5215=DIRECTION('center_axis',(0.,-1.,0.));
#5216=DIRECTION('ref_axis',(0.,0.,1.));
#5217=DIRECTION('',(1.38666955995876E-32,0.,1.));
#5218=DIRECTION('',(0.,0.,-1.));
#5219=DIRECTION('center_axis',(1.,2.77555756156289E-15,-1.38666955995876E-32));
#5220=DIRECTION('ref_axis',(-2.17244897726881E-31,8.32667268468868E-17,
1.));
#5221=DIRECTION('',(-2.17244897726881E-31,8.32667268468868E-17,1.));
#5222=DIRECTION('',(2.77555756156289E-15,-1.,0.));
#5223=DIRECTION('center_axis',(-1.,0.,0.));
#5224=DIRECTION('ref_axis',(0.,0.,1.));
#5225=DIRECTION('',(0.,-8.32667268468868E-17,-1.));
#5226=DIRECTION('center_axis',(0.,0.,1.));
#5227=DIRECTION('ref_axis',(1.,0.,0.));
#5228=DIRECTION('center_axis',(2.77555756156289E-15,-1.,0.));
#5229=DIRECTION('ref_axis',(-1.,-2.77555756156289E-15,-1.79489173524062E-9));
#5230=DIRECTION('center_axis',(-2.60902410808155E-15,1.,-8.32667268468868E-17));
#5231=DIRECTION('ref_axis',(-1.,-2.60902410823101E-15,-1.79489173524062E-9));
#5232=DIRECTION('',(2.77555756156289E-15,-1.,0.));
#5233=DIRECTION('center_axis',(-2.60902410808155E-15,1.,-8.32667268468868E-17));
#5234=DIRECTION('ref_axis',(-1.,-2.60902410823101E-15,-1.79489173524062E-9));
#5235=DIRECTION('',(2.77555756156289E-15,-1.,0.));
#5236=DIRECTION('center_axis',(-1.79489670040469E-9,-4.98183910903253E-24,
1.));
#5237=DIRECTION('ref_axis',(-1.,-2.60902410814484E-15,-1.79489670040469E-9));
#5238=DIRECTION('',(-1.,-2.60902410814484E-15,-1.79489670040469E-9));
#5239=DIRECTION('',(-1.,-2.60902410814484E-15,-1.79489670040469E-9));
#5240=DIRECTION('',(2.77555756156289E-15,-1.,0.));
#5241=DIRECTION('center_axis',(2.77555756156289E-15,-1.,0.));
#5242=DIRECTION('ref_axis',(1.79489534346544E-9,4.98183534276953E-24,-1.));
#5243=DIRECTION('center_axis',(-2.60902410786912E-15,1.,-8.32667262786831E-17));
#5244=DIRECTION('ref_axis',(1.79489534346544E-9,-8.32667215957579E-17,-1.));
#5245=DIRECTION('center_axis',(-2.60902410786912E-15,1.,-8.32667262786831E-17));
#5246=DIRECTION('ref_axis',(1.79489534346544E-9,-8.32667215957579E-17,-1.));
#5247=DIRECTION('',(2.77555756156289E-15,-1.,0.));
#5248=DIRECTION('center_axis',(-1.,-2.77555756156289E-15,-1.79489682987974E-9));
#5249=DIRECTION('ref_axis',(1.79489682987974E-9,-8.32667221464014E-17,-1.));
#5250=DIRECTION('',(1.79489682987974E-9,-8.32667221464014E-17,-1.));
#5251=DIRECTION('',(1.79489682987974E-9,-8.32667221464014E-17,-1.));
#5252=DIRECTION('',(2.77555756156289E-15,-1.,0.));
#5253=DIRECTION('center_axis',(2.77555756156289E-15,-1.,0.));
#5254=DIRECTION('ref_axis',(1.,2.77555756156289E-15,1.79489978435753E-9));
#5255=DIRECTION('center_axis',(-2.60902410786912E-15,1.,-8.32667268468868E-17));
#5256=DIRECTION('ref_axis',(1.,2.60902410801858E-15,1.79489978435753E-9));
#5257=DIRECTION('center_axis',(-2.60902410786912E-15,1.,-8.32667268468868E-17));
#5258=DIRECTION('ref_axis',(1.,2.60902410801858E-15,1.79489978435753E-9));
#5259=DIRECTION('',(2.77555756156289E-15,-1.,0.));
#5260=DIRECTION('center_axis',(1.79489657704658E-9,4.98183876664498E-24,
-1.));
#5261=DIRECTION('ref_axis',(1.,2.60902410814484E-15,1.79489657704658E-9));
#5262=DIRECTION('',(1.,2.60902410814484E-15,1.79489657704658E-9));
#5263=DIRECTION('',(1.,2.60902410814484E-15,1.79489657704658E-9));
#5264=DIRECTION('',(2.77555756156289E-15,-1.,0.));
#5265=DIRECTION('center_axis',(2.77555756156289E-15,-1.,0.));
#5266=DIRECTION('ref_axis',(-1.7948931230194E-9,-4.98182917979374E-24,1.));
#5267=DIRECTION('center_axis',(-2.60902410786912E-15,1.,-8.32667262786831E-17));
#5268=DIRECTION('ref_axis',(-1.7948931230194E-9,8.32667215957637E-17,1.));
#5269=DIRECTION('center_axis',(-2.60902410786912E-15,1.,-8.32667262786831E-17));
#5270=DIRECTION('ref_axis',(-1.7948931230194E-9,8.32667215957637E-17,1.));
#5271=DIRECTION('',(2.77555756156289E-15,-1.,0.));
#5272=DIRECTION('center_axis',(1.,2.77555756156289E-15,1.7948966463718E-9));
#5273=DIRECTION('ref_axis',(-1.7948966463718E-9,8.32667221639582E-17,1.));
#5274=DIRECTION('',(-1.7948966463718E-9,8.32667221639582E-17,1.));
#5275=DIRECTION('',(-1.7948966463718E-9,8.32667221639582E-17,1.));
#5276=DIRECTION('center_axis',(1.17965409416759E-16,3.27419784109548E-31,
1.));
#5277=DIRECTION('ref_axis',(-1.,-2.60902410783719E-15,1.17965409416759E-16));
#5278=DIRECTION('',(-1.,-2.60902410783719E-15,1.17965409416759E-16));
#5279=DIRECTION('',(2.77555756156289E-15,-1.,0.));
#5280=DIRECTION('',(-1.,-2.60902410783719E-15,1.17965409416759E-16));
#5281=DIRECTION('',(2.77555756156289E-15,-1.,0.));
#5282=DIRECTION('center_axis',(-1.,-2.77555756156289E-15,1.38666955927636E-32));
#5283=DIRECTION('ref_axis',(2.17244897619973E-31,-8.32667268059106E-17,
-1.));
#5284=DIRECTION('',(2.17244897619973E-31,-8.32667268059106E-17,-1.));
#5285=DIRECTION('',(2.17244897619973E-31,-8.32667268059106E-17,-1.));
#5286=DIRECTION('',(2.77555756156289E-15,-1.,0.));
#5287=DIRECTION('center_axis',(-1.3481761076201E-16,-3.74194038982341E-31,
-1.));
#5288=DIRECTION('ref_axis',(1.,2.60902410783719E-15,-1.3481761076201E-16));
#5289=DIRECTION('',(1.,2.60902410783719E-15,-1.3481761076201E-16));
#5290=DIRECTION('',(1.,2.60902410783719E-15,-1.3481761076201E-16));
#5291=DIRECTION('',(2.77555756156289E-15,-1.,0.));
#5292=DIRECTION('center_axis',(1.,2.77555756156289E-15,4.01092133173828E-17));
#5293=DIRECTION('ref_axis',(-4.0109213317383E-17,8.32667268059099E-17,1.));
#5294=DIRECTION('',(-4.0109213317383E-17,8.32667268059099E-17,1.));
#5295=DIRECTION('',(-4.0109213317383E-17,8.32667268059099E-17,1.));
#5296=DIRECTION('center_axis',(-1.,-2.77555756156289E-15,1.38666956166504E-32));
#5297=DIRECTION('ref_axis',(2.17244897994198E-31,-8.32667269493456E-17,
-1.));
#5298=DIRECTION('',(2.17244897994198E-31,-8.32667269493456E-17,-1.));
#5299=DIRECTION('',(2.77555756156289E-15,-1.,0.));
#5300=DIRECTION('',(2.77555756156289E-15,-1.,0.));
#5301=DIRECTION('center_axis',(-1.5419764230905E-16,-4.27984432086052E-31,
-1.));
#5302=DIRECTION('ref_axis',(1.,2.6090241079609E-15,-1.5419764230905E-16));
#5303=DIRECTION('',(1.,2.6090241079609E-15,-1.5419764230905E-16));
#5304=DIRECTION('',(2.77555756156289E-15,-1.,0.));
#5305=DIRECTION('center_axis',(1.,2.77555756156289E-15,-1.38666956166504E-32));
#5306=DIRECTION('ref_axis',(-2.17244897994197E-31,8.32667269493453E-17,
1.));
#5307=DIRECTION('',(-2.17244897994197E-31,8.32667269493453E-17,1.));
#5308=DIRECTION('',(2.77555756156289E-15,-1.,0.));
#5309=DIRECTION('center_axis',(9.6373526443156E-17,2.67490270053783E-31,
1.));
#5310=DIRECTION('ref_axis',(-1.,-2.6090241079609E-15,9.6373526443156E-17));
#5311=DIRECTION('',(-1.,-2.6090241079609E-15,9.6373526443156E-17));
#5312=DIRECTION('center_axis',(1.,2.77555756156289E-15,5.37501968829127E-14));
#5313=DIRECTION('ref_axis',(-5.37501968829127E-14,5.52700760673448E-16,
1.));
#5314=DIRECTION('',(-5.37501968829127E-14,5.52700760673448E-16,1.));
#5315=DIRECTION('',(2.77555756156289E-15,-1.,0.));
#5316=DIRECTION('',(-5.37501968829127E-14,5.52700760673448E-16,1.));
#5317=DIRECTION('',(2.77555756156289E-15,-1.,0.));
#5318=DIRECTION('center_axis',(2.77555756156289E-15,-1.,0.));
#5319=DIRECTION('ref_axis',(-1.,-2.77555756156289E-15,7.93016446160826E-16));
#5320=DIRECTION('center_axis',(-2.60902410715009E-15,1.,-8.32667268468868E-17));
#5321=DIRECTION('ref_axis',(-1.,-2.60902410715009E-15,7.93016446160826E-16));
#5322=DIRECTION('center_axis',(-2.60902410715009E-15,1.,-8.32667268468868E-17));
#5323=DIRECTION('ref_axis',(-1.,-2.60902410715009E-15,7.93016446160826E-16));
#5324=DIRECTION('',(2.77555756156289E-15,-1.,0.));
#5325=DIRECTION('center_axis',(0.675724628517383,1.8755126022157E-15,0.737154140200707));
#5326=DIRECTION('ref_axis',(-0.737154140200707,-1.86698754387742E-15,0.675724628517383));
#5327=DIRECTION('',(-0.737154140200707,-1.86698754387742E-15,0.675724628517383));
#5328=DIRECTION('',(-0.737154140200707,-1.86698754387742E-15,0.675724628517383));
#5329=DIRECTION('',(2.77555756156289E-15,-1.,0.));
#5330=DIRECTION('center_axis',(0.953582665133748,2.64672357678727E-15,0.301131367938343));
#5331=DIRECTION('ref_axis',(-0.301131367938343,-1.21239538348449E-14,0.953582665133748));
#5332=DIRECTION('',(-0.301131367938343,-1.21239538348449E-14,0.953582665133748));
#5333=DIRECTION('',(-0.301131367938343,-1.21239538348449E-14,0.953582665133748));
#5334=DIRECTION('',(2.77555756156289E-15,-1.,0.));
#5335=DIRECTION('center_axis',(2.77555756156289E-15,-1.,0.));
#5336=DIRECTION('ref_axis',(-0.953582665134053,-2.64672357678811E-15,-0.301131367937377));
#5337=DIRECTION('center_axis',(4.15802837067227E-16,1.,8.71941782081358E-16));
#5338=DIRECTION('ref_axis',(-0.953582665134053,6.59071399140782E-16,-0.301131367937377));
#5339=DIRECTION('center_axis',(4.15802837067227E-16,1.,8.71941782081358E-16));
#5340=DIRECTION('ref_axis',(-0.953582665134053,6.59071399140782E-16,-0.301131367937377));
#5341=DIRECTION('',(2.77555756156289E-15,-1.,0.));
#5342=DIRECTION('center_axis',(2.40559062945558E-13,6.67685526161026E-28,
1.));
#5343=DIRECTION('ref_axis',(-1.,-1.65634346473664E-15,2.40559062945558E-13));
#5344=DIRECTION('',(-1.,-1.65634346473664E-15,2.40559062945558E-13));
#5345=DIRECTION('',(-1.,-1.65634346473664E-15,2.40559062945558E-13));
#5346=DIRECTION('',(2.77555756156289E-15,-1.,0.));
#5347=DIRECTION('center_axis',(2.77555756156289E-15,-1.,0.));
#5348=DIRECTION('ref_axis',(-1.38666955995877E-32,0.,-1.));
#5349=DIRECTION('center_axis',(-2.60902410786912E-15,1.,-8.32667268468875E-17));
#5350=DIRECTION('ref_axis',(2.17244897726883E-31,-8.32667268468875E-17,
-1.));
#5351=DIRECTION('center_axis',(-2.60902410786912E-15,1.,-8.32667268468875E-17));
#5352=DIRECTION('ref_axis',(2.17244897726883E-31,-8.32667268468875E-17,
-1.));
#5353=DIRECTION('',(2.77555756156289E-15,-1.,0.));
#5354=DIRECTION('center_axis',(-1.,-2.77555756156289E-15,-1.28102656687518E-16));
#5355=DIRECTION('ref_axis',(1.28102656687518E-16,-8.32667269741452E-17,
-1.));
#5356=DIRECTION('',(1.28102656687518E-16,-8.32667269741452E-17,-1.));
#5357=DIRECTION('',(1.28102656687518E-16,-8.32667269741452E-17,-1.));
#5358=DIRECTION('',(2.77555756156289E-15,-1.,0.));
#5359=DIRECTION('center_axis',(2.77555756156289E-15,-1.,0.));
#5360=DIRECTION('ref_axis',(1.,2.77555756156289E-15,-1.58603289232165E-15));
#5361=DIRECTION('center_axis',(5.63041675592495E-16,1.,-8.32667268468919E-17));
#5362=DIRECTION('ref_axis',(1.,-5.63041675592495E-16,-1.58603289232165E-15));
#5363=DIRECTION('center_axis',(5.63041675592495E-16,1.,-8.32667268468919E-17));
#5364=DIRECTION('ref_axis',(1.,-5.63041675592495E-16,-1.58603289232165E-15));
#5365=DIRECTION('',(2.77555756156289E-15,-1.,0.));
#5366=DIRECTION('center_axis',(7.35953753567374E-42,2.04268200567452E-56,
-1.));
#5367=DIRECTION('ref_axis',(1.,2.60902410778074E-15,7.35953753567374E-42));
#5368=DIRECTION('',(1.,2.60902410778074E-15,7.35953753567374E-42));
#5369=DIRECTION('',(1.,2.60902410778074E-15,7.35953753567374E-42));
#5370=DIRECTION('',(2.77555756156289E-15,-1.,0.));
#5371=DIRECTION('center_axis',(2.77555756156289E-15,-1.,0.));
#5372=DIRECTION('ref_axis',(-7.93016446160826E-16,-2.113020281842E-30,1.));
#5373=DIRECTION('center_axis',(-2.60902410786912E-15,1.,-3.25533251149019E-15));
#5374=DIRECTION('ref_axis',(-7.93016446160835E-16,3.25533251149019E-15,
1.));
#5375=DIRECTION('center_axis',(-2.60902410786912E-15,1.,-3.25533251149019E-15));
#5376=DIRECTION('ref_axis',(-7.93016446160835E-16,3.25533251149019E-15,
1.));
#5377=DIRECTION('',(2.77555756156289E-15,-1.,0.));
#5378=DIRECTION('center_axis',(0.953582665134459,2.64672357678924E-15,-0.301131367936093));
#5379=DIRECTION('ref_axis',(0.301131367936093,6.2134131618929E-15,0.953582665134459));
#5380=DIRECTION('',(0.301131367936093,6.2134131618929E-15,0.953582665134459));
#5381=DIRECTION('',(0.301131367936093,6.2134131618929E-15,0.953582665134459));
#5382=DIRECTION('',(2.77555756156289E-15,-1.,0.));
#5383=DIRECTION('center_axis',(0.675724628517134,1.87551260221501E-15,-0.737154140200936));
#5384=DIRECTION('ref_axis',(0.737154140200936,-1.82561228875552E-15,0.675724628517134));
#5385=DIRECTION('',(0.737154140200936,-1.82561228875552E-15,0.675724628517134));
#5386=DIRECTION('',(0.737154140200936,-1.82561228875552E-15,0.675724628517134));
#5387=DIRECTION('',(2.77555756156289E-15,-1.,0.));
#5388=DIRECTION('center_axis',(2.77555756156289E-15,-1.,0.));
#5389=DIRECTION('ref_axis',(-0.675724628517303,-1.87551260221547E-15,0.737154140200781));
#5390=DIRECTION('center_axis',(-2.60902410778063E-15,1.,-8.32667269434184E-17));
#5391=DIRECTION('ref_axis',(-0.675724628517303,-1.70160143351545E-15,0.737154140200781));
#5392=DIRECTION('center_axis',(-2.60902410778063E-15,1.,-8.32667269434184E-17));
#5393=DIRECTION('ref_axis',(-0.675724628517303,-1.70160143351545E-15,0.737154140200781));
#5394=DIRECTION('center_axis',(0.,0.,-1.));
#5395=DIRECTION('ref_axis',(1.,2.60902410786912E-15,0.));
#5396=DIRECTION('',(1.,2.60902410786912E-15,0.));
#5397=DIRECTION('center_axis',(2.60902410786912E-15,-1.,8.32667268468868E-17));
#5398=DIRECTION('ref_axis',(1.,2.60902410786912E-15,0.));
#5399=DIRECTION('center_axis',(2.60902410786912E-15,-1.,8.32667268468868E-17));
#5400=DIRECTION('ref_axis',(1.,2.60902410786912E-15,0.));
#5401=CARTESIAN_POINT('',(0.,0.,0.));
#5402=CARTESIAN_POINT('Origin',(-42.0385290609896,8.0273200345814,9.07853817170242));
#5403=CARTESIAN_POINT('',(-42.0385290609896,8.0273200345814,9.07853817170242));
#5404=CARTESIAN_POINT('',(-42.0385290609896,8.0273200345814,8.13447272008041));
#5405=CARTESIAN_POINT('',(-42.0385290609895,8.0273200345814,15.7102785638628));
#5406=CARTESIAN_POINT('',(-42.0285290609896,8.0273200345814,9.07853817170242));
#5407=CARTESIAN_POINT('',(-42.0385290609896,8.0273200345814,9.07853817170242));
#5408=CARTESIAN_POINT('',(-42.0285290609896,8.0273200345814,8.13447272008041));
#5409=CARTESIAN_POINT('',(-42.0285290609896,8.0273200345814,9.07853817170242));
#5410=CARTESIAN_POINT('',(-42.0385290609896,8.0273200345814,8.13447272008041));
#5411=CARTESIAN_POINT('Origin',(-42.0385290609896,11.967292554456,9.07853817170242));
#5412=CARTESIAN_POINT('',(-42.0385290609896,11.967292554456,9.07853817170242));
#5413=CARTESIAN_POINT('',(-42.0385290609895,-13.7542086871291,9.07853817170244));
#5414=CARTESIAN_POINT('',(-42.0285290609896,11.967292554456,9.07853817170242));
#5415=CARTESIAN_POINT('',(-42.0385290609896,11.967292554456,9.07853817170242));
#5416=CARTESIAN_POINT('',(-42.0285290609896,11.967292554456,9.07853817170242));
#5417=CARTESIAN_POINT('Origin',(-42.0385290609896,11.967292554456,16.1344728392897));
#5418=CARTESIAN_POINT('',(-42.0385290609896,11.967292554456,16.1344728392897));
#5419=CARTESIAN_POINT('',(-42.0385290609896,11.967292554456,19.2382458976564));
#5420=CARTESIAN_POINT('',(-42.0285290609896,11.967292554456,16.1344728392897));
#5421=CARTESIAN_POINT('',(-42.0385290609896,11.967292554456,16.1344728392897));
#5422=CARTESIAN_POINT('',(-42.0285290609896,11.967292554456,16.1344728392897));
#5423=CARTESIAN_POINT('Origin',(-42.0385290609896,13.0259553862393,16.1344728392897));
#5424=CARTESIAN_POINT('',(-42.0385290609896,13.0259553862393,16.1344728392897));
#5425=CARTESIAN_POINT('',(-42.0385290609895,-13.2248772712374,16.1344728392897));
#5426=CARTESIAN_POINT('',(-42.0285290609896,13.0259553862393,16.1344728392897));
#5427=CARTESIAN_POINT('',(-42.0385290609896,13.0259553862393,16.1344728392897));
#5428=CARTESIAN_POINT('',(-42.0285290609896,13.0259553862393,16.1344728392897));
#5429=CARTESIAN_POINT('Origin',(-42.0385290609896,13.0259553862393,8.13447272008041));
#5430=CARTESIAN_POINT('',(-42.0385290609896,13.0259553862393,8.13447272008041));
#5431=CARTESIAN_POINT('',(-42.0385290609896,13.0259553862393,15.2382458380518));
#5432=CARTESIAN_POINT('',(-42.0285290609896,13.0259553862393,8.13447272008041));
#5433=CARTESIAN_POINT('',(-42.0385290609896,13.0259553862393,8.13447272008041));
#5434=CARTESIAN_POINT('',(-42.0285290609896,13.0259553862393,8.13447272008041));
#5435=CARTESIAN_POINT('Origin',(-42.0385290609896,8.0273200345814,8.13447272008041));
#5436=CARTESIAN_POINT('',(-42.0385290609895,-15.7241949470663,8.13447272008043));
#5437=CARTESIAN_POINT('',(-42.0285290609896,8.0273200345814,8.13447272008041));
#5438=CARTESIAN_POINT('Origin',(-42.0285290609896,10.5266377104103,12.1344727796851));
#5439=CARTESIAN_POINT('Origin',(-42.0385290609896,32.424486205808,11.768852047291));
#5440=CARTESIAN_POINT('',(-42.0385290609896,32.424486205808,11.768852047291));
#5441=CARTESIAN_POINT('',(-42.0385290609896,32.424486205808,8.1344731372263));
#5442=CARTESIAN_POINT('',(-42.0385290609896,32.424486205808,17.055435501657));
#5443=CARTESIAN_POINT('',(-42.0285290609896,32.424486205808,11.768852047291));
#5444=CARTESIAN_POINT('',(-42.0385290609896,32.424486205808,11.768852047291));
#5445=CARTESIAN_POINT('',(-42.0285290609896,32.424486205808,8.1344731372263));
#5446=CARTESIAN_POINT('',(-42.0285290609896,32.424486205808,11.768852047291));
#5447=CARTESIAN_POINT('',(-42.0385290609896,32.424486205808,8.1344731372263));
#5448=CARTESIAN_POINT('Origin',(-42.0385290609896,28.6700525143064,11.768852047291));
#5449=CARTESIAN_POINT('',(-42.0385290609896,28.6700525143064,11.768852047291));
#5450=CARTESIAN_POINT('',(-42.0385290609895,-5.40282870720386,11.768852047291));
#5451=CARTESIAN_POINT('',(-42.0285290609896,28.6700525143064,11.768852047291));
#5452=CARTESIAN_POINT('',(-42.0385290609896,28.6700525143064,11.768852047291));
#5453=CARTESIAN_POINT('',(-42.0285290609896,28.6700525143064,11.768852047291));
#5454=CARTESIAN_POINT('Origin',(-42.0385290609896,28.6700525143064,12.7129180949595));
#5455=CARTESIAN_POINT('',(-42.0385290609896,28.6700525143064,12.7129180949595));
#5456=CARTESIAN_POINT('',(-42.0385290609896,28.6700525143064,17.5274685254913));
#5457=CARTESIAN_POINT('',(-42.0285290609896,28.6700525143064,12.7129180949595));
#5458=CARTESIAN_POINT('',(-42.0385290609896,28.6700525143064,12.7129180949595));
#5459=CARTESIAN_POINT('',(-42.0285290609896,28.6700525143064,12.7129180949595));
#5460=CARTESIAN_POINT('Origin',(-42.0385290609896,32.424486205808,12.7129180949595));
#5461=CARTESIAN_POINT('',(-42.0385290609896,32.424486205808,12.7129180949595));
#5462=CARTESIAN_POINT('',(-42.0385290609895,-3.52561186145305,12.7129180949595));
#5463=CARTESIAN_POINT('',(-42.0285290609896,32.424486205808,12.7129180949595));
#5464=CARTESIAN_POINT('',(-42.0385290609896,32.424486205808,12.7129180949595));
#5465=CARTESIAN_POINT('',(-42.0285290609896,32.424486205808,12.7129180949595));
#5466=CARTESIAN_POINT('Origin',(-42.0385290609896,32.424486205808,15.1904078048136));
#5467=CARTESIAN_POINT('',(-42.0385290609896,32.424486205808,15.1904078048136));
#5468=CARTESIAN_POINT('',(-42.0385290609896,32.424486205808,18.7662133804183));
#5469=CARTESIAN_POINT('',(-42.0285290609896,32.424486205808,15.1904078048136));
#5470=CARTESIAN_POINT('',(-42.0385290609896,32.424486205808,15.1904078048136));
#5471=CARTESIAN_POINT('',(-42.0285290609896,32.424486205808,15.1904078048136));
#5472=CARTESIAN_POINT('Origin',(-42.0385290609896,28.0861511089719,15.1904078048136));
#5473=CARTESIAN_POINT('',(-42.0385290609896,28.0861511089719,15.1904078048136));
#5474=CARTESIAN_POINT('',(-42.0385290609895,-5.69477940987109,15.1904078048136));
#5475=CARTESIAN_POINT('',(-42.0285290609896,28.0861511089719,15.1904078048136));
#5476=CARTESIAN_POINT('',(-42.0385290609896,28.0861511089719,15.1904078048136));
#5477=CARTESIAN_POINT('',(-42.0285290609896,28.0861511089719,15.1904078048136));
#5478=CARTESIAN_POINT('Origin',(-42.0385290609896,28.0861511089719,16.1344732564356));
#5479=CARTESIAN_POINT('',(-42.0385290609896,28.0861511089719,16.1344732564356));
#5480=CARTESIAN_POINT('',(-42.0385290609896,28.0861511089719,19.2382461062294));
#5481=CARTESIAN_POINT('',(-42.0285290609896,28.0861511089719,16.1344732564356));
#5482=CARTESIAN_POINT('',(-42.0385290609896,28.0861511089719,16.1344732564356));
#5483=CARTESIAN_POINT('',(-42.0285290609896,28.0861511089719,16.1344732564356));
#5484=CARTESIAN_POINT('Origin',(-42.0385290609896,33.4831492611087,16.1344732564356));
#5485=CARTESIAN_POINT('',(-42.0385290609896,33.4831492611087,16.1344732564356));
#5486=CARTESIAN_POINT('',(-42.0385290609895,-2.99628033380269,16.1344732564356));
#5487=CARTESIAN_POINT('',(-42.0285290609896,33.4831492611087,16.1344732564356));
#5488=CARTESIAN_POINT('',(-42.0385290609896,33.4831492611087,16.1344732564356));
#5489=CARTESIAN_POINT('',(-42.0285290609896,33.4831492611087,16.1344732564356));
#5490=CARTESIAN_POINT('Origin',(-42.0385290609896,33.4831492611087,8.1344731372263));
#5491=CARTESIAN_POINT('',(-42.0385290609896,33.4831492611087,8.1344731372263));
#5492=CARTESIAN_POINT('',(-42.0385290609896,33.4831492611087,15.2382460466247));
#5493=CARTESIAN_POINT('',(-42.0285290609896,33.4831492611087,8.1344731372263));
#5494=CARTESIAN_POINT('',(-42.0385290609896,33.4831492611087,8.1344731372263));
#5495=CARTESIAN_POINT('',(-42.0285290609896,33.4831492611087,8.1344731372263));
#5496=CARTESIAN_POINT('Origin',(-42.0385290609896,32.424486205808,8.1344731372263));
#5497=CARTESIAN_POINT('',(-42.0385290609895,-3.52561186145306,8.13447313722634));
#5498=CARTESIAN_POINT('',(-42.0285290609896,32.424486205808,8.1344731372263));
#5499=CARTESIAN_POINT('Origin',(-42.0285290609896,30.7846501850403,12.1344731968309));
#5500=CARTESIAN_POINT('Origin',(-42.0385290609896,20.7307969817325,11.781048707506));
#5501=CARTESIAN_POINT('',(-42.0385290609896,20.7307969817325,11.781048707506));
#5502=CARTESIAN_POINT('',(-42.0385290609896,22.5807289072677,11.781048707506));
#5503=CARTESIAN_POINT('',(-42.0385290609895,-9.37245647349082,11.7810487075061));
#5504=CARTESIAN_POINT('',(-42.0285290609896,20.7307969817325,11.781048707506));
#5505=CARTESIAN_POINT('',(-42.0385290609896,20.7307969817325,11.781048707506));
#5506=CARTESIAN_POINT('',(-42.0285290609896,22.5807289072677,11.781048707506));
#5507=CARTESIAN_POINT('',(-42.0285290609896,20.7307969817325,11.781048707506));
#5508=CARTESIAN_POINT('',(-42.0385290609896,22.5807289072677,11.781048707506));
#5509=CARTESIAN_POINT('Ctrl Pts',(-42.0385290609896,19.5602648743793,11.6473513169497));
#5510=CARTESIAN_POINT('Ctrl Pts',(-42.0285290609896,19.5602648743793,11.6473513169497));
#5511=CARTESIAN_POINT('Ctrl Pts',(-42.0385290609896,19.7248951218771,11.686146004501));
#5512=CARTESIAN_POINT('Ctrl Pts',(-42.0285290609896,19.7248951218771,11.686146004501));
#5513=CARTESIAN_POINT('Ctrl Pts',(-42.0385290609896,20.1093126878854,11.7767329992313));
#5514=CARTESIAN_POINT('Ctrl Pts',(-42.0285290609896,20.1093126878854,11.7767329992313));
#5515=CARTESIAN_POINT('Ctrl Pts',(-42.0385290609896,20.5047240552453,11.7794788129662));
#5516=CARTESIAN_POINT('Ctrl Pts',(-42.0285290609896,20.5047240552453,11.7794788129662));
#5517=CARTESIAN_POINT('Ctrl Pts',(-42.0385290609896,20.7307969817325,11.781048707506));
#5518=CARTESIAN_POINT('Ctrl Pts',(-42.0285290609896,20.7307969817325,11.781048707506));
#5519=CARTESIAN_POINT('',(-42.0385290609896,19.5602648743793,11.6473513169497));
#5520=CARTESIAN_POINT('Ctrl Pts',(-42.0385290609896,19.5602648743793,11.6473513169497));
#5521=CARTESIAN_POINT('Ctrl Pts',(-42.0385290609896,19.7248951218771,11.686146004501));
#5522=CARTESIAN_POINT('Ctrl Pts',(-42.0385290609896,20.1093126878854,11.7767329992313));
#5523=CARTESIAN_POINT('Ctrl Pts',(-42.0385290609896,20.5047240552453,11.7794788129662));
#5524=CARTESIAN_POINT('Ctrl Pts',(-42.0385290609896,20.7307969817325,11.781048707506));
#5525=CARTESIAN_POINT('',(-42.0285290609896,19.5602648743793,11.6473513169497));
#5526=CARTESIAN_POINT('',(-42.0385290609896,19.5602648743793,11.6473513169497));
#5527=CARTESIAN_POINT('Ctrl Pts',(-42.0285290609896,19.5602648743793,11.6473513169497));
#5528=CARTESIAN_POINT('Ctrl Pts',(-42.0285290609896,19.7248951218771,11.686146004501));
#5529=CARTESIAN_POINT('Ctrl Pts',(-42.0285290609896,20.1093126878854,11.7767329992313));
#5530=CARTESIAN_POINT('Ctrl Pts',(-42.0285290609896,20.5047240552453,11.7794788129662));
#5531=CARTESIAN_POINT('Ctrl Pts',(-42.0285290609896,20.7307969817325,11.781048707506));
#5532=CARTESIAN_POINT('Ctrl Pts',(-42.0385290609896,18.9245211371585,11.1835037989825));
#5533=CARTESIAN_POINT('Ctrl Pts',(-42.0285290609896,18.9245211371585,11.1835037989825));
#5534=CARTESIAN_POINT('Ctrl Pts',(-42.0385290609896,19.0094258440353,11.2857295727366));
#5535=CARTESIAN_POINT('Ctrl Pts',(-42.0285290609896,19.0094258440353,11.2857295727366));
#5536=CARTESIAN_POINT('Ctrl Pts',(-42.0385290609896,19.1821692999653,11.4937137245344));
#5537=CARTESIAN_POINT('Ctrl Pts',(-42.0285290609896,19.1821692999653,11.4937137245344));
#5538=CARTESIAN_POINT('Ctrl Pts',(-42.0385290609896,19.4328139523901,11.5955621553445));
#5539=CARTESIAN_POINT('Ctrl Pts',(-42.0285290609896,19.4328139523901,11.5955621553445));
#5540=CARTESIAN_POINT('Ctrl Pts',(-42.0385290609896,19.5602648743793,11.6473513169497));
#5541=CARTESIAN_POINT('Ctrl Pts',(-42.0285290609896,19.5602648743793,11.6473513169497));
#5542=CARTESIAN_POINT('',(-42.0385290609896,18.9245211371585,11.1835037989825));
#5543=CARTESIAN_POINT('Ctrl Pts',(-42.0385290609896,18.9245211371585,11.1835037989825));
#5544=CARTESIAN_POINT('Ctrl Pts',(-42.0385290609896,19.0094258440353,11.2857295727366));
#5545=CARTESIAN_POINT('Ctrl Pts',(-42.0385290609896,19.1821692999653,11.4937137245344));
#5546=CARTESIAN_POINT('Ctrl Pts',(-42.0385290609896,19.4328139523901,11.5955621553445));
#5547=CARTESIAN_POINT('Ctrl Pts',(-42.0385290609896,19.5602648743793,11.6473513169497));
#5548=CARTESIAN_POINT('',(-42.0285290609896,18.9245211371585,11.1835037989825));
#5549=CARTESIAN_POINT('',(-42.0385290609896,18.9245211371585,11.1835037989825));
#5550=CARTESIAN_POINT('Ctrl Pts',(-42.0285290609896,18.9245211371585,11.1835037989825));
#5551=CARTESIAN_POINT('Ctrl Pts',(-42.0285290609896,19.0094258440353,11.2857295727366));
#5552=CARTESIAN_POINT('Ctrl Pts',(-42.0285290609896,19.1821692999653,11.4937137245344));
#5553=CARTESIAN_POINT('Ctrl Pts',(-42.0285290609896,19.4328139523901,11.5955621553445));
#5554=CARTESIAN_POINT('Ctrl Pts',(-42.0285290609896,19.5602648743793,11.6473513169497));
#5555=CARTESIAN_POINT('Ctrl Pts',(-42.0385290609896,18.6953263768359,10.4058777613848));
#5556=CARTESIAN_POINT('Ctrl Pts',(-42.0285290609896,18.6953263768359,10.4058777613848));
#5557=CARTESIAN_POINT('Ctrl Pts',(-42.0385290609896,18.7037293012126,10.5484641864726));
#5558=CARTESIAN_POINT('Ctrl Pts',(-42.0285290609896,18.7037293012126,10.5484641864726));
#5559=CARTESIAN_POINT('Ctrl Pts',(-42.0385290609896,18.7200655634186,10.8256687789272));
#5560=CARTESIAN_POINT('Ctrl Pts',(-42.0285290609896,18.7200655634186,10.8256687789272));
#5561=CARTESIAN_POINT('Ctrl Pts',(-42.0385290609896,18.857687932853,11.0665333463528));
#5562=CARTESIAN_POINT('Ctrl Pts',(-42.0285290609896,18.857687932853,11.0665333463528));
#5563=CARTESIAN_POINT('Ctrl Pts',(-42.0385290609896,18.9245211371585,11.1835037989825));
#5564=CARTESIAN_POINT('Ctrl Pts',(-42.0285290609896,18.9245211371585,11.1835037989825));
#5565=CARTESIAN_POINT('',(-42.0385290609896,18.6953263768359,10.4058777613848));
#5566=CARTESIAN_POINT('Ctrl Pts',(-42.0385290609896,18.6953263768359,10.4058777613848));
#5567=CARTESIAN_POINT('Ctrl Pts',(-42.0385290609896,18.7037293012126,10.5484641864726));
#5568=CARTESIAN_POINT('Ctrl Pts',(-42.0385290609896,18.7200655634186,10.8256687789272));
#5569=CARTESIAN_POINT('Ctrl Pts',(-42.0385290609896,18.857687932853,11.0665333463528));
#5570=CARTESIAN_POINT('Ctrl Pts',(-42.0385290609896,18.9245211371585,11.1835037989825));
#5571=CARTESIAN_POINT('',(-42.0285290609896,18.6953263768359,10.4058777613848));
#5572=CARTESIAN_POINT('',(-42.0385290609896,18.6953263768359,10.4058777613848));
#5573=CARTESIAN_POINT('Ctrl Pts',(-42.0285290609896,18.6953263768359,10.4058777613848));
#5574=CARTESIAN_POINT('Ctrl Pts',(-42.0285290609896,18.7037293012126,10.5484641864726));
#5575=CARTESIAN_POINT('Ctrl Pts',(-42.0285290609896,18.7200655634186,10.8256687789272));
#5576=CARTESIAN_POINT('Ctrl Pts',(-42.0285290609896,18.857687932853,11.0665333463528));
#5577=CARTESIAN_POINT('Ctrl Pts',(-42.0285290609896,18.9245211371585,11.1835037989825));
#5578=CARTESIAN_POINT('Ctrl Pts',(-42.0385290609896,18.8535802849933,9.73193519546683));
#5579=CARTESIAN_POINT('Ctrl Pts',(-42.0285290609896,18.8535802849933,9.73193519546683));
#5580=CARTESIAN_POINT('Ctrl Pts',(-42.0385290609896,18.8074397903965,9.83517903150945));
#5581=CARTESIAN_POINT('Ctrl Pts',(-42.0285290609896,18.8074397903965,9.83517903150945));
#5582=CARTESIAN_POINT('Ctrl Pts',(-42.0385290609896,18.7116531520888,10.0495109338208));
#5583=CARTESIAN_POINT('Ctrl Pts',(-42.0285290609896,18.7116531520888,10.0495109338208));
#5584=CARTESIAN_POINT('Ctrl Pts',(-42.0385290609896,18.7008998205897,10.2842254180171));
#5585=CARTESIAN_POINT('Ctrl Pts',(-42.0285290609896,18.7008998205897,10.2842254180171));
#5586=CARTESIAN_POINT('Ctrl Pts',(-42.0385290609896,18.6953263768359,10.4058777613848));
#5587=CARTESIAN_POINT('Ctrl Pts',(-42.0285290609896,18.6953263768359,10.4058777613848));
#5588=CARTESIAN_POINT('',(-42.0385290609896,18.8535802849933,9.73193519546683));
#5589=CARTESIAN_POINT('Ctrl Pts',(-42.0385290609896,18.8535802849933,9.73193519546683));
#5590=CARTESIAN_POINT('Ctrl Pts',(-42.0385290609896,18.8074397903965,9.83517903150945));
#5591=CARTESIAN_POINT('Ctrl Pts',(-42.0385290609896,18.7116531520888,10.0495109338208));
#5592=CARTESIAN_POINT('Ctrl Pts',(-42.0385290609896,18.7008998205897,10.2842254180171));
#5593=CARTESIAN_POINT('Ctrl Pts',(-42.0385290609896,18.6953263768359,10.4058777613848));
#5594=CARTESIAN_POINT('',(-42.0285290609896,18.8535802849933,9.73193519546683));
#5595=CARTESIAN_POINT('',(-42.0385290609896,18.8535802849933,9.73193519546683));
#5596=CARTESIAN_POINT('Ctrl Pts',(-42.0285290609896,18.8535802849933,9.73193519546683));
#5597=CARTESIAN_POINT('Ctrl Pts',(-42.0285290609896,18.8074397903965,9.83517903150945));
#5598=CARTESIAN_POINT('Ctrl Pts',(-42.0285290609896,18.7116531520888,10.0495109338208));
#5599=CARTESIAN_POINT('Ctrl Pts',(-42.0285290609896,18.7008998205897,10.2842254180171));
#5600=CARTESIAN_POINT('Ctrl Pts',(-42.0285290609896,18.6953263768359,10.4058777613848));
#5601=CARTESIAN_POINT('Ctrl Pts',(-42.0385290609896,19.2573999652072,9.28718738987143));
#5602=CARTESIAN_POINT('Ctrl Pts',(-42.0285290609896,19.2573999652072,9.28718738987143));
#5603=CARTESIAN_POINT('Ctrl Pts',(-42.0385290609896,19.1783019842517,9.34557360441082));
#5604=CARTESIAN_POINT('Ctrl Pts',(-42.0285290609896,19.1783019842517,9.34557360441082));
#5605=CARTESIAN_POINT('Ctrl Pts',(-42.0385290609896,19.0141529873645,9.46674026926007));
#5606=CARTESIAN_POINT('Ctrl Pts',(-42.0285290609896,19.0141529873645,9.46674026926007));
#5607=CARTESIAN_POINT('Ctrl Pts',(-42.0385290609896,18.9083831371805,9.6414251764717));
#5608=CARTESIAN_POINT('Ctrl Pts',(-42.0285290609896,18.9083831371805,9.6414251764717));
#5609=CARTESIAN_POINT('Ctrl Pts',(-42.0385290609896,18.8535802849933,9.73193519546683));
#5610=CARTESIAN_POINT('Ctrl Pts',(-42.0285290609896,18.8535802849933,9.73193519546683));
#5611=CARTESIAN_POINT('',(-42.0385290609896,19.2573999652072,9.28718738987143));
#5612=CARTESIAN_POINT('Ctrl Pts',(-42.0385290609896,19.2573999652072,9.28718738987143));
#5613=CARTESIAN_POINT('Ctrl Pts',(-42.0385290609896,19.1783019842517,9.34557360441082));
#5614=CARTESIAN_POINT('Ctrl Pts',(-42.0385290609896,19.0141529873645,9.46674026926007));
#5615=CARTESIAN_POINT('Ctrl Pts',(-42.0385290609896,18.9083831371805,9.6414251764717));
#5616=CARTESIAN_POINT('Ctrl Pts',(-42.0385290609896,18.8535802849933,9.73193519546683));
#5617=CARTESIAN_POINT('',(-42.0285290609896,19.2573999652072,9.28718738987143));
#5618=CARTESIAN_POINT('',(-42.0385290609896,19.2573999652072,9.28718738987143));
#5619=CARTESIAN_POINT('Ctrl Pts',(-42.0285290609896,19.2573999652072,9.28718738987143));
#5620=CARTESIAN_POINT('Ctrl Pts',(-42.0285290609896,19.1783019842517,9.34557360441082));
#5621=CARTESIAN_POINT('Ctrl Pts',(-42.0285290609896,19.0141529873645,9.46674026926007));
#5622=CARTESIAN_POINT('Ctrl Pts',(-42.0285290609896,18.9083831371805,9.6414251764717));
#5623=CARTESIAN_POINT('Ctrl Pts',(-42.0285290609896,18.8535802849933,9.73193519546683));
#5624=CARTESIAN_POINT('Ctrl Pts',(-42.0385290609896,19.8685868868037,9.06890683605369));
#5625=CARTESIAN_POINT('Ctrl Pts',(-42.0285290609896,19.8685868868037,9.06890683605369));
#5626=CARTESIAN_POINT('Ctrl Pts',(-42.0385290609896,19.754731867684,9.09255477893547));
#5627=CARTESIAN_POINT('Ctrl Pts',(-42.0285290609896,19.754731867684,9.09255477893547));
#5628=CARTESIAN_POINT('Ctrl Pts',(-42.0385290609896,19.5407000081424,9.1370096762993));
#5629=CARTESIAN_POINT('Ctrl Pts',(-42.0285290609896,19.5407000081424,9.1370096762993));
#5630=CARTESIAN_POINT('Ctrl Pts',(-42.0385290609896,19.3477224266665,9.23930733801676));
#5631=CARTESIAN_POINT('Ctrl Pts',(-42.0285290609896,19.3477224266665,9.23930733801676));
#5632=CARTESIAN_POINT('Ctrl Pts',(-42.0385290609896,19.2573999652072,9.28718738987143));
#5633=CARTESIAN_POINT('Ctrl Pts',(-42.0285290609896,19.2573999652072,9.28718738987143));
#5634=CARTESIAN_POINT('',(-42.0385290609896,19.8685868868037,9.06890683605369));
#5635=CARTESIAN_POINT('Ctrl Pts',(-42.0385290609896,19.8685868868037,9.06890683605369));
#5636=CARTESIAN_POINT('Ctrl Pts',(-42.0385290609896,19.754731867684,9.09255477893547));
#5637=CARTESIAN_POINT('Ctrl Pts',(-42.0385290609896,19.5407000081424,9.1370096762993));
#5638=CARTESIAN_POINT('Ctrl Pts',(-42.0385290609896,19.3477224266665,9.23930733801676));
#5639=CARTESIAN_POINT('Ctrl Pts',(-42.0385290609896,19.2573999652072,9.28718738987143));
#5640=CARTESIAN_POINT('',(-42.0285290609896,19.8685868868037,9.06890683605369));
#5641=CARTESIAN_POINT('',(-42.0385290609896,19.8685868868037,9.06890683605369));
#5642=CARTESIAN_POINT('Ctrl Pts',(-42.0285290609896,19.8685868868037,9.06890683605369));
#5643=CARTESIAN_POINT('Ctrl Pts',(-42.0285290609896,19.754731867684,9.09255477893547));
#5644=CARTESIAN_POINT('Ctrl Pts',(-42.0285290609896,19.5407000081424,9.1370096762993));
#5645=CARTESIAN_POINT('Ctrl Pts',(-42.0285290609896,19.3477224266665,9.23930733801676));
#5646=CARTESIAN_POINT('Ctrl Pts',(-42.0285290609896,19.2573999652072,9.28718738987143));
#5647=CARTESIAN_POINT('Ctrl Pts',(-42.0385290609896,20.5889143833324,9.03070741131003));
#5648=CARTESIAN_POINT('Ctrl Pts',(-42.0285290609896,20.5889143833324,9.03070741131003));
#5649=CARTESIAN_POINT('Ctrl Pts',(-42.0385290609896,20.4431815717887,9.03043124522796));
#5650=CARTESIAN_POINT('Ctrl Pts',(-42.0285290609896,20.4431815717887,9.03043124522796));
#5651=CARTESIAN_POINT('Ctrl Pts',(-42.0385290609896,20.202263573822,9.02997470164731));
#5652=CARTESIAN_POINT('Ctrl Pts',(-42.0285290609896,20.202263573822,9.02997470164731));
#5653=CARTESIAN_POINT('Ctrl Pts',(-42.0385290609896,19.9630848836511,9.05788116702277));
#5654=CARTESIAN_POINT('Ctrl Pts',(-42.0285290609896,19.9630848836511,9.05788116702277));
#5655=CARTESIAN_POINT('Ctrl Pts',(-42.0385290609896,19.8685868868037,9.06890683605369));
#5656=CARTESIAN_POINT('Ctrl Pts',(-42.0285290609896,19.8685868868037,9.06890683605369));
#5657=CARTESIAN_POINT('',(-42.0385290609896,20.5889143833324,9.03070741131003));
#5658=CARTESIAN_POINT('Ctrl Pts',(-42.0385290609896,20.5889143833324,9.03070741131003));
#5659=CARTESIAN_POINT('Ctrl Pts',(-42.0385290609896,20.4431815717887,9.03043124522796));
#5660=CARTESIAN_POINT('Ctrl Pts',(-42.0385290609896,20.202263573822,9.02997470164731));
#5661=CARTESIAN_POINT('Ctrl Pts',(-42.0385290609896,19.9630848836511,9.05788116702277));
#5662=CARTESIAN_POINT('Ctrl Pts',(-42.0385290609896,19.8685868868037,9.06890683605369));
#5663=CARTESIAN_POINT('',(-42.0285290609896,20.5889143833324,9.03070741131003));
#5664=CARTESIAN_POINT('',(-42.0385290609896,20.5889143833324,9.03070741131003));
#5665=CARTESIAN_POINT('Ctrl Pts',(-42.0285290609896,20.5889143833324,9.03070741131003));
#5666=CARTESIAN_POINT('Ctrl Pts',(-42.0285290609896,20.4431815717887,9.03043124522796));
#5667=CARTESIAN_POINT('Ctrl Pts',(-42.0285290609896,20.202263573822,9.02997470164731));
#5668=CARTESIAN_POINT('Ctrl Pts',(-42.0285290609896,19.9630848836511,9.05788116702277));
#5669=CARTESIAN_POINT('Ctrl Pts',(-42.0285290609896,19.8685868868037,9.06890683605369));
#5670=CARTESIAN_POINT('Origin',(-42.0385290609896,22.5807289072677,9.03070741131003));
#5671=CARTESIAN_POINT('',(-42.0385290609896,22.5807289072677,9.03070741131003));
#5672=CARTESIAN_POINT('',(-42.0385290609895,-8.44749051072321,9.03070741131006));
#5673=CARTESIAN_POINT('',(-42.0285290609896,22.5807289072677,9.03070741131003));
#5674=CARTESIAN_POINT('',(-42.0385290609896,22.5807289072677,9.03070741131003));
#5675=CARTESIAN_POINT('',(-42.0285290609896,22.5807289072677,9.03070741131003));
#5676=CARTESIAN_POINT('Origin',(-42.0385290609896,22.5807289072677,11.781048707506));
#5677=CARTESIAN_POINT('',(-42.0385290609896,22.5807289072677,17.0615338317646));
#5678=CARTESIAN_POINT('',(-42.0285290609896,22.5807289072677,11.781048707506));
#5679=CARTESIAN_POINT('Origin',(-42.0385290609896,20.9818204530879,15.1425766272753));
#5680=CARTESIAN_POINT('',(-42.0385290609896,20.9818204530879,15.1425766272753));
#5681=CARTESIAN_POINT('',(-42.0385290609896,22.5807289072677,15.1425766272753));
#5682=CARTESIAN_POINT('',(-42.0385290609895,-9.24694473781309,15.1425766272753));
#5683=CARTESIAN_POINT('',(-42.0285290609896,20.9818204530879,15.1425766272753));
#5684=CARTESIAN_POINT('',(-42.0385290609896,20.9818204530879,15.1425766272753));
#5685=CARTESIAN_POINT('',(-42.0285290609896,22.5807289072677,15.1425766272753));
#5686=CARTESIAN_POINT('',(-42.0285290609896,20.9818204530879,15.1425766272753));
#5687=CARTESIAN_POINT('',(-42.0385290609896,22.5807289072677,15.1425766272753));
#5688=CARTESIAN_POINT('Ctrl Pts',(-42.0385290609896,19.764903415124,15.0307070536822));
#5689=CARTESIAN_POINT('Ctrl Pts',(-42.0285290609896,19.764903415124,15.0307070536822));
#5690=CARTESIAN_POINT('Ctrl Pts',(-42.0385290609896,19.9249718580959,15.0630200564916));
#5691=CARTESIAN_POINT('Ctrl Pts',(-42.0285290609896,19.9249718580959,15.0630200564916));
#5692=CARTESIAN_POINT('Ctrl Pts',(-42.0385290609896,20.3259979321646,15.1439751555572));
#5693=CARTESIAN_POINT('Ctrl Pts',(-42.0285290609896,20.3259979321646,15.1439751555572));
#5694=CARTESIAN_POINT('Ctrl Pts',(-42.0385290609896,20.7356686585951,15.1431015410061));
#5695=CARTESIAN_POINT('Ctrl Pts',(-42.0285290609896,20.7356686585951,15.1431015410061));
#5696=CARTESIAN_POINT('Ctrl Pts',(-42.0385290609896,20.9818204530879,15.1425766272753));
#5697=CARTESIAN_POINT('Ctrl Pts',(-42.0285290609896,20.9818204530879,15.1425766272753));
#5698=CARTESIAN_POINT('',(-42.0385290609896,19.764903415124,15.0307070536822));
#5699=CARTESIAN_POINT('Ctrl Pts',(-42.0385290609896,19.764903415124,15.0307070536822));
#5700=CARTESIAN_POINT('Ctrl Pts',(-42.0385290609896,19.9249718580959,15.0630200564916));
#5701=CARTESIAN_POINT('Ctrl Pts',(-42.0385290609896,20.3259979321646,15.1439751555572));
#5702=CARTESIAN_POINT('Ctrl Pts',(-42.0385290609896,20.7356686585951,15.1431015410061));
#5703=CARTESIAN_POINT('Ctrl Pts',(-42.0385290609896,20.9818204530879,15.1425766272753));
#5704=CARTESIAN_POINT('',(-42.0285290609896,19.764903415124,15.0307070536822));
#5705=CARTESIAN_POINT('',(-42.0385290609896,19.764903415124,15.0307070536822));
#5706=CARTESIAN_POINT('Ctrl Pts',(-42.0285290609896,19.764903415124,15.0307070536822));
#5707=CARTESIAN_POINT('Ctrl Pts',(-42.0285290609896,19.9249718580959,15.0630200564916));
#5708=CARTESIAN_POINT('Ctrl Pts',(-42.0285290609896,20.3259979321646,15.1439751555572));
#5709=CARTESIAN_POINT('Ctrl Pts',(-42.0285290609896,20.7356686585951,15.1431015410061));
#5710=CARTESIAN_POINT('Ctrl Pts',(-42.0285290609896,20.9818204530879,15.1425766272753));
#5711=CARTESIAN_POINT('Ctrl Pts',(-42.0385290609896,19.2192005404636,14.6159731669634));
#5712=CARTESIAN_POINT('Ctrl Pts',(-42.0285290609896,19.2192005404636,14.6159731669634));
#5713=CARTESIAN_POINT('Ctrl Pts',(-42.0385290609896,19.2902921780652,14.7091586509338));
#5714=CARTESIAN_POINT('Ctrl Pts',(-42.0285290609896,19.2902921780652,14.7091586509338));
#5715=CARTESIAN_POINT('Ctrl Pts',(-42.0385290609896,19.4339735651499,14.8974933136976));
#5716=CARTESIAN_POINT('Ctrl Pts',(-42.0285290609896,19.4339735651499,14.8974933136976));
#5717=CARTESIAN_POINT('Ctrl Pts',(-42.0385290609896,19.6538293472326,14.9859948828089));
#5718=CARTESIAN_POINT('Ctrl Pts',(-42.0285290609896,19.6538293472326,14.9859948828089));
#5719=CARTESIAN_POINT('Ctrl Pts',(-42.0385290609896,19.764903415124,15.0307070536822));
#5720=CARTESIAN_POINT('Ctrl Pts',(-42.0285290609896,19.764903415124,15.0307070536822));
#5721=CARTESIAN_POINT('',(-42.0385290609896,19.2192005404636,14.6159731669634));
#5722=CARTESIAN_POINT('Ctrl Pts',(-42.0385290609896,19.2192005404636,14.6159731669634));
#5723=CARTESIAN_POINT('Ctrl Pts',(-42.0385290609896,19.2902921780652,14.7091586509338));
#5724=CARTESIAN_POINT('Ctrl Pts',(-42.0385290609896,19.4339735651499,14.8974933136976));
#5725=CARTESIAN_POINT('Ctrl Pts',(-42.0385290609896,19.6538293472326,14.9859948828089));
#5726=CARTESIAN_POINT('Ctrl Pts',(-42.0385290609896,19.764903415124,15.0307070536822));
#5727=CARTESIAN_POINT('',(-42.0285290609896,19.2192005404636,14.6159731669634));
#5728=CARTESIAN_POINT('',(-42.0385290609896,19.2192005404636,14.6159731669634));
#5729=CARTESIAN_POINT('Ctrl Pts',(-42.0285290609896,19.2192005404636,14.6159731669634));
#5730=CARTESIAN_POINT('Ctrl Pts',(-42.0285290609896,19.2902921780652,14.7091586509338));
#5731=CARTESIAN_POINT('Ctrl Pts',(-42.0285290609896,19.4339735651499,14.8974933136976));
#5732=CARTESIAN_POINT('Ctrl Pts',(-42.0285290609896,19.6538293472326,14.9859948828089));
#5733=CARTESIAN_POINT('Ctrl Pts',(-42.0285290609896,19.764903415124,15.0307070536822));
#5734=CARTESIAN_POINT('Ctrl Pts',(-42.0385290609896,19.0282052048846,13.9147453828066));
#5735=CARTESIAN_POINT('Ctrl Pts',(-42.0285290609896,19.0282052048846,13.9147453828066));
#5736=CARTESIAN_POINT('Ctrl Pts',(-42.0385290609896,19.0352240429338,14.0420371978714));
#5737=CARTESIAN_POINT('Ctrl Pts',(-42.0285290609896,19.0352240429338,14.0420371978714));
#5738=CARTESIAN_POINT('Ctrl Pts',(-42.0385290609896,19.0488757659455,14.289621283551));
#5739=CARTESIAN_POINT('Ctrl Pts',(-42.0285290609896,19.0488757659455,14.289621283551));
#5740=CARTESIAN_POINT('Ctrl Pts',(-42.0385290609896,19.1635058661031,14.5092590267274));
#5741=CARTESIAN_POINT('Ctrl Pts',(-42.0285290609896,19.1635058661031,14.5092590267274));
#5742=CARTESIAN_POINT('Ctrl Pts',(-42.0385290609896,19.2192005404636,14.6159731669634));
#5743=CARTESIAN_POINT('Ctrl Pts',(-42.0285290609896,19.2192005404636,14.6159731669634));
#5744=CARTESIAN_POINT('',(-42.0385290609896,19.0282052048846,13.9147453828066));
#5745=CARTESIAN_POINT('Ctrl Pts',(-42.0385290609896,19.0282052048846,13.9147453828066));
#5746=CARTESIAN_POINT('Ctrl Pts',(-42.0385290609896,19.0352240429338,14.0420371978714));
#5747=CARTESIAN_POINT('Ctrl Pts',(-42.0385290609896,19.0488757659455,14.289621283551));
#5748=CARTESIAN_POINT('Ctrl Pts',(-42.0385290609896,19.1635058661031,14.5092590267274));
#5749=CARTESIAN_POINT('Ctrl Pts',(-42.0385290609896,19.2192005404636,14.6159731669634));
#5750=CARTESIAN_POINT('',(-42.0285290609896,19.0282052048846,13.9147453828066));
#5751=CARTESIAN_POINT('',(-42.0385290609896,19.0282052048846,13.9147453828066));
#5752=CARTESIAN_POINT('Ctrl Pts',(-42.0285290609896,19.0282052048846,13.9147453828066));
#5753=CARTESIAN_POINT('Ctrl Pts',(-42.0285290609896,19.0352240429338,14.0420371978714));
#5754=CARTESIAN_POINT('Ctrl Pts',(-42.0285290609896,19.0488757659455,14.289621283551));
#5755=CARTESIAN_POINT('Ctrl Pts',(-42.0285290609896,19.1635058661031,14.5092590267274));
#5756=CARTESIAN_POINT('Ctrl Pts',(-42.0285290609896,19.2192005404636,14.6159731669634));
#5757=CARTESIAN_POINT('Ctrl Pts',(-42.0385290609896,19.2328434476062,13.2162462992876));
#5758=CARTESIAN_POINT('Ctrl Pts',(-42.0285290609896,19.2328434476062,13.2162462992876));
#5759=CARTESIAN_POINT('Ctrl Pts',(-42.0385290609896,19.1732022964903,13.3182753897632));
#5760=CARTESIAN_POINT('Ctrl Pts',(-42.0285290609896,19.1732022964903,13.3182753897632));
#5761=CARTESIAN_POINT('Ctrl Pts',(-42.0385290609896,19.0472946259738,13.5336676963558));
#5762=CARTESIAN_POINT('Ctrl Pts',(-42.0285290609896,19.0472946259738,13.5336676963558));
#5763=CARTESIAN_POINT('Ctrl Pts',(-42.0385290609896,19.0347877199118,13.7833401617766));
#5764=CARTESIAN_POINT('Ctrl Pts',(-42.0285290609896,19.0347877199118,13.7833401617766));
#5765=CARTESIAN_POINT('Ctrl Pts',(-42.0385290609896,19.0282052048846,13.9147453828066));
#5766=CARTESIAN_POINT('Ctrl Pts',(-42.0285290609896,19.0282052048846,13.9147453828066));
#5767=CARTESIAN_POINT('',(-42.0385290609896,19.2328434476062,13.2162462992876));
#5768=CARTESIAN_POINT('Ctrl Pts',(-42.0385290609896,19.2328434476062,13.2162462992876));
#5769=CARTESIAN_POINT('Ctrl Pts',(-42.0385290609896,19.1732022964903,13.3182753897632));
#5770=CARTESIAN_POINT('Ctrl Pts',(-42.0385290609896,19.0472946259738,13.5336676963558));
#5771=CARTESIAN_POINT('Ctrl Pts',(-42.0385290609896,19.0347877199118,13.7833401617766));
#5772=CARTESIAN_POINT('Ctrl Pts',(-42.0385290609896,19.0282052048846,13.9147453828066));
#5773=CARTESIAN_POINT('',(-42.0285290609896,19.2328434476062,13.2162462992876));
#5774=CARTESIAN_POINT('',(-42.0385290609896,19.2328434476062,13.2162462992876));
#5775=CARTESIAN_POINT('Ctrl Pts',(-42.0285290609896,19.2328434476062,13.2162462992876));
#5776=CARTESIAN_POINT('Ctrl Pts',(-42.0285290609896,19.1732022964903,13.3182753897632));
#5777=CARTESIAN_POINT('Ctrl Pts',(-42.0285290609896,19.0472946259738,13.5336676963558));
#5778=CARTESIAN_POINT('Ctrl Pts',(-42.0285290609896,19.0347877199118,13.7833401617766));
#5779=CARTESIAN_POINT('Ctrl Pts',(-42.0285290609896,19.0282052048846,13.9147453828066));
#5780=CARTESIAN_POINT('Ctrl Pts',(-42.0385290609896,19.8413019665881,12.8178834243029));
#5781=CARTESIAN_POINT('Ctrl Pts',(-42.0285290609896,19.8413019665881,12.8178834243029));
#5782=CARTESIAN_POINT('Ctrl Pts',(-42.0385290609896,19.7170755656209,12.8617735660826));
#5783=CARTESIAN_POINT('Ctrl Pts',(-42.0285290609896,19.7170755656209,12.8617735660826));
#5784=CARTESIAN_POINT('Ctrl Pts',(-42.0385290609896,19.4812381038687,12.9450967530436));
#5785=CARTESIAN_POINT('Ctrl Pts',(-42.0285290609896,19.4812381038687,12.9450967530436));
#5786=CARTESIAN_POINT('Ctrl Pts',(-42.0385290609896,19.3126353859236,13.1291447964041));
#5787=CARTESIAN_POINT('Ctrl Pts',(-42.0285290609896,19.3126353859236,13.1291447964041));
#5788=CARTESIAN_POINT('Ctrl Pts',(-42.0385290609896,19.2328434476062,13.2162462992876));
#5789=CARTESIAN_POINT('Ctrl Pts',(-42.0285290609896,19.2328434476062,13.2162462992876));
#5790=CARTESIAN_POINT('',(-42.0385290609896,19.8413019665881,12.8178834243029));
#5791=CARTESIAN_POINT('Ctrl Pts',(-42.0385290609896,19.8413019665881,12.8178834243029));
#5792=CARTESIAN_POINT('Ctrl Pts',(-42.0385290609896,19.7170755656209,12.8617735660826));
#5793=CARTESIAN_POINT('Ctrl Pts',(-42.0385290609896,19.4812381038687,12.9450967530436));
#5794=CARTESIAN_POINT('Ctrl Pts',(-42.0385290609896,19.3126353859236,13.1291447964041));
#5795=CARTESIAN_POINT('Ctrl Pts',(-42.0385290609896,19.2328434476062,13.2162462992876));
#5796=CARTESIAN_POINT('',(-42.0285290609896,19.8413019665881,12.8178834243029));
#5797=CARTESIAN_POINT('',(-42.0385290609896,19.8413019665881,12.8178834243029));
#5798=CARTESIAN_POINT('Ctrl Pts',(-42.0285290609896,19.8413019665881,12.8178834243029));
#5799=CARTESIAN_POINT('Ctrl Pts',(-42.0285290609896,19.7170755656209,12.8617735660826));
#5800=CARTESIAN_POINT('Ctrl Pts',(-42.0285290609896,19.4812381038687,12.9450967530436));
#5801=CARTESIAN_POINT('Ctrl Pts',(-42.0285290609896,19.3126353859236,13.1291447964041));
#5802=CARTESIAN_POINT('Ctrl Pts',(-42.0285290609896,19.2328434476062,13.2162462992876));
#5803=CARTESIAN_POINT('Ctrl Pts',(-42.0385290609896,20.8508517631694,12.7251135630816));
#5804=CARTESIAN_POINT('Ctrl Pts',(-42.0285290609896,20.8508517631694,12.7251135630816));
#5805=CARTESIAN_POINT('Ctrl Pts',(-42.0385290609896,20.6485749711449,12.7249892086372));
#5806=CARTESIAN_POINT('Ctrl Pts',(-42.0285290609896,20.6485749711449,12.7249892086372));
#5807=CARTESIAN_POINT('Ctrl Pts',(-42.0385290609896,20.308802360903,12.724780325385));
#5808=CARTESIAN_POINT('Ctrl Pts',(-42.0285290609896,20.308802360903,12.724780325385));
#5809=CARTESIAN_POINT('Ctrl Pts',(-42.0385290609896,19.9759837209224,12.7910614390197));
#5810=CARTESIAN_POINT('Ctrl Pts',(-42.0285290609896,19.9759837209224,12.7910614390197));
#5811=CARTESIAN_POINT('Ctrl Pts',(-42.0385290609896,19.8413019665881,12.8178834243029));
#5812=CARTESIAN_POINT('Ctrl Pts',(-42.0285290609896,19.8413019665881,12.8178834243029));
#5813=CARTESIAN_POINT('',(-42.0385290609896,20.8508517631694,12.7251135630816));
#5814=CARTESIAN_POINT('Ctrl Pts',(-42.0385290609896,20.8508517631694,12.7251135630816));
#5815=CARTESIAN_POINT('Ctrl Pts',(-42.0385290609896,20.6485749711449,12.7249892086372));
#5816=CARTESIAN_POINT('Ctrl Pts',(-42.0385290609896,20.308802360903,12.724780325385));
#5817=CARTESIAN_POINT('Ctrl Pts',(-42.0385290609896,19.9759837209224,12.7910614390197));
#5818=CARTESIAN_POINT('Ctrl Pts',(-42.0385290609896,19.8413019665881,12.8178834243029));
#5819=CARTESIAN_POINT('',(-42.0285290609896,20.8508517631694,12.7251135630816));
#5820=CARTESIAN_POINT('',(-42.0385290609896,20.8508517631694,12.7251135630816));
#5821=CARTESIAN_POINT('Ctrl Pts',(-42.0285290609896,20.8508517631694,12.7251135630816));
#5822=CARTESIAN_POINT('Ctrl Pts',(-42.0285290609896,20.6485749711449,12.7249892086372));
#5823=CARTESIAN_POINT('Ctrl Pts',(-42.0285290609896,20.308802360903,12.724780325385));
#5824=CARTESIAN_POINT('Ctrl Pts',(-42.0285290609896,19.9759837209224,12.7910614390197));
#5825=CARTESIAN_POINT('Ctrl Pts',(-42.0285290609896,19.8413019665881,12.8178834243029));
#5826=CARTESIAN_POINT('Origin',(-42.0385290609896,22.5807289072677,12.7251135630816));
#5827=CARTESIAN_POINT('',(-42.0385290609896,22.5807289072677,12.7251135630816));
#5828=CARTESIAN_POINT('',(-42.0385290609895,-8.44749051072321,12.7251135630816));
#5829=CARTESIAN_POINT('',(-42.0285290609896,22.5807289072677,12.7251135630816));
#5830=CARTESIAN_POINT('',(-42.0385290609896,22.5807289072677,12.7251135630816));
#5831=CARTESIAN_POINT('',(-42.0285290609896,22.5807289072677,12.7251135630816));
#5832=CARTESIAN_POINT('Origin',(-42.0385290609896,22.5807289072677,15.1425766272753));
#5833=CARTESIAN_POINT('',(-42.0385290609896,22.5807289072677,18.7422977916492));
#5834=CARTESIAN_POINT('',(-42.0285290609896,22.5807289072677,15.1425766272753));
#5835=CARTESIAN_POINT('Ctrl Pts',(-42.0385290609896,19.2983280905887,8.22033875419791));
#5836=CARTESIAN_POINT('Ctrl Pts',(-42.0285290609896,19.2983280905887,8.22033875419791));
#5837=CARTESIAN_POINT('Ctrl Pts',(-42.0385290609896,19.4930457235886,8.1814185172737));
#5838=CARTESIAN_POINT('Ctrl Pts',(-42.0285290609896,19.4930457235886,8.1814185172737));
#5839=CARTESIAN_POINT('Ctrl Pts',(-42.0385290609896,19.9188275737128,8.09631307392196));
#5840=CARTESIAN_POINT('Ctrl Pts',(-42.0285290609896,19.9188275737128,8.09631307392196));
#5841=CARTESIAN_POINT('Ctrl Pts',(-42.0385290609896,20.3531923598777,8.09004404816903));
#5842=CARTESIAN_POINT('Ctrl Pts',(-42.0285290609896,20.3531923598777,8.09004404816903));
#5843=CARTESIAN_POINT('Ctrl Pts',(-42.0385290609896,20.5889143833324,8.08664195968802));
#5844=CARTESIAN_POINT('Ctrl Pts',(-42.0285290609896,20.5889143833324,8.08664195968802));
#5845=CARTESIAN_POINT('',(-42.0385290609896,19.2983280905887,8.22033875419791));
#5846=CARTESIAN_POINT('',(-42.0385290609896,20.5889143833324,8.08664195968802));
#5847=CARTESIAN_POINT('Ctrl Pts',(-42.0385290609896,19.2983280905887,8.22033875419791));
#5848=CARTESIAN_POINT('Ctrl Pts',(-42.0385290609896,19.4930457235886,8.1814185172737));
#5849=CARTESIAN_POINT('Ctrl Pts',(-42.0385290609896,19.9188275737128,8.09631307392196));
#5850=CARTESIAN_POINT('Ctrl Pts',(-42.0385290609896,20.3531923598777,8.09004404816903));
#5851=CARTESIAN_POINT('Ctrl Pts',(-42.0385290609896,20.5889143833324,8.08664195968802));
#5852=CARTESIAN_POINT('',(-42.0285290609896,19.2983280905887,8.22033875419791));
#5853=CARTESIAN_POINT('',(-42.0385290609896,19.2983280905887,8.22033875419791));
#5854=CARTESIAN_POINT('',(-42.0285290609896,20.5889143833324,8.08664195968802));
#5855=CARTESIAN_POINT('Ctrl Pts',(-42.0285290609896,19.2983280905887,8.22033875419791));
#5856=CARTESIAN_POINT('Ctrl Pts',(-42.0285290609896,19.4930457235886,8.1814185172737));
#5857=CARTESIAN_POINT('Ctrl Pts',(-42.0285290609896,19.9188275737128,8.09631307392196));
#5858=CARTESIAN_POINT('Ctrl Pts',(-42.0285290609896,20.3531923598777,8.09004404816903));
#5859=CARTESIAN_POINT('Ctrl Pts',(-42.0285290609896,20.5889143833324,8.08664195968802));
#5860=CARTESIAN_POINT('',(-42.0385290609896,20.5889143833324,8.08664195968802));
#5861=CARTESIAN_POINT('Ctrl Pts',(-42.0385290609896,18.4224747904941,8.61597352459128));
#5862=CARTESIAN_POINT('Ctrl Pts',(-42.0285290609896,18.4224747904941,8.61597352459128));
#5863=CARTESIAN_POINT('Ctrl Pts',(-42.0385290609896,18.5507239345734,8.53291974720253));
#5864=CARTESIAN_POINT('Ctrl Pts',(-42.0285290609896,18.5507239345734,8.53291974720253));
#5865=CARTESIAN_POINT('Ctrl Pts',(-42.0385290609896,18.822459939434,8.35694429084988));
#5866=CARTESIAN_POINT('Ctrl Pts',(-42.0285290609896,18.822459939434,8.35694429084988));
#5867=CARTESIAN_POINT('Ctrl Pts',(-42.0385290609896,19.1338842875013,8.26754496859853));
#5868=CARTESIAN_POINT('Ctrl Pts',(-42.0285290609896,19.1338842875013,8.26754496859853));
#5869=CARTESIAN_POINT('Ctrl Pts',(-42.0385290609896,19.2983280905887,8.22033875419791));
#5870=CARTESIAN_POINT('Ctrl Pts',(-42.0285290609896,19.2983280905887,8.22033875419791));
#5871=CARTESIAN_POINT('',(-42.0385290609896,18.4224747904941,8.61597352459128));
#5872=CARTESIAN_POINT('Ctrl Pts',(-42.0385290609896,18.4224747904941,8.61597352459128));
#5873=CARTESIAN_POINT('Ctrl Pts',(-42.0385290609896,18.5507239345734,8.53291974720253));
#5874=CARTESIAN_POINT('Ctrl Pts',(-42.0385290609896,18.822459939434,8.35694429084988));
#5875=CARTESIAN_POINT('Ctrl Pts',(-42.0385290609896,19.1338842875013,8.26754496859853));
#5876=CARTESIAN_POINT('Ctrl Pts',(-42.0385290609896,19.2983280905887,8.22033875419791));
#5877=CARTESIAN_POINT('',(-42.0285290609896,18.4224747904941,8.61597352459128));
#5878=CARTESIAN_POINT('',(-42.0385290609896,18.4224747904941,8.61597352459128));
#5879=CARTESIAN_POINT('Ctrl Pts',(-42.0285290609896,18.4224747904941,8.61597352459128));
#5880=CARTESIAN_POINT('Ctrl Pts',(-42.0285290609896,18.5507239345734,8.53291974720253));
#5881=CARTESIAN_POINT('Ctrl Pts',(-42.0285290609896,18.822459939434,8.35694429084988));
#5882=CARTESIAN_POINT('Ctrl Pts',(-42.0285290609896,19.1338842875013,8.26754496859853));
#5883=CARTESIAN_POINT('Ctrl Pts',(-42.0285290609896,19.2983280905887,8.22033875419791));
#5884=CARTESIAN_POINT('Ctrl Pts',(-42.0385290609896,17.8358446845218,9.36085753872092));
#5885=CARTESIAN_POINT('Ctrl Pts',(-42.0285290609896,17.8358446845218,9.36085753872092));
#5886=CARTESIAN_POINT('Ctrl Pts',(-42.0385290609896,17.9161383403091,9.21178412672483));
#5887=CARTESIAN_POINT('Ctrl Pts',(-42.0285290609896,17.9161383403091,9.21178412672483));
#5888=CARTESIAN_POINT('Ctrl Pts',(-42.0385290609896,18.06845511153,8.9289924096523));
#5889=CARTESIAN_POINT('Ctrl Pts',(-42.0285290609896,18.06845511153,8.9289924096523));
#5890=CARTESIAN_POINT('Ctrl Pts',(-42.0385290609896,18.3088186743926,8.71646655607061));
#5891=CARTESIAN_POINT('Ctrl Pts',(-42.0285290609896,18.3088186743926,8.71646655607061));
#5892=CARTESIAN_POINT('Ctrl Pts',(-42.0385290609896,18.4224747904941,8.61597352459128));
#5893=CARTESIAN_POINT('Ctrl Pts',(-42.0285290609896,18.4224747904941,8.61597352459128));
#5894=CARTESIAN_POINT('',(-42.0385290609896,17.8358446845218,9.36085753872092));
#5895=CARTESIAN_POINT('Ctrl Pts',(-42.0385290609896,17.8358446845218,9.36085753872092));
#5896=CARTESIAN_POINT('Ctrl Pts',(-42.0385290609896,17.9161383403091,9.21178412672483));
#5897=CARTESIAN_POINT('Ctrl Pts',(-42.0385290609896,18.06845511153,8.9289924096523));
#5898=CARTESIAN_POINT('Ctrl Pts',(-42.0385290609896,18.3088186743926,8.71646655607061));
#5899=CARTESIAN_POINT('Ctrl Pts',(-42.0385290609896,18.4224747904941,8.61597352459128));
#5900=CARTESIAN_POINT('',(-42.0285290609896,17.8358446845218,9.36085753872092));
#5901=CARTESIAN_POINT('',(-42.0385290609896,17.8358446845218,9.36085753872092));
#5902=CARTESIAN_POINT('Ctrl Pts',(-42.0285290609896,17.8358446845218,9.36085753872092));
#5903=CARTESIAN_POINT('Ctrl Pts',(-42.0285290609896,17.9161383403091,9.21178412672483));
#5904=CARTESIAN_POINT('Ctrl Pts',(-42.0285290609896,18.06845511153,8.9289924096523));
#5905=CARTESIAN_POINT('Ctrl Pts',(-42.0285290609896,18.3088186743926,8.71646655607061));
#5906=CARTESIAN_POINT('Ctrl Pts',(-42.0285290609896,18.4224747904941,8.61597352459128));
#5907=CARTESIAN_POINT('Ctrl Pts',(-42.0385290609896,17.5984644183322,10.4058777613848));
#5908=CARTESIAN_POINT('Ctrl Pts',(-42.0285290609896,17.5984644183322,10.4058777613848));
#5909=CARTESIAN_POINT('Ctrl Pts',(-42.0385290609896,17.6078997558718,10.2227492622472));
#5910=CARTESIAN_POINT('Ctrl Pts',(-42.0285290609896,17.6078997558718,10.2227492622472));
#5911=CARTESIAN_POINT('Ctrl Pts',(-42.0385290609896,17.6265592927023,9.86059020222329));
#5912=CARTESIAN_POINT('Ctrl Pts',(-42.0285290609896,17.6265592927023,9.86059020222329));
#5913=CARTESIAN_POINT('Ctrl Pts',(-42.0385290609896,17.7666111300797,9.52617375245316));
#5914=CARTESIAN_POINT('Ctrl Pts',(-42.0285290609896,17.7666111300797,9.52617375245316));
#5915=CARTESIAN_POINT('Ctrl Pts',(-42.0385290609896,17.8358446845218,9.36085753872092));
#5916=CARTESIAN_POINT('Ctrl Pts',(-42.0285290609896,17.8358446845218,9.36085753872092));
#5917=CARTESIAN_POINT('',(-42.0385290609896,17.5984644183322,10.4058777613848));
#5918=CARTESIAN_POINT('Ctrl Pts',(-42.0385290609896,17.5984644183322,10.4058777613848));
#5919=CARTESIAN_POINT('Ctrl Pts',(-42.0385290609896,17.6078997558718,10.2227492622472));
#5920=CARTESIAN_POINT('Ctrl Pts',(-42.0385290609896,17.6265592927023,9.86059020222329));
#5921=CARTESIAN_POINT('Ctrl Pts',(-42.0385290609896,17.7666111300797,9.52617375245316));
#5922=CARTESIAN_POINT('Ctrl Pts',(-42.0385290609896,17.8358446845218,9.36085753872092));
#5923=CARTESIAN_POINT('',(-42.0285290609896,17.5984644183322,10.4058777613848));
#5924=CARTESIAN_POINT('',(-42.0385290609896,17.5984644183322,10.4058777613848));
#5925=CARTESIAN_POINT('Ctrl Pts',(-42.0285290609896,17.5984644183322,10.4058777613848));
#5926=CARTESIAN_POINT('Ctrl Pts',(-42.0285290609896,17.6078997558718,10.2227492622472));
#5927=CARTESIAN_POINT('Ctrl Pts',(-42.0285290609896,17.6265592927023,9.86059020222329));
#5928=CARTESIAN_POINT('Ctrl Pts',(-42.0285290609896,17.7666111300797,9.52617375245316));
#5929=CARTESIAN_POINT('Ctrl Pts',(-42.0285290609896,17.8358446845218,9.36085753872092));
#5930=CARTESIAN_POINT('Ctrl Pts',(-42.0385290609896,17.9886411914035,11.617337398073));
#5931=CARTESIAN_POINT('Ctrl Pts',(-42.0285290609896,17.9886411914035,11.617337398073));
#5932=CARTESIAN_POINT('Ctrl Pts',(-42.0385290609896,17.8748547178881,11.4361860599833));
#5933=CARTESIAN_POINT('Ctrl Pts',(-42.0285290609896,17.8748547178881,11.4361860599833));
#5934=CARTESIAN_POINT('Ctrl Pts',(-42.0385290609896,17.6422165905533,11.0658194710961));
#5935=CARTESIAN_POINT('Ctrl Pts',(-42.0285290609896,17.6422165905533,11.0658194710961));
#5936=CARTESIAN_POINT('Ctrl Pts',(-42.0385290609896,17.6132586408259,10.6290283843305));
#5937=CARTESIAN_POINT('Ctrl Pts',(-42.0285290609896,17.6132586408259,10.6290283843305));
#5938=CARTESIAN_POINT('Ctrl Pts',(-42.0385290609896,17.5984644183322,10.4058777613848));
#5939=CARTESIAN_POINT('Ctrl Pts',(-42.0285290609896,17.5984644183322,10.4058777613848));
#5940=CARTESIAN_POINT('',(-42.0385290609896,17.9886411914035,11.617337398073));
#5941=CARTESIAN_POINT('Ctrl Pts',(-42.0385290609896,17.9886411914035,11.617337398073));
#5942=CARTESIAN_POINT('Ctrl Pts',(-42.0385290609896,17.8748547178881,11.4361860599833));
#5943=CARTESIAN_POINT('Ctrl Pts',(-42.0385290609896,17.6422165905533,11.0658194710961));
#5944=CARTESIAN_POINT('Ctrl Pts',(-42.0385290609896,17.6132586408259,10.6290283843305));
#5945=CARTESIAN_POINT('Ctrl Pts',(-42.0385290609896,17.5984644183322,10.4058777613848));
#5946=CARTESIAN_POINT('',(-42.0285290609896,17.9886411914035,11.617337398073));
#5947=CARTESIAN_POINT('',(-42.0385290609896,17.9886411914035,11.617337398073));
#5948=CARTESIAN_POINT('Ctrl Pts',(-42.0285290609896,17.9886411914035,11.617337398073));
#5949=CARTESIAN_POINT('Ctrl Pts',(-42.0285290609896,17.8748547178881,11.4361860599833));
#5950=CARTESIAN_POINT('Ctrl Pts',(-42.0285290609896,17.6422165905533,11.0658194710961));
#5951=CARTESIAN_POINT('Ctrl Pts',(-42.0285290609896,17.6132586408259,10.6290283843305));
#5952=CARTESIAN_POINT('Ctrl Pts',(-42.0285290609896,17.5984644183322,10.4058777613848));
#5953=CARTESIAN_POINT('Ctrl Pts',(-42.0385290609896,19.1046034583255,12.3431216998308));
#5954=CARTESIAN_POINT('Ctrl Pts',(-42.0285290609896,19.1046034583255,12.3431216998308));
#5955=CARTESIAN_POINT('Ctrl Pts',(-42.0385290609896,18.8797654137854,12.2636390129279));
#5956=CARTESIAN_POINT('Ctrl Pts',(-42.0285290609896,18.8797654137854,12.2636390129279));
#5957=CARTESIAN_POINT('Ctrl Pts',(-42.0385290609896,18.4486526937584,12.1112359913847));
#5958=CARTESIAN_POINT('Ctrl Pts',(-42.0285290609896,18.4486526937584,12.1112359913847));
#5959=CARTESIAN_POINT('Ctrl Pts',(-42.0385290609896,18.1375125434829,11.7771754695126));
#5960=CARTESIAN_POINT('Ctrl Pts',(-42.0285290609896,18.1375125434829,11.7771754695126));
#5961=CARTESIAN_POINT('Ctrl Pts',(-42.0385290609896,17.9886411914035,11.617337398073));
#5962=CARTESIAN_POINT('Ctrl Pts',(-42.0285290609896,17.9886411914035,11.617337398073));
#5963=CARTESIAN_POINT('',(-42.0385290609896,19.1046034583255,12.3431216998308));
#5964=CARTESIAN_POINT('Ctrl Pts',(-42.0385290609896,19.1046034583255,12.3431216998308));
#5965=CARTESIAN_POINT('Ctrl Pts',(-42.0385290609896,18.8797654137854,12.2636390129279));
#5966=CARTESIAN_POINT('Ctrl Pts',(-42.0385290609896,18.4486526937584,12.1112359913847));
#5967=CARTESIAN_POINT('Ctrl Pts',(-42.0385290609896,18.1375125434829,11.7771754695126));
#5968=CARTESIAN_POINT('Ctrl Pts',(-42.0385290609896,17.9886411914035,11.617337398073));
#5969=CARTESIAN_POINT('',(-42.0285290609896,19.1046034583255,12.3431216998308));
#5970=CARTESIAN_POINT('',(-42.0385290609896,19.1046034583255,12.3431216998308));
#5971=CARTESIAN_POINT('Ctrl Pts',(-42.0285290609896,19.1046034583255,12.3431216998308));
#5972=CARTESIAN_POINT('Ctrl Pts',(-42.0285290609896,18.8797654137854,12.2636390129279));
#5973=CARTESIAN_POINT('Ctrl Pts',(-42.0285290609896,18.4486526937584,12.1112359913847));
#5974=CARTESIAN_POINT('Ctrl Pts',(-42.0285290609896,18.1375125434829,11.7771754695126));
#5975=CARTESIAN_POINT('Ctrl Pts',(-42.0285290609896,17.9886411914035,11.617337398073));
#5976=CARTESIAN_POINT('Ctrl Pts',(-42.0385290609896,18.2642208823367,13.0743634028643));
#5977=CARTESIAN_POINT('Ctrl Pts',(-42.0285290609896,18.2642208823367,13.0743634028643));
#5978=CARTESIAN_POINT('Ctrl Pts',(-42.0385290609896,18.3726114802475,12.9288294667737));
#5979=CARTESIAN_POINT('Ctrl Pts',(-42.0285290609896,18.3726114802475,12.9288294667737));
#5980=CARTESIAN_POINT('Ctrl Pts',(-42.0385290609896,18.599308761385,12.6244474607613));
#5981=CARTESIAN_POINT('Ctrl Pts',(-42.0285290609896,18.599308761385,12.6244474607613));
#5982=CARTESIAN_POINT('Ctrl Pts',(-42.0385290609896,18.931330841713,12.4395922367513));
#5983=CARTESIAN_POINT('Ctrl Pts',(-42.0285290609896,18.931330841713,12.4395922367513));
#5984=CARTESIAN_POINT('Ctrl Pts',(-42.0385290609896,19.1046034583255,12.3431216998308));
#5985=CARTESIAN_POINT('Ctrl Pts',(-42.0285290609896,19.1046034583255,12.3431216998308));
#5986=CARTESIAN_POINT('',(-42.0385290609896,18.2642208823367,13.0743634028643));
#5987=CARTESIAN_POINT('Ctrl Pts',(-42.0385290609896,18.2642208823367,13.0743634028643));
#5988=CARTESIAN_POINT('Ctrl Pts',(-42.0385290609896,18.3726114802475,12.9288294667737));
#5989=CARTESIAN_POINT('Ctrl Pts',(-42.0385290609896,18.599308761385,12.6244474607613));
#5990=CARTESIAN_POINT('Ctrl Pts',(-42.0385290609896,18.931330841713,12.4395922367513));
#5991=CARTESIAN_POINT('Ctrl Pts',(-42.0385290609896,19.1046034583255,12.3431216998308));
#5992=CARTESIAN_POINT('',(-42.0285290609896,18.2642208823367,13.0743634028643));
#5993=CARTESIAN_POINT('',(-42.0385290609896,18.2642208823367,13.0743634028643));
#5994=CARTESIAN_POINT('Ctrl Pts',(-42.0285290609896,18.2642208823367,13.0743634028643));
#5995=CARTESIAN_POINT('Ctrl Pts',(-42.0285290609896,18.3726114802475,12.9288294667737));
#5996=CARTESIAN_POINT('Ctrl Pts',(-42.0285290609896,18.599308761385,12.6244474607613));
#5997=CARTESIAN_POINT('Ctrl Pts',(-42.0285290609896,18.931330841713,12.4395922367513));
#5998=CARTESIAN_POINT('Ctrl Pts',(-42.0285290609896,19.1046034583255,12.3431216998308));
#5999=CARTESIAN_POINT('Ctrl Pts',(-42.0385290609896,17.9859136828586,14.0402572674959));
#6000=CARTESIAN_POINT('Ctrl Pts',(-42.0285290609896,17.9859136828586,14.0402572674959));
#6001=CARTESIAN_POINT('Ctrl Pts',(-42.0385290609896,17.9979417761373,13.871072020122));
#6002=CARTESIAN_POINT('Ctrl Pts',(-42.0285290609896,17.9979417761373,13.871072020122));
#6003=CARTESIAN_POINT('Ctrl Pts',(-42.0385290609896,18.022227424054,13.5294739583834));
#6004=CARTESIAN_POINT('Ctrl Pts',(-42.0285290609896,18.022227424054,13.5294739583834));
#6005=CARTESIAN_POINT('Ctrl Pts',(-42.0385290609896,18.1830498893868,13.2270194951225));
#6006=CARTESIAN_POINT('Ctrl Pts',(-42.0285290609896,18.1830498893868,13.2270194951225));
#6007=CARTESIAN_POINT('Ctrl Pts',(-42.0385290609896,18.2642208823367,13.0743634028643));
#6008=CARTESIAN_POINT('Ctrl Pts',(-42.0285290609896,18.2642208823367,13.0743634028643));
#6009=CARTESIAN_POINT('',(-42.0385290609896,17.9859136828586,14.0402572674959));
#6010=CARTESIAN_POINT('Ctrl Pts',(-42.0385290609896,17.9859136828586,14.0402572674959));
#6011=CARTESIAN_POINT('Ctrl Pts',(-42.0385290609896,17.9979417761373,13.871072020122));
#6012=CARTESIAN_POINT('Ctrl Pts',(-42.0385290609896,18.022227424054,13.5294739583834));
#6013=CARTESIAN_POINT('Ctrl Pts',(-42.0385290609896,18.1830498893868,13.2270194951225));
#6014=CARTESIAN_POINT('Ctrl Pts',(-42.0385290609896,18.2642208823367,13.0743634028643));
#6015=CARTESIAN_POINT('',(-42.0285290609896,17.9859136828586,14.0402572674959));
#6016=CARTESIAN_POINT('',(-42.0385290609896,17.9859136828586,14.0402572674959));
#6017=CARTESIAN_POINT('Ctrl Pts',(-42.0285290609896,17.9859136828586,14.0402572674959));
#6018=CARTESIAN_POINT('Ctrl Pts',(-42.0285290609896,17.9979417761373,13.871072020122));
#6019=CARTESIAN_POINT('Ctrl Pts',(-42.0285290609896,18.022227424054,13.5294739583834));
#6020=CARTESIAN_POINT('Ctrl Pts',(-42.0285290609896,18.1830498893868,13.2270194951225));
#6021=CARTESIAN_POINT('Ctrl Pts',(-42.0285290609896,18.2642208823367,13.0743634028643));
#6022=CARTESIAN_POINT('Ctrl Pts',(-42.0385290609896,18.2996916064426,15.0961916966646));
#6023=CARTESIAN_POINT('Ctrl Pts',(-42.0285290609896,18.2996916064426,15.0961916966646));
#6024=CARTESIAN_POINT('Ctrl Pts',(-42.0385290609896,18.2081836977908,14.9279094025326));
#6025=CARTESIAN_POINT('Ctrl Pts',(-42.0285290609896,18.2081836977908,14.9279094025326));
#6026=CARTESIAN_POINT('Ctrl Pts',(-42.0385290609896,18.0287531081063,14.5979380184801));
#6027=CARTESIAN_POINT('Ctrl Pts',(-42.0285290609896,18.0287531081063,14.5979380184801));
#6028=CARTESIAN_POINT('Ctrl Pts',(-42.0385290609896,18.0000019979616,14.2236580041143));
#6029=CARTESIAN_POINT('Ctrl Pts',(-42.0285290609896,18.0000019979616,14.2236580041143));
#6030=CARTESIAN_POINT('Ctrl Pts',(-42.0385290609896,17.9859136828586,14.0402572674959));
#6031=CARTESIAN_POINT('Ctrl Pts',(-42.0285290609896,17.9859136828586,14.0402572674959));
#6032=CARTESIAN_POINT('',(-42.0385290609896,18.2996916064426,15.0961916966646));
#6033=CARTESIAN_POINT('Ctrl Pts',(-42.0385290609896,18.2996916064426,15.0961916966646));
#6034=CARTESIAN_POINT('Ctrl Pts',(-42.0385290609896,18.2081836977908,14.9279094025326));
#6035=CARTESIAN_POINT('Ctrl Pts',(-42.0385290609896,18.0287531081063,14.5979380184801));
#6036=CARTESIAN_POINT('Ctrl Pts',(-42.0385290609896,18.0000019979616,14.2236580041143));
#6037=CARTESIAN_POINT('Ctrl Pts',(-42.0385290609896,17.9859136828586,14.0402572674959));
#6038=CARTESIAN_POINT('',(-42.0285290609896,18.2996916064426,15.0961916966646));
#6039=CARTESIAN_POINT('',(-42.0385290609896,18.2996916064426,15.0961916966646));
#6040=CARTESIAN_POINT('Ctrl Pts',(-42.0285290609896,18.2996916064426,15.0961916966646));
#6041=CARTESIAN_POINT('Ctrl Pts',(-42.0285290609896,18.2081836977908,14.9279094025326));
#6042=CARTESIAN_POINT('Ctrl Pts',(-42.0285290609896,18.0287531081063,14.5979380184801));
#6043=CARTESIAN_POINT('Ctrl Pts',(-42.0285290609896,18.0000019979616,14.2236580041143));
#6044=CARTESIAN_POINT('Ctrl Pts',(-42.0285290609896,17.9859136828586,14.0402572674959));
#6045=CARTESIAN_POINT('Ctrl Pts',(-42.0385290609896,19.1673588046237,15.8438044114321));
#6046=CARTESIAN_POINT('Ctrl Pts',(-42.0285290609896,19.1673588046237,15.8438044114321));
#6047=CARTESIAN_POINT('Ctrl Pts',(-42.0385290609896,18.9929801521743,15.7523392981911));
#6048=CARTESIAN_POINT('Ctrl Pts',(-42.0285290609896,18.9929801521743,15.7523392981911));
#6049=CARTESIAN_POINT('Ctrl Pts',(-42.0385290609896,18.6458388883548,15.5702567177843));
#6050=CARTESIAN_POINT('Ctrl Pts',(-42.0285290609896,18.6458388883548,15.5702567177843));
#6051=CARTESIAN_POINT('Ctrl Pts',(-42.0385290609896,18.4147153852517,15.2537221843494));
#6052=CARTESIAN_POINT('Ctrl Pts',(-42.0285290609896,18.4147153852517,15.2537221843494));
#6053=CARTESIAN_POINT('Ctrl Pts',(-42.0385290609896,18.2996916064426,15.0961916966646));
#6054=CARTESIAN_POINT('Ctrl Pts',(-42.0285290609896,18.2996916064426,15.0961916966646));
#6055=CARTESIAN_POINT('',(-42.0385290609896,19.1673588046237,15.8438044114321));
#6056=CARTESIAN_POINT('Ctrl Pts',(-42.0385290609896,19.1673588046237,15.8438044114321));
#6057=CARTESIAN_POINT('Ctrl Pts',(-42.0385290609896,18.9929801521743,15.7523392981911));
#6058=CARTESIAN_POINT('Ctrl Pts',(-42.0385290609896,18.6458388883548,15.5702567177843));
#6059=CARTESIAN_POINT('Ctrl Pts',(-42.0385290609896,18.4147153852517,15.2537221843494));
#6060=CARTESIAN_POINT('Ctrl Pts',(-42.0385290609896,18.2996916064426,15.0961916966646));
#6061=CARTESIAN_POINT('',(-42.0285290609896,19.1673588046237,15.8438044114321));
#6062=CARTESIAN_POINT('',(-42.0385290609896,19.1673588046237,15.8438044114321));
#6063=CARTESIAN_POINT('Ctrl Pts',(-42.0285290609896,19.1673588046237,15.8438044114321));
#6064=CARTESIAN_POINT('Ctrl Pts',(-42.0285290609896,18.9929801521743,15.7523392981911));
#6065=CARTESIAN_POINT('Ctrl Pts',(-42.0285290609896,18.6458388883548,15.5702567177843));
#6066=CARTESIAN_POINT('Ctrl Pts',(-42.0285290609896,18.4147153852517,15.2537221843494));
#6067=CARTESIAN_POINT('Ctrl Pts',(-42.0285290609896,18.2996916064426,15.0961916966646));
#6068=CARTESIAN_POINT('Ctrl Pts',(-42.0385290609896,20.6380277165576,16.0866420788973));
#6069=CARTESIAN_POINT('Ctrl Pts',(-42.0285290609896,20.6380277165576,16.0866420788973));
#6070=CARTESIAN_POINT('Ctrl Pts',(-42.0385290609896,20.3600052588839,16.0815634541826));
#6071=CARTESIAN_POINT('Ctrl Pts',(-42.0285290609896,20.3600052588839,16.0815634541826));
#6072=CARTESIAN_POINT('Ctrl Pts',(-42.0385290609896,19.8571417260901,16.0723776668646));
#6073=CARTESIAN_POINT('Ctrl Pts',(-42.0285290609896,19.8571417260901,16.0723776668646));
#6074=CARTESIAN_POINT('Ctrl Pts',(-42.0385290609896,19.3804831025536,15.9144273756627));
#6075=CARTESIAN_POINT('Ctrl Pts',(-42.0285290609896,19.3804831025536,15.9144273756627));
#6076=CARTESIAN_POINT('Ctrl Pts',(-42.0385290609896,19.1673588046237,15.8438044114321));
#6077=CARTESIAN_POINT('Ctrl Pts',(-42.0285290609896,19.1673588046237,15.8438044114321));
#6078=CARTESIAN_POINT('',(-42.0385290609896,20.6380277165576,16.0866420788973));
#6079=CARTESIAN_POINT('Ctrl Pts',(-42.0385290609896,20.6380277165576,16.0866420788973));
#6080=CARTESIAN_POINT('Ctrl Pts',(-42.0385290609896,20.3600052588839,16.0815634541826));
#6081=CARTESIAN_POINT('Ctrl Pts',(-42.0385290609896,19.8571417260901,16.0723776668646));
#6082=CARTESIAN_POINT('Ctrl Pts',(-42.0385290609896,19.3804831025536,15.9144273756627));
#6083=CARTESIAN_POINT('Ctrl Pts',(-42.0385290609896,19.1673588046237,15.8438044114321));
#6084=CARTESIAN_POINT('',(-42.0285290609896,20.6380277165576,16.0866420788973));
#6085=CARTESIAN_POINT('',(-42.0385290609896,20.6380277165576,16.0866420788973));
#6086=CARTESIAN_POINT('Ctrl Pts',(-42.0285290609896,20.6380277165576,16.0866420788973));
#6087=CARTESIAN_POINT('Ctrl Pts',(-42.0285290609896,20.3600052588839,16.0815634541826));
#6088=CARTESIAN_POINT('Ctrl Pts',(-42.0285290609896,19.8571417260901,16.0723776668646));
#6089=CARTESIAN_POINT('Ctrl Pts',(-42.0285290609896,19.3804831025536,15.9144273756627));
#6090=CARTESIAN_POINT('Ctrl Pts',(-42.0285290609896,19.1673588046237,15.8438044114321));
#6091=CARTESIAN_POINT('Origin',(-42.0385290609896,23.6393918880626,16.0866420788973));
#6092=CARTESIAN_POINT('',(-42.0385290609896,23.6393918880626,16.0866420788973));
#6093=CARTESIAN_POINT('',(-42.0385290609895,-7.91815902032575,16.0866420788973));
#6094=CARTESIAN_POINT('',(-42.0285290609896,23.6393918880626,16.0866420788973));
#6095=CARTESIAN_POINT('',(-42.0385290609896,23.6393918880626,16.0866420788973));
#6096=CARTESIAN_POINT('',(-42.0285290609896,23.6393918880626,16.0866420788973));
#6097=CARTESIAN_POINT('Origin',(-42.0385290609896,23.6393918880626,8.08664195968802));
#6098=CARTESIAN_POINT('',(-42.0385290609896,23.6393918880626,8.08664195968802));
#6099=CARTESIAN_POINT('',(-42.0385290609896,23.6393918880626,15.2143304578556));
#6100=CARTESIAN_POINT('',(-42.0285290609896,23.6393918880626,8.08664195968802));
#6101=CARTESIAN_POINT('',(-42.0385290609896,23.6393918880626,8.08664195968802));
#6102=CARTESIAN_POINT('',(-42.0285290609896,23.6393918880626,8.08664195968802));
#6103=CARTESIAN_POINT('Origin',(-42.0385290609896,20.5889143833324,8.08664195968802));
#6104=CARTESIAN_POINT('',(-42.0385290609895,-9.44339777269087,8.08664195968804));
#6105=CARTESIAN_POINT('',(-42.0285290609896,20.5889143833324,8.08664195968802));
#6106=CARTESIAN_POINT('Origin',(-42.0285290609896,20.6189281531974,12.0866420192927));
#6107=CARTESIAN_POINT('Origin',(-42.0385290609896,3.39654200554006,16.3078160804178));
#6108=CARTESIAN_POINT('',(-42.0285290609896,2.86719647652802,16.3078160804178));
#6109=CARTESIAN_POINT('',(-42.0385290609894,2.85714323903908,16.3078160804178));
#6110=CARTESIAN_POINT('',(-42.0335290609896,2.86216985778346,16.3078160804178));
#6111=CARTESIAN_POINT('',(-42.0285290609896,-0.150524668096377,16.3078160804178));
#6112=CARTESIAN_POINT('',(-42.0285290609896,3.39654200554006,16.3078160804178));
#6113=CARTESIAN_POINT('',(-42.0385290609896,-0.150524668096377,16.3078160804178));
#6114=CARTESIAN_POINT('',(-42.0385290609896,-0.150524668096377,16.3078160804178));
#6115=CARTESIAN_POINT('',(-42.0385290609895,-18.039583961587,16.3078160804179));
#6116=CARTESIAN_POINT('Origin',(-42.0385290609896,-0.194180898069216,15.4237778705027));
#6117=CARTESIAN_POINT('',(-42.0385290609896,-0.194180898069216,15.4237778705027));
#6118=CARTESIAN_POINT('',(-42.0385290609896,2.33787895023935,15.4237778705027));
#6119=CARTESIAN_POINT('',(-42.0385290609895,-19.8349454133917,15.4237778705027));
#6120=CARTESIAN_POINT('',(-42.0285290609896,-0.194180898069216,15.4237778705027));
#6121=CARTESIAN_POINT('',(-42.0385290609896,-0.194180898069216,15.4237778705027));
#6122=CARTESIAN_POINT('',(-42.0285290609896,2.33787895023935,15.4237778705027));
#6123=CARTESIAN_POINT('',(-42.0285290609896,-0.194180898069216,15.4237778705027));
#6124=CARTESIAN_POINT('',(-42.0385290609896,2.33787895023935,15.4237778705027));
#6125=CARTESIAN_POINT('Ctrl Pts',(-42.0385290609896,-1.49568169534094,15.058157018986));
#6126=CARTESIAN_POINT('Ctrl Pts',(-42.0285290609896,-1.49568169534094,15.058157018986));
#6127=CARTESIAN_POINT('Ctrl Pts',(-42.0385290609896,-1.32308456721536,15.164345485745));
#6128=CARTESIAN_POINT('Ctrl Pts',(-42.0285290609896,-1.32308456721536,15.164345485745));
#6129=CARTESIAN_POINT('Ctrl Pts',(-42.0385290609896,-0.926636506621688,
15.4082557533214));
#6130=CARTESIAN_POINT('Ctrl Pts',(-42.0285290609896,-0.926636506621688,
15.4082557533214));
#6131=CARTESIAN_POINT('Ctrl Pts',(-42.0385290609896,-0.458506445587275,
15.4181763131186));
#6132=CARTESIAN_POINT('Ctrl Pts',(-42.0285290609896,-0.458506445587275,
15.4181763131186));
#6133=CARTESIAN_POINT('Ctrl Pts',(-42.0385290609896,-0.194180898069216,
15.4237778705027));
#6134=CARTESIAN_POINT('Ctrl Pts',(-42.0285290609896,-0.194180898069216,
15.4237778705027));
#6135=CARTESIAN_POINT('',(-42.0385290609896,-1.49568169534094,15.058157018986));
#6136=CARTESIAN_POINT('Ctrl Pts',(-42.0385290609896,-1.49568169534094,15.058157018986));
#6137=CARTESIAN_POINT('Ctrl Pts',(-42.0385290609896,-1.32308456721536,15.164345485745));
#6138=CARTESIAN_POINT('Ctrl Pts',(-42.0385290609896,-0.926636506621688,
15.4082557533214));
#6139=CARTESIAN_POINT('Ctrl Pts',(-42.0385290609896,-0.458506445587275,
15.4181763131186));
#6140=CARTESIAN_POINT('Ctrl Pts',(-42.0385290609896,-0.194180898069216,
15.4237778705027));
#6141=CARTESIAN_POINT('',(-42.0285290609896,-1.49568169534094,15.058157018986));
#6142=CARTESIAN_POINT('',(-42.0385290609896,-1.49568169534094,15.058157018986));
#6143=CARTESIAN_POINT('Ctrl Pts',(-42.0285290609896,-1.49568169534094,15.058157018986));
#6144=CARTESIAN_POINT('Ctrl Pts',(-42.0285290609896,-1.32308456721536,15.164345485745));
#6145=CARTESIAN_POINT('Ctrl Pts',(-42.0285290609896,-0.926636506621688,
15.4082557533214));
#6146=CARTESIAN_POINT('Ctrl Pts',(-42.0285290609896,-0.458506445587275,
15.4181763131186));
#6147=CARTESIAN_POINT('Ctrl Pts',(-42.0285290609896,-0.194180898069216,
15.4237778705027));
#6148=CARTESIAN_POINT('Ctrl Pts',(-42.0385290609896,-1.90768747746833,14.1250057738688));
#6149=CARTESIAN_POINT('Ctrl Pts',(-42.0285290609896,-1.90768747746833,14.1250057738688));
#6150=CARTESIAN_POINT('Ctrl Pts',(-42.0385290609896,-1.89111429987118,14.3052392449783));
#6151=CARTESIAN_POINT('Ctrl Pts',(-42.0285290609896,-1.89111429987118,14.3052392449783));
#6152=CARTESIAN_POINT('Ctrl Pts',(-42.0385290609896,-1.8582485281414,14.6626548392318));
#6153=CARTESIAN_POINT('Ctrl Pts',(-42.0285290609896,-1.8582485281414,14.6626548392318));
#6154=CARTESIAN_POINT('Ctrl Pts',(-42.0385290609896,-1.61584749314852,14.9270754343917));
#6155=CARTESIAN_POINT('Ctrl Pts',(-42.0285290609896,-1.61584749314852,14.9270754343917));
#6156=CARTESIAN_POINT('Ctrl Pts',(-42.0385290609896,-1.49568169534094,15.058157018986));
#6157=CARTESIAN_POINT('Ctrl Pts',(-42.0285290609896,-1.49568169534094,15.058157018986));
#6158=CARTESIAN_POINT('',(-42.0385290609896,-1.90768747746833,14.1250057738688));
#6159=CARTESIAN_POINT('Ctrl Pts',(-42.0385290609896,-1.90768747746833,14.1250057738688));
#6160=CARTESIAN_POINT('Ctrl Pts',(-42.0385290609896,-1.89111429987118,14.3052392449783));
#6161=CARTESIAN_POINT('Ctrl Pts',(-42.0385290609896,-1.8582485281414,14.6626548392318));
#6162=CARTESIAN_POINT('Ctrl Pts',(-42.0385290609896,-1.61584749314852,14.9270754343917));
#6163=CARTESIAN_POINT('Ctrl Pts',(-42.0385290609896,-1.49568169534094,15.058157018986));
#6164=CARTESIAN_POINT('',(-42.0285290609896,-1.90768747746833,14.1250057738688));
#6165=CARTESIAN_POINT('',(-42.0385290609896,-1.90768747746833,14.1250057738688));
#6166=CARTESIAN_POINT('Ctrl Pts',(-42.0285290609896,-1.90768747746833,14.1250057738688));
#6167=CARTESIAN_POINT('Ctrl Pts',(-42.0285290609896,-1.89111429987118,14.3052392449783));
#6168=CARTESIAN_POINT('Ctrl Pts',(-42.0285290609896,-1.8582485281414,14.6626548392318));
#6169=CARTESIAN_POINT('Ctrl Pts',(-42.0285290609896,-1.61584749314852,14.9270754343917));
#6170=CARTESIAN_POINT('Ctrl Pts',(-42.0285290609896,-1.49568169534094,15.058157018986));
#6171=CARTESIAN_POINT('Ctrl Pts',(-42.0385290609896,-1.69486313283332,13.4074063819315));
#6172=CARTESIAN_POINT('Ctrl Pts',(-42.0285290609896,-1.69486313283332,13.4074063819315));
#6173=CARTESIAN_POINT('Ctrl Pts',(-42.0385290609896,-1.75693666310063,13.5196066413309));
#6174=CARTESIAN_POINT('Ctrl Pts',(-42.0285290609896,-1.75693666310063,13.5196066413309));
#6175=CARTESIAN_POINT('Ctrl Pts',(-42.0385290609896,-1.88063244979336,13.7431914655511));
#6176=CARTESIAN_POINT('Ctrl Pts',(-42.0285290609896,-1.88063244979336,13.7431914655511));
#6177=CARTESIAN_POINT('Ctrl Pts',(-42.0385290609896,-1.89869109576188,13.9980442604718));
#6178=CARTESIAN_POINT('Ctrl Pts',(-42.0285290609896,-1.89869109576188,13.9980442604718));
#6179=CARTESIAN_POINT('Ctrl Pts',(-42.0385290609896,-1.90768747746833,14.1250057738688));
#6180=CARTESIAN_POINT('Ctrl Pts',(-42.0285290609896,-1.90768747746833,14.1250057738688));
#6181=CARTESIAN_POINT('',(-42.0385290609896,-1.69486313283332,13.4074063819315));
#6182=CARTESIAN_POINT('Ctrl Pts',(-42.0385290609896,-1.69486313283332,13.4074063819315));
#6183=CARTESIAN_POINT('Ctrl Pts',(-42.0385290609896,-1.75693666310063,13.5196066413309));
#6184=CARTESIAN_POINT('Ctrl Pts',(-42.0385290609896,-1.88063244979336,13.7431914655511));
#6185=CARTESIAN_POINT('Ctrl Pts',(-42.0385290609896,-1.89869109576188,13.9980442604718));
#6186=CARTESIAN_POINT('Ctrl Pts',(-42.0385290609896,-1.90768747746833,14.1250057738688));
#6187=CARTESIAN_POINT('',(-42.0285290609896,-1.69486313283332,13.4074063819315));
#6188=CARTESIAN_POINT('',(-42.0385290609896,-1.69486313283332,13.4074063819315));
#6189=CARTESIAN_POINT('Ctrl Pts',(-42.0285290609896,-1.69486313283332,13.4074063819315));
#6190=CARTESIAN_POINT('Ctrl Pts',(-42.0285290609896,-1.75693666310063,13.5196066413309));
#6191=CARTESIAN_POINT('Ctrl Pts',(-42.0285290609896,-1.88063244979336,13.7431914655511));
#6192=CARTESIAN_POINT('Ctrl Pts',(-42.0285290609896,-1.89869109576188,13.9980442604718));
#6193=CARTESIAN_POINT('Ctrl Pts',(-42.0285290609896,-1.90768747746833,14.1250057738688));
#6194=CARTESIAN_POINT('Ctrl Pts',(-42.0385290609896,-1.07276230275519,12.9271884482767));
#6195=CARTESIAN_POINT('Ctrl Pts',(-42.0285290609896,-1.07276230275519,12.9271884482767));
#6196=CARTESIAN_POINT('Ctrl Pts',(-42.0385290609896,-1.19993301466531,12.9830884243679));
#6197=CARTESIAN_POINT('Ctrl Pts',(-42.0285290609896,-1.19993301466531,12.9830884243679));
#6198=CARTESIAN_POINT('Ctrl Pts',(-42.0385290609896,-1.44731231986172,13.0918280629075));
#6199=CARTESIAN_POINT('Ctrl Pts',(-42.0285290609896,-1.44731231986172,13.0918280629075));
#6200=CARTESIAN_POINT('Ctrl Pts',(-42.0385290609896,-1.61390906683434,13.3042059611393));
#6201=CARTESIAN_POINT('Ctrl Pts',(-42.0285290609896,-1.61390906683434,13.3042059611393));
#6202=CARTESIAN_POINT('Ctrl Pts',(-42.0385290609896,-1.69486313283332,13.4074063819315));
#6203=CARTESIAN_POINT('Ctrl Pts',(-42.0285290609896,-1.69486313283332,13.4074063819315));
#6204=CARTESIAN_POINT('',(-42.0385290609896,-1.07276230275519,12.9271884482767));
#6205=CARTESIAN_POINT('Ctrl Pts',(-42.0385290609896,-1.07276230275519,12.9271884482767));
#6206=CARTESIAN_POINT('Ctrl Pts',(-42.0385290609896,-1.19993301466531,12.9830884243679));
#6207=CARTESIAN_POINT('Ctrl Pts',(-42.0385290609896,-1.44731231986172,13.0918280629075));
#6208=CARTESIAN_POINT('Ctrl Pts',(-42.0385290609896,-1.61390906683434,13.3042059611393));
#6209=CARTESIAN_POINT('Ctrl Pts',(-42.0385290609896,-1.69486313283332,13.4074063819315));
#6210=CARTESIAN_POINT('',(-42.0285290609896,-1.07276230275519,12.9271884482767));
#6211=CARTESIAN_POINT('',(-42.0385290609896,-1.07276230275519,12.9271884482767));
#6212=CARTESIAN_POINT('Ctrl Pts',(-42.0285290609896,-1.07276230275519,12.9271884482767));
#6213=CARTESIAN_POINT('Ctrl Pts',(-42.0285290609896,-1.19993301466531,12.9830884243679));
#6214=CARTESIAN_POINT('Ctrl Pts',(-42.0285290609896,-1.44731231986172,13.0918280629075));
#6215=CARTESIAN_POINT('Ctrl Pts',(-42.0285290609896,-1.61390906683434,13.3042059611393));
#6216=CARTESIAN_POINT('Ctrl Pts',(-42.0285290609896,-1.69486313283332,13.4074063819315));
#6217=CARTESIAN_POINT('Ctrl Pts',(-42.0385290609896,0.062299378515408,12.7771200459864));
#6218=CARTESIAN_POINT('Ctrl Pts',(-42.0285290609896,0.062299378515408,12.7771200459864));
#6219=CARTESIAN_POINT('Ctrl Pts',(-42.0385290609896,-0.154705455296411,
12.7794832795074));
#6220=CARTESIAN_POINT('Ctrl Pts',(-42.0285290609896,-0.154705455296411,
12.7794832795074));
#6221=CARTESIAN_POINT('Ctrl Pts',(-42.0385290609896,-0.539621852138268,
12.7836751093198));
#6222=CARTESIAN_POINT('Ctrl Pts',(-42.0285290609896,-0.539621852138268,
12.7836751093198));
#6223=CARTESIAN_POINT('Ctrl Pts',(-42.0385290609896,-0.910830467038397,
12.8835988493254));
#6224=CARTESIAN_POINT('Ctrl Pts',(-42.0285290609896,-0.910830467038397,
12.8835988493254));
#6225=CARTESIAN_POINT('Ctrl Pts',(-42.0385290609896,-1.07276230275519,12.9271884482767));
#6226=CARTESIAN_POINT('Ctrl Pts',(-42.0285290609896,-1.07276230275519,12.9271884482767));
#6227=CARTESIAN_POINT('',(-42.0385290609896,0.062299378515408,12.7771200459864));
#6228=CARTESIAN_POINT('Ctrl Pts',(-42.0385290609896,0.062299378515408,12.7771200459864));
#6229=CARTESIAN_POINT('Ctrl Pts',(-42.0385290609896,-0.154705455296411,
12.7794832795074));
#6230=CARTESIAN_POINT('Ctrl Pts',(-42.0385290609896,-0.539621852138268,
12.7836751093198));
#6231=CARTESIAN_POINT('Ctrl Pts',(-42.0385290609896,-0.910830467038397,
12.8835988493254));
#6232=CARTESIAN_POINT('Ctrl Pts',(-42.0385290609896,-1.07276230275519,12.9271884482767));
#6233=CARTESIAN_POINT('',(-42.0285290609896,0.062299378515408,12.7771200459864));
#6234=CARTESIAN_POINT('',(-42.0385290609896,0.062299378515408,12.7771200459864));
#6235=CARTESIAN_POINT('Ctrl Pts',(-42.0285290609896,0.062299378515408,12.7771200459864));
#6236=CARTESIAN_POINT('Ctrl Pts',(-42.0285290609896,-0.154705455296411,
12.7794832795074));
#6237=CARTESIAN_POINT('Ctrl Pts',(-42.0285290609896,-0.539621852138268,
12.7836751093198));
#6238=CARTESIAN_POINT('Ctrl Pts',(-42.0285290609896,-0.910830467038397,
12.8835988493254));
#6239=CARTESIAN_POINT('Ctrl Pts',(-42.0285290609896,-1.07276230275519,12.9271884482767));
#6240=CARTESIAN_POINT('Origin',(-42.0385290609896,2.33787895023935,12.7771200459864));
#6241=CARTESIAN_POINT('',(-42.0385290609896,2.33787895023935,12.7771200459864));
#6242=CARTESIAN_POINT('',(-42.0385290609895,-18.5689154892374,12.7771200459864));
#6243=CARTESIAN_POINT('',(-42.0285290609896,2.33787895023935,12.7771200459864));
#6244=CARTESIAN_POINT('',(-42.0385290609896,2.33787895023935,12.7771200459864));
#6245=CARTESIAN_POINT('',(-42.0285290609896,2.33787895023935,12.7771200459864));
#6246=CARTESIAN_POINT('Origin',(-42.0385290609896,2.33787895023935,15.4237778705027));
#6247=CARTESIAN_POINT('',(-42.0385290609895,2.33787895023934,18.8828984132629));
#6248=CARTESIAN_POINT('',(-42.0285290609896,2.33787895023935,15.4237778705027));
#6249=CARTESIAN_POINT('Origin',(-42.0385290609896,2.33787895023935,11.8603398126032));
#6250=CARTESIAN_POINT('',(-42.0385290609896,2.33787895023935,11.8603398126032));
#6251=CARTESIAN_POINT('',(-42.0385290609896,2.33787895023935,8.30781596120855));
#6252=CARTESIAN_POINT('',(-42.0385290609895,2.33787895023934,17.1011793843132));
#6253=CARTESIAN_POINT('',(-42.0285290609896,2.33787895023935,11.8603398126032));
#6254=CARTESIAN_POINT('',(-42.0385290609896,2.33787895023935,11.8603398126032));
#6255=CARTESIAN_POINT('',(-42.0285290609896,2.33787895023935,8.30781596120855));
#6256=CARTESIAN_POINT('',(-42.0285290609896,2.33787895023935,11.8603398126032));
#6257=CARTESIAN_POINT('',(-42.0385290609896,2.33787895023935,8.30781596120855));
#6258=CARTESIAN_POINT('Origin',(-42.0385290609896,1.1100483018171,11.8603398126032));
#6259=CARTESIAN_POINT('',(-42.0385290609896,1.1100483018171,11.8603398126032));
#6260=CARTESIAN_POINT('',(-42.0385290609895,-19.1828308134485,11.8603398126032));
#6261=CARTESIAN_POINT('',(-42.0285290609896,1.1100483018171,11.8603398126032));
#6262=CARTESIAN_POINT('',(-42.0385290609896,1.1100483018171,11.8603398126032));
#6263=CARTESIAN_POINT('',(-42.0285290609896,1.1100483018171,11.8603398126032));
#6264=CARTESIAN_POINT('Ctrl Pts',(-42.0385290609896,0.520689495206997,11.8221406858828));
#6265=CARTESIAN_POINT('Ctrl Pts',(-42.0285290609896,0.520689495206997,11.8221406858828));
#6266=CARTESIAN_POINT('Ctrl Pts',(-42.0385290609896,0.599706168497272,11.8331844270857));
#6267=CARTESIAN_POINT('Ctrl Pts',(-42.0285290609896,0.599706168497272,11.8331844270857));
#6268=CARTESIAN_POINT('Ctrl Pts',(-42.0385290609896,0.795084276498461,11.8604913886629));
#6269=CARTESIAN_POINT('Ctrl Pts',(-42.0285290609896,0.795084276498461,11.8604913886629));
#6270=CARTESIAN_POINT('Ctrl Pts',(-42.0385290609896,0.992483280871884,11.8603963906286));
#6271=CARTESIAN_POINT('Ctrl Pts',(-42.0285290609896,0.992483280871884,11.8603963906286));
#6272=CARTESIAN_POINT('Ctrl Pts',(-42.0385290609896,1.1100483018171,11.8603398126032));
#6273=CARTESIAN_POINT('Ctrl Pts',(-42.0285290609896,1.1100483018171,11.8603398126032));
#6274=CARTESIAN_POINT('',(-42.0385290609896,0.520689495206997,11.8221406858828));
#6275=CARTESIAN_POINT('Ctrl Pts',(-42.0385290609896,0.520689495206997,11.8221406858828));
#6276=CARTESIAN_POINT('Ctrl Pts',(-42.0385290609896,0.599706168497272,11.8331844270857));
#6277=CARTESIAN_POINT('Ctrl Pts',(-42.0385290609896,0.795084276498461,11.8604913886629));
#6278=CARTESIAN_POINT('Ctrl Pts',(-42.0385290609896,0.992483280871884,11.8603963906286));
#6279=CARTESIAN_POINT('Ctrl Pts',(-42.0385290609896,1.1100483018171,11.8603398126032));
#6280=CARTESIAN_POINT('',(-42.0285290609896,0.520689495206997,11.8221406858828));
#6281=CARTESIAN_POINT('',(-42.0385290609896,0.520689495206997,11.8221406858828));
#6282=CARTESIAN_POINT('Ctrl Pts',(-42.0285290609896,0.520689495206997,11.8221406858828));
#6283=CARTESIAN_POINT('Ctrl Pts',(-42.0285290609896,0.599706168497272,11.8331844270857));
#6284=CARTESIAN_POINT('Ctrl Pts',(-42.0285290609896,0.795084276498461,11.8604913886629));
#6285=CARTESIAN_POINT('Ctrl Pts',(-42.0285290609896,0.992483280871884,11.8603963906286));
#6286=CARTESIAN_POINT('Ctrl Pts',(-42.0285290609896,1.1100483018171,11.8603398126032));
#6287=CARTESIAN_POINT('Ctrl Pts',(-42.0385290609896,0.0377425628911709,
11.609316639271));
#6288=CARTESIAN_POINT('Ctrl Pts',(-42.0285290609896,0.0377425628911709,
11.609316639271));
#6289=CARTESIAN_POINT('Ctrl Pts',(-42.0385290609896,0.115992272329007,11.6560792360699));
#6290=CARTESIAN_POINT('Ctrl Pts',(-42.0285290609896,0.115992272329007,11.6560792360699));
#6291=CARTESIAN_POINT('Ctrl Pts',(-42.0385290609896,0.268206992780425,11.7470438626539));
#6292=CARTESIAN_POINT('Ctrl Pts',(-42.0285290609896,0.268206992780425,11.7470438626539));
#6293=CARTESIAN_POINT('Ctrl Pts',(-42.0385290609896,0.438122985149893,11.7975826173006));
#6294=CARTESIAN_POINT('Ctrl Pts',(-42.0285290609896,0.438122985149893,11.7975826173006));
#6295=CARTESIAN_POINT('Ctrl Pts',(-42.0385290609896,0.520689495206997,11.8221406858828));
#6296=CARTESIAN_POINT('Ctrl Pts',(-42.0285290609896,0.520689495206997,11.8221406858828));
#6297=CARTESIAN_POINT('',(-42.0385290609896,0.0377425628911709,11.609316639271));
#6298=CARTESIAN_POINT('Ctrl Pts',(-42.0385290609896,0.0377425628911709,
11.609316639271));
#6299=CARTESIAN_POINT('Ctrl Pts',(-42.0385290609896,0.115992272329007,11.6560792360699));
#6300=CARTESIAN_POINT('Ctrl Pts',(-42.0385290609896,0.268206992780425,11.7470438626539));
#6301=CARTESIAN_POINT('Ctrl Pts',(-42.0385290609896,0.438122985149893,11.7975826173006));
#6302=CARTESIAN_POINT('Ctrl Pts',(-42.0385290609896,0.520689495206997,11.8221406858828));
#6303=CARTESIAN_POINT('',(-42.0285290609896,0.0377425628911709,11.609316639271));
#6304=CARTESIAN_POINT('',(-42.0385290609896,0.0377425628911709,11.609316639271));
#6305=CARTESIAN_POINT('Ctrl Pts',(-42.0285290609896,0.0377425628911709,
11.609316639271));
#6306=CARTESIAN_POINT('Ctrl Pts',(-42.0285290609896,0.115992272329007,11.6560792360699));
#6307=CARTESIAN_POINT('Ctrl Pts',(-42.0285290609896,0.268206992780425,11.7470438626539));
#6308=CARTESIAN_POINT('Ctrl Pts',(-42.0285290609896,0.438122985149893,11.7975826173006));
#6309=CARTESIAN_POINT('Ctrl Pts',(-42.0285290609896,0.520689495206997,11.8221406858828));
#6310=CARTESIAN_POINT('Ctrl Pts',(-42.0385290609896,-0.499774507879093,
11.0745276730921));
#6311=CARTESIAN_POINT('Ctrl Pts',(-42.0285290609896,-0.499774507879093,
11.0745276730921));
#6312=CARTESIAN_POINT('Ctrl Pts',(-42.0385290609896,-0.409468821131007,
11.187390321469));
#6313=CARTESIAN_POINT('Ctrl Pts',(-42.0285290609896,-0.409468821131007,
11.187390321469));
#6314=CARTESIAN_POINT('Ctrl Pts',(-42.0385290609896,-0.250353607924657,
11.3862500500886));
#6315=CARTESIAN_POINT('Ctrl Pts',(-42.0285290609896,-0.250353607924657,
11.3862500500886));
#6316=CARTESIAN_POINT('Ctrl Pts',(-42.0385290609896,-0.049232467188699,
11.5419737681422));
#6317=CARTESIAN_POINT('Ctrl Pts',(-42.0285290609896,-0.049232467188699,
11.5419737681422));
#6318=CARTESIAN_POINT('Ctrl Pts',(-42.0385290609896,0.0377425628911709,
11.609316639271));
#6319=CARTESIAN_POINT('Ctrl Pts',(-42.0285290609896,0.0377425628911709,
11.609316639271));
#6320=CARTESIAN_POINT('',(-42.0385290609896,-0.499774507879093,11.0745276730921));
#6321=CARTESIAN_POINT('Ctrl Pts',(-42.0385290609896,-0.499774507879093,
11.0745276730921));
#6322=CARTESIAN_POINT('Ctrl Pts',(-42.0385290609896,-0.409468821131007,
11.187390321469));
#6323=CARTESIAN_POINT('Ctrl Pts',(-42.0385290609896,-0.250353607924657,
11.3862500500886));
#6324=CARTESIAN_POINT('Ctrl Pts',(-42.0385290609896,-0.049232467188699,
11.5419737681422));
#6325=CARTESIAN_POINT('Ctrl Pts',(-42.0385290609896,0.0377425628911709,
11.609316639271));
#6326=CARTESIAN_POINT('',(-42.0285290609896,-0.499774507879094,11.0745276730921));
#6327=CARTESIAN_POINT('',(-42.0385290609896,-0.499774507879093,11.0745276730921));
#6328=CARTESIAN_POINT('Ctrl Pts',(-42.0285290609896,-0.499774507879093,
11.0745276730921));
#6329=CARTESIAN_POINT('Ctrl Pts',(-42.0285290609896,-0.409468821131007,
11.187390321469));
#6330=CARTESIAN_POINT('Ctrl Pts',(-42.0285290609896,-0.250353607924657,
11.3862500500886));
#6331=CARTESIAN_POINT('Ctrl Pts',(-42.0285290609896,-0.049232467188699,
11.5419737681422));
#6332=CARTESIAN_POINT('Ctrl Pts',(-42.0285290609896,0.0377425628911709,
11.609316639271));
#6333=CARTESIAN_POINT('Ctrl Pts',(-42.0385290609896,-1.26375823438056,9.97220890935919));
#6334=CARTESIAN_POINT('Ctrl Pts',(-42.0285290609896,-1.26375823438056,9.97220890935919));
#6335=CARTESIAN_POINT('Ctrl Pts',(-42.0385290609896,-1.12541143427723,10.1859555091549));
#6336=CARTESIAN_POINT('Ctrl Pts',(-42.0285290609896,-1.12541143427723,10.1859555091549));
#6337=CARTESIAN_POINT('Ctrl Pts',(-42.0385290609896,-0.882349821756146,
10.56148709484));
#6338=CARTESIAN_POINT('Ctrl Pts',(-42.0285290609896,-0.882349821756146,
10.56148709484));
#6339=CARTESIAN_POINT('Ctrl Pts',(-42.0385290609896,-0.614967198802137,
10.9200521420844));
#6340=CARTESIAN_POINT('Ctrl Pts',(-42.0285290609896,-0.614967198802137,
10.9200521420844));
#6341=CARTESIAN_POINT('Ctrl Pts',(-42.0385290609896,-0.499774507879093,
11.0745276730921));
#6342=CARTESIAN_POINT('Ctrl Pts',(-42.0285290609896,-0.499774507879093,
11.0745276730921));
#6343=CARTESIAN_POINT('',(-42.0385290609896,-1.26375823438056,9.97220890935919));
#6344=CARTESIAN_POINT('Ctrl Pts',(-42.0385290609896,-1.26375823438056,9.97220890935919));
#6345=CARTESIAN_POINT('Ctrl Pts',(-42.0385290609896,-1.12541143427723,10.1859555091549));
#6346=CARTESIAN_POINT('Ctrl Pts',(-42.0385290609896,-0.882349821756146,
10.56148709484));
#6347=CARTESIAN_POINT('Ctrl Pts',(-42.0385290609896,-0.614967198802137,
10.9200521420844));
#6348=CARTESIAN_POINT('Ctrl Pts',(-42.0385290609896,-0.499774507879093,
11.0745276730921));
#6349=CARTESIAN_POINT('',(-42.0285290609896,-1.26375823438056,9.97220890935919));
#6350=CARTESIAN_POINT('',(-42.0385290609896,-1.26375823438056,9.97220890935919));
#6351=CARTESIAN_POINT('Ctrl Pts',(-42.0285290609896,-1.26375823438056,9.97220890935919));
#6352=CARTESIAN_POINT('Ctrl Pts',(-42.0285290609896,-1.12541143427723,10.1859555091549));
#6353=CARTESIAN_POINT('Ctrl Pts',(-42.0285290609896,-0.882349821756146,
10.56148709484));
#6354=CARTESIAN_POINT('Ctrl Pts',(-42.0285290609896,-0.614967198802137,
10.9200521420844));
#6355=CARTESIAN_POINT('Ctrl Pts',(-42.0285290609896,-0.499774507879093,
11.0745276730921));
#6356=CARTESIAN_POINT('Origin',(-42.0385290609896,-2.32242136418708,8.30781596120855));
#6357=CARTESIAN_POINT('',(-42.0385290609896,-2.32242136418708,8.30781596120855));
#6358=CARTESIAN_POINT('',(-42.0385290609895,-4.49559274732496,4.89123232531817));
#6359=CARTESIAN_POINT('',(-42.0285290609896,-2.32242136418708,8.30781596120855));
#6360=CARTESIAN_POINT('',(-42.0385290609896,-2.32242136418708,8.30781596120855));
#6361=CARTESIAN_POINT('',(-42.0285290609896,-2.32242136418708,8.30781596120855));
#6362=CARTESIAN_POINT('Origin',(-42.0385290609896,-3.65393548428901,8.30781596120855));
#6363=CARTESIAN_POINT('',(-42.0385290609896,-3.65393548428901,8.30781596120855));
#6364=CARTESIAN_POINT('',(-42.0385290609895,-21.5648227065016,8.30781596120857));
#6365=CARTESIAN_POINT('',(-42.0285290609896,-3.65393548428901,8.30781596120855));
#6366=CARTESIAN_POINT('',(-42.0385290609896,-3.65393548428901,8.30781596120855));
#6367=CARTESIAN_POINT('',(-42.0285290609896,-3.65393548428901,8.30781596120855));
#6368=CARTESIAN_POINT('Origin',(-42.0385290609896,-2.26239412248023,10.4851694625284));
#6369=CARTESIAN_POINT('',(-42.0385290609896,-2.26239412248023,10.4851694625284));
#6370=CARTESIAN_POINT('',(-42.0385290609895,-4.96819089158291,6.25139227791943));
#6371=CARTESIAN_POINT('',(-42.0285290609896,-2.26239412248023,10.4851694625284));
#6372=CARTESIAN_POINT('',(-42.0385290609896,-2.26239412248023,10.4851694625284));
#6373=CARTESIAN_POINT('',(-42.0285290609896,-2.26239412248023,10.4851694625284));
#6374=CARTESIAN_POINT('Ctrl Pts',(-42.0385290609896,-1.38381271779425,11.5492893975641));
#6375=CARTESIAN_POINT('Ctrl Pts',(-42.0285290609896,-1.38381271779425,11.5492893975641));
#6376=CARTESIAN_POINT('Ctrl Pts',(-42.0385290609896,-1.53938390126548,11.3938650291461));
#6377=CARTESIAN_POINT('Ctrl Pts',(-42.0285290609896,-1.53938390126548,11.3938650291461));
#6378=CARTESIAN_POINT('Ctrl Pts',(-42.0385290609896,-1.86619507360407,11.0673622738202));
#6379=CARTESIAN_POINT('Ctrl Pts',(-42.0285290609896,-1.86619507360407,11.0673622738202));
#6380=CARTESIAN_POINT('Ctrl Pts',(-42.0385290609896,-2.12617293477225,10.6853390400531));
#6381=CARTESIAN_POINT('Ctrl Pts',(-42.0285290609896,-2.12617293477225,10.6853390400531));
#6382=CARTESIAN_POINT('Ctrl Pts',(-42.0385290609896,-2.26239412248023,10.4851694625284));
#6383=CARTESIAN_POINT('Ctrl Pts',(-42.0285290609896,-2.26239412248023,10.4851694625284));
#6384=CARTESIAN_POINT('',(-42.0385290609896,-1.38381271779425,11.5492893975641));
#6385=CARTESIAN_POINT('Ctrl Pts',(-42.0385290609896,-1.38381271779425,11.5492893975641));
#6386=CARTESIAN_POINT('Ctrl Pts',(-42.0385290609896,-1.53938390126548,11.3938650291461));
#6387=CARTESIAN_POINT('Ctrl Pts',(-42.0385290609896,-1.86619507360407,11.0673622738202));
#6388=CARTESIAN_POINT('Ctrl Pts',(-42.0385290609896,-2.12617293477225,10.6853390400531));
#6389=CARTESIAN_POINT('Ctrl Pts',(-42.0385290609896,-2.26239412248023,10.4851694625284));
#6390=CARTESIAN_POINT('',(-42.0285290609896,-1.38381271779425,11.5492893975641));
#6391=CARTESIAN_POINT('',(-42.0385290609896,-1.38381271779425,11.5492893975641));
#6392=CARTESIAN_POINT('Ctrl Pts',(-42.0285290609896,-1.38381271779425,11.5492893975641));
#6393=CARTESIAN_POINT('Ctrl Pts',(-42.0285290609896,-1.53938390126548,11.3938650291461));
#6394=CARTESIAN_POINT('Ctrl Pts',(-42.0285290609896,-1.86619507360407,11.0673622738202));
#6395=CARTESIAN_POINT('Ctrl Pts',(-42.0285290609896,-2.12617293477225,10.6853390400531));
#6396=CARTESIAN_POINT('Ctrl Pts',(-42.0285290609896,-2.26239412248023,10.4851694625284));
#6397=CARTESIAN_POINT('Ctrl Pts',(-42.0385290609896,-0.74534087598212,11.9476522725489));
#6398=CARTESIAN_POINT('Ctrl Pts',(-42.0285290609896,-0.74534087598212,11.9476522725489));
#6399=CARTESIAN_POINT('Ctrl Pts',(-42.0385290609896,-0.871457243486367,
11.8853368623954));
#6400=CARTESIAN_POINT('Ctrl Pts',(-42.0285290609896,-0.871457243486367,
11.8853368623954));
#6401=CARTESIAN_POINT('Ctrl Pts',(-42.0385290609896,-1.09763568049556,11.7735797419754));
#6402=CARTESIAN_POINT('Ctrl Pts',(-42.0285290609896,-1.09763568049556,11.7735797419754));
#6403=CARTESIAN_POINT('Ctrl Pts',(-42.0385290609896,-1.29603861854806,11.618082069178));
#6404=CARTESIAN_POINT('Ctrl Pts',(-42.0285290609896,-1.29603861854806,11.618082069178));
#6405=CARTESIAN_POINT('Ctrl Pts',(-42.0385290609896,-1.38381271779425,11.5492893975641));
#6406=CARTESIAN_POINT('Ctrl Pts',(-42.0285290609896,-1.38381271779425,11.5492893975641));
#6407=CARTESIAN_POINT('',(-42.0385290609896,-0.74534087598212,11.9476522725489));
#6408=CARTESIAN_POINT('Ctrl Pts',(-42.0385290609896,-0.74534087598212,11.9476522725489));
#6409=CARTESIAN_POINT('Ctrl Pts',(-42.0385290609896,-0.871457243486367,
11.8853368623954));
#6410=CARTESIAN_POINT('Ctrl Pts',(-42.0385290609896,-1.09763568049556,11.7735797419754));
#6411=CARTESIAN_POINT('Ctrl Pts',(-42.0385290609896,-1.29603861854806,11.618082069178));
#6412=CARTESIAN_POINT('Ctrl Pts',(-42.0385290609896,-1.38381271779425,11.5492893975641));
#6413=CARTESIAN_POINT('',(-42.0285290609896,-0.74534087598212,11.9476522725489));
#6414=CARTESIAN_POINT('',(-42.0385290609896,-0.74534087598212,11.9476522725489));
#6415=CARTESIAN_POINT('Ctrl Pts',(-42.0285290609896,-0.74534087598212,11.9476522725489));
#6416=CARTESIAN_POINT('Ctrl Pts',(-42.0285290609896,-0.871457243486367,
11.8853368623954));
#6417=CARTESIAN_POINT('Ctrl Pts',(-42.0285290609896,-1.09763568049556,11.7735797419754));
#6418=CARTESIAN_POINT('Ctrl Pts',(-42.0285290609896,-1.29603861854806,11.618082069178));
#6419=CARTESIAN_POINT('Ctrl Pts',(-42.0285290609896,-1.38381271779425,11.5492893975641));
#6420=CARTESIAN_POINT('Ctrl Pts',(-42.0385290609896,-2.44793265282996,12.6898075860407));
#6421=CARTESIAN_POINT('Ctrl Pts',(-42.0285290609896,-2.44793265282996,12.6898075860407));
#6422=CARTESIAN_POINT('Ctrl Pts',(-42.0385290609896,-2.22311808341383,12.5110795724672));
#6423=CARTESIAN_POINT('Ctrl Pts',(-42.0285290609896,-2.22311808341383,12.5110795724672));
#6424=CARTESIAN_POINT('Ctrl Pts',(-42.0385290609896,-1.72383118402482,12.1141455305016));
#6425=CARTESIAN_POINT('Ctrl Pts',(-42.0285290609896,-1.72383118402482,12.1141455305016));
#6426=CARTESIAN_POINT('Ctrl Pts',(-42.0385290609896,-1.09243659324529,12.0067117198562));
#6427=CARTESIAN_POINT('Ctrl Pts',(-42.0285290609896,-1.09243659324529,12.0067117198562));
#6428=CARTESIAN_POINT('Ctrl Pts',(-42.0385290609896,-0.74534087598212,11.9476522725489));
#6429=CARTESIAN_POINT('Ctrl Pts',(-42.0285290609896,-0.74534087598212,11.9476522725489));
#6430=CARTESIAN_POINT('',(-42.0385290609896,-2.44793265282996,12.6898075860407));
#6431=CARTESIAN_POINT('Ctrl Pts',(-42.0385290609896,-2.44793265282996,12.6898075860407));
#6432=CARTESIAN_POINT('Ctrl Pts',(-42.0385290609896,-2.22311808341383,12.5110795724672));
#6433=CARTESIAN_POINT('Ctrl Pts',(-42.0385290609896,-1.72383118402482,12.1141455305016));
#6434=CARTESIAN_POINT('Ctrl Pts',(-42.0385290609896,-1.09243659324529,12.0067117198562));
#6435=CARTESIAN_POINT('Ctrl Pts',(-42.0385290609896,-0.74534087598212,11.9476522725489));
#6436=CARTESIAN_POINT('',(-42.0285290609896,-2.44793265282996,12.6898075860407));
#6437=CARTESIAN_POINT('',(-42.0385290609896,-2.44793265282996,12.6898075860407));
#6438=CARTESIAN_POINT('Ctrl Pts',(-42.0285290609896,-2.44793265282996,12.6898075860407));
#6439=CARTESIAN_POINT('Ctrl Pts',(-42.0285290609896,-2.22311808341383,12.5110795724672));
#6440=CARTESIAN_POINT('Ctrl Pts',(-42.0285290609896,-1.72383118402482,12.1141455305016));
#6441=CARTESIAN_POINT('Ctrl Pts',(-42.0285290609896,-1.09243659324529,12.0067117198562));
#6442=CARTESIAN_POINT('Ctrl Pts',(-42.0285290609896,-0.74534087598212,11.9476522725489));
#6443=CARTESIAN_POINT('Ctrl Pts',(-42.0385290609896,-2.99909263074286,14.1250057738688));
#6444=CARTESIAN_POINT('Ctrl Pts',(-42.0285290609896,-2.99909263074286,14.1250057738688));
#6445=CARTESIAN_POINT('Ctrl Pts',(-42.0385290609896,-2.97766022172898,13.8540243933647));
#6446=CARTESIAN_POINT('Ctrl Pts',(-42.0285290609896,-2.97766022172898,13.8540243933647));
#6447=CARTESIAN_POINT('Ctrl Pts',(-42.0385290609896,-2.93548202537462,13.3207429564589));
#6448=CARTESIAN_POINT('Ctrl Pts',(-42.0285290609896,-2.93548202537462,13.3207429564589));
#6449=CARTESIAN_POINT('Ctrl Pts',(-42.0385290609896,-2.60867574325234,12.8978244700918));
#6450=CARTESIAN_POINT('Ctrl Pts',(-42.0285290609896,-2.60867574325234,12.8978244700918));
#6451=CARTESIAN_POINT('Ctrl Pts',(-42.0385290609896,-2.44793265282996,12.6898075860407));
#6452=CARTESIAN_POINT('Ctrl Pts',(-42.0285290609896,-2.44793265282996,12.6898075860407));
#6453=CARTESIAN_POINT('',(-42.0385290609896,-2.99909263074286,14.1250057738688));
#6454=CARTESIAN_POINT('Ctrl Pts',(-42.0385290609896,-2.99909263074286,14.1250057738688));
#6455=CARTESIAN_POINT('Ctrl Pts',(-42.0385290609896,-2.97766022172898,13.8540243933647));
#6456=CARTESIAN_POINT('Ctrl Pts',(-42.0385290609896,-2.93548202537462,13.3207429564589));
#6457=CARTESIAN_POINT('Ctrl Pts',(-42.0385290609896,-2.60867574325234,12.8978244700918));
#6458=CARTESIAN_POINT('Ctrl Pts',(-42.0385290609896,-2.44793265282996,12.6898075860407));
#6459=CARTESIAN_POINT('',(-42.0285290609896,-2.99909263074286,14.1250057738688));
#6460=CARTESIAN_POINT('',(-42.0385290609896,-2.99909263074286,14.1250057738688));
#6461=CARTESIAN_POINT('Ctrl Pts',(-42.0285290609896,-2.99909263074286,14.1250057738688));
#6462=CARTESIAN_POINT('Ctrl Pts',(-42.0285290609896,-2.97766022172898,13.8540243933647));
#6463=CARTESIAN_POINT('Ctrl Pts',(-42.0285290609896,-2.93548202537462,13.3207429564589));
#6464=CARTESIAN_POINT('Ctrl Pts',(-42.0285290609896,-2.60867574325234,12.8978244700918));
#6465=CARTESIAN_POINT('Ctrl Pts',(-42.0285290609896,-2.44793265282996,12.6898075860407));
#6466=CARTESIAN_POINT('Ctrl Pts',(-42.0385290609896,-2.66621380269416,15.3310080092814));
#6467=CARTESIAN_POINT('Ctrl Pts',(-42.0285290609896,-2.66621380269416,15.3310080092814));
#6468=CARTESIAN_POINT('Ctrl Pts',(-42.0385290609896,-2.76330128693127,15.1434031763998));
#6469=CARTESIAN_POINT('Ctrl Pts',(-42.0285290609896,-2.76330128693127,15.1434031763998));
#6470=CARTESIAN_POINT('Ctrl Pts',(-42.0385290609896,-2.95915713107008,14.7649455080683));
#6471=CARTESIAN_POINT('Ctrl Pts',(-42.0285290609896,-2.95915713107008,14.7649455080683));
#6472=CARTESIAN_POINT('Ctrl Pts',(-42.0385290609896,-2.9857048514958,14.3395360029403));
#6473=CARTESIAN_POINT('Ctrl Pts',(-42.0285290609896,-2.9857048514958,14.3395360029403));
#6474=CARTESIAN_POINT('Ctrl Pts',(-42.0385290609896,-2.99909263074286,14.1250057738688));
#6475=CARTESIAN_POINT('Ctrl Pts',(-42.0285290609896,-2.99909263074286,14.1250057738688));
#6476=CARTESIAN_POINT('',(-42.0385290609896,-2.66621380269416,15.3310080092814));
#6477=CARTESIAN_POINT('Ctrl Pts',(-42.0385290609896,-2.66621380269416,15.3310080092814));
#6478=CARTESIAN_POINT('Ctrl Pts',(-42.0385290609896,-2.76330128693127,15.1434031763998));
#6479=CARTESIAN_POINT('Ctrl Pts',(-42.0385290609896,-2.95915713107008,14.7649455080683));
#6480=CARTESIAN_POINT('Ctrl Pts',(-42.0385290609896,-2.9857048514958,14.3395360029403));
#6481=CARTESIAN_POINT('Ctrl Pts',(-42.0385290609896,-2.99909263074286,14.1250057738688));
#6482=CARTESIAN_POINT('',(-42.0285290609896,-2.66621380269416,15.3310080092814));
#6483=CARTESIAN_POINT('',(-42.0385290609896,-2.66621380269416,15.3310080092814));
#6484=CARTESIAN_POINT('Ctrl Pts',(-42.0285290609896,-2.66621380269416,15.3310080092814));
#6485=CARTESIAN_POINT('Ctrl Pts',(-42.0285290609896,-2.76330128693127,15.1434031763998));
#6486=CARTESIAN_POINT('Ctrl Pts',(-42.0285290609896,-2.95915713107008,14.7649455080683));
#6487=CARTESIAN_POINT('Ctrl Pts',(-42.0285290609896,-2.9857048514958,14.3395360029403));
#6488=CARTESIAN_POINT('Ctrl Pts',(-42.0285290609896,-2.99909263074286,14.1250057738688));
#6489=CARTESIAN_POINT('Ctrl Pts',(-42.0385290609896,-1.77671878754981,16.092263035145));
#6490=CARTESIAN_POINT('Ctrl Pts',(-42.0285290609896,-1.77671878754981,16.092263035145));
#6491=CARTESIAN_POINT('Ctrl Pts',(-42.0385290609896,-1.95392063816239,16.0050208689277));
#6492=CARTESIAN_POINT('Ctrl Pts',(-42.0285290609896,-1.95392063816239,16.0050208689277));
#6493=CARTESIAN_POINT('Ctrl Pts',(-42.0385290609896,-2.31502330960457,15.8272384181545));
#6494=CARTESIAN_POINT('Ctrl Pts',(-42.0285290609896,-2.31502330960457,15.8272384181545));
#6495=CARTESIAN_POINT('Ctrl Pts',(-42.0385290609896,-2.54771140617278,15.4984513024096));
#6496=CARTESIAN_POINT('Ctrl Pts',(-42.0285290609896,-2.54771140617278,15.4984513024096));
#6497=CARTESIAN_POINT('Ctrl Pts',(-42.0385290609896,-2.66621380269416,15.3310080092814));
#6498=CARTESIAN_POINT('Ctrl Pts',(-42.0285290609896,-2.66621380269416,15.3310080092814));
#6499=CARTESIAN_POINT('',(-42.0385290609896,-1.77671878754981,16.092263035145));
#6500=CARTESIAN_POINT('Ctrl Pts',(-42.0385290609896,-1.77671878754981,16.092263035145));
#6501=CARTESIAN_POINT('Ctrl Pts',(-42.0385290609896,-1.95392063816239,16.0050208689277));
#6502=CARTESIAN_POINT('Ctrl Pts',(-42.0385290609896,-2.31502330960457,15.8272384181545));
#6503=CARTESIAN_POINT('Ctrl Pts',(-42.0385290609896,-2.54771140617278,15.4984513024096));
#6504=CARTESIAN_POINT('Ctrl Pts',(-42.0385290609896,-2.66621380269416,15.3310080092814));
#6505=CARTESIAN_POINT('',(-42.0285290609896,-1.77671878754981,16.092263035145));
#6506=CARTESIAN_POINT('',(-42.0385290609896,-1.77671878754981,16.092263035145));
#6507=CARTESIAN_POINT('Ctrl Pts',(-42.0285290609896,-1.77671878754981,16.092263035145));
#6508=CARTESIAN_POINT('Ctrl Pts',(-42.0285290609896,-1.95392063816239,16.0050208689277));
#6509=CARTESIAN_POINT('Ctrl Pts',(-42.0285290609896,-2.31502330960457,15.8272384181545));
#6510=CARTESIAN_POINT('Ctrl Pts',(-42.0285290609896,-2.54771140617278,15.4984513024096));
#6511=CARTESIAN_POINT('Ctrl Pts',(-42.0285290609896,-2.66621380269416,15.3310080092814));
#6512=CARTESIAN_POINT('Ctrl Pts',(-42.0385290609896,-0.150524668096377,
16.3078160804178));
#6513=CARTESIAN_POINT('Ctrl Pts',(-42.0285290609896,-0.150524668096377,
16.3078160804178));
#6514=CARTESIAN_POINT('Ctrl Pts',(-42.0385290609896,-0.466563727979917,
16.305384244128));
#6515=CARTESIAN_POINT('Ctrl Pts',(-42.0285290609896,-0.466563727979917,
16.305384244128));
#6516=CARTESIAN_POINT('Ctrl Pts',(-42.0385290609896,-1.01846570861381,16.3011375055589));
#6517=CARTESIAN_POINT('Ctrl Pts',(-42.0285290609896,-1.01846570861381,16.3011375055589));
#6518=CARTESIAN_POINT('Ctrl Pts',(-42.0385290609896,-1.5496919353106,16.1548016714506));
#6519=CARTESIAN_POINT('Ctrl Pts',(-42.0285290609896,-1.5496919353106,16.1548016714506));
#6520=CARTESIAN_POINT('Ctrl Pts',(-42.0385290609896,-1.77671878754981,16.092263035145));
#6521=CARTESIAN_POINT('Ctrl Pts',(-42.0285290609896,-1.77671878754981,16.092263035145));
#6522=CARTESIAN_POINT('Ctrl Pts',(-42.0385290609896,-0.150524668096377,
16.3078160804178));
#6523=CARTESIAN_POINT('Ctrl Pts',(-42.0385290609896,-0.466563727979917,
16.305384244128));
#6524=CARTESIAN_POINT('Ctrl Pts',(-42.0385290609896,-1.01846570861381,16.3011375055589));
#6525=CARTESIAN_POINT('Ctrl Pts',(-42.0385290609896,-1.5496919353106,16.1548016714506));
#6526=CARTESIAN_POINT('Ctrl Pts',(-42.0385290609896,-1.77671878754981,16.092263035145));
#6527=CARTESIAN_POINT('Ctrl Pts',(-42.0285290609896,-0.150524668096377,
16.3078160804178));
#6528=CARTESIAN_POINT('Ctrl Pts',(-42.0285290609896,-0.466563727979917,
16.305384244128));
#6529=CARTESIAN_POINT('Ctrl Pts',(-42.0285290609896,-1.01846570861381,16.3011375055589));
#6530=CARTESIAN_POINT('Ctrl Pts',(-42.0285290609896,-1.5496919353106,16.1548016714506));
#6531=CARTESIAN_POINT('Ctrl Pts',(-42.0285290609896,-1.77671878754981,16.092263035145));
#6532=CARTESIAN_POINT('Origin',(-42.0385290609896,3.39654200554006,8.30781596120855));
#6533=CARTESIAN_POINT('',(-42.0385290609894,3.39654200554006,14.261290395448));
#6534=CARTESIAN_POINT('',(-42.0285290609896,3.39654200554006,14.2786019957713));
#6535=CARTESIAN_POINT('Ctrl Pts',(-42.0385290609896,3.39654200554006,14.2612903954477));
#6536=CARTESIAN_POINT('Ctrl Pts',(-42.0335040450037,3.39654200554006,14.2699606460279));
#6537=CARTESIAN_POINT('Ctrl Pts',(-42.0285290609896,3.39654200554006,14.2786019957713));
#6538=CARTESIAN_POINT('',(-42.0385290609896,3.39654200554006,8.30781596120855));
#6539=CARTESIAN_POINT('',(-42.0385290609895,3.39654200554006,15.3249174586158));
#6540=CARTESIAN_POINT('',(-42.0285290609896,3.39654200554006,8.30781596120855));
#6541=CARTESIAN_POINT('',(-42.0385290609896,3.39654200554006,8.30781596120855));
#6542=CARTESIAN_POINT('',(-42.0285290609896,3.39654200554006,8.30781596120855));
#6543=CARTESIAN_POINT('Origin',(-42.0385290609896,2.33787895023935,8.30781596120855));
#6544=CARTESIAN_POINT('',(-42.0385290609895,-18.5689154892374,8.30781596120857));
#6545=CARTESIAN_POINT('',(-42.0285290609896,2.33787895023934,8.30781596120855));
#6546=CARTESIAN_POINT('Origin',(-42.0285290609896,-0.128696739374473,12.3078160208132));
#6547=CARTESIAN_POINT('Origin',(-42.0285290609896,5.84130966546962,16.));
#6548=CARTESIAN_POINT('Origin',(-42.0385290609894,-39.4757099287141,22.3420189560231));
#6549=CARTESIAN_POINT('Origin',(-42.0385290609894,-39.4757099287141,22.3420189560231));
#6550=CARTESIAN_POINT('Origin',(-42.0385290609894,-39.4757099287141,22.3420189560231));
#6551=CARTESIAN_POINT('Origin',(33.957647307312,111.674290071286,22.3420189560231));
#6552=CARTESIAN_POINT('',(33.957647307312,111.674290071286,22.3420189560231));
#6553=CARTESIAN_POINT('',(33.957647307312,110.524290071286,22.3420189560231));
#6554=CARTESIAN_POINT('',(33.957647307312,113.024290071286,22.3420189560231));
#6555=CARTESIAN_POINT('',(33.957647307312,110.524290071286,23.3420189560231));
#6556=CARTESIAN_POINT('',(33.957647307312,110.524290071286,22.3420189560231));
#6557=CARTESIAN_POINT('',(33.957647307312,111.674290071286,23.3420189560231));
#6558=CARTESIAN_POINT('',(33.957647307312,110.524290071286,23.3420189560231));
#6559=CARTESIAN_POINT('',(33.957647307312,111.674290071286,22.3420189560231));
#6560=CARTESIAN_POINT('Origin',(41.8638509390105,111.674290071286,22.3420189560231));
#6561=CARTESIAN_POINT('',(41.8638509390105,111.674290071286,22.3420189560231));
#6562=CARTESIAN_POINT('',(42.4138509390106,111.674290071286,22.3420189560231));
#6563=CARTESIAN_POINT('',(41.8638509390105,111.674290071286,23.3420189560231));
#6564=CARTESIAN_POINT('',(33.957647307312,111.674290071286,23.3420189560231));
#6565=CARTESIAN_POINT('',(41.8638509390105,111.674290071286,22.3420189560231));
#6566=CARTESIAN_POINT('Origin',(41.8638509390105,-40.4757099287141,22.3420189560231));
#6567=CARTESIAN_POINT('',(41.8638509390105,-40.4757099287141,22.3420189560231));
#6568=CARTESIAN_POINT('',(41.8638509390106,-39.975709928714,22.3420189560231));
#6569=CARTESIAN_POINT('',(41.8638509390105,-40.4757099287141,23.3420189560231));
#6570=CARTESIAN_POINT('',(41.8638509390105,-40.4757099287141,23.3420189560231));
#6571=CARTESIAN_POINT('',(41.8638509390105,-40.4757099287141,22.3420189560231));
#6572=CARTESIAN_POINT('Origin',(-40.9385290609895,-40.4757099287141,22.3420189560231));
#6573=CARTESIAN_POINT('',(-40.9385290609895,-40.4757099287141,22.3420189560231));
#6574=CARTESIAN_POINT('',(1.0126609390106,-40.4757099287141,22.3420189560231));
#6575=CARTESIAN_POINT('',(-40.9385290609895,-40.4757099287141,23.3420189560231));
#6576=CARTESIAN_POINT('',(-40.9385290609895,-40.4757099287141,23.3420189560231));
#6577=CARTESIAN_POINT('',(-40.9385290609895,-40.4757099287141,22.3420189560231));
#6578=CARTESIAN_POINT('Origin',(-40.9385290609896,-3.71724824391907,22.3420189560231));
#6579=CARTESIAN_POINT('',(-40.9385290609896,-3.71724824391907,22.3420189560231));
#6580=CARTESIAN_POINT('',(-40.9385290609895,-21.5964790863166,22.3420189560231));
#6581=CARTESIAN_POINT('',(-40.9385290609896,-3.71724824391908,23.3420189560231));
#6582=CARTESIAN_POINT('',(-40.9385290609896,-3.71724824391907,23.3420189560231));
#6583=CARTESIAN_POINT('',(-40.9385290609896,-3.71724824391907,22.3420189560231));
#6584=CARTESIAN_POINT('Origin',(-40.0385290609896,-3.71724824391908,22.3420189560231));
#6585=CARTESIAN_POINT('',(-40.0385290609896,-3.71724824391907,22.3420189560231));
#6586=CARTESIAN_POINT('',(-42.0385290609896,-3.71724824391907,22.3420189560231));
#6587=CARTESIAN_POINT('',(-40.0385290609896,-3.71724824391908,23.3420189560231));
#6588=CARTESIAN_POINT('',(-40.0385290609896,-3.71724824391908,23.3420189560231));
#6589=CARTESIAN_POINT('',(-40.0385290609896,-3.71724824391908,22.3420189560231));
#6590=CARTESIAN_POINT('Origin',(0.462660939010497,35.599290071286,23.3420189560231));
#6591=CARTESIAN_POINT('',(40.9638509390106,110.524290071286,23.3420189560231));
#6592=CARTESIAN_POINT('',(33.957647307312,110.524290071286,23.3420189560231));
#6593=CARTESIAN_POINT('',(40.9638509390105,-39.475709928714,23.3420189560231));
#6594=CARTESIAN_POINT('',(40.9638509390106,110.524290071286,23.3420189560231));
#6595=CARTESIAN_POINT('',(-40.0385290609895,-39.475709928714,23.3420189560231));
#6596=CARTESIAN_POINT('',(40.9638509390105,-39.475709928714,23.3420189560231));
#6597=CARTESIAN_POINT('',(-40.0385290609895,-39.475709928714,23.3420189560231));
#6598=CARTESIAN_POINT('Origin',(0.47917437932202,111.674290071286,22.3420189560231));
#6599=CARTESIAN_POINT('',(-40.9385290609895,111.674290071286,22.3420189560231));
#6600=CARTESIAN_POINT('',(0.47917437932202,111.674290071286,22.3420189560231));
#6601=CARTESIAN_POINT('',(21.7215126591664,111.674290071286,22.3420189560231));
#6602=CARTESIAN_POINT('',(-40.9385290609895,111.674290071286,23.3420189560231));
#6603=CARTESIAN_POINT('',(-40.9385290609895,111.674290071286,22.3420189560231));
#6604=CARTESIAN_POINT('',(0.479174379322016,111.674290071286,23.3420189560231));
#6605=CARTESIAN_POINT('',(0.47917437932202,111.674290071286,23.3420189560231));
#6606=CARTESIAN_POINT('',(0.47917437932202,111.674290071286,22.3420189560231));
#6607=CARTESIAN_POINT('Origin',(0.47917437932202,110.524290071286,22.3420189560231));
#6608=CARTESIAN_POINT('',(0.47917437932202,110.524290071286,22.3420189560231));
#6609=CARTESIAN_POINT('',(0.479174379322021,113.024290071286,22.3420189560231));
#6610=CARTESIAN_POINT('',(0.479174379322016,110.524290071286,23.3420189560231));
#6611=CARTESIAN_POINT('',(0.47917437932202,110.524290071286,23.3420189560231));
#6612=CARTESIAN_POINT('',(0.47917437932202,110.524290071286,22.3420189560231));
#6613=CARTESIAN_POINT('Origin',(-41.0385290609896,34.7801289017262,22.3420189560231));
#6614=CARTESIAN_POINT('',(-41.0385290609896,34.7801289017262,22.3420189560231));
#6615=CARTESIAN_POINT('',(-40.0385290609896,34.7801289017262,22.3420189560231));
#6616=CARTESIAN_POINT('',(-42.0385290609896,34.7801289017262,22.3420189560231));
#6617=CARTESIAN_POINT('',(-40.0385290609896,34.7801289017262,23.3420189560231));
#6618=CARTESIAN_POINT('',(-40.0385290609896,34.7801289017262,22.3420189560231));
#6619=CARTESIAN_POINT('',(-41.0385290609896,34.7801289017262,23.3420189560231));
#6620=CARTESIAN_POINT('',(-42.0385290609896,34.7801289017262,23.3420189560231));
#6621=CARTESIAN_POINT('',(-41.0385290609896,34.7801289017262,22.3420189560231));
#6622=CARTESIAN_POINT('Origin',(-40.9385290609895,111.674290071286,22.3420189560231));
#6623=CARTESIAN_POINT('',(-41.036742389636,36.1539748518846,22.3420189560231));
#6624=CARTESIAN_POINT('',(-40.9385290609895,111.674290071286,23.3420189560231));
#6625=CARTESIAN_POINT('Origin',(-20.2796773408338,73.2272094865061,23.3420189560231));
#6626=CARTESIAN_POINT('',(-40.0385290609895,110.524290071286,23.3420189560231));
#6627=CARTESIAN_POINT('',(-40.0385290609896,34.7801289017262,23.3420189560231));
#6628=CARTESIAN_POINT('',(-40.0385290609895,110.524290071286,23.3420189560231));
#6629=CARTESIAN_POINT('Origin',(42.9638509390107,-39.4757099287139,22.3420189560231));
#6630=CARTESIAN_POINT('',(0.47917437932202,113.024290071286,22.3420189560231));
#6631=CARTESIAN_POINT('',(0.479174379322021,113.024290071286,22.3420189560231));
#6632=CARTESIAN_POINT('',(-42.0385290609895,113.024290071286,22.3420189560231));
#6633=CARTESIAN_POINT('',(-42.0385290609895,113.024290071286,22.3420189560231));
#6634=CARTESIAN_POINT('',(-42.0385290609896,34.7801289017262,22.3420189560231));
#6635=CARTESIAN_POINT('',(-42.0385290609894,-39.4757099287141,22.3420189560231));
#6636=CARTESIAN_POINT('',(-42.0385290609896,34.7801289017262,22.3420189560231));
#6637=CARTESIAN_POINT('Origin',(-33.0385290609895,109.524290071286,0.926502739005786));
#6638=CARTESIAN_POINT('',(-33.0385290609895,110.524290071286,-5.54533599999999));
#6639=CARTESIAN_POINT('',(-34.0385290609895,109.524290071286,-5.54533599999999));
#6640=CARTESIAN_POINT('Origin',(-33.0385290609895,109.524290071286,-5.54533599999999));
#6641=CARTESIAN_POINT('',(-33.0385290609895,110.524290071286,21.454664));
#6642=CARTESIAN_POINT('',(-33.0385290609895,110.524290071286,0.926502739005786));
#6643=CARTESIAN_POINT('',(-34.0385290609895,109.524290071286,21.454664));
#6644=CARTESIAN_POINT('Origin',(-33.0385290609895,109.524290071286,21.454664));
#6645=CARTESIAN_POINT('',(-34.0385290609895,109.524290071286,0.926502739005786));
#6646=CARTESIAN_POINT('Origin',(-40.0385290609895,-39.475709928714,-5.54533599999999));
#6647=CARTESIAN_POINT('',(-34.0385290609895,106.524290071286,-5.54533599999999));
#6648=CARTESIAN_POINT('',(-34.0385290609895,33.024290071286,-5.54533599999999));
#6649=CARTESIAN_POINT('',(-35.0385290609895,105.524290071286,-5.54533599999999));
#6650=CARTESIAN_POINT('Origin',(-35.0385290609895,106.524290071286,-5.54533599999999));
#6651=CARTESIAN_POINT('',(-36.2377513556375,105.524290071286,-5.54533599999999));
#6652=CARTESIAN_POINT('',(-38.1381402083135,105.524290071286,-5.54533599999999));
#6653=CARTESIAN_POINT('',(-36.2377513556375,107.823987328425,-5.54533599999999));
#6654=CARTESIAN_POINT('',(-36.2377513556375,34.1741386998553,-5.54533599999999));
#6655=CARTESIAN_POINT('',(-40.0385290609895,107.823987328425,-5.54533599999999));
#6656=CARTESIAN_POINT('',(-40.0385290609895,107.823987328425,-5.54533599999999));
#6657=CARTESIAN_POINT('',(-40.0385290609895,44.9611547326856,-5.54533599999999));
#6658=CARTESIAN_POINT('',(-40.0385290609895,-39.475709928714,-5.54533599999999));
#6659=CARTESIAN_POINT('',(-36.0385290609895,44.9611547326856,-5.54533599999999));
#6660=CARTESIAN_POINT('',(-38.0385290609895,44.9611547326856,-5.54533599999999));
#6661=CARTESIAN_POINT('',(-36.0385290609895,47.9611547326856,-5.54533599999999));
#6662=CARTESIAN_POINT('',(-36.0385290609895,4.24272240198583,-5.54533599999999));
#6663=CARTESIAN_POINT('',(-35.0385290609895,47.9611547326856,-5.54533599999999));
#6664=CARTESIAN_POINT('',(-37.0385290609895,47.9611547326856,-5.54533599999999));
#6665=CARTESIAN_POINT('',(-34.0385290609895,46.9611547326856,-5.54533599999999));
#6666=CARTESIAN_POINT('Origin',(-35.0385290609895,46.9611547326856,-5.54533599999999));
#6667=CARTESIAN_POINT('',(-34.0385290609895,43.9611547326856,-5.54533599999999));
#6668=CARTESIAN_POINT('',(-34.0385290609895,1.74272240198583,-5.54533599999999));
#6669=CARTESIAN_POINT('',(-35.0385290609895,42.9611547326856,-5.54533599999999));
#6670=CARTESIAN_POINT('Origin',(-35.0385290609895,43.9611547326856,-5.54533599999999));
#6671=CARTESIAN_POINT('',(-39.0385290609895,42.9611547326856,-5.54533599999999));
#6672=CARTESIAN_POINT('',(-40.0385290609895,42.9611547326856,-5.54533599999999));
#6673=CARTESIAN_POINT('',(-40.0385290609895,41.9611547326856,-5.54533599999999));
#6674=CARTESIAN_POINT('Origin',(-39.0385290609895,41.9611547326856,-5.54533599999999));
#6675=CARTESIAN_POINT('',(-40.0385290609895,-39.475709928714,-5.54533599999999));
#6676=CARTESIAN_POINT('',(-40.0385290609895,-39.475709928714,-5.54533599999999));
#6677=CARTESIAN_POINT('',(40.9638509390105,-39.475709928714,-5.54533599999999));
#6678=CARTESIAN_POINT('',(-19.7879340609894,-39.475709928714,-5.54533599999999));
#6679=CARTESIAN_POINT('',(40.9638509390105,110.524290071286,-5.54533599999999));
#6680=CARTESIAN_POINT('',(40.9638509390105,-39.475709928714,-5.54533599999999));
#6681=CARTESIAN_POINT('',(-40.0385290609895,110.524290071286,-5.54533599999999));
#6682=CARTESIAN_POINT('',(39.4638509390106,100.524290071286,-5.54533599999999));
#6683=CARTESIAN_POINT('Origin',(36.4638509390106,100.524290071286,-5.54533599999999));
#6684=CARTESIAN_POINT('',(39.4638509390105,52.5242897136583,-5.54533599999999));
#6685=CARTESIAN_POINT('Origin',(36.4638509390105,52.5242897136583,-5.54533599999999));
#6686=CARTESIAN_POINT('',(40.6190509390106,-24.9723099287139,-5.54533599999999));
#6687=CARTESIAN_POINT('Origin',(37.6190509390106,-24.9723099287139,-5.54533599999999));
#6688=CARTESIAN_POINT('',(-33.6683290609894,-24.972309928714,-5.54533599999999));
#6689=CARTESIAN_POINT('Origin',(-36.6683290609894,-24.972309928714,-5.54533599999999));
#6690=CARTESIAN_POINT('',(-33.6683290609895,31.3826700712858,-5.54533599999999));
#6691=CARTESIAN_POINT('Origin',(-36.6683290609895,31.3826700712858,-5.54533599999999));
#6692=CARTESIAN_POINT('',(40.6190509390105,31.3826700712859,-5.54533599999999));
#6693=CARTESIAN_POINT('Origin',(37.6190509390105,31.3826700712859,-5.54533599999999));
#6694=CARTESIAN_POINT('',(0.963850939010551,100.524290071286,-5.54533599999999));
#6695=CARTESIAN_POINT('Origin',(-2.03614906098945,100.524290071286,-5.54533599999999));
#6696=CARTESIAN_POINT('',(0.963850939010524,52.5242897136583,-5.54533599999999));
#6697=CARTESIAN_POINT('Origin',(-2.03614906098948,52.5242897136583,-5.54533599999999));
#6698=CARTESIAN_POINT('Origin',(-34.0385290609895,105.524290071286,-5.54533599999999));
#6699=CARTESIAN_POINT('',(-34.0385290609895,106.524290071286,21.454664));
#6700=CARTESIAN_POINT('',(-34.0385290609895,105.524290071286,21.454664));
#6701=CARTESIAN_POINT('',(-34.0385290609895,106.524290071286,-5.54533599999999));
#6702=CARTESIAN_POINT('Origin',(-35.0385290609895,106.524290071286,-5.54533599999999));
#6703=CARTESIAN_POINT('',(-35.0385290609895,105.524290071286,21.454664));
#6704=CARTESIAN_POINT('Origin',(-35.0385290609895,106.524290071286,21.454664));
#6705=CARTESIAN_POINT('',(-35.0385290609895,105.524290071286,-5.54533599999999));
#6706=CARTESIAN_POINT('Origin',(-35.0385290609895,46.9611547326856,-5.54533599999999));
#6707=CARTESIAN_POINT('',(-35.0385290609895,47.9611547326856,21.454664));
#6708=CARTESIAN_POINT('',(-34.0385290609895,46.9611547326856,21.454664));
#6709=CARTESIAN_POINT('Origin',(-35.0385290609895,46.9611547326856,21.454664));
#6710=CARTESIAN_POINT('',(-34.0385290609895,46.9611547326856,-5.54533599999999));
#6711=CARTESIAN_POINT('',(-35.0385290609895,47.9611547326856,-5.54533599999999));
#6712=CARTESIAN_POINT('Origin',(-34.0385290609895,42.9611547326856,-5.54533599999999));
#6713=CARTESIAN_POINT('',(-34.0385290609895,43.9611547326856,21.454664));
#6714=CARTESIAN_POINT('',(-34.0385290609895,47.9611547326856,21.454664));
#6715=CARTESIAN_POINT('',(-34.0385290609895,43.9611547326856,-5.54533599999999));
#6716=CARTESIAN_POINT('Origin',(-37.0385290609895,45.4611547326856,21.454664));
#6717=CARTESIAN_POINT('',(-36.0385290609895,47.9611547326856,21.454664));
#6718=CARTESIAN_POINT('',(-36.0385290609895,47.9611547326856,21.454664));
#6719=CARTESIAN_POINT('',(-36.0385290609895,44.9611547326856,21.454664));
#6720=CARTESIAN_POINT('',(-36.0385290609895,44.9611547326856,21.454664));
#6721=CARTESIAN_POINT('',(-40.0385290609895,44.9611547326856,21.454664));
#6722=CARTESIAN_POINT('',(-40.0385290609895,44.9611547326856,21.454664));
#6723=CARTESIAN_POINT('',(-40.0385290609895,41.9611547326856,21.454664));
#6724=CARTESIAN_POINT('',(-40.0385290609895,2.99272240198583,21.454664));
#6725=CARTESIAN_POINT('',(-39.0385290609895,42.9611547326856,21.454664));
#6726=CARTESIAN_POINT('Origin',(-39.0385290609895,41.9611547326856,21.454664));
#6727=CARTESIAN_POINT('',(-35.0385290609895,42.9611547326856,21.454664));
#6728=CARTESIAN_POINT('',(-34.0385290609895,42.9611547326856,21.454664));
#6729=CARTESIAN_POINT('Origin',(-35.0385290609895,43.9611547326856,21.454664));
#6730=CARTESIAN_POINT('Origin',(-35.0385290609895,43.9611547326856,-5.54533599999999));
#6731=CARTESIAN_POINT('',(-35.0385290609895,42.9611547326856,-5.54533599999999));
#6732=CARTESIAN_POINT('Origin',(-39.0385290609895,41.9611547326856,8.39834147801156));
#6733=CARTESIAN_POINT('',(-39.0385290609895,42.9611547326856,8.39834147801156));
#6734=CARTESIAN_POINT('',(-40.0385290609895,41.9611547326856,8.39834147801156));
#6735=CARTESIAN_POINT('Origin',(-40.0385290609895,-39.475709928714,22.3420189560231));
#6736=CARTESIAN_POINT('',(-40.0385290609895,44.9611547326856,8.39834147801156));
#6737=CARTESIAN_POINT('',(-40.0385290609895,107.823987328425,21.454664));
#6738=CARTESIAN_POINT('',(-40.0385290609895,107.823987328425,8.39834147801156));
#6739=CARTESIAN_POINT('',(-40.0385290609895,110.524290071286,21.454664));
#6740=CARTESIAN_POINT('',(-40.0385290609895,34.274290071286,21.454664));
#6741=CARTESIAN_POINT('',(-40.0385290609895,110.524290071286,22.3420189560231));
#6742=CARTESIAN_POINT('',(-40.0385290609896,26.2827517559715,22.3420189560231));
#6743=CARTESIAN_POINT('Origin',(-40.0385290609895,30.5314403288489,22.447590783238));
#6744=CARTESIAN_POINT('',(-40.0385290609896,24.7801289018267,22.3420189560231));
#6745=CARTESIAN_POINT('',(-40.0385290609895,-39.475709928714,22.3420189560231));
#6746=CARTESIAN_POINT('',(-40.0385290609896,16.2827517560808,22.3420189560231));
#6747=CARTESIAN_POINT('Origin',(-40.0385290609895,20.5314403289537,22.4475907834155));
#6748=CARTESIAN_POINT('',(-40.0385290609896,14.7801289018267,22.3420189560231));
#6749=CARTESIAN_POINT('',(-40.0385290609895,-39.475709928714,22.3420189560231));
#6750=CARTESIAN_POINT('',(-40.0385290609896,6.28275175608085,22.3420189560231));
#6751=CARTESIAN_POINT('Origin',(-40.0385290609895,10.5314403289538,22.4475907834155));
#6752=CARTESIAN_POINT('',(-40.0385290609896,4.7801289018268,22.3420189560231));
#6753=CARTESIAN_POINT('',(-40.0385290609895,-39.475709928714,22.3420189560231));
#6754=CARTESIAN_POINT('Origin',(-40.0385290609895,0.531440328953861,22.4475907834155));
#6755=CARTESIAN_POINT('',(-40.0385290609895,-39.475709928714,22.3420189560231));
#6756=CARTESIAN_POINT('',(-40.0385290609895,7.34130966546962,16.));
#6757=CARTESIAN_POINT('Origin',(-40.0385290609895,5.84130966546962,16.));
#6758=CARTESIAN_POINT('Origin',(-36.0385290609895,44.9611547326856,-5.54533599999999));
#6759=CARTESIAN_POINT('',(-36.0385290609895,44.9611547326856,-5.54533599999999));
#6760=CARTESIAN_POINT('Origin',(-36.0385290609895,47.9611547326856,-5.54533599999999));
#6761=CARTESIAN_POINT('',(-36.0385290609895,47.9611547326856,-5.54533599999999));
#6762=CARTESIAN_POINT('Origin',(-34.0385290609895,47.9611547326856,-5.54533599999999));
#6763=CARTESIAN_POINT('Origin',(-40.0385290609895,42.9611547326856,-5.54533599999999));
#6764=CARTESIAN_POINT('Origin',(-36.2377513556375,105.524290071286,-5.54533599999999));
#6765=CARTESIAN_POINT('',(-36.2377513556375,105.524290071286,21.454664));
#6766=CARTESIAN_POINT('',(-36.2377513556375,105.524290071286,21.454664));
#6767=CARTESIAN_POINT('',(-36.2377513556375,105.524290071286,-5.54533599999999));
#6768=CARTESIAN_POINT('Origin',(-36.2377513556375,107.823987328425,-5.54533599999999));
#6769=CARTESIAN_POINT('',(-36.2377513556375,107.823987328425,21.454664));
#6770=CARTESIAN_POINT('',(-36.2377513556375,107.823987328425,21.454664));
#6771=CARTESIAN_POINT('',(-36.2377513556375,107.823987328425,-5.54533599999999));
#6772=CARTESIAN_POINT('Origin',(-40.0385290609895,107.823987328425,-5.54533599999999));
#6773=CARTESIAN_POINT('',(-40.0385290609895,107.823987328425,21.454664));
#6774=CARTESIAN_POINT('Origin',(-37.0385290609895,108.024290071286,21.454664));
#6775=CARTESIAN_POINT('',(-18.2879340609895,110.524290071286,21.454664));
#6776=CARTESIAN_POINT('Origin',(32.3625076893283,-43.475709928714,14.6048000190077));
#6777=CARTESIAN_POINT('',(21.0248219402818,-44.475709928714,13.6048000190077));
#6778=CARTESIAN_POINT('',(34.8084029390105,-44.475709928714,13.6048000190077));
#6779=CARTESIAN_POINT('',(32.3625076893283,-44.475709928714,13.6048000190077));
#6780=CARTESIAN_POINT('',(36.8084029390105,-42.475709928714,15.6048000190077));
#6781=CARTESIAN_POINT('',(34.8084029390105,-44.475709928714,13.6048000190077));
#6782=CARTESIAN_POINT('',(19.0248219402818,-42.475709928714,15.6048000190077));
#6783=CARTESIAN_POINT('',(32.3625076893283,-42.475709928714,15.6048000190077));
#6784=CARTESIAN_POINT('',(21.0248219402818,-44.475709928714,13.6048000190077));
#6785=CARTESIAN_POINT('Origin',(35.8084029390105,-43.475709928714,2.17980001900766));
#6786=CARTESIAN_POINT('',(34.8084029390105,-44.475709928714,-0.295199980992339));
#6787=CARTESIAN_POINT('',(34.8084029390105,-44.475709928714,2.17980001900766));
#6788=CARTESIAN_POINT('',(36.8084029390105,-42.475709928714,-2.29519998099234));
#6789=CARTESIAN_POINT('',(34.8084029390105,-44.475709928714,-0.295199980992339));
#6790=CARTESIAN_POINT('',(36.8084029390105,-42.475709928714,2.17980001900766));
#6791=CARTESIAN_POINT('Origin',(23.470717189964,-43.475709928714,-1.29519998099234));
#6792=CARTESIAN_POINT('',(21.0248219402818,-44.475709928714,-0.29519998099234));
#6793=CARTESIAN_POINT('',(23.470717189964,-44.475709928714,-0.295199980992339));
#6794=CARTESIAN_POINT('',(19.0248219402818,-42.475709928714,-2.29519998099234));
#6795=CARTESIAN_POINT('',(21.0248219402818,-44.475709928714,-0.29519998099234));
#6796=CARTESIAN_POINT('',(19.0248219402818,-41.4757099287139,-3.29519998099234));
#6797=CARTESIAN_POINT('',(19.0248219402818,-46.450709928714,1.67980001900769));
#6798=CARTESIAN_POINT('',(36.8084029390105,-41.4757099287139,-3.29519998099234));
#6799=CARTESIAN_POINT('',(9.74374143964622,-41.475709928714,-3.29519998099234));
#6800=CARTESIAN_POINT('',(36.8084029390105,-41.9757099287139,-2.7951999809923));
#6801=CARTESIAN_POINT('Origin',(20.0248219402818,-43.475709928714,11.1298000190077));
#6802=CARTESIAN_POINT('',(19.0248219402818,-42.475709928714,11.1298000190077));
#6803=CARTESIAN_POINT('',(21.0248219402818,-44.475709928714,11.1298000190077));
#6804=CARTESIAN_POINT('Origin',(19.0248219402818,-41.475709928714,15.6048000190077));
#6805=CARTESIAN_POINT('',(19.0248219402818,-41.475709928714,15.6048000190077));
#6806=CARTESIAN_POINT('',(19.0248219402818,-41.475709928714,15.6048000190077));
#6807=CARTESIAN_POINT('',(19.0248219402818,-41.4757099287139,11.5015707485096));
#6808=CARTESIAN_POINT('Origin',(36.8084029390105,-41.475709928714,15.6048000190077));
#6809=CARTESIAN_POINT('',(36.8084029390105,-41.475709928714,15.6048000190077));
#6810=CARTESIAN_POINT('',(36.8084029390105,-41.475709928714,15.6048000190077));
#6811=CARTESIAN_POINT('',(18.6355319390105,-41.4757099287139,15.6048000190077));
#6812=CARTESIAN_POINT('Origin',(27.9166124396461,-44.475709928714,6.65480001900766));
#6813=CARTESIAN_POINT('Origin',(27.9166124396461,-42.475709928714,6.65480001900766));
#6814=CARTESIAN_POINT('',(34.8084029390105,-42.475709928714,13.6048000190077));
#6815=CARTESIAN_POINT('',(34.8084029390105,-42.475709928714,-0.29519998099234));
#6816=CARTESIAN_POINT('',(34.8084029390105,-42.475709928714,13.6048000190077));
#6817=CARTESIAN_POINT('',(20.4084029390105,-42.475709928714,-0.29519998099234));
#6818=CARTESIAN_POINT('',(34.8084029390105,-42.475709928714,-0.295199980992339));
#6819=CARTESIAN_POINT('',(20.4084029390105,-42.475709928714,13.6048000190077));
#6820=CARTESIAN_POINT('',(20.4084029390105,-42.475709928714,-0.295199980992339));
#6821=CARTESIAN_POINT('',(20.4084029390105,-42.475709928714,13.6048000190077));
#6822=CARTESIAN_POINT('Origin',(36.8084029390105,-41.475709928714,-2.29519998099234));
#6823=CARTESIAN_POINT('',(36.8084029390105,-41.4757099287139,2.55157074850961));
#6824=CARTESIAN_POINT('Origin',(-29.209824789176,-44.475709928714,12.5155261622106));
#6825=CARTESIAN_POINT('',(-40.0385290609895,-45.475709928714,11.5155261622106));
#6826=CARTESIAN_POINT('',(-26.9335900319049,-45.475709928714,11.5155261622106));
#6827=CARTESIAN_POINT('',(-29.209824789176,-45.475709928714,11.5155261622106));
#6828=CARTESIAN_POINT('',(-24.9335900319049,-43.475709928714,13.5155261622106));
#6829=CARTESIAN_POINT('',(-26.9335900319049,-45.475709928714,11.5155261622106));
#6830=CARTESIAN_POINT('',(-42.0385290609895,-43.475709928714,13.5155261622106));
#6831=CARTESIAN_POINT('',(-29.209824789176,-43.475709928714,13.5155261622106));
#6832=CARTESIAN_POINT('',(-40.0385290609895,-45.475709928714,11.5155261622106));
#6833=CARTESIAN_POINT('Origin',(-25.9335900319049,-44.475709928714,-0.245827350860234));
#6834=CARTESIAN_POINT('',(-26.9335900319049,-45.475709928714,-2.8329451885505));
#6835=CARTESIAN_POINT('',(-26.9335900319049,-45.475709928714,-0.245827350860234));
#6836=CARTESIAN_POINT('',(-24.9335900319049,-43.475709928714,-4.8329451885505));
#6837=CARTESIAN_POINT('',(-26.9335900319049,-45.475709928714,-2.8329451885505));
#6838=CARTESIAN_POINT('',(-24.9335900319049,-43.475709928714,-0.245827350860234));
#6839=CARTESIAN_POINT('Origin',(-37.7622943037184,-44.475709928714,-3.8329451885505));
#6840=CARTESIAN_POINT('',(-40.0385290609895,-45.475709928714,-2.8329451885505));
#6841=CARTESIAN_POINT('',(-37.7622943037184,-45.475709928714,-2.8329451885505));
#6842=CARTESIAN_POINT('',(-42.0385290609895,-43.475709928714,-4.8329451885505));
#6843=CARTESIAN_POINT('',(-40.0385290609895,-45.475709928714,-2.8329451885505));
#6844=CARTESIAN_POINT('',(-42.0385290609894,-41.4757099287141,-6.8329451885505));
#6845=CARTESIAN_POINT('',(-42.0385290609894,-48.7694509648575,0.460795847592867));
#6846=CARTESIAN_POINT('',(-24.9335900319049,-41.475709928714,-6.8329451885505));
#6847=CARTESIAN_POINT('',(-20.7879340609894,-41.475709928714,-6.8329451885505));
#6848=CARTESIAN_POINT('',(-24.9335900319049,-42.475709928714,-5.83294518855052));
#6849=CARTESIAN_POINT('Origin',(-41.0385290609895,-44.475709928714,13.3416547214266));
#6850=CARTESIAN_POINT('',(-42.0385290609894,-43.475709928714,13.3416547214266));
#6851=CARTESIAN_POINT('',(-40.0385290609895,-45.475709928714,13.3416547214266));
#6852=CARTESIAN_POINT('Origin',(-42.0385290609894,-39.4757099287141,22.3420189560231));
#6853=CARTESIAN_POINT('',(-42.0385290609895,-41.475709928714,13.5155261622106));
#6854=CARTESIAN_POINT('',(-42.0385290609895,-41.475709928714,13.5155261622106));
#6855=CARTESIAN_POINT('',(-42.0385290609894,-41.4757099287141,22.3420189560231));
#6856=CARTESIAN_POINT('',(-42.0385290609894,-41.4757099287141,-7.54533599999999));
#6857=CARTESIAN_POINT('',(-42.0385290609896,-3.71724824391907,22.3420189560231));
#6858=CARTESIAN_POINT('',(-42.0385290609894,-39.4757099287141,22.3420189560231));
#6859=CARTESIAN_POINT('',(-42.0385290609896,4.7801289018268,22.3420189560231));
#6860=CARTESIAN_POINT('Origin',(-42.0385290609894,0.531440328953861,22.4475907834155));
#6861=CARTESIAN_POINT('',(-42.0385290609896,6.28275175608085,22.3420189560231));
#6862=CARTESIAN_POINT('',(-42.0385290609894,-39.4757099287141,22.3420189560231));
#6863=CARTESIAN_POINT('',(-42.0385290609896,14.7801289018267,22.3420189560231));
#6864=CARTESIAN_POINT('Origin',(-42.0385290609894,10.5314403289538,22.4475907834155));
#6865=CARTESIAN_POINT('',(-42.0385290609896,16.2827517560808,22.3420189560231));
#6866=CARTESIAN_POINT('',(-42.0385290609894,-39.4757099287141,22.3420189560231));
#6867=CARTESIAN_POINT('',(-42.0385290609896,24.7801289018267,22.3420189560231));
#6868=CARTESIAN_POINT('Origin',(-42.0385290609894,20.5314403289537,22.4475907834155));
#6869=CARTESIAN_POINT('',(-42.0385290609896,26.2827517559715,22.3420189560231));
#6870=CARTESIAN_POINT('',(-42.0385290609894,-39.4757099287141,22.3420189560231));
#6871=CARTESIAN_POINT('Origin',(-42.0385290609894,30.5314403288489,22.447590783238));
#6872=CARTESIAN_POINT('',(-42.0385290609895,113.024290071286,-7.54533599999999));
#6873=CARTESIAN_POINT('',(-42.0385290609895,113.024290071286,-7.54533599999999));
#6874=CARTESIAN_POINT('',(-42.0385290609894,-41.4757099287141,-7.54533599999999));
#6875=CARTESIAN_POINT('',(-42.0385290609895,-39.475709928714,-7.54533599999999));
#6876=CARTESIAN_POINT('',(-42.0385290609894,-41.4757099287141,-7.54533599999999));
#6877=CARTESIAN_POINT('',(-42.0385290609896,8.84130966546962,16.));
#6878=CARTESIAN_POINT('Origin',(-42.0385290609894,5.84130966546962,16.));
#6879=CARTESIAN_POINT('Origin',(-42.0385290609894,5.84130966546962,16.));
#6880=CARTESIAN_POINT('Origin',(-24.9335900319049,-41.475709928714,13.5155261622106));
#6881=CARTESIAN_POINT('',(-24.9335900319049,-41.475709928714,13.5155261622106));
#6882=CARTESIAN_POINT('',(-24.9335900319049,-41.475709928714,13.5155261622106));
#6883=CARTESIAN_POINT('',(-12.2354645464471,-41.475709928714,13.5155261622106));
#6884=CARTESIAN_POINT('Origin',(-33.4860595464472,-45.475709928714,4.34129048683003));
#6885=CARTESIAN_POINT('Origin',(-33.4860595464472,-43.475709928714,4.34129048683003));
#6886=CARTESIAN_POINT('',(-25.9335900319049,-43.475709928714,-2.8329451885505));
#6887=CARTESIAN_POINT('',(-39.9335900319049,-43.475709928714,-2.8329451885505));
#6888=CARTESIAN_POINT('',(-39.9335900319049,-43.475709928714,-2.8329451885505));
#6889=CARTESIAN_POINT('',(-39.9335900319049,-43.475709928714,11.5155261622106));
#6890=CARTESIAN_POINT('',(-39.9335900319049,-43.475709928714,11.5155261622106));
#6891=CARTESIAN_POINT('',(-25.9335900319049,-43.475709928714,11.5155261622106));
#6892=CARTESIAN_POINT('',(-25.9335900319049,-43.475709928714,11.5155261622106));
#6893=CARTESIAN_POINT('',(-25.9335900319049,-43.475709928714,-2.8329451885505));
#6894=CARTESIAN_POINT('Origin',(-24.9335900319049,-41.475709928714,-4.8329451885505));
#6895=CARTESIAN_POINT('',(-24.9335900319049,-41.4757099287141,1.28269814473053));
#6896=CARTESIAN_POINT('Origin',(-25.9335900319048,-41.475709928714,-2.8329451885505));
#6897=CARTESIAN_POINT('',(-25.9335900319048,-39.475709928714,-2.8329451885505));
#6898=CARTESIAN_POINT('',(-25.9335900319048,-41.475709928714,-2.8329451885505));
#6899=CARTESIAN_POINT('',(-39.9335900319048,-39.475709928714,-2.8329451885505));
#6900=CARTESIAN_POINT('',(-12.7354645464471,-39.475709928714,-2.8329451885505));
#6901=CARTESIAN_POINT('',(-39.9335900319049,-41.475709928714,-2.8329451885505));
#6902=CARTESIAN_POINT('Origin',(-25.9335900319048,-41.475709928714,11.5155261622106));
#6903=CARTESIAN_POINT('',(-25.9335900319048,-39.475709928714,11.5155261622106));
#6904=CARTESIAN_POINT('',(-25.9335900319048,-41.475709928714,11.5155261622106));
#6905=CARTESIAN_POINT('',(-25.9335900319048,-39.475709928714,9.45693382011107));
#6906=CARTESIAN_POINT('Origin',(-39.9335900319048,-41.475709928714,11.5155261622106));
#6907=CARTESIAN_POINT('',(-39.9335900319048,-39.475709928714,11.5155261622106));
#6908=CARTESIAN_POINT('',(-39.9335900319048,-41.475709928714,11.5155261622106));
#6909=CARTESIAN_POINT('',(-19.7354645464471,-39.475709928714,11.5155261622106));
#6910=CARTESIAN_POINT('Origin',(-39.9335900319048,-41.475709928714,-2.8329451885505));
#6911=CARTESIAN_POINT('',(-39.9335900319048,-39.4757099287141,2.28269814473053));
#6912=CARTESIAN_POINT('Origin',(-41.2885290609896,5.84130966546962,16.));
#6913=CARTESIAN_POINT('',(-40.5385290609896,7.34130966546962,16.));
#6914=CARTESIAN_POINT('',(-41.2885290609896,8.09130966546962,16.));
#6915=CARTESIAN_POINT('Origin',(-40.5385290609896,5.84130966546962,16.));
#6916=CARTESIAN_POINT('Origin',(-38.5385290609896,5.84130966546962,16.));
#6917=CARTESIAN_POINT('',(-38.5385290609896,7.34130966546962,16.));
#6918=CARTESIAN_POINT('Origin',(33.9638509390106,113.024290071286,7.80466399999992));
#6919=CARTESIAN_POINT('',(33.9638509390104,110.524290071286,22.3245433665397));
#6920=CARTESIAN_POINT('',(33.9638509390106,110.524290071286,7.80466399999992));
#6921=CARTESIAN_POINT('',(33.9638509390106,110.524290071286,7.6015027390059));
#6922=CARTESIAN_POINT('',(33.9638509390104,113.024290071286,22.3245433665397));
#6923=CARTESIAN_POINT('',(33.9638509390104,113.024290071286,22.3245433665397));
#6924=CARTESIAN_POINT('',(33.9638509390106,113.024290071286,7.80466399999992));
#6925=CARTESIAN_POINT('',(33.9638509390106,113.024290071286,7.6015027390059));
#6926=CARTESIAN_POINT('',(33.9638509390106,113.024290071286,7.80466399999992));
#6927=CARTESIAN_POINT('Origin',(29.2138509390106,113.024290071286,7.80466399999991));
#6928=CARTESIAN_POINT('',(29.2138509390106,110.524290071286,3.05466399999991));
#6929=CARTESIAN_POINT('Origin',(29.2138509390106,110.524290071286,7.80466399999991));
#6930=CARTESIAN_POINT('',(29.2138509390106,113.024290071286,3.05466399999991));
#6931=CARTESIAN_POINT('Origin',(29.2138509390106,113.024290071286,7.80466399999991));
#6932=CARTESIAN_POINT('',(29.2138509390106,113.024290071286,3.05466399999991));
#6933=CARTESIAN_POINT('Origin',(5.21385093901055,113.024290071286,3.05466399999995));
#6934=CARTESIAN_POINT('',(5.21385093901055,110.524290071286,3.05466399999995));
#6935=CARTESIAN_POINT('',(2.83825593901053,110.524290071286,3.05466399999995));
#6936=CARTESIAN_POINT('',(5.21385093901055,113.024290071286,3.05466399999995));
#6937=CARTESIAN_POINT('',(2.83825593901053,113.024290071286,3.05466399999995));
#6938=CARTESIAN_POINT('',(5.21385093901055,113.024290071286,3.05466399999995));
#6939=CARTESIAN_POINT('Origin',(5.21385093901055,113.024290071286,7.80466399999991));
#6940=CARTESIAN_POINT('',(0.463850939010595,110.524290071286,7.80466399999991));
#6941=CARTESIAN_POINT('Origin',(5.21385093901055,110.524290071286,7.80466399999991));
#6942=CARTESIAN_POINT('',(0.463850939010595,113.024290071286,7.80466399999991));
#6943=CARTESIAN_POINT('Origin',(5.21385093901055,113.024290071286,7.80466399999991));
#6944=CARTESIAN_POINT('',(0.463850939010595,113.024290071286,7.80466399999991));
#6945=CARTESIAN_POINT('Origin',(0.463850939010592,113.024290071286,22.2986795534509));
#6946=CARTESIAN_POINT('',(0.463850939010593,110.524290071286,22.2986795534509));
#6947=CARTESIAN_POINT('',(0.463850939010594,110.524290071286,14.8485105157313));
#6948=CARTESIAN_POINT('',(0.463850939010593,113.024290071286,22.2986795534509));
#6949=CARTESIAN_POINT('',(0.463850939010594,113.024290071286,14.8485105157313));
#6950=CARTESIAN_POINT('',(0.463850939010593,113.024290071286,22.2986795534509));
#6951=CARTESIAN_POINT('Origin',(5.07846388005816,113.024290071286,20.6914771923357));
#6952=CARTESIAN_POINT('Origin',(5.07846388005816,110.524290071286,20.6914771923357));
#6953=CARTESIAN_POINT('Origin',(5.07846388005816,113.024290071286,20.6914771923357));
#6954=CARTESIAN_POINT('Origin',(29.2817760702749,113.024290071286,20.6722999637939));
#6955=CARTESIAN_POINT('Origin',(29.2817760702749,110.524290071286,20.6722999637939));
#6956=CARTESIAN_POINT('',(33.957647307312,113.024290071286,22.3420189560231));
#6957=CARTESIAN_POINT('',(33.957647307312,113.024290071286,22.3420189560231));
#6958=CARTESIAN_POINT('Origin',(29.2817760702749,113.024290071286,20.6722999637939));
#6959=CARTESIAN_POINT('Origin',(42.9638509390107,-39.4757099287139,22.3420189560231));
#6960=CARTESIAN_POINT('',(-42.0385290609896,-3.71724824391907,22.3420189560231));
#6961=CARTESIAN_POINT('',(42.9638509390107,-41.4757099287139,22.3420189560231));
#6962=CARTESIAN_POINT('',(-42.0385290609894,-41.4757099287141,22.3420189560231));
#6963=CARTESIAN_POINT('',(42.9638509390105,113.024290071286,22.3420189560231));
#6964=CARTESIAN_POINT('',(42.9638509390107,-39.4757099287139,22.3420189560231));
#6965=CARTESIAN_POINT('',(-42.0385290609895,113.024290071286,22.3420189560231));
#6966=CARTESIAN_POINT('Origin',(0.462660939010515,110.524290071286,7.39834147801156));
#6967=CARTESIAN_POINT('',(40.9638509390105,110.524290071286,22.3420189560231));
#6968=CARTESIAN_POINT('Origin',(36.4638509390106,100.524290071286,-5.54533599999999));
#6969=CARTESIAN_POINT('',(38.0888509390106,100.524290071286,-1.54533599999999));
#6970=CARTESIAN_POINT('Origin',(36.4638509390106,100.524290071286,-1.54533599999999));
#6971=CARTESIAN_POINT('',(38.0888509390106,100.524290071286,-5.54533599999999));
#6972=CARTESIAN_POINT('',(38.0888509390106,100.524290071286,-5.54533599999999));
#6973=CARTESIAN_POINT('Origin',(36.4638509390106,100.524290071286,-5.54533599999999));
#6974=CARTESIAN_POINT('Origin',(36.4638509390106,100.524290071286,-5.54533599999999));
#6975=CARTESIAN_POINT('',(39.4638509390106,100.524290071286,-1.54533599999999));
#6976=CARTESIAN_POINT('Origin',(36.4638509390106,100.524290071286,-1.54533599999999));
#6977=CARTESIAN_POINT('',(39.4638509390106,100.524290071286,-5.54533599999999));
#6978=CARTESIAN_POINT('Origin',(36.4638509390106,100.524290071286,-1.54533599999999));
#6979=CARTESIAN_POINT('Origin',(-40.0385290609895,-39.475709928714,-5.54533599999999));
#6980=CARTESIAN_POINT('Origin',(-2.03614906098948,52.5242897136583,-5.54533599999999));
#6981=CARTESIAN_POINT('',(-0.386149060989476,52.5242897136583,-1.54533599999999));
#6982=CARTESIAN_POINT('Origin',(-2.03614906098948,52.5242897136583,-1.54533599999999));
#6983=CARTESIAN_POINT('',(-0.386149060989476,52.5242897136583,-5.54533599999999));
#6984=CARTESIAN_POINT('',(-0.386149060989476,52.5242897136583,-5.54533599999999));
#6985=CARTESIAN_POINT('Origin',(-2.03614906098948,52.5242897136583,-5.54533599999999));
#6986=CARTESIAN_POINT('Origin',(-2.03614906098948,52.5242897136583,-5.54533599999999));
#6987=CARTESIAN_POINT('',(0.963850939010524,52.5242897136583,-1.54533599999999));
#6988=CARTESIAN_POINT('Origin',(-2.03614906098948,52.5242897136583,-1.54533599999999));
#6989=CARTESIAN_POINT('',(0.963850939010524,52.5242897136583,-5.54533599999999));
#6990=CARTESIAN_POINT('Origin',(-2.03614906098948,52.5242897136583,-1.54533599999999));
#6991=CARTESIAN_POINT('Origin',(-40.0385290609895,-39.475709928714,-5.54533599999999));
#6992=CARTESIAN_POINT('Origin',(36.4638509390105,52.5242897136583,-5.54533599999999));
#6993=CARTESIAN_POINT('',(38.1138509390105,52.5242897136583,-1.54533599999999));
#6994=CARTESIAN_POINT('Origin',(36.4638509390105,52.5242897136583,-1.54533599999999));
#6995=CARTESIAN_POINT('',(38.1138509390105,52.5242897136583,-5.54533599999999));
#6996=CARTESIAN_POINT('',(38.1138509390105,52.5242897136583,-5.54533599999999));
#6997=CARTESIAN_POINT('Origin',(36.4638509390105,52.5242897136583,-5.54533599999999));
#6998=CARTESIAN_POINT('Origin',(36.4638509390105,52.5242897136583,-5.54533599999999));
#6999=CARTESIAN_POINT('',(39.4638509390105,52.5242897136583,-1.54533599999999));
#7000=CARTESIAN_POINT('Origin',(36.4638509390105,52.5242897136583,-1.54533599999999));
#7001=CARTESIAN_POINT('',(39.4638509390105,52.5242897136583,-5.54533599999999));
#7002=CARTESIAN_POINT('Origin',(36.4638509390105,52.5242897136583,-1.54533599999999));
#7003=CARTESIAN_POINT('Origin',(-40.0385290609895,-39.475709928714,-5.54533599999999));
#7004=CARTESIAN_POINT('Origin',(-2.03614906098945,100.524290071286,-5.54533599999999));
#7005=CARTESIAN_POINT('',(-0.41114906098945,100.524290071286,-1.54533599999999));
#7006=CARTESIAN_POINT('Origin',(-2.03614906098945,100.524290071286,-1.54533599999999));
#7007=CARTESIAN_POINT('',(-0.41114906098945,100.524290071286,-5.54533599999999));
#7008=CARTESIAN_POINT('',(-0.41114906098945,100.524290071286,-5.54533599999999));
#7009=CARTESIAN_POINT('Origin',(-2.03614906098945,100.524290071286,-5.54533599999999));
#7010=CARTESIAN_POINT('Origin',(-2.03614906098945,100.524290071286,-5.54533599999999));
#7011=CARTESIAN_POINT('',(0.963850939010551,100.524290071286,-1.54533599999999));
#7012=CARTESIAN_POINT('Origin',(-2.03614906098945,100.524290071286,-1.54533599999999));
#7013=CARTESIAN_POINT('',(0.963850939010551,100.524290071286,-5.54533599999999));
#7014=CARTESIAN_POINT('Origin',(-2.03614906098945,100.524290071286,-1.54533599999999));
#7015=CARTESIAN_POINT('Origin',(0.462660939010515,113.024290071286,7.39834147801156));
#7016=CARTESIAN_POINT('',(42.9638509390105,113.024290071286,-7.54533599999999));
#7017=CARTESIAN_POINT('',(42.9638509390105,113.024290071286,22.3420189560231));
#7018=CARTESIAN_POINT('',(42.9638509390105,113.024290071286,-7.54533599999999));
#7019=CARTESIAN_POINT('Origin',(-42.0385290609896,20.5314403289537,22.4475907834155));
#7020=CARTESIAN_POINT('',(-42.0385290609896,16.2827517560808,22.3420189560231));
#7021=CARTESIAN_POINT('',(-42.0385290609896,24.7801289018267,22.3420189560231));
#7022=CARTESIAN_POINT('Origin',(-42.0385290609896,10.5314403289538,22.4475907834155));
#7023=CARTESIAN_POINT('',(-42.0385290609896,6.28275175608085,22.3420189560231));
#7024=CARTESIAN_POINT('',(-42.0385290609896,14.7801289018267,22.3420189560231));
#7025=CARTESIAN_POINT('Origin',(-42.0385290609896,30.5314403288489,22.447590783238));
#7026=CARTESIAN_POINT('',(-42.0385290609896,26.2827517559715,22.3420189560231));
#7027=CARTESIAN_POINT('Origin',(-42.0385290609896,0.531440328953861,22.4475907834155));
#7028=CARTESIAN_POINT('',(-42.0385290609896,4.7801289018268,22.3420189560231));
#7029=CARTESIAN_POINT('Origin',(42.9638509390107,-39.4757099287139,22.3420189560231));
#7030=CARTESIAN_POINT('Origin',(42.9638509390107,-39.4757099287139,22.3420189560231));
#7031=CARTESIAN_POINT('Origin',(42.9638509390107,-39.4757099287139,22.3420189560231));
#7032=CARTESIAN_POINT('Origin',(37.6190509390106,-24.9723099287139,-5.54533599999999));
#7033=CARTESIAN_POINT('',(39.1815319390106,-24.9723099287139,-1.54533599999999));
#7034=CARTESIAN_POINT('Origin',(37.6190509390106,-24.9723099287139,-1.54533599999999));
#7035=CARTESIAN_POINT('',(39.1815319390106,-24.9723099287139,-5.54533599999999));
#7036=CARTESIAN_POINT('',(39.1815319390106,-24.9723099287139,-5.54533599999999));
#7037=CARTESIAN_POINT('Origin',(37.6190509390106,-24.9723099287139,-5.54533599999999));
#7038=CARTESIAN_POINT('Origin',(37.6190509390106,-24.9723099287139,-5.54533599999999));
#7039=CARTESIAN_POINT('',(40.6190509390106,-24.9723099287139,-1.54533599999999));
#7040=CARTESIAN_POINT('Origin',(37.6190509390106,-24.9723099287139,-1.54533599999999));
#7041=CARTESIAN_POINT('',(40.6190509390106,-24.9723099287139,-5.54533599999999));
#7042=CARTESIAN_POINT('Origin',(37.6190509390106,-24.9723099287139,-1.54533599999999));
#7043=CARTESIAN_POINT('Origin',(-40.0385290609895,-39.475709928714,-5.54533599999999));
#7044=CARTESIAN_POINT('Origin',(37.6190509390105,31.3826700712859,-5.54533599999999));
#7045=CARTESIAN_POINT('',(39.1815319390105,31.3826700712859,-1.54533599999999));
#7046=CARTESIAN_POINT('Origin',(37.6190509390105,31.3826700712859,-1.54533599999999));
#7047=CARTESIAN_POINT('',(39.1815319390105,31.3826700712859,-5.54533599999999));
#7048=CARTESIAN_POINT('',(39.1815319390105,31.3826700712859,-5.54533599999999));
#7049=CARTESIAN_POINT('Origin',(37.6190509390105,31.3826700712859,-5.54533599999999));
#7050=CARTESIAN_POINT('Origin',(37.6190509390105,31.3826700712859,-5.54533599999999));
#7051=CARTESIAN_POINT('',(40.6190509390105,31.3826700712859,-1.54533599999999));
#7052=CARTESIAN_POINT('Origin',(37.6190509390105,31.3826700712859,-1.54533599999999));
#7053=CARTESIAN_POINT('',(40.6190509390105,31.3826700712859,-5.54533599999999));
#7054=CARTESIAN_POINT('Origin',(37.6190509390105,31.3826700712859,-1.54533599999999));
#7055=CARTESIAN_POINT('Origin',(-40.0385290609895,-39.475709928714,-5.54533599999999));
#7056=CARTESIAN_POINT('Origin',(-36.6683290609894,-24.972309928714,-5.54533599999999));
#7057=CARTESIAN_POINT('',(-35.1058480609894,-24.972309928714,-1.54533599999999));
#7058=CARTESIAN_POINT('Origin',(-36.6683290609894,-24.972309928714,-1.54533599999999));
#7059=CARTESIAN_POINT('',(-35.1058480609894,-24.972309928714,-5.54533599999999));
#7060=CARTESIAN_POINT('',(-35.1058480609894,-24.972309928714,-5.54533599999999));
#7061=CARTESIAN_POINT('Origin',(-36.6683290609894,-24.972309928714,-5.54533599999999));
#7062=CARTESIAN_POINT('Origin',(-36.6683290609894,-24.972309928714,-5.54533599999999));
#7063=CARTESIAN_POINT('',(-33.6683290609894,-24.972309928714,-1.54533599999999));
#7064=CARTESIAN_POINT('Origin',(-36.6683290609894,-24.972309928714,-1.54533599999999));
#7065=CARTESIAN_POINT('',(-33.6683290609894,-24.972309928714,-5.54533599999999));
#7066=CARTESIAN_POINT('Origin',(-36.6683290609894,-24.972309928714,-1.54533599999999));
#7067=CARTESIAN_POINT('Origin',(-40.0385290609895,-39.475709928714,-5.54533599999999));
#7068=CARTESIAN_POINT('Origin',(-36.6683290609895,31.3826700712858,-5.54533599999999));
#7069=CARTESIAN_POINT('',(-35.1058480609895,31.3826700712858,-1.54533599999999));
#7070=CARTESIAN_POINT('Origin',(-36.6683290609895,31.3826700712858,-1.54533599999999));
#7071=CARTESIAN_POINT('',(-35.1058480609895,31.3826700712858,-5.54533599999999));
#7072=CARTESIAN_POINT('',(-35.1058480609895,31.3826700712858,-5.54533599999999));
#7073=CARTESIAN_POINT('Origin',(-36.6683290609895,31.3826700712858,-5.54533599999999));
#7074=CARTESIAN_POINT('Origin',(-36.6683290609895,31.3826700712858,-5.54533599999999));
#7075=CARTESIAN_POINT('',(-33.6683290609895,31.3826700712858,-1.54533599999999));
#7076=CARTESIAN_POINT('Origin',(-36.6683290609895,31.3826700712858,-1.54533599999999));
#7077=CARTESIAN_POINT('',(-33.6683290609895,31.3826700712858,-5.54533599999999));
#7078=CARTESIAN_POINT('Origin',(-36.6683290609895,31.3826700712858,-1.54533599999999));
#7079=CARTESIAN_POINT('Origin',(-40.0385290609895,-39.475709928714,-5.54533599999999));
#7080=CARTESIAN_POINT('Origin',(42.9638509390105,10.2109803696825,-0.400000305979992));
#7081=CARTESIAN_POINT('',(42.9638509390105,10.2109803696825,-0.400000305979992));
#7082=CARTESIAN_POINT('',(42.9638509390105,-3.7890196303175,-0.400000305979992));
#7083=CARTESIAN_POINT('',(42.9638509390106,-14.6323647795157,-0.400000305979992));
#7084=CARTESIAN_POINT('',(40.9638509390105,10.2109803696825,-0.400000305979992));
#7085=CARTESIAN_POINT('',(42.9638509390105,10.2109803696825,-0.400000305979992));
#7086=CARTESIAN_POINT('',(40.9638509390105,-3.7890196303175,-0.400000305979992));
#7087=CARTESIAN_POINT('',(40.9638509390105,-14.6323647795157,-0.400000305979992));
#7088=CARTESIAN_POINT('',(42.9638509390105,-3.7890196303175,-0.400000305979992));
#7089=CARTESIAN_POINT('Origin',(42.9638509390105,10.2109803696825,3.55000030598001));
#7090=CARTESIAN_POINT('',(42.9638509390105,10.2109803696825,3.55000030598001));
#7091=CARTESIAN_POINT('',(42.9638509390105,10.2109803696825,-1.99766784700999));
#7092=CARTESIAN_POINT('',(40.9638509390105,10.2109803696825,3.55000030598001));
#7093=CARTESIAN_POINT('',(42.9638509390105,10.2109803696825,3.55000030598001));
#7094=CARTESIAN_POINT('',(40.9638509390105,10.2109803696825,-0.997667847009992));
#7095=CARTESIAN_POINT('Origin',(42.9638509390105,-3.7890196303175,3.55000030598001));
#7096=CARTESIAN_POINT('',(42.9638509390105,-3.7890196303175,3.55000030598001));
#7097=CARTESIAN_POINT('',(42.9638509390106,-21.6323647795157,3.55000030598001));
#7098=CARTESIAN_POINT('',(40.9638509390105,-3.7890196303175,3.55000030598001));
#7099=CARTESIAN_POINT('',(42.9638509390105,-3.7890196303175,3.55000030598001));
#7100=CARTESIAN_POINT('',(40.9638509390105,-21.6323647795157,3.55000030598001));
#7101=CARTESIAN_POINT('Origin',(42.9638509390105,-3.7890196303175,-0.400000305979992));
#7102=CARTESIAN_POINT('',(42.9638509390106,-3.7890196303175,-3.97266815298999));
#7103=CARTESIAN_POINT('',(40.9638509390105,-3.7890196303175,-2.97266815298999));
#7104=CARTESIAN_POINT('Origin',(42.9638509390107,-39.4757099287139,-7.54533599999999));
#7105=CARTESIAN_POINT('',(42.9638509390107,-41.4757099287139,-7.54533599999999));
#7106=CARTESIAN_POINT('',(42.9638509390107,-41.4757099287139,22.3420189560231));
#7107=CARTESIAN_POINT('',(42.9638509390107,-39.4757099287139,-7.54533599999999));
#7108=CARTESIAN_POINT('Origin',(40.9638509390105,-39.475709928714,-5.54533599999999));
#7109=CARTESIAN_POINT('',(40.9638509390105,-39.4757099287139,0.926502739005787));
#7110=CARTESIAN_POINT('Origin',(-40.0385290609895,-39.475709928714,-5.54533599999999));
#7111=CARTESIAN_POINT('Origin',(-20.2747290725345,-39.475709928714,1.31719999599126));
#7112=CARTESIAN_POINT('',(-20.2747290707396,-39.475709928714,0.317199995991266));
#7113=CARTESIAN_POINT('',(-21.2747290725345,-39.475709928714,1.31719999419637));
#7114=CARTESIAN_POINT('Origin',(-20.2747290725345,-39.475709928714,1.31719999599126));
#7115=CARTESIAN_POINT('',(-21.2747290725345,-41.475709928714,1.31719999419637));
#7116=CARTESIAN_POINT('',(-21.2747290725345,-39.475709928714,1.31719999419637));
#7117=CARTESIAN_POINT('',(-20.2747290707396,-41.475709928714,0.317199995991266));
#7118=CARTESIAN_POINT('Origin',(-20.2747290725345,-41.475709928714,1.31719999599126));
#7119=CARTESIAN_POINT('',(-20.2747290707396,-39.475709928714,0.317199995991266));
#7120=CARTESIAN_POINT('Origin',(-15.7747290707396,-39.475709928714,0.317200004068302));
#7121=CARTESIAN_POINT('',(-15.7747290707396,-39.475709928714,0.317200004068302));
#7122=CARTESIAN_POINT('',(-20.2747290707396,-39.475709928714,0.317199995991266));
#7123=CARTESIAN_POINT('',(-15.7747290707396,-41.475709928714,0.317200004068301));
#7124=CARTESIAN_POINT('',(-20.2747290707396,-41.475709928714,0.317199995991266));
#7125=CARTESIAN_POINT('',(-15.7747290707396,-39.475709928714,0.317200004068302));
#7126=CARTESIAN_POINT('Origin',(-15.7747290725345,-39.475709928714,1.3172000040683));
#7127=CARTESIAN_POINT('',(-14.7747290725345,-39.475709928714,1.3172000058632));
#7128=CARTESIAN_POINT('Origin',(-15.7747290725345,-39.475709928714,1.3172000040683));
#7129=CARTESIAN_POINT('',(-14.7747290725345,-41.475709928714,1.3172000058632));
#7130=CARTESIAN_POINT('Origin',(-15.7747290725345,-41.475709928714,1.3172000040683));
#7131=CARTESIAN_POINT('',(-14.7747290725345,-39.475709928714,1.3172000058632));
#7132=CARTESIAN_POINT('Origin',(-14.7747290942527,-39.475709928714,13.4172000058632));
#7133=CARTESIAN_POINT('',(-14.7747290942527,-39.475709928714,13.4172000058632));
#7134=CARTESIAN_POINT('',(-14.7747290725345,-39.475709928714,1.3172000058632));
#7135=CARTESIAN_POINT('',(-14.7747290942527,-41.475709928714,13.4172000058632));
#7136=CARTESIAN_POINT('',(-14.7747290725345,-41.475709928714,1.3172000058632));
#7137=CARTESIAN_POINT('',(-14.7747290942527,-39.475709928714,13.4172000058632));
#7138=CARTESIAN_POINT('Origin',(-15.7747290942527,-39.475709928714,13.4172000040683));
#7139=CARTESIAN_POINT('',(-15.7747290960476,-39.475709928714,14.4172000040683));
#7140=CARTESIAN_POINT('Origin',(-15.7747290942527,-39.475709928714,13.4172000040683));
#7141=CARTESIAN_POINT('',(-15.7747290960476,-41.475709928714,14.4172000040683));
#7142=CARTESIAN_POINT('Origin',(-15.7747290942527,-41.475709928714,13.4172000040683));
#7143=CARTESIAN_POINT('',(-15.7747290960476,-39.475709928714,14.4172000040683));
#7144=CARTESIAN_POINT('Origin',(-20.2747290960476,-39.475709928714,14.4171999959913));
#7145=CARTESIAN_POINT('',(-20.2747290960476,-39.475709928714,14.4171999959913));
#7146=CARTESIAN_POINT('',(-15.7747290960476,-39.475709928714,14.4172000040683));
#7147=CARTESIAN_POINT('',(-20.2747290960476,-41.475709928714,14.4171999959913));
#7148=CARTESIAN_POINT('',(-15.7747290960476,-41.475709928714,14.4172000040683));
#7149=CARTESIAN_POINT('',(-20.2747290960476,-39.475709928714,14.4171999959913));
#7150=CARTESIAN_POINT('Origin',(-20.2747290942527,-39.475709928714,13.4171999959913));
#7151=CARTESIAN_POINT('',(-21.2747290942527,-39.475709928714,13.4171999941964));
#7152=CARTESIAN_POINT('Origin',(-20.2747290942527,-39.475709928714,13.4171999959913));
#7153=CARTESIAN_POINT('',(-21.2747290942527,-41.475709928714,13.4171999941964));
#7154=CARTESIAN_POINT('Origin',(-20.2747290942527,-41.475709928714,13.4171999959913));
#7155=CARTESIAN_POINT('',(-21.2747290942527,-39.475709928714,13.4171999941964));
#7156=CARTESIAN_POINT('Origin',(-21.2747290725345,-39.475709928714,1.31719999419637));
#7157=CARTESIAN_POINT('',(-21.2747290942527,-39.475709928714,13.4171999941964));
#7158=CARTESIAN_POINT('',(-21.2747290942527,-41.475709928714,13.4171999941964));
#7159=CARTESIAN_POINT('Origin',(18.8721389390106,-39.4757099287139,-0.315999961832012));
#7160=CARTESIAN_POINT('',(18.8721389390106,-39.4757099287139,-0.315999961832012));
#7161=CARTESIAN_POINT('',(2.40213893901065,-39.475709928714,-0.315999961832011));
#7162=CARTESIAN_POINT('',(2.40213893901065,-39.475709928714,-0.31599996183201));
#7163=CARTESIAN_POINT('',(2.40213893901065,-41.475709928714,-0.315999961832012));
#7164=CARTESIAN_POINT('',(2.40213893901065,-39.475709928714,-0.315999961832011));
#7165=CARTESIAN_POINT('',(18.8721389390107,-41.4757099287139,-0.315999961832012));
#7166=CARTESIAN_POINT('',(2.40213893901065,-41.475709928714,-0.31599996183201));
#7167=CARTESIAN_POINT('',(18.8721389390106,-39.4757099287139,-0.315999961832012));
#7168=CARTESIAN_POINT('Origin',(18.8721389390106,-39.4757099287139,13.524000038168));
#7169=CARTESIAN_POINT('',(18.8721389390106,-39.4757099287139,13.524000038168));
#7170=CARTESIAN_POINT('',(18.8721389390106,-39.4757099287139,-0.315999961832012));
#7171=CARTESIAN_POINT('',(18.8721389390107,-41.4757099287139,13.524000038168));
#7172=CARTESIAN_POINT('',(18.8721389390107,-41.4757099287139,-0.315999961832012));
#7173=CARTESIAN_POINT('',(18.8721389390106,-39.4757099287139,13.524000038168));
#7174=CARTESIAN_POINT('Origin',(2.40213893901065,-39.475709928714,13.524000038168));
#7175=CARTESIAN_POINT('',(2.40213893901065,-39.475709928714,13.524000038168));
#7176=CARTESIAN_POINT('',(18.8721389390106,-39.4757099287139,13.524000038168));
#7177=CARTESIAN_POINT('',(2.40213893901065,-41.475709928714,13.524000038168));
#7178=CARTESIAN_POINT('',(18.8721389390107,-41.4757099287139,13.524000038168));
#7179=CARTESIAN_POINT('',(2.40213893901065,-39.475709928714,13.524000038168));
#7180=CARTESIAN_POINT('Origin',(2.40213893901065,-39.475709928714,-0.315999961832012));
#7181=CARTESIAN_POINT('',(2.40213893901065,-39.475709928714,13.524000038168));
#7182=CARTESIAN_POINT('',(2.40213893901065,-41.475709928714,13.524000038168));
#7183=CARTESIAN_POINT('Origin',(34.8084029390106,-39.4757099287139,13.6048000190077));
#7184=CARTESIAN_POINT('',(34.8084029390106,-39.4757099287139,13.6048000190077));
#7185=CARTESIAN_POINT('',(34.8084029390106,-39.4757099287139,-0.295199980992336));
#7186=CARTESIAN_POINT('',(34.8084029390106,-39.4757099287139,-0.295199980992336));
#7187=CARTESIAN_POINT('',(34.8084029390106,-39.4757099287139,-0.295199980992336));
#7188=CARTESIAN_POINT('',(34.8084029390106,-39.4757099287139,13.6048000190077));
#7189=CARTESIAN_POINT('Origin',(20.4084029390106,-39.4757099287139,13.6048000190077));
#7190=CARTESIAN_POINT('',(20.4084029390106,-39.4757099287139,13.6048000190077));
#7191=CARTESIAN_POINT('',(34.8084029390106,-39.4757099287139,13.6048000190077));
#7192=CARTESIAN_POINT('',(20.4084029390106,-39.4757099287139,13.6048000190077));
#7193=CARTESIAN_POINT('Origin',(20.4084029390106,-39.4757099287139,-0.295199980992336));
#7194=CARTESIAN_POINT('',(20.4084029390106,-39.4757099287139,-0.295199980992335));
#7195=CARTESIAN_POINT('',(20.4084029390106,-39.4757099287139,13.6048000190077));
#7196=CARTESIAN_POINT('',(20.4084029390106,-39.4757099287139,-0.295199980992335));
#7197=CARTESIAN_POINT('Origin',(34.8084029390106,-39.4757099287139,-0.295199980992336));
#7198=CARTESIAN_POINT('',(20.4084029390106,-39.4757099287139,-0.295199980992335));
#7199=CARTESIAN_POINT('Origin',(-9.51598306098932,-39.475709928714,4.23615085820688));
#7200=CARTESIAN_POINT('',(-9.51598306098932,-39.475709928714,4.23615085820689));
#7201=CARTESIAN_POINT('',(-9.51598306098983,-39.475709928714,13.6962491418649));
#7202=CARTESIAN_POINT('',(-9.51598306098983,-39.475709928714,13.6962491418649));
#7203=CARTESIAN_POINT('',(-9.51598306098982,-41.475709928714,13.6962491418649));
#7204=CARTESIAN_POINT('',(-9.51598306098983,-39.475709928714,13.6962491418649));
#7205=CARTESIAN_POINT('',(-9.51598306098931,-41.475709928714,4.23615085820689));
#7206=CARTESIAN_POINT('',(-9.51598306098982,-41.475709928714,13.6962491418649));
#7207=CARTESIAN_POINT('',(-9.51598306098932,-39.475709928714,4.23615085820689));
#7208=CARTESIAN_POINT('Origin',(-8.11598306098932,-39.475709928714,4.23615085820688));
#7209=CARTESIAN_POINT('',(-9.06199754091367,-39.475709928714,3.20413506192591));
#7210=CARTESIAN_POINT('Origin',(-8.11598306098932,-39.475709928714,4.23615085820688));
#7211=CARTESIAN_POINT('',(-9.06199754091367,-41.475709928714,3.20413506192591));
#7212=CARTESIAN_POINT('Origin',(-8.11598306098931,-41.475709928714,4.23615085820688));
#7213=CARTESIAN_POINT('',(-9.06199754091367,-39.475709928714,3.20413506192591));
#7214=CARTESIAN_POINT('Origin',(-8.20167963079743,-39.475709928714,2.41551031098594));
#7215=CARTESIAN_POINT('',(-8.20167963079743,-39.475709928714,2.41551031098594));
#7216=CARTESIAN_POINT('',(-9.06199754091367,-39.475709928714,3.20413506192591));
#7217=CARTESIAN_POINT('',(-8.20167963079742,-41.475709928714,2.41551031098594));
#7218=CARTESIAN_POINT('',(-9.06199754091367,-41.475709928714,3.20413506192591));
#7219=CARTESIAN_POINT('',(-8.20167963079743,-39.475709928714,2.41551031098594));
#7220=CARTESIAN_POINT('Origin',(-8.08455513835619,-39.475709928714,2.04461608492371));
#7221=CARTESIAN_POINT('',(-8.08455513835619,-39.475709928714,2.04461608492371));
#7222=CARTESIAN_POINT('',(-8.20167963079743,-39.475709928714,2.41551031098594));
#7223=CARTESIAN_POINT('',(-8.08455513835619,-41.475709928714,2.04461608492371));
#7224=CARTESIAN_POINT('',(-8.20167963079742,-41.475709928714,2.41551031098594));
#7225=CARTESIAN_POINT('',(-8.08455513835619,-39.475709928714,2.04461608492371));
#7226=CARTESIAN_POINT('Origin',(-6.74953940716902,-39.475709928714,2.46620000003588));
#7227=CARTESIAN_POINT('',(-6.74953940716886,-39.475709928714,1.06620000003641));
#7228=CARTESIAN_POINT('Origin',(-6.74953940716902,-39.475709928714,2.46620000003588));
#7229=CARTESIAN_POINT('',(-6.74953940716886,-41.475709928714,1.06620000003641));
#7230=CARTESIAN_POINT('Origin',(-6.74953940716901,-41.475709928714,2.46620000003588));
#7231=CARTESIAN_POINT('',(-6.74953940716886,-39.475709928714,1.06620000003641));
#7232=CARTESIAN_POINT('Origin',(-4.56598306098932,-39.475709928714,1.06620000003588));
#7233=CARTESIAN_POINT('',(-4.56598306098932,-39.475709928714,1.06620000003588));
#7234=CARTESIAN_POINT('',(-6.74953940716886,-39.475709928714,1.06620000003641));
#7235=CARTESIAN_POINT('',(-4.56598306098931,-41.475709928714,1.06620000003588));
#7236=CARTESIAN_POINT('',(-6.74953940716886,-41.475709928714,1.06620000003641));
#7237=CARTESIAN_POINT('',(-4.56598306098932,-39.475709928714,1.06620000003588));
#7238=CARTESIAN_POINT('Origin',(-4.56598306098932,-39.475709928714,2.46620000003588));
#7239=CARTESIAN_POINT('',(-3.16598306098932,-39.475709928714,2.46620000003588));
#7240=CARTESIAN_POINT('Origin',(-4.56598306098932,-39.475709928714,2.46620000003588));
#7241=CARTESIAN_POINT('',(-3.16598306098931,-41.475709928714,2.46620000003588));
#7242=CARTESIAN_POINT('Origin',(-4.56598306098931,-41.475709928714,2.46620000003588));
#7243=CARTESIAN_POINT('',(-3.16598306098932,-39.475709928714,2.46620000003588));
#7244=CARTESIAN_POINT('Origin',(-3.16598306098932,-39.475709928714,15.4662000000359));
#7245=CARTESIAN_POINT('',(-3.16598306098932,-39.475709928714,15.4662000000359));
#7246=CARTESIAN_POINT('',(-3.16598306098932,-39.475709928714,2.46620000003588));
#7247=CARTESIAN_POINT('',(-3.16598306098931,-41.475709928714,15.4662000000359));
#7248=CARTESIAN_POINT('',(-3.16598306098931,-41.475709928714,2.46620000003588));
#7249=CARTESIAN_POINT('',(-3.16598306098932,-39.475709928714,15.4662000000359));
#7250=CARTESIAN_POINT('Origin',(-4.56598306098932,-39.475709928714,15.4662000000359));
#7251=CARTESIAN_POINT('',(-4.56598306098932,-39.475709928714,16.8662000000359));
#7252=CARTESIAN_POINT('Origin',(-4.56598306098932,-39.475709928714,15.4662000000359));
#7253=CARTESIAN_POINT('',(-4.56598306098931,-41.475709928714,16.8662000000359));
#7254=CARTESIAN_POINT('Origin',(-4.56598306098931,-41.475709928714,15.4662000000359));
#7255=CARTESIAN_POINT('',(-4.56598306098932,-39.475709928714,16.8662000000359));
#7256=CARTESIAN_POINT('Origin',(-6.74953940716902,-39.475709928714,16.8662000000359));
#7257=CARTESIAN_POINT('',(-6.74953940716902,-39.475709928714,16.8662000000359));
#7258=CARTESIAN_POINT('',(-4.56598306098932,-39.475709928714,16.8662000000359));
#7259=CARTESIAN_POINT('',(-6.74953940716901,-41.475709928714,16.8662000000359));
#7260=CARTESIAN_POINT('',(-4.56598306098931,-41.475709928714,16.8662000000359));
#7261=CARTESIAN_POINT('',(-6.74953940716902,-39.475709928714,16.8662000000359));
#7262=CARTESIAN_POINT('Origin',(-6.74953940716902,-39.475709928714,15.4662000000359));
#7263=CARTESIAN_POINT('',(-8.08455513835648,-39.475709928714,15.8877839151489));
#7264=CARTESIAN_POINT('Origin',(-6.74953940716902,-39.475709928714,15.4662000000359));
#7265=CARTESIAN_POINT('',(-8.08455513835647,-41.475709928714,15.8877839151489));
#7266=CARTESIAN_POINT('Origin',(-6.74953940716901,-41.475709928714,15.4662000000359));
#7267=CARTESIAN_POINT('',(-8.08455513835648,-39.475709928714,15.8877839151489));
#7268=CARTESIAN_POINT('Origin',(-8.20167963079678,-39.475709928714,15.5168896890866));
#7269=CARTESIAN_POINT('',(-8.20167963079678,-39.475709928714,15.5168896890866));
#7270=CARTESIAN_POINT('',(-8.08455513835648,-39.475709928714,15.8877839151489));
#7271=CARTESIAN_POINT('',(-8.20167963079677,-41.475709928714,15.5168896890866));
#7272=CARTESIAN_POINT('',(-8.08455513835647,-41.475709928714,15.8877839151489));
#7273=CARTESIAN_POINT('',(-8.20167963079678,-39.475709928714,15.5168896890866));
#7274=CARTESIAN_POINT('Origin',(-9.06199754091388,-39.475709928714,14.7282649381464));
#7275=CARTESIAN_POINT('',(-9.06199754091388,-39.475709928714,14.7282649381464));
#7276=CARTESIAN_POINT('',(-8.20167963079678,-39.475709928714,15.5168896890866));
#7277=CARTESIAN_POINT('',(-9.06199754091388,-41.475709928714,14.7282649381464));
#7278=CARTESIAN_POINT('',(-8.20167963079677,-41.475709928714,15.5168896890866));
#7279=CARTESIAN_POINT('',(-9.06199754091388,-39.475709928714,14.7282649381464));
#7280=CARTESIAN_POINT('Origin',(-8.11598306098932,-39.475709928714,13.6962491418649));
#7281=CARTESIAN_POINT('Origin',(-8.11598306098932,-39.475709928714,13.6962491418649));
#7282=CARTESIAN_POINT('Origin',(-8.11598306098931,-41.475709928714,13.6962491418649));
#7283=CARTESIAN_POINT('Origin',(-42.0385290609894,-39.4757099287141,-7.54533599999999));
#7284=CARTESIAN_POINT('',(42.9638509390107,-41.4757099287139,-7.54533599999999));
#7285=CARTESIAN_POINT('Origin',(0.462660939010627,-41.475709928714,7.39834147801157));
#7286=CARTESIAN_POINT('Origin',(0.462660939010622,-39.475709928714,7.39834147801157));
#7287=UNCERTAINTY_MEASURE_WITH_UNIT(LENGTH_MEASURE(0.01),#7291,
'DISTANCE_ACCURACY_VALUE',
'Maximum model space distance between geometric entities at asserted c
onnectivities');
#7288=UNCERTAINTY_MEASURE_WITH_UNIT(LENGTH_MEASURE(0.01),#7291,
'DISTANCE_ACCURACY_VALUE',
'Maximum model space distance between geometric entities at asserted c
onnectivities');
#7289=(
GEOMETRIC_REPRESENTATION_CONTEXT(3)
GLOBAL_UNCERTAINTY_ASSIGNED_CONTEXT((#7287))
GLOBAL_UNIT_ASSIGNED_CONTEXT((#7291,#7293,#7294))
REPRESENTATION_CONTEXT('','3D')
);
#7290=(
GEOMETRIC_REPRESENTATION_CONTEXT(3)
GLOBAL_UNCERTAINTY_ASSIGNED_CONTEXT((#7288))
GLOBAL_UNIT_ASSIGNED_CONTEXT((#7291,#7293,#7294))
REPRESENTATION_CONTEXT('','3D')
);
#7291=(
LENGTH_UNIT()
NAMED_UNIT(*)
SI_UNIT(.MILLI.,.METRE.)
);
#7292=(
LENGTH_UNIT()
NAMED_UNIT(*)
SI_UNIT($,.METRE.)
);
#7293=(
NAMED_UNIT(*)
PLANE_ANGLE_UNIT()
SI_UNIT($,.RADIAN.)
);
#7294=(
NAMED_UNIT(*)
SI_UNIT($,.STERADIAN.)
SOLID_ANGLE_UNIT()
);
#7295=SHAPE_DEFINITION_REPRESENTATION(#7296,#7297);
#7296=PRODUCT_DEFINITION_SHAPE('',$,#7299);
#7297=SHAPE_REPRESENTATION('',(#4167),#7289);
#7298=PRODUCT_DEFINITION_CONTEXT('part definition',#7303,'design');
#7299=PRODUCT_DEFINITION('2026-08-24-17-48-49-513','Enclosure',#7300,#7298);
#7300=PRODUCT_DEFINITION_FORMATION('',$,#7305);
#7301=PRODUCT_RELATED_PRODUCT_CATEGORY('Enclosure','Enclosure',(#7305));
#7302=APPLICATION_PROTOCOL_DEFINITION('international standard',
'automotive_design',2009,#7303);
#7303=APPLICATION_CONTEXT(
'Core Data for Automotive Mechanical Design Process');
#7304=PRODUCT_CONTEXT('part definition',#7303,'mechanical');
#7305=PRODUCT('2026-08-24-17-48-49-513','Enclosure',$,(#7304));
#7306=PRESENTATION_STYLE_ASSIGNMENT((#7307));
#7307=SURFACE_STYLE_USAGE(.BOTH.,#7308);
#7308=SURFACE_SIDE_STYLE('',(#7309));
#7309=SURFACE_STYLE_FILL_AREA(#7310);
#7310=FILL_AREA_STYLE('Steel - Satin',(#7311));
#7311=FILL_AREA_STYLE_COLOUR('Steel - Satin',#7312);
#7312=COLOUR_RGB('Steel - Satin',0.627450980392157,0.627450980392157,0.627450980392157);
ENDSEC;
END-ISO-10303-21;
