ISO-10303-21;
HEADER;
/* Generated by software containing ST-Developer
 * from STEP Tools, Inc. (www.steptools.com) 
 */

FILE_DESCRIPTION(
/* description */ (''),
/* implementation_level */ '2;1');

FILE_NAME(
/* name */ 'MY-CAM Holder.step',
/* time_stamp */ '2026-08-23T13:18:47-05:00',
/* author */ (''),
/* organization */ (''),
/* preprocessor_version */ 'ST-DEVELOPER v20.1',
/* originating_system */ 'Autodesk Translation Framework v15.8.0.0',
/* authorisation */ '');

FILE_SCHEMA (('AUTOMOTIVE_DESIGN { 1 0 10303 214 3 1 1 }'));
ENDSEC;

DATA;
#10=MECHANICAL_DESIGN_GEOMETRIC_PRESENTATION_REPRESENTATION('',(#13),#4006);
#11=SHAPE_REPRESENTATION_RELATIONSHIP('SRR','None',#4013,#12);
#12=ADVANCED_BREP_SHAPE_REPRESENTATION('',(#14),#4005);
#13=STYLED_ITEM('',(#4022),#14);
#14=MANIFOLD_SOLID_BREP('Body1',#2349);
#15=FACE_BOUND('',#288,.T.);
#16=FACE_BOUND('',#296,.T.);
#17=FACE_BOUND('',#297,.T.);
#18=FACE_BOUND('',#298,.T.);
#19=FACE_BOUND('',#299,.T.);
#20=FACE_BOUND('',#300,.T.);
#21=FACE_BOUND('',#301,.T.);
#22=FACE_BOUND('',#304,.T.);
#23=FACE_BOUND('',#305,.T.);
#24=FACE_BOUND('',#306,.T.);
#25=FACE_BOUND('',#307,.T.);
#26=FACE_BOUND('',#308,.T.);
#27=FACE_BOUND('',#379,.T.);
#28=FACE_BOUND('',#388,.T.);
#29=FACE_BOUND('',#394,.T.);
#30=FACE_BOUND('',#403,.T.);
#31=FACE_BOUND('',#412,.T.);
#32=FACE_BOUND('',#414,.T.);
#33=FACE_BOUND('',#425,.T.);
#34=FACE_BOUND('',#434,.T.);
#35=PLANE('',#2370);
#36=PLANE('',#2371);
#37=PLANE('',#2372);
#38=PLANE('',#2373);
#39=PLANE('',#2374);
#40=PLANE('',#2375);
#41=PLANE('',#2376);
#42=PLANE('',#2377);
#43=PLANE('',#2378);
#44=PLANE('',#2379);
#45=PLANE('',#2405);
#46=PLANE('',#2423);
#47=PLANE('',#2426);
#48=PLANE('',#2429);
#49=PLANE('',#2430);
#50=PLANE('',#2433);
#51=PLANE('',#2436);
#52=PLANE('',#2439);
#53=PLANE('',#2442);
#54=PLANE('',#2445);
#55=PLANE('',#2448);
#56=PLANE('',#2451);
#57=PLANE('',#2454);
#58=PLANE('',#2455);
#59=PLANE('',#2458);
#60=PLANE('',#2461);
#61=PLANE('',#2467);
#62=PLANE('',#2472);
#63=PLANE('',#2475);
#64=PLANE('',#2477);
#65=PLANE('',#2478);
#66=PLANE('',#2482);
#67=PLANE('',#2484);
#68=PLANE('',#2485);
#69=PLANE('',#2486);
#70=PLANE('',#2487);
#71=PLANE('',#2488);
#72=PLANE('',#2489);
#73=PLANE('',#2490);
#74=PLANE('',#2501);
#75=PLANE('',#2503);
#76=PLANE('',#2505);
#77=PLANE('',#2507);
#78=PLANE('',#2510);
#79=PLANE('',#2511);
#80=PLANE('',#2512);
#81=PLANE('',#2513);
#82=PLANE('',#2517);
#83=PLANE('',#2520);
#84=PLANE('',#2521);
#85=PLANE('',#2522);
#86=PLANE('',#2529);
#87=PLANE('',#2530);
#88=PLANE('',#2531);
#89=PLANE('',#2536);
#90=PLANE('',#2546);
#91=PLANE('',#2547);
#92=PLANE('',#2548);
#93=PLANE('',#2554);
#94=PLANE('',#2555);
#95=PLANE('',#2560);
#96=PLANE('',#2561);
#97=PLANE('',#2562);
#98=PLANE('',#2571);
#99=PLANE('',#2572);
#100=PLANE('',#2573);
#101=PLANE('',#2574);
#102=PLANE('',#2580);
#103=PLANE('',#2583);
#104=PLANE('',#2587);
#105=PLANE('',#2588);
#106=PLANE('',#2592);
#107=PLANE('',#2599);
#108=PLANE('',#2600);
#109=PLANE('',#2603);
#110=PLANE('',#2610);
#111=CYLINDRICAL_SURFACE('',#2366,1.5);
#112=CYLINDRICAL_SURFACE('',#2368,1.25);
#113=CYLINDRICAL_SURFACE('',#2421,1.5);
#114=CYLINDRICAL_SURFACE('',#2466,8.5);
#115=CYLINDRICAL_SURFACE('',#2468,2.75);
#116=CYLINDRICAL_SURFACE('',#2473,8.5);
#117=CYLINDRICAL_SURFACE('',#2474,2.5);
#118=CYLINDRICAL_SURFACE('',#2476,2.5);
#119=CYLINDRICAL_SURFACE('',#2479,2.74999999999999);
#120=CYLINDRICAL_SURFACE('',#2483,3.);
#121=CYLINDRICAL_SURFACE('',#2493,1.5);
#122=CYLINDRICAL_SURFACE('',#2496,1.5);
#123=CYLINDRICAL_SURFACE('',#2499,1.5);
#124=CYLINDRICAL_SURFACE('',#2500,8.5);
#125=CYLINDRICAL_SURFACE('',#2502,8.5);
#126=CYLINDRICAL_SURFACE('',#2504,0.5);
#127=CYLINDRICAL_SURFACE('',#2506,0.5);
#128=CYLINDRICAL_SURFACE('',#2508,0.5);
#129=CYLINDRICAL_SURFACE('',#2509,0.5);
#130=CYLINDRICAL_SURFACE('',#2518,2.75000000000001);
#131=CYLINDRICAL_SURFACE('',#2525,2.75);
#132=CYLINDRICAL_SURFACE('',#2527,1.75);
#133=CYLINDRICAL_SURFACE('',#2532,2.75);
#134=CYLINDRICAL_SURFACE('',#2533,2.7499325430305);
#135=CYLINDRICAL_SURFACE('',#2542,2.75);
#136=CYLINDRICAL_SURFACE('',#2544,2.75);
#137=CYLINDRICAL_SURFACE('',#2550,1.75);
#138=CYLINDRICAL_SURFACE('',#2552,2.75);
#139=CYLINDRICAL_SURFACE('',#2557,2.74999999999999);
#140=CYLINDRICAL_SURFACE('',#2564,1.75);
#141=CYLINDRICAL_SURFACE('',#2567,2.75);
#142=CYLINDRICAL_SURFACE('',#2581,2.75);
#143=CYLINDRICAL_SURFACE('',#2584,2.75);
#144=CYLINDRICAL_SURFACE('',#2590,2.7499765354698);
#145=CYLINDRICAL_SURFACE('',#2597,2.74999999999999);
#146=CYLINDRICAL_SURFACE('',#2601,2.74999999999999);
#147=CYLINDRICAL_SURFACE('',#2606,2.75);
#148=CYLINDRICAL_SURFACE('',#2608,1.75);
#149=FACE_OUTER_BOUND('',#282,.T.);
#150=FACE_OUTER_BOUND('',#283,.T.);
#151=FACE_OUTER_BOUND('',#284,.T.);
#152=FACE_OUTER_BOUND('',#285,.T.);
#153=FACE_OUTER_BOUND('',#286,.T.);
#154=FACE_OUTER_BOUND('',#287,.T.);
#155=FACE_OUTER_BOUND('',#289,.T.);
#156=FACE_OUTER_BOUND('',#290,.T.);
#157=FACE_OUTER_BOUND('',#291,.T.);
#158=FACE_OUTER_BOUND('',#292,.T.);
#159=FACE_OUTER_BOUND('',#293,.T.);
#160=FACE_OUTER_BOUND('',#294,.T.);
#161=FACE_OUTER_BOUND('',#295,.T.);
#162=FACE_OUTER_BOUND('',#302,.T.);
#163=FACE_OUTER_BOUND('',#303,.T.);
#164=FACE_OUTER_BOUND('',#309,.T.);
#165=FACE_OUTER_BOUND('',#310,.T.);
#166=FACE_OUTER_BOUND('',#311,.T.);
#167=FACE_OUTER_BOUND('',#312,.T.);
#168=FACE_OUTER_BOUND('',#313,.T.);
#169=FACE_OUTER_BOUND('',#314,.T.);
#170=FACE_OUTER_BOUND('',#315,.T.);
#171=FACE_OUTER_BOUND('',#316,.T.);
#172=FACE_OUTER_BOUND('',#317,.T.);
#173=FACE_OUTER_BOUND('',#318,.T.);
#174=FACE_OUTER_BOUND('',#319,.T.);
#175=FACE_OUTER_BOUND('',#320,.T.);
#176=FACE_OUTER_BOUND('',#321,.T.);
#177=FACE_OUTER_BOUND('',#322,.T.);
#178=FACE_OUTER_BOUND('',#323,.T.);
#179=FACE_OUTER_BOUND('',#324,.T.);
#180=FACE_OUTER_BOUND('',#325,.T.);
#181=FACE_OUTER_BOUND('',#326,.T.);
#182=FACE_OUTER_BOUND('',#327,.T.);
#183=FACE_OUTER_BOUND('',#328,.T.);
#184=FACE_OUTER_BOUND('',#329,.T.);
#185=FACE_OUTER_BOUND('',#330,.T.);
#186=FACE_OUTER_BOUND('',#331,.T.);
#187=FACE_OUTER_BOUND('',#332,.T.);
#188=FACE_OUTER_BOUND('',#333,.T.);
#189=FACE_OUTER_BOUND('',#334,.T.);
#190=FACE_OUTER_BOUND('',#335,.T.);
#191=FACE_OUTER_BOUND('',#336,.T.);
#192=FACE_OUTER_BOUND('',#337,.T.);
#193=FACE_OUTER_BOUND('',#338,.T.);
#194=FACE_OUTER_BOUND('',#339,.T.);
#195=FACE_OUTER_BOUND('',#340,.T.);
#196=FACE_OUTER_BOUND('',#341,.T.);
#197=FACE_OUTER_BOUND('',#342,.T.);
#198=FACE_OUTER_BOUND('',#343,.T.);
#199=FACE_OUTER_BOUND('',#344,.T.);
#200=FACE_OUTER_BOUND('',#345,.T.);
#201=FACE_OUTER_BOUND('',#346,.T.);
#202=FACE_OUTER_BOUND('',#347,.T.);
#203=FACE_OUTER_BOUND('',#348,.T.);
#204=FACE_OUTER_BOUND('',#349,.T.);
#205=FACE_OUTER_BOUND('',#350,.T.);
#206=FACE_OUTER_BOUND('',#351,.T.);
#207=FACE_OUTER_BOUND('',#352,.T.);
#208=FACE_OUTER_BOUND('',#353,.T.);
#209=FACE_OUTER_BOUND('',#354,.T.);
#210=FACE_OUTER_BOUND('',#355,.T.);
#211=FACE_OUTER_BOUND('',#356,.T.);
#212=FACE_OUTER_BOUND('',#357,.T.);
#213=FACE_OUTER_BOUND('',#358,.T.);
#214=FACE_OUTER_BOUND('',#359,.T.);
#215=FACE_OUTER_BOUND('',#360,.T.);
#216=FACE_OUTER_BOUND('',#361,.T.);
#217=FACE_OUTER_BOUND('',#362,.T.);
#218=FACE_OUTER_BOUND('',#363,.T.);
#219=FACE_OUTER_BOUND('',#364,.T.);
#220=FACE_OUTER_BOUND('',#365,.T.);
#221=FACE_OUTER_BOUND('',#366,.T.);
#222=FACE_OUTER_BOUND('',#367,.T.);
#223=FACE_OUTER_BOUND('',#368,.T.);
#224=FACE_OUTER_BOUND('',#369,.T.);
#225=FACE_OUTER_BOUND('',#370,.T.);
#226=FACE_OUTER_BOUND('',#371,.T.);
#227=FACE_OUTER_BOUND('',#372,.T.);
#228=FACE_OUTER_BOUND('',#373,.T.);
#229=FACE_OUTER_BOUND('',#374,.T.);
#230=FACE_OUTER_BOUND('',#375,.T.);
#231=FACE_OUTER_BOUND('',#376,.T.);
#232=FACE_OUTER_BOUND('',#377,.T.);
#233=FACE_OUTER_BOUND('',#378,.T.);
#234=FACE_OUTER_BOUND('',#380,.T.);
#235=FACE_OUTER_BOUND('',#381,.T.);
#236=FACE_OUTER_BOUND('',#382,.T.);
#237=FACE_OUTER_BOUND('',#383,.T.);
#238=FACE_OUTER_BOUND('',#384,.T.);
#239=FACE_OUTER_BOUND('',#385,.T.);
#240=FACE_OUTER_BOUND('',#386,.T.);
#241=FACE_OUTER_BOUND('',#387,.T.);
#242=FACE_OUTER_BOUND('',#389,.T.);
#243=FACE_OUTER_BOUND('',#390,.T.);
#244=FACE_OUTER_BOUND('',#391,.T.);
#245=FACE_OUTER_BOUND('',#392,.T.);
#246=FACE_OUTER_BOUND('',#393,.T.);
#247=FACE_OUTER_BOUND('',#395,.T.);
#248=FACE_OUTER_BOUND('',#396,.T.);
#249=FACE_OUTER_BOUND('',#397,.T.);
#250=FACE_OUTER_BOUND('',#398,.T.);
#251=FACE_OUTER_BOUND('',#399,.T.);
#252=FACE_OUTER_BOUND('',#400,.T.);
#253=FACE_OUTER_BOUND('',#401,.T.);
#254=FACE_OUTER_BOUND('',#402,.T.);
#255=FACE_OUTER_BOUND('',#404,.T.);
#256=FACE_OUTER_BOUND('',#405,.T.);
#257=FACE_OUTER_BOUND('',#406,.T.);
#258=FACE_OUTER_BOUND('',#407,.T.);
#259=FACE_OUTER_BOUND('',#408,.T.);
#260=FACE_OUTER_BOUND('',#409,.T.);
#261=FACE_OUTER_BOUND('',#410,.T.);
#262=FACE_OUTER_BOUND('',#411,.T.);
#263=FACE_OUTER_BOUND('',#413,.T.);
#264=FACE_OUTER_BOUND('',#415,.T.);
#265=FACE_OUTER_BOUND('',#416,.T.);
#266=FACE_OUTER_BOUND('',#417,.T.);
#267=FACE_OUTER_BOUND('',#418,.T.);
#268=FACE_OUTER_BOUND('',#419,.T.);
#269=FACE_OUTER_BOUND('',#420,.T.);
#270=FACE_OUTER_BOUND('',#421,.T.);
#271=FACE_OUTER_BOUND('',#422,.T.);
#272=FACE_OUTER_BOUND('',#423,.T.);
#273=FACE_OUTER_BOUND('',#424,.T.);
#274=FACE_OUTER_BOUND('',#426,.T.);
#275=FACE_OUTER_BOUND('',#427,.T.);
#276=FACE_OUTER_BOUND('',#428,.T.);
#277=FACE_OUTER_BOUND('',#429,.T.);
#278=FACE_OUTER_BOUND('',#430,.T.);
#279=FACE_OUTER_BOUND('',#431,.T.);
#280=FACE_OUTER_BOUND('',#432,.T.);
#281=FACE_OUTER_BOUND('',#433,.T.);
#282=EDGE_LOOP('',(#1529,#1530,#1531,#1532));
#283=EDGE_LOOP('',(#1533,#1534,#1535,#1536));
#284=EDGE_LOOP('',(#1537,#1538,#1539,#1540));
#285=EDGE_LOOP('',(#1541));
#286=EDGE_LOOP('',(#1542,#1543,#1544,#1545));
#287=EDGE_LOOP('',(#1546,#1547,#1548,#1549));
#288=EDGE_LOOP('',(#1550));
#289=EDGE_LOOP('',(#1551,#1552,#1553,#1554,#1555,#1556,#1557,#1558));
#290=EDGE_LOOP('',(#1559,#1560,#1561,#1562));
#291=EDGE_LOOP('',(#1563,#1564,#1565,#1566));
#292=EDGE_LOOP('',(#1567,#1568,#1569,#1570,#1571,#1572,#1573));
#293=EDGE_LOOP('',(#1574,#1575,#1576,#1577));
#294=EDGE_LOOP('',(#1578,#1579,#1580,#1581,#1582,#1583,#1584));
#295=EDGE_LOOP('',(#1585,#1586,#1587,#1588,#1589,#1590,#1591,#1592,#1593,
#1594,#1595,#1596,#1597,#1598,#1599,#1600,#1601,#1602,#1603,#1604,#1605,
#1606,#1607,#1608,#1609,#1610,#1611,#1612,#1613,#1614,#1615,#1616,#1617,
#1618,#1619,#1620));
#296=EDGE_LOOP('',(#1621));
#297=EDGE_LOOP('',(#1622));
#298=EDGE_LOOP('',(#1623));
#299=EDGE_LOOP('',(#1624));
#300=EDGE_LOOP('',(#1625));
#301=EDGE_LOOP('',(#1626,#1627,#1628,#1629));
#302=EDGE_LOOP('',(#1630,#1631,#1632,#1633));
#303=EDGE_LOOP('',(#1634,#1635,#1636,#1637,#1638,#1639,#1640,#1641,#1642,
#1643,#1644,#1645,#1646,#1647,#1648,#1649,#1650,#1651,#1652,#1653,#1654,
#1655,#1656,#1657,#1658,#1659,#1660));
#304=EDGE_LOOP('',(#1661));
#305=EDGE_LOOP('',(#1662));
#306=EDGE_LOOP('',(#1663));
#307=EDGE_LOOP('',(#1664,#1665,#1666,#1667));
#308=EDGE_LOOP('',(#1668));
#309=EDGE_LOOP('',(#1669,#1670,#1671,#1672));
#310=EDGE_LOOP('',(#1673,#1674,#1675,#1676));
#311=EDGE_LOOP('',(#1677,#1678,#1679,#1680));
#312=EDGE_LOOP('',(#1681,#1682,#1683,#1684));
#313=EDGE_LOOP('',(#1685,#1686,#1687,#1688));
#314=EDGE_LOOP('',(#1689,#1690,#1691,#1692));
#315=EDGE_LOOP('',(#1693,#1694,#1695,#1696));
#316=EDGE_LOOP('',(#1697,#1698,#1699,#1700));
#317=EDGE_LOOP('',(#1701,#1702,#1703,#1704));
#318=EDGE_LOOP('',(#1705,#1706,#1707,#1708));
#319=EDGE_LOOP('',(#1709,#1710,#1711,#1712));
#320=EDGE_LOOP('',(#1713,#1714,#1715,#1716));
#321=EDGE_LOOP('',(#1717,#1718,#1719,#1720));
#322=EDGE_LOOP('',(#1721,#1722,#1723,#1724));
#323=EDGE_LOOP('',(#1725,#1726,#1727,#1728));
#324=EDGE_LOOP('',(#1729,#1730,#1731,#1732));
#325=EDGE_LOOP('',(#1733,#1734,#1735,#1736));
#326=EDGE_LOOP('',(#1737,#1738,#1739,#1740));
#327=EDGE_LOOP('',(#1741,#1742,#1743,#1744));
#328=EDGE_LOOP('',(#1745,#1746,#1747,#1748));
#329=EDGE_LOOP('',(#1749,#1750,#1751,#1752));
#330=EDGE_LOOP('',(#1753,#1754,#1755,#1756));
#331=EDGE_LOOP('',(#1757,#1758,#1759,#1760));
#332=EDGE_LOOP('',(#1761,#1762,#1763,#1764));
#333=EDGE_LOOP('',(#1765,#1766,#1767,#1768));
#334=EDGE_LOOP('',(#1769,#1770,#1771,#1772));
#335=EDGE_LOOP('',(#1773,#1774,#1775,#1776));
#336=EDGE_LOOP('',(#1777,#1778,#1779,#1780));
#337=EDGE_LOOP('',(#1781,#1782,#1783));
#338=EDGE_LOOP('',(#1784,#1785,#1786));
#339=EDGE_LOOP('',(#1787,#1788,#1789,#1790));
#340=EDGE_LOOP('',(#1791,#1792,#1793,#1794));
#341=EDGE_LOOP('',(#1795,#1796,#1797,#1798,#1799,#1800,#1801,#1802,#1803,
#1804,#1805,#1806,#1807));
#342=EDGE_LOOP('',(#1808,#1809,#1810,#1811));
#343=EDGE_LOOP('',(#1812,#1813,#1814,#1815));
#344=EDGE_LOOP('',(#1816,#1817,#1818,#1819));
#345=EDGE_LOOP('',(#1820,#1821,#1822,#1823));
#346=EDGE_LOOP('',(#1824,#1825,#1826,#1827));
#347=EDGE_LOOP('',(#1828,#1829,#1830,#1831));
#348=EDGE_LOOP('',(#1832,#1833,#1834,#1835));
#349=EDGE_LOOP('',(#1836,#1837,#1838,#1839,#1840,#1841,#1842,#1843,#1844));
#350=EDGE_LOOP('',(#1845,#1846,#1847,#1848));
#351=EDGE_LOOP('',(#1849,#1850,#1851,#1852));
#352=EDGE_LOOP('',(#1853,#1854,#1855,#1856));
#353=EDGE_LOOP('',(#1857,#1858,#1859,#1860));
#354=EDGE_LOOP('',(#1861,#1862,#1863,#1864));
#355=EDGE_LOOP('',(#1865,#1866,#1867,#1868));
#356=EDGE_LOOP('',(#1869,#1870,#1871,#1872));
#357=EDGE_LOOP('',(#1873,#1874,#1875,#1876));
#358=EDGE_LOOP('',(#1877,#1878,#1879,#1880));
#359=EDGE_LOOP('',(#1881,#1882,#1883,#1884));
#360=EDGE_LOOP('',(#1885,#1886,#1887,#1888));
#361=EDGE_LOOP('',(#1889,#1890,#1891,#1892));
#362=EDGE_LOOP('',(#1893,#1894,#1895,#1896));
#363=EDGE_LOOP('',(#1897,#1898,#1899,#1900));
#364=EDGE_LOOP('',(#1901,#1902,#1903,#1904));
#365=EDGE_LOOP('',(#1905,#1906,#1907,#1908));
#366=EDGE_LOOP('',(#1909,#1910,#1911,#1912));
#367=EDGE_LOOP('',(#1913,#1914,#1915,#1916));
#368=EDGE_LOOP('',(#1917,#1918,#1919,#1920));
#369=EDGE_LOOP('',(#1921,#1922,#1923,#1924));
#370=EDGE_LOOP('',(#1925,#1926,#1927,#1928));
#371=EDGE_LOOP('',(#1929,#1930,#1931,#1932));
#372=EDGE_LOOP('',(#1933,#1934,#1935,#1936));
#373=EDGE_LOOP('',(#1937,#1938,#1939,#1940));
#374=EDGE_LOOP('',(#1941,#1942,#1943,#1944));
#375=EDGE_LOOP('',(#1945,#1946,#1947,#1948));
#376=EDGE_LOOP('',(#1949,#1950,#1951,#1952));
#377=EDGE_LOOP('',(#1953,#1954,#1955,#1956));
#378=EDGE_LOOP('',(#1957,#1958,#1959,#1960,#1961,#1962));
#379=EDGE_LOOP('',(#1963));
#380=EDGE_LOOP('',(#1964,#1965,#1966,#1967));
#381=EDGE_LOOP('',(#1968,#1969,#1970,#1971));
#382=EDGE_LOOP('',(#1972,#1973,#1974,#1975));
#383=EDGE_LOOP('',(#1976,#1977,#1978,#1979));
#384=EDGE_LOOP('',(#1980,#1981,#1982,#1983,#1984,#1985,#1986));
#385=EDGE_LOOP('',(#1987,#1988,#1989,#1990,#1991,#1992,#1993,#1994));
#386=EDGE_LOOP('',(#1995,#1996,#1997,#1998));
#387=EDGE_LOOP('',(#1999));
#388=EDGE_LOOP('',(#2000));
#389=EDGE_LOOP('',(#2001,#2002,#2003,#2004));
#390=EDGE_LOOP('',(#2005,#2006,#2007,#2008));
#391=EDGE_LOOP('',(#2009,#2010,#2011,#2012));
#392=EDGE_LOOP('',(#2013,#2014,#2015,#2016,#2017));
#393=EDGE_LOOP('',(#2018,#2019,#2020,#2021,#2022,#2023,#2024,#2025));
#394=EDGE_LOOP('',(#2026));
#395=EDGE_LOOP('',(#2027,#2028,#2029,#2030));
#396=EDGE_LOOP('',(#2031,#2032,#2033,#2034));
#397=EDGE_LOOP('',(#2035,#2036,#2037,#2038));
#398=EDGE_LOOP('',(#2039,#2040,#2041,#2042));
#399=EDGE_LOOP('',(#2043,#2044,#2045,#2046,#2047));
#400=EDGE_LOOP('',(#2048,#2049,#2050,#2051));
#401=EDGE_LOOP('',(#2052,#2053,#2054,#2055,#2056,#2057,#2058,#2059));
#402=EDGE_LOOP('',(#2060));
#403=EDGE_LOOP('',(#2061));
#404=EDGE_LOOP('',(#2062,#2063,#2064));
#405=EDGE_LOOP('',(#2065,#2066,#2067,#2068,#2069,#2070,#2071));
#406=EDGE_LOOP('',(#2072,#2073,#2074,#2075,#2076,#2077));
#407=EDGE_LOOP('',(#2078,#2079,#2080,#2081));
#408=EDGE_LOOP('',(#2082,#2083,#2084,#2085,#2086));
#409=EDGE_LOOP('',(#2087,#2088,#2089,#2090));
#410=EDGE_LOOP('',(#2091,#2092,#2093,#2094,#2095,#2096,#2097,#2098));
#411=EDGE_LOOP('',(#2099,#2100,#2101,#2102,#2103));
#412=EDGE_LOOP('',(#2104));
#413=EDGE_LOOP('',(#2105));
#414=EDGE_LOOP('',(#2106));
#415=EDGE_LOOP('',(#2107));
#416=EDGE_LOOP('',(#2108,#2109,#2110,#2111,#2112,#2113,#2114,#2115));
#417=EDGE_LOOP('',(#2116,#2117,#2118,#2119,#2120));
#418=EDGE_LOOP('',(#2121,#2122,#2123,#2124,#2125,#2126,#2127));
#419=EDGE_LOOP('',(#2128,#2129,#2130,#2131));
#420=EDGE_LOOP('',(#2132,#2133,#2134,#2135,#2136));
#421=EDGE_LOOP('',(#2137,#2138,#2139,#2140));
#422=EDGE_LOOP('',(#2141,#2142,#2143));
#423=EDGE_LOOP('',(#2144,#2145,#2146,#2147,#2148,#2149));
#424=EDGE_LOOP('',(#2150,#2151,#2152,#2153,#2154,#2155));
#425=EDGE_LOOP('',(#2156));
#426=EDGE_LOOP('',(#2157,#2158,#2159,#2160,#2161,#2162));
#427=EDGE_LOOP('',(#2163,#2164,#2165,#2166,#2167,#2168));
#428=EDGE_LOOP('',(#2169,#2170,#2171,#2172));
#429=EDGE_LOOP('',(#2173,#2174,#2175,#2176));
#430=EDGE_LOOP('',(#2177,#2178,#2179,#2180,#2181,#2182));
#431=EDGE_LOOP('',(#2183,#2184,#2185,#2186,#2187,#2188,#2189,#2190));
#432=EDGE_LOOP('',(#2191,#2192,#2193,#2194));
#433=EDGE_LOOP('',(#2195));
#434=EDGE_LOOP('',(#2196));
#435=LINE('',#3333,#654);
#436=LINE('',#3338,#655);
#437=LINE('',#3341,#656);
#438=LINE('',#3347,#657);
#439=LINE('',#3349,#658);
#440=LINE('',#3351,#659);
#441=LINE('',#3352,#660);
#442=LINE('',#3355,#661);
#443=LINE('',#3357,#662);
#444=LINE('',#3358,#663);
#445=LINE('',#3361,#664);
#446=LINE('',#3363,#665);
#447=LINE('',#3365,#666);
#448=LINE('',#3367,#667);
#449=LINE('',#3369,#668);
#450=LINE('',#3371,#669);
#451=LINE('',#3372,#670);
#452=LINE('',#3376,#671);
#453=LINE('',#3378,#672);
#454=LINE('',#3380,#673);
#455=LINE('',#3381,#674);
#456=LINE('',#3383,#675);
#457=LINE('',#3384,#676);
#458=LINE('',#3387,#677);
#459=LINE('',#3388,#678);
#460=LINE('',#3391,#679);
#461=LINE('',#3392,#680);
#462=LINE('',#3394,#681);
#463=LINE('',#3399,#682);
#464=LINE('',#3403,#683);
#465=LINE('',#3405,#684);
#466=LINE('',#3413,#685);
#467=LINE('',#3417,#686);
#468=LINE('',#3421,#687);
#469=LINE('',#3425,#688);
#470=LINE('',#3429,#689);
#471=LINE('',#3433,#690);
#472=LINE('',#3437,#691);
#473=LINE('',#3441,#692);
#474=LINE('',#3445,#693);
#475=LINE('',#3449,#694);
#476=LINE('',#3455,#695);
#477=LINE('',#3469,#696);
#478=LINE('',#3471,#697);
#479=LINE('',#3473,#698);
#480=LINE('',#3474,#699);
#481=LINE('',#3479,#700);
#482=LINE('',#3484,#701);
#483=LINE('',#3488,#702);
#484=LINE('',#3492,#703);
#485=LINE('',#3496,#704);
#486=LINE('',#3500,#705);
#487=LINE('',#3504,#706);
#488=LINE('',#3508,#707);
#489=LINE('',#3512,#708);
#490=LINE('',#3516,#709);
#491=LINE('',#3518,#710);
#492=LINE('',#3522,#711);
#493=LINE('',#3526,#712);
#494=LINE('',#3528,#713);
#495=LINE('',#3532,#714);
#496=LINE('',#3535,#715);
#497=LINE('',#3544,#716);
#498=LINE('',#3546,#717);
#499=LINE('',#3548,#718);
#500=LINE('',#3549,#719);
#501=LINE('',#3552,#720);
#502=LINE('',#3556,#721);
#503=LINE('',#3558,#722);
#504=LINE('',#3559,#723);
#505=LINE('',#3563,#724);
#506=LINE('',#3566,#725);
#507=LINE('',#3567,#726);
#508=LINE('',#3571,#727);
#509=LINE('',#3574,#728);
#510=LINE('',#3575,#729);
#511=LINE('',#3579,#730);
#512=LINE('',#3580,#731);
#513=LINE('',#3581,#732);
#514=LINE('',#3585,#733);
#515=LINE('',#3588,#734);
#516=LINE('',#3589,#735);
#517=LINE('',#3592,#736);
#518=LINE('',#3594,#737);
#519=LINE('',#3598,#738);
#520=LINE('',#3601,#739);
#521=LINE('',#3602,#740);
#522=LINE('',#3605,#741);
#523=LINE('',#3609,#742);
#524=LINE('',#3610,#743);
#525=LINE('',#3614,#744);
#526=LINE('',#3617,#745);
#527=LINE('',#3618,#746);
#528=LINE('',#3622,#747);
#529=LINE('',#3625,#748);
#530=LINE('',#3626,#749);
#531=LINE('',#3629,#750);
#532=LINE('',#3633,#751);
#533=LINE('',#3634,#752);
#534=LINE('',#3638,#753);
#535=LINE('',#3641,#754);
#536=LINE('',#3642,#755);
#537=LINE('',#3645,#756);
#538=LINE('',#3647,#757);
#539=LINE('',#3648,#758);
#540=LINE('',#3652,#759);
#541=LINE('',#3655,#760);
#542=LINE('',#3656,#761);
#543=LINE('',#3659,#762);
#544=LINE('',#3662,#763);
#545=LINE('',#3668,#764);
#546=LINE('',#3669,#765);
#547=LINE('',#3671,#766);
#548=LINE('',#3675,#767);
#549=LINE('',#3679,#768);
#550=LINE('',#3681,#769);
#551=LINE('',#3684,#770);
#552=LINE('',#3685,#771);
#553=LINE('',#3688,#772);
#554=LINE('',#3691,#773);
#555=LINE('',#3693,#774);
#556=LINE('',#3695,#775);
#557=LINE('',#3697,#776);
#558=LINE('',#3699,#777);
#559=LINE('',#3701,#778);
#560=LINE('',#3703,#779);
#561=LINE('',#3707,#780);
#562=LINE('',#3710,#781);
#563=LINE('',#3712,#782);
#564=LINE('',#3714,#783);
#565=LINE('',#3717,#784);
#566=LINE('',#3719,#785);
#567=LINE('',#3720,#786);
#568=LINE('',#3723,#787);
#569=LINE('',#3724,#788);
#570=LINE('',#3727,#789);
#571=LINE('',#3728,#790);
#572=LINE('',#3730,#791);
#573=LINE('',#3732,#792);
#574=LINE('',#3733,#793);
#575=LINE('',#3735,#794);
#576=LINE('',#3738,#795);
#577=LINE('',#3741,#796);
#578=LINE('',#3744,#797);
#579=LINE('',#3747,#798);
#580=LINE('',#3750,#799);
#581=LINE('',#3753,#800);
#582=LINE('',#3755,#801);
#583=LINE('',#3756,#802);
#584=LINE('',#3758,#803);
#585=LINE('',#3760,#804);
#586=LINE('',#3761,#805);
#587=LINE('',#3764,#806);
#588=LINE('',#3765,#807);
#589=LINE('',#3767,#808);
#590=LINE('',#3769,#809);
#591=LINE('',#3770,#810);
#592=LINE('',#3774,#811);
#593=LINE('',#3776,#812);
#594=LINE('',#3783,#813);
#595=LINE('',#3786,#814);
#596=LINE('',#3791,#815);
#597=LINE('',#3792,#816);
#598=LINE('',#3796,#817);
#599=LINE('',#3799,#818);
#600=LINE('',#3800,#819);
#601=LINE('',#3803,#820);
#602=LINE('',#3804,#821);
#603=LINE('',#3811,#822);
#604=LINE('',#3815,#823);
#605=LINE('',#3819,#824);
#606=LINE('',#3821,#825);
#607=LINE('',#3825,#826);
#608=LINE('',#3836,#827);
#609=LINE('',#3840,#828);
#610=LINE('',#3845,#829);
#611=LINE('',#3848,#830);
#612=LINE('',#3852,#831);
#613=LINE('',#3855,#832);
#614=LINE('',#3856,#833);
#615=LINE('',#3859,#834);
#616=LINE('',#3860,#835);
#617=LINE('',#3865,#836);
#618=LINE('',#3869,#837);
#619=LINE('',#3874,#838);
#620=LINE('',#3879,#839);
#621=LINE('',#3882,#840);
#622=LINE('',#3886,#841);
#623=LINE('',#3888,#842);
#624=LINE('',#3889,#843);
#625=LINE('',#3892,#844);
#626=LINE('',#3894,#845);
#627=LINE('',#3895,#846);
#628=LINE('',#3902,#847);
#629=LINE('',#3908,#848);
#630=LINE('',#3921,#849);
#631=LINE('',#3925,#850);
#632=LINE('',#3929,#851);
#633=LINE('',#3933,#852);
#634=LINE('',#3935,#853);
#635=LINE('',#3937,#854);
#636=LINE('',#3938,#855);
#637=LINE('',#3940,#856);
#638=LINE('',#3943,#857);
#639=LINE('',#3946,#858);
#640=LINE('',#3947,#859);
#641=LINE('',#3958,#860);
#642=LINE('',#3959,#861);
#643=LINE('',#3962,#862);
#644=LINE('',#3966,#863);
#645=LINE('',#3974,#864);
#646=LINE('',#3977,#865);
#647=LINE('',#3980,#866);
#648=LINE('',#3981,#867);
#649=LINE('',#3984,#868);
#650=LINE('',#3986,#869);
#651=LINE('',#3987,#870);
#652=LINE('',#3996,#871);
#653=LINE('',#4000,#872);
#654=VECTOR('',#2617,0.75);
#655=VECTOR('',#2624,1.5);
#656=VECTOR('',#2627,1.25);
#657=VECTOR('',#2634,10.);
#658=VECTOR('',#2635,10.);
#659=VECTOR('',#2636,10.);
#660=VECTOR('',#2637,10.);
#661=VECTOR('',#2640,10.);
#662=VECTOR('',#2641,10.);
#663=VECTOR('',#2642,10.);
#664=VECTOR('',#2645,10.);
#665=VECTOR('',#2646,10.);
#666=VECTOR('',#2647,10.);
#667=VECTOR('',#2648,10.);
#668=VECTOR('',#2649,10.);
#669=VECTOR('',#2650,10.);
#670=VECTOR('',#2651,10.);
#671=VECTOR('',#2654,10.);
#672=VECTOR('',#2655,10.);
#673=VECTOR('',#2656,10.);
#674=VECTOR('',#2657,10.);
#675=VECTOR('',#2660,10.);
#676=VECTOR('',#2661,10.);
#677=VECTOR('',#2664,10.);
#678=VECTOR('',#2665,10.);
#679=VECTOR('',#2668,10.);
#680=VECTOR('',#2669,10.);
#681=VECTOR('',#2672,10.);
#682=VECTOR('',#2677,10.);
#683=VECTOR('',#2680,10.);
#684=VECTOR('',#2681,10.);
#685=VECTOR('',#2688,10.);
#686=VECTOR('',#2691,10.);
#687=VECTOR('',#2694,10.);
#688=VECTOR('',#2697,10.);
#689=VECTOR('',#2700,10.);
#690=VECTOR('',#2703,10.);
#691=VECTOR('',#2706,10.);
#692=VECTOR('',#2709,10.);
#693=VECTOR('',#2712,10.);
#694=VECTOR('',#2715,10.);
#695=VECTOR('',#2720,10.);
#696=VECTOR('',#2733,10.);
#697=VECTOR('',#2734,10.);
#698=VECTOR('',#2735,10.);
#699=VECTOR('',#2736,10.);
#700=VECTOR('',#2741,1.75);
#701=VECTOR('',#2746,10.);
#702=VECTOR('',#2749,10.);
#703=VECTOR('',#2752,10.);
#704=VECTOR('',#2755,10.);
#705=VECTOR('',#2758,10.);
#706=VECTOR('',#2761,10.);
#707=VECTOR('',#2764,10.);
#708=VECTOR('',#2767,10.);
#709=VECTOR('',#2770,10.);
#710=VECTOR('',#2771,10.);
#711=VECTOR('',#2774,10.);
#712=VECTOR('',#2777,10.);
#713=VECTOR('',#2778,10.);
#714=VECTOR('',#2781,10.);
#715=VECTOR('',#2784,10.);
#716=VECTOR('',#2791,10.);
#717=VECTOR('',#2792,10.);
#718=VECTOR('',#2793,10.);
#719=VECTOR('',#2794,10.);
#720=VECTOR('',#2797,1.5);
#721=VECTOR('',#2802,10.);
#722=VECTOR('',#2803,10.);
#723=VECTOR('',#2804,10.);
#724=VECTOR('',#2809,10.);
#725=VECTOR('',#2812,10.);
#726=VECTOR('',#2813,10.);
#727=VECTOR('',#2818,10.);
#728=VECTOR('',#2821,10.);
#729=VECTOR('',#2822,10.);
#730=VECTOR('',#2825,10.);
#731=VECTOR('',#2826,10.);
#732=VECTOR('',#2827,10.);
#733=VECTOR('',#2832,10.);
#734=VECTOR('',#2835,10.);
#735=VECTOR('',#2836,10.);
#736=VECTOR('',#2841,10.);
#737=VECTOR('',#2844,10.);
#738=VECTOR('',#2849,10.);
#739=VECTOR('',#2852,10.);
#740=VECTOR('',#2853,10.);
#741=VECTOR('',#2856,10.);
#742=VECTOR('',#2861,10.);
#743=VECTOR('',#2862,10.);
#744=VECTOR('',#2867,10.);
#745=VECTOR('',#2870,10.);
#746=VECTOR('',#2871,10.);
#747=VECTOR('',#2876,10.);
#748=VECTOR('',#2879,10.);
#749=VECTOR('',#2880,10.);
#750=VECTOR('',#2883,10.);
#751=VECTOR('',#2888,10.);
#752=VECTOR('',#2889,10.);
#753=VECTOR('',#2894,10.);
#754=VECTOR('',#2897,10.);
#755=VECTOR('',#2898,10.);
#756=VECTOR('',#2901,10.);
#757=VECTOR('',#2902,10.);
#758=VECTOR('',#2903,10.);
#759=VECTOR('',#2908,10.);
#760=VECTOR('',#2911,10.);
#761=VECTOR('',#2912,10.);
#762=VECTOR('',#2915,10.);
#763=VECTOR('',#2920,10.);
#764=VECTOR('',#2931,10.);
#765=VECTOR('',#2932,10.);
#766=VECTOR('',#2935,10.);
#767=VECTOR('',#2938,10.);
#768=VECTOR('',#2941,10.);
#769=VECTOR('',#2942,10.);
#770=VECTOR('',#2945,2.75);
#771=VECTOR('',#2946,10.);
#772=VECTOR('',#2951,10.);
#773=VECTOR('',#2956,10.);
#774=VECTOR('',#2959,10.);
#775=VECTOR('',#2962,10.);
#776=VECTOR('',#2965,10.);
#777=VECTOR('',#2968,10.);
#778=VECTOR('',#2971,10.);
#779=VECTOR('',#2972,10.);
#780=VECTOR('',#2975,10.);
#781=VECTOR('',#2980,10.);
#782=VECTOR('',#2983,10.);
#783=VECTOR('',#2986,10.);
#784=VECTOR('',#2989,10.);
#785=VECTOR('',#2990,10.);
#786=VECTOR('',#2991,10.);
#787=VECTOR('',#2994,10.);
#788=VECTOR('',#2995,10.);
#789=VECTOR('',#2998,10.);
#790=VECTOR('',#2999,10.);
#791=VECTOR('',#3002,10.);
#792=VECTOR('',#3005,10.);
#793=VECTOR('',#3006,10.);
#794=VECTOR('',#3009,10.);
#795=VECTOR('',#3012,1.75);
#796=VECTOR('',#3017,1.5);
#797=VECTOR('',#3020,1.75);
#798=VECTOR('',#3025,1.5);
#799=VECTOR('',#3028,1.75);
#800=VECTOR('',#3033,1.5);
#801=VECTOR('',#3036,10.);
#802=VECTOR('',#3037,10.);
#803=VECTOR('',#3040,10.);
#804=VECTOR('',#3043,10.);
#805=VECTOR('',#3044,10.);
#806=VECTOR('',#3049,10.);
#807=VECTOR('',#3050,10.);
#808=VECTOR('',#3053,10.);
#809=VECTOR('',#3056,10.);
#810=VECTOR('',#3057,10.);
#811=VECTOR('',#3064,10.);
#812=VECTOR('',#3067,10.);
#813=VECTOR('',#3076,10.);
#814=VECTOR('',#3079,10.);
#815=VECTOR('',#3084,10.);
#816=VECTOR('',#3085,10.);
#817=VECTOR('',#3090,10.);
#818=VECTOR('',#3093,10.);
#819=VECTOR('',#3094,10.);
#820=VECTOR('',#3097,10.);
#821=VECTOR('',#3098,10.);
#822=VECTOR('',#3107,2.75);
#823=VECTOR('',#3112,1.75);
#824=VECTOR('',#3119,10.);
#825=VECTOR('',#3122,10.);
#826=VECTOR('',#3127,2.7499325430305);
#827=VECTOR('',#3138,10.);
#828=VECTOR('',#3143,10.);
#829=VECTOR('',#3148,10.);
#830=VECTOR('',#3151,10.);
#831=VECTOR('',#3156,10.);
#832=VECTOR('',#3159,10.);
#833=VECTOR('',#3160,10.);
#834=VECTOR('',#3163,10.);
#835=VECTOR('',#3164,10.);
#836=VECTOR('',#3171,1.75);
#837=VECTOR('',#3176,2.75);
#838=VECTOR('',#3183,10.);
#839=VECTOR('',#3188,10.);
#840=VECTOR('',#3191,10.);
#841=VECTOR('',#3196,10.);
#842=VECTOR('',#3197,10.);
#843=VECTOR('',#3198,10.);
#844=VECTOR('',#3201,10.);
#845=VECTOR('',#3202,10.);
#846=VECTOR('',#3203,10.);
#847=VECTOR('',#3212,1.75);
#848=VECTOR('',#3219,2.75);
#849=VECTOR('',#3236,10.);
#850=VECTOR('',#3239,10.);
#851=VECTOR('',#3242,10.);
#852=VECTOR('',#3247,10.);
#853=VECTOR('',#3248,10.);
#854=VECTOR('',#3249,10.);
#855=VECTOR('',#3250,10.);
#856=VECTOR('',#3253,2.75);
#857=VECTOR('',#3256,10.);
#858=VECTOR('',#3259,10.);
#859=VECTOR('',#3260,10.);
#860=VECTOR('',#3277,10.);
#861=VECTOR('',#3278,10.);
#862=VECTOR('',#3281,10.);
#863=VECTOR('',#3284,10.);
#864=VECTOR('',#3293,10.);
#865=VECTOR('',#3296,10.);
#866=VECTOR('',#3299,10.);
#867=VECTOR('',#3300,10.);
#868=VECTOR('',#3303,10.);
#869=VECTOR('',#3304,10.);
#870=VECTOR('',#3305,10.);
#871=VECTOR('',#3318,2.75);
#872=VECTOR('',#3323,1.75);
#873=CIRCLE('',#2364,1.5);
#874=CIRCLE('',#2365,1.25);
#875=CIRCLE('',#2367,1.5);
#876=CIRCLE('',#2369,1.25);
#877=CIRCLE('',#2380,2.5);
#878=CIRCLE('',#2381,2.5);
#879=CIRCLE('',#2382,2.74999999484109);
#880=CIRCLE('',#2383,2.74999999999999);
#881=CIRCLE('',#2384,2.74999999484109);
#882=CIRCLE('',#2385,3.);
#883=CIRCLE('',#2386,0.5);
#884=CIRCLE('',#2387,0.5);
#885=CIRCLE('',#2388,0.5);
#886=CIRCLE('',#2389,0.5);
#887=CIRCLE('',#2390,8.5);
#888=CIRCLE('',#2391,2.75);
#889=CIRCLE('',#2392,8.5);
#890=CIRCLE('',#2393,8.5);
#891=CIRCLE('',#2394,2.75000000000001);
#892=CIRCLE('',#2395,2.75000000000001);
#893=CIRCLE('',#2396,8.5);
#894=CIRCLE('',#2397,1.5);
#895=CIRCLE('',#2398,1.5);
#896=CIRCLE('',#2399,1.5);
#897=CIRCLE('',#2400,2.7499325430305);
#898=CIRCLE('',#2401,2.75);
#899=CIRCLE('',#2403,2.);
#900=CIRCLE('',#2404,1.5);
#901=CIRCLE('',#2406,2.);
#902=CIRCLE('',#2407,2.);
#903=CIRCLE('',#2408,9.);
#904=CIRCLE('',#2409,2.25000000000001);
#905=CIRCLE('',#2410,9.);
#906=CIRCLE('',#2411,9.);
#907=CIRCLE('',#2412,2.25);
#908=CIRCLE('',#2413,9.);
#909=CIRCLE('',#2414,0.999999999999999);
#910=CIRCLE('',#2415,0.999999999999999);
#911=CIRCLE('',#2416,3.5);
#912=CIRCLE('',#2417,2.24999999484109);
#913=CIRCLE('',#2418,2.);
#914=CIRCLE('',#2419,2.);
#915=CIRCLE('',#2420,2.);
#916=CIRCLE('',#2422,1.5);
#917=CIRCLE('',#2425,0.5);
#918=CIRCLE('',#2428,0.5);
#919=CIRCLE('',#2432,2.5);
#920=CIRCLE('',#2435,2.5);
#921=CIRCLE('',#2438,8.5);
#922=CIRCLE('',#2441,2.75);
#923=CIRCLE('',#2444,8.5);
#924=CIRCLE('',#2447,8.5);
#925=CIRCLE('',#2450,2.75);
#926=CIRCLE('',#2453,8.5);
#927=CIRCLE('',#2457,3.);
#928=CIRCLE('',#2460,2.74999999999999);
#929=CIRCLE('',#2463,0.5);
#930=CIRCLE('',#2465,0.500000000000001);
#931=CIRCLE('',#2469,2.75);
#932=CIRCLE('',#2470,2.75000000000001);
#933=CIRCLE('',#2471,2.75000000000001);
#934=CIRCLE('',#2480,2.74999999999999);
#935=CIRCLE('',#2481,2.74999999484109);
#936=CIRCLE('',#2492,1.5);
#937=CIRCLE('',#2495,1.5);
#938=CIRCLE('',#2498,1.5);
#939=CIRCLE('',#2514,2.75000000000001);
#940=CIRCLE('',#2515,2.75);
#941=CIRCLE('',#2516,1.75);
#942=CIRCLE('',#2519,2.75000000000001);
#943=CIRCLE('',#2523,2.75);
#944=CIRCLE('',#2524,2.75);
#945=CIRCLE('',#2526,2.75);
#946=CIRCLE('',#2528,1.75);
#947=CIRCLE('',#2534,2.7499325430305);
#948=CIRCLE('',#2535,2.7499325430305);
#949=CIRCLE('',#2537,2.75);
#950=CIRCLE('',#2538,2.75);
#951=CIRCLE('',#2539,2.75);
#952=CIRCLE('',#2540,2.75);
#953=CIRCLE('',#2541,1.75);
#954=CIRCLE('',#2543,2.75);
#955=CIRCLE('',#2545,2.75);
#956=CIRCLE('',#2549,2.75);
#957=CIRCLE('',#2551,1.75);
#958=CIRCLE('',#2553,2.75);
#959=CIRCLE('',#2556,2.74999999999999);
#960=CIRCLE('',#2558,2.74999999999999);
#961=CIRCLE('',#2559,2.74999999999999);
#962=CIRCLE('',#2563,2.75);
#963=CIRCLE('',#2565,1.75);
#964=CIRCLE('',#2566,1.75);
#965=CIRCLE('',#2568,2.75);
#966=CIRCLE('',#2569,2.75);
#967=CIRCLE('',#2570,2.75);
#968=CIRCLE('',#2575,2.7499765354698);
#969=CIRCLE('',#2576,2.74999999933005);
#970=CIRCLE('',#2577,2.7499765354698);
#971=CIRCLE('',#2578,2.75);
#972=CIRCLE('',#2579,2.75);
#973=CIRCLE('',#2582,2.75);
#974=CIRCLE('',#2585,2.75);
#975=CIRCLE('',#2586,2.75);
#976=CIRCLE('',#2589,2.7499765354698);
#977=CIRCLE('',#2591,2.7499765354698);
#978=CIRCLE('',#2593,2.75);
#979=CIRCLE('',#2594,2.74999999999999);
#980=CIRCLE('',#2595,2.74999999999999);
#981=CIRCLE('',#2596,1.75);
#982=CIRCLE('',#2598,2.74999999999999);
#983=CIRCLE('',#2602,2.74999999999999);
#984=CIRCLE('',#2604,2.75);
#985=CIRCLE('',#2605,2.75);
#986=CIRCLE('',#2607,2.75);
#987=CIRCLE('',#2609,1.75);
#988=VERTEX_POINT('',#3330);
#989=VERTEX_POINT('',#3332);
#990=VERTEX_POINT('',#3336);
#991=VERTEX_POINT('',#3340);
#992=VERTEX_POINT('',#3345);
#993=VERTEX_POINT('',#3346);
#994=VERTEX_POINT('',#3348);
#995=VERTEX_POINT('',#3350);
#996=VERTEX_POINT('',#3354);
#997=VERTEX_POINT('',#3356);
#998=VERTEX_POINT('',#3360);
#999=VERTEX_POINT('',#3362);
#1000=VERTEX_POINT('',#3364);
#1001=VERTEX_POINT('',#3366);
#1002=VERTEX_POINT('',#3368);
#1003=VERTEX_POINT('',#3370);
#1004=VERTEX_POINT('',#3374);
#1005=VERTEX_POINT('',#3375);
#1006=VERTEX_POINT('',#3377);
#1007=VERTEX_POINT('',#3379);
#1008=VERTEX_POINT('',#3386);
#1009=VERTEX_POINT('',#3390);
#1010=VERTEX_POINT('',#3396);
#1011=VERTEX_POINT('',#3398);
#1012=VERTEX_POINT('',#3400);
#1013=VERTEX_POINT('',#3402);
#1014=VERTEX_POINT('',#3404);
#1015=VERTEX_POINT('',#3406);
#1016=VERTEX_POINT('',#3408);
#1017=VERTEX_POINT('',#3410);
#1018=VERTEX_POINT('',#3412);
#1019=VERTEX_POINT('',#3414);
#1020=VERTEX_POINT('',#3416);
#1021=VERTEX_POINT('',#3418);
#1022=VERTEX_POINT('',#3420);
#1023=VERTEX_POINT('',#3422);
#1024=VERTEX_POINT('',#3424);
#1025=VERTEX_POINT('',#3426);
#1026=VERTEX_POINT('',#3428);
#1027=VERTEX_POINT('',#3430);
#1028=VERTEX_POINT('',#3432);
#1029=VERTEX_POINT('',#3434);
#1030=VERTEX_POINT('',#3436);
#1031=VERTEX_POINT('',#3438);
#1032=VERTEX_POINT('',#3440);
#1033=VERTEX_POINT('',#3442);
#1034=VERTEX_POINT('',#3444);
#1035=VERTEX_POINT('',#3446);
#1036=VERTEX_POINT('',#3448);
#1037=VERTEX_POINT('',#3450);
#1038=VERTEX_POINT('',#3452);
#1039=VERTEX_POINT('',#3454);
#1040=VERTEX_POINT('',#3457);
#1041=VERTEX_POINT('',#3459);
#1042=VERTEX_POINT('',#3461);
#1043=VERTEX_POINT('',#3463);
#1044=VERTEX_POINT('',#3465);
#1045=VERTEX_POINT('',#3467);
#1046=VERTEX_POINT('',#3468);
#1047=VERTEX_POINT('',#3470);
#1048=VERTEX_POINT('',#3472);
#1049=VERTEX_POINT('',#3476);
#1050=VERTEX_POINT('',#3478);
#1051=VERTEX_POINT('',#3482);
#1052=VERTEX_POINT('',#3483);
#1053=VERTEX_POINT('',#3485);
#1054=VERTEX_POINT('',#3487);
#1055=VERTEX_POINT('',#3489);
#1056=VERTEX_POINT('',#3491);
#1057=VERTEX_POINT('',#3493);
#1058=VERTEX_POINT('',#3495);
#1059=VERTEX_POINT('',#3497);
#1060=VERTEX_POINT('',#3499);
#1061=VERTEX_POINT('',#3501);
#1062=VERTEX_POINT('',#3503);
#1063=VERTEX_POINT('',#3505);
#1064=VERTEX_POINT('',#3507);
#1065=VERTEX_POINT('',#3509);
#1066=VERTEX_POINT('',#3511);
#1067=VERTEX_POINT('',#3513);
#1068=VERTEX_POINT('',#3515);
#1069=VERTEX_POINT('',#3517);
#1070=VERTEX_POINT('',#3519);
#1071=VERTEX_POINT('',#3521);
#1072=VERTEX_POINT('',#3523);
#1073=VERTEX_POINT('',#3525);
#1074=VERTEX_POINT('',#3527);
#1075=VERTEX_POINT('',#3529);
#1076=VERTEX_POINT('',#3531);
#1077=VERTEX_POINT('',#3533);
#1078=VERTEX_POINT('',#3536);
#1079=VERTEX_POINT('',#3538);
#1080=VERTEX_POINT('',#3540);
#1081=VERTEX_POINT('',#3542);
#1082=VERTEX_POINT('',#3543);
#1083=VERTEX_POINT('',#3545);
#1084=VERTEX_POINT('',#3547);
#1085=VERTEX_POINT('',#3551);
#1086=VERTEX_POINT('',#3555);
#1087=VERTEX_POINT('',#3557);
#1088=VERTEX_POINT('',#3561);
#1089=VERTEX_POINT('',#3565);
#1090=VERTEX_POINT('',#3569);
#1091=VERTEX_POINT('',#3573);
#1092=VERTEX_POINT('',#3577);
#1093=VERTEX_POINT('',#3578);
#1094=VERTEX_POINT('',#3583);
#1095=VERTEX_POINT('',#3587);
#1096=VERTEX_POINT('',#3596);
#1097=VERTEX_POINT('',#3600);
#1098=VERTEX_POINT('',#3604);
#1099=VERTEX_POINT('',#3608);
#1100=VERTEX_POINT('',#3612);
#1101=VERTEX_POINT('',#3616);
#1102=VERTEX_POINT('',#3620);
#1103=VERTEX_POINT('',#3624);
#1104=VERTEX_POINT('',#3628);
#1105=VERTEX_POINT('',#3632);
#1106=VERTEX_POINT('',#3636);
#1107=VERTEX_POINT('',#3640);
#1108=VERTEX_POINT('',#3644);
#1109=VERTEX_POINT('',#3646);
#1110=VERTEX_POINT('',#3650);
#1111=VERTEX_POINT('',#3654);
#1112=VERTEX_POINT('',#3658);
#1113=VERTEX_POINT('',#3673);
#1114=VERTEX_POINT('',#3674);
#1115=VERTEX_POINT('',#3676);
#1116=VERTEX_POINT('',#3678);
#1117=VERTEX_POINT('',#3680);
#1118=VERTEX_POINT('',#3682);
#1119=VERTEX_POINT('',#3702);
#1120=VERTEX_POINT('',#3704);
#1121=VERTEX_POINT('',#3706);
#1122=VERTEX_POINT('',#3716);
#1123=VERTEX_POINT('',#3718);
#1124=VERTEX_POINT('',#3722);
#1125=VERTEX_POINT('',#3726);
#1126=VERTEX_POINT('',#3737);
#1127=VERTEX_POINT('',#3743);
#1128=VERTEX_POINT('',#3749);
#1129=VERTEX_POINT('',#3780);
#1130=VERTEX_POINT('',#3782);
#1131=VERTEX_POINT('',#3784);
#1132=VERTEX_POINT('',#3787);
#1133=VERTEX_POINT('',#3790);
#1134=VERTEX_POINT('',#3794);
#1135=VERTEX_POINT('',#3798);
#1136=VERTEX_POINT('',#3802);
#1137=VERTEX_POINT('',#3806);
#1138=VERTEX_POINT('',#3810);
#1139=VERTEX_POINT('',#3814);
#1140=VERTEX_POINT('',#3824);
#1141=VERTEX_POINT('',#3826);
#1142=VERTEX_POINT('',#3830);
#1143=VERTEX_POINT('',#3831);
#1144=VERTEX_POINT('',#3833);
#1145=VERTEX_POINT('',#3835);
#1146=VERTEX_POINT('',#3837);
#1147=VERTEX_POINT('',#3841);
#1148=VERTEX_POINT('',#3844);
#1149=VERTEX_POINT('',#3846);
#1150=VERTEX_POINT('',#3850);
#1151=VERTEX_POINT('',#3854);
#1152=VERTEX_POINT('',#3858);
#1153=VERTEX_POINT('',#3864);
#1154=VERTEX_POINT('',#3868);
#1155=VERTEX_POINT('',#3873);
#1156=VERTEX_POINT('',#3877);
#1157=VERTEX_POINT('',#3878);
#1158=VERTEX_POINT('',#3881);
#1159=VERTEX_POINT('',#3885);
#1160=VERTEX_POINT('',#3887);
#1161=VERTEX_POINT('',#3891);
#1162=VERTEX_POINT('',#3893);
#1163=VERTEX_POINT('',#3899);
#1164=VERTEX_POINT('',#3901);
#1165=VERTEX_POINT('',#3905);
#1166=VERTEX_POINT('',#3907);
#1167=VERTEX_POINT('',#3915);
#1168=VERTEX_POINT('',#3916);
#1169=VERTEX_POINT('',#3918);
#1170=VERTEX_POINT('',#3920);
#1171=VERTEX_POINT('',#3922);
#1172=VERTEX_POINT('',#3924);
#1173=VERTEX_POINT('',#3926);
#1174=VERTEX_POINT('',#3928);
#1175=VERTEX_POINT('',#3932);
#1176=VERTEX_POINT('',#3934);
#1177=VERTEX_POINT('',#3936);
#1178=VERTEX_POINT('',#3941);
#1179=VERTEX_POINT('',#3945);
#1180=VERTEX_POINT('',#3955);
#1181=VERTEX_POINT('',#3956);
#1182=VERTEX_POINT('',#3961);
#1183=VERTEX_POINT('',#3963);
#1184=VERTEX_POINT('',#3965);
#1185=VERTEX_POINT('',#3967);
#1186=VERTEX_POINT('',#3970);
#1187=VERTEX_POINT('',#3973);
#1188=VERTEX_POINT('',#3975);
#1189=VERTEX_POINT('',#3979);
#1190=VERTEX_POINT('',#3983);
#1191=VERTEX_POINT('',#3985);
#1192=VERTEX_POINT('',#3991);
#1193=VERTEX_POINT('',#3995);
#1194=VERTEX_POINT('',#3999);
#1195=EDGE_CURVE('',#988,#988,#873,.T.);
#1196=EDGE_CURVE('',#988,#989,#435,.T.);
#1197=EDGE_CURVE('',#989,#989,#874,.T.);
#1198=EDGE_CURVE('',#990,#990,#875,.T.);
#1199=EDGE_CURVE('',#990,#988,#436,.T.);
#1200=EDGE_CURVE('',#989,#991,#437,.T.);
#1201=EDGE_CURVE('',#991,#991,#876,.T.);
#1202=EDGE_CURVE('',#992,#993,#438,.T.);
#1203=EDGE_CURVE('',#992,#994,#439,.T.);
#1204=EDGE_CURVE('',#995,#994,#440,.T.);
#1205=EDGE_CURVE('',#993,#995,#441,.T.);
#1206=EDGE_CURVE('',#994,#996,#442,.T.);
#1207=EDGE_CURVE('',#996,#997,#443,.T.);
#1208=EDGE_CURVE('',#997,#995,#444,.T.);
#1209=EDGE_CURVE('',#998,#993,#445,.T.);
#1210=EDGE_CURVE('',#999,#998,#446,.T.);
#1211=EDGE_CURVE('',#1000,#999,#447,.T.);
#1212=EDGE_CURVE('',#1001,#1000,#448,.T.);
#1213=EDGE_CURVE('',#1002,#1001,#449,.T.);
#1214=EDGE_CURVE('',#1003,#1002,#450,.T.);
#1215=EDGE_CURVE('',#1003,#992,#451,.T.);
#1216=EDGE_CURVE('',#1004,#1005,#452,.T.);
#1217=EDGE_CURVE('',#1005,#1006,#453,.T.);
#1218=EDGE_CURVE('',#1006,#1007,#454,.T.);
#1219=EDGE_CURVE('',#1007,#1004,#455,.T.);
#1220=EDGE_CURVE('',#1005,#997,#456,.T.);
#1221=EDGE_CURVE('',#1006,#996,#457,.T.);
#1222=EDGE_CURVE('',#1008,#1004,#458,.T.);
#1223=EDGE_CURVE('',#998,#1008,#459,.T.);
#1224=EDGE_CURVE('',#1009,#1007,#460,.T.);
#1225=EDGE_CURVE('',#1008,#1009,#461,.T.);
#1226=EDGE_CURVE('',#1009,#1003,#462,.T.);
#1227=EDGE_CURVE('',#1010,#1002,#877,.T.);
#1228=EDGE_CURVE('',#1010,#1011,#463,.T.);
#1229=EDGE_CURVE('',#1012,#1011,#878,.T.);
#1230=EDGE_CURVE('',#1012,#1013,#464,.T.);
#1231=EDGE_CURVE('',#1014,#1013,#465,.T.);
#1232=EDGE_CURVE('',#1015,#1014,#879,.T.);
#1233=EDGE_CURVE('',#1015,#1016,#880,.T.);
#1234=EDGE_CURVE('',#1016,#1017,#881,.T.);
#1235=EDGE_CURVE('',#1018,#1017,#466,.T.);
#1236=EDGE_CURVE('',#1019,#1018,#882,.T.);
#1237=EDGE_CURVE('',#1019,#1020,#467,.T.);
#1238=EDGE_CURVE('',#1021,#1020,#883,.T.);
#1239=EDGE_CURVE('',#1021,#1022,#468,.T.);
#1240=EDGE_CURVE('',#1023,#1022,#884,.T.);
#1241=EDGE_CURVE('',#1023,#1024,#469,.T.);
#1242=EDGE_CURVE('',#1025,#1024,#885,.T.);
#1243=EDGE_CURVE('',#1025,#1026,#470,.T.);
#1244=EDGE_CURVE('',#1027,#1026,#886,.T.);
#1245=EDGE_CURVE('',#1027,#1028,#471,.T.);
#1246=EDGE_CURVE('',#1029,#1028,#887,.T.);
#1247=EDGE_CURVE('',#1030,#1029,#472,.T.);
#1248=EDGE_CURVE('',#1031,#1030,#888,.T.);
#1249=EDGE_CURVE('',#1032,#1031,#473,.T.);
#1250=EDGE_CURVE('',#1033,#1032,#889,.T.);
#1251=EDGE_CURVE('',#1033,#1034,#474,.T.);
#1252=EDGE_CURVE('',#1035,#1034,#890,.T.);
#1253=EDGE_CURVE('',#1036,#1035,#475,.T.);
#1254=EDGE_CURVE('',#1036,#1037,#891,.T.);
#1255=EDGE_CURVE('',#1037,#1038,#892,.T.);
#1256=EDGE_CURVE('',#1039,#1038,#476,.T.);
#1257=EDGE_CURVE('',#999,#1039,#893,.T.);
#1258=EDGE_CURVE('',#1040,#1040,#894,.T.);
#1259=EDGE_CURVE('',#1041,#1041,#895,.T.);
#1260=EDGE_CURVE('',#1042,#1042,#896,.T.);
#1261=EDGE_CURVE('',#1043,#1043,#897,.T.);
#1262=EDGE_CURVE('',#1044,#1044,#898,.T.);
#1263=EDGE_CURVE('',#1045,#1046,#477,.T.);
#1264=EDGE_CURVE('',#1046,#1047,#478,.T.);
#1265=EDGE_CURVE('',#1047,#1048,#479,.T.);
#1266=EDGE_CURVE('',#1048,#1045,#480,.T.);
#1267=EDGE_CURVE('',#1049,#1049,#899,.T.);
#1268=EDGE_CURVE('',#1049,#1050,#481,.T.);
#1269=EDGE_CURVE('',#1050,#1050,#900,.T.);
#1270=EDGE_CURVE('',#1051,#1052,#482,.T.);
#1271=EDGE_CURVE('',#1053,#1051,#901,.T.);
#1272=EDGE_CURVE('',#1054,#1053,#483,.T.);
#1273=EDGE_CURVE('',#1055,#1054,#902,.T.);
#1274=EDGE_CURVE('',#1056,#1055,#484,.T.);
#1275=EDGE_CURVE('',#1057,#1056,#903,.T.);
#1276=EDGE_CURVE('',#1058,#1057,#485,.T.);
#1277=EDGE_CURVE('',#1059,#1058,#904,.T.);
#1278=EDGE_CURVE('',#1060,#1059,#486,.T.);
#1279=EDGE_CURVE('',#1061,#1060,#905,.T.);
#1280=EDGE_CURVE('',#1062,#1061,#487,.T.);
#1281=EDGE_CURVE('',#1063,#1062,#906,.T.);
#1282=EDGE_CURVE('',#1064,#1063,#488,.T.);
#1283=EDGE_CURVE('',#1065,#1064,#907,.T.);
#1284=EDGE_CURVE('',#1066,#1065,#489,.T.);
#1285=EDGE_CURVE('',#1067,#1066,#908,.T.);
#1286=EDGE_CURVE('',#1068,#1067,#490,.T.);
#1287=EDGE_CURVE('',#1069,#1068,#491,.T.);
#1288=EDGE_CURVE('',#1070,#1069,#909,.T.);
#1289=EDGE_CURVE('',#1071,#1070,#492,.T.);
#1290=EDGE_CURVE('',#1072,#1071,#910,.T.);
#1291=EDGE_CURVE('',#1073,#1072,#493,.T.);
#1292=EDGE_CURVE('',#1074,#1073,#494,.T.);
#1293=EDGE_CURVE('',#1075,#1074,#911,.T.);
#1294=EDGE_CURVE('',#1076,#1075,#495,.T.);
#1295=EDGE_CURVE('',#1077,#1076,#912,.T.);
#1296=EDGE_CURVE('',#1052,#1077,#496,.T.);
#1297=EDGE_CURVE('',#1078,#1078,#913,.T.);
#1298=EDGE_CURVE('',#1079,#1079,#914,.T.);
#1299=EDGE_CURVE('',#1080,#1080,#915,.T.);
#1300=EDGE_CURVE('',#1081,#1082,#497,.T.);
#1301=EDGE_CURVE('',#1083,#1081,#498,.T.);
#1302=EDGE_CURVE('',#1084,#1083,#499,.T.);
#1303=EDGE_CURVE('',#1082,#1084,#500,.T.);
#1304=EDGE_CURVE('',#1050,#1085,#501,.T.);
#1305=EDGE_CURVE('',#1085,#1085,#916,.T.);
#1306=EDGE_CURVE('',#1086,#1069,#502,.T.);
#1307=EDGE_CURVE('',#1068,#1087,#503,.T.);
#1308=EDGE_CURVE('',#1087,#1086,#504,.T.);
#1309=EDGE_CURVE('',#1086,#1088,#917,.T.);
#1310=EDGE_CURVE('',#1088,#1070,#505,.T.);
#1311=EDGE_CURVE('',#1089,#1071,#506,.T.);
#1312=EDGE_CURVE('',#1088,#1089,#507,.T.);
#1313=EDGE_CURVE('',#1089,#1090,#918,.T.);
#1314=EDGE_CURVE('',#1090,#1072,#508,.T.);
#1315=EDGE_CURVE('',#1091,#1073,#509,.T.);
#1316=EDGE_CURVE('',#1090,#1091,#510,.T.);
#1317=EDGE_CURVE('',#1092,#1093,#511,.T.);
#1318=EDGE_CURVE('',#1093,#1051,#512,.T.);
#1319=EDGE_CURVE('',#1052,#1092,#513,.T.);
#1320=EDGE_CURVE('',#1093,#1094,#919,.T.);
#1321=EDGE_CURVE('',#1094,#1053,#514,.T.);
#1322=EDGE_CURVE('',#1094,#1095,#515,.T.);
#1323=EDGE_CURVE('',#1095,#1054,#516,.T.);
#1324=EDGE_CURVE('',#1095,#1001,#920,.T.);
#1325=EDGE_CURVE('',#1001,#1055,#517,.T.);
#1326=EDGE_CURVE('',#1000,#1056,#518,.T.);
#1327=EDGE_CURVE('',#1000,#1096,#921,.T.);
#1328=EDGE_CURVE('',#1096,#1057,#519,.T.);
#1329=EDGE_CURVE('',#1097,#1058,#520,.T.);
#1330=EDGE_CURVE('',#1096,#1097,#521,.T.);
#1331=EDGE_CURVE('',#1098,#1059,#522,.T.);
#1332=EDGE_CURVE('',#1097,#1098,#922,.T.);
#1333=EDGE_CURVE('',#1099,#1060,#523,.T.);
#1334=EDGE_CURVE('',#1098,#1099,#524,.T.);
#1335=EDGE_CURVE('',#1099,#1100,#923,.T.);
#1336=EDGE_CURVE('',#1100,#1061,#525,.T.);
#1337=EDGE_CURVE('',#1100,#1101,#526,.T.);
#1338=EDGE_CURVE('',#1101,#1062,#527,.T.);
#1339=EDGE_CURVE('',#1101,#1102,#924,.T.);
#1340=EDGE_CURVE('',#1102,#1063,#528,.T.);
#1341=EDGE_CURVE('',#1103,#1064,#529,.T.);
#1342=EDGE_CURVE('',#1102,#1103,#530,.T.);
#1343=EDGE_CURVE('',#1104,#1065,#531,.T.);
#1344=EDGE_CURVE('',#1103,#1104,#925,.T.);
#1345=EDGE_CURVE('',#1105,#1066,#532,.T.);
#1346=EDGE_CURVE('',#1104,#1105,#533,.T.);
#1347=EDGE_CURVE('',#1105,#1106,#926,.T.);
#1348=EDGE_CURVE('',#1106,#1067,#534,.T.);
#1349=EDGE_CURVE('',#1106,#1107,#535,.T.);
#1350=EDGE_CURVE('',#1107,#1068,#536,.T.);
#1351=EDGE_CURVE('',#1073,#1108,#537,.T.);
#1352=EDGE_CURVE('',#1108,#1109,#538,.T.);
#1353=EDGE_CURVE('',#1109,#1074,#539,.T.);
#1354=EDGE_CURVE('',#1109,#1110,#927,.T.);
#1355=EDGE_CURVE('',#1110,#1075,#540,.T.);
#1356=EDGE_CURVE('',#1111,#1076,#541,.T.);
#1357=EDGE_CURVE('',#1110,#1111,#542,.T.);
#1358=EDGE_CURVE('',#1112,#1077,#543,.T.);
#1359=EDGE_CURVE('',#1111,#1112,#928,.T.);
#1360=EDGE_CURVE('',#1112,#1092,#544,.T.);
#1361=EDGE_CURVE('',#1107,#1087,#929,.T.);
#1362=EDGE_CURVE('',#1091,#1108,#930,.T.);
#1363=EDGE_CURVE('',#1099,#1035,#545,.T.);
#1364=EDGE_CURVE('',#1034,#1100,#546,.T.);
#1365=EDGE_CURVE('',#1036,#1098,#547,.T.);
#1366=EDGE_CURVE('',#1113,#1114,#548,.T.);
#1367=EDGE_CURVE('',#1115,#1114,#931,.T.);
#1368=EDGE_CURVE('',#1116,#1115,#549,.T.);
#1369=EDGE_CURVE('',#1117,#1116,#550,.T.);
#1370=EDGE_CURVE('',#1118,#1117,#932,.T.);
#1371=EDGE_CURVE('',#1118,#1037,#551,.T.);
#1372=EDGE_CURVE('',#1038,#1097,#552,.T.);
#1373=EDGE_CURVE('',#1113,#1118,#933,.T.);
#1374=EDGE_CURVE('',#1039,#1096,#553,.T.);
#1375=EDGE_CURVE('',#1095,#1010,#554,.T.);
#1376=EDGE_CURVE('',#1011,#1094,#555,.T.);
#1377=EDGE_CURVE('',#1093,#1012,#556,.T.);
#1378=EDGE_CURVE('',#1013,#1092,#557,.T.);
#1379=EDGE_CURVE('',#1014,#1112,#558,.T.);
#1380=EDGE_CURVE('',#1017,#1111,#559,.T.);
#1381=EDGE_CURVE('',#1119,#1016,#560,.T.);
#1382=EDGE_CURVE('',#1120,#1119,#934,.T.);
#1383=EDGE_CURVE('',#1120,#1121,#561,.T.);
#1384=EDGE_CURVE('',#1015,#1121,#935,.T.);
#1385=EDGE_CURVE('',#1018,#1110,#562,.T.);
#1386=EDGE_CURVE('',#1109,#1019,#563,.T.);
#1387=EDGE_CURVE('',#1020,#1108,#564,.T.);
#1388=EDGE_CURVE('',#1082,#1122,#565,.T.);
#1389=EDGE_CURVE('',#1122,#1123,#566,.T.);
#1390=EDGE_CURVE('',#1123,#1081,#567,.T.);
#1391=EDGE_CURVE('',#1124,#1122,#568,.T.);
#1392=EDGE_CURVE('',#1124,#1084,#569,.T.);
#1393=EDGE_CURVE('',#1123,#1125,#570,.T.);
#1394=EDGE_CURVE('',#1125,#1083,#571,.T.);
#1395=EDGE_CURVE('',#1125,#1124,#572,.T.);
#1396=EDGE_CURVE('',#1123,#1045,#573,.T.);
#1397=EDGE_CURVE('',#1125,#1048,#574,.T.);
#1398=EDGE_CURVE('',#1122,#1046,#575,.T.);
#1399=EDGE_CURVE('',#1078,#1126,#576,.T.);
#1400=EDGE_CURVE('',#1126,#1126,#936,.T.);
#1401=EDGE_CURVE('',#1126,#1042,#577,.T.);
#1402=EDGE_CURVE('',#1080,#1127,#578,.T.);
#1403=EDGE_CURVE('',#1127,#1127,#937,.T.);
#1404=EDGE_CURVE('',#1127,#1041,#579,.T.);
#1405=EDGE_CURVE('',#1079,#1128,#580,.T.);
#1406=EDGE_CURVE('',#1128,#1128,#938,.T.);
#1407=EDGE_CURVE('',#1128,#1040,#581,.T.);
#1408=EDGE_CURVE('',#1105,#1029,#582,.T.);
#1409=EDGE_CURVE('',#1028,#1106,#583,.T.);
#1410=EDGE_CURVE('',#1107,#1027,#584,.T.);
#1411=EDGE_CURVE('',#1101,#1033,#585,.T.);
#1412=EDGE_CURVE('',#1032,#1102,#586,.T.);
#1413=EDGE_CURVE('',#1086,#1025,#587,.T.);
#1414=EDGE_CURVE('',#1024,#1088,#588,.T.);
#1415=EDGE_CURVE('',#1026,#1087,#589,.T.);
#1416=EDGE_CURVE('',#1089,#1023,#590,.T.);
#1417=EDGE_CURVE('',#1022,#1090,#591,.T.);
#1418=EDGE_CURVE('',#1091,#1021,#592,.T.);
#1419=EDGE_CURVE('',#1124,#1047,#593,.T.);
#1420=EDGE_CURVE('',#1117,#1129,#939,.T.);
#1421=EDGE_CURVE('',#1130,#1129,#594,.T.);
#1422=EDGE_CURVE('',#1130,#1131,#940,.T.);
#1423=EDGE_CURVE('',#1113,#1131,#595,.T.);
#1424=EDGE_CURVE('',#1132,#1132,#941,.T.);
#1425=EDGE_CURVE('',#1133,#1115,#596,.T.);
#1426=EDGE_CURVE('',#1117,#1133,#597,.T.);
#1427=EDGE_CURVE('',#1134,#1133,#942,.T.);
#1428=EDGE_CURVE('',#1129,#1134,#598,.T.);
#1429=EDGE_CURVE('',#1135,#1134,#599,.T.);
#1430=EDGE_CURVE('',#1130,#1135,#600,.T.);
#1431=EDGE_CURVE('',#1136,#1131,#601,.T.);
#1432=EDGE_CURVE('',#1114,#1136,#602,.T.);
#1433=EDGE_CURVE('',#1137,#1136,#943,.T.);
#1434=EDGE_CURVE('',#1135,#1137,#944,.T.);
#1435=EDGE_CURVE('',#1137,#1138,#603,.T.);
#1436=EDGE_CURVE('',#1138,#1138,#945,.T.);
#1437=EDGE_CURVE('',#1132,#1139,#604,.T.);
#1438=EDGE_CURVE('',#1139,#1139,#946,.T.);
#1439=EDGE_CURVE('',#1031,#1103,#605,.T.);
#1440=EDGE_CURVE('',#1030,#1104,#606,.T.);
#1441=EDGE_CURVE('',#1043,#1140,#607,.T.);
#1442=EDGE_CURVE('',#1141,#1140,#947,.T.);
#1443=EDGE_CURVE('',#1140,#1141,#948,.T.);
#1444=EDGE_CURVE('',#1142,#1143,#949,.T.);
#1445=EDGE_CURVE('',#1143,#1144,#950,.T.);
#1446=EDGE_CURVE('',#1144,#1145,#608,.T.);
#1447=EDGE_CURVE('',#1145,#1146,#951,.T.);
#1448=EDGE_CURVE('',#1146,#1141,#952,.T.);
#1449=EDGE_CURVE('',#1141,#1142,#609,.T.);
#1450=EDGE_CURVE('',#1147,#1147,#953,.T.);
#1451=EDGE_CURVE('',#1145,#1148,#610,.T.);
#1452=EDGE_CURVE('',#1149,#1148,#954,.T.);
#1453=EDGE_CURVE('',#1146,#1149,#611,.T.);
#1454=EDGE_CURVE('',#1150,#1149,#955,.T.);
#1455=EDGE_CURVE('',#1141,#1150,#612,.T.);
#1456=EDGE_CURVE('',#1151,#1150,#613,.T.);
#1457=EDGE_CURVE('',#1142,#1151,#614,.T.);
#1458=EDGE_CURVE('',#1152,#1144,#615,.T.);
#1459=EDGE_CURVE('',#1148,#1152,#616,.T.);
#1460=EDGE_CURVE('',#1151,#1152,#956,.T.);
#1461=EDGE_CURVE('',#1147,#1153,#617,.T.);
#1462=EDGE_CURVE('',#1153,#1153,#957,.T.);
#1463=EDGE_CURVE('',#1143,#1154,#618,.T.);
#1464=EDGE_CURVE('',#1154,#1154,#958,.T.);
#1465=EDGE_CURVE('',#1121,#1155,#619,.T.);
#1466=EDGE_CURVE('',#1155,#1015,#959,.T.);
#1467=EDGE_CURVE('',#1156,#1157,#620,.T.);
#1468=EDGE_CURVE('',#1119,#1157,#960,.T.);
#1469=EDGE_CURVE('',#1158,#1155,#621,.T.);
#1470=EDGE_CURVE('',#1156,#1158,#961,.T.);
#1471=EDGE_CURVE('',#1159,#1120,#622,.T.);
#1472=EDGE_CURVE('',#1160,#1159,#623,.T.);
#1473=EDGE_CURVE('',#1158,#1160,#624,.T.);
#1474=EDGE_CURVE('',#1161,#1156,#625,.T.);
#1475=EDGE_CURVE('',#1162,#1161,#626,.T.);
#1476=EDGE_CURVE('',#1157,#1162,#627,.T.);
#1477=EDGE_CURVE('',#1159,#1162,#962,.T.);
#1478=EDGE_CURVE('',#1163,#1163,#963,.T.);
#1479=EDGE_CURVE('',#1163,#1164,#628,.T.);
#1480=EDGE_CURVE('',#1164,#1164,#964,.T.);
#1481=EDGE_CURVE('',#1165,#1161,#965,.T.);
#1482=EDGE_CURVE('',#1165,#1166,#629,.T.);
#1483=EDGE_CURVE('',#1166,#1166,#966,.T.);
#1484=EDGE_CURVE('',#1160,#1165,#967,.T.);
#1485=EDGE_CURVE('',#1167,#1168,#968,.T.);
#1486=EDGE_CURVE('',#1168,#1169,#969,.T.);
#1487=EDGE_CURVE('',#1169,#1170,#630,.T.);
#1488=EDGE_CURVE('',#1170,#1171,#970,.T.);
#1489=EDGE_CURVE('',#1172,#1171,#631,.T.);
#1490=EDGE_CURVE('',#1173,#1172,#971,.T.);
#1491=EDGE_CURVE('',#1174,#1173,#632,.T.);
#1492=EDGE_CURVE('',#1167,#1174,#972,.T.);
#1493=EDGE_CURVE('',#1175,#1171,#633,.T.);
#1494=EDGE_CURVE('',#1175,#1176,#634,.T.);
#1495=EDGE_CURVE('',#1177,#1176,#635,.T.);
#1496=EDGE_CURVE('',#1172,#1177,#636,.T.);
#1497=EDGE_CURVE('',#1044,#1177,#637,.T.);
#1498=EDGE_CURVE('',#1178,#1177,#973,.T.);
#1499=EDGE_CURVE('',#1173,#1178,#638,.T.);
#1500=EDGE_CURVE('',#1179,#1178,#639,.T.);
#1501=EDGE_CURVE('',#1174,#1179,#640,.T.);
#1502=EDGE_CURVE('',#1167,#1175,#974,.T.);
#1503=EDGE_CURVE('',#1176,#1179,#975,.T.);
#1504=EDGE_CURVE('',#1171,#1167,#976,.T.);
#1505=EDGE_CURVE('',#1180,#1181,#977,.T.);
#1506=EDGE_CURVE('',#1180,#1168,#641,.T.);
#1507=EDGE_CURVE('',#1181,#1170,#642,.T.);
#1508=EDGE_CURVE('',#1182,#1181,#643,.T.);
#1509=EDGE_CURVE('',#1182,#1183,#978,.T.);
#1510=EDGE_CURVE('',#1184,#1183,#644,.T.);
#1511=EDGE_CURVE('',#1184,#1185,#979,.T.);
#1512=EDGE_CURVE('',#1185,#1180,#980,.T.);
#1513=EDGE_CURVE('',#1186,#1186,#981,.T.);
#1514=EDGE_CURVE('',#1185,#1187,#645,.T.);
#1515=EDGE_CURVE('',#1188,#1187,#982,.T.);
#1516=EDGE_CURVE('',#1188,#1169,#646,.T.);
#1517=EDGE_CURVE('',#1189,#1188,#647,.T.);
#1518=EDGE_CURVE('',#1182,#1189,#648,.T.);
#1519=EDGE_CURVE('',#1190,#1183,#649,.T.);
#1520=EDGE_CURVE('',#1191,#1190,#650,.T.);
#1521=EDGE_CURVE('',#1184,#1191,#651,.T.);
#1522=EDGE_CURVE('',#1187,#1191,#983,.T.);
#1523=EDGE_CURVE('',#1192,#1190,#984,.T.);
#1524=EDGE_CURVE('',#1189,#1192,#985,.T.);
#1525=EDGE_CURVE('',#1192,#1193,#652,.T.);
#1526=EDGE_CURVE('',#1193,#1193,#986,.T.);
#1527=EDGE_CURVE('',#1186,#1194,#653,.T.);
#1528=EDGE_CURVE('',#1194,#1194,#987,.T.);
#1529=ORIENTED_EDGE('',*,*,#1195,.F.);
#1530=ORIENTED_EDGE('',*,*,#1196,.T.);
#1531=ORIENTED_EDGE('',*,*,#1197,.F.);
#1532=ORIENTED_EDGE('',*,*,#1196,.F.);
#1533=ORIENTED_EDGE('',*,*,#1198,.F.);
#1534=ORIENTED_EDGE('',*,*,#1199,.T.);
#1535=ORIENTED_EDGE('',*,*,#1195,.T.);
#1536=ORIENTED_EDGE('',*,*,#1199,.F.);
#1537=ORIENTED_EDGE('',*,*,#1197,.T.);
#1538=ORIENTED_EDGE('',*,*,#1200,.T.);
#1539=ORIENTED_EDGE('',*,*,#1201,.T.);
#1540=ORIENTED_EDGE('',*,*,#1200,.F.);
#1541=ORIENTED_EDGE('',*,*,#1201,.F.);
#1542=ORIENTED_EDGE('',*,*,#1202,.F.);
#1543=ORIENTED_EDGE('',*,*,#1203,.T.);
#1544=ORIENTED_EDGE('',*,*,#1204,.F.);
#1545=ORIENTED_EDGE('',*,*,#1205,.F.);
#1546=ORIENTED_EDGE('',*,*,#1204,.T.);
#1547=ORIENTED_EDGE('',*,*,#1206,.T.);
#1548=ORIENTED_EDGE('',*,*,#1207,.T.);
#1549=ORIENTED_EDGE('',*,*,#1208,.T.);
#1550=ORIENTED_EDGE('',*,*,#1198,.T.);
#1551=ORIENTED_EDGE('',*,*,#1202,.T.);
#1552=ORIENTED_EDGE('',*,*,#1209,.F.);
#1553=ORIENTED_EDGE('',*,*,#1210,.F.);
#1554=ORIENTED_EDGE('',*,*,#1211,.F.);
#1555=ORIENTED_EDGE('',*,*,#1212,.F.);
#1556=ORIENTED_EDGE('',*,*,#1213,.F.);
#1557=ORIENTED_EDGE('',*,*,#1214,.F.);
#1558=ORIENTED_EDGE('',*,*,#1215,.T.);
#1559=ORIENTED_EDGE('',*,*,#1216,.T.);
#1560=ORIENTED_EDGE('',*,*,#1217,.T.);
#1561=ORIENTED_EDGE('',*,*,#1218,.T.);
#1562=ORIENTED_EDGE('',*,*,#1219,.T.);
#1563=ORIENTED_EDGE('',*,*,#1217,.F.);
#1564=ORIENTED_EDGE('',*,*,#1220,.T.);
#1565=ORIENTED_EDGE('',*,*,#1207,.F.);
#1566=ORIENTED_EDGE('',*,*,#1221,.F.);
#1567=ORIENTED_EDGE('',*,*,#1216,.F.);
#1568=ORIENTED_EDGE('',*,*,#1222,.F.);
#1569=ORIENTED_EDGE('',*,*,#1223,.F.);
#1570=ORIENTED_EDGE('',*,*,#1209,.T.);
#1571=ORIENTED_EDGE('',*,*,#1205,.T.);
#1572=ORIENTED_EDGE('',*,*,#1208,.F.);
#1573=ORIENTED_EDGE('',*,*,#1220,.F.);
#1574=ORIENTED_EDGE('',*,*,#1219,.F.);
#1575=ORIENTED_EDGE('',*,*,#1224,.F.);
#1576=ORIENTED_EDGE('',*,*,#1225,.F.);
#1577=ORIENTED_EDGE('',*,*,#1222,.T.);
#1578=ORIENTED_EDGE('',*,*,#1218,.F.);
#1579=ORIENTED_EDGE('',*,*,#1221,.T.);
#1580=ORIENTED_EDGE('',*,*,#1206,.F.);
#1581=ORIENTED_EDGE('',*,*,#1203,.F.);
#1582=ORIENTED_EDGE('',*,*,#1215,.F.);
#1583=ORIENTED_EDGE('',*,*,#1226,.F.);
#1584=ORIENTED_EDGE('',*,*,#1224,.T.);
#1585=ORIENTED_EDGE('',*,*,#1223,.T.);
#1586=ORIENTED_EDGE('',*,*,#1225,.T.);
#1587=ORIENTED_EDGE('',*,*,#1226,.T.);
#1588=ORIENTED_EDGE('',*,*,#1214,.T.);
#1589=ORIENTED_EDGE('',*,*,#1227,.F.);
#1590=ORIENTED_EDGE('',*,*,#1228,.T.);
#1591=ORIENTED_EDGE('',*,*,#1229,.F.);
#1592=ORIENTED_EDGE('',*,*,#1230,.T.);
#1593=ORIENTED_EDGE('',*,*,#1231,.F.);
#1594=ORIENTED_EDGE('',*,*,#1232,.F.);
#1595=ORIENTED_EDGE('',*,*,#1233,.T.);
#1596=ORIENTED_EDGE('',*,*,#1234,.T.);
#1597=ORIENTED_EDGE('',*,*,#1235,.F.);
#1598=ORIENTED_EDGE('',*,*,#1236,.F.);
#1599=ORIENTED_EDGE('',*,*,#1237,.T.);
#1600=ORIENTED_EDGE('',*,*,#1238,.F.);
#1601=ORIENTED_EDGE('',*,*,#1239,.T.);
#1602=ORIENTED_EDGE('',*,*,#1240,.F.);
#1603=ORIENTED_EDGE('',*,*,#1241,.T.);
#1604=ORIENTED_EDGE('',*,*,#1242,.F.);
#1605=ORIENTED_EDGE('',*,*,#1243,.T.);
#1606=ORIENTED_EDGE('',*,*,#1244,.F.);
#1607=ORIENTED_EDGE('',*,*,#1245,.T.);
#1608=ORIENTED_EDGE('',*,*,#1246,.F.);
#1609=ORIENTED_EDGE('',*,*,#1247,.F.);
#1610=ORIENTED_EDGE('',*,*,#1248,.F.);
#1611=ORIENTED_EDGE('',*,*,#1249,.F.);
#1612=ORIENTED_EDGE('',*,*,#1250,.F.);
#1613=ORIENTED_EDGE('',*,*,#1251,.T.);
#1614=ORIENTED_EDGE('',*,*,#1252,.F.);
#1615=ORIENTED_EDGE('',*,*,#1253,.F.);
#1616=ORIENTED_EDGE('',*,*,#1254,.T.);
#1617=ORIENTED_EDGE('',*,*,#1255,.T.);
#1618=ORIENTED_EDGE('',*,*,#1256,.F.);
#1619=ORIENTED_EDGE('',*,*,#1257,.F.);
#1620=ORIENTED_EDGE('',*,*,#1210,.T.);
#1621=ORIENTED_EDGE('',*,*,#1258,.T.);
#1622=ORIENTED_EDGE('',*,*,#1259,.T.);
#1623=ORIENTED_EDGE('',*,*,#1260,.T.);
#1624=ORIENTED_EDGE('',*,*,#1261,.T.);
#1625=ORIENTED_EDGE('',*,*,#1262,.F.);
#1626=ORIENTED_EDGE('',*,*,#1263,.T.);
#1627=ORIENTED_EDGE('',*,*,#1264,.T.);
#1628=ORIENTED_EDGE('',*,*,#1265,.T.);
#1629=ORIENTED_EDGE('',*,*,#1266,.T.);
#1630=ORIENTED_EDGE('',*,*,#1267,.T.);
#1631=ORIENTED_EDGE('',*,*,#1268,.T.);
#1632=ORIENTED_EDGE('',*,*,#1269,.T.);
#1633=ORIENTED_EDGE('',*,*,#1268,.F.);
#1634=ORIENTED_EDGE('',*,*,#1270,.F.);
#1635=ORIENTED_EDGE('',*,*,#1271,.F.);
#1636=ORIENTED_EDGE('',*,*,#1272,.F.);
#1637=ORIENTED_EDGE('',*,*,#1273,.F.);
#1638=ORIENTED_EDGE('',*,*,#1274,.F.);
#1639=ORIENTED_EDGE('',*,*,#1275,.F.);
#1640=ORIENTED_EDGE('',*,*,#1276,.F.);
#1641=ORIENTED_EDGE('',*,*,#1277,.F.);
#1642=ORIENTED_EDGE('',*,*,#1278,.F.);
#1643=ORIENTED_EDGE('',*,*,#1279,.F.);
#1644=ORIENTED_EDGE('',*,*,#1280,.F.);
#1645=ORIENTED_EDGE('',*,*,#1281,.F.);
#1646=ORIENTED_EDGE('',*,*,#1282,.F.);
#1647=ORIENTED_EDGE('',*,*,#1283,.F.);
#1648=ORIENTED_EDGE('',*,*,#1284,.F.);
#1649=ORIENTED_EDGE('',*,*,#1285,.F.);
#1650=ORIENTED_EDGE('',*,*,#1286,.F.);
#1651=ORIENTED_EDGE('',*,*,#1287,.F.);
#1652=ORIENTED_EDGE('',*,*,#1288,.F.);
#1653=ORIENTED_EDGE('',*,*,#1289,.F.);
#1654=ORIENTED_EDGE('',*,*,#1290,.F.);
#1655=ORIENTED_EDGE('',*,*,#1291,.F.);
#1656=ORIENTED_EDGE('',*,*,#1292,.F.);
#1657=ORIENTED_EDGE('',*,*,#1293,.F.);
#1658=ORIENTED_EDGE('',*,*,#1294,.F.);
#1659=ORIENTED_EDGE('',*,*,#1295,.F.);
#1660=ORIENTED_EDGE('',*,*,#1296,.F.);
#1661=ORIENTED_EDGE('',*,*,#1297,.F.);
#1662=ORIENTED_EDGE('',*,*,#1298,.F.);
#1663=ORIENTED_EDGE('',*,*,#1299,.F.);
#1664=ORIENTED_EDGE('',*,*,#1300,.F.);
#1665=ORIENTED_EDGE('',*,*,#1301,.F.);
#1666=ORIENTED_EDGE('',*,*,#1302,.F.);
#1667=ORIENTED_EDGE('',*,*,#1303,.F.);
#1668=ORIENTED_EDGE('',*,*,#1267,.F.);
#1669=ORIENTED_EDGE('',*,*,#1269,.F.);
#1670=ORIENTED_EDGE('',*,*,#1304,.T.);
#1671=ORIENTED_EDGE('',*,*,#1305,.F.);
#1672=ORIENTED_EDGE('',*,*,#1304,.F.);
#1673=ORIENTED_EDGE('',*,*,#1306,.T.);
#1674=ORIENTED_EDGE('',*,*,#1287,.T.);
#1675=ORIENTED_EDGE('',*,*,#1307,.T.);
#1676=ORIENTED_EDGE('',*,*,#1308,.T.);
#1677=ORIENTED_EDGE('',*,*,#1306,.F.);
#1678=ORIENTED_EDGE('',*,*,#1309,.T.);
#1679=ORIENTED_EDGE('',*,*,#1310,.T.);
#1680=ORIENTED_EDGE('',*,*,#1288,.T.);
#1681=ORIENTED_EDGE('',*,*,#1311,.T.);
#1682=ORIENTED_EDGE('',*,*,#1289,.T.);
#1683=ORIENTED_EDGE('',*,*,#1310,.F.);
#1684=ORIENTED_EDGE('',*,*,#1312,.T.);
#1685=ORIENTED_EDGE('',*,*,#1311,.F.);
#1686=ORIENTED_EDGE('',*,*,#1313,.T.);
#1687=ORIENTED_EDGE('',*,*,#1314,.T.);
#1688=ORIENTED_EDGE('',*,*,#1290,.T.);
#1689=ORIENTED_EDGE('',*,*,#1315,.T.);
#1690=ORIENTED_EDGE('',*,*,#1291,.T.);
#1691=ORIENTED_EDGE('',*,*,#1314,.F.);
#1692=ORIENTED_EDGE('',*,*,#1316,.T.);
#1693=ORIENTED_EDGE('',*,*,#1317,.T.);
#1694=ORIENTED_EDGE('',*,*,#1318,.T.);
#1695=ORIENTED_EDGE('',*,*,#1270,.T.);
#1696=ORIENTED_EDGE('',*,*,#1319,.T.);
#1697=ORIENTED_EDGE('',*,*,#1318,.F.);
#1698=ORIENTED_EDGE('',*,*,#1320,.T.);
#1699=ORIENTED_EDGE('',*,*,#1321,.T.);
#1700=ORIENTED_EDGE('',*,*,#1271,.T.);
#1701=ORIENTED_EDGE('',*,*,#1321,.F.);
#1702=ORIENTED_EDGE('',*,*,#1322,.T.);
#1703=ORIENTED_EDGE('',*,*,#1323,.T.);
#1704=ORIENTED_EDGE('',*,*,#1272,.T.);
#1705=ORIENTED_EDGE('',*,*,#1323,.F.);
#1706=ORIENTED_EDGE('',*,*,#1324,.T.);
#1707=ORIENTED_EDGE('',*,*,#1325,.T.);
#1708=ORIENTED_EDGE('',*,*,#1273,.T.);
#1709=ORIENTED_EDGE('',*,*,#1325,.F.);
#1710=ORIENTED_EDGE('',*,*,#1212,.T.);
#1711=ORIENTED_EDGE('',*,*,#1326,.T.);
#1712=ORIENTED_EDGE('',*,*,#1274,.T.);
#1713=ORIENTED_EDGE('',*,*,#1326,.F.);
#1714=ORIENTED_EDGE('',*,*,#1327,.T.);
#1715=ORIENTED_EDGE('',*,*,#1328,.T.);
#1716=ORIENTED_EDGE('',*,*,#1275,.T.);
#1717=ORIENTED_EDGE('',*,*,#1329,.T.);
#1718=ORIENTED_EDGE('',*,*,#1276,.T.);
#1719=ORIENTED_EDGE('',*,*,#1328,.F.);
#1720=ORIENTED_EDGE('',*,*,#1330,.T.);
#1721=ORIENTED_EDGE('',*,*,#1331,.T.);
#1722=ORIENTED_EDGE('',*,*,#1277,.T.);
#1723=ORIENTED_EDGE('',*,*,#1329,.F.);
#1724=ORIENTED_EDGE('',*,*,#1332,.T.);
#1725=ORIENTED_EDGE('',*,*,#1333,.T.);
#1726=ORIENTED_EDGE('',*,*,#1278,.T.);
#1727=ORIENTED_EDGE('',*,*,#1331,.F.);
#1728=ORIENTED_EDGE('',*,*,#1334,.T.);
#1729=ORIENTED_EDGE('',*,*,#1333,.F.);
#1730=ORIENTED_EDGE('',*,*,#1335,.T.);
#1731=ORIENTED_EDGE('',*,*,#1336,.T.);
#1732=ORIENTED_EDGE('',*,*,#1279,.T.);
#1733=ORIENTED_EDGE('',*,*,#1336,.F.);
#1734=ORIENTED_EDGE('',*,*,#1337,.T.);
#1735=ORIENTED_EDGE('',*,*,#1338,.T.);
#1736=ORIENTED_EDGE('',*,*,#1280,.T.);
#1737=ORIENTED_EDGE('',*,*,#1338,.F.);
#1738=ORIENTED_EDGE('',*,*,#1339,.T.);
#1739=ORIENTED_EDGE('',*,*,#1340,.T.);
#1740=ORIENTED_EDGE('',*,*,#1281,.T.);
#1741=ORIENTED_EDGE('',*,*,#1341,.T.);
#1742=ORIENTED_EDGE('',*,*,#1282,.T.);
#1743=ORIENTED_EDGE('',*,*,#1340,.F.);
#1744=ORIENTED_EDGE('',*,*,#1342,.T.);
#1745=ORIENTED_EDGE('',*,*,#1343,.T.);
#1746=ORIENTED_EDGE('',*,*,#1283,.T.);
#1747=ORIENTED_EDGE('',*,*,#1341,.F.);
#1748=ORIENTED_EDGE('',*,*,#1344,.T.);
#1749=ORIENTED_EDGE('',*,*,#1345,.T.);
#1750=ORIENTED_EDGE('',*,*,#1284,.T.);
#1751=ORIENTED_EDGE('',*,*,#1343,.F.);
#1752=ORIENTED_EDGE('',*,*,#1346,.T.);
#1753=ORIENTED_EDGE('',*,*,#1345,.F.);
#1754=ORIENTED_EDGE('',*,*,#1347,.T.);
#1755=ORIENTED_EDGE('',*,*,#1348,.T.);
#1756=ORIENTED_EDGE('',*,*,#1285,.T.);
#1757=ORIENTED_EDGE('',*,*,#1348,.F.);
#1758=ORIENTED_EDGE('',*,*,#1349,.T.);
#1759=ORIENTED_EDGE('',*,*,#1350,.T.);
#1760=ORIENTED_EDGE('',*,*,#1286,.T.);
#1761=ORIENTED_EDGE('',*,*,#1351,.T.);
#1762=ORIENTED_EDGE('',*,*,#1352,.T.);
#1763=ORIENTED_EDGE('',*,*,#1353,.T.);
#1764=ORIENTED_EDGE('',*,*,#1292,.T.);
#1765=ORIENTED_EDGE('',*,*,#1353,.F.);
#1766=ORIENTED_EDGE('',*,*,#1354,.T.);
#1767=ORIENTED_EDGE('',*,*,#1355,.T.);
#1768=ORIENTED_EDGE('',*,*,#1293,.T.);
#1769=ORIENTED_EDGE('',*,*,#1356,.T.);
#1770=ORIENTED_EDGE('',*,*,#1294,.T.);
#1771=ORIENTED_EDGE('',*,*,#1355,.F.);
#1772=ORIENTED_EDGE('',*,*,#1357,.T.);
#1773=ORIENTED_EDGE('',*,*,#1358,.T.);
#1774=ORIENTED_EDGE('',*,*,#1295,.T.);
#1775=ORIENTED_EDGE('',*,*,#1356,.F.);
#1776=ORIENTED_EDGE('',*,*,#1359,.T.);
#1777=ORIENTED_EDGE('',*,*,#1296,.T.);
#1778=ORIENTED_EDGE('',*,*,#1358,.F.);
#1779=ORIENTED_EDGE('',*,*,#1360,.T.);
#1780=ORIENTED_EDGE('',*,*,#1319,.F.);
#1781=ORIENTED_EDGE('',*,*,#1350,.F.);
#1782=ORIENTED_EDGE('',*,*,#1361,.T.);
#1783=ORIENTED_EDGE('',*,*,#1307,.F.);
#1784=ORIENTED_EDGE('',*,*,#1315,.F.);
#1785=ORIENTED_EDGE('',*,*,#1362,.T.);
#1786=ORIENTED_EDGE('',*,*,#1351,.F.);
#1787=ORIENTED_EDGE('',*,*,#1335,.F.);
#1788=ORIENTED_EDGE('',*,*,#1363,.T.);
#1789=ORIENTED_EDGE('',*,*,#1252,.T.);
#1790=ORIENTED_EDGE('',*,*,#1364,.T.);
#1791=ORIENTED_EDGE('',*,*,#1334,.F.);
#1792=ORIENTED_EDGE('',*,*,#1365,.F.);
#1793=ORIENTED_EDGE('',*,*,#1253,.T.);
#1794=ORIENTED_EDGE('',*,*,#1363,.F.);
#1795=ORIENTED_EDGE('',*,*,#1366,.T.);
#1796=ORIENTED_EDGE('',*,*,#1367,.F.);
#1797=ORIENTED_EDGE('',*,*,#1368,.F.);
#1798=ORIENTED_EDGE('',*,*,#1369,.F.);
#1799=ORIENTED_EDGE('',*,*,#1370,.F.);
#1800=ORIENTED_EDGE('',*,*,#1371,.T.);
#1801=ORIENTED_EDGE('',*,*,#1254,.F.);
#1802=ORIENTED_EDGE('',*,*,#1365,.T.);
#1803=ORIENTED_EDGE('',*,*,#1332,.F.);
#1804=ORIENTED_EDGE('',*,*,#1372,.F.);
#1805=ORIENTED_EDGE('',*,*,#1255,.F.);
#1806=ORIENTED_EDGE('',*,*,#1371,.F.);
#1807=ORIENTED_EDGE('',*,*,#1373,.F.);
#1808=ORIENTED_EDGE('',*,*,#1330,.F.);
#1809=ORIENTED_EDGE('',*,*,#1374,.F.);
#1810=ORIENTED_EDGE('',*,*,#1256,.T.);
#1811=ORIENTED_EDGE('',*,*,#1372,.T.);
#1812=ORIENTED_EDGE('',*,*,#1327,.F.);
#1813=ORIENTED_EDGE('',*,*,#1211,.T.);
#1814=ORIENTED_EDGE('',*,*,#1257,.T.);
#1815=ORIENTED_EDGE('',*,*,#1374,.T.);
#1816=ORIENTED_EDGE('',*,*,#1324,.F.);
#1817=ORIENTED_EDGE('',*,*,#1375,.T.);
#1818=ORIENTED_EDGE('',*,*,#1227,.T.);
#1819=ORIENTED_EDGE('',*,*,#1213,.T.);
#1820=ORIENTED_EDGE('',*,*,#1322,.F.);
#1821=ORIENTED_EDGE('',*,*,#1376,.F.);
#1822=ORIENTED_EDGE('',*,*,#1228,.F.);
#1823=ORIENTED_EDGE('',*,*,#1375,.F.);
#1824=ORIENTED_EDGE('',*,*,#1320,.F.);
#1825=ORIENTED_EDGE('',*,*,#1377,.T.);
#1826=ORIENTED_EDGE('',*,*,#1229,.T.);
#1827=ORIENTED_EDGE('',*,*,#1376,.T.);
#1828=ORIENTED_EDGE('',*,*,#1317,.F.);
#1829=ORIENTED_EDGE('',*,*,#1378,.F.);
#1830=ORIENTED_EDGE('',*,*,#1230,.F.);
#1831=ORIENTED_EDGE('',*,*,#1377,.F.);
#1832=ORIENTED_EDGE('',*,*,#1360,.F.);
#1833=ORIENTED_EDGE('',*,*,#1379,.F.);
#1834=ORIENTED_EDGE('',*,*,#1231,.T.);
#1835=ORIENTED_EDGE('',*,*,#1378,.T.);
#1836=ORIENTED_EDGE('',*,*,#1359,.F.);
#1837=ORIENTED_EDGE('',*,*,#1380,.F.);
#1838=ORIENTED_EDGE('',*,*,#1234,.F.);
#1839=ORIENTED_EDGE('',*,*,#1381,.F.);
#1840=ORIENTED_EDGE('',*,*,#1382,.F.);
#1841=ORIENTED_EDGE('',*,*,#1383,.T.);
#1842=ORIENTED_EDGE('',*,*,#1384,.F.);
#1843=ORIENTED_EDGE('',*,*,#1232,.T.);
#1844=ORIENTED_EDGE('',*,*,#1379,.T.);
#1845=ORIENTED_EDGE('',*,*,#1357,.F.);
#1846=ORIENTED_EDGE('',*,*,#1385,.F.);
#1847=ORIENTED_EDGE('',*,*,#1235,.T.);
#1848=ORIENTED_EDGE('',*,*,#1380,.T.);
#1849=ORIENTED_EDGE('',*,*,#1354,.F.);
#1850=ORIENTED_EDGE('',*,*,#1386,.T.);
#1851=ORIENTED_EDGE('',*,*,#1236,.T.);
#1852=ORIENTED_EDGE('',*,*,#1385,.T.);
#1853=ORIENTED_EDGE('',*,*,#1352,.F.);
#1854=ORIENTED_EDGE('',*,*,#1387,.F.);
#1855=ORIENTED_EDGE('',*,*,#1237,.F.);
#1856=ORIENTED_EDGE('',*,*,#1386,.F.);
#1857=ORIENTED_EDGE('',*,*,#1300,.T.);
#1858=ORIENTED_EDGE('',*,*,#1388,.T.);
#1859=ORIENTED_EDGE('',*,*,#1389,.T.);
#1860=ORIENTED_EDGE('',*,*,#1390,.T.);
#1861=ORIENTED_EDGE('',*,*,#1391,.T.);
#1862=ORIENTED_EDGE('',*,*,#1388,.F.);
#1863=ORIENTED_EDGE('',*,*,#1303,.T.);
#1864=ORIENTED_EDGE('',*,*,#1392,.F.);
#1865=ORIENTED_EDGE('',*,*,#1301,.T.);
#1866=ORIENTED_EDGE('',*,*,#1390,.F.);
#1867=ORIENTED_EDGE('',*,*,#1393,.T.);
#1868=ORIENTED_EDGE('',*,*,#1394,.T.);
#1869=ORIENTED_EDGE('',*,*,#1302,.T.);
#1870=ORIENTED_EDGE('',*,*,#1394,.F.);
#1871=ORIENTED_EDGE('',*,*,#1395,.T.);
#1872=ORIENTED_EDGE('',*,*,#1392,.T.);
#1873=ORIENTED_EDGE('',*,*,#1393,.F.);
#1874=ORIENTED_EDGE('',*,*,#1396,.T.);
#1875=ORIENTED_EDGE('',*,*,#1266,.F.);
#1876=ORIENTED_EDGE('',*,*,#1397,.F.);
#1877=ORIENTED_EDGE('',*,*,#1389,.F.);
#1878=ORIENTED_EDGE('',*,*,#1398,.T.);
#1879=ORIENTED_EDGE('',*,*,#1263,.F.);
#1880=ORIENTED_EDGE('',*,*,#1396,.F.);
#1881=ORIENTED_EDGE('',*,*,#1297,.T.);
#1882=ORIENTED_EDGE('',*,*,#1399,.T.);
#1883=ORIENTED_EDGE('',*,*,#1400,.T.);
#1884=ORIENTED_EDGE('',*,*,#1399,.F.);
#1885=ORIENTED_EDGE('',*,*,#1400,.F.);
#1886=ORIENTED_EDGE('',*,*,#1401,.T.);
#1887=ORIENTED_EDGE('',*,*,#1260,.F.);
#1888=ORIENTED_EDGE('',*,*,#1401,.F.);
#1889=ORIENTED_EDGE('',*,*,#1299,.T.);
#1890=ORIENTED_EDGE('',*,*,#1402,.T.);
#1891=ORIENTED_EDGE('',*,*,#1403,.T.);
#1892=ORIENTED_EDGE('',*,*,#1402,.F.);
#1893=ORIENTED_EDGE('',*,*,#1403,.F.);
#1894=ORIENTED_EDGE('',*,*,#1404,.T.);
#1895=ORIENTED_EDGE('',*,*,#1259,.F.);
#1896=ORIENTED_EDGE('',*,*,#1404,.F.);
#1897=ORIENTED_EDGE('',*,*,#1298,.T.);
#1898=ORIENTED_EDGE('',*,*,#1405,.T.);
#1899=ORIENTED_EDGE('',*,*,#1406,.T.);
#1900=ORIENTED_EDGE('',*,*,#1405,.F.);
#1901=ORIENTED_EDGE('',*,*,#1406,.F.);
#1902=ORIENTED_EDGE('',*,*,#1407,.T.);
#1903=ORIENTED_EDGE('',*,*,#1258,.F.);
#1904=ORIENTED_EDGE('',*,*,#1407,.F.);
#1905=ORIENTED_EDGE('',*,*,#1347,.F.);
#1906=ORIENTED_EDGE('',*,*,#1408,.T.);
#1907=ORIENTED_EDGE('',*,*,#1246,.T.);
#1908=ORIENTED_EDGE('',*,*,#1409,.T.);
#1909=ORIENTED_EDGE('',*,*,#1349,.F.);
#1910=ORIENTED_EDGE('',*,*,#1409,.F.);
#1911=ORIENTED_EDGE('',*,*,#1245,.F.);
#1912=ORIENTED_EDGE('',*,*,#1410,.F.);
#1913=ORIENTED_EDGE('',*,*,#1339,.F.);
#1914=ORIENTED_EDGE('',*,*,#1411,.T.);
#1915=ORIENTED_EDGE('',*,*,#1250,.T.);
#1916=ORIENTED_EDGE('',*,*,#1412,.T.);
#1917=ORIENTED_EDGE('',*,*,#1337,.F.);
#1918=ORIENTED_EDGE('',*,*,#1364,.F.);
#1919=ORIENTED_EDGE('',*,*,#1251,.F.);
#1920=ORIENTED_EDGE('',*,*,#1411,.F.);
#1921=ORIENTED_EDGE('',*,*,#1309,.F.);
#1922=ORIENTED_EDGE('',*,*,#1413,.T.);
#1923=ORIENTED_EDGE('',*,*,#1242,.T.);
#1924=ORIENTED_EDGE('',*,*,#1414,.T.);
#1925=ORIENTED_EDGE('',*,*,#1308,.F.);
#1926=ORIENTED_EDGE('',*,*,#1415,.F.);
#1927=ORIENTED_EDGE('',*,*,#1243,.F.);
#1928=ORIENTED_EDGE('',*,*,#1413,.F.);
#1929=ORIENTED_EDGE('',*,*,#1313,.F.);
#1930=ORIENTED_EDGE('',*,*,#1416,.T.);
#1931=ORIENTED_EDGE('',*,*,#1240,.T.);
#1932=ORIENTED_EDGE('',*,*,#1417,.T.);
#1933=ORIENTED_EDGE('',*,*,#1312,.F.);
#1934=ORIENTED_EDGE('',*,*,#1414,.F.);
#1935=ORIENTED_EDGE('',*,*,#1241,.F.);
#1936=ORIENTED_EDGE('',*,*,#1416,.F.);
#1937=ORIENTED_EDGE('',*,*,#1361,.F.);
#1938=ORIENTED_EDGE('',*,*,#1410,.T.);
#1939=ORIENTED_EDGE('',*,*,#1244,.T.);
#1940=ORIENTED_EDGE('',*,*,#1415,.T.);
#1941=ORIENTED_EDGE('',*,*,#1362,.F.);
#1942=ORIENTED_EDGE('',*,*,#1418,.T.);
#1943=ORIENTED_EDGE('',*,*,#1238,.T.);
#1944=ORIENTED_EDGE('',*,*,#1387,.T.);
#1945=ORIENTED_EDGE('',*,*,#1395,.F.);
#1946=ORIENTED_EDGE('',*,*,#1397,.T.);
#1947=ORIENTED_EDGE('',*,*,#1265,.F.);
#1948=ORIENTED_EDGE('',*,*,#1419,.F.);
#1949=ORIENTED_EDGE('',*,*,#1391,.F.);
#1950=ORIENTED_EDGE('',*,*,#1419,.T.);
#1951=ORIENTED_EDGE('',*,*,#1264,.F.);
#1952=ORIENTED_EDGE('',*,*,#1398,.F.);
#1953=ORIENTED_EDGE('',*,*,#1316,.F.);
#1954=ORIENTED_EDGE('',*,*,#1417,.F.);
#1955=ORIENTED_EDGE('',*,*,#1239,.F.);
#1956=ORIENTED_EDGE('',*,*,#1418,.F.);
#1957=ORIENTED_EDGE('',*,*,#1373,.T.);
#1958=ORIENTED_EDGE('',*,*,#1370,.T.);
#1959=ORIENTED_EDGE('',*,*,#1420,.T.);
#1960=ORIENTED_EDGE('',*,*,#1421,.F.);
#1961=ORIENTED_EDGE('',*,*,#1422,.T.);
#1962=ORIENTED_EDGE('',*,*,#1423,.F.);
#1963=ORIENTED_EDGE('',*,*,#1424,.T.);
#1964=ORIENTED_EDGE('',*,*,#1369,.T.);
#1965=ORIENTED_EDGE('',*,*,#1368,.T.);
#1966=ORIENTED_EDGE('',*,*,#1425,.F.);
#1967=ORIENTED_EDGE('',*,*,#1426,.F.);
#1968=ORIENTED_EDGE('',*,*,#1420,.F.);
#1969=ORIENTED_EDGE('',*,*,#1426,.T.);
#1970=ORIENTED_EDGE('',*,*,#1427,.F.);
#1971=ORIENTED_EDGE('',*,*,#1428,.F.);
#1972=ORIENTED_EDGE('',*,*,#1421,.T.);
#1973=ORIENTED_EDGE('',*,*,#1428,.T.);
#1974=ORIENTED_EDGE('',*,*,#1429,.F.);
#1975=ORIENTED_EDGE('',*,*,#1430,.F.);
#1976=ORIENTED_EDGE('',*,*,#1423,.T.);
#1977=ORIENTED_EDGE('',*,*,#1431,.F.);
#1978=ORIENTED_EDGE('',*,*,#1432,.F.);
#1979=ORIENTED_EDGE('',*,*,#1366,.F.);
#1980=ORIENTED_EDGE('',*,*,#1367,.T.);
#1981=ORIENTED_EDGE('',*,*,#1432,.T.);
#1982=ORIENTED_EDGE('',*,*,#1433,.F.);
#1983=ORIENTED_EDGE('',*,*,#1434,.F.);
#1984=ORIENTED_EDGE('',*,*,#1429,.T.);
#1985=ORIENTED_EDGE('',*,*,#1427,.T.);
#1986=ORIENTED_EDGE('',*,*,#1425,.T.);
#1987=ORIENTED_EDGE('',*,*,#1430,.T.);
#1988=ORIENTED_EDGE('',*,*,#1434,.T.);
#1989=ORIENTED_EDGE('',*,*,#1435,.T.);
#1990=ORIENTED_EDGE('',*,*,#1436,.T.);
#1991=ORIENTED_EDGE('',*,*,#1435,.F.);
#1992=ORIENTED_EDGE('',*,*,#1433,.T.);
#1993=ORIENTED_EDGE('',*,*,#1431,.T.);
#1994=ORIENTED_EDGE('',*,*,#1422,.F.);
#1995=ORIENTED_EDGE('',*,*,#1424,.F.);
#1996=ORIENTED_EDGE('',*,*,#1437,.T.);
#1997=ORIENTED_EDGE('',*,*,#1438,.T.);
#1998=ORIENTED_EDGE('',*,*,#1437,.F.);
#1999=ORIENTED_EDGE('',*,*,#1436,.F.);
#2000=ORIENTED_EDGE('',*,*,#1438,.F.);
#2001=ORIENTED_EDGE('',*,*,#1342,.F.);
#2002=ORIENTED_EDGE('',*,*,#1412,.F.);
#2003=ORIENTED_EDGE('',*,*,#1249,.T.);
#2004=ORIENTED_EDGE('',*,*,#1439,.T.);
#2005=ORIENTED_EDGE('',*,*,#1346,.F.);
#2006=ORIENTED_EDGE('',*,*,#1440,.F.);
#2007=ORIENTED_EDGE('',*,*,#1247,.T.);
#2008=ORIENTED_EDGE('',*,*,#1408,.F.);
#2009=ORIENTED_EDGE('',*,*,#1344,.F.);
#2010=ORIENTED_EDGE('',*,*,#1439,.F.);
#2011=ORIENTED_EDGE('',*,*,#1248,.T.);
#2012=ORIENTED_EDGE('',*,*,#1440,.T.);
#2013=ORIENTED_EDGE('',*,*,#1261,.F.);
#2014=ORIENTED_EDGE('',*,*,#1441,.T.);
#2015=ORIENTED_EDGE('',*,*,#1442,.F.);
#2016=ORIENTED_EDGE('',*,*,#1443,.F.);
#2017=ORIENTED_EDGE('',*,*,#1441,.F.);
#2018=ORIENTED_EDGE('',*,*,#1444,.T.);
#2019=ORIENTED_EDGE('',*,*,#1445,.T.);
#2020=ORIENTED_EDGE('',*,*,#1446,.T.);
#2021=ORIENTED_EDGE('',*,*,#1447,.T.);
#2022=ORIENTED_EDGE('',*,*,#1448,.T.);
#2023=ORIENTED_EDGE('',*,*,#1442,.T.);
#2024=ORIENTED_EDGE('',*,*,#1443,.T.);
#2025=ORIENTED_EDGE('',*,*,#1449,.T.);
#2026=ORIENTED_EDGE('',*,*,#1450,.T.);
#2027=ORIENTED_EDGE('',*,*,#1447,.F.);
#2028=ORIENTED_EDGE('',*,*,#1451,.T.);
#2029=ORIENTED_EDGE('',*,*,#1452,.F.);
#2030=ORIENTED_EDGE('',*,*,#1453,.F.);
#2031=ORIENTED_EDGE('',*,*,#1448,.F.);
#2032=ORIENTED_EDGE('',*,*,#1453,.T.);
#2033=ORIENTED_EDGE('',*,*,#1454,.F.);
#2034=ORIENTED_EDGE('',*,*,#1455,.F.);
#2035=ORIENTED_EDGE('',*,*,#1449,.F.);
#2036=ORIENTED_EDGE('',*,*,#1455,.T.);
#2037=ORIENTED_EDGE('',*,*,#1456,.F.);
#2038=ORIENTED_EDGE('',*,*,#1457,.F.);
#2039=ORIENTED_EDGE('',*,*,#1446,.F.);
#2040=ORIENTED_EDGE('',*,*,#1458,.F.);
#2041=ORIENTED_EDGE('',*,*,#1459,.F.);
#2042=ORIENTED_EDGE('',*,*,#1451,.F.);
#2043=ORIENTED_EDGE('',*,*,#1459,.T.);
#2044=ORIENTED_EDGE('',*,*,#1460,.F.);
#2045=ORIENTED_EDGE('',*,*,#1456,.T.);
#2046=ORIENTED_EDGE('',*,*,#1454,.T.);
#2047=ORIENTED_EDGE('',*,*,#1452,.T.);
#2048=ORIENTED_EDGE('',*,*,#1450,.F.);
#2049=ORIENTED_EDGE('',*,*,#1461,.T.);
#2050=ORIENTED_EDGE('',*,*,#1462,.T.);
#2051=ORIENTED_EDGE('',*,*,#1461,.F.);
#2052=ORIENTED_EDGE('',*,*,#1458,.T.);
#2053=ORIENTED_EDGE('',*,*,#1445,.F.);
#2054=ORIENTED_EDGE('',*,*,#1463,.T.);
#2055=ORIENTED_EDGE('',*,*,#1464,.T.);
#2056=ORIENTED_EDGE('',*,*,#1463,.F.);
#2057=ORIENTED_EDGE('',*,*,#1444,.F.);
#2058=ORIENTED_EDGE('',*,*,#1457,.T.);
#2059=ORIENTED_EDGE('',*,*,#1460,.T.);
#2060=ORIENTED_EDGE('',*,*,#1464,.F.);
#2061=ORIENTED_EDGE('',*,*,#1462,.F.);
#2062=ORIENTED_EDGE('',*,*,#1384,.T.);
#2063=ORIENTED_EDGE('',*,*,#1465,.T.);
#2064=ORIENTED_EDGE('',*,*,#1466,.T.);
#2065=ORIENTED_EDGE('',*,*,#1467,.T.);
#2066=ORIENTED_EDGE('',*,*,#1468,.F.);
#2067=ORIENTED_EDGE('',*,*,#1381,.T.);
#2068=ORIENTED_EDGE('',*,*,#1233,.F.);
#2069=ORIENTED_EDGE('',*,*,#1466,.F.);
#2070=ORIENTED_EDGE('',*,*,#1469,.F.);
#2071=ORIENTED_EDGE('',*,*,#1470,.F.);
#2072=ORIENTED_EDGE('',*,*,#1383,.F.);
#2073=ORIENTED_EDGE('',*,*,#1471,.F.);
#2074=ORIENTED_EDGE('',*,*,#1472,.F.);
#2075=ORIENTED_EDGE('',*,*,#1473,.F.);
#2076=ORIENTED_EDGE('',*,*,#1469,.T.);
#2077=ORIENTED_EDGE('',*,*,#1465,.F.);
#2078=ORIENTED_EDGE('',*,*,#1474,.F.);
#2079=ORIENTED_EDGE('',*,*,#1475,.F.);
#2080=ORIENTED_EDGE('',*,*,#1476,.F.);
#2081=ORIENTED_EDGE('',*,*,#1467,.F.);
#2082=ORIENTED_EDGE('',*,*,#1476,.T.);
#2083=ORIENTED_EDGE('',*,*,#1477,.F.);
#2084=ORIENTED_EDGE('',*,*,#1471,.T.);
#2085=ORIENTED_EDGE('',*,*,#1382,.T.);
#2086=ORIENTED_EDGE('',*,*,#1468,.T.);
#2087=ORIENTED_EDGE('',*,*,#1478,.F.);
#2088=ORIENTED_EDGE('',*,*,#1479,.T.);
#2089=ORIENTED_EDGE('',*,*,#1480,.T.);
#2090=ORIENTED_EDGE('',*,*,#1479,.F.);
#2091=ORIENTED_EDGE('',*,*,#1475,.T.);
#2092=ORIENTED_EDGE('',*,*,#1481,.F.);
#2093=ORIENTED_EDGE('',*,*,#1482,.T.);
#2094=ORIENTED_EDGE('',*,*,#1483,.T.);
#2095=ORIENTED_EDGE('',*,*,#1482,.F.);
#2096=ORIENTED_EDGE('',*,*,#1484,.F.);
#2097=ORIENTED_EDGE('',*,*,#1472,.T.);
#2098=ORIENTED_EDGE('',*,*,#1477,.T.);
#2099=ORIENTED_EDGE('',*,*,#1470,.T.);
#2100=ORIENTED_EDGE('',*,*,#1473,.T.);
#2101=ORIENTED_EDGE('',*,*,#1484,.T.);
#2102=ORIENTED_EDGE('',*,*,#1481,.T.);
#2103=ORIENTED_EDGE('',*,*,#1474,.T.);
#2104=ORIENTED_EDGE('',*,*,#1478,.T.);
#2105=ORIENTED_EDGE('',*,*,#1483,.F.);
#2106=ORIENTED_EDGE('',*,*,#1480,.F.);
#2107=ORIENTED_EDGE('',*,*,#1305,.T.);
#2108=ORIENTED_EDGE('',*,*,#1485,.T.);
#2109=ORIENTED_EDGE('',*,*,#1486,.T.);
#2110=ORIENTED_EDGE('',*,*,#1487,.T.);
#2111=ORIENTED_EDGE('',*,*,#1488,.T.);
#2112=ORIENTED_EDGE('',*,*,#1489,.F.);
#2113=ORIENTED_EDGE('',*,*,#1490,.F.);
#2114=ORIENTED_EDGE('',*,*,#1491,.F.);
#2115=ORIENTED_EDGE('',*,*,#1492,.F.);
#2116=ORIENTED_EDGE('',*,*,#1489,.T.);
#2117=ORIENTED_EDGE('',*,*,#1493,.F.);
#2118=ORIENTED_EDGE('',*,*,#1494,.T.);
#2119=ORIENTED_EDGE('',*,*,#1495,.F.);
#2120=ORIENTED_EDGE('',*,*,#1496,.F.);
#2121=ORIENTED_EDGE('',*,*,#1262,.T.);
#2122=ORIENTED_EDGE('',*,*,#1497,.T.);
#2123=ORIENTED_EDGE('',*,*,#1498,.F.);
#2124=ORIENTED_EDGE('',*,*,#1499,.F.);
#2125=ORIENTED_EDGE('',*,*,#1490,.T.);
#2126=ORIENTED_EDGE('',*,*,#1496,.T.);
#2127=ORIENTED_EDGE('',*,*,#1497,.F.);
#2128=ORIENTED_EDGE('',*,*,#1491,.T.);
#2129=ORIENTED_EDGE('',*,*,#1499,.T.);
#2130=ORIENTED_EDGE('',*,*,#1500,.F.);
#2131=ORIENTED_EDGE('',*,*,#1501,.F.);
#2132=ORIENTED_EDGE('',*,*,#1502,.F.);
#2133=ORIENTED_EDGE('',*,*,#1492,.T.);
#2134=ORIENTED_EDGE('',*,*,#1501,.T.);
#2135=ORIENTED_EDGE('',*,*,#1503,.F.);
#2136=ORIENTED_EDGE('',*,*,#1494,.F.);
#2137=ORIENTED_EDGE('',*,*,#1498,.T.);
#2138=ORIENTED_EDGE('',*,*,#1495,.T.);
#2139=ORIENTED_EDGE('',*,*,#1503,.T.);
#2140=ORIENTED_EDGE('',*,*,#1500,.T.);
#2141=ORIENTED_EDGE('',*,*,#1502,.T.);
#2142=ORIENTED_EDGE('',*,*,#1493,.T.);
#2143=ORIENTED_EDGE('',*,*,#1504,.T.);
#2144=ORIENTED_EDGE('',*,*,#1505,.F.);
#2145=ORIENTED_EDGE('',*,*,#1506,.T.);
#2146=ORIENTED_EDGE('',*,*,#1485,.F.);
#2147=ORIENTED_EDGE('',*,*,#1504,.F.);
#2148=ORIENTED_EDGE('',*,*,#1488,.F.);
#2149=ORIENTED_EDGE('',*,*,#1507,.F.);
#2150=ORIENTED_EDGE('',*,*,#1505,.T.);
#2151=ORIENTED_EDGE('',*,*,#1508,.F.);
#2152=ORIENTED_EDGE('',*,*,#1509,.T.);
#2153=ORIENTED_EDGE('',*,*,#1510,.F.);
#2154=ORIENTED_EDGE('',*,*,#1511,.T.);
#2155=ORIENTED_EDGE('',*,*,#1512,.T.);
#2156=ORIENTED_EDGE('',*,*,#1513,.T.);
#2157=ORIENTED_EDGE('',*,*,#1512,.F.);
#2158=ORIENTED_EDGE('',*,*,#1514,.T.);
#2159=ORIENTED_EDGE('',*,*,#1515,.F.);
#2160=ORIENTED_EDGE('',*,*,#1516,.T.);
#2161=ORIENTED_EDGE('',*,*,#1486,.F.);
#2162=ORIENTED_EDGE('',*,*,#1506,.F.);
#2163=ORIENTED_EDGE('',*,*,#1508,.T.);
#2164=ORIENTED_EDGE('',*,*,#1507,.T.);
#2165=ORIENTED_EDGE('',*,*,#1487,.F.);
#2166=ORIENTED_EDGE('',*,*,#1516,.F.);
#2167=ORIENTED_EDGE('',*,*,#1517,.F.);
#2168=ORIENTED_EDGE('',*,*,#1518,.F.);
#2169=ORIENTED_EDGE('',*,*,#1510,.T.);
#2170=ORIENTED_EDGE('',*,*,#1519,.F.);
#2171=ORIENTED_EDGE('',*,*,#1520,.F.);
#2172=ORIENTED_EDGE('',*,*,#1521,.F.);
#2173=ORIENTED_EDGE('',*,*,#1511,.F.);
#2174=ORIENTED_EDGE('',*,*,#1521,.T.);
#2175=ORIENTED_EDGE('',*,*,#1522,.F.);
#2176=ORIENTED_EDGE('',*,*,#1514,.F.);
#2177=ORIENTED_EDGE('',*,*,#1522,.T.);
#2178=ORIENTED_EDGE('',*,*,#1520,.T.);
#2179=ORIENTED_EDGE('',*,*,#1523,.F.);
#2180=ORIENTED_EDGE('',*,*,#1524,.F.);
#2181=ORIENTED_EDGE('',*,*,#1517,.T.);
#2182=ORIENTED_EDGE('',*,*,#1515,.T.);
#2183=ORIENTED_EDGE('',*,*,#1518,.T.);
#2184=ORIENTED_EDGE('',*,*,#1524,.T.);
#2185=ORIENTED_EDGE('',*,*,#1525,.T.);
#2186=ORIENTED_EDGE('',*,*,#1526,.T.);
#2187=ORIENTED_EDGE('',*,*,#1525,.F.);
#2188=ORIENTED_EDGE('',*,*,#1523,.T.);
#2189=ORIENTED_EDGE('',*,*,#1519,.T.);
#2190=ORIENTED_EDGE('',*,*,#1509,.F.);
#2191=ORIENTED_EDGE('',*,*,#1513,.F.);
#2192=ORIENTED_EDGE('',*,*,#1527,.T.);
#2193=ORIENTED_EDGE('',*,*,#1528,.T.);
#2194=ORIENTED_EDGE('',*,*,#1527,.F.);
#2195=ORIENTED_EDGE('',*,*,#1526,.F.);
#2196=ORIENTED_EDGE('',*,*,#1528,.F.);
#2197=CONICAL_SURFACE('',#2363,0.75,1.02974425867665);
#2198=CONICAL_SURFACE('',#2402,1.75,0.785398163397451);
#2199=CONICAL_SURFACE('',#2424,0.75,0.785398163397449);
#2200=CONICAL_SURFACE('',#2427,0.75,0.785398163397449);
#2201=CONICAL_SURFACE('',#2431,2.25,0.785398163397449);
#2202=CONICAL_SURFACE('',#2434,2.25,0.785398163397449);
#2203=CONICAL_SURFACE('',#2437,8.75,0.78539816339745);
#2204=CONICAL_SURFACE('',#2440,2.5,0.785398163397447);
#2205=CONICAL_SURFACE('',#2443,8.75,0.78539816339745);
#2206=CONICAL_SURFACE('',#2446,8.75,0.78539816339745);
#2207=CONICAL_SURFACE('',#2449,2.5,0.785398163397449);
#2208=CONICAL_SURFACE('',#2452,8.75,0.785398163397452);
#2209=CONICAL_SURFACE('',#2456,3.25,0.785398163397455);
#2210=CONICAL_SURFACE('',#2459,2.49999999742054,0.785398168556348);
#2211=CONICAL_SURFACE('',#2462,0.5,0.78539816339745);
#2212=CONICAL_SURFACE('',#2464,0.500000000000001,0.785398163397451);
#2213=CONICAL_SURFACE('',#2491,1.75,0.785398163397451);
#2214=CONICAL_SURFACE('',#2494,1.75,0.785398163397451);
#2215=CONICAL_SURFACE('',#2497,1.75,0.785398163397451);
#2216=ADVANCED_FACE('',(#149),#2197,.F.);
#2217=ADVANCED_FACE('',(#150),#111,.F.);
#2218=ADVANCED_FACE('',(#151),#112,.F.);
#2219=ADVANCED_FACE('',(#152),#35,.T.);
#2220=ADVANCED_FACE('',(#153),#36,.T.);
#2221=ADVANCED_FACE('',(#154,#15),#37,.T.);
#2222=ADVANCED_FACE('',(#155),#38,.T.);
#2223=ADVANCED_FACE('',(#156),#39,.T.);
#2224=ADVANCED_FACE('',(#157),#40,.T.);
#2225=ADVANCED_FACE('',(#158),#41,.T.);
#2226=ADVANCED_FACE('',(#159),#42,.T.);
#2227=ADVANCED_FACE('',(#160),#43,.T.);
#2228=ADVANCED_FACE('',(#161,#16,#17,#18,#19,#20,#21),#44,.F.);
#2229=ADVANCED_FACE('',(#162),#2198,.F.);
#2230=ADVANCED_FACE('',(#163,#22,#23,#24,#25,#26),#45,.T.);
#2231=ADVANCED_FACE('',(#164),#113,.F.);
#2232=ADVANCED_FACE('',(#165),#46,.T.);
#2233=ADVANCED_FACE('',(#166),#2199,.F.);
#2234=ADVANCED_FACE('',(#167),#47,.T.);
#2235=ADVANCED_FACE('',(#168),#2200,.F.);
#2236=ADVANCED_FACE('',(#169),#48,.T.);
#2237=ADVANCED_FACE('',(#170),#49,.T.);
#2238=ADVANCED_FACE('',(#171),#2201,.T.);
#2239=ADVANCED_FACE('',(#172),#50,.T.);
#2240=ADVANCED_FACE('',(#173),#2202,.T.);
#2241=ADVANCED_FACE('',(#174),#51,.T.);
#2242=ADVANCED_FACE('',(#175),#2203,.F.);
#2243=ADVANCED_FACE('',(#176),#52,.T.);
#2244=ADVANCED_FACE('',(#177),#2204,.T.);
#2245=ADVANCED_FACE('',(#178),#53,.T.);
#2246=ADVANCED_FACE('',(#179),#2205,.F.);
#2247=ADVANCED_FACE('',(#180),#54,.T.);
#2248=ADVANCED_FACE('',(#181),#2206,.F.);
#2249=ADVANCED_FACE('',(#182),#55,.T.);
#2250=ADVANCED_FACE('',(#183),#2207,.T.);
#2251=ADVANCED_FACE('',(#184),#56,.T.);
#2252=ADVANCED_FACE('',(#185),#2208,.F.);
#2253=ADVANCED_FACE('',(#186),#57,.T.);
#2254=ADVANCED_FACE('',(#187),#58,.T.);
#2255=ADVANCED_FACE('',(#188),#2209,.F.);
#2256=ADVANCED_FACE('',(#189),#59,.T.);
#2257=ADVANCED_FACE('',(#190),#2210,.T.);
#2258=ADVANCED_FACE('',(#191),#60,.T.);
#2259=ADVANCED_FACE('',(#192),#2211,.T.);
#2260=ADVANCED_FACE('',(#193),#2212,.T.);
#2261=ADVANCED_FACE('',(#194),#114,.F.);
#2262=ADVANCED_FACE('',(#195),#61,.T.);
#2263=ADVANCED_FACE('',(#196),#115,.T.);
#2264=ADVANCED_FACE('',(#197),#62,.T.);
#2265=ADVANCED_FACE('',(#198),#116,.F.);
#2266=ADVANCED_FACE('',(#199),#117,.T.);
#2267=ADVANCED_FACE('',(#200),#63,.T.);
#2268=ADVANCED_FACE('',(#201),#118,.T.);
#2269=ADVANCED_FACE('',(#202),#64,.T.);
#2270=ADVANCED_FACE('',(#203),#65,.T.);
#2271=ADVANCED_FACE('',(#204),#119,.T.);
#2272=ADVANCED_FACE('',(#205),#66,.T.);
#2273=ADVANCED_FACE('',(#206),#120,.F.);
#2274=ADVANCED_FACE('',(#207),#67,.T.);
#2275=ADVANCED_FACE('',(#208),#68,.T.);
#2276=ADVANCED_FACE('',(#209),#69,.T.);
#2277=ADVANCED_FACE('',(#210),#70,.T.);
#2278=ADVANCED_FACE('',(#211),#71,.T.);
#2279=ADVANCED_FACE('',(#212),#72,.T.);
#2280=ADVANCED_FACE('',(#213),#73,.T.);
#2281=ADVANCED_FACE('',(#214),#2213,.F.);
#2282=ADVANCED_FACE('',(#215),#121,.F.);
#2283=ADVANCED_FACE('',(#216),#2214,.F.);
#2284=ADVANCED_FACE('',(#217),#122,.F.);
#2285=ADVANCED_FACE('',(#218),#2215,.F.);
#2286=ADVANCED_FACE('',(#219),#123,.F.);
#2287=ADVANCED_FACE('',(#220),#124,.F.);
#2288=ADVANCED_FACE('',(#221),#74,.T.);
#2289=ADVANCED_FACE('',(#222),#125,.F.);
#2290=ADVANCED_FACE('',(#223),#75,.T.);
#2291=ADVANCED_FACE('',(#224),#126,.F.);
#2292=ADVANCED_FACE('',(#225),#76,.T.);
#2293=ADVANCED_FACE('',(#226),#127,.F.);
#2294=ADVANCED_FACE('',(#227),#77,.T.);
#2295=ADVANCED_FACE('',(#228),#128,.T.);
#2296=ADVANCED_FACE('',(#229),#129,.T.);
#2297=ADVANCED_FACE('',(#230),#78,.T.);
#2298=ADVANCED_FACE('',(#231),#79,.T.);
#2299=ADVANCED_FACE('',(#232),#80,.T.);
#2300=ADVANCED_FACE('',(#233,#27),#81,.T.);
#2301=ADVANCED_FACE('',(#234),#82,.T.);
#2302=ADVANCED_FACE('',(#235),#130,.T.);
#2303=ADVANCED_FACE('',(#236),#83,.T.);
#2304=ADVANCED_FACE('',(#237),#84,.T.);
#2305=ADVANCED_FACE('',(#238),#85,.F.);
#2306=ADVANCED_FACE('',(#239),#131,.T.);
#2307=ADVANCED_FACE('',(#240),#132,.F.);
#2308=ADVANCED_FACE('',(#241,#28),#86,.F.);
#2309=ADVANCED_FACE('',(#242),#87,.T.);
#2310=ADVANCED_FACE('',(#243),#88,.T.);
#2311=ADVANCED_FACE('',(#244),#133,.T.);
#2312=ADVANCED_FACE('',(#245),#134,.T.);
#2313=ADVANCED_FACE('',(#246,#29),#89,.T.);
#2314=ADVANCED_FACE('',(#247),#135,.T.);
#2315=ADVANCED_FACE('',(#248),#136,.T.);
#2316=ADVANCED_FACE('',(#249),#90,.T.);
#2317=ADVANCED_FACE('',(#250),#91,.T.);
#2318=ADVANCED_FACE('',(#251),#92,.F.);
#2319=ADVANCED_FACE('',(#252),#137,.F.);
#2320=ADVANCED_FACE('',(#253),#138,.T.);
#2321=ADVANCED_FACE('',(#254,#30),#93,.F.);
#2322=ADVANCED_FACE('',(#255),#94,.T.);
#2323=ADVANCED_FACE('',(#256),#139,.T.);
#2324=ADVANCED_FACE('',(#257),#95,.T.);
#2325=ADVANCED_FACE('',(#258),#96,.T.);
#2326=ADVANCED_FACE('',(#259),#97,.F.);
#2327=ADVANCED_FACE('',(#260),#140,.F.);
#2328=ADVANCED_FACE('',(#261),#141,.T.);
#2329=ADVANCED_FACE('',(#262,#31),#98,.T.);
#2330=ADVANCED_FACE('',(#263,#32),#99,.F.);
#2331=ADVANCED_FACE('',(#264),#100,.T.);
#2332=ADVANCED_FACE('',(#265),#101,.F.);
#2333=ADVANCED_FACE('',(#266),#102,.T.);
#2334=ADVANCED_FACE('',(#267),#142,.T.);
#2335=ADVANCED_FACE('',(#268),#103,.T.);
#2336=ADVANCED_FACE('',(#269),#143,.T.);
#2337=ADVANCED_FACE('',(#270),#104,.T.);
#2338=ADVANCED_FACE('',(#271),#105,.T.);
#2339=ADVANCED_FACE('',(#272),#144,.T.);
#2340=ADVANCED_FACE('',(#273,#33),#106,.T.);
#2341=ADVANCED_FACE('',(#274),#145,.T.);
#2342=ADVANCED_FACE('',(#275),#107,.T.);
#2343=ADVANCED_FACE('',(#276),#108,.T.);
#2344=ADVANCED_FACE('',(#277),#146,.T.);
#2345=ADVANCED_FACE('',(#278),#109,.F.);
#2346=ADVANCED_FACE('',(#279),#147,.T.);
#2347=ADVANCED_FACE('',(#280),#148,.F.);
#2348=ADVANCED_FACE('',(#281,#34),#110,.F.);
#2349=CLOSED_SHELL('',(#2216,#2217,#2218,#2219,#2220,#2221,#2222,#2223,
#2224,#2225,#2226,#2227,#2228,#2229,#2230,#2231,#2232,#2233,#2234,#2235,
#2236,#2237,#2238,#2239,#2240,#2241,#2242,#2243,#2244,#2245,#2246,#2247,
#2248,#2249,#2250,#2251,#2252,#2253,#2254,#2255,#2256,#2257,#2258,#2259,
#2260,#2261,#2262,#2263,#2264,#2265,#2266,#2267,#2268,#2269,#2270,#2271,
#2272,#2273,#2274,#2275,#2276,#2277,#2278,#2279,#2280,#2281,#2282,#2283,
#2284,#2285,#2286,#2287,#2288,#2289,#2290,#2291,#2292,#2293,#2294,#2295,
#2296,#2297,#2298,#2299,#2300,#2301,#2302,#2303,#2304,#2305,#2306,#2307,
#2308,#2309,#2310,#2311,#2312,#2313,#2314,#2315,#2316,#2317,#2318,#2319,
#2320,#2321,#2322,#2323,#2324,#2325,#2326,#2327,#2328,#2329,#2330,#2331,
#2332,#2333,#2334,#2335,#2336,#2337,#2338,#2339,#2340,#2341,#2342,#2343,
#2344,#2345,#2346,#2347,#2348));
#2350=DERIVED_UNIT_ELEMENT(#2352,1.);
#2351=DERIVED_UNIT_ELEMENT(#4008,-3.);
#2352=(
MASS_UNIT()
NAMED_UNIT(*)
SI_UNIT(.KILO.,.GRAM.)
);
#2353=DERIVED_UNIT((#2350,#2351));
#2354=MEASURE_REPRESENTATION_ITEM('density measure',
POSITIVE_RATIO_MEASURE(7850.),#2353);
#2355=PROPERTY_DEFINITION_REPRESENTATION(#2360,#2357);
#2356=PROPERTY_DEFINITION_REPRESENTATION(#2361,#2358);
#2357=REPRESENTATION('material name',(#2359),#4005);
#2358=REPRESENTATION('density',(#2354),#4005);
#2359=DESCRIPTIVE_REPRESENTATION_ITEM('Steel','Steel');
#2360=PROPERTY_DEFINITION('material property','material name',#4015);
#2361=PROPERTY_DEFINITION('material property','density of part',#4015);
#2362=AXIS2_PLACEMENT_3D('',#3328,#2611,#2612);
#2363=AXIS2_PLACEMENT_3D('',#3329,#2613,#2614);
#2364=AXIS2_PLACEMENT_3D('',#3331,#2615,#2616);
#2365=AXIS2_PLACEMENT_3D('',#3334,#2618,#2619);
#2366=AXIS2_PLACEMENT_3D('',#3335,#2620,#2621);
#2367=AXIS2_PLACEMENT_3D('',#3337,#2622,#2623);
#2368=AXIS2_PLACEMENT_3D('',#3339,#2625,#2626);
#2369=AXIS2_PLACEMENT_3D('',#3342,#2628,#2629);
#2370=AXIS2_PLACEMENT_3D('',#3343,#2630,#2631);
#2371=AXIS2_PLACEMENT_3D('',#3344,#2632,#2633);
#2372=AXIS2_PLACEMENT_3D('',#3353,#2638,#2639);
#2373=AXIS2_PLACEMENT_3D('',#3359,#2643,#2644);
#2374=AXIS2_PLACEMENT_3D('',#3373,#2652,#2653);
#2375=AXIS2_PLACEMENT_3D('',#3382,#2658,#2659);
#2376=AXIS2_PLACEMENT_3D('',#3385,#2662,#2663);
#2377=AXIS2_PLACEMENT_3D('',#3389,#2666,#2667);
#2378=AXIS2_PLACEMENT_3D('',#3393,#2670,#2671);
#2379=AXIS2_PLACEMENT_3D('',#3395,#2673,#2674);
#2380=AXIS2_PLACEMENT_3D('',#3397,#2675,#2676);
#2381=AXIS2_PLACEMENT_3D('',#3401,#2678,#2679);
#2382=AXIS2_PLACEMENT_3D('',#3407,#2682,#2683);
#2383=AXIS2_PLACEMENT_3D('',#3409,#2684,#2685);
#2384=AXIS2_PLACEMENT_3D('',#3411,#2686,#2687);
#2385=AXIS2_PLACEMENT_3D('',#3415,#2689,#2690);
#2386=AXIS2_PLACEMENT_3D('',#3419,#2692,#2693);
#2387=AXIS2_PLACEMENT_3D('',#3423,#2695,#2696);
#2388=AXIS2_PLACEMENT_3D('',#3427,#2698,#2699);
#2389=AXIS2_PLACEMENT_3D('',#3431,#2701,#2702);
#2390=AXIS2_PLACEMENT_3D('',#3435,#2704,#2705);
#2391=AXIS2_PLACEMENT_3D('',#3439,#2707,#2708);
#2392=AXIS2_PLACEMENT_3D('',#3443,#2710,#2711);
#2393=AXIS2_PLACEMENT_3D('',#3447,#2713,#2714);
#2394=AXIS2_PLACEMENT_3D('',#3451,#2716,#2717);
#2395=AXIS2_PLACEMENT_3D('',#3453,#2718,#2719);
#2396=AXIS2_PLACEMENT_3D('',#3456,#2721,#2722);
#2397=AXIS2_PLACEMENT_3D('',#3458,#2723,#2724);
#2398=AXIS2_PLACEMENT_3D('',#3460,#2725,#2726);
#2399=AXIS2_PLACEMENT_3D('',#3462,#2727,#2728);
#2400=AXIS2_PLACEMENT_3D('',#3464,#2729,#2730);
#2401=AXIS2_PLACEMENT_3D('',#3466,#2731,#2732);
#2402=AXIS2_PLACEMENT_3D('',#3475,#2737,#2738);
#2403=AXIS2_PLACEMENT_3D('',#3477,#2739,#2740);
#2404=AXIS2_PLACEMENT_3D('',#3480,#2742,#2743);
#2405=AXIS2_PLACEMENT_3D('',#3481,#2744,#2745);
#2406=AXIS2_PLACEMENT_3D('',#3486,#2747,#2748);
#2407=AXIS2_PLACEMENT_3D('',#3490,#2750,#2751);
#2408=AXIS2_PLACEMENT_3D('',#3494,#2753,#2754);
#2409=AXIS2_PLACEMENT_3D('',#3498,#2756,#2757);
#2410=AXIS2_PLACEMENT_3D('',#3502,#2759,#2760);
#2411=AXIS2_PLACEMENT_3D('',#3506,#2762,#2763);
#2412=AXIS2_PLACEMENT_3D('',#3510,#2765,#2766);
#2413=AXIS2_PLACEMENT_3D('',#3514,#2768,#2769);
#2414=AXIS2_PLACEMENT_3D('',#3520,#2772,#2773);
#2415=AXIS2_PLACEMENT_3D('',#3524,#2775,#2776);
#2416=AXIS2_PLACEMENT_3D('',#3530,#2779,#2780);
#2417=AXIS2_PLACEMENT_3D('',#3534,#2782,#2783);
#2418=AXIS2_PLACEMENT_3D('',#3537,#2785,#2786);
#2419=AXIS2_PLACEMENT_3D('',#3539,#2787,#2788);
#2420=AXIS2_PLACEMENT_3D('',#3541,#2789,#2790);
#2421=AXIS2_PLACEMENT_3D('',#3550,#2795,#2796);
#2422=AXIS2_PLACEMENT_3D('',#3553,#2798,#2799);
#2423=AXIS2_PLACEMENT_3D('',#3554,#2800,#2801);
#2424=AXIS2_PLACEMENT_3D('',#3560,#2805,#2806);
#2425=AXIS2_PLACEMENT_3D('',#3562,#2807,#2808);
#2426=AXIS2_PLACEMENT_3D('',#3564,#2810,#2811);
#2427=AXIS2_PLACEMENT_3D('',#3568,#2814,#2815);
#2428=AXIS2_PLACEMENT_3D('',#3570,#2816,#2817);
#2429=AXIS2_PLACEMENT_3D('',#3572,#2819,#2820);
#2430=AXIS2_PLACEMENT_3D('',#3576,#2823,#2824);
#2431=AXIS2_PLACEMENT_3D('',#3582,#2828,#2829);
#2432=AXIS2_PLACEMENT_3D('',#3584,#2830,#2831);
#2433=AXIS2_PLACEMENT_3D('',#3586,#2833,#2834);
#2434=AXIS2_PLACEMENT_3D('',#3590,#2837,#2838);
#2435=AXIS2_PLACEMENT_3D('',#3591,#2839,#2840);
#2436=AXIS2_PLACEMENT_3D('',#3593,#2842,#2843);
#2437=AXIS2_PLACEMENT_3D('',#3595,#2845,#2846);
#2438=AXIS2_PLACEMENT_3D('',#3597,#2847,#2848);
#2439=AXIS2_PLACEMENT_3D('',#3599,#2850,#2851);
#2440=AXIS2_PLACEMENT_3D('',#3603,#2854,#2855);
#2441=AXIS2_PLACEMENT_3D('',#3606,#2857,#2858);
#2442=AXIS2_PLACEMENT_3D('',#3607,#2859,#2860);
#2443=AXIS2_PLACEMENT_3D('',#3611,#2863,#2864);
#2444=AXIS2_PLACEMENT_3D('',#3613,#2865,#2866);
#2445=AXIS2_PLACEMENT_3D('',#3615,#2868,#2869);
#2446=AXIS2_PLACEMENT_3D('',#3619,#2872,#2873);
#2447=AXIS2_PLACEMENT_3D('',#3621,#2874,#2875);
#2448=AXIS2_PLACEMENT_3D('',#3623,#2877,#2878);
#2449=AXIS2_PLACEMENT_3D('',#3627,#2881,#2882);
#2450=AXIS2_PLACEMENT_3D('',#3630,#2884,#2885);
#2451=AXIS2_PLACEMENT_3D('',#3631,#2886,#2887);
#2452=AXIS2_PLACEMENT_3D('',#3635,#2890,#2891);
#2453=AXIS2_PLACEMENT_3D('',#3637,#2892,#2893);
#2454=AXIS2_PLACEMENT_3D('',#3639,#2895,#2896);
#2455=AXIS2_PLACEMENT_3D('',#3643,#2899,#2900);
#2456=AXIS2_PLACEMENT_3D('',#3649,#2904,#2905);
#2457=AXIS2_PLACEMENT_3D('',#3651,#2906,#2907);
#2458=AXIS2_PLACEMENT_3D('',#3653,#2909,#2910);
#2459=AXIS2_PLACEMENT_3D('',#3657,#2913,#2914);
#2460=AXIS2_PLACEMENT_3D('',#3660,#2916,#2917);
#2461=AXIS2_PLACEMENT_3D('',#3661,#2918,#2919);
#2462=AXIS2_PLACEMENT_3D('',#3663,#2921,#2922);
#2463=AXIS2_PLACEMENT_3D('',#3664,#2923,#2924);
#2464=AXIS2_PLACEMENT_3D('',#3665,#2925,#2926);
#2465=AXIS2_PLACEMENT_3D('',#3666,#2927,#2928);
#2466=AXIS2_PLACEMENT_3D('',#3667,#2929,#2930);
#2467=AXIS2_PLACEMENT_3D('',#3670,#2933,#2934);
#2468=AXIS2_PLACEMENT_3D('',#3672,#2936,#2937);
#2469=AXIS2_PLACEMENT_3D('',#3677,#2939,#2940);
#2470=AXIS2_PLACEMENT_3D('',#3683,#2943,#2944);
#2471=AXIS2_PLACEMENT_3D('',#3686,#2947,#2948);
#2472=AXIS2_PLACEMENT_3D('',#3687,#2949,#2950);
#2473=AXIS2_PLACEMENT_3D('',#3689,#2952,#2953);
#2474=AXIS2_PLACEMENT_3D('',#3690,#2954,#2955);
#2475=AXIS2_PLACEMENT_3D('',#3692,#2957,#2958);
#2476=AXIS2_PLACEMENT_3D('',#3694,#2960,#2961);
#2477=AXIS2_PLACEMENT_3D('',#3696,#2963,#2964);
#2478=AXIS2_PLACEMENT_3D('',#3698,#2966,#2967);
#2479=AXIS2_PLACEMENT_3D('',#3700,#2969,#2970);
#2480=AXIS2_PLACEMENT_3D('',#3705,#2973,#2974);
#2481=AXIS2_PLACEMENT_3D('',#3708,#2976,#2977);
#2482=AXIS2_PLACEMENT_3D('',#3709,#2978,#2979);
#2483=AXIS2_PLACEMENT_3D('',#3711,#2981,#2982);
#2484=AXIS2_PLACEMENT_3D('',#3713,#2984,#2985);
#2485=AXIS2_PLACEMENT_3D('',#3715,#2987,#2988);
#2486=AXIS2_PLACEMENT_3D('',#3721,#2992,#2993);
#2487=AXIS2_PLACEMENT_3D('',#3725,#2996,#2997);
#2488=AXIS2_PLACEMENT_3D('',#3729,#3000,#3001);
#2489=AXIS2_PLACEMENT_3D('',#3731,#3003,#3004);
#2490=AXIS2_PLACEMENT_3D('',#3734,#3007,#3008);
#2491=AXIS2_PLACEMENT_3D('',#3736,#3010,#3011);
#2492=AXIS2_PLACEMENT_3D('',#3739,#3013,#3014);
#2493=AXIS2_PLACEMENT_3D('',#3740,#3015,#3016);
#2494=AXIS2_PLACEMENT_3D('',#3742,#3018,#3019);
#2495=AXIS2_PLACEMENT_3D('',#3745,#3021,#3022);
#2496=AXIS2_PLACEMENT_3D('',#3746,#3023,#3024);
#2497=AXIS2_PLACEMENT_3D('',#3748,#3026,#3027);
#2498=AXIS2_PLACEMENT_3D('',#3751,#3029,#3030);
#2499=AXIS2_PLACEMENT_3D('',#3752,#3031,#3032);
#2500=AXIS2_PLACEMENT_3D('',#3754,#3034,#3035);
#2501=AXIS2_PLACEMENT_3D('',#3757,#3038,#3039);
#2502=AXIS2_PLACEMENT_3D('',#3759,#3041,#3042);
#2503=AXIS2_PLACEMENT_3D('',#3762,#3045,#3046);
#2504=AXIS2_PLACEMENT_3D('',#3763,#3047,#3048);
#2505=AXIS2_PLACEMENT_3D('',#3766,#3051,#3052);
#2506=AXIS2_PLACEMENT_3D('',#3768,#3054,#3055);
#2507=AXIS2_PLACEMENT_3D('',#3771,#3058,#3059);
#2508=AXIS2_PLACEMENT_3D('',#3772,#3060,#3061);
#2509=AXIS2_PLACEMENT_3D('',#3773,#3062,#3063);
#2510=AXIS2_PLACEMENT_3D('',#3775,#3065,#3066);
#2511=AXIS2_PLACEMENT_3D('',#3777,#3068,#3069);
#2512=AXIS2_PLACEMENT_3D('',#3778,#3070,#3071);
#2513=AXIS2_PLACEMENT_3D('',#3779,#3072,#3073);
#2514=AXIS2_PLACEMENT_3D('',#3781,#3074,#3075);
#2515=AXIS2_PLACEMENT_3D('',#3785,#3077,#3078);
#2516=AXIS2_PLACEMENT_3D('',#3788,#3080,#3081);
#2517=AXIS2_PLACEMENT_3D('',#3789,#3082,#3083);
#2518=AXIS2_PLACEMENT_3D('',#3793,#3086,#3087);
#2519=AXIS2_PLACEMENT_3D('',#3795,#3088,#3089);
#2520=AXIS2_PLACEMENT_3D('',#3797,#3091,#3092);
#2521=AXIS2_PLACEMENT_3D('',#3801,#3095,#3096);
#2522=AXIS2_PLACEMENT_3D('',#3805,#3099,#3100);
#2523=AXIS2_PLACEMENT_3D('',#3807,#3101,#3102);
#2524=AXIS2_PLACEMENT_3D('',#3808,#3103,#3104);
#2525=AXIS2_PLACEMENT_3D('',#3809,#3105,#3106);
#2526=AXIS2_PLACEMENT_3D('',#3812,#3108,#3109);
#2527=AXIS2_PLACEMENT_3D('',#3813,#3110,#3111);
#2528=AXIS2_PLACEMENT_3D('',#3816,#3113,#3114);
#2529=AXIS2_PLACEMENT_3D('',#3817,#3115,#3116);
#2530=AXIS2_PLACEMENT_3D('',#3818,#3117,#3118);
#2531=AXIS2_PLACEMENT_3D('',#3820,#3120,#3121);
#2532=AXIS2_PLACEMENT_3D('',#3822,#3123,#3124);
#2533=AXIS2_PLACEMENT_3D('',#3823,#3125,#3126);
#2534=AXIS2_PLACEMENT_3D('',#3827,#3128,#3129);
#2535=AXIS2_PLACEMENT_3D('',#3828,#3130,#3131);
#2536=AXIS2_PLACEMENT_3D('',#3829,#3132,#3133);
#2537=AXIS2_PLACEMENT_3D('',#3832,#3134,#3135);
#2538=AXIS2_PLACEMENT_3D('',#3834,#3136,#3137);
#2539=AXIS2_PLACEMENT_3D('',#3838,#3139,#3140);
#2540=AXIS2_PLACEMENT_3D('',#3839,#3141,#3142);
#2541=AXIS2_PLACEMENT_3D('',#3842,#3144,#3145);
#2542=AXIS2_PLACEMENT_3D('',#3843,#3146,#3147);
#2543=AXIS2_PLACEMENT_3D('',#3847,#3149,#3150);
#2544=AXIS2_PLACEMENT_3D('',#3849,#3152,#3153);
#2545=AXIS2_PLACEMENT_3D('',#3851,#3154,#3155);
#2546=AXIS2_PLACEMENT_3D('',#3853,#3157,#3158);
#2547=AXIS2_PLACEMENT_3D('',#3857,#3161,#3162);
#2548=AXIS2_PLACEMENT_3D('',#3861,#3165,#3166);
#2549=AXIS2_PLACEMENT_3D('',#3862,#3167,#3168);
#2550=AXIS2_PLACEMENT_3D('',#3863,#3169,#3170);
#2551=AXIS2_PLACEMENT_3D('',#3866,#3172,#3173);
#2552=AXIS2_PLACEMENT_3D('',#3867,#3174,#3175);
#2553=AXIS2_PLACEMENT_3D('',#3870,#3177,#3178);
#2554=AXIS2_PLACEMENT_3D('',#3871,#3179,#3180);
#2555=AXIS2_PLACEMENT_3D('',#3872,#3181,#3182);
#2556=AXIS2_PLACEMENT_3D('',#3875,#3184,#3185);
#2557=AXIS2_PLACEMENT_3D('',#3876,#3186,#3187);
#2558=AXIS2_PLACEMENT_3D('',#3880,#3189,#3190);
#2559=AXIS2_PLACEMENT_3D('',#3883,#3192,#3193);
#2560=AXIS2_PLACEMENT_3D('',#3884,#3194,#3195);
#2561=AXIS2_PLACEMENT_3D('',#3890,#3199,#3200);
#2562=AXIS2_PLACEMENT_3D('',#3896,#3204,#3205);
#2563=AXIS2_PLACEMENT_3D('',#3897,#3206,#3207);
#2564=AXIS2_PLACEMENT_3D('',#3898,#3208,#3209);
#2565=AXIS2_PLACEMENT_3D('',#3900,#3210,#3211);
#2566=AXIS2_PLACEMENT_3D('',#3903,#3213,#3214);
#2567=AXIS2_PLACEMENT_3D('',#3904,#3215,#3216);
#2568=AXIS2_PLACEMENT_3D('',#3906,#3217,#3218);
#2569=AXIS2_PLACEMENT_3D('',#3909,#3220,#3221);
#2570=AXIS2_PLACEMENT_3D('',#3910,#3222,#3223);
#2571=AXIS2_PLACEMENT_3D('',#3911,#3224,#3225);
#2572=AXIS2_PLACEMENT_3D('',#3912,#3226,#3227);
#2573=AXIS2_PLACEMENT_3D('',#3913,#3228,#3229);
#2574=AXIS2_PLACEMENT_3D('',#3914,#3230,#3231);
#2575=AXIS2_PLACEMENT_3D('',#3917,#3232,#3233);
#2576=AXIS2_PLACEMENT_3D('',#3919,#3234,#3235);
#2577=AXIS2_PLACEMENT_3D('',#3923,#3237,#3238);
#2578=AXIS2_PLACEMENT_3D('',#3927,#3240,#3241);
#2579=AXIS2_PLACEMENT_3D('',#3930,#3243,#3244);
#2580=AXIS2_PLACEMENT_3D('',#3931,#3245,#3246);
#2581=AXIS2_PLACEMENT_3D('',#3939,#3251,#3252);
#2582=AXIS2_PLACEMENT_3D('',#3942,#3254,#3255);
#2583=AXIS2_PLACEMENT_3D('',#3944,#3257,#3258);
#2584=AXIS2_PLACEMENT_3D('',#3948,#3261,#3262);
#2585=AXIS2_PLACEMENT_3D('',#3949,#3263,#3264);
#2586=AXIS2_PLACEMENT_3D('',#3950,#3265,#3266);
#2587=AXIS2_PLACEMENT_3D('',#3951,#3267,#3268);
#2588=AXIS2_PLACEMENT_3D('',#3952,#3269,#3270);
#2589=AXIS2_PLACEMENT_3D('',#3953,#3271,#3272);
#2590=AXIS2_PLACEMENT_3D('',#3954,#3273,#3274);
#2591=AXIS2_PLACEMENT_3D('',#3957,#3275,#3276);
#2592=AXIS2_PLACEMENT_3D('',#3960,#3279,#3280);
#2593=AXIS2_PLACEMENT_3D('',#3964,#3282,#3283);
#2594=AXIS2_PLACEMENT_3D('',#3968,#3285,#3286);
#2595=AXIS2_PLACEMENT_3D('',#3969,#3287,#3288);
#2596=AXIS2_PLACEMENT_3D('',#3971,#3289,#3290);
#2597=AXIS2_PLACEMENT_3D('',#3972,#3291,#3292);
#2598=AXIS2_PLACEMENT_3D('',#3976,#3294,#3295);
#2599=AXIS2_PLACEMENT_3D('',#3978,#3297,#3298);
#2600=AXIS2_PLACEMENT_3D('',#3982,#3301,#3302);
#2601=AXIS2_PLACEMENT_3D('',#3988,#3306,#3307);
#2602=AXIS2_PLACEMENT_3D('',#3989,#3308,#3309);
#2603=AXIS2_PLACEMENT_3D('',#3990,#3310,#3311);
#2604=AXIS2_PLACEMENT_3D('',#3992,#3312,#3313);
#2605=AXIS2_PLACEMENT_3D('',#3993,#3314,#3315);
#2606=AXIS2_PLACEMENT_3D('',#3994,#3316,#3317);
#2607=AXIS2_PLACEMENT_3D('',#3997,#3319,#3320);
#2608=AXIS2_PLACEMENT_3D('',#3998,#3321,#3322);
#2609=AXIS2_PLACEMENT_3D('',#4001,#3324,#3325);
#2610=AXIS2_PLACEMENT_3D('',#4002,#3326,#3327);
#2611=DIRECTION('axis',(0.,0.,1.));
#2612=DIRECTION('refdir',(1.,0.,0.));
#2613=DIRECTION('center_axis',(-1.,0.,0.));
#2614=DIRECTION('ref_axis',(0.,-1.,0.));
#2615=DIRECTION('center_axis',(1.,0.,0.));
#2616=DIRECTION('ref_axis',(0.,-1.,0.));
#2617=DIRECTION('',(0.515038074910054,-0.857167300702112,-1.04972719113862E-16));
#2618=DIRECTION('center_axis',(-1.,0.,0.));
#2619=DIRECTION('ref_axis',(0.,-1.,0.));
#2620=DIRECTION('center_axis',(1.,0.,0.));
#2621=DIRECTION('ref_axis',(0.,-1.,0.));
#2622=DIRECTION('center_axis',(1.,0.,0.));
#2623=DIRECTION('ref_axis',(0.,-1.,0.));
#2624=DIRECTION('',(1.,0.,0.));
#2625=DIRECTION('center_axis',(1.,0.,0.));
#2626=DIRECTION('ref_axis',(0.,-1.,0.));
#2627=DIRECTION('',(1.,0.,0.));
#2628=DIRECTION('center_axis',(1.,0.,0.));
#2629=DIRECTION('ref_axis',(0.,-1.,0.));
#2630=DIRECTION('center_axis',(-1.,0.,0.));
#2631=DIRECTION('ref_axis',(0.,-1.,0.));
#2632=DIRECTION('center_axis',(0.,0.,1.));
#2633=DIRECTION('ref_axis',(0.,1.,0.));
#2634=DIRECTION('',(0.,-1.,0.));
#2635=DIRECTION('',(-1.,0.,0.));
#2636=DIRECTION('',(0.,1.,0.));
#2637=DIRECTION('',(-1.,0.,0.));
#2638=DIRECTION('center_axis',(-1.,0.,0.));
#2639=DIRECTION('ref_axis',(0.,0.,1.));
#2640=DIRECTION('',(0.,0.,-1.));
#2641=DIRECTION('',(0.,-1.,0.));
#2642=DIRECTION('',(0.,0.,1.));
#2643=DIRECTION('center_axis',(-1.,0.,0.));
#2644=DIRECTION('ref_axis',(0.,1.,0.));
#2645=DIRECTION('',(0.,0.,-1.));
#2646=DIRECTION('',(0.,1.,0.));
#2647=DIRECTION('',(0.,0.,-1.));
#2648=DIRECTION('',(0.,-1.,0.));
#2649=DIRECTION('',(0.,0.,1.));
#2650=DIRECTION('',(0.,1.,0.));
#2651=DIRECTION('',(0.,0.,-1.));
#2652=DIRECTION('center_axis',(0.707106781186548,1.57009245868378E-16,-0.707106781186547));
#2653=DIRECTION('ref_axis',(-0.707106781186547,0.,-0.707106781186548));
#2654=DIRECTION('',(-0.707106781186547,0.,-0.707106781186548));
#2655=DIRECTION('',(-2.22044604925031E-16,1.,0.));
#2656=DIRECTION('',(0.707106781186547,0.,0.707106781186548));
#2657=DIRECTION('',(2.22044604925031E-16,-1.,0.));
#2658=DIRECTION('center_axis',(0.,0.,-1.));
#2659=DIRECTION('ref_axis',(-1.,0.,0.));
#2660=DIRECTION('',(-1.,0.,0.));
#2661=DIRECTION('',(-1.,0.,0.));
#2662=DIRECTION('center_axis',(0.,-1.,0.));
#2663=DIRECTION('ref_axis',(-1.,0.,0.));
#2664=DIRECTION('',(0.,0.,-1.));
#2665=DIRECTION('',(1.,0.,0.));
#2666=DIRECTION('center_axis',(1.,2.22044604925031E-16,0.));
#2667=DIRECTION('ref_axis',(2.22044604925031E-16,-1.,0.));
#2668=DIRECTION('',(0.,0.,-1.));
#2669=DIRECTION('',(-2.22044604925031E-16,1.,0.));
#2670=DIRECTION('center_axis',(0.,1.,0.));
#2671=DIRECTION('ref_axis',(1.,0.,0.));
#2672=DIRECTION('',(-1.,0.,0.));
#2673=DIRECTION('center_axis',(0.,0.,1.));
#2674=DIRECTION('ref_axis',(-1.,0.,0.));
#2675=DIRECTION('center_axis',(0.,0.,1.));
#2676=DIRECTION('ref_axis',(-0.707106781186547,0.707106781186547,0.));
#2677=DIRECTION('',(1.,0.,0.));
#2678=DIRECTION('center_axis',(0.,0.,1.));
#2679=DIRECTION('ref_axis',(0.707106781186547,0.707106781186547,0.));
#2680=DIRECTION('',(0.,-1.,0.));
#2681=DIRECTION('',(-0.887100492401002,0.461576338628725,0.));
#2682=DIRECTION('center_axis',(0.,0.,1.));
#2683=DIRECTION('ref_axis',(-1.,-1.42108547418611E-13,0.));
#2684=DIRECTION('center_axis',(0.,0.,1.));
#2685=DIRECTION('ref_axis',(-1.,0.,0.));
#2686=DIRECTION('center_axis',(0.,0.,1.));
#2687=DIRECTION('ref_axis',(-1.,-1.42108547418611E-13,0.));
#2688=DIRECTION('',(0.887100492401002,-0.461576338628726,0.));
#2689=DIRECTION('center_axis',(0.,0.,-1.));
#2690=DIRECTION('ref_axis',(-0.518856271703095,0.854861491303921,0.));
#2691=DIRECTION('',(0.,-1.,0.));
#2692=DIRECTION('center_axis',(0.,0.,1.));
#2693=DIRECTION('ref_axis',(0.707106781186544,-0.707106781186551,0.));
#2694=DIRECTION('',(-1.,0.,0.));
#2695=DIRECTION('center_axis',(0.,0.,-1.));
#2696=DIRECTION('ref_axis',(-0.707106781186546,0.707106781186549,0.));
#2697=DIRECTION('',(0.,-1.,0.));
#2698=DIRECTION('center_axis',(0.,0.,-1.));
#2699=DIRECTION('ref_axis',(-0.707106781186546,-0.707106781186549,0.));
#2700=DIRECTION('',(1.,0.,0.));
#2701=DIRECTION('center_axis',(0.,0.,1.));
#2702=DIRECTION('ref_axis',(0.707106781186546,0.707106781186549,0.));
#2703=DIRECTION('',(0.,-1.,0.));
#2704=DIRECTION('center_axis',(0.,0.,-1.));
#2705=DIRECTION('ref_axis',(-0.90379301626897,-0.427969839759108,0.));
#2706=DIRECTION('',(-0.773592304696065,0.633683632513126,0.));
#2707=DIRECTION('center_axis',(0.,0.,1.));
#2708=DIRECTION('ref_axis',(-0.633683632513125,-0.773592304696065,0.));
#2709=DIRECTION('',(0.773592304696065,-0.633683632513126,0.));
#2710=DIRECTION('center_axis',(0.,0.,-1.));
#2711=DIRECTION('ref_axis',(0.336457794755847,0.941698546429818,0.));
#2712=DIRECTION('',(-1.,-4.98020397050242E-17,0.));
#2713=DIRECTION('center_axis',(0.,0.,-1.));
#2714=DIRECTION('ref_axis',(-0.453948154366394,0.891028098966213,0.));
#2715=DIRECTION('',(0.587862146294689,0.808961122028619,0.));
#2716=DIRECTION('center_axis',(0.,0.,1.));
#2717=DIRECTION('ref_axis',(-1.,0.,0.));
#2718=DIRECTION('center_axis',(0.,0.,1.));
#2719=DIRECTION('ref_axis',(-1.,0.,0.));
#2720=DIRECTION('',(-0.587862146294689,-0.808961122028619,0.));
#2721=DIRECTION('center_axis',(0.,0.,-1.));
#2722=DIRECTION('ref_axis',(0.951041829266363,-0.309062192747173,0.));
#2723=DIRECTION('center_axis',(0.,0.,1.));
#2724=DIRECTION('ref_axis',(-1.,0.,0.));
#2725=DIRECTION('center_axis',(0.,0.,1.));
#2726=DIRECTION('ref_axis',(-1.,0.,0.));
#2727=DIRECTION('center_axis',(0.,0.,1.));
#2728=DIRECTION('ref_axis',(-1.,0.,0.));
#2729=DIRECTION('center_axis',(0.,0.,1.));
#2730=DIRECTION('ref_axis',(-1.,0.,0.));
#2731=DIRECTION('center_axis',(0.,0.,-1.));
#2732=DIRECTION('ref_axis',(0.326479002327645,-0.945204454622991,0.));
#2733=DIRECTION('',(1.,0.,0.));
#2734=DIRECTION('',(0.,1.,0.));
#2735=DIRECTION('',(-1.,0.,0.));
#2736=DIRECTION('',(0.,-1.,0.));
#2737=DIRECTION('center_axis',(0.,0.,1.));
#2738=DIRECTION('ref_axis',(-1.,0.,0.));
#2739=DIRECTION('center_axis',(0.,0.,1.));
#2740=DIRECTION('ref_axis',(-1.,0.,0.));
#2741=DIRECTION('',(-0.707106781186549,-8.65956056235495E-17,-0.707106781186546));
#2742=DIRECTION('center_axis',(0.,0.,-1.));
#2743=DIRECTION('ref_axis',(-1.,0.,0.));
#2744=DIRECTION('center_axis',(0.,0.,1.));
#2745=DIRECTION('ref_axis',(-1.,0.,0.));
#2746=DIRECTION('',(0.,-1.,0.));
#2747=DIRECTION('center_axis',(0.,0.,-1.));
#2748=DIRECTION('ref_axis',(0.707106781186548,0.707106781186548,0.));
#2749=DIRECTION('',(1.,0.,0.));
#2750=DIRECTION('center_axis',(0.,0.,-1.));
#2751=DIRECTION('ref_axis',(-0.707106781186548,0.707106781186548,0.));
#2752=DIRECTION('',(0.,1.,0.));
#2753=DIRECTION('center_axis',(0.,0.,1.));
#2754=DIRECTION('ref_axis',(0.951041829266363,-0.309062192747173,0.));
#2755=DIRECTION('',(0.587862146294689,0.808961122028619,0.));
#2756=DIRECTION('center_axis',(0.,0.,-1.));
#2757=DIRECTION('ref_axis',(-0.173792227972997,-0.984782342193534,0.));
#2758=DIRECTION('',(-0.587862146294689,-0.808961122028619,0.));
#2759=DIRECTION('center_axis',(0.,0.,1.));
#2760=DIRECTION('ref_axis',(-0.453948154366394,0.891028098966213,0.));
#2761=DIRECTION('',(-1.,-4.98020397050242E-17,0.));
#2762=DIRECTION('center_axis',(0.,0.,1.));
#2763=DIRECTION('ref_axis',(0.336457794755847,0.941698546429818,0.));
#2764=DIRECTION('',(-0.773592304696065,0.633683632513126,0.));
#2765=DIRECTION('center_axis',(0.,0.,-1.));
#2766=DIRECTION('ref_axis',(-0.633683632513126,-0.773592304696065,0.));
#2767=DIRECTION('',(0.773592304696065,-0.633683632513126,0.));
#2768=DIRECTION('center_axis',(0.,0.,1.));
#2769=DIRECTION('ref_axis',(-0.90379301626897,-0.427969839759108,0.));
#2770=DIRECTION('',(0.,-1.,0.));
#2771=DIRECTION('',(1.,0.,0.));
#2772=DIRECTION('center_axis',(0.,0.,1.));
#2773=DIRECTION('ref_axis',(-0.707106781186546,-0.707106781186549,0.));
#2774=DIRECTION('',(0.,-1.,0.));
#2775=DIRECTION('center_axis',(0.,0.,1.));
#2776=DIRECTION('ref_axis',(-0.707106781186546,0.707106781186549,0.));
#2777=DIRECTION('',(-1.,0.,0.));
#2778=DIRECTION('',(0.,-1.,0.));
#2779=DIRECTION('center_axis',(0.,0.,1.));
#2780=DIRECTION('ref_axis',(-0.518856271703095,0.854861491303921,0.));
#2781=DIRECTION('',(-0.887100492401002,0.461576338628726,0.));
#2782=DIRECTION('center_axis',(0.,0.,-1.));
#2783=DIRECTION('ref_axis',(1.,-3.22973970800047E-15,0.));
#2784=DIRECTION('',(0.887100492401002,-0.461576338628725,0.));
#2785=DIRECTION('center_axis',(0.,0.,1.));
#2786=DIRECTION('ref_axis',(-1.,0.,0.));
#2787=DIRECTION('center_axis',(0.,0.,1.));
#2788=DIRECTION('ref_axis',(-1.,0.,0.));
#2789=DIRECTION('center_axis',(0.,0.,1.));
#2790=DIRECTION('ref_axis',(-1.,0.,0.));
#2791=DIRECTION('',(1.,0.,0.));
#2792=DIRECTION('',(0.,-1.,0.));
#2793=DIRECTION('',(-1.,0.,0.));
#2794=DIRECTION('',(0.,1.,0.));
#2795=DIRECTION('center_axis',(0.,0.,1.));
#2796=DIRECTION('ref_axis',(-1.,0.,0.));
#2797=DIRECTION('',(0.,0.,-1.));
#2798=DIRECTION('center_axis',(0.,0.,1.));
#2799=DIRECTION('ref_axis',(-1.,0.,0.));
#2800=DIRECTION('center_axis',(0.,0.707106781186546,0.707106781186549));
#2801=DIRECTION('ref_axis',(1.,0.,0.));
#2802=DIRECTION('',(0.,-0.707106781186549,0.707106781186546));
#2803=DIRECTION('',(0.,0.707106781186549,-0.707106781186546));
#2804=DIRECTION('',(-1.,0.,0.));
#2805=DIRECTION('center_axis',(0.,0.,1.));
#2806=DIRECTION('ref_axis',(-0.707106781186546,-0.707106781186549,0.));
#2807=DIRECTION('center_axis',(0.,0.,-1.));
#2808=DIRECTION('ref_axis',(-0.707106781186546,-0.707106781186549,0.));
#2809=DIRECTION('',(-0.707106781186548,0.,0.707106781186548));
#2810=DIRECTION('center_axis',(0.707106781186546,0.,0.707106781186549));
#2811=DIRECTION('ref_axis',(0.707106781186549,0.,-0.707106781186546));
#2812=DIRECTION('',(-0.707106781186549,0.,0.707106781186546));
#2813=DIRECTION('',(0.,1.,0.));
#2814=DIRECTION('center_axis',(0.,0.,1.));
#2815=DIRECTION('ref_axis',(-0.707106781186546,0.707106781186549,0.));
#2816=DIRECTION('center_axis',(0.,0.,-1.));
#2817=DIRECTION('ref_axis',(-0.707106781186546,0.707106781186549,0.));
#2818=DIRECTION('',(0.,0.707106781186549,0.707106781186546));
#2819=DIRECTION('center_axis',(0.,-0.707106781186546,0.707106781186549));
#2820=DIRECTION('ref_axis',(1.,0.,0.));
#2821=DIRECTION('',(0.,0.707106781186549,0.707106781186546));
#2822=DIRECTION('',(1.,0.,0.));
#2823=DIRECTION('center_axis',(0.707106781186548,0.,0.707106781186548));
#2824=DIRECTION('ref_axis',(0.707106781186548,0.,-0.707106781186548));
#2825=DIRECTION('',(0.,1.,0.));
#2826=DIRECTION('',(-0.707106781186548,0.,0.707106781186548));
#2827=DIRECTION('',(0.649791154413314,0.394389289018382,-0.649791154413314));
#2828=DIRECTION('center_axis',(0.,0.,-1.));
#2829=DIRECTION('ref_axis',(0.707106781186548,0.707106781186548,0.));
#2830=DIRECTION('center_axis',(0.,0.,1.));
#2831=DIRECTION('ref_axis',(0.707106781186547,0.707106781186547,0.));
#2832=DIRECTION('',(0.,-0.707106781186548,0.707106781186548));
#2833=DIRECTION('center_axis',(0.,0.707106781186548,0.707106781186548));
#2834=DIRECTION('ref_axis',(1.,0.,0.));
#2835=DIRECTION('',(-1.,0.,0.));
#2836=DIRECTION('',(0.,-0.707106781186548,0.707106781186548));
#2837=DIRECTION('center_axis',(0.,0.,-1.));
#2838=DIRECTION('ref_axis',(-0.707106781186548,0.707106781186548,0.));
#2839=DIRECTION('center_axis',(0.,0.,1.));
#2840=DIRECTION('ref_axis',(-0.707106781186547,0.707106781186547,0.));
#2841=DIRECTION('',(0.707106781186548,0.,0.707106781186548));
#2842=DIRECTION('center_axis',(-0.707106781186544,0.,0.707106781186551));
#2843=DIRECTION('ref_axis',(0.707106781186551,0.,0.707106781186544));
#2844=DIRECTION('',(0.707106781186551,0.,0.707106781186544));
#2845=DIRECTION('center_axis',(0.,0.,1.));
#2846=DIRECTION('ref_axis',(0.951041829266363,-0.309062192747173,0.));
#2847=DIRECTION('center_axis',(0.,0.,-1.));
#2848=DIRECTION('ref_axis',(0.951041829266363,-0.309062192747173,0.));
#2849=DIRECTION('',(0.572021895102717,-0.415681310047854,0.707106781186545));
#2850=DIRECTION('center_axis',(-0.572021895102715,0.415681310047853,0.707106781186547));
#2851=DIRECTION('ref_axis',(0.777458764788833,0.,0.628933914694559));
#2852=DIRECTION('',(0.572021895102715,-0.415681310047861,0.707106781186543));
#2853=DIRECTION('',(-0.587862146294689,-0.808961122028619,0.));
#2854=DIRECTION('center_axis',(0.,0.,-1.));
#2855=DIRECTION('ref_axis',(-0.173792227972997,-0.984782342193534,0.));
#2856=DIRECTION('',(-0.572021895102718,0.41568131004785,0.707106781186546));
#2857=DIRECTION('center_axis',(0.,0.,1.));
#2858=DIRECTION('ref_axis',(-0.173792227972997,-0.984782342193534,0.));
#2859=DIRECTION('center_axis',(0.572021895102713,-0.415681310047851,0.70710678118655));
#2860=DIRECTION('ref_axis',(0.777458764788835,0.,-0.628933914694556));
#2861=DIRECTION('',(-0.572021895102719,0.415681310047848,0.707106781186547));
#2862=DIRECTION('',(0.587862146294689,0.808961122028619,0.));
#2863=DIRECTION('center_axis',(0.,0.,1.));
#2864=DIRECTION('ref_axis',(-0.453948154366394,0.891028098966213,0.));
#2865=DIRECTION('center_axis',(0.,0.,-1.));
#2866=DIRECTION('ref_axis',(-0.453948154366394,0.891028098966213,0.));
#2867=DIRECTION('',(0.,0.70710678118655,0.707106781186545));
#2868=DIRECTION('center_axis',(3.52153599923441E-17,-0.707106781186544,
0.707106781186551));
#2869=DIRECTION('ref_axis',(1.,0.,-4.98020397050238E-17));
#2870=DIRECTION('',(1.,4.98020397050242E-17,0.));
#2871=DIRECTION('',(-3.14018491736755E-15,0.707106781186551,0.707106781186544));
#2872=DIRECTION('center_axis',(0.,0.,1.));
#2873=DIRECTION('ref_axis',(0.336457794755847,0.941698546429818,0.));
#2874=DIRECTION('center_axis',(0.,0.,-1.));
#2875=DIRECTION('ref_axis',(0.336457794755847,0.941698546429818,0.));
#2876=DIRECTION('',(0.448081993676954,0.547012364524321,0.707106781186546));
#2877=DIRECTION('center_axis',(-0.448081993676956,-0.547012364524317,0.707106781186548));
#2878=DIRECTION('ref_axis',(0.844685299148093,0.,0.5352632486946));
#2879=DIRECTION('',(0.448081993676967,0.547012364524307,0.707106781186548));
#2880=DIRECTION('',(0.773592304696065,-0.633683632513126,0.));
#2881=DIRECTION('center_axis',(0.,0.,-1.));
#2882=DIRECTION('ref_axis',(-0.633683632513126,-0.773592304696065,0.));
#2883=DIRECTION('',(-0.448081993676954,-0.547012364524319,0.707106781186547));
#2884=DIRECTION('center_axis',(0.,0.,1.));
#2885=DIRECTION('ref_axis',(-0.633683632513125,-0.773592304696065,0.));
#2886=DIRECTION('center_axis',(0.448081993676958,0.54701236452432,0.707106781186544));
#2887=DIRECTION('ref_axis',(0.844685299148091,0.,-0.535263248694603));
#2888=DIRECTION('',(-0.448081993676954,-0.547012364524319,0.707106781186547));
#2889=DIRECTION('',(-0.773592304696065,0.633683632513126,0.));
#2890=DIRECTION('center_axis',(0.,0.,1.));
#2891=DIRECTION('ref_axis',(-0.90379301626897,-0.427969839759108,0.));
#2892=DIRECTION('center_axis',(0.,0.,-1.));
#2893=DIRECTION('ref_axis',(-0.90379301626897,-0.427969839759108,0.));
#2894=DIRECTION('',(-0.707106781186551,7.85046229341887E-16,0.707106781186544));
#2895=DIRECTION('center_axis',(0.707106781186548,0.,0.707106781186548));
#2896=DIRECTION('ref_axis',(0.707106781186548,0.,-0.707106781186548));
#2897=DIRECTION('',(0.,1.,0.));
#2898=DIRECTION('',(-0.707106781186548,-5.88784672006418E-16,0.707106781186548));
#2899=DIRECTION('center_axis',(0.707106781186548,0.,0.707106781186548));
#2900=DIRECTION('ref_axis',(0.707106781186548,0.,-0.707106781186548));
#2901=DIRECTION('',(0.707106781186548,3.14018491736756E-15,-0.707106781186548));
#2902=DIRECTION('',(0.,1.,0.));
#2903=DIRECTION('',(-0.707106781186548,0.,0.707106781186548));
#2904=DIRECTION('center_axis',(0.,0.,1.));
#2905=DIRECTION('ref_axis',(-0.518856271703095,0.854861491303921,0.));
#2906=DIRECTION('center_axis',(0.,0.,-1.));
#2907=DIRECTION('ref_axis',(-0.518856271703095,0.854861491303921,0.));
#2908=DIRECTION('',(0.326383759079635,0.627274773770676,0.707106781186543));
#2909=DIRECTION('center_axis',(-0.326383759079629,-0.627274773770671,0.707106781186551));
#2910=DIRECTION('ref_axis',(0.907946298943744,0.,0.419086528337952));
#2911=DIRECTION('',(0.326383757395848,0.627274770534622,0.707106784834445));
#2912=DIRECTION('',(0.887100492401002,-0.461576338628726,0.));
#2913=DIRECTION('center_axis',(0.,0.,-1.));
#2914=DIRECTION('ref_axis',(1.,-3.22973970800047E-15,0.));
#2915=DIRECTION('',(-0.326383760763417,-0.627274777006728,0.707106777538646));
#2916=DIRECTION('center_axis',(0.,0.,1.));
#2917=DIRECTION('ref_axis',(1.,-3.22973970800047E-15,0.));
#2918=DIRECTION('center_axis',(0.326383759079629,0.627274773770672,0.70710678118655));
#2919=DIRECTION('ref_axis',(0.907946298943744,0.,-0.419086528337952));
#2920=DIRECTION('',(-0.887100492401002,0.461576338628725,0.));
#2921=DIRECTION('center_axis',(0.,0.,-1.));
#2922=DIRECTION('ref_axis',(0.707106781186546,0.707106781186549,0.));
#2923=DIRECTION('center_axis',(0.,0.,1.));
#2924=DIRECTION('ref_axis',(0.707106781186546,0.707106781186549,0.));
#2925=DIRECTION('center_axis',(0.,0.,-1.));
#2926=DIRECTION('ref_axis',(0.707106781186545,-0.70710678118655,0.));
#2927=DIRECTION('center_axis',(0.,0.,1.));
#2928=DIRECTION('ref_axis',(0.707106781186545,-0.70710678118655,0.));
#2929=DIRECTION('center_axis',(0.,0.,1.));
#2930=DIRECTION('ref_axis',(-0.453948154366394,0.891028098966213,0.));
#2931=DIRECTION('',(0.,0.,-1.));
#2932=DIRECTION('',(0.,0.,1.));
#2933=DIRECTION('center_axis',(0.808961122028619,-0.587862146294689,0.));
#2934=DIRECTION('ref_axis',(0.587862146294689,0.808961122028619,0.));
#2935=DIRECTION('',(0.,0.,1.));
#2936=DIRECTION('center_axis',(0.,0.,-1.));
#2937=DIRECTION('ref_axis',(-0.173792227972997,-0.984782342193534,0.));
#2938=DIRECTION('',(0.,0.,-1.));
#2939=DIRECTION('center_axis',(0.,0.,-1.));
#2940=DIRECTION('ref_axis',(-0.173792227972997,-0.984782342193534,0.));
#2941=DIRECTION('',(0.,0.,-1.));
#2942=DIRECTION('',(-0.173647981054655,-0.984807787680237,0.));
#2943=DIRECTION('center_axis',(8.09750038649129E-17,7.65622112118194E-17,
-1.));
#2944=DIRECTION('ref_axis',(-1.,0.,0.));
#2945=DIRECTION('',(0.,0.,1.));
#2946=DIRECTION('',(0.,0.,1.));
#2947=DIRECTION('center_axis',(8.09750038649129E-17,7.65622112118194E-17,
-1.));
#2948=DIRECTION('ref_axis',(-1.,0.,0.));
#2949=DIRECTION('center_axis',(-0.808961122028619,0.587862146294689,0.));
#2950=DIRECTION('ref_axis',(-0.587862146294689,-0.808961122028619,0.));
#2951=DIRECTION('',(0.,0.,1.));
#2952=DIRECTION('center_axis',(0.,0.,-1.));
#2953=DIRECTION('ref_axis',(0.951041829266363,-0.309062192747173,0.));
#2954=DIRECTION('center_axis',(0.,0.,-1.));
#2955=DIRECTION('ref_axis',(-0.707106781186547,0.707106781186547,0.));
#2956=DIRECTION('',(0.,0.,-1.));
#2957=DIRECTION('center_axis',(0.,1.,0.));
#2958=DIRECTION('ref_axis',(1.,0.,0.));
#2959=DIRECTION('',(0.,0.,1.));
#2960=DIRECTION('center_axis',(0.,0.,-1.));
#2961=DIRECTION('ref_axis',(0.707106781186547,0.707106781186547,0.));
#2962=DIRECTION('',(0.,0.,-1.));
#2963=DIRECTION('center_axis',(1.,0.,0.));
#2964=DIRECTION('ref_axis',(0.,-1.,0.));
#2965=DIRECTION('',(0.,0.,1.));
#2966=DIRECTION('center_axis',(0.461576338628725,0.887100492401002,0.));
#2967=DIRECTION('ref_axis',(-0.887100492401002,0.461576338628725,0.));
#2968=DIRECTION('',(0.,0.,1.));
#2969=DIRECTION('center_axis',(0.,0.,-1.));
#2970=DIRECTION('ref_axis',(0.518856271703132,-0.854861491303899,0.));
#2971=DIRECTION('',(0.,0.,1.));
#2972=DIRECTION('',(0.,0.,1.));
#2973=DIRECTION('center_axis',(2.6733884532378E-94,-4.9072145332424E-79,
-1.));
#2974=DIRECTION('ref_axis',(-1.,3.22973970800047E-15,-1.85224140869277E-93));
#2975=DIRECTION('',(0.,0.,1.));
#2976=DIRECTION('center_axis',(0.,0.,-1.));
#2977=DIRECTION('ref_axis',(-1.,-1.42108547418611E-13,0.));
#2978=DIRECTION('center_axis',(-0.461576338628726,-0.887100492401002,0.));
#2979=DIRECTION('ref_axis',(0.887100492401002,-0.461576338628726,0.));
#2980=DIRECTION('',(0.,0.,1.));
#2981=DIRECTION('center_axis',(0.,0.,-1.));
#2982=DIRECTION('ref_axis',(-0.518856271703095,0.854861491303921,0.));
#2983=DIRECTION('',(0.,0.,-1.));
#2984=DIRECTION('center_axis',(1.,0.,0.));
#2985=DIRECTION('ref_axis',(0.,-1.,0.));
#2986=DIRECTION('',(0.,0.,1.));
#2987=DIRECTION('center_axis',(0.,0.707106781186546,0.707106781186549));
#2988=DIRECTION('ref_axis',(1.,0.,0.));
#2989=DIRECTION('',(-0.577350269189628,0.577350269189626,-0.577350269189623));
#2990=DIRECTION('',(-1.,0.,0.));
#2991=DIRECTION('',(-0.577350269189628,-0.577350269189625,0.577350269189625));
#2992=DIRECTION('center_axis',(-0.707106781186544,0.,0.707106781186551));
#2993=DIRECTION('ref_axis',(0.707106781186551,0.,0.707106781186544));
#2994=DIRECTION('',(0.,-1.,0.));
#2995=DIRECTION('',(0.577350269189629,0.577350269189624,0.577350269189624));
#2996=DIRECTION('center_axis',(0.707106781186546,0.,0.707106781186549));
#2997=DIRECTION('ref_axis',(0.707106781186549,0.,-0.707106781186546));
#2998=DIRECTION('',(0.,1.,0.));
#2999=DIRECTION('',(-0.577350269189628,0.577350269189625,0.577350269189625));
#3000=DIRECTION('center_axis',(0.,-0.707106781186548,0.707106781186548));
#3001=DIRECTION('ref_axis',(1.,0.,0.));
#3002=DIRECTION('',(1.,0.,0.));
#3003=DIRECTION('center_axis',(1.,0.,0.));
#3004=DIRECTION('ref_axis',(0.,-1.,0.));
#3005=DIRECTION('',(0.,0.,-1.));
#3006=DIRECTION('',(0.,0.,-1.));
#3007=DIRECTION('center_axis',(0.,1.,0.));
#3008=DIRECTION('ref_axis',(1.,0.,0.));
#3009=DIRECTION('',(0.,0.,-1.));
#3010=DIRECTION('center_axis',(0.,0.,1.));
#3011=DIRECTION('ref_axis',(-1.,0.,0.));
#3012=DIRECTION('',(-0.707106781186549,-8.65956056235495E-17,-0.707106781186546));
#3013=DIRECTION('center_axis',(0.,0.,-1.));
#3014=DIRECTION('ref_axis',(-1.,0.,0.));
#3015=DIRECTION('center_axis',(0.,0.,-1.));
#3016=DIRECTION('ref_axis',(-1.,0.,0.));
#3017=DIRECTION('',(0.,0.,-1.));
#3018=DIRECTION('center_axis',(0.,0.,1.));
#3019=DIRECTION('ref_axis',(-1.,0.,0.));
#3020=DIRECTION('',(-0.707106781186549,-8.65956056235495E-17,-0.707106781186546));
#3021=DIRECTION('center_axis',(0.,0.,-1.));
#3022=DIRECTION('ref_axis',(-1.,0.,0.));
#3023=DIRECTION('center_axis',(0.,0.,-1.));
#3024=DIRECTION('ref_axis',(-1.,0.,0.));
#3025=DIRECTION('',(0.,0.,-1.));
#3026=DIRECTION('center_axis',(0.,0.,1.));
#3027=DIRECTION('ref_axis',(-1.,0.,0.));
#3028=DIRECTION('',(-0.707106781186549,-8.65956056235495E-17,-0.707106781186546));
#3029=DIRECTION('center_axis',(0.,0.,-1.));
#3030=DIRECTION('ref_axis',(-1.,0.,0.));
#3031=DIRECTION('center_axis',(0.,0.,-1.));
#3032=DIRECTION('ref_axis',(-1.,0.,0.));
#3033=DIRECTION('',(0.,0.,-1.));
#3034=DIRECTION('center_axis',(0.,0.,1.));
#3035=DIRECTION('ref_axis',(-0.90379301626897,-0.427969839759108,0.));
#3036=DIRECTION('',(0.,0.,-1.));
#3037=DIRECTION('',(0.,0.,1.));
#3038=DIRECTION('center_axis',(1.,0.,0.));
#3039=DIRECTION('ref_axis',(0.,-1.,0.));
#3040=DIRECTION('',(0.,0.,-1.));
#3041=DIRECTION('center_axis',(0.,0.,-1.));
#3042=DIRECTION('ref_axis',(0.336457794755847,0.941698546429818,0.));
#3043=DIRECTION('',(0.,0.,-1.));
#3044=DIRECTION('',(0.,0.,1.));
#3045=DIRECTION('center_axis',(4.98020397050242E-17,-1.,0.));
#3046=DIRECTION('ref_axis',(-1.,-4.98020397050242E-17,0.));
#3047=DIRECTION('center_axis',(0.,0.,-1.));
#3048=DIRECTION('ref_axis',(-0.707106781186546,-0.707106781186549,0.));
#3049=DIRECTION('',(0.,0.,-1.));
#3050=DIRECTION('',(0.,0.,1.));
#3051=DIRECTION('center_axis',(0.,1.,0.));
#3052=DIRECTION('ref_axis',(1.,0.,0.));
#3053=DIRECTION('',(0.,0.,1.));
#3054=DIRECTION('center_axis',(0.,0.,-1.));
#3055=DIRECTION('ref_axis',(-0.707106781186546,0.707106781186549,0.));
#3056=DIRECTION('',(0.,0.,-1.));
#3057=DIRECTION('',(0.,0.,1.));
#3058=DIRECTION('center_axis',(1.,0.,0.));
#3059=DIRECTION('ref_axis',(0.,-1.,0.));
#3060=DIRECTION('center_axis',(0.,0.,-1.));
#3061=DIRECTION('ref_axis',(0.707106781186546,0.707106781186549,0.));
#3062=DIRECTION('center_axis',(0.,0.,-1.));
#3063=DIRECTION('ref_axis',(0.707106781186544,-0.707106781186551,0.));
#3064=DIRECTION('',(0.,0.,-1.));
#3065=DIRECTION('center_axis',(0.,-1.,0.));
#3066=DIRECTION('ref_axis',(-1.,0.,0.));
#3067=DIRECTION('',(0.,0.,-1.));
#3068=DIRECTION('center_axis',(-1.,0.,0.));
#3069=DIRECTION('ref_axis',(0.,1.,0.));
#3070=DIRECTION('center_axis',(0.,-1.,0.));
#3071=DIRECTION('ref_axis',(-1.,0.,0.));
#3072=DIRECTION('center_axis',(-8.09750038649129E-17,-7.65622112118194E-17,
1.));
#3073=DIRECTION('ref_axis',(-1.,-1.88624944183557E-31,-8.09750038649129E-17));
#3074=DIRECTION('center_axis',(0.,0.,1.));
#3075=DIRECTION('ref_axis',(0.984807787676944,-0.17364798107333,0.));
#3076=DIRECTION('',(0.984790649887885,-0.173745146388029,0.));
#3077=DIRECTION('center_axis',(-8.09750038649129E-17,-7.65622112118194E-17,
1.));
#3078=DIRECTION('ref_axis',(-1.,-1.88624944183557E-31,-8.09750038649129E-17));
#3079=DIRECTION('',(-0.984782342193534,0.173792227972993,0.));
#3080=DIRECTION('center_axis',(8.09750038649129E-17,7.65622112118194E-17,
-1.));
#3081=DIRECTION('ref_axis',(-1.,-1.88624944183557E-31,-8.09750038649129E-17));
#3082=DIRECTION('center_axis',(0.984807787680237,-0.173647981054655,0.));
#3083=DIRECTION('ref_axis',(-0.173647981054655,-0.984807787680237,0.));
#3084=DIRECTION('',(-0.173647981054655,-0.984807787680237,0.));
#3085=DIRECTION('',(0.,0.,-1.));
#3086=DIRECTION('center_axis',(0.,0.,-1.));
#3087=DIRECTION('ref_axis',(0.984807787676944,-0.17364798107333,0.));
#3088=DIRECTION('center_axis',(0.,0.,-1.));
#3089=DIRECTION('ref_axis',(0.984807787676944,-0.17364798107333,0.));
#3090=DIRECTION('',(0.,0.,-1.));
#3091=DIRECTION('center_axis',(0.173745146388029,0.984790649887885,0.));
#3092=DIRECTION('ref_axis',(0.984790649887885,-0.173745146388029,0.));
#3093=DIRECTION('',(0.984790649887885,-0.173745146388029,0.));
#3094=DIRECTION('',(0.,0.,-1.));
#3095=DIRECTION('center_axis',(-0.173792227972993,-0.984782342193534,0.));
#3096=DIRECTION('ref_axis',(-0.984782342193534,0.173792227972993,0.));
#3097=DIRECTION('',(0.,0.,1.));
#3098=DIRECTION('',(-0.984782342193534,0.173792227972993,0.));
#3099=DIRECTION('center_axis',(0.,0.,1.));
#3100=DIRECTION('ref_axis',(-1.,0.,0.));
#3101=DIRECTION('center_axis',(0.,0.,-1.));
#3102=DIRECTION('ref_axis',(-1.,-1.88624944183557E-31,0.));
#3103=DIRECTION('center_axis',(0.,0.,-1.));
#3104=DIRECTION('ref_axis',(-1.,-1.88624944183557E-31,0.));
#3105=DIRECTION('center_axis',(0.,0.,1.));
#3106=DIRECTION('ref_axis',(-1.,-1.88624944183557E-31,0.));
#3107=DIRECTION('',(0.,0.,-1.));
#3108=DIRECTION('center_axis',(-8.09750038649129E-17,-7.65622112118194E-17,
1.));
#3109=DIRECTION('ref_axis',(-1.,-1.88624944183557E-31,-8.09750038649129E-17));
#3110=DIRECTION('center_axis',(0.,0.,1.));
#3111=DIRECTION('ref_axis',(-1.,-1.88624944183557E-31,0.));
#3112=DIRECTION('',(0.,0.,-1.));
#3113=DIRECTION('center_axis',(8.09750038649129E-17,7.65622112118194E-17,
-1.));
#3114=DIRECTION('ref_axis',(-1.,-1.88624944183557E-31,-8.09750038649129E-17));
#3115=DIRECTION('center_axis',(-8.09750038649129E-17,-7.65622112118194E-17,
1.));
#3116=DIRECTION('ref_axis',(-1.,-1.88624944183557E-31,-8.09750038649129E-17));
#3117=DIRECTION('center_axis',(-0.633683632513126,-0.773592304696065,0.));
#3118=DIRECTION('ref_axis',(0.773592304696065,-0.633683632513126,0.));
#3119=DIRECTION('',(0.,0.,1.));
#3120=DIRECTION('center_axis',(0.633683632513126,0.773592304696065,0.));
#3121=DIRECTION('ref_axis',(-0.773592304696065,0.633683632513126,0.));
#3122=DIRECTION('',(0.,0.,1.));
#3123=DIRECTION('center_axis',(0.,0.,1.));
#3124=DIRECTION('ref_axis',(-0.633683632513125,-0.773592304696065,0.));
#3125=DIRECTION('center_axis',(0.,0.,1.));
#3126=DIRECTION('ref_axis',(-1.,0.,0.));
#3127=DIRECTION('',(0.,0.,-1.));
#3128=DIRECTION('center_axis',(8.09750038649129E-17,7.65622112118194E-17,
-1.));
#3129=DIRECTION('ref_axis',(-1.,0.,0.));
#3130=DIRECTION('center_axis',(8.09750038649129E-17,7.65622112118194E-17,
-1.));
#3131=DIRECTION('ref_axis',(-1.,0.,0.));
#3132=DIRECTION('center_axis',(-8.09750038649129E-17,-7.65622112118194E-17,
1.));
#3133=DIRECTION('ref_axis',(-1.,-1.88624944183557E-31,-8.09750038649129E-17));
#3134=DIRECTION('center_axis',(-8.09750038649129E-17,-7.65622112118194E-17,
1.));
#3135=DIRECTION('ref_axis',(-1.,-1.88624944183557E-31,-8.09750038649129E-17));
#3136=DIRECTION('center_axis',(-8.09750038649129E-17,-7.65622112118194E-17,
1.));
#3137=DIRECTION('ref_axis',(-1.,-1.88624944183557E-31,-8.09750038649129E-17));
#3138=DIRECTION('',(0.,1.,0.));
#3139=DIRECTION('center_axis',(0.,0.,1.));
#3140=DIRECTION('ref_axis',(1.,-1.61486985400023E-15,0.));
#3141=DIRECTION('center_axis',(0.,0.,1.));
#3142=DIRECTION('ref_axis',(-1.61486985400023E-15,1.,0.));
#3143=DIRECTION('',(0.,-1.,0.));
#3144=DIRECTION('center_axis',(8.09750038649129E-17,7.65622112118194E-17,
-1.));
#3145=DIRECTION('ref_axis',(-1.,-1.88624944183557E-31,-8.09750038649129E-17));
#3146=DIRECTION('center_axis',(0.,0.,-1.));
#3147=DIRECTION('ref_axis',(1.,-1.61486985400023E-15,0.));
#3148=DIRECTION('',(0.,0.,-1.));
#3149=DIRECTION('center_axis',(0.,0.,-1.));
#3150=DIRECTION('ref_axis',(1.,-1.61486985400023E-15,0.));
#3151=DIRECTION('',(0.,0.,-1.));
#3152=DIRECTION('center_axis',(0.,0.,-1.));
#3153=DIRECTION('ref_axis',(-1.61486985400023E-15,1.,0.));
#3154=DIRECTION('center_axis',(0.,0.,-1.));
#3155=DIRECTION('ref_axis',(-1.61486985400023E-15,1.,0.));
#3156=DIRECTION('',(0.,0.,-1.));
#3157=DIRECTION('center_axis',(-1.,0.,0.));
#3158=DIRECTION('ref_axis',(0.,1.,0.));
#3159=DIRECTION('',(0.,1.,0.));
#3160=DIRECTION('',(0.,0.,-1.));
#3161=DIRECTION('center_axis',(1.,0.,0.));
#3162=DIRECTION('ref_axis',(0.,-1.,0.));
#3163=DIRECTION('',(0.,0.,1.));
#3164=DIRECTION('',(0.,-1.,0.));
#3165=DIRECTION('center_axis',(0.,0.,1.));
#3166=DIRECTION('ref_axis',(-1.,0.,0.));
#3167=DIRECTION('center_axis',(0.,0.,-1.));
#3168=DIRECTION('ref_axis',(-1.,-1.88624944183557E-31,0.));
#3169=DIRECTION('center_axis',(0.,0.,1.));
#3170=DIRECTION('ref_axis',(-1.,-1.88624944183557E-31,0.));
#3171=DIRECTION('',(0.,0.,-1.));
#3172=DIRECTION('center_axis',(8.09750038649129E-17,7.65622112118194E-17,
-1.));
#3173=DIRECTION('ref_axis',(-1.,-1.88624944183557E-31,-8.09750038649129E-17));
#3174=DIRECTION('center_axis',(0.,0.,1.));
#3175=DIRECTION('ref_axis',(-1.,-1.88624944183557E-31,0.));
#3176=DIRECTION('',(0.,0.,-1.));
#3177=DIRECTION('center_axis',(-8.09750038649129E-17,-7.65622112118194E-17,
1.));
#3178=DIRECTION('ref_axis',(-1.,-1.88624944183557E-31,-8.09750038649129E-17));
#3179=DIRECTION('center_axis',(-8.09750038649129E-17,-7.65622112118194E-17,
1.));
#3180=DIRECTION('ref_axis',(-1.,-1.88624944183557E-31,-8.09750038649129E-17));
#3181=DIRECTION('center_axis',(0.,0.,1.));
#3182=DIRECTION('ref_axis',(-1.,0.,0.));
#3183=DIRECTION('',(1.,-1.4210854715202E-15,5.42341872339447E-33));
#3184=DIRECTION('center_axis',(0.,0.,1.));
#3185=DIRECTION('ref_axis',(-1.,0.,0.));
#3186=DIRECTION('center_axis',(0.,0.,-1.));
#3187=DIRECTION('ref_axis',(1.61486985400023E-15,1.,0.));
#3188=DIRECTION('',(0.,0.,-1.));
#3189=DIRECTION('center_axis',(7.10411148600232E-64,1.79692682323474E-78,
-1.));
#3190=DIRECTION('ref_axis',(1.61486985400023E-15,1.,2.94414837105493E-78));
#3191=DIRECTION('',(0.,0.,1.));
#3192=DIRECTION('center_axis',(8.09750038649129E-17,7.65622112118194E-17,
-1.));
#3193=DIRECTION('ref_axis',(-1.,0.,0.));
#3194=DIRECTION('center_axis',(0.,-1.,0.));
#3195=DIRECTION('ref_axis',(-1.,0.,-4.79403658720481E-95));
#3196=DIRECTION('',(-1.,0.,-4.79403658720481E-95));
#3197=DIRECTION('',(0.,0.,-1.));
#3198=DIRECTION('',(1.,0.,4.79403658720481E-95));
#3199=DIRECTION('center_axis',(0.,1.,0.));
#3200=DIRECTION('ref_axis',(1.,0.,7.10411148600234E-64));
#3201=DIRECTION('',(-1.,0.,-7.10411148600234E-64));
#3202=DIRECTION('',(0.,0.,1.));
#3203=DIRECTION('',(1.,0.,7.10411148600234E-64));
#3204=DIRECTION('center_axis',(-1.23259516440783E-32,-2.32498194087349E-63,
1.));
#3205=DIRECTION('ref_axis',(-1.,0.,-1.23259516440783E-32));
#3206=DIRECTION('center_axis',(1.23259516440783E-32,2.32498194087349E-63,
-1.));
#3207=DIRECTION('ref_axis',(-1.,-1.88624944183557E-31,0.));
#3208=DIRECTION('center_axis',(0.,0.,1.));
#3209=DIRECTION('ref_axis',(-1.,-1.88624944183557E-31,0.));
#3210=DIRECTION('center_axis',(8.09750038649129E-17,7.65622112118194E-17,
-1.));
#3211=DIRECTION('ref_axis',(-1.,-1.88624944183557E-31,-8.09750038649129E-17));
#3212=DIRECTION('',(0.,0.,-1.));
#3213=DIRECTION('center_axis',(8.09750038649129E-17,7.65622112118194E-17,
-1.));
#3214=DIRECTION('ref_axis',(-1.,-1.88624944183557E-31,-8.09750038649129E-17));
#3215=DIRECTION('center_axis',(0.,0.,1.));
#3216=DIRECTION('ref_axis',(-1.,-1.88624944183557E-31,0.));
#3217=DIRECTION('center_axis',(-8.09750038649129E-17,-7.65622112118194E-17,
1.));
#3218=DIRECTION('ref_axis',(-1.,-1.88624944183557E-31,-8.09750038649129E-17));
#3219=DIRECTION('',(0.,0.,-1.));
#3220=DIRECTION('center_axis',(-8.09750038649129E-17,-7.65622112118194E-17,
1.));
#3221=DIRECTION('ref_axis',(-1.,-1.88624944183557E-31,-8.09750038649129E-17));
#3222=DIRECTION('center_axis',(-8.09750038649129E-17,-7.65622112118194E-17,
1.));
#3223=DIRECTION('ref_axis',(-1.,-1.88624944183557E-31,-8.09750038649129E-17));
#3224=DIRECTION('center_axis',(-8.09750038649129E-17,-7.65622112118194E-17,
1.));
#3225=DIRECTION('ref_axis',(-1.,-1.88624944183557E-31,-8.09750038649129E-17));
#3226=DIRECTION('center_axis',(-8.09750038649129E-17,-7.65622112118194E-17,
1.));
#3227=DIRECTION('ref_axis',(-1.,-1.88624944183557E-31,-8.09750038649129E-17));
#3228=DIRECTION('center_axis',(0.,0.,1.));
#3229=DIRECTION('ref_axis',(-1.,0.,0.));
#3230=DIRECTION('center_axis',(0.,0.,1.));
#3231=DIRECTION('ref_axis',(-1.,0.,0.));
#3232=DIRECTION('center_axis',(0.,0.,1.));
#3233=DIRECTION('ref_axis',(-1.,0.,0.));
#3234=DIRECTION('center_axis',(0.,0.,1.));
#3235=DIRECTION('ref_axis',(1.,3.22973970878728E-15,0.));
#3236=DIRECTION('',(-1.,0.,0.));
#3237=DIRECTION('center_axis',(0.,0.,1.));
#3238=DIRECTION('ref_axis',(-1.,0.,0.));
#3239=DIRECTION('',(-0.945204454622991,-0.326479002327645,0.));
#3240=DIRECTION('center_axis',(0.,0.,1.));
#3241=DIRECTION('ref_axis',(0.326479002327645,-0.945204454622991,0.));
#3242=DIRECTION('',(0.945204454622991,0.326479002327645,0.));
#3243=DIRECTION('center_axis',(0.,0.,1.));
#3244=DIRECTION('ref_axis',(-0.326479002327646,0.945204454622991,0.));
#3245=DIRECTION('center_axis',(-0.326479002327645,0.945204454622991,0.));
#3246=DIRECTION('ref_axis',(-0.945204454622991,-0.326479002327645,0.));
#3247=DIRECTION('',(0.945204454622991,0.326479002327645,0.));
#3248=DIRECTION('',(0.,0.,1.));
#3249=DIRECTION('',(-0.945204454622991,-0.326479002327645,0.));
#3250=DIRECTION('',(0.,0.,1.));
#3251=DIRECTION('center_axis',(0.,0.,1.));
#3252=DIRECTION('ref_axis',(0.326479002327645,-0.945204454622991,0.));
#3253=DIRECTION('',(0.,0.,-1.));
#3254=DIRECTION('center_axis',(0.,0.,-1.));
#3255=DIRECTION('ref_axis',(-1.,0.,0.));
#3256=DIRECTION('',(0.,0.,1.));
#3257=DIRECTION('center_axis',(0.326479002327645,-0.945204454622991,0.));
#3258=DIRECTION('ref_axis',(0.945204454622991,0.326479002327645,0.));
#3259=DIRECTION('',(0.945204454622991,0.326479002327645,0.));
#3260=DIRECTION('',(0.,0.,1.));
#3261=DIRECTION('center_axis',(0.,0.,1.));
#3262=DIRECTION('ref_axis',(-0.326479002327646,0.945204454622991,0.));
#3263=DIRECTION('center_axis',(0.,0.,-1.));
#3264=DIRECTION('ref_axis',(-0.326479002327646,0.945204454622991,0.));
#3265=DIRECTION('center_axis',(0.,0.,1.));
#3266=DIRECTION('ref_axis',(-0.326479002327646,0.945204454622991,0.));
#3267=DIRECTION('center_axis',(0.,0.,1.));
#3268=DIRECTION('ref_axis',(-1.,0.,0.));
#3269=DIRECTION('center_axis',(0.,0.,1.));
#3270=DIRECTION('ref_axis',(-1.,0.,0.));
#3271=DIRECTION('center_axis',(0.,0.,1.));
#3272=DIRECTION('ref_axis',(-1.,0.,0.));
#3273=DIRECTION('center_axis',(0.,0.,1.));
#3274=DIRECTION('ref_axis',(-0.55166642767413,-0.834064837154321,0.));
#3275=DIRECTION('center_axis',(8.09750038649129E-17,7.65622112118194E-17,
-1.));
#3276=DIRECTION('ref_axis',(-1.,0.,0.));
#3277=DIRECTION('',(0.,0.,1.));
#3278=DIRECTION('',(0.,0.,1.));
#3279=DIRECTION('center_axis',(-8.09750038649129E-17,-7.65622112118194E-17,
1.));
#3280=DIRECTION('ref_axis',(-1.,-1.88624944183557E-31,-8.09750038649129E-17));
#3281=DIRECTION('',(1.,0.,0.));
#3282=DIRECTION('center_axis',(-8.09750038649129E-17,-7.65622112118194E-17,
1.));
#3283=DIRECTION('ref_axis',(-1.,-1.88624944183557E-31,-8.09750038649129E-17));
#3284=DIRECTION('',(-1.,0.,0.));
#3285=DIRECTION('center_axis',(0.,0.,1.));
#3286=DIRECTION('ref_axis',(-1.61486985400023E-15,-1.,0.));
#3287=DIRECTION('center_axis',(0.,0.,1.));
#3288=DIRECTION('ref_axis',(1.,-1.61486985400023E-15,0.));
#3289=DIRECTION('center_axis',(8.09750038649129E-17,7.65622112118194E-17,
-1.));
#3290=DIRECTION('ref_axis',(-1.,-1.88624944183557E-31,-8.09750038649129E-17));
#3291=DIRECTION('center_axis',(0.,0.,-1.));
#3292=DIRECTION('ref_axis',(1.,-1.61486985400023E-15,0.));
#3293=DIRECTION('',(0.,0.,-1.));
#3294=DIRECTION('center_axis',(0.,0.,-1.));
#3295=DIRECTION('ref_axis',(1.,-1.61486985400023E-15,0.));
#3296=DIRECTION('',(0.,0.,1.));
#3297=DIRECTION('center_axis',(0.,1.,0.));
#3298=DIRECTION('ref_axis',(1.,0.,0.));
#3299=DIRECTION('',(1.,0.,0.));
#3300=DIRECTION('',(0.,0.,-1.));
#3301=DIRECTION('center_axis',(0.,-1.,0.));
#3302=DIRECTION('ref_axis',(-1.,0.,0.));
#3303=DIRECTION('',(0.,0.,1.));
#3304=DIRECTION('',(-1.,0.,0.));
#3305=DIRECTION('',(0.,0.,-1.));
#3306=DIRECTION('center_axis',(0.,0.,-1.));
#3307=DIRECTION('ref_axis',(-1.61486985400023E-15,-1.,0.));
#3308=DIRECTION('center_axis',(0.,0.,-1.));
#3309=DIRECTION('ref_axis',(-1.61486985400023E-15,-1.,0.));
#3310=DIRECTION('center_axis',(0.,0.,1.));
#3311=DIRECTION('ref_axis',(-1.,0.,0.));
#3312=DIRECTION('center_axis',(0.,0.,-1.));
#3313=DIRECTION('ref_axis',(-1.,-1.88624944183557E-31,0.));
#3314=DIRECTION('center_axis',(0.,0.,-1.));
#3315=DIRECTION('ref_axis',(-1.,-1.88624944183557E-31,0.));
#3316=DIRECTION('center_axis',(0.,0.,1.));
#3317=DIRECTION('ref_axis',(-1.,-1.88624944183557E-31,0.));
#3318=DIRECTION('',(0.,0.,-1.));
#3319=DIRECTION('center_axis',(-8.09750038649129E-17,-7.65622112118194E-17,
1.));
#3320=DIRECTION('ref_axis',(-1.,-1.88624944183557E-31,-8.09750038649129E-17));
#3321=DIRECTION('center_axis',(0.,0.,1.));
#3322=DIRECTION('ref_axis',(-1.,-1.88624944183557E-31,0.));
#3323=DIRECTION('',(0.,0.,-1.));
#3324=DIRECTION('center_axis',(8.09750038649129E-17,7.65622112118194E-17,
-1.));
#3325=DIRECTION('ref_axis',(-1.,-1.88624944183557E-31,-8.09750038649129E-17));
#3326=DIRECTION('center_axis',(-8.09750038649129E-17,-7.65622112118194E-17,
1.));
#3327=DIRECTION('ref_axis',(-1.,-1.88624944183557E-31,-8.09750038649129E-17));
#3328=CARTESIAN_POINT('',(0.,0.,0.));
#3329=CARTESIAN_POINT('Origin',(-34.5878835967189,5.84130966546962,16.));
#3330=CARTESIAN_POINT('',(-35.0385290609896,7.34130966546962,16.));
#3331=CARTESIAN_POINT('Origin',(-35.0385290609896,5.84130966546962,16.));
#3332=CARTESIAN_POINT('',(-34.8883139062327,7.09130966546955,16.));
#3333=CARTESIAN_POINT('',(-34.5878835967189,6.59130966546962,16.));
#3334=CARTESIAN_POINT('Origin',(-34.8883139062327,5.84130966546955,16.));
#3335=CARTESIAN_POINT('Origin',(-38.5385290609896,5.84130966546962,16.));
#3336=CARTESIAN_POINT('',(-40.0383055121872,7.34130966546962,16.));
#3337=CARTESIAN_POINT('Origin',(-40.0383055121872,5.84130966546962,16.));
#3338=CARTESIAN_POINT('',(-38.5385290609896,7.34130966546962,16.));
#3339=CARTESIAN_POINT('Origin',(-40.0383055121872,5.84130966546955,16.));
#3340=CARTESIAN_POINT('',(-30.5383055121872,7.09130966546955,16.));
#3341=CARTESIAN_POINT('',(-40.0383055121872,7.09130966546955,16.));
#3342=CARTESIAN_POINT('Origin',(-30.5383055121872,5.84130966546955,16.));
#3343=CARTESIAN_POINT('Origin',(-30.5383055121872,5.84130966546955,16.));
#3344=CARTESIAN_POINT('Origin',(-19.4503055121872,3.34130966546955,18.5));
#3345=CARTESIAN_POINT('',(-19.4503055121872,8.34130966546955,18.5));
#3346=CARTESIAN_POINT('',(-19.4503055121872,3.34130966546955,18.5));
#3347=CARTESIAN_POINT('',(-19.4503055121872,-3.03324784286513,18.5));
#3348=CARTESIAN_POINT('',(-40.0383055121872,8.34130966546955,18.5));
#3349=CARTESIAN_POINT('',(-19.4503055121872,8.34130966546955,18.5));
#3350=CARTESIAN_POINT('',(-40.0383055121872,3.34130966546955,18.5));
#3351=CARTESIAN_POINT('',(-40.0383055121872,8.34130966546955,18.5));
#3352=CARTESIAN_POINT('',(-19.4503055121872,3.34130966546955,18.5));
#3353=CARTESIAN_POINT('Origin',(-40.0383055121872,5.84130966546955,16.));
#3354=CARTESIAN_POINT('',(-40.0383055121872,8.34130966546955,13.5));
#3355=CARTESIAN_POINT('',(-40.0383055121872,8.34130966546955,13.5));
#3356=CARTESIAN_POINT('',(-40.0383055121872,3.34130966546955,13.5));
#3357=CARTESIAN_POINT('',(-40.0383055121872,3.34130966546955,13.5));
#3358=CARTESIAN_POINT('',(-40.0383055121872,3.34130966546955,18.5));
#3359=CARTESIAN_POINT('Origin',(-19.4503055121872,-9.4078053511998,25.));
#3360=CARTESIAN_POINT('',(-19.4503055121872,3.34130966546955,22.));
#3361=CARTESIAN_POINT('',(-19.4503055121872,3.34130966546955,22.));
#3362=CARTESIAN_POINT('',(-19.4503055121872,-3.4161207627656,22.));
#3363=CARTESIAN_POINT('',(-19.4503055121872,-9.4078053511998,22.));
#3364=CARTESIAN_POINT('',(-19.4503055121872,-3.4161207627656,24.5));
#3365=CARTESIAN_POINT('',(-19.4503055121872,-3.4161207627656,23.5));
#3366=CARTESIAN_POINT('',(-19.4503055121872,37.8665254069511,24.5));
#3367=CARTESIAN_POINT('',(-19.4503055121872,13.5594323600435,24.5));
#3368=CARTESIAN_POINT('',(-19.4503055121872,37.8665254069511,22.));
#3369=CARTESIAN_POINT('',(-19.4503055121872,37.8665254069511,25.));
#3370=CARTESIAN_POINT('',(-19.4503055121872,8.34130966546955,22.));
#3371=CARTESIAN_POINT('',(-19.4503055121872,-9.4078053511998,22.));
#3372=CARTESIAN_POINT('',(-19.4503055121872,8.34130966546955,22.));
#3373=CARTESIAN_POINT('Origin',(-13.4503055121872,7.09130966546955,17.5));
#3374=CARTESIAN_POINT('',(-9.4503055121872,3.34130966546955,21.5));
#3375=CARTESIAN_POINT('',(-17.4503055121872,3.34130966546955,13.5));
#3376=CARTESIAN_POINT('',(-11.3253055121872,3.34130966546955,19.625));
#3377=CARTESIAN_POINT('',(-17.4503055121872,8.34130966546955,13.5));
#3378=CARTESIAN_POINT('',(-17.4503055121872,7.09130966546955,13.5));
#3379=CARTESIAN_POINT('',(-9.4503055121872,8.34130966546955,21.5));
#3380=CARTESIAN_POINT('',(-13.8253055121872,8.34130966546955,17.125));
#3381=CARTESIAN_POINT('',(-9.4503055121872,7.09130966546955,21.5));
#3382=CARTESIAN_POINT('Origin',(-14.4503055121872,5.84130966546955,13.5));
#3383=CARTESIAN_POINT('',(-19.4503055121872,3.34130966546955,13.5));
#3384=CARTESIAN_POINT('',(-19.4503055121872,8.34130966546955,13.5));
#3385=CARTESIAN_POINT('Origin',(-9.4503055121872,3.34130966546955,22.));
#3386=CARTESIAN_POINT('',(-9.4503055121872,3.34130966546955,22.));
#3387=CARTESIAN_POINT('',(-9.4503055121872,3.34130966546955,22.));
#3388=CARTESIAN_POINT('',(8.47709708541446,3.34130966546955,22.));
#3389=CARTESIAN_POINT('Origin',(-9.4503055121872,8.34130966546955,22.));
#3390=CARTESIAN_POINT('',(-9.4503055121872,8.34130966546955,22.));
#3391=CARTESIAN_POINT('',(-9.4503055121872,8.34130966546955,22.));
#3392=CARTESIAN_POINT('',(-9.4503055121872,21.1480109240875,22.));
#3393=CARTESIAN_POINT('Origin',(-19.4503055121872,8.34130966546955,22.));
#3394=CARTESIAN_POINT('',(3.47709708541446,8.34130966546955,22.));
#3395=CARTESIAN_POINT('Origin',(26.4044996830161,33.9547121827055,22.));
#3396=CARTESIAN_POINT('',(-16.9503055121872,40.3665254069511,22.));
#3397=CARTESIAN_POINT('Origin',(-16.9503055121872,37.8665254069511,22.));
#3398=CARTESIAN_POINT('',(22.6351384254897,40.3665254069511,22.));
#3399=CARTESIAN_POINT('',(-19.4503055121872,40.3665254069511,22.));
#3400=CARTESIAN_POINT('',(25.1351384254896,37.8665254069511,22.));
#3401=CARTESIAN_POINT('Origin',(22.6351384254896,37.8665254069511,22.));
#3402=CARTESIAN_POINT('',(25.1351384254896,37.7151735399271,22.));
#3403=CARTESIAN_POINT('',(25.1351384254896,40.3665254069511,22.));
#3404=CARTESIAN_POINT('',(32.6168633582498,33.8222806482279,22.));
#3405=CARTESIAN_POINT('',(32.6168633582498,33.8222806482279,22.));
#3406=CARTESIAN_POINT('',(34.0975284218619,31.382754294279,22.));
#3407=CARTESIAN_POINT('Origin',(31.3475284270208,31.3827542941252,22.));
#3408=CARTESIAN_POINT('',(28.5975284321797,31.3827542941248,22.));
#3409=CARTESIAN_POINT('Origin',(31.3475284270208,31.3825858484467,22.));
#3410=CARTESIAN_POINT('',(30.078193498173,28.9432279445989,22.));
#3411=CARTESIAN_POINT('Origin',(31.3475284270208,31.3827542941252,22.));
#3412=CARTESIAN_POINT('',(29.5198674413758,29.2337362850926,22.));
#3413=CARTESIAN_POINT('',(20.1921360077825,34.087143717183,22.));
#3414=CARTESIAN_POINT('',(25.1351384254896,26.5724348078896,22.));
#3415=CARTESIAN_POINT('Origin',(28.1351384254896,26.5724348078896,22.));
#3416=CARTESIAN_POINT('',(25.1351384254896,10.6504523417336,22.));
#3417=CARTESIAN_POINT('',(25.1351384254896,40.3665254069511,22.));
#3418=CARTESIAN_POINT('',(24.6351384254896,10.1504523417336,22.));
#3419=CARTESIAN_POINT('Origin',(24.6351384254896,10.6504523417336,22.));
#3420=CARTESIAN_POINT('',(16.3832506304276,10.1504523417336,22.));
#3421=CARTESIAN_POINT('',(15.8832506304276,10.1504523417336,22.));
#3422=CARTESIAN_POINT('',(15.8832506304276,9.65045234173361,22.));
#3423=CARTESIAN_POINT('Origin',(16.3832506304276,9.65045234173361,22.));
#3424=CARTESIAN_POINT('',(15.8832506304276,0.327157870793375,22.));
#3425=CARTESIAN_POINT('',(15.8832506304276,-0.172842129206625,22.));
#3426=CARTESIAN_POINT('',(16.3832506304276,-0.172842129206625,22.));
#3427=CARTESIAN_POINT('Origin',(16.3832506304276,0.327157870793375,22.));
#3428=CARTESIAN_POINT('',(24.6351384254896,-0.172842129206625,22.));
#3429=CARTESIAN_POINT('',(25.1351384254896,-0.172842129206625,22.));
#3430=CARTESIAN_POINT('',(25.1351384254896,-0.672842129206625,22.));
#3431=CARTESIAN_POINT('Origin',(24.6351384254896,-0.672842129206625,22.));
#3432=CARTESIAN_POINT('',(25.1351384254896,-0.902774941678853,22.));
#3433=CARTESIAN_POINT('',(25.1351384254896,-0.172842129206625,22.));
#3434=CARTESIAN_POINT('',(28.2488275491281,-7.4783095315954,22.));
#3435=CARTESIAN_POINT('Origin',(33.6351384254896,-0.902774941678853,22.));
#3436=CARTESIAN_POINT('',(39.361647199937,-16.5813110493711,22.));
#3437=CARTESIAN_POINT('',(39.361647199937,-16.5813110493711,22.));
#3438=CARTESIAN_POINT('',(35.8763872211148,-20.8360687251994,22.));
#3439=CARTESIAN_POINT('Origin',(37.6190172105259,-18.7086898872852,22.));
#3440=CARTESIAN_POINT('',(24.2742807549684,-11.3322707612833,22.));
#3441=CARTESIAN_POINT('',(19.7188409495991,-7.60070876662837,22.));
#3442=CARTESIAN_POINT('',(18.8879698786068,-9.4078053511998,22.));
#3443=CARTESIAN_POINT('Origin',(18.8879698786068,-17.9078053511998,22.));
#3444=CARTESIAN_POINT('',(-10.6677849883853,-9.4078053511998,22.));
#3445=CARTESIAN_POINT('',(25.1351384254896,-9.4078053511998,22.));
#3446=CARTESIAN_POINT('',(-17.5439545256286,-12.9109771076949,22.));
#3447=CARTESIAN_POINT('Origin',(-10.6677849883853,-17.9078053511998,22.));
#3448=CARTESIAN_POINT('',(-28.274668177776,-27.6775855905236,22.));
#3449=CARTESIAN_POINT('',(-28.274668177776,-27.6775855905236,22.));
#3450=CARTESIAN_POINT('',(-30.021382636429,-23.352813247181,22.));
#3451=CARTESIAN_POINT('Origin',(-30.4993112633547,-26.0609646882132,22.));
#3452=CARTESIAN_POINT('',(-32.7239543489334,-24.4443437859028,22.));
#3453=CARTESIAN_POINT('Origin',(-30.4993112633547,-26.0609646882132,22.));
#3454=CARTESIAN_POINT('',(-21.0741359749439,-8.41294900627045,22.));
#3455=CARTESIAN_POINT('',(-17.7631721465685,-3.85670902640266,22.));
#3456=CARTESIAN_POINT('Origin',(-27.9503055121872,-3.4161207627656,22.));
#3457=CARTESIAN_POINT('',(22.9614709390115,36.5266700712858,22.));
#3458=CARTESIAN_POINT('Origin',(21.4614709390115,36.5266700712858,22.));
#3459=CARTESIAN_POINT('',(22.9614709390102,-5.47332992871419,22.));
#3460=CARTESIAN_POINT('Origin',(21.4614709390102,-5.47332992871419,22.));
#3461=CARTESIAN_POINT('',(-14.0385290609898,-5.47332992871306,22.));
#3462=CARTESIAN_POINT('Origin',(-15.5385290609898,-5.47332992871306,22.));
#3463=CARTESIAN_POINT('',(40.3689497535564,-18.7086898872852,22.));
#3464=CARTESIAN_POINT('Origin',(37.6190172105259,-18.7086898872852,22.));
#3465=CARTESIAN_POINT('',(-16.4363463173896,39.1259823215001,22.));
#3466=CARTESIAN_POINT('Origin',(-15.5385290609885,36.5266700712869,22.));
#3467=CARTESIAN_POINT('',(-6.44743038346272,2.694353332812,22.));
#3468=CARTESIAN_POINT('',(12.0570291377694,2.694353332812,22.));
#3469=CARTESIAN_POINT('',(12.0570291377694,2.694353332812,22.));
#3470=CARTESIAN_POINT('',(12.0570291377694,25.7418238742269,22.));
#3471=CARTESIAN_POINT('',(12.0570291377694,25.7418238742269,22.));
#3472=CARTESIAN_POINT('',(-6.44743038346272,25.7418238742269,22.));
#3473=CARTESIAN_POINT('',(-6.44743038346272,25.7418238742269,22.));
#3474=CARTESIAN_POINT('',(-6.44743038346272,2.694353332812,22.));
#3475=CARTESIAN_POINT('Origin',(-15.5385290609885,36.5266700712869,24.75));
#3476=CARTESIAN_POINT('',(-13.5385290609885,36.5266700712869,25.));
#3477=CARTESIAN_POINT('Origin',(-15.5385290609885,36.5266700712869,25.));
#3478=CARTESIAN_POINT('',(-14.0385290609885,36.5266700712869,24.5));
#3479=CARTESIAN_POINT('',(-13.7885290609885,36.5266700712869,24.75));
#3480=CARTESIAN_POINT('Origin',(-15.5385290609885,36.5266700712869,24.5));
#3481=CARTESIAN_POINT('Origin',(-15.5385290609885,36.5266700712869,25.));
#3482=CARTESIAN_POINT('',(24.6351384254896,37.8665254069511,25.));
#3483=CARTESIAN_POINT('',(24.6351384254896,37.4116996573267,25.));
#3484=CARTESIAN_POINT('',(24.6351384254896,38.446597739119,25.));
#3485=CARTESIAN_POINT('',(22.6351384254896,39.8665254069511,25.));
#3486=CARTESIAN_POINT('Origin',(22.6351384254896,37.8665254069511,25.));
#3487=CARTESIAN_POINT('',(-16.9503055121872,39.8665254069511,25.));
#3488=CARTESIAN_POINT('',(-17.4944172865879,39.8665254069511,25.));
#3489=CARTESIAN_POINT('',(-18.9503055121872,37.8665254069511,25.));
#3490=CARTESIAN_POINT('Origin',(-16.9503055121872,37.8665254069511,25.));
#3491=CARTESIAN_POINT('',(-18.9503055121872,-3.4161207627656,25.));
#3492=CARTESIAN_POINT('',(-18.9503055121872,13.5594323600435,25.));
#3493=CARTESIAN_POINT('',(-20.6696554139296,-8.7068800794178,25.));
#3494=CARTESIAN_POINT('Origin',(-27.9503055121872,-3.4161207627656,25.));
#3495=CARTESIAN_POINT('',(-32.3194737879191,-24.7382748590502,25.));
#3496=CARTESIAN_POINT('',(-7.37198153479524,9.59213993648012,25.));
#3497=CARTESIAN_POINT('',(-28.6791487387903,-27.3836545173763,25.));
#3498=CARTESIAN_POINT('Origin',(-30.4993112633547,-26.0609646882132,25.));
#3499=CARTESIAN_POINT('',(-17.9484350866429,-12.6170460345476,25.));
#3500=CARTESIAN_POINT('',(-11.2120475868489,-3.34705710159606,25.));
#3501=CARTESIAN_POINT('',(-10.6677849883853,-8.9078053511998,25.));
#3502=CARTESIAN_POINT('Origin',(-10.6677849883853,-17.9078053511998,25.));
#3503=CARTESIAN_POINT('',(18.8879698786068,-8.9078053511998,25.));
#3504=CARTESIAN_POINT('',(4.79830468225055,-8.9078053511998,25.));
#3505=CARTESIAN_POINT('',(24.591122571225,-10.9454746089352,25.));
#3506=CARTESIAN_POINT('Origin',(18.8879698786068,-17.9078053511998,25.));
#3507=CARTESIAN_POINT('',(36.1932290373714,-20.4492725728514,25.));
#3508=CARTESIAN_POINT('',(-1.33001914722024,10.2876777160293,25.));
#3509=CARTESIAN_POINT('',(39.0448053836804,-16.9681072017191,25.));
#3510=CARTESIAN_POINT('Origin',(37.6190172105259,-18.7086898872852,25.));
#3511=CARTESIAN_POINT('',(27.9319857328715,-7.86510568394344,25.));
#3512=CARTESIAN_POINT('',(9.60033033484668,7.15116310787606,25.));
#3513=CARTESIAN_POINT('',(24.6351384254896,-0.902774941678852,25.));
#3514=CARTESIAN_POINT('Origin',(33.6351384254896,-0.902774941678853,25.));
#3515=CARTESIAN_POINT('',(24.6351384254896,-0.672842129206626,25.));
#3516=CARTESIAN_POINT('',(24.6351384254896,18.1769139710401,25.));
#3517=CARTESIAN_POINT('',(16.3832506304276,-0.672842129206626,25.));
#3518=CARTESIAN_POINT('',(0.172360784719549,-0.672842129206626,25.));
#3519=CARTESIAN_POINT('',(15.3832506304276,0.327157870793375,25.));
#3520=CARTESIAN_POINT('Origin',(16.3832506304276,0.327157870793375,25.));
#3521=CARTESIAN_POINT('',(15.3832506304276,9.65045234173361,25.));
#3522=CARTESIAN_POINT('',(15.3832506304276,23.3385612065102,25.));
#3523=CARTESIAN_POINT('',(16.3832506304276,10.6504523417336,25.));
#3524=CARTESIAN_POINT('Origin',(16.3832506304276,9.65045234173361,25.));
#3525=CARTESIAN_POINT('',(24.6351384254896,10.6504523417336,25.));
#3526=CARTESIAN_POINT('',(4.79830468225055,10.6504523417336,25.));
#3527=CARTESIAN_POINT('',(24.6351384254896,26.5724348078896,25.));
#3528=CARTESIAN_POINT('',(24.6351384254896,38.446597739119,25.));
#3529=CARTESIAN_POINT('',(29.7506556106902,29.6772865312931,25.));
#3530=CARTESIAN_POINT('Origin',(28.1351384254896,26.5724348078896,25.));
#3531=CARTESIAN_POINT('',(30.3089816651062,29.3867781862229,25.));
#3532=CARTESIAN_POINT('',(5.86439943016175,42.1057890130302,25.));
#3533=CARTESIAN_POINT('',(32.3860751865542,33.378730397451,25.));
#3534=CARTESIAN_POINT('Origin',(31.3475284270208,31.3827542941252,25.));
#3535=CARTESIAN_POINT('',(12.8845216979957,43.5257833402544,25.));
#3536=CARTESIAN_POINT('',(-13.5385290609898,-5.47332992871306,25.));
#3537=CARTESIAN_POINT('Origin',(-15.5385290609898,-5.47332992871306,25.));
#3538=CARTESIAN_POINT('',(23.4614709390115,36.5266700712858,25.));
#3539=CARTESIAN_POINT('Origin',(21.4614709390115,36.5266700712858,25.));
#3540=CARTESIAN_POINT('',(23.4614709390102,-5.47332992871419,25.));
#3541=CARTESIAN_POINT('Origin',(21.4614709390102,-5.47332992871419,25.));
#3542=CARTESIAN_POINT('',(-6.94743038346272,2.194353332812,25.));
#3543=CARTESIAN_POINT('',(12.5570291377694,2.194353332812,25.));
#3544=CARTESIAN_POINT('',(-10.9929797222256,2.194353332812,25.));
#3545=CARTESIAN_POINT('',(-6.94743038346272,26.2418238742269,25.));
#3546=CARTESIAN_POINT('',(-6.94743038346272,31.1342469727569,25.));
#3547=CARTESIAN_POINT('',(12.5570291377694,26.2418238742269,25.));
#3548=CARTESIAN_POINT('',(-1.74074996160956,26.2418238742269,25.));
#3549=CARTESIAN_POINT('',(12.5570291377694,19.6105117020494,25.));
#3550=CARTESIAN_POINT('Origin',(-15.5385290609885,36.5266700712869,18.));
#3551=CARTESIAN_POINT('',(-14.0385290609885,36.5266700712869,18.));
#3552=CARTESIAN_POINT('',(-14.0385290609885,36.5266700712869,18.));
#3553=CARTESIAN_POINT('Origin',(-15.5385290609885,36.5266700712869,18.));
#3554=CARTESIAN_POINT('Origin',(0.172360784719549,-0.422842129206625,24.75));
#3555=CARTESIAN_POINT('',(16.3832506304276,-0.172842129206625,24.5));
#3556=CARTESIAN_POINT('',(16.3832506304276,-0.172842129206625,24.5));
#3557=CARTESIAN_POINT('',(24.6351384254896,-0.172842129206625,24.5));
#3558=CARTESIAN_POINT('',(24.6351384254896,-0.672842129206626,25.));
#3559=CARTESIAN_POINT('',(0.172360784719549,-0.172842129206625,24.5));
#3560=CARTESIAN_POINT('Origin',(16.3832506304276,0.327157870793375,24.75));
#3561=CARTESIAN_POINT('',(15.8832506304276,0.327157870793375,24.5));
#3562=CARTESIAN_POINT('Origin',(16.3832506304276,0.327157870793375,24.5));
#3563=CARTESIAN_POINT('',(15.8832506304276,0.327157870793375,24.5));
#3564=CARTESIAN_POINT('Origin',(15.6332506304276,23.3385612065102,24.75));
#3565=CARTESIAN_POINT('',(15.8832506304276,9.65045234173361,24.5));
#3566=CARTESIAN_POINT('',(15.8832506304276,9.65045234173361,24.5));
#3567=CARTESIAN_POINT('',(15.8832506304276,23.3385612065102,24.5));
#3568=CARTESIAN_POINT('Origin',(16.3832506304276,9.65045234173361,24.75));
#3569=CARTESIAN_POINT('',(16.3832506304276,10.1504523417336,24.5));
#3570=CARTESIAN_POINT('Origin',(16.3832506304276,9.65045234173361,24.5));
#3571=CARTESIAN_POINT('',(16.3832506304276,10.1504523417336,24.5));
#3572=CARTESIAN_POINT('Origin',(4.79830468225055,10.4004523417336,24.75));
#3573=CARTESIAN_POINT('',(24.6351384254896,10.1504523417336,24.5));
#3574=CARTESIAN_POINT('',(24.6351384254896,10.1504523417336,24.5));
#3575=CARTESIAN_POINT('',(4.79830468225055,10.1504523417336,24.5));
#3576=CARTESIAN_POINT('Origin',(24.8851384254896,38.446597739119,24.75));
#3577=CARTESIAN_POINT('',(25.1351384254896,37.7151735399271,24.5));
#3578=CARTESIAN_POINT('',(25.1351384254896,37.8665254069511,24.5));
#3579=CARTESIAN_POINT('',(25.1351384254896,38.446597739119,24.5));
#3580=CARTESIAN_POINT('',(25.1351384254896,37.8665254069511,24.5));
#3581=CARTESIAN_POINT('',(24.6351384254896,37.4116996573267,25.));
#3582=CARTESIAN_POINT('Origin',(22.6351384254896,37.8665254069511,24.75));
#3583=CARTESIAN_POINT('',(22.6351384254896,40.3665254069511,24.5));
#3584=CARTESIAN_POINT('Origin',(22.6351384254896,37.8665254069511,24.5));
#3585=CARTESIAN_POINT('',(22.6351384254896,40.3665254069511,24.5));
#3586=CARTESIAN_POINT('Origin',(-17.4944172865879,40.1165254069511,24.75));
#3587=CARTESIAN_POINT('',(-16.9503055121872,40.3665254069511,24.5));
#3588=CARTESIAN_POINT('',(-17.4944172865879,40.3665254069511,24.5));
#3589=CARTESIAN_POINT('',(-16.9503055121872,40.3665254069511,24.5));
#3590=CARTESIAN_POINT('Origin',(-16.9503055121872,37.8665254069511,24.75));
#3591=CARTESIAN_POINT('Origin',(-16.9503055121872,37.8665254069511,24.5));
#3592=CARTESIAN_POINT('',(-19.4503055121872,37.8665254069511,24.5));
#3593=CARTESIAN_POINT('Origin',(-19.2003055121872,13.5594323600435,24.75));
#3594=CARTESIAN_POINT('',(-19.4503055121872,-3.4161207627656,24.5));
#3595=CARTESIAN_POINT('Origin',(-27.9503055121872,-3.4161207627656,24.75));
#3596=CARTESIAN_POINT('',(-21.0741359749439,-8.41294900627045,24.5));
#3597=CARTESIAN_POINT('Origin',(-27.9503055121872,-3.4161207627656,24.5));
#3598=CARTESIAN_POINT('',(-21.0741359749439,-8.41294900627045,24.5));
#3599=CARTESIAN_POINT('Origin',(-7.57422181530239,9.73910547305379,24.75));
#3600=CARTESIAN_POINT('',(-32.7239543489334,-24.4443437859028,24.5));
#3601=CARTESIAN_POINT('',(-32.7239543489334,-24.4443437859028,24.5));
#3602=CARTESIAN_POINT('',(-7.77646209580954,9.88607100962746,24.5));
#3603=CARTESIAN_POINT('Origin',(-30.4993112633547,-26.0609646882132,24.75));
#3604=CARTESIAN_POINT('',(-28.274668177776,-27.6775855905236,24.5));
#3605=CARTESIAN_POINT('',(-28.274668177776,-27.6775855905236,24.5));
#3606=CARTESIAN_POINT('Origin',(-30.4993112633547,-26.0609646882132,24.5));
#3607=CARTESIAN_POINT('Origin',(-11.0098073063418,-3.49402263816973,24.75));
#3608=CARTESIAN_POINT('',(-17.5439545256286,-12.9109771076949,24.5));
#3609=CARTESIAN_POINT('',(-17.5439545256286,-12.9109771076949,24.5));
#3610=CARTESIAN_POINT('',(-10.8075670258346,-3.64098817474341,24.5));
#3611=CARTESIAN_POINT('Origin',(-10.6677849883853,-17.9078053511998,24.75));
#3612=CARTESIAN_POINT('',(-10.6677849883853,-9.4078053511998,24.5));
#3613=CARTESIAN_POINT('Origin',(-10.6677849883853,-17.9078053511998,24.5));
#3614=CARTESIAN_POINT('',(-10.6677849883853,-9.4078053511998,24.5));
#3615=CARTESIAN_POINT('Origin',(4.79830468225055,-9.1578053511998,24.75));
#3616=CARTESIAN_POINT('',(18.8879698786068,-9.4078053511998,24.5));
#3617=CARTESIAN_POINT('',(4.79830468225055,-9.4078053511998,24.5));
#3618=CARTESIAN_POINT('',(18.8879698786068,-9.4078053511998,24.5));
#3619=CARTESIAN_POINT('Origin',(18.8879698786068,-17.9078053511998,24.75));
#3620=CARTESIAN_POINT('',(24.2742807549684,-11.3322707612833,24.5));
#3621=CARTESIAN_POINT('Origin',(18.8879698786068,-17.9078053511998,24.5));
#3622=CARTESIAN_POINT('',(24.2742807549684,-11.3322707612833,24.5));
#3623=CARTESIAN_POINT('Origin',(-1.48844005534852,10.0942796398553,24.75));
#3624=CARTESIAN_POINT('',(35.8763872211148,-20.8360687251994,24.5));
#3625=CARTESIAN_POINT('',(35.8763872211148,-20.8360687251994,24.5));
#3626=CARTESIAN_POINT('',(-1.6468609634768,9.90088156368125,24.5));
#3627=CARTESIAN_POINT('Origin',(37.6190172105259,-18.7086898872852,24.75));
#3628=CARTESIAN_POINT('',(39.361647199937,-16.5813110493711,24.5));
#3629=CARTESIAN_POINT('',(39.361647199937,-16.5813110493711,24.5));
#3630=CARTESIAN_POINT('Origin',(37.6190172105259,-18.7086898872852,24.5));
#3631=CARTESIAN_POINT('Origin',(9.75875124297496,7.34456118405007,24.75));
#3632=CARTESIAN_POINT('',(28.2488275491281,-7.4783095315954,24.5));
#3633=CARTESIAN_POINT('',(28.2488275491281,-7.4783095315954,24.5));
#3634=CARTESIAN_POINT('',(9.91717215110324,7.53795926022408,24.5));
#3635=CARTESIAN_POINT('Origin',(33.6351384254896,-0.902774941678853,24.75));
#3636=CARTESIAN_POINT('',(25.1351384254896,-0.902774941678853,24.5));
#3637=CARTESIAN_POINT('Origin',(33.6351384254896,-0.902774941678853,24.5));
#3638=CARTESIAN_POINT('',(25.1351384254896,-0.902774941678853,24.5));
#3639=CARTESIAN_POINT('Origin',(24.8851384254896,18.1769139710401,24.75));
#3640=CARTESIAN_POINT('',(25.1351384254896,-0.672842129206625,24.5));
#3641=CARTESIAN_POINT('',(25.1351384254896,18.1769139710401,24.5));
#3642=CARTESIAN_POINT('',(25.1351384254896,-0.672842129206625,24.5));
#3643=CARTESIAN_POINT('Origin',(24.8851384254896,38.446597739119,24.75));
#3644=CARTESIAN_POINT('',(25.1351384254896,10.6504523417336,24.5));
#3645=CARTESIAN_POINT('',(24.6351384254896,10.6504523417336,25.));
#3646=CARTESIAN_POINT('',(25.1351384254896,26.5724348078896,24.5));
#3647=CARTESIAN_POINT('',(25.1351384254896,38.446597739119,24.5));
#3648=CARTESIAN_POINT('',(25.1351384254896,26.5724348078896,24.5));
#3649=CARTESIAN_POINT('Origin',(28.1351384254896,26.5724348078896,24.75));
#3650=CARTESIAN_POINT('',(29.5198674413758,29.2337362850926,24.5));
#3651=CARTESIAN_POINT('Origin',(28.1351384254896,26.5724348078896,24.5));
#3652=CARTESIAN_POINT('',(29.5198674413758,29.2337362850926,24.5));
#3653=CARTESIAN_POINT('Origin',(5.74900534550457,41.88401388993,24.75));
#3654=CARTESIAN_POINT('',(30.078193498173,28.9432279445989,24.5));
#3655=CARTESIAN_POINT('',(30.078193498173,28.9432279445989,24.5));
#3656=CARTESIAN_POINT('',(5.63361126084738,41.6622387668297,24.5));
#3657=CARTESIAN_POINT('Origin',(31.3475284270208,31.3827542941252,24.75));
#3658=CARTESIAN_POINT('',(32.6168633582498,33.8222806482279,24.5));
#3659=CARTESIAN_POINT('',(32.6168633582498,33.8222806482279,24.5));
#3660=CARTESIAN_POINT('Origin',(31.3475284270208,31.3827542941252,24.5));
#3661=CARTESIAN_POINT('Origin',(12.9999157826529,43.7475584633547,24.75));
#3662=CARTESIAN_POINT('',(13.11530986731,43.9693335864549,24.5));
#3663=CARTESIAN_POINT('Origin',(24.6351384254896,-0.672842129206625,24.5));
#3664=CARTESIAN_POINT('Origin',(24.6351384254896,-0.672842129206625,24.5));
#3665=CARTESIAN_POINT('Origin',(24.6351384254896,10.6504523417336,24.5));
#3666=CARTESIAN_POINT('Origin',(24.6351384254896,10.6504523417336,24.5));
#3667=CARTESIAN_POINT('Origin',(-10.6677849883853,-17.9078053511998,23.5));
#3668=CARTESIAN_POINT('',(-17.5439545256286,-12.9109771076949,23.5));
#3669=CARTESIAN_POINT('',(-10.6677849883853,-9.4078053511998,23.5));
#3670=CARTESIAN_POINT('Origin',(-28.274668177776,-27.6775855905236,22.));
#3671=CARTESIAN_POINT('',(-28.274668177776,-27.6775855905236,22.));
#3672=CARTESIAN_POINT('Origin',(-30.4993112633547,-26.0609646882132,5.00000000000001));
#3673=CARTESIAN_POINT('',(-30.9772398902805,-28.7691161292455,5.00000000000001));
#3674=CARTESIAN_POINT('',(-30.9772398902805,-28.7691161292455,2.50000000000001));
#3675=CARTESIAN_POINT('',(-30.9772398902805,-28.7691161292455,5.00000000000001));
#3676=CARTESIAN_POINT('',(-27.7910898472431,-26.5384966361649,2.50000000000001));
#3677=CARTESIAN_POINT('Origin',(-30.4993112633547,-26.0609646882132,2.50000000000001));
#3678=CARTESIAN_POINT('',(-27.7910898472431,-26.5384966361649,5.00000000000001));
#3679=CARTESIAN_POINT('',(-27.7910898472431,-26.5384966361649,5.00000000000001));
#3680=CARTESIAN_POINT('',(-27.7910509252284,-26.5382758981925,5.00000000000001));
#3681=CARTESIAN_POINT('',(-27.7910509252284,-26.5382758981925,5.00000000000001));
#3682=CARTESIAN_POINT('',(-30.021382636429,-23.352813247181,5.00000000000001));
#3683=CARTESIAN_POINT('Origin',(-30.4993112633547,-26.0609646882132,5.));
#3684=CARTESIAN_POINT('',(-30.021382636429,-23.352813247181,5.00000000000001));
#3685=CARTESIAN_POINT('',(-32.7239543489334,-24.4443437859028,22.));
#3686=CARTESIAN_POINT('Origin',(-30.4993112633547,-26.0609646882132,5.));
#3687=CARTESIAN_POINT('Origin',(-17.7631721465685,-3.85670902640266,22.));
#3688=CARTESIAN_POINT('',(-21.0741359749439,-8.41294900627045,23.5));
#3689=CARTESIAN_POINT('Origin',(-27.9503055121872,-3.4161207627656,23.5));
#3690=CARTESIAN_POINT('Origin',(-16.9503055121872,37.8665254069511,25.));
#3691=CARTESIAN_POINT('',(-16.9503055121872,40.3665254069511,25.));
#3692=CARTESIAN_POINT('Origin',(-19.4503055121872,40.3665254069511,25.));
#3693=CARTESIAN_POINT('',(22.6351384254896,40.3665254069511,25.));
#3694=CARTESIAN_POINT('Origin',(22.6351384254896,37.8665254069511,25.));
#3695=CARTESIAN_POINT('',(25.1351384254896,37.8665254069511,25.));
#3696=CARTESIAN_POINT('Origin',(25.1351384254896,40.3665254069511,25.));
#3697=CARTESIAN_POINT('',(25.1351384254896,37.7151735399271,23.5));
#3698=CARTESIAN_POINT('Origin',(32.6168633582498,33.8222806482279,22.));
#3699=CARTESIAN_POINT('',(32.6168633582498,33.8222806482279,22.));
#3700=CARTESIAN_POINT('Origin',(31.3475284270208,31.3827542941252,5.00000000000001));
#3701=CARTESIAN_POINT('',(30.078193498173,28.9432279445989,22.));
#3702=CARTESIAN_POINT('',(28.5975284296003,31.3827542941249,2.50000000000001));
#3703=CARTESIAN_POINT('',(28.5975284321797,31.3827542941248,5.));
#3704=CARTESIAN_POINT('',(31.3475284270208,28.6327542941252,2.50000000000001));
#3705=CARTESIAN_POINT('Origin',(31.3475284270208,31.3827542941252,2.50000000000001));
#3706=CARTESIAN_POINT('',(31.3475284270208,28.6327542941252,22.));
#3707=CARTESIAN_POINT('',(31.3475284270208,28.6327542941252,5.));
#3708=CARTESIAN_POINT('Origin',(31.3475284270208,31.3827542941252,22.));
#3709=CARTESIAN_POINT('Origin',(20.1921360077825,34.087143717183,22.));
#3710=CARTESIAN_POINT('',(29.5198674413758,29.2337362850926,23.5));
#3711=CARTESIAN_POINT('Origin',(28.1351384254896,26.5724348078896,23.5));
#3712=CARTESIAN_POINT('',(25.1351384254896,26.5724348078896,23.5));
#3713=CARTESIAN_POINT('Origin',(25.1351384254896,40.3665254069511,25.));
#3714=CARTESIAN_POINT('',(25.1351384254896,10.6504523417336,25.));
#3715=CARTESIAN_POINT('Origin',(-10.9929797222256,2.444353332812,24.75));
#3716=CARTESIAN_POINT('',(12.0570291377694,2.694353332812,24.5));
#3717=CARTESIAN_POINT('',(12.5570291377694,2.194353332812,25.));
#3718=CARTESIAN_POINT('',(-6.44743038346272,2.694353332812,24.5));
#3719=CARTESIAN_POINT('',(-10.9929797222256,2.694353332812,24.5));
#3720=CARTESIAN_POINT('',(-6.44743038346272,2.694353332812,24.5));
#3721=CARTESIAN_POINT('Origin',(12.3070291377694,19.6105117020494,24.75));
#3722=CARTESIAN_POINT('',(12.0570291377694,25.7418238742269,24.5));
#3723=CARTESIAN_POINT('',(12.0570291377694,19.6105117020494,24.5));
#3724=CARTESIAN_POINT('',(12.0570291377694,25.7418238742269,24.5));
#3725=CARTESIAN_POINT('Origin',(-6.69743038346272,31.1342469727569,24.75));
#3726=CARTESIAN_POINT('',(-6.44743038346272,25.7418238742269,24.5));
#3727=CARTESIAN_POINT('',(-6.44743038346272,31.1342469727569,24.5));
#3728=CARTESIAN_POINT('',(-6.44743038346272,25.7418238742269,24.5));
#3729=CARTESIAN_POINT('Origin',(-1.74074996160956,25.9918238742269,24.75));
#3730=CARTESIAN_POINT('',(-1.74074996160956,25.7418238742269,24.5));
#3731=CARTESIAN_POINT('Origin',(-6.44743038346272,25.7418238742269,25.));
#3732=CARTESIAN_POINT('',(-6.44743038346272,2.694353332812,25.));
#3733=CARTESIAN_POINT('',(-6.44743038346272,25.7418238742269,25.));
#3734=CARTESIAN_POINT('Origin',(-6.44743038346272,2.694353332812,25.));
#3735=CARTESIAN_POINT('',(12.0570291377694,2.694353332812,25.));
#3736=CARTESIAN_POINT('Origin',(-15.5385290609898,-5.47332992871306,24.75));
#3737=CARTESIAN_POINT('',(-14.0385290609898,-5.47332992871306,24.5));
#3738=CARTESIAN_POINT('',(-13.7885290609898,-5.47332992871306,24.75));
#3739=CARTESIAN_POINT('Origin',(-15.5385290609898,-5.47332992871306,24.5));
#3740=CARTESIAN_POINT('Origin',(-15.5385290609898,-5.47332992871306,25.));
#3741=CARTESIAN_POINT('',(-14.0385290609898,-5.47332992871306,25.));
#3742=CARTESIAN_POINT('Origin',(21.4614709390102,-5.47332992871419,24.75));
#3743=CARTESIAN_POINT('',(22.9614709390102,-5.47332992871419,24.5));
#3744=CARTESIAN_POINT('',(23.2114709390102,-5.47332992871419,24.75));
#3745=CARTESIAN_POINT('Origin',(21.4614709390102,-5.47332992871419,24.5));
#3746=CARTESIAN_POINT('Origin',(21.4614709390102,-5.47332992871419,25.));
#3747=CARTESIAN_POINT('',(22.9614709390102,-5.47332992871419,25.));
#3748=CARTESIAN_POINT('Origin',(21.4614709390115,36.5266700712858,24.75));
#3749=CARTESIAN_POINT('',(22.9614709390115,36.5266700712858,24.5));
#3750=CARTESIAN_POINT('',(23.2114709390115,36.5266700712858,24.75));
#3751=CARTESIAN_POINT('Origin',(21.4614709390115,36.5266700712858,24.5));
#3752=CARTESIAN_POINT('Origin',(21.4614709390115,36.5266700712858,25.));
#3753=CARTESIAN_POINT('',(22.9614709390115,36.5266700712858,25.));
#3754=CARTESIAN_POINT('Origin',(33.6351384254896,-0.902774941678853,23.5));
#3755=CARTESIAN_POINT('',(28.2488275491281,-7.4783095315954,23.5));
#3756=CARTESIAN_POINT('',(25.1351384254896,-0.902774941678853,23.5));
#3757=CARTESIAN_POINT('Origin',(25.1351384254896,-0.172842129206625,25.));
#3758=CARTESIAN_POINT('',(25.1351384254896,-0.672842129206625,25.));
#3759=CARTESIAN_POINT('Origin',(18.8879698786068,-17.9078053511998,23.5));
#3760=CARTESIAN_POINT('',(18.8879698786068,-9.4078053511998,23.5));
#3761=CARTESIAN_POINT('',(24.2742807549684,-11.3322707612833,23.5));
#3762=CARTESIAN_POINT('Origin',(25.1351384254896,-9.4078053511998,25.));
#3763=CARTESIAN_POINT('Origin',(16.3832506304276,0.327157870793375,25.));
#3764=CARTESIAN_POINT('',(16.3832506304276,-0.172842129206625,25.));
#3765=CARTESIAN_POINT('',(15.8832506304276,0.327157870793375,25.));
#3766=CARTESIAN_POINT('Origin',(15.8832506304276,-0.172842129206625,25.));
#3767=CARTESIAN_POINT('',(24.6351384254896,-0.172842129206625,25.));
#3768=CARTESIAN_POINT('Origin',(16.3832506304276,9.65045234173361,25.));
#3769=CARTESIAN_POINT('',(15.8832506304276,9.65045234173361,25.));
#3770=CARTESIAN_POINT('',(16.3832506304276,10.1504523417336,25.));
#3771=CARTESIAN_POINT('Origin',(15.8832506304276,10.1504523417336,25.));
#3772=CARTESIAN_POINT('Origin',(24.6351384254896,-0.672842129206625,25.));
#3773=CARTESIAN_POINT('Origin',(24.6351384254896,10.6504523417336,25.));
#3774=CARTESIAN_POINT('',(24.6351384254896,10.1504523417336,25.));
#3775=CARTESIAN_POINT('Origin',(12.0570291377694,25.7418238742269,25.));
#3776=CARTESIAN_POINT('',(12.0570291377694,25.7418238742269,25.));
#3777=CARTESIAN_POINT('Origin',(12.0570291377694,2.694353332812,25.));
#3778=CARTESIAN_POINT('Origin',(25.1351384254896,10.1504523417336,25.));
#3779=CARTESIAN_POINT('Origin',(-36.6683290609894,-24.972309928714,5.));
#3780=CARTESIAN_POINT('',(-30.0214731887729,-23.3525696630492,5.00000000000001));
#3781=CARTESIAN_POINT('Origin',(-30.49927234134,-26.0607439502409,5.00000000000001));
#3782=CARTESIAN_POINT('',(-36.1766819396815,-22.2666153583477,5.00000000000001));
#3783=CARTESIAN_POINT('',(-36.1766819396815,-22.2666153583477,5.00000000000001));
#3784=CARTESIAN_POINT('',(-37.1317608861575,-27.6829797616928,5.00000000000001));
#3785=CARTESIAN_POINT('Origin',(-36.6683290609894,-24.972309928714,5.));
#3786=CARTESIAN_POINT('',(-30.9772398902805,-28.7691161292455,5.00000000000001));
#3787=CARTESIAN_POINT('',(-34.9183290609894,-24.972309928714,5.));
#3788=CARTESIAN_POINT('Origin',(-36.6683290609894,-24.972309928714,5.));
#3789=CARTESIAN_POINT('Origin',(-27.7910509252284,-26.5382758981925,5.00000000000001));
#3790=CARTESIAN_POINT('',(-27.7910509252284,-26.5382758981925,2.50000000000001));
#3791=CARTESIAN_POINT('',(-27.7910509252284,-26.5382758981925,2.50000000000001));
#3792=CARTESIAN_POINT('',(-27.7910509252284,-26.5382758981925,5.00000000000001));
#3793=CARTESIAN_POINT('Origin',(-30.49927234134,-26.0607439502409,5.00000000000001));
#3794=CARTESIAN_POINT('',(-30.0214731887729,-23.3525696630492,2.50000000000001));
#3795=CARTESIAN_POINT('Origin',(-30.49927234134,-26.0607439502409,2.50000000000001));
#3796=CARTESIAN_POINT('',(-30.0214731887729,-23.3525696630492,5.00000000000001));
#3797=CARTESIAN_POINT('Origin',(-36.1766819396815,-22.2666153583477,5.00000000000001));
#3798=CARTESIAN_POINT('',(-36.1766819396815,-22.2666153583477,2.50000000000001));
#3799=CARTESIAN_POINT('',(-36.1766819396815,-22.2666153583477,2.50000000000001));
#3800=CARTESIAN_POINT('',(-36.1766819396828,-22.2666153583475,4.44089209850063E-15));
#3801=CARTESIAN_POINT('Origin',(-30.9772398902805,-28.7691161292455,5.00000000000001));
#3802=CARTESIAN_POINT('',(-37.1317608861575,-27.6829797616928,2.50000000000001));
#3803=CARTESIAN_POINT('',(-37.1317608861572,-27.6829797616929,4.44089209850063E-15));
#3804=CARTESIAN_POINT('',(-30.9772398902805,-28.7691161292455,2.50000000000001));
#3805=CARTESIAN_POINT('Origin',(-32.4405166137487,-25.5387900232805,2.50000000000001));
#3806=CARTESIAN_POINT('',(-33.9183290609894,-24.972309928714,2.50000000000001));
#3807=CARTESIAN_POINT('Origin',(-36.6683290609894,-24.972309928714,2.50000000000001));
#3808=CARTESIAN_POINT('Origin',(-36.6683290609894,-24.972309928714,2.50000000000001));
#3809=CARTESIAN_POINT('Origin',(-36.6683290609894,-24.972309928714,4.44089209850063E-15));
#3810=CARTESIAN_POINT('',(-33.9183290609894,-24.972309928714,4.66357335912914E-15));
#3811=CARTESIAN_POINT('',(-33.9183290609894,-24.972309928714,4.44089209850063E-15));
#3812=CARTESIAN_POINT('Origin',(-36.6683290609894,-24.972309928714,4.44089209850063E-15));
#3813=CARTESIAN_POINT('Origin',(-36.6683290609894,-24.972309928714,4.44089209850063E-15));
#3814=CARTESIAN_POINT('',(-34.9183290609894,-24.972309928714,4.58259835526423E-15));
#3815=CARTESIAN_POINT('',(-34.9183290609894,-24.972309928714,4.44089209850063E-15));
#3816=CARTESIAN_POINT('Origin',(-36.6683290609894,-24.972309928714,4.44089209850063E-15));
#3817=CARTESIAN_POINT('Origin',(-36.6683290609894,-24.972309928714,4.44089209850063E-15));
#3818=CARTESIAN_POINT('Origin',(19.7188409495991,-7.60070876662837,22.));
#3819=CARTESIAN_POINT('',(35.8763872211148,-20.8360687251994,22.));
#3820=CARTESIAN_POINT('Origin',(39.361647199937,-16.5813110493711,22.));
#3821=CARTESIAN_POINT('',(39.361647199937,-16.5813110493711,22.));
#3822=CARTESIAN_POINT('Origin',(37.6190172105259,-18.7086898872852,22.));
#3823=CARTESIAN_POINT('Origin',(37.6190172105259,-18.7086898872852,5.));
#3824=CARTESIAN_POINT('',(40.3689497535564,-18.7086898872852,5.00000000000001));
#3825=CARTESIAN_POINT('',(40.3689497535564,-18.7086898872852,5.));
#3826=CARTESIAN_POINT('',(34.8690846674954,-18.7086898872852,5.00000000000001));
#3827=CARTESIAN_POINT('Origin',(37.6190172105259,-18.7086898872852,5.00000000000001));
#3828=CARTESIAN_POINT('Origin',(37.6190172105259,-18.7086898872852,5.00000000000001));
#3829=CARTESIAN_POINT('Origin',(37.6190509390106,-24.9723099287139,5.00000000000001));
#3830=CARTESIAN_POINT('',(34.8690846674954,-24.9586898872852,5.00000000000001));
#3831=CARTESIAN_POINT('',(40.3690509390106,-24.9723099287139,5.00000000000001));
#3832=CARTESIAN_POINT('Origin',(37.6190509390106,-24.9723099287139,5.00000000000001));
#3833=CARTESIAN_POINT('',(40.3690172105259,-24.9586898872852,5.00000000000001));
#3834=CARTESIAN_POINT('Origin',(37.6190509390106,-24.9723099287139,5.00000000000001));
#3835=CARTESIAN_POINT('',(40.3690172105259,-18.7086898872852,5.00000000000001));
#3836=CARTESIAN_POINT('',(40.3690172105259,-24.9586898872852,5.00000000000001));
#3837=CARTESIAN_POINT('',(37.6190846674954,-15.9586898872852,5.00000000000001));
#3838=CARTESIAN_POINT('Origin',(37.6190172105259,-18.7086898872852,5.00000000000001));
#3839=CARTESIAN_POINT('Origin',(37.6190846674954,-18.7086898872852,5.00000000000001));
#3840=CARTESIAN_POINT('',(34.8690846674954,-18.7086898872852,5.00000000000001));
#3841=CARTESIAN_POINT('',(39.3690509390106,-24.9723099287139,5.00000000000001));
#3842=CARTESIAN_POINT('Origin',(37.6190509390106,-24.9723099287139,5.00000000000001));
#3843=CARTESIAN_POINT('Origin',(37.6190172105259,-18.7086898872852,5.00000000000001));
#3844=CARTESIAN_POINT('',(40.3690172105259,-18.7086898872852,2.50000000000001));
#3845=CARTESIAN_POINT('',(40.3690172105259,-18.7086898872852,5.00000000000001));
#3846=CARTESIAN_POINT('',(37.6190846674954,-15.9586898872852,2.50000000000001));
#3847=CARTESIAN_POINT('Origin',(37.6190172105259,-18.7086898872852,2.50000000000001));
#3848=CARTESIAN_POINT('',(37.6190846674954,-15.9586898872852,5.00000000000001));
#3849=CARTESIAN_POINT('Origin',(37.6190846674954,-18.7086898872852,5.00000000000001));
#3850=CARTESIAN_POINT('',(34.8690846674954,-18.7086898872852,2.50000000000001));
#3851=CARTESIAN_POINT('Origin',(37.6190846674954,-18.7086898872852,2.50000000000001));
#3852=CARTESIAN_POINT('',(34.8690846674954,-18.7086898872852,5.00000000000001));
#3853=CARTESIAN_POINT('Origin',(34.8690846674954,-24.9586898872852,5.00000000000001));
#3854=CARTESIAN_POINT('',(34.8690846674954,-24.9586898872852,2.50000000000001));
#3855=CARTESIAN_POINT('',(34.8690846674954,-18.7086898872852,2.50000000000001));
#3856=CARTESIAN_POINT('',(34.8690846674954,-24.9586898872859,9.99200722162641E-15));
#3857=CARTESIAN_POINT('Origin',(40.3690172105259,-18.7086898872852,5.00000000000001));
#3858=CARTESIAN_POINT('',(40.3690172105259,-24.9586898872852,2.50000000000001));
#3859=CARTESIAN_POINT('',(40.3690172105259,-24.9586898872859,9.99200722162641E-15));
#3860=CARTESIAN_POINT('',(40.3690172105259,-24.9586898872852,2.50000000000001));
#3861=CARTESIAN_POINT('Origin',(37.6190509390106,-20.4586898872852,2.50000000000001));
#3862=CARTESIAN_POINT('Origin',(37.6190509390106,-24.9723099287139,2.50000000000001));
#3863=CARTESIAN_POINT('Origin',(37.6190509390106,-24.9723099287139,1.02007552538741E-14));
#3864=CARTESIAN_POINT('',(39.3690509390106,-24.9723099287139,1.03424615106377E-14));
#3865=CARTESIAN_POINT('',(39.3690509390106,-24.9723099287139,1.02007552538741E-14));
#3866=CARTESIAN_POINT('Origin',(37.6190509390106,-24.9723099287139,1.02007552538741E-14));
#3867=CARTESIAN_POINT('Origin',(37.6190509390106,-24.9723099287139,9.99200722162641E-15));
#3868=CARTESIAN_POINT('',(40.3690509390106,-24.9723099287139,1.02146884822549E-14));
#3869=CARTESIAN_POINT('',(40.3690509390106,-24.9723099287139,9.99200722162641E-15));
#3870=CARTESIAN_POINT('Origin',(37.6190509390106,-24.9723099287139,9.99200722162641E-15));
#3871=CARTESIAN_POINT('Origin',(37.6190509390106,-24.9723099287139,9.99200722162641E-15));
#3872=CARTESIAN_POINT('Origin',(31.3475284296003,31.3826700712859,22.));
#3873=CARTESIAN_POINT('',(31.37796562232,28.6327542941252,22.));
#3874=CARTESIAN_POINT('',(31.3475284270208,28.6327542941252,22.));
#3875=CARTESIAN_POINT('Origin',(31.3475284270208,31.3825858484467,22.));
#3876=CARTESIAN_POINT('Origin',(31.3475284270208,31.3825858484467,5.00000000000001));
#3877=CARTESIAN_POINT('',(31.3475284270208,34.1325858484467,5.00000000000001));
#3878=CARTESIAN_POINT('',(31.3475284270208,34.1325858484467,2.50000000000001));
#3879=CARTESIAN_POINT('',(31.3475284270208,34.1325858484467,5.00000000000001));
#3880=CARTESIAN_POINT('Origin',(31.3475284270208,31.3825858484467,2.50000000000001));
#3881=CARTESIAN_POINT('',(31.37796562232,28.6327542941252,5.));
#3882=CARTESIAN_POINT('',(31.37796562232,28.6327542941252,5.));
#3883=CARTESIAN_POINT('Origin',(31.3475284270208,31.3825858484467,5.00000000000001));
#3884=CARTESIAN_POINT('Origin',(37.5975284270208,28.6327542941252,5.00000000000001));
#3885=CARTESIAN_POINT('',(37.5975284270208,28.6327542941252,2.50000000000001));
#3886=CARTESIAN_POINT('',(31.3475284270208,28.6327542941252,2.50000000000001));
#3887=CARTESIAN_POINT('',(37.5975284270208,28.6327542941252,5.00000000000001));
#3888=CARTESIAN_POINT('',(37.5975284270199,28.6327542941252,1.4432899320127E-14));
#3889=CARTESIAN_POINT('',(31.3475284270208,28.6327542941252,5.00000000000001));
#3890=CARTESIAN_POINT('Origin',(31.3475284270208,34.1325858484467,5.00000000000001));
#3891=CARTESIAN_POINT('',(37.5975284270208,34.1325858484467,5.00000000000001));
#3892=CARTESIAN_POINT('',(37.5975284270208,34.1325858484467,5.00000000000001));
#3893=CARTESIAN_POINT('',(37.5975284270208,34.1325858484467,2.50000000000001));
#3894=CARTESIAN_POINT('',(37.5975284270205,34.1325858484467,1.4432899320127E-14));
#3895=CARTESIAN_POINT('',(37.5975284270208,34.1325858484467,2.50000000000001));
#3896=CARTESIAN_POINT('Origin',(33.0975284270208,31.3826700712859,2.50000000000001));
#3897=CARTESIAN_POINT('Origin',(37.6190509390105,31.3826700712859,2.50000000000001));
#3898=CARTESIAN_POINT('Origin',(37.6190509390105,31.3826700712859,1.4432899320127E-14));
#3899=CARTESIAN_POINT('',(39.3690509390105,31.3826700712859,5.00000000000001));
#3900=CARTESIAN_POINT('Origin',(37.6190509390105,31.3826700712859,5.00000000000001));
#3901=CARTESIAN_POINT('',(39.3690509390105,31.3826700712859,1.45746055768906E-14));
#3902=CARTESIAN_POINT('',(39.3690509390105,31.3826700712859,1.4432899320127E-14));
#3903=CARTESIAN_POINT('Origin',(37.6190509390105,31.3826700712859,1.4432899320127E-14));
#3904=CARTESIAN_POINT('Origin',(37.6190509390105,31.3826700712859,1.4432899320127E-14));
#3905=CARTESIAN_POINT('',(40.3690509390105,31.3826700712859,5.00000000000001));
#3906=CARTESIAN_POINT('Origin',(37.6190509390105,31.3826700712859,5.00000000000001));
#3907=CARTESIAN_POINT('',(40.3690509390105,31.3826700712859,1.46555805807556E-14));
#3908=CARTESIAN_POINT('',(40.3690509390105,31.3826700712859,1.4432899320127E-14));
#3909=CARTESIAN_POINT('Origin',(37.6190509390105,31.3826700712859,1.4432899320127E-14));
#3910=CARTESIAN_POINT('Origin',(37.6190509390105,31.3826700712859,5.00000000000001));
#3911=CARTESIAN_POINT('Origin',(37.6190509390105,31.3826700712859,5.00000000000001));
#3912=CARTESIAN_POINT('Origin',(37.6190509390105,31.3826700712859,1.4432899320127E-14));
#3913=CARTESIAN_POINT('Origin',(-22.9848891143841,33.9546548958245,18.));
#3914=CARTESIAN_POINT('Origin',(-22.9848891143841,33.9546548958245,15.));
#3915=CARTESIAN_POINT('',(-32.9674722019962,32.4456885059044,15.));
#3916=CARTESIAN_POINT('',(-27.8950141346556,32.4456598769344,15.));
#3917=CARTESIAN_POINT('Origin',(-30.4312491677796,31.3827004222094,15.));
#3918=CARTESIAN_POINT('',(-30.4312491677796,34.1326397203621,15.));
#3919=CARTESIAN_POINT('Origin',(-30.4312491677796,31.3826397203621,15.));
#3920=CARTESIAN_POINT('',(-30.4455600765636,34.1326397203621,15.));
#3921=CARTESIAN_POINT('',(-30.4312491677796,34.1326397203621,15.));
#3922=CARTESIAN_POINT('',(-31.3161392147935,33.9864171023285,15.));
#3923=CARTESIAN_POINT('Origin',(-30.4312491677796,31.3827004222094,15.));
#3924=CARTESIAN_POINT('',(-16.4363463173896,39.1259823215001,15.));
#3925=CARTESIAN_POINT('',(-16.4363463173896,39.1259823215001,15.));
#3926=CARTESIAN_POINT('',(-14.6407118045875,33.9273578210737,15.));
#3927=CARTESIAN_POINT('Origin',(-15.5385290609885,36.5266700712869,15.));
#3928=CARTESIAN_POINT('',(-29.5334319113785,28.7833274701489,15.));
#3929=CARTESIAN_POINT('',(-29.5334319113785,28.7833274701489,15.));
#3930=CARTESIAN_POINT('Origin',(-30.4312491677796,31.3826397203621,15.));
#3931=CARTESIAN_POINT('Origin',(-16.4363463173896,39.1259823215001,15.));
#3932=CARTESIAN_POINT('',(-31.3290664241806,33.9819519705753,15.));
#3933=CARTESIAN_POINT('',(-23.8826998775719,36.5539693888305,15.));
#3934=CARTESIAN_POINT('',(-31.3290664241806,33.9819519705753,18.));
#3935=CARTESIAN_POINT('',(-31.3290664241806,33.9819519705753,15.));
#3936=CARTESIAN_POINT('',(-16.4363463173896,39.1259823215001,18.));
#3937=CARTESIAN_POINT('',(-16.4363463173896,39.1259823215001,18.));
#3938=CARTESIAN_POINT('',(-16.4363463173896,39.1259823215001,15.));
#3939=CARTESIAN_POINT('Origin',(-15.5385290609885,36.5266700712869,15.));
#3940=CARTESIAN_POINT('',(-16.4363463173896,39.1259823215001,15.));
#3941=CARTESIAN_POINT('',(-14.6407118045875,33.9273578210737,18.));
#3942=CARTESIAN_POINT('Origin',(-15.5385290609885,36.5266700712869,18.));
#3943=CARTESIAN_POINT('',(-14.6407118045875,33.9273578210737,15.));
#3944=CARTESIAN_POINT('Origin',(-29.5334319113785,28.7833274701489,15.));
#3945=CARTESIAN_POINT('',(-29.5334319113785,28.7833274701489,18.));
#3946=CARTESIAN_POINT('',(-29.5334319113785,28.7833274701489,18.));
#3947=CARTESIAN_POINT('',(-29.5334319113785,28.7833274701489,15.));
#3948=CARTESIAN_POINT('Origin',(-30.4312491677796,31.3826397203621,15.));
#3949=CARTESIAN_POINT('Origin',(-30.4312491677796,31.3826397203621,15.));
#3950=CARTESIAN_POINT('Origin',(-30.4312491677796,31.3826397203621,18.));
#3951=CARTESIAN_POINT('Origin',(-22.9848891143841,33.9546548958245,18.));
#3952=CARTESIAN_POINT('Origin',(-30.4312491677796,31.3826818035508,15.));
#3953=CARTESIAN_POINT('Origin',(-30.4312491677796,31.3827004222094,15.));
#3954=CARTESIAN_POINT('Origin',(-30.4312491677796,31.3827004222094,5.00000000000001));
#3955=CARTESIAN_POINT('',(-27.8950141346556,32.4456598769344,5.00000000000001));
#3956=CARTESIAN_POINT('',(-30.4455600765636,34.1326397203621,5.00000000000001));
#3957=CARTESIAN_POINT('Origin',(-30.4312491677796,31.3827004222094,5.00000000000001));
#3958=CARTESIAN_POINT('',(-27.8950141346556,32.4456598769344,5.00000000000001));
#3959=CARTESIAN_POINT('',(-30.4455600765636,34.1326397203621,5.00000000000001));
#3960=CARTESIAN_POINT('Origin',(-36.6683290609895,31.3826700712858,5.00000000000001));
#3961=CARTESIAN_POINT('',(-36.6554089541997,34.1326397203621,5.00000000000001));
#3962=CARTESIAN_POINT('',(-36.6812491677796,34.1326397203621,5.00000000000001));
#3963=CARTESIAN_POINT('',(-36.6554089542321,28.6327004222094,5.00000000000001));
#3964=CARTESIAN_POINT('Origin',(-36.6683290609895,31.3826700712858,5.00000000000001));
#3965=CARTESIAN_POINT('',(-30.4312491677796,28.6327004222094,5.00000000000001));
#3966=CARTESIAN_POINT('',(-30.4312491677796,28.6327004222094,5.00000000000001));
#3967=CARTESIAN_POINT('',(-27.6812491677796,31.3826397203621,5.00000000000001));
#3968=CARTESIAN_POINT('Origin',(-30.4312491677796,31.3827004222094,5.00000000000001));
#3969=CARTESIAN_POINT('Origin',(-30.4312491677796,31.3826397203621,5.00000000000001));
#3970=CARTESIAN_POINT('',(-34.9183290609895,31.3826700712858,5.00000000000001));
#3971=CARTESIAN_POINT('Origin',(-36.6683290609895,31.3826700712858,5.00000000000001));
#3972=CARTESIAN_POINT('Origin',(-30.4312491677796,31.3826397203621,5.00000000000001));
#3973=CARTESIAN_POINT('',(-27.6812491677796,31.3826397203621,2.50000000000001));
#3974=CARTESIAN_POINT('',(-27.6812491677796,31.3826397203621,5.00000000000001));
#3975=CARTESIAN_POINT('',(-30.4312491677796,34.1326397203621,2.50000000000001));
#3976=CARTESIAN_POINT('Origin',(-30.4312491677796,31.3826397203621,2.50000000000001));
#3977=CARTESIAN_POINT('',(-30.4312491677796,34.1326397203621,5.00000000000001));
#3978=CARTESIAN_POINT('Origin',(-36.6554089541997,34.1326397203621,5.00000000000001));
#3979=CARTESIAN_POINT('',(-36.6554089541997,34.1326397203621,2.50000000000001));
#3980=CARTESIAN_POINT('',(-36.6812491677796,34.1326397203621,2.50000000000001));
#3981=CARTESIAN_POINT('',(-36.6554089541998,34.1326397203621,7.7715611723761E-15));
#3982=CARTESIAN_POINT('Origin',(-30.4312491677796,28.6327004222094,5.00000000000001));
#3983=CARTESIAN_POINT('',(-36.6554089542321,28.6327004222094,2.50000000000001));
#3984=CARTESIAN_POINT('',(-36.6554089542319,28.6327004222094,7.7715611723761E-15));
#3985=CARTESIAN_POINT('',(-30.4312491677796,28.6327004222094,2.50000000000001));
#3986=CARTESIAN_POINT('',(-30.4312491677796,28.6327004222094,2.50000000000001));
#3987=CARTESIAN_POINT('',(-30.4312491677796,28.6327004222094,5.00000000000001));
#3988=CARTESIAN_POINT('Origin',(-30.4312491677796,31.3827004222094,5.00000000000001));
#3989=CARTESIAN_POINT('Origin',(-30.4312491677796,31.3827004222094,2.50000000000001));
#3990=CARTESIAN_POINT('Origin',(-32.1683290610058,31.3826700712858,2.50000000000001));
#3991=CARTESIAN_POINT('',(-33.9183290609895,31.3826700712858,2.50000000000001));
#3992=CARTESIAN_POINT('Origin',(-36.6683290609895,31.3826700712858,2.50000000000001));
#3993=CARTESIAN_POINT('Origin',(-36.6683290609895,31.3826700712858,2.50000000000001));
#3994=CARTESIAN_POINT('Origin',(-36.6683290609895,31.3826700712858,7.7715611723761E-15));
#3995=CARTESIAN_POINT('',(-33.9183290609895,31.3826700712858,7.99424243300461E-15));
#3996=CARTESIAN_POINT('',(-33.9183290609895,31.3826700712858,7.7715611723761E-15));
#3997=CARTESIAN_POINT('Origin',(-36.6683290609895,31.3826700712858,7.7715611723761E-15));
#3998=CARTESIAN_POINT('Origin',(-36.6683290609895,31.3826700712858,7.7715611723761E-15));
#3999=CARTESIAN_POINT('',(-34.9183290609895,31.3826700712858,7.9132674291397E-15));
#4000=CARTESIAN_POINT('',(-34.9183290609895,31.3826700712858,7.7715611723761E-15));
#4001=CARTESIAN_POINT('Origin',(-36.6683290609895,31.3826700712858,7.7715611723761E-15));
#4002=CARTESIAN_POINT('Origin',(-36.6683290609895,31.3826700712858,7.7715611723761E-15));
#4003=UNCERTAINTY_MEASURE_WITH_UNIT(LENGTH_MEASURE(0.01),#4007,
'DISTANCE_ACCURACY_VALUE',
'Maximum model space distance between geometric entities at asserted c
onnectivities');
#4004=UNCERTAINTY_MEASURE_WITH_UNIT(LENGTH_MEASURE(0.01),#4007,
'DISTANCE_ACCURACY_VALUE',
'Maximum model space distance between geometric entities at asserted c
onnectivities');
#4005=(
GEOMETRIC_REPRESENTATION_CONTEXT(3)
GLOBAL_UNCERTAINTY_ASSIGNED_CONTEXT((#4003))
GLOBAL_UNIT_ASSIGNED_CONTEXT((#4007,#4009,#4010))
REPRESENTATION_CONTEXT('','3D')
);
#4006=(
GEOMETRIC_REPRESENTATION_CONTEXT(3)
GLOBAL_UNCERTAINTY_ASSIGNED_CONTEXT((#4004))
GLOBAL_UNIT_ASSIGNED_CONTEXT((#4007,#4009,#4010))
REPRESENTATION_CONTEXT('','3D')
);
#4007=(
LENGTH_UNIT()
NAMED_UNIT(*)
SI_UNIT(.MILLI.,.METRE.)
);
#4008=(
LENGTH_UNIT()
NAMED_UNIT(*)
SI_UNIT($,.METRE.)
);
#4009=(
NAMED_UNIT(*)
PLANE_ANGLE_UNIT()
SI_UNIT($,.RADIAN.)
);
#4010=(
NAMED_UNIT(*)
SI_UNIT($,.STERADIAN.)
SOLID_ANGLE_UNIT()
);
#4011=SHAPE_DEFINITION_REPRESENTATION(#4012,#4013);
#4012=PRODUCT_DEFINITION_SHAPE('',$,#4015);
#4013=SHAPE_REPRESENTATION('',(#2362),#4005);
#4014=PRODUCT_DEFINITION_CONTEXT('part definition',#4019,'design');
#4015=PRODUCT_DEFINITION('2026-08-23-13-18-47-566','MY-CAM Holder',#4016,
#4014);
#4016=PRODUCT_DEFINITION_FORMATION('',$,#4021);
#4017=PRODUCT_RELATED_PRODUCT_CATEGORY('MY-CAM Holder','MY-CAM Holder',
(#4021));
#4018=APPLICATION_PROTOCOL_DEFINITION('international standard',
'automotive_design',2009,#4019);
#4019=APPLICATION_CONTEXT(
'Core Data for Automotive Mechanical Design Process');
#4020=PRODUCT_CONTEXT('part definition',#4019,'mechanical');
#4021=PRODUCT('2026-08-23-13-18-47-566','MY-CAM Holder',$,(#4020));
#4022=PRESENTATION_STYLE_ASSIGNMENT((#4023));
#4023=SURFACE_STYLE_USAGE(.BOTH.,#4024);
#4024=SURFACE_SIDE_STYLE('',(#4025));
#4025=SURFACE_STYLE_FILL_AREA(#4026);
#4026=FILL_AREA_STYLE('Steel - Satin',(#4027));
#4027=FILL_AREA_STYLE_COLOUR('Steel - Satin',#4028);
#4028=COLOUR_RGB('Steel - Satin',0.627450980392157,0.627450980392157,0.627450980392157);
ENDSEC;
END-ISO-10303-21;
