solid "bust_1"
  facet normal -0.685989975929 -0.707107543945 -0.171512886882
    outer loop
      vertex 29.449514389 35.4703178406 18
      vertex 27.9755916595 29.5751571655 18
      vertex 28.6286029816 35.8974533081 18.8999996185
    endloop
  endfacet
  facet normal 0 -1 0
    outer loop
      vertex 19.8581180573 -9.46334934235 22
      vertex 20.7114715576 -6.77236795425 22
      vertex 21.0732421875 -6.92221879959 22
    endloop
  endfacet
  facet normal 0.382683634758 0 -0.923879444599
    outer loop
      vertex 20.7114715576 -6.77236795425 22.5000019073
      vertex 21.0129470825 -6.89724302292 22.5000019073
      vertex 20.7114715576 -6.77236795425 22
    endloop
  endfacet
  facet normal 0 -1 0
    outer loop
      vertex 29.449514389 35.4703178406 18
      vertex 32.2945976257 33.9643592834 18
      vertex 31.9568710327 34.0642280579 18
    endloop
  endfacet
  facet normal 0 -1 0
    outer loop
      vertex 29.449514389 35.4703178406 18
      vertex 31.9568710327 34.0642280579 18
      vertex 31.6091480255 34.1201133728 18
    endloop
  endfacet
  facet normal 0 -1 0
    outer loop
      vertex 31.6091480255 34.1201133728 18
      vertex 31.2571353912 34.1310997009 18
      vertex 29.449514389 35.4703178406 18
    endloop
  endfacet
  facet normal 0 -1 0
    outer loop
      vertex 29.449514389 35.4703178406 18
      vertex 31.2571353912 34.1310997009 18
      vertex 30.9066028595 34.0970077515 18
    endloop
  endfacet
  facet normal 0 -1 0
    outer loop
      vertex 29.449514389 35.4703178406 18
      vertex 30.9066028595 34.0970077515 18
      vertex 30.5633049011 34.0183944702 18
    endloop
  endfacet
  facet normal -0 -1 0
    outer loop
      vertex 30.5633049011 34.0183944702 18
      vertex 30.2328681946 33.8965530396 18
      vertex 29.449514389 35.4703178406 18
    endloop
  endfacet
  facet normal 0 -1 0
    outer loop
      vertex 29.449514389 35.4703178406 18
      vertex 30.2328681946 33.8965530396 18
      vertex 29.9207115173 33.7334785461 18
    endloop
  endfacet
  facet normal 0 -1 0
    outer loop
      vertex 29.449514389 35.4703178406 18
      vertex 29.9207115173 33.7334785461 18
      vertex 29.6319580078 33.5318450928 18
    endloop
  endfacet
  facet normal -0 -1 0
    outer loop
      vertex 29.6319580078 33.5318450928 18
      vertex 29.3713417053 33.2949638367 18
      vertex 29.449514389 35.4703178406 18
    endloop
  endfacet
  facet normal 0 -1 0
    outer loop
      vertex 29.449514389 35.4703178406 18
      vertex 29.3713417053 33.2949638367 18
      vertex 29.1431388855 33.026714325 18
    endloop
  endfacet
  facet normal 0 -1 0
    outer loop
      vertex 29.449514389 35.4703178406 18
      vertex 29.1431388855 33.026714325 18
      vertex 28.9510879517 32.731502533 18
    endloop
  endfacet
  facet normal -0 -1 -0
    outer loop
      vertex 28.9510879517 32.731502533 18
      vertex 28.7983436584 32.4141654968 18
      vertex 29.449514389 35.4703178406 18
    endloop
  endfacet
  facet normal 0 -1 0
    outer loop
      vertex 29.449514389 35.4703178406 18
      vertex 28.7983436584 32.4141654968 18
      vertex 28.6874084473 32.0799102783 18
    endloop
  endfacet
  facet normal -0.949092745781 -0.00124428234994 -0.314994335175
    outer loop
      vertex 28.6661891937 31.9932613373 12.25
      vertex 28.6874084473 32.0799102783 18
      vertex 28.7983436584 32.4141654968 18
    endloop
  endfacet
  facet normal -0.944122195244 -0.00242668390274 -0.329586625099
    outer loop
      vertex 28.6661891937 31.9932613373 12.25
      vertex 28.7983436584 32.4141654968 18
      vertex 28.8686733246 32.5732917786 12.25
    endloop
  endfacet
  facet normal -0.944124221802 0.00130889145657 -0.329587310553
    outer loop
      vertex 28.8686733246 32.5732917786 12.25
      vertex 28.8069076538 32.4350814819 2.5
      vertex 28.6661891937 31.9932613373 12.25
    endloop
  endfacet
  facet normal -0.956926345825 -0.000654816220049 -0.290330082178
    outer loop
      vertex 28.6661891937 31.9932613373 12.25
      vertex 28.8069076538 32.4350814819 2.5
      vertex 28.6504001617 31.9192295074 2.5
    endloop
  endfacet
  facet normal -0.992971301079 0.000709380779881 -0.118353396654
    outer loop
      vertex 28.5975284576 31.3827514648 18
      vertex 28.6661891937 31.9932613373 12.25
      vertex 28.6504001617 31.9192295074 2.5
    endloop
  endfacet
  facet normal -0.995178997517 -0 -0.0980754196644
    outer loop
      vertex 28.5975284576 31.3827514648 18
      vertex 28.6504001617 31.9192295074 2.5
      vertex 28.5975284576 31.3827514648 2.5
    endloop
  endfacet
  facet normal -0.995869278908 0 0.0907983630896
    outer loop
      vertex 28.5975284576 31.3827514648 2.5
      vertex 28.6428718567 30.8854312897 18
      vertex 28.5975284576 31.3827514648 18
    endloop
  endfacet
  facet normal 0 -1 0
    outer loop
      vertex 28.5975284576 31.3827514648 18
      vertex 28.6428718567 30.8854312897 18
      vertex 27.9755916595 29.5751571655 18
    endloop
  endfacet
  facet normal 0 -1 0
    outer loop
      vertex 27.9755916595 29.5751571655 18
      vertex 28.6201019287 31.7342147827 18
      vertex 28.5975284576 31.3827514648 18
    endloop
  endfacet
  facet normal 0 -1 0
    outer loop
      vertex 27.9755916595 29.5751571655 18
      vertex 28.6874084473 32.0799102783 18
      vertex 28.6201019287 31.7342147827 18
    endloop
  endfacet
  facet normal 0 -1 0
    outer loop
      vertex 27.9755916595 29.5751571655 18
      vertex 28.6428718567 30.8854312897 18
      vertex 28.7774047852 30.4045066833 18
    endloop
  endfacet
  facet normal 0 -1 0
    outer loop
      vertex 27.9755916595 29.5751571655 18
      vertex 28.7774047852 30.4045066833 18
      vertex 28.5557231903 29.5599212646 18
    endloop
  endfacet
  facet normal -0.0262536518276 0.00172941060737 0.999653816223
    outer loop
      vertex 28.0632572174 29.5797748566 22
      vertex 27.9755916595 29.5751571655 18
      vertex 28.5557231903 29.5599212646 18
    endloop
  endfacet
  facet normal -0.049627289176 -0.00115267408546 0.998767137527
    outer loop
      vertex 28.0632572174 29.5797748566 22
      vertex 28.5557231903 29.5599212646 18
      vertex 28.6137657166 29.5524215698 22
    endloop
  endfacet
  facet normal 0.382683902979 -1.89921692595e-07 -0.92387932539
    outer loop
      vertex 21.0732421875 -6.92221879959 22
      vertex 20.7114715576 -6.77236795425 22
      vertex 21.0129470825 -6.89724302292 22.5000019073
    endloop
  endfacet
  facet normal 0.608758330345 0 -0.793355703354
    outer loop
      vertex 20.7114715576 -6.77236795425 22
      vertex 20.6596946716 -6.73263788223 22.5000019073
      vertex 20.7114715576 -6.77236795425 22.5000019073
    endloop
  endfacet
  facet normal -0.057157240808 0 0.998365163803
    outer loop
      vertex 18.8879699707 -9.40780544281 22
      vertex 19.0496616364 -9.4170627594 22.5000019073
      vertex 18.8879699707 -9.40780544281 22.5000019073
    endloop
  endfacet
  facet normal -0.0571605265141 0 0.998364984989
    outer loop
      vertex 19.8581180573 -9.46334934235 22.5000019073
      vertex 19.0496616364 -9.4170627594 22.5000019073
      vertex 19.8581180573 -9.46334934235 22
    endloop
  endfacet
  facet normal -0.0571599788964 8.88781073627e-07 0.998365044594
    outer loop
      vertex 18.8879699707 -9.40780544281 22
      vertex 19.8581180573 -9.46334934235 22
      vertex 19.0496616364 -9.4170627594 22.5000019073
    endloop
  endfacet
  facet normal 0 -1 0
    outer loop
      vertex 18.8879699707 -9.40780544281 22
      vertex 20.4008102417 -6.53398990631 22
      vertex 19.8581180573 -9.46334934235 22
    endloop
  endfacet
  facet normal 0 -1 0
    outer loop
      vertex 18.8879699707 -9.40780544281 22
      vertex 20.1624336243 -6.2233300209 22
      vertex 20.4008102417 -6.53398990631 22
    endloop
  endfacet
  facet normal 0 -1 0
    outer loop
      vertex 18.3832511902 -9.40780544281 22
      vertex 20.1624336243 -6.2233300209 22
      vertex 18.8879699707 -9.40780544281 22
    endloop
  endfacet
  facet normal 0 -0 1
    outer loop
      vertex 18.3832511902 -9.40780544281 22
      vertex 18.8879699707 -9.40780544281 22
      vertex 13.3832492828 -9.40780544281 22.5
    endloop
  endfacet
  facet normal 0 0 1
    outer loop
      vertex 13.3832492828 -9.40780544281 22.5
      vertex 15.9018335342 -9.40780544281 19.5185832977
      vertex 18.3832511902 -9.40780544281 22
    endloop
  endfacet
  facet normal 0.217925995588 2.92770328087e-05 0.975965321064
    outer loop
      vertex 27.4881420135 29.5037384033 22
      vertex 27.4736785889 29.5004024506 18.4687919617
      vertex 27.5164966583 29.5100688934 22
    endloop
  endfacet
  facet normal 0.148148953915 0.000910942268092 0.988964617252
    outer loop
      vertex 27.5164966583 29.5100688934 22
      vertex 27.4736785889 29.5004024506 18.4687919617
      vertex 27.9755916595 29.5751571655 18
    endloop
  endfacet
  facet normal 0.70710670948 -0.707106888294 -2.96919458726e-17
    outer loop
      vertex 15.9018335342 -9.40780544281 19.5185832977
      vertex 18.3832511902 -0.17284193635 22
      vertex 18.3832511902 -9.40780544281 22
    endloop
  endfacet
  facet normal 0.70710670948 -0.707106888294 3.40975636615e-10
    outer loop
      vertex 15.9018335342 -9.40780544281 19.5185832977
      vertex 15.8832502365 -0.17284193635 19.5
      vertex 18.3832511902 -0.17284193635 22
    endloop
  endfacet
  facet normal -1.80687891316e-06 1 -1.28276001266e-23
    outer loop
      vertex 13.3832521439 10.1504526138 22.5000019073
      vertex 12.0570278168 25.7418231964 22.5
      vertex 12.0570278168 2.69435334206 22.5
    endloop
  endfacet
  facet normal -0 0 1
    outer loop
      vertex 15.8832502365 10.1504526138 22.5000019073
      vertex 18.3832511902 10.1504526138 22
      vertex 17.966583252 10.1504526138 22.5000019073
    endloop
  endfacet
  facet normal 0.793364584446 0 -0.608746767044
    outer loop
      vertex 20.4008102417 35.4660110474 22
      vertex 20.361082077 35.5177879333 22.5000019073
      vertex 20.4008102417 35.4660110474 22.5000019073
    endloop
  endfacet
  facet normal 0.608759582043 0 -0.79335474968
    outer loop
      vertex 20.4008102417 35.4660110474 22.5000019073
      vertex 20.6596946716 35.2673606873 22.5000019073
      vertex 20.4008102417 35.4660110474 22
    endloop
  endfacet
  facet normal 0.608761310577 -1.41486316352e-06 -0.793353438377
    outer loop
      vertex 20.7114715576 35.2276306152 22
      vertex 20.4008102417 35.4660110474 22
      vertex 20.6596946716 35.2673606873 22.5000019073
    endloop
  endfacet
  facet normal 0.382683634758 0 -0.923879444599
    outer loop
      vertex 20.7114715576 35.2276306152 22.5000019073
      vertex 21.0129470825 35.1027565002 22.5000019073
      vertex 20.7114715576 35.2276306152 22
    endloop
  endfacet
  facet normal 0.382681310177 1.65499409377e-06 -0.923880398273
    outer loop
      vertex 21.0732421875 35.0777816772 22
      vertex 20.7114715576 35.2276306152 22
      vertex 21.0129470825 35.1027565002 22.5000019073
    endloop
  endfacet
  facet normal 0 -1 0
    outer loop
      vertex 25.135137558 26.572435379 22
      vertex 21.0732421875 35.0777816772 22
      vertex 21.4614715576 35.0266685486 22
    endloop
  endfacet
  facet normal 0 -1 0
    outer loop
      vertex 24.635137558 10.1504526138 22
      vertex 25.135137558 26.572435379 22
      vertex 25.135137558 10.6504526138 22
    endloop
  endfacet
  facet normal 0.130512207747 -0 0.99144667387
    outer loop
      vertex 24.635137558 10.1504526138 22
      vertex 24.6567058563 10.1532917023 22.5000019073
      vertex 24.635137558 10.1504526138 22.5000019073
    endloop
  endfacet
  facet normal -0.130530491471 0 -0.991444289684
    outer loop
      vertex 21.8496990204 35.0777816772 22
      vertex 21.784992218 35.0692634583 22.5000019073
      vertex 21.8496990204 35.0777816772 22.5000019073
    endloop
  endfacet
  facet normal -0.382681041956 -0 -0.923880517483
    outer loop
      vertex 21.8496990204 35.0777816772 22.5000019073
      vertex 22.1511745453 35.2026557922 22.5000019073
      vertex 21.8496990204 35.0777816772 22
    endloop
  endfacet
  facet normal -0.382679134607 -1.3493164488e-06 -0.923881292343
    outer loop
      vertex 22.2114715576 35.2276306152 22
      vertex 21.8496990204 35.0777816772 22
      vertex 22.1511745453 35.2026557922 22.5000019073
    endloop
  endfacet
  facet normal 0 -1 0
    outer loop
      vertex 25.1929016113 27.1583023071 22
      vertex 22.2114715576 35.2276306152 22
      vertex 22.5221309662 35.4660110474 22
    endloop
  endfacet
  facet normal 0.956852018833 0.000798372318968 0.290574461222
    outer loop
      vertex 25.1929016113 27.1583023071 22
      vertex 25.3363018036 27.6318912506 22.5000019073
      vertex 25.1937503815 27.1624698639 22.5000019073
    endloop
  endfacet
  facet normal 0.956851780415 0.000799211848062 0.290575295687
    outer loop
      vertex 25.1929016113 27.1583023071 22
      vertex 25.3639659882 27.7216091156 22
      vertex 25.3363018036 27.6318912506 22.5000019073
    endloop
  endfacet
  facet normal 0.953068077564 -0.00159505789634 0.302751928568
    outer loop
      vertex 25.3639659882 27.7216091156 22
      vertex 25.3672885895 27.7294387817 22.5000019073
      vertex 25.3363018036 27.6318912506 22.5000019073
    endloop
  endfacet
  facet normal -0.793346881866 0 -0.608769893646
    outer loop
      vertex 22.7605113983 35.7766685486 22
      vertex 22.7207794189 35.7248916626 22.5000019073
      vertex 22.7605113983 35.7766685486 22.5000019073
    endloop
  endfacet
  facet normal -0.923881590366 -0 -0.382678449154
    outer loop
      vertex 22.7605113983 35.7766685486 22.5000019073
      vertex 22.8853855133 36.0781478882 22.5000019073
      vertex 22.7605113983 35.7766685486 22
    endloop
  endfacet
  facet normal -0.923882186413 1.04364221443e-06 -0.38267698884
    outer loop
      vertex 22.9103603363 36.1384429932 22
      vertex 22.7605113983 35.7766685486 22
      vertex 22.8853855133 36.0781478882 22.5000019073
    endloop
  endfacet
  facet normal 0 -1 0
    outer loop
      vertex 25.135137558 37.715171814 22
      vertex 22.9103603363 36.1384429932 22
      vertex 22.9614715576 36.5266685486 22
    endloop
  endfacet
  facet normal -0 -1 0
    outer loop
      vertex 26.0155391693 28.6954746246 22
      vertex 25.6417446136 28.2406616211 22
      vertex 25.135137558 37.715171814 22
    endloop
  endfacet
  facet normal 0 -1 0
    outer loop
      vertex 25.135137558 37.715171814 22
      vertex 26.4709568024 29.0685310364 22
      vertex 26.0155391693 28.6954746246 22
    endloop
  endfacet
  facet normal 0.633683741093 0.00276433560066 0.773587286472
    outer loop
      vertex 26.0155391693 28.6954746246 22
      vertex 26.4072914124 29.0181655884 22.5000019073
      vertex 26.0277767181 28.7072849274 22.5000019073
    endloop
  endfacet
  facet normal 0.633684813976 0.00276294141077 0.773586452007
    outer loop
      vertex 26.0155391693 28.6954746246 22
      vertex 26.4709568024 29.0685310364 22
      vertex 26.4072914124 29.0181655884 22.5000019073
    endloop
  endfacet
  facet normal 0.603620111942 -0.00345034804195 0.797264575958
    outer loop
      vertex 26.4709568024 29.0685310364 22
      vertex 26.4888935089 29.0799484253 22.5000019073
      vertex 26.4072914124 29.0181655884 22.5000019073
    endloop
  endfacet
  facet normal 0.299681305885 0.00314271007665 0.954034209251
    outer loop
      vertex 26.9904613495 29.3454685211 22
      vertex 27.4293613434 29.4849815369 22.5000019073
      vertex 27.0142841339 29.3545970917 22.5000019073
    endloop
  endfacet
  facet normal 0.299681067467 0.00314296339639 0.954034268856
    outer loop
      vertex 26.9904613495 29.3454685211 22
      vertex 27.4885559082 29.5019283295 22
      vertex 27.4293613434 29.4849815369 22.5000019073
    endloop
  endfacet
  facet normal 0.47040900588 0.00327309919521 0.882442414761
    outer loop
      vertex 26.4709568024 29.0685310364 22
      vertex 26.9218120575 29.3107261658 22.5000019073
      vertex 26.4888935089 29.0799484253 22.5000019073
    endloop
  endfacet
  facet normal 0.470410138369 0.00327177462168 0.882441818714
    outer loop
      vertex 26.4709568024 29.0685310364 22
      vertex 26.9904613495 29.3454685211 22
      vertex 26.9218120575 29.3107261658 22.5000019073
    endloop
  endfacet
  facet normal 0.428637504578 -0.00392455095425 0.90346801281
    outer loop
      vertex 26.9904613495 29.3454685211 22
      vertex 27.0142841339 29.3545970917 22.5000019073
      vertex 26.9218120575 29.3107261658 22.5000019073
    endloop
  endfacet
  facet normal -0.923885285854 0 -0.382669597864
    outer loop
      vertex 22.9103603363 36.1384429932 22
      vertex 22.8853855133 36.0781478882 22.5000019073
      vertex 22.9103603363 36.1384429932 22.5000019073
    endloop
  endfacet
  facet normal -0.991444885731 -0 -0.130526125431
    outer loop
      vertex 22.9103603363 36.1384429932 22.5000019073
      vertex 22.9529514313 36.4619636536 22.5000019073
      vertex 22.9103603363 36.1384429932 22
    endloop
  endfacet
  facet normal -0.991444766521 -4.79154437016e-07 -0.130526855588
    outer loop
      vertex 22.9614715576 36.5266685486 22
      vertex 22.9103603363 36.1384429932 22
      vertex 22.9529514313 36.4619636536 22.5000019073
    endloop
  endfacet
  facet normal -0.991444289684 0 0.130530491471
    outer loop
      vertex 22.9103603363 36.9148979187 22
      vertex 22.9188785553 36.8501930237 22.5000019073
      vertex 22.9103603363 36.9148979187 22.5000019073
    endloop
  endfacet
  facet normal 0 -1 0
    outer loop
      vertex 23.1914424896 40.3038444519 22
      vertex 22.9103603363 36.9148979187 22
      vertex 22.7605113983 37.2766685486 22
    endloop
  endfacet
  facet normal -0 -1 0
    outer loop
      vertex 23.7198486328 40.1189460754 22
      vertex 22.9103603363 36.9148979187 22
      vertex 23.1914424896 40.3038444519 22
    endloop
  endfacet
  facet normal 0.330285221338 0 -0.94388115406
    outer loop
      vertex 23.7198486328 40.1189460754 22
      vertex 23.6317806244 40.1497650146 22.5000019073
      vertex 23.7198486328 40.1189460754 22.5000019073
    endloop
  endfacet
  facet normal 0.532030344009 0 -0.846725285053
    outer loop
      vertex 23.7198486328 40.1189460754 22.5000019073
      vertex 24.1148605347 39.8707466125 22.5000019073
      vertex 23.7198486328 40.1189460754 22
    endloop
  endfacet
  facet normal 0.532030105591 2.51369613125e-07 -0.846725404263
    outer loop
      vertex 24.193862915 39.821105957 22
      vertex 23.7198486328 40.1189460754 22
      vertex 24.1148605347 39.8707466125 22.5000019073
    endloop
  endfacet
  facet normal 0.532028973103 0 -0.846726119518
    outer loop
      vertex 24.193862915 39.821105957 22
      vertex 24.1148605347 39.8707466125 22.5000019073
      vertex 24.193862915 39.821105957 22.5000019073
    endloop
  endfacet
  facet normal 0.707106769085 0 -0.707106769085
    outer loop
      vertex 24.193862915 39.821105957 22.5000019073
      vertex 24.5237407684 39.4912261963 22.5000019073
      vertex 24.193862915 39.821105957 22
    endloop
  endfacet
  facet normal 0.70710670948 -0.707106888294 0
    outer loop
      vertex 18.3832511902 40.3665237427 22
      vertex 15.8832502365 10.1504526138 19.5
      vertex 15.8832502365 40.3665237427 19.5
    endloop
  endfacet
  facet normal 0 -1 0
    outer loop
      vertex 12.0570278168 25.7418231964 19.5
      vertex 15.8832502365 40.3665237427 19.5
      vertex 15.8832502365 10.1504526138 19.5
    endloop
  endfacet
  facet normal 0 -1 0
    outer loop
      vertex 12.0570278168 25.7418231964 19.5
      vertex 15.8832502365 10.1504526138 19.5
      vertex 12.0570278168 2.69435334206 19.5
    endloop
  endfacet
  facet normal -1 0 0
    outer loop
      vertex 12.0570278168 2.69435334206 19.5
      vertex 12.0570278168 25.7418231964 22.5
      vertex 12.0570278168 25.7418231964 19.5
    endloop
  endfacet
  facet normal 0 0 1
    outer loop
      vertex 12.0570278168 25.7418231964 22.5
      vertex -6.44743061066 25.7418231964 22.5
      vertex 12.0570278168 25.7418231964 19.5
    endloop
  endfacet
  facet normal 0 0 1
    outer loop
      vertex 12.0570278168 25.7418231964 19.5
      vertex -6.44743061066 25.7418231964 22.5
      vertex -6.44743061066 25.7418231964 19.5
    endloop
  endfacet
  facet normal 1 0 -0
    outer loop
      vertex -6.44743061066 25.7418231964 22.5
      vertex -6.44743061066 2.69435334206 22.5
      vertex -6.44743061066 25.7418231964 19.5
    endloop
  endfacet
  facet normal 1 0 0
    outer loop
      vertex -6.44743061066 25.7418231964 19.5
      vertex -6.44743061066 2.69435334206 22.5
      vertex -6.44743061066 2.69435334206 19.5
    endloop
  endfacet
  facet normal 0 -1 -0
    outer loop
      vertex -6.44743061066 2.69435334206 19.5
      vertex -7.63703107834 14.055226326 19.5
      vertex -6.44743061066 25.7418231964 19.5
    endloop
  endfacet
  facet normal 0 -1 0
    outer loop
      vertex -6.44743061066 25.7418231964 19.5
      vertex -7.63703107834 14.055226326 19.5
      vertex -7.63703107834 24.51263237 19.5
    endloop
  endfacet
  facet normal 0 -1 0
    outer loop
      vertex -13.2843418121 34.9515075684 19.5
      vertex -6.44743061066 25.7418231964 19.5
      vertex -7.63703107834 24.51263237 19.5
    endloop
  endfacet
  facet normal 0 -1 0
    outer loop
      vertex -13.2843418121 34.9515075684 19.5
      vertex -7.63703107834 24.51263237 19.5
      vertex -13.6610965729 34.5172538757 19.5
    endloop
  endfacet
  facet normal 0.755342125893 -0 0.655330657959
    outer loop
      vertex -13.2843418121 34.9515075684 15
      vertex -13.2843418121 34.9515075684 19.5
      vertex -13.6610965729 34.5172538757 19.5
    endloop
  endfacet
  facet normal 0.755342125893 0 0.655330657959
    outer loop
      vertex -13.2843418121 34.9515075684 15
      vertex -13.6610965729 34.5172538757 19.5
      vertex -13.6610965729 34.5172538757 15
    endloop
  endfacet
  facet normal 0 -1 0
    outer loop
      vertex -14.640712738 33.92735672 15
      vertex -13.2843418121 34.9515075684 15
      vertex -13.6610965729 34.5172538757 15
    endloop
  endfacet
  facet normal 0 -1 0
    outer loop
      vertex -13.6610965729 34.5172538757 15
      vertex -14.1199035645 34.1708259583 15
      vertex -14.640712738 33.92735672 15
    endloop
  endfacet
  facet normal 0.423492223024 0 0.905899763107
    outer loop
      vertex -14.1199035645 34.1708259583 15
      vertex -14.640712738 33.92735672 19.5
      vertex -14.640712738 33.92735672 15
    endloop
  endfacet
  facet normal 0.326478123665 7.58639566729e-17 0.945204734802
    outer loop
      vertex -19.4404449463 32.2695045471 18
      vertex -14.640712738 33.92735672 15
      vertex -14.640712738 33.92735672 19.5
    endloop
  endfacet
  facet normal 0.326478123665 0 0.945204734802
    outer loop
      vertex -14.640712738 33.92735672 19.5
      vertex -19.4404449463 32.2695045471 19.5
      vertex -19.4404449463 32.2695045471 18
    endloop
  endfacet
  facet normal 0.707106769085 0 -0.707106769085
    outer loop
      vertex 24.589717865 39.4252510071 22
      vertex 24.193862915 39.821105957 22
      vertex 24.5237407684 39.4912261963 22.5000019073
    endloop
  endfacet
  facet normal 0.846726715565 0 -0.532028079033
    outer loop
      vertex 24.589717865 39.4252510071 22.5000019073
      vertex 24.8379192352 39.0302352905 22.5000019073
      vertex 24.589717865 39.4252510071 22
    endloop
  endfacet
  facet normal 0 1 -0
    outer loop
      vertex -19.4404449463 38.0883483887 18
      vertex -31.3290672302 33.9819526672 18
      vertex -19.4404449463 32.2695045471 18
    endloop
  endfacet
  facet normal 0 1 0
    outer loop
      vertex -19.4404449463 32.2695045471 18
      vertex -31.3290672302 33.9819526672 18
      vertex -29.5334320068 28.78332901 18
    endloop
  endfacet
  facet normal 0.326479196548 0 0.945204377174
    outer loop
      vertex -29.5334320068 28.78332901 18
      vertex -29.5334320068 28.78332901 15
      vertex -19.4404449463 32.2695045471 18
    endloop
  endfacet
  facet normal 0.257751375437 -0 0.966211259365
    outer loop
      vertex -29.5334320068 28.78332901 15
      vertex -29.5334320068 28.78332901 18
      vertex -29.9151077271 28.6815109253 15
    endloop
  endfacet
  facet normal 0 -1 -0
    outer loop
      vertex -29.9151077271 28.6815109253 15
      vertex -29.9151248932 28.6815929413 15
      vertex -29.5334320068 28.78332901 15
    endloop
  endfacet
  facet normal -0 -1 0
    outer loop
      vertex -29.5334320068 28.78332901 15
      vertex -29.9151248932 28.6815929413 15
      vertex -29.5334587097 28.7834014893 15
    endloop
  endfacet
  facet normal 0 -1 -0
    outer loop
      vertex -29.5334320068 28.78332901 15
      vertex -29.5334587097 28.7834014893 15
      vertex -29.0245742798 29.0197296143 15
    endloop
  endfacet
  facet normal 0 -1 0
    outer loop
      vertex -29.5334320068 28.78332901 15
      vertex -29.0245742798 29.0197296143 15
      vertex -14.640712738 33.92735672 15
    endloop
  endfacet
  facet normal 0 -1 0
    outer loop
      vertex -14.640712738 33.92735672 15
      vertex -29.0245742798 29.0197296143 15
      vertex -28.5742473602 29.3544197083 15
    endloop
  endfacet
  facet normal 0 -1 0
    outer loop
      vertex -14.640712738 33.92735672 15
      vertex -28.5742473602 29.3544197083 15
      vertex -28.2012252808 29.7735500336 15
    endloop
  endfacet
  facet normal 0 -1 0
    outer loop
      vertex -28.2012252808 29.7735500336 15
      vertex -27.921037674 30.2596645355 15
      vertex -14.640712738 33.92735672 15
    endloop
  endfacet
  facet normal 0 -1 0
    outer loop
      vertex -14.640712738 33.92735672 15
      vertex -27.921037674 30.2596645355 15
      vertex -27.7453460693 30.7925319672 15
    endloop
  endfacet
  facet normal 0 -1 0
    outer loop
      vertex -14.640712738 33.92735672 15
      vertex -27.7453460693 30.7925319672 15
      vertex -27.6814670563 31.3499660492 15
    endloop
  endfacet
  facet normal 0 -1 -0
    outer loop
      vertex -27.6814670563 31.3499660492 15
      vertex -27.7320594788 31.9087619781 15
      vertex -14.640712738 33.92735672 15
    endloop
  endfacet
  facet normal 0 -1 0
    outer loop
      vertex -14.640712738 33.92735672 15
      vertex -27.7320594788 31.9087619781 15
      vertex -27.8950138092 32.4456596375 15
    endloop
  endfacet
  facet normal 0 -1 0
    outer loop
      vertex -14.640712738 33.92735672 15
      vertex -27.8950138092 32.4456596375 15
      vertex -28.1500606537 32.9184341431 15
    endloop
  endfacet
  facet normal 0 -1 -0
    outer loop
      vertex -28.1500606537 32.9184341431 15
      vertex -28.4921474457 33.332611084 15
      vertex -14.640712738 33.92735672 15
    endloop
  endfacet
  facet normal 0 -1 0
    outer loop
      vertex -14.640712738 33.92735672 15
      vertex -28.4921474457 33.332611084 15
      vertex -28.9082260132 33.67237854 15
    endloop
  endfacet
  facet normal -0 -1 0
    outer loop
      vertex -14.640712738 33.92735672 15
      vertex -28.9082260132 33.67237854 15
      vertex -16.4363460541 39.1259841919 15
    endloop
  endfacet
  facet normal 0 -1 0
    outer loop
      vertex -16.4363460541 39.1259841919 15
      vertex -13.0061063766 35.4545974731 15
      vertex -14.640712738 33.92735672 15
    endloop
  endfacet
  facet normal 0 -1 0
    outer loop
      vertex -16.4363460541 39.1259841919 15
      vertex -12.838549614 36.0045471191 15
      vertex -13.0061063766 35.4545974731 15
    endloop
  endfacet
  facet normal 0.956586062908 0 0.291449964046
    outer loop
      vertex -12.838549614 36.0045471191 15
      vertex -13.0061063766 35.4545974731 19.5
      vertex -13.0061063766 35.4545974731 15
    endloop
  endfacet
  facet normal 0.875085473061 -0 0.483968406916
    outer loop
      vertex -13.0061063766 35.4545974731 15
      vertex -13.0061063766 35.4545974731 19.5
      vertex -13.2843418121 34.9515075684 19.5
    endloop
  endfacet
  facet normal 0.956586062908 -0 0.291449964046
    outer loop
      vertex -12.838549614 36.0045471191 15
      vertex -12.838549614 36.0045471191 19.5
      vertex -13.0061063766 35.4545974731 19.5
    endloop
  endfacet
  facet normal 0 -1 0
    outer loop
      vertex -12.838549614 36.0045471191 19.5
      vertex -6.44743061066 25.7418231964 19.5
      vertex -13.0061063766 35.4545974731 19.5
    endloop
  endfacet
  facet normal 0 -1 0
    outer loop
      vertex -12.7889957428 36.5773124695 19.5
      vertex -6.44743061066 25.7418231964 19.5
      vertex -12.838549614 36.0045471191 19.5
    endloop
  endfacet
  facet normal 0.996278345585 -0 0.0861941501498
    outer loop
      vertex -12.7889957428 36.5773124695 15
      vertex -12.7889957428 36.5773124695 19.5
      vertex -12.838549614 36.0045471191 19.5
    endloop
  endfacet
  facet normal 0.99242836237 1.74882297631e-18 -0.122824959457
    outer loop
      vertex -12.8596086502 37.1478652954 15
      vertex -12.7889957428 36.5773124695 19.5
      vertex -12.7889957428 36.5773124695 15
    endloop
  endfacet
  facet normal -0 -1 0
    outer loop
      vertex -12.8596086502 37.1478652954 15
      vertex -12.7889957428 36.5773124695 15
      vertex -16.4363460541 39.1259841919 15
    endloop
  endfacet
  facet normal 0 -1 0
    outer loop
      vertex -16.4363460541 39.1259841919 15
      vertex -13.0473031998 37.6912727356 15
      vertex -12.8596086502 37.1478652954 15
    endloop
  endfacet
  facet normal 0.945205271244 -6.99529273243e-18 -0.326476722956
    outer loop
      vertex -13.0473031998 37.6912727356 15
      vertex -12.8596086502 37.1478652954 19.5
      vertex -12.8596086502 37.1478652954 15
    endloop
  endfacet
  facet normal 0.945205271244 0 -0.326476722956
    outer loop
      vertex -13.0473031998 37.6912727356 15
      vertex -13.0473031998 37.6912727356 19.5
      vertex -12.8596086502 37.1478652954 19.5
    endloop
  endfacet
  facet normal 0 -1 0
    outer loop
      vertex -13.0473031998 37.6912727356 19.5
      vertex 15.8832502365 40.3665237427 19.5
      vertex -12.8596086502 37.1478652954 19.5
    endloop
  endfacet
  facet normal 0 -1 0
    outer loop
      vertex -12.8596086502 37.1478652954 19.5
      vertex 15.8832502365 40.3665237427 19.5
      vertex -6.44743061066 25.7418231964 19.5
    endloop
  endfacet
  facet normal 0 -1 0
    outer loop
      vertex -13.3438768387 38.1837768555 19.5
      vertex 15.8832502365 40.3665237427 19.5
      vertex -13.0473031998 37.6912727356 19.5
    endloop
  endfacet
  facet normal 0.856669843197 0 -0.515865087509
    outer loop
      vertex -13.3438768387 38.1837768555 15
      vertex -13.3438768387 38.1837768555 19.5
      vertex -13.0473031998 37.6912727356 19.5
    endloop
  endfacet
  facet normal 0.730696797371 0 -0.682702124119
    outer loop
      vertex -13.7363681793 38.6038589478 15
      vertex -13.3438768387 38.1837768555 19.5
      vertex -13.3438768387 38.1837768555 15
    endloop
  endfacet
  facet normal -0 -1 0
    outer loop
      vertex -13.7363681793 38.6038589478 15
      vertex -13.3438768387 38.1837768555 15
      vertex -16.4363460541 39.1259841919 15
    endloop
  endfacet
  facet normal 0 -1 0
    outer loop
      vertex -16.4363460541 39.1259841919 15
      vertex -14.2076206207 38.9331588745 15
      vertex -13.7363681793 38.6038589478 15
    endloop
  endfacet
  facet normal 0.572786450386 -6.99529273243e-18 -0.819704651833
    outer loop
      vertex -14.2076206207 38.9331588745 15
      vertex -13.7363681793 38.6038589478 19.5
      vertex -13.7363681793 38.6038589478 15
    endloop
  endfacet
  facet normal 0.572786450386 0 -0.819704651833
    outer loop
      vertex -14.2076206207 38.9331588745 15
      vertex -14.2076206207 38.9331588745 19.5
      vertex -13.7363681793 38.6038589478 19.5
    endloop
  endfacet
  facet normal 0 -1 0
    outer loop
      vertex -14.2076206207 38.9331588745 19.5
      vertex 15.8832502365 40.3665237427 19.5
      vertex -13.7363681793 38.6038589478 19.5
    endloop
  endfacet
  facet normal 0.84672665596 1.73596831132e-07 -0.532028198242
    outer loop
      vertex 24.8875579834 38.9512329102 22
      vertex 24.589717865 39.4252510071 22
      vertex 24.8379192352 39.0302352905 22.5000019073
    endloop
  endfacet
  facet normal 0 -1 0
    outer loop
      vertex 24.589717865 39.4252510071 22
      vertex 24.8875579834 38.9512329102 22
      vertex 25.135137558 37.715171814 22
    endloop
  endfacet
  facet normal -0 -1 0
    outer loop
      vertex 25.135137558 37.715171814 22
      vertex 22.9614715576 36.5266685486 22
      vertex 24.589717865 39.4252510071 22
    endloop
  endfacet
  facet normal 0 -1 0
    outer loop
      vertex 22.9614715576 36.5266685486 22
      vertex 24.193862915 39.821105957 22
      vertex 24.589717865 39.4252510071 22
    endloop
  endfacet
  facet normal 0 -1 0
    outer loop
      vertex 22.9614715576 36.5266685486 22
      vertex 23.7198486328 40.1189460754 22
      vertex 24.193862915 39.821105957 22
    endloop
  endfacet
  facet normal 0 -1 0
    outer loop
      vertex 22.9103603363 36.9148979187 22
      vertex 23.7198486328 40.1189460754 22
      vertex 22.9614715576 36.5266685486 22
    endloop
  endfacet
  facet normal -0.99144500494 0 0.130525171757
    outer loop
      vertex 22.9614715576 36.5266685486 22.5000019073
      vertex 22.9188785553 36.8501930237 22.5000019073
      vertex 22.9614715576 36.5266685486 22
    endloop
  endfacet
  facet normal -0.991444885731 5.83416920108e-07 0.130526065826
    outer loop
      vertex 22.9103603363 36.9148979187 22
      vertex 22.9614715576 36.5266685486 22
      vertex 22.9188785553 36.8501930237 22.5000019073
    endloop
  endfacet
  facet normal -0.991444289684 0 -0.130530491471
    outer loop
      vertex 22.9614715576 36.5266685486 22
      vertex 22.9529514313 36.4619636536 22.5000019073
      vertex 22.9614715576 36.5266685486 22.5000019073
    endloop
  endfacet
  facet normal 0.753317058086 -0.00290255108848 0.65765106678
    outer loop
      vertex 26.0155391693 28.6954746246 22
      vertex 26.0277767181 28.7072849274 22.5000019073
      vertex 25.9604663849 28.6301841736 22.5000019073
    endloop
  endfacet
  facet normal 0.772562503815 0.00217957398854 0.634934961796
    outer loop
      vertex 25.6417446136 28.2406616211 22
      vertex 25.9604663849 28.6301841736 22.5000019073
      vertex 25.6489715576 28.2511711121 22.5000019073
    endloop
  endfacet
  facet normal 0.772560417652 0.00218292139471 0.634937524796
    outer loop
      vertex 25.6417446136 28.2406616211 22
      vertex 26.0155391693 28.6954746246 22
      vertex 25.9604663849 28.6301841736 22.5000019073
    endloop
  endfacet
  facet normal 0.871445655823 -0.00228611007333 0.490486711264
    outer loop
      vertex 25.6417446136 28.2406616211 22
      vertex 25.6489715576 28.2511711121 22.5000019073
      vertex 25.598772049 28.1619796753 22.5000019073
    endloop
  endfacet
  facet normal 0.88167911768 0.00152709987015 0.471846967936
    outer loop
      vertex 25.3639659882 27.7216091156 22
      vertex 25.598772049 28.1619796753 22.5000019073
      vertex 25.3672885895 27.7294387817 22.5000019073
    endloop
  endfacet
  facet normal 0.881679356098 0.00152666610666 0.471846580505
    outer loop
      vertex 25.3639659882 27.7216091156 22
      vertex 25.6417446136 28.2406616211 22
      vertex 25.598772049 28.1619796753 22.5000019073
    endloop
  endfacet
  facet normal 0 -1 0
    outer loop
      vertex 25.135137558 37.715171814 22
      vertex 25.6417446136 28.2406616211 22
      vertex 25.3639659882 27.7216091156 22
    endloop
  endfacet
  facet normal 0 -1 0
    outer loop
      vertex 25.3639659882 27.7216091156 22
      vertex 22.9103603363 36.1384429932 22
      vertex 25.135137558 37.715171814 22
    endloop
  endfacet
  facet normal 0 -1 0
    outer loop
      vertex 25.3639659882 27.7216091156 22
      vertex 22.7605113983 35.7766685486 22
      vertex 22.9103603363 36.1384429932 22
    endloop
  endfacet
  facet normal 0 -1 -0
    outer loop
      vertex 25.1929016113 27.1583023071 22
      vertex 22.7605113983 35.7766685486 22
      vertex 25.3639659882 27.7216091156 22
    endloop
  endfacet
  facet normal 0 -1 0
    outer loop
      vertex 25.1929016113 27.1583023071 22
      vertex 22.5221309662 35.4660110474 22
      vertex 22.7605113983 35.7766685486 22
    endloop
  endfacet
  facet normal -0.793349325657 -0 -0.608766674995
    outer loop
      vertex 22.5221309662 35.4660110474 22.5000019073
      vertex 22.7207794189 35.7248916626 22.5000019073
      vertex 22.5221309662 35.4660110474 22
    endloop
  endfacet
  facet normal -0.793348908424 -4.42315865712e-07 -0.608767211437
    outer loop
      vertex 22.7605113983 35.7766685486 22
      vertex 22.5221309662 35.4660110474 22
      vertex 22.7207794189 35.7248916626 22.5000019073
    endloop
  endfacet
  facet normal -0.608769893646 0 -0.793346881866
    outer loop
      vertex 22.5221309662 35.4660110474 22
      vertex 22.4703540802 35.4262809753 22.5000019073
      vertex 22.5221309662 35.4660110474 22.5000019073
    endloop
  endfacet
  facet normal -0.608763098717 -0 -0.793352067471
    outer loop
      vertex 22.2114715576 35.2276306152 22.5000019073
      vertex 22.4703540802 35.4262809753 22.5000019073
      vertex 22.2114715576 35.2276306152 22
    endloop
  endfacet
  facet normal -0.608764231205 9.28591873617e-07 -0.793351173401
    outer loop
      vertex 22.5221309662 35.4660110474 22
      vertex 22.2114715576 35.2276306152 22
      vertex 22.4703540802 35.4262809753 22.5000019073
    endloop
  endfacet
  facet normal -0.382669597864 0 -0.923885285854
    outer loop
      vertex 22.2114715576 35.2276306152 22
      vertex 22.1511745453 35.2026557922 22.5000019073
      vertex 22.2114715576 35.2276306152 22.5000019073
    endloop
  endfacet
  facet normal 0.994746923447 -0.000834558391944 0.102361507714
    outer loop
      vertex 25.1929016113 27.1583023071 22
      vertex 25.1937503815 27.1624698639 22.5000019073
      vertex 25.1832733154 27.0606575012 22.5000019073
    endloop
  endfacet
  facet normal 0.99144423008 -0 0.130531087518
    outer loop
      vertex 25.1181030273 10.5210428238 22
      vertex 25.1209411621 10.5426111221 22.5000019073
      vertex 25.1181030273 10.5210428238 22.5000019073
    endloop
  endfacet
  facet normal 0 -1 0
    outer loop
      vertex 24.98869133 10.2968988419 22
      vertex 25.135137558 10.6504526138 22
      vertex 25.068151474 10.4004526138 22
    endloop
  endfacet
  facet normal 0.793358683586 0 0.608754515648
    outer loop
      vertex 25.068151474 10.4004526138 22.5000019073
      vertex 25.0019359589 10.314157486 22.5000019073
      vertex 25.068151474 10.4004526138 22
    endloop
  endfacet
  facet normal 0.793353140354 -1.96190626411e-06 0.608761668205
    outer loop
      vertex 24.98869133 10.2968988419 22
      vertex 25.068151474 10.4004526138 22
      vertex 25.0019359589 10.314157486 22.5000019073
    endloop
  endfacet
  facet normal 0.608776032925 -0 0.793342113495
    outer loop
      vertex 24.8851394653 10.2174396515 22
      vertex 24.9023971558 10.2306833267 22.5000019073
      vertex 24.8851394653 10.2174396515 22.5000019073
    endloop
  endfacet
  facet normal 0 -1 0
    outer loop
      vertex 24.635137558 10.1504526138 22
      vertex 25.135137558 10.6504526138 22
      vertex 24.764547348 10.1674890518 22
    endloop
  endfacet
  facet normal 0.130520612001 0 0.991445600986
    outer loop
      vertex 24.764547348 10.1674890518 22.5000019073
      vertex 24.6567058563 10.1532917023 22.5000019073
      vertex 24.764547348 10.1674890518 22
    endloop
  endfacet
  facet normal 0.130519211292 -3.07502375563e-07 0.9914457798
    outer loop
      vertex 24.635137558 10.1504526138 22
      vertex 24.764547348 10.1674890518 22
      vertex 24.6567058563 10.1532917023 22.5000019073
    endloop
  endfacet
  facet normal 0.382694333792 -0 0.923875033855
    outer loop
      vertex 24.764547348 10.1674890518 22
      vertex 24.7846469879 10.1758146286 22.5000019073
      vertex 24.764547348 10.1674890518 22.5000019073
    endloop
  endfacet
  facet normal 0.3826841712 0 0.923879206181
    outer loop
      vertex 24.8851394653 10.2174396515 22.5000019073
      vertex 24.7846469879 10.1758146286 22.5000019073
      vertex 24.8851394653 10.2174396515 22
    endloop
  endfacet
  facet normal 0.382685869932 3.97924537765e-07 0.923878490925
    outer loop
      vertex 24.764547348 10.1674890518 22
      vertex 24.8851394653 10.2174396515 22
      vertex 24.7846469879 10.1758146286 22.5000019073
    endloop
  endfacet
  facet normal 0 -1 0
    outer loop
      vertex 24.764547348 10.1674890518 22
      vertex 25.135137558 10.6504526138 22
      vertex 24.8851394653 10.2174396515 22
    endloop
  endfacet
  facet normal 0 -1 0
    outer loop
      vertex 24.8851394653 10.2174396515 22
      vertex 25.135137558 10.6504526138 22
      vertex 24.98869133 10.2968988419 22
    endloop
  endfacet
  facet normal 0.608761966228 0 0.79335296154
    outer loop
      vertex 24.98869133 10.2968988419 22.5000019073
      vertex 24.9023971558 10.2306833267 22.5000019073
      vertex 24.98869133 10.2968988419 22
    endloop
  endfacet
  facet normal 0.60876429081 6.44690146601e-07 0.793351113796
    outer loop
      vertex 24.8851394653 10.2174396515 22
      vertex 24.98869133 10.2968988419 22
      vertex 24.9023971558 10.2306833267 22.5000019073
    endloop
  endfacet
  facet normal 0.793325722218 -0 0.608797430992
    outer loop
      vertex 24.98869133 10.2968988419 22
      vertex 25.0019359589 10.314157486 22.5000019073
      vertex 24.98869133 10.2968988419 22.5000019073
    endloop
  endfacet
  facet normal 0.923883914948 -0 0.382672846317
    outer loop
      vertex 25.068151474 10.4004526138 22
      vertex 25.0764751434 10.4205513 22.5000019073
      vertex 25.068151474 10.4004526138 22.5000019073
    endloop
  endfacet
  facet normal 0.923874139786 0 0.382696509361
    outer loop
      vertex 25.1181030273 10.5210428238 22.5000019073
      vertex 25.0764751434 10.4205513 22.5000019073
      vertex 25.1181030273 10.5210428238 22
    endloop
  endfacet
  facet normal 0.923875749111 9.29018028728e-07 0.382692575455
    outer loop
      vertex 25.068151474 10.4004526138 22
      vertex 25.1181030273 10.5210428238 22
      vertex 25.0764751434 10.4205513 22.5000019073
    endloop
  endfacet
  facet normal 0 -1 0
    outer loop
      vertex 25.068151474 10.4004526138 22
      vertex 25.135137558 10.6504526138 22
      vertex 25.1181030273 10.5210428238 22
    endloop
  endfacet
  facet normal 0.991446971893 0 0.130510151386
    outer loop
      vertex 25.135137558 10.6504526138 22.5000019073
      vertex 25.1209411621 10.5426111221 22.5000019073
      vertex 25.135137558 10.6504526138 22
    endloop
  endfacet
  facet normal 0.991446495056 -7.65876563946e-07 0.130513638258
    outer loop
      vertex 25.1181030273 10.5210428238 22
      vertex 25.135137558 10.6504526138 22
      vertex 25.1209411621 10.5426111221 22.5000019073
    endloop
  endfacet
  facet normal 1 -0 0
    outer loop
      vertex 25.135137558 10.6504526138 22
      vertex 25.135137558 23.9187583923 22.5000019073
      vertex 25.135137558 10.6504526138 22.5000019073
    endloop
  endfacet
  facet normal 1 0 0
    outer loop
      vertex 25.135137558 10.6504526138 22
      vertex 25.135137558 26.572435379 22
      vertex 25.135137558 23.9187583923 22.5000019073
    endloop
  endfacet
  facet normal 1 0 0
    outer loop
      vertex 25.135137558 26.572435379 22
      vertex 25.135137558 26.572435379 22.5000019073
      vertex 25.135137558 23.9187583923 22.5000019073
    endloop
  endfacet
  facet normal 0.995174944401 -0 0.0981165915728
    outer loop
      vertex 25.135137558 26.572435379 22
      vertex 25.1832733154 27.0606575012 22.5000019073
      vertex 25.135137558 26.572435379 22.5000019073
    endloop
  endfacet
  facet normal 0.995174705982 2.22800235861e-06 0.0981188565493
    outer loop
      vertex 25.135137558 26.572435379 22
      vertex 25.1929016113 27.1583023071 22
      vertex 25.1832733154 27.0606575012 22.5000019073
    endloop
  endfacet
  facet normal 0 -1 -0
    outer loop
      vertex 25.135137558 26.572435379 22
      vertex 22.2114715576 35.2276306152 22
      vertex 25.1929016113 27.1583023071 22
    endloop
  endfacet
  facet normal 0 -1 0
    outer loop
      vertex 21.8496990204 35.0777816772 22
      vertex 22.2114715576 35.2276306152 22
      vertex 25.135137558 26.572435379 22
    endloop
  endfacet
  facet normal 0 -1 0
    outer loop
      vertex 25.135137558 26.572435379 22
      vertex 21.4614715576 35.0266685486 22
      vertex 21.8496990204 35.0777816772 22
    endloop
  endfacet
  facet normal -0.130533352494 -0 -0.991443932056
    outer loop
      vertex 21.4614715576 35.0266685486 22.5000019073
      vertex 21.784992218 35.0692634583 22.5000019073
      vertex 21.4614715576 35.0266685486 22
    endloop
  endfacet
  facet normal -0.130532875657 -3.12797823199e-07 -0.991443991661
    outer loop
      vertex 21.8496990204 35.0777816772 22
      vertex 21.4614715576 35.0266685486 22
      vertex 21.784992218 35.0692634583 22.5000019073
    endloop
  endfacet
  facet normal 0.130530491471 0 -0.991444289684
    outer loop
      vertex 21.4614715576 35.0266685486 22
      vertex 21.3967666626 35.0351867676 22.5000019073
      vertex 21.4614715576 35.0266685486 22.5000019073
    endloop
  endfacet
  facet normal 0.13053239882 0 -0.991444051266
    outer loop
      vertex 21.0732421875 35.0777816772 22.5000019073
      vertex 21.3967666626 35.0351867676 22.5000019073
      vertex 21.0732421875 35.0777816772 22
    endloop
  endfacet
  facet normal 0.130532085896 2.08530607892e-07 -0.99144411087
    outer loop
      vertex 21.4614715576 35.0266685486 22
      vertex 21.0732421875 35.0777816772 22
      vertex 21.3967666626 35.0351867676 22.5000019073
    endloop
  endfacet
  facet normal 0.382669597864 0 -0.923885285854
    outer loop
      vertex 21.0732421875 35.0777816772 22
      vertex 21.0129470825 35.1027565002 22.5000019073
      vertex 21.0732421875 35.0777816772 22.5000019073
    endloop
  endfacet
  facet normal 0.608769893646 0 -0.793346881866
    outer loop
      vertex 20.7114715576 35.2276306152 22
      vertex 20.6596946716 35.2673606873 22.5000019073
      vertex 20.7114715576 35.2276306152 22.5000019073
    endloop
  endfacet
  facet normal 0 -0 1
    outer loop
      vertex 18.3832511902 10.1504526138 22
      vertex 19.4252376556 10.1504526138 22.5000019073
      vertex 17.966583252 10.1504526138 22.5000019073
    endloop
  endfacet
  facet normal 0 0 1
    outer loop
      vertex 24.635137558 10.1504526138 22.5000019073
      vertex 19.4252376556 10.1504526138 22.5000019073
      vertex 24.635137558 10.1504526138 22
    endloop
  endfacet
  facet normal 0 0 1
    outer loop
      vertex 18.3832511902 10.1504526138 22
      vertex 24.635137558 10.1504526138 22
      vertex 19.4252376556 10.1504526138 22.5000019073
    endloop
  endfacet
  facet normal 0 -1 0
    outer loop
      vertex 18.3832511902 10.1504526138 22
      vertex 25.135137558 26.572435379 22
      vertex 24.635137558 10.1504526138 22
    endloop
  endfacet
  facet normal 0 -1 0
    outer loop
      vertex 18.3832511902 10.1504526138 22
      vertex 21.0732421875 35.0777816772 22
      vertex 25.135137558 26.572435379 22
    endloop
  endfacet
  facet normal 0 -1 0
    outer loop
      vertex 18.3832511902 10.1504526138 22
      vertex 20.7114715576 35.2276306152 22
      vertex 21.0732421875 35.0777816772 22
    endloop
  endfacet
  facet normal 0 -1 0
    outer loop
      vertex 20.4008102417 35.4660110474 22
      vertex 20.7114715576 35.2276306152 22
      vertex 18.3832511902 10.1504526138 22
    endloop
  endfacet
  facet normal 0 -1 0
    outer loop
      vertex 18.3832511902 10.1504526138 22
      vertex 20.1624336243 35.7766685486 22
      vertex 20.4008102417 35.4660110474 22
    endloop
  endfacet
  facet normal 0.793349325657 0 -0.608766674995
    outer loop
      vertex 20.1624336243 35.7766685486 22.5000019073
      vertex 20.361082077 35.5177879333 22.5000019073
      vertex 20.1624336243 35.7766685486 22
    endloop
  endfacet
  facet normal 0.793351888657 -2.72620218311e-06 -0.608763337135
    outer loop
      vertex 20.4008102417 35.4660110474 22
      vertex 20.1624336243 35.7766685486 22
      vertex 20.361082077 35.5177879333 22.5000019073
    endloop
  endfacet
  facet normal 0.923878788948 0 -0.382685273886
    outer loop
      vertex 20.1624336243 35.7766685486 22
      vertex 20.1374568939 35.8369636536 22.5000019073
      vertex 20.1624336243 35.7766685486 22.5000019073
    endloop
  endfacet
  facet normal 0.923881590366 0 -0.382678449154
    outer loop
      vertex 20.0125827789 36.1384429932 22.5000019073
      vertex 20.1374568939 35.8369636536 22.5000019073
      vertex 20.0125827789 36.1384429932 22
    endloop
  endfacet
  facet normal 0.923881113529 8.01281316853e-07 -0.382679581642
    outer loop
      vertex 20.1624336243 35.7766685486 22
      vertex 20.0125827789 36.1384429932 22
      vertex 20.1374568939 35.8369636536 22.5000019073
    endloop
  endfacet
  facet normal 0.991444289684 0 -0.130530491471
    outer loop
      vertex 20.0125827789 36.1384429932 22
      vertex 20.0040626526 36.2031478882 22.5000019073
      vertex 20.0125827789 36.1384429932 22.5000019073
    endloop
  endfacet
  facet normal 0.793355703354 -0 0.608758330345
    outer loop
      vertex 20.1624336243 37.2766685486 22
      vertex 20.2021636963 37.3284454346 22.5000019073
      vertex 20.1624336243 37.2766685486 22.5000019073
    endloop
  endfacet
  facet normal 0.923878788948 -0 0.382685273886
    outer loop
      vertex 20.0125827789 36.9148979187 22
      vertex 20.0375576019 36.9751930237 22.5000019073
      vertex 20.0125827789 36.9148979187 22.5000019073
    endloop
  endfacet
  facet normal 0.991444289684 -0 0.130530491471
    outer loop
      vertex 19.9614715576 36.5266685486 22
      vertex 19.9699897766 36.5913734436 22.5000019073
      vertex 19.9614715576 36.5266685486 22.5000019073
    endloop
  endfacet
  facet normal -1.80687811735e-06 1 -7.16484773529e-14
    outer loop
      vertex 13.3832530975 40.3665084839 22.5000019073
      vertex 12.0570278168 25.7418231964 22.5
      vertex 13.3832521439 10.1504526138 22.5000019073
    endloop
  endfacet
  facet normal -0 1 3.21391354419e-07
    outer loop
      vertex 13.3832521439 10.1504526138 22.5000019073
      vertex 12.0570278168 2.69435334206 22.5
      vertex 15.8832502365 10.1504526138 22.5000019073
    endloop
  endfacet
  facet normal -1.73946091309e-07 1 2.32128016364e-07
    outer loop
      vertex 15.8832502365 10.1504526138 22.5000019073
      vertex 12.0570278168 2.69435334206 22.5
      vertex 15.8832502365 -0.17284193635 22.5
    endloop
  endfacet
  facet normal 1 0 0
    outer loop
      vertex 15.8832502365 -0.17284193635 22.5
      vertex 15.8832502365 10.1504526138 19.5
      vertex 15.8832502365 10.1504526138 22.5000019073
    endloop
  endfacet
  facet normal 1 -0 0
    outer loop
      vertex 15.8832502365 -0.17284193635 19.5
      vertex 15.8832502365 10.1504526138 19.5
      vertex 15.8832502365 -0.17284193635 22.5
    endloop
  endfacet
  facet normal -0 0 -1
    outer loop
      vertex 18.3832511902 -0.17284193635 22
      vertex 15.8832502365 -0.17284193635 19.5
      vertex 15.8832502365 -0.17284193635 22.5
    endloop
  endfacet
  facet normal -1.91706203623e-06 0 -1
    outer loop
      vertex 15.8832502365 -0.17284193635 22.5
      vertex 13.3832521439 -0.172846734524 22.5000019073
      vertex 15.8832502365 -0.17284193635 22.5000019073
    endloop
  endfacet
  facet normal 0 0 -1
    outer loop
      vertex 18.3832511902 -0.17284193635 22
      vertex 15.8832502365 -0.17284193635 22.5000019073
      vertex 17.966583252 -0.17284193635 22.5000019073
    endloop
  endfacet
  facet normal 0 0 -1
    outer loop
      vertex 18.3832511902 -0.17284193635 22
      vertex 15.8832502365 -0.17284193635 22.5
      vertex 15.8832502365 -0.17284193635 22.5000019073
    endloop
  endfacet
  facet normal 0 0 -1
    outer loop
      vertex 18.3832511902 -0.17284193635 22
      vertex 17.966583252 -0.17284193635 22.5000019073
      vertex 19.4252376556 -0.17284193635 22.5000019073
    endloop
  endfacet
  facet normal -0.554700195789 0.832050323486 7.19679746908e-08
    outer loop
      vertex 13.3832530975 -9.40780544281 22.5000019073
      vertex 13.3832521439 -0.172846734524 22.5000019073
      vertex 13.3832492828 -9.40780544281 22.5
    endloop
  endfacet
  facet normal -2.36786377172e-06 1 2.59483584841e-07
    outer loop
      vertex 13.3832521439 -0.172846734524 22.5000019073
      vertex 12.0570278168 2.69435334206 22.5
      vertex 13.3832492828 -9.40780544281 22.5
    endloop
  endfacet
  facet normal 0 1 0
    outer loop
      vertex 13.3832492828 -9.40780544281 22.5
      vertex 12.0570278168 2.69435334206 22.5
      vertex -6.44743061066 2.69435334206 22.5
    endloop
  endfacet
  facet normal 9.96350451032e-08 1 -1.63262669162e-07
    outer loop
      vertex 13.3832492828 -9.40780544281 22.5
      vertex -6.44743061066 2.69435334206 22.5
      vertex -10.6677846909 -9.40780544281 22.5000019073
    endloop
  endfacet
  facet normal 0 0 1
    outer loop
      vertex -10.6677846909 -9.40780544281 22.5000019073
      vertex -10.6677846909 -9.40780544281 19.5185832977
      vertex 13.3832492828 -9.40780544281 22.5
    endloop
  endfacet
  facet normal 0.0489822663367 0 0.998799622059
    outer loop
      vertex -10.6677846909 -9.40780544281 22.5000019073
      vertex -11.4994916916 -9.44859313965 19.5593700409
      vertex -10.6677846909 -9.40780544281 19.5185832977
    endloop
  endfacet
  facet normal 0.0489808470011 4.01886296686e-07 0.998799741268
    outer loop
      vertex -11.4994916916 -9.44859313965 19.5593700409
      vertex -10.6677846909 -9.40780544281 22.5000019073
      vertex -11.0499582291 -9.42654705048 22.5000019073
    endloop
  endfacet
  facet normal 2.10825163549e-07 1 -1.54132592911e-07
    outer loop
      vertex -12.9454221725 -3.9647564888 22.5000019073
      vertex -6.44743061066 2.69435334206 22.5
      vertex -13.3144073486 -3.46005249023 22.5000019073
    endloop
  endfacet
  facet normal 1.74481101567e-07 1 -1.94684659505e-07
    outer loop
      vertex -13.3144073486 -3.46005249023 22.5000019073
      vertex -6.44743061066 2.69435334206 22.5
      vertex -13.7799863815 -3.04278850555 22.5000019073
    endloop
  endfacet
  facet normal 9.72976792468e-08 1 -3.00465103464e-07
    outer loop
      vertex -14.3219413757 -2.7310833931 22.5000019073
      vertex -6.44743061066 2.69435334206 22.5
      vertex -14.9167327881 -2.53847575188 22.5000019073
    endloop
  endfacet
  facet normal -3.25409882862e-06 1 -5.72467979509e-06
    outer loop
      vertex -14.9167327881 -2.53847575188 22.5000019073
      vertex -6.44743061066 2.69435334206 22.5
      vertex -15.5385293961 -2.47332978249 22.5
    endloop
  endfacet
  facet normal 0.104200184345 0 -0.994556367397
    outer loop
      vertex -15.5385293961 -2.47332978249 22.5000019073
      vertex -14.9167327881 -2.53847575188 22.5000019073
      vertex -15.5385293961 -2.47332978249 22.5
    endloop
  endfacet
  facet normal -1.53148221216e-07 0 -1
    outer loop
      vertex -15.5385293961 -2.47332978249 22.5
      vertex -19.4503059387 -2.47333049774 22.5000019073
      vertex -15.5385293961 -2.47332978249 22.5000019073
    endloop
  endfacet
  facet normal 0 0.242535620928 -0.970142483711
    outer loop
      vertex -15.5385293961 -2.47332978249 22.5
      vertex -19.4503059387 -2.47332978249 22.5
      vertex -19.4503059387 -2.47333049774 22.5000019073
    endloop
  endfacet
  facet normal 0 1 6.65646098241e-08
    outer loop
      vertex -15.5385293961 -2.47332978249 22.5
      vertex -19.4503059387 33.5266723633 22.5000019073
      vertex -19.4503059387 -2.47332978249 22.5
    endloop
  endfacet
  facet normal -4.07770097256e-14 1 6.65646098241e-08
    outer loop
      vertex -15.5385303497 33.5266685486 22.5000019073
      vertex -19.4503059387 33.5266723633 22.5000019073
      vertex -15.5385293961 -2.47332978249 22.5
    endloop
  endfacet
  facet normal 2.06590058838e-07 1 6.65646027187e-08
    outer loop
      vertex -15.5385293961 -2.47332978249 22.5
      vertex -6.44743061066 25.7418231964 22.5
      vertex -15.5385303497 33.5266685486 22.5000019073
    endloop
  endfacet
  facet normal 2.71899072146e-08 1 2.76067140703e-07
    outer loop
      vertex -15.5385303497 33.5266685486 22.5000019073
      vertex -6.44743061066 25.7418231964 22.5
      vertex -14.9532575607 33.584312439 22.5000019073
    endloop
  endfacet
  facet normal 1.04484946917e-07 1 1.95476900444e-07
    outer loop
      vertex -14.3904800415 33.7550315857 22.5000019073
      vertex -6.44743061066 25.7418231964 22.5
      vertex -13.8718185425 34.0322608948 22.5000019073
    endloop
  endfacet
  facet normal 1.36727194899e-07 1 1.66602788454e-07
    outer loop
      vertex -13.8718185425 34.0322608948 22.5000019073
      vertex -6.44743061066 25.7418231964 22.5
      vertex -13.4172086716 34.4053497314 22.5000019073
    endloop
  endfacet
  facet normal 2.08914158861e-07 1 1.11665855229e-07
    outer loop
      vertex -13.0441198349 34.8599586487 22.5000019073
      vertex -6.44743061066 25.7418231964 22.5
      vertex -12.7668905258 35.3786201477 22.5000019073
    endloop
  endfacet
  facet normal 2.59264851366e-07 1 7.86477158954e-08
    outer loop
      vertex -12.7668905258 35.3786201477 22.5000019073
      vertex -6.44743061066 25.7418231964 22.5
      vertex -12.5961732864 35.9413986206 22.5000019073
    endloop
  endfacet
  facet normal 0.707106769085 0.707106769085 -4.41282026031e-07
    outer loop
      vertex -12.5385293961 36.5266685486 22.5000019073
      vertex -12.5385293961 40.3665237427 22.5
      vertex -12.5385322571 40.3665237427 22.5000019073
    endloop
  endfacet
  facet normal 1.49838194829e-06 1 -6.24067013177e-07
    outer loop
      vertex -12.5385293961 36.5266685486 22.5000019073
      vertex -6.44743061066 25.7418231964 22.5
      vertex -12.5385293961 40.3665237427 22.5
    endloop
  endfacet
  facet normal -9.24445089368e-08 1 3.85025771266e-08
    outer loop
      vertex -12.5385293961 40.3665237427 22.5
      vertex -6.44743061066 25.7418231964 22.5
      vertex 13.3832530975 40.3665084839 22.5000019073
    endloop
  endfacet
  facet normal 5.54666428343e-07 5.25486939296e-06 -1
    outer loop
      vertex 15.8832502365 40.3665237427 19.5
      vertex -12.5385293961 40.3665237427 22.5
      vertex 13.3832530975 40.3665084839 22.5000019073
    endloop
  endfacet
  facet normal 0 0 -1
    outer loop
      vertex -16.9503059387 40.3665237427 19.5
      vertex -12.5385293961 40.3665237427 22.5
      vertex 15.8832502365 40.3665237427 19.5
    endloop
  endfacet
  facet normal 0 -1 -0
    outer loop
      vertex -14.2076206207 38.9331588745 19.5
      vertex -16.9503059387 40.3665237427 19.5
      vertex 15.8832502365 40.3665237427 19.5
    endloop
  endfacet
  facet normal -1 0 0
    outer loop
      vertex -19.4404449463 32.2695045471 18
      vertex -19.4404449463 38.0883483887 19.5
      vertex -19.4404449463 38.0883483887 18
    endloop
  endfacet
  facet normal -1 -0 -0
    outer loop
      vertex -19.4404449463 32.2695045471 19.5
      vertex -19.4404449463 38.0883483887 19.5
      vertex -19.4404449463 32.2695045471 18
    endloop
  endfacet
  facet normal 0.70710670948 -0.707106888294 0
    outer loop
      vertex 18.3832511902 10.1504526138 22
      vertex 15.8832502365 10.1504526138 19.5
      vertex 18.3832511902 40.3665237427 22
    endloop
  endfacet
  facet normal 0 -1 0
    outer loop
      vertex 18.3832511902 40.3665237427 22
      vertex 20.0125827789 36.1384429932 22
      vertex 18.3832511902 10.1504526138 22
    endloop
  endfacet
  facet normal -0 -1 0
    outer loop
      vertex 19.9614715576 36.5266685486 22
      vertex 20.0125827789 36.1384429932 22
      vertex 18.3832511902 40.3665237427 22
    endloop
  endfacet
  facet normal 0 -1 0
    outer loop
      vertex 18.3832511902 40.3665237427 22
      vertex 20.0125827789 36.9148979187 22
      vertex 19.9614715576 36.5266685486 22
    endloop
  endfacet
  facet normal 0 -1 0
    outer loop
      vertex 18.3832511902 40.3665237427 22
      vertex 20.1624336243 37.2766685486 22
      vertex 20.0125827789 36.9148979187 22
    endloop
  endfacet
  facet normal -0 -1 0
    outer loop
      vertex 20.4008102417 37.5873298645 22
      vertex 20.1624336243 37.2766685486 22
      vertex 18.3832511902 40.3665237427 22
    endloop
  endfacet
  facet normal 0 -1 0
    outer loop
      vertex 18.3832511902 40.3665237427 22
      vertex 20.7114715576 37.8257064819 22
      vertex 20.4008102417 37.5873298645 22
    endloop
  endfacet
  facet normal 0.608759582043 0 0.79335474968
    outer loop
      vertex 20.7114715576 37.8257064819 22.5000019073
      vertex 20.4525871277 37.6270561218 22.5000019073
      vertex 20.7114715576 37.8257064819 22
    endloop
  endfacet
  facet normal 0.608757436275 -1.75367904376e-06 0.79335641861
    outer loop
      vertex 20.4008102417 37.5873298645 22
      vertex 20.7114715576 37.8257064819 22
      vertex 20.4525871277 37.6270561218 22.5000019073
    endloop
  endfacet
  facet normal 0.382700920105 -0 0.923872292042
    outer loop
      vertex 20.7114715576 37.8257064819 22
      vertex 20.7717685699 37.8506813049 22.5000019073
      vertex 20.7114715576 37.8257064819 22.5000019073
    endloop
  endfacet
  facet normal 0.382689923048 0 0.923876821995
    outer loop
      vertex 21.0732421875 37.9755592346 22.5000019073
      vertex 20.7717685699 37.8506813049 22.5000019073
      vertex 21.0732421875 37.9755592346 22
    endloop
  endfacet
  facet normal 0.38269174099 1.29684781314e-06 0.923876106739
    outer loop
      vertex 20.7114715576 37.8257064819 22
      vertex 21.0732421875 37.9755592346 22
      vertex 20.7717685699 37.8506813049 22.5000019073
    endloop
  endfacet
  facet normal 0.130530491471 -0 0.991444289684
    outer loop
      vertex 21.0732421875 37.9755592346 22
      vertex 21.1379489899 37.9840774536 22.5000019073
      vertex 21.0732421875 37.9755592346 22.5000019073
    endloop
  endfacet
  facet normal -0.130530491471 0 0.991444289684
    outer loop
      vertex 21.4614715576 38.0266685486 22
      vertex 21.5261764526 38.0181503296 22.5000019073
      vertex 21.4614715576 38.0266685486 22.5000019073
    endloop
  endfacet
  facet normal -0.382700920105 0 0.923872292042
    outer loop
      vertex 21.8496990204 37.9755592346 22
      vertex 21.9099941254 37.9505844116 22.5000019073
      vertex 21.8496990204 37.9755592346 22.5000019073
    endloop
  endfacet
  facet normal -0.608746767044 0 0.793364584446
    outer loop
      vertex 22.2114715576 37.8257064819 22
      vertex 22.2632484436 37.7859764099 22.5000019073
      vertex 22.2114715576 37.8257064819 22.5000019073
    endloop
  endfacet
  facet normal 0.111950747669 0 -0.993713736534
    outer loop
      vertex 23.1914424896 40.3038444519 22
      vertex 23.0987224579 40.314289093 22.5000019073
      vertex 23.1914424896 40.3038444519 22.5000019073
    endloop
  endfacet
  facet normal 0.111962601542 0 -0.993712425232
    outer loop
      vertex 22.635137558 40.3665237427 22.5000019073
      vertex 23.0987224579 40.314289093 22.5000019073
      vertex 22.635137558 40.3665237427 22
    endloop
  endfacet
  facet normal 0.111960627139 1.85579153822e-06 -0.993712663651
    outer loop
      vertex 23.1914424896 40.3038444519 22
      vertex 22.635137558 40.3665237427 22
      vertex 23.0987224579 40.314289093 22.5000019073
    endloop
  endfacet
  facet normal -1.55405712121e-06 0 -1
    outer loop
      vertex 22.635137558 40.3665237427 22
      vertex 13.3832530975 40.3665084839 22.5000019073
      vertex 22.635137558 40.3665237427 22.5000019073
    endloop
  endfacet
  facet normal 0 2.87557741103e-05 -1
    outer loop
      vertex 18.3832511902 40.3665237427 22
      vertex 13.3832530975 40.3665084839 22.5000019073
      vertex 22.635137558 40.3665237427 22
    endloop
  endfacet
  facet normal 0 -1 0
    outer loop
      vertex 22.635137558 40.3665237427 22
      vertex 21.0732421875 37.9755592346 22
      vertex 18.3832511902 40.3665237427 22
    endloop
  endfacet
  facet normal 0 -1 0
    outer loop
      vertex 22.635137558 40.3665237427 22
      vertex 21.4614715576 38.0266685486 22
      vertex 21.0732421875 37.9755592346 22
    endloop
  endfacet
  facet normal 0 -1 0
    outer loop
      vertex 22.635137558 40.3665237427 22
      vertex 21.8496990204 37.9755592346 22
      vertex 21.4614715576 38.0266685486 22
    endloop
  endfacet
  facet normal 0 -1 -0
    outer loop
      vertex 22.2114715576 37.8257064819 22
      vertex 21.8496990204 37.9755592346 22
      vertex 22.635137558 40.3665237427 22
    endloop
  endfacet
  facet normal 0 -1 0
    outer loop
      vertex 22.635137558 40.3665237427 22
      vertex 22.5221309662 37.5873298645 22
      vertex 22.2114715576 37.8257064819 22
    endloop
  endfacet
  facet normal 0 -1 0
    outer loop
      vertex 22.635137558 40.3665237427 22
      vertex 22.7605113983 37.2766685486 22
      vertex 22.5221309662 37.5873298645 22
    endloop
  endfacet
  facet normal -0.793352067471 0 0.608763098717
    outer loop
      vertex 22.7605113983 37.2766685486 22.5000019073
      vertex 22.5618629456 37.5355529785 22.5000019073
      vertex 22.7605113983 37.2766685486 22
    endloop
  endfacet
  facet normal -0.793351173401 9.28591873617e-07 0.608764231205
    outer loop
      vertex 22.5221309662 37.5873298645 22
      vertex 22.7605113983 37.2766685486 22
      vertex 22.5618629456 37.5355529785 22.5000019073
    endloop
  endfacet
  facet normal -0.923885285854 0 0.382669597864
    outer loop
      vertex 22.7605113983 37.2766685486 22
      vertex 22.785484314 37.2163734436 22.5000019073
      vertex 22.7605113983 37.2766685486 22.5000019073
    endloop
  endfacet
  facet normal 0.94388115406 0 -0.330285221338
    outer loop
      vertex 25.0724601746 38.4228286743 22
      vertex 25.0416431427 38.5108985901 22.5000019073
      vertex 25.0724601746 38.4228286743 22.5000019073
    endloop
  endfacet
  facet normal 0.993712425232 0 -0.111962601542
    outer loop
      vertex 25.0724601746 38.4228286743 22.5000019073
      vertex 25.1246929169 37.9592437744 22.5000019073
      vertex 25.0724601746 38.4228286743 22
    endloop
  endfacet
  facet normal 0.993712663651 -1.85579153822e-06 -0.111960627139
    outer loop
      vertex 25.135137558 37.8665237427 22
      vertex 25.0724601746 38.4228286743 22
      vertex 25.1246929169 37.9592437744 22.5000019073
    endloop
  endfacet
  facet normal 0 -1 -0
    outer loop
      vertex 25.135137558 37.715171814 22
      vertex 25.0724601746 38.4228286743 22
      vertex 25.135137558 37.8665237427 22
    endloop
  endfacet
  facet normal 1 -0 0
    outer loop
      vertex 25.135137558 37.715171814 22
      vertex 25.135137558 37.8412971497 22.5000019073
      vertex 25.135137558 37.715171814 22.5000019073
    endloop
  endfacet
  facet normal 1 0 0
    outer loop
      vertex 25.135137558 37.715171814 22
      vertex 25.135137558 37.8665237427 22
      vertex 25.135137558 37.8412971497 22.5000019073
    endloop
  endfacet
  facet normal 0.461575835943 0 -0.887100756168
    outer loop
      vertex 25.135137558 37.715171814 22.5000019073
      vertex 28.0463542938 36.2004089355 22.5000019073
      vertex 25.135137558 37.715171814 22
    endloop
  endfacet
  facet normal 0.461576014757 -1.30199430259e-06 -0.887100636959
    outer loop
      vertex 28.6286029816 35.8974533081 22
      vertex 25.135137558 37.715171814 22
      vertex 28.0463542938 36.2004089355 22.5000019073
    endloop
  endfacet
  facet normal -0 -1 0
    outer loop
      vertex 28.6286029816 35.8974533081 22
      vertex 26.9904613495 29.3454685211 22
      vertex 25.135137558 37.715171814 22
    endloop
  endfacet
  facet normal -0.970137476921 -6.65341600741e-17 -0.24255566299
    outer loop
      vertex 28.6286029816 35.8974533081 22
      vertex 26.9904613495 29.3454685211 18.8999996185
      vertex 26.9904613495 29.3454685211 22
    endloop
  endfacet
  facet normal 0.305321067572 -0 0.952249467373
    outer loop
      vertex 26.9904613495 29.3454685211 18.8999996185
      vertex 27.4736785889 29.5004024506 18.4687919617
      vertex 26.9904613495 29.3454685211 22
    endloop
  endfacet
  facet normal 0.303059518337 -0.000341159960954 0.952971577644
    outer loop
      vertex 26.9904613495 29.3454685211 22
      vertex 27.4736785889 29.5004024506 18.4687919617
      vertex 27.4881420135 29.5037384033 22
    endloop
  endfacet
  facet normal 0 -1 -0
    outer loop
      vertex 27.4885559082 29.5019283295 22
      vertex 27.4881420135 29.5037384033 22
      vertex 27.5164966583 29.5100688934 22
    endloop
  endfacet
  facet normal -0 -1 -0
    outer loop
      vertex 28.0062351227 29.5696640015 22
      vertex 27.5164966583 29.5100688934 22
      vertex 28.0632572174 29.5797748566 22
    endloop
  endfacet
  facet normal 0 -1 0
    outer loop
      vertex 27.4885559082 29.5019283295 22
      vertex 27.5164966583 29.5100688934 22
      vertex 28.0062351227 29.5696640015 22
    endloop
  endfacet
  facet normal 0.129735469818 0.00377884623595 0.991541445255
    outer loop
      vertex 27.4885559082 29.5019283295 22
      vertex 27.960226059 29.5655479431 22.5000019073
      vertex 27.5288257599 29.509103775 22.5000019073
    endloop
  endfacet
  facet normal 0.129735589027 0.00377873284742 0.991541445255
    outer loop
      vertex 27.4885559082 29.5019283295 22
      vertex 28.0062351227 29.5696640015 22
      vertex 27.960226059 29.5655479431 22.5000019073
    endloop
  endfacet
  facet normal 0.0328715853393 -0.00519959209487 0.999446034431
    outer loop
      vertex 28.0062351227 29.5696640015 22
      vertex 28.0625209808 29.5689125061 22.5000019073
      vertex 27.960226059 29.5655479431 22.5000019073
    endloop
  endfacet
  facet normal -0.0441286712885 0.00346686784178 0.999019861221
    outer loop
      vertex 28.497171402 29.5497131348 22.5000019073
      vertex 28.0625209808 29.5689125061 22.5000019073
      vertex 28.5278167725 29.5466251373 22
    endloop
  endfacet
  facet normal -0.0441267192364 0.00346868974157 0.999019920826
    outer loop
      vertex 28.0062351227 29.5696640015 22
      vertex 28.5278167725 29.5466251373 22
      vertex 28.0625209808 29.5689125061 22.5000019073
    endloop
  endfacet
  facet normal -0.171333581209 -0.00441524852067 0.985203206539
    outer loop
      vertex 28.5278167725 29.5466251373 22
      vertex 28.5980091095 29.5321769714 22.5000019073
      vertex 28.497171402 29.5497131348 22.5000019073
    endloop
  endfacet
  facet normal -0.216661080718 0.00220891251229 0.976244390011
    outer loop
      vertex 29.0227508545 29.4379138947 22.5000019073
      vertex 28.5980091095 29.5321769714 22.5000019073
      vertex 29.0375099182 29.433506012 22
    endloop
  endfacet
  facet normal -0.216663122177 0.00220702798106 0.976243913174
    outer loop
      vertex 28.5278167725 29.5466251373 22
      vertex 29.0375099182 29.433506012 22
      vertex 28.5980091095 29.5321769714 22.5000019073
    endloop
  endfacet
  facet normal 0 -1 0
    outer loop
      vertex 28.5278167725 29.5466251373 22
      vertex 28.6137657166 29.5524215698 22
      vertex 29.0375099182 29.433506012 22
    endloop
  endfacet
  facet normal 0 -1 -0
    outer loop
      vertex 28.5278167725 29.5466251373 22
      vertex 28.0632572174 29.5797748566 22
      vertex 28.6137657166 29.5524215698 22
    endloop
  endfacet
  facet normal 0 -1 0
    outer loop
      vertex 32.6168632507 33.8222808838 18
      vertex 32.2945976257 33.9643592834 18
      vertex 29.449514389 35.4703178406 18
    endloop
  endfacet
  facet normal 0.461576700211 1.89367926851e-06 -0.887100279331
    outer loop
      vertex 29.449514389 35.4703178406 18
      vertex 28.6286029816 35.8974533081 18.8999996185
      vertex 32.6168632507 33.8222808838 18
    endloop
  endfacet
  facet normal -0.577605366707 0.000450200663181 0.816316008568
    outer loop
      vertex 35.8764572144 -20.8359851837 18
      vertex 36.0913047791 -20.995174408 5
      vertex 36.1928710938 -21.0598716736 18
    endloop
  endfacet
  facet normal -0.471396833658 -0.00070607161615 0.881920933723
    outer loop
      vertex 36.1928710938 -21.0598716736 18
      vertex 36.0913047791 -20.995174408 5
      vertex 36.5667304993 -21.2492961884 5
    endloop
  endfacet
  facet normal -0.45708283782 -0.000185093624168 0.889424085617
    outer loop
      vertex 36.1928710938 -21.0598716736 18
      vertex 36.5667304993 -21.2492961884 5
      vertex 36.5376205444 -21.2370414734 18
    endloop
  endfacet
  facet normal 0.9569414258 -0.000449238752481 -0.290280759335
    outer loop
      vertex 40.3020591736 -18.1055488586 18
      vertex 40.3161773682 -18.1722049713 5
      vertex 40.1596908569 -17.6563358307 5
    endloop
  endfacet
  facet normal 0.945491194725 0.00089821498841 -0.325646489859
    outer loop
      vertex 40.3020591736 -18.1055488586 18
      vertex 40.1596908569 -17.6563358307 5
      vertex 40.1044425964 -17.5317783356 18
    endloop
  endfacet
  facet normal 0.881920874119 -0.000768427096773 -0.471396803856
    outer loop
      vertex 40.1044425964 -17.5317783356 18
      vertex 40.1596908569 -17.6563358307 5
      vertex 39.9055709839 -17.1809101105 5
    endloop
  endfacet
  facet normal 0.851047873497 0.00115295569412 -0.525086820126
    outer loop
      vertex 40.1044425964 -17.5317783356 18
      vertex 39.9055709839 -17.1809101105 5
      vertex 39.7857933044 -17.0153198242 18
    endloop
  endfacet
  facet normal 0.773006975651 -0.000958432501648 -0.634396791458
    outer loop
      vertex 39.7857933044 -17.0153198242 18
      vertex 39.9055709839 -17.1809101105 5
      vertex 39.5635795593 -16.7641944885 5
    endloop
  endfacet
  facet normal 0.71516084671 0.00127751915716 -0.698958754539
    outer loop
      vertex 39.7857933044 -17.0153198242 18
      vertex 39.5635795593 -16.7641944885 5
      vertex 39.3616333008 -16.5813293457 18
    endloop
  endfacet
  facet normal 0.554789125919 0.00101829716004 -0.831990361214
    outer loop
      vertex 39.3616333008 -16.5813293457 18
      vertex 39.1468658447 -16.4222068787 5
      vertex 38.9131278992 -16.2822551727 18
    endloop
  endfacet
  facet normal 0.471400141716 -0.00101852207445 -0.881918847561
    outer loop
      vertex 38.9131278992 -16.2822551727 18
      vertex 39.1468658447 -16.4222068787 5
      vertex 38.6714401245 -16.1680831909 5
    endloop
  endfacet
  facet normal 0.381819397211 0.0010185680585 -0.924236416817
    outer loop
      vertex 38.9131278992 -16.2822551727 18
      vertex 38.6714401245 -16.1680831909 5
      vertex 38.414894104 -16.0764255524 18
    endloop
  endfacet
  facet normal 0 -1 0
    outer loop
      vertex 36.8510742188 -14.5247907639 18
      vertex 38.9131278992 -16.2822551727 18
      vertex 38.414894104 -16.0764255524 18
    endloop
  endfacet
  facet normal 0 -1 0
    outer loop
      vertex 36.8510742188 -14.5247907639 18
      vertex 38.414894104 -16.0764255524 18
      vertex 37.8860816956 -15.9717493057 18
    endloop
  endfacet
  facet normal -0 -1 0
    outer loop
      vertex 37.8860816956 -15.9717493057 18
      vertex 37.3470077515 -15.9722499847 18
      vertex 36.8510742188 -14.5247907639 18
    endloop
  endfacet
  facet normal 0 -1 0
    outer loop
      vertex 36.8510742188 -14.5247907639 18
      vertex 37.3470077515 -15.9722499847 18
      vertex 36.8183898926 -16.0779075623 18
    endloop
  endfacet
  facet normal 0 -1 0
    outer loop
      vertex 36.8510742188 -14.5247907639 18
      vertex 36.8183898926 -16.0779075623 18
      vertex 36.3205375671 -16.2846622467 18
    endloop
  endfacet
  facet normal -0 -1 -0
    outer loop
      vertex 36.3205375671 -16.2846622467 18
      vertex 35.8725891113 -16.584569931 18
      vertex 36.8510742188 -14.5247907639 18
    endloop
  endfacet
  facet normal 0 -1 0
    outer loop
      vertex 36.8510742188 -14.5247907639 18
      vertex 35.8725891113 -16.584569931 18
      vertex 35.4917564392 -16.9661026001 18
    endloop
  endfacet
  facet normal 0 -1 0
    outer loop
      vertex 36.8510742188 -14.5247907639 18
      vertex 35.4917564392 -16.9661026001 18
      vertex 33.365814209 -18.779548645 18
    endloop
  endfacet
  facet normal -0.547012627125 -0.707106471062 -0.448082119226
    outer loop
      vertex 36.8510742188 -14.5247907639 18
      vertex 33.365814209 -18.779548645 18
      vertex 36.0774841309 -13.8911075592 19
    endloop
  endfacet
  facet normal -0.547012388706 -0.707106769085 -0.448082029819
    outer loop
      vertex 36.0774841309 -13.8911075592 19
      vertex 33.365814209 -18.779548645 18
      vertex 32.5922241211 -18.1458644867 19
    endloop
  endfacet
  facet normal 0 -1 0
    outer loop
      vertex 33.365814209 -18.779548645 18
      vertex 35.1950340271 -20.007188797 18
      vertex 35.4949302673 -20.4551429749 18
    endloop
  endfacet
  facet normal -0.830970466137 0.00101849518251 0.556315541267
    outer loop
      vertex 35.1950340271 -20.007188797 18
      vertex 35.3325996399 -20.2364711761 5
      vertex 35.4949302673 -20.4551429749 18
    endloop
  endfacet
  facet normal -0.77301132679 -0.00101854174864 0.63439142704
    outer loop
      vertex 35.4949302673 -20.4551429749 18
      vertex 35.3325996399 -20.2364711761 5
      vertex 35.6745872498 -20.6531848907 5
    endloop
  endfacet
  facet normal -0.706468224525 0.00101852335501 0.707744002342
    outer loop
      vertex 35.4949302673 -20.4551429749 18
      vertex 35.6745872498 -20.6531848907 5
      vertex 35.8764572144 -20.8359851837 18
    endloop
  endfacet
  facet normal 0 1 0
    outer loop
      vertex 34.8690834045 -24.9586906433 5
      vertex 35.6745872498 -20.6531848907 5
      vertex 35.3325996399 -20.2364711761 5
    endloop
  endfacet
  facet normal 0 1 0
    outer loop
      vertex 34.8690834045 -24.9586906433 5
      vertex 35.3325996399 -20.2364711761 5
      vertex 35.0784797668 -19.7610435486 5
    endloop
  endfacet
  facet normal 0 1 0
    outer loop
      vertex 35.0784797668 -19.7610435486 5
      vertex 34.9219894409 -19.245174408 5
      vertex 34.8690834045 -24.9586906433 5
    endloop
  endfacet
  facet normal 0 1 0
    outer loop
      vertex 34.8690834045 -24.9586906433 5
      vertex 34.9219894409 -19.245174408 5
      vertex 34.8690834045 -18.7086906433 5
    endloop
  endfacet
  facet normal -1 -0 -0
    outer loop
      vertex 34.8690834045 -24.9586906433 5
      vertex 34.8690834045 -18.7086906433 5
      vertex 34.8690834045 -24.9586906433 2.5
    endloop
  endfacet
  facet normal -0.998664498329 0 0.0516648776829
    outer loop
      vertex 34.8690834045 -24.9586906433 2.5
      vertex 34.8851699829 -25.2696380615 5.95848518969e-07
      vertex 34.8690834045 -24.9586906433 5
    endloop
  endfacet
  facet normal -0.994989812374 0.00301344785839 0.09993070364
    outer loop
      vertex 34.8690834045 -24.9586906433 5
      vertex 34.8851699829 -25.2696380615 5.95848518969e-07
      vertex 34.9267158508 -25.5325164795 5
    endloop
  endfacet
  facet normal 0 1 0
    outer loop
      vertex 34.9267158508 -25.5325164795 5
      vertex 35.8690490723 -24.9723091125 5
      vertex 34.8690834045 -24.9586906433 5
    endloop
  endfacet
  facet normal -0 1 0
    outer loop
      vertex 34.8690834045 -24.9586906433 5
      vertex 35.8690490723 -24.9723091125 5
      vertex 35.9286804199 -24.5193767548 5
    endloop
  endfacet
  facet normal 0 1 0
    outer loop
      vertex 34.8690834045 -24.9586906433 5
      vertex 35.9286804199 -24.5193767548 5
      vertex 36.1035079956 -24.0973091125 5
    endloop
  endfacet
  facet normal 0.923879265785 0 0.382684111595
    outer loop
      vertex 35.9286804199 -24.5193767548 5
      vertex 35.9286804199 -24.5193767548 5.95848518969e-07
      vertex 36.1035079956 -24.0973091125 5
    endloop
  endfacet
  facet normal 0.923879265785 0 0.382684111595
    outer loop
      vertex 36.1035079956 -24.0973091125 5
      vertex 35.9286804199 -24.5193767548 5.95848518969e-07
      vertex 36.1035079956 -24.0973091125 5.95848518969e-07
    endloop
  endfacet
  facet normal 0.79335308075 0 0.60876172781
    outer loop
      vertex 36.1035079956 -24.0973091125 5
      vertex 36.1035079956 -24.0973091125 5.95848518969e-07
      vertex 36.3816146851 -23.734872818 5
    endloop
  endfacet
  facet normal 0 1 0
    outer loop
      vertex 36.3816146851 -23.734872818 5
      vertex 36.0913047791 -20.995174408 5
      vertex 36.1035079956 -24.0973091125 5
    endloop
  endfacet
  facet normal 0 1 0
    outer loop
      vertex 36.1035079956 -24.0973091125 5
      vertex 36.0913047791 -20.995174408 5
      vertex 35.6745872498 -20.6531848907 5
    endloop
  endfacet
  facet normal 0.79335308075 0 0.60876172781
    outer loop
      vertex 36.3816146851 -23.734872818 5
      vertex 36.1035079956 -24.0973091125 5.95848518969e-07
      vertex 36.3816146851 -23.734872818 5.95848518969e-07
    endloop
  endfacet
  facet normal 0.60876095295 0 0.793353676796
    outer loop
      vertex 36.3816146851 -23.734872818 5
      vertex 36.3816146851 -23.734872818 5.95848518969e-07
      vertex 36.7440490723 -23.4567661285 5
    endloop
  endfacet
  facet normal 0 1 0
    outer loop
      vertex 36.7440490723 -23.4567661285 5
      vertex 36.5667304993 -21.2492961884 5
      vertex 36.3816146851 -23.734872818 5
    endloop
  endfacet
  facet normal 0 1 0
    outer loop
      vertex 36.7440490723 -23.4567661285 5
      vertex 37.0825996399 -21.4057826996 5
      vertex 36.5667304993 -21.2492961884 5
    endloop
  endfacet
  facet normal -0.290284723043 -0.000914370815735 0.95693987608
    outer loop
      vertex 36.9038581848 -21.3639831543 18
      vertex 36.5667304993 -21.2492961884 5
      vertex 37.0825996399 -21.4057826996 5
    endloop
  endfacet
  facet normal -0.191386714578 0.000524431059603 0.981514573097
    outer loop
      vertex 36.9038581848 -21.3639831543 18
      vertex 37.0825996399 -21.4057826996 5
      vertex 37.2843017578 -21.438167572 18
    endloop
  endfacet
  facet normal 0.0894397944212 -0.000321766216075 0.995992183685
    outer loop
      vertex 37.6714019775 -21.4581241608 18
      vertex 37.6190834045 -21.4586219788 5
      vertex 38.0574569702 -21.423456192 18
    endloop
  endfacet
  facet normal 0.0980164334178 -0.000613164447714 0.995184600353
    outer loop
      vertex 38.0574569702 -21.423456192 18
      vertex 37.6190834045 -21.4586219788 5
      vertex 38.1555709839 -21.4057826996 5
    endloop
  endfacet
  facet normal 0 1 0
    outer loop
      vertex 38.0719833374 -23.2819404602 5
      vertex 38.1555709839 -21.4057826996 5
      vertex 37.6190834045 -21.4586219788 5
    endloop
  endfacet
  facet normal 0 1 0
    outer loop
      vertex 38.0719833374 -23.2819404602 5
      vertex 37.6190834045 -21.4586219788 5
      vertex 37.6190490723 -23.2223072052 5
    endloop
  endfacet
  facet normal -0.130531847477 0 0.99144411087
    outer loop
      vertex 37.6190490723 -23.2223072052 5
      vertex 37.6190490723 -23.2223072052 5.95848518969e-07
      vertex 38.0719833374 -23.2819404602 5
    endloop
  endfacet
  facet normal -0.130531847477 0 0.99144411087
    outer loop
      vertex 38.0719833374 -23.2819404602 5
      vertex 37.6190490723 -23.2223072052 5.95848518969e-07
      vertex 38.0719833374 -23.2819404602 5.95848518969e-07
    endloop
  endfacet
  facet normal -0.382685959339 0 0.923878490925
    outer loop
      vertex 38.0719833374 -23.2819404602 5
      vertex 38.0719833374 -23.2819404602 5.95848518969e-07
      vertex 38.4940490723 -23.4567661285 5
    endloop
  endfacet
  facet normal -0.382685959339 0 0.923878490925
    outer loop
      vertex 38.4940490723 -23.4567661285 5
      vertex 38.0719833374 -23.2819404602 5.95848518969e-07
      vertex 38.4940490723 -23.4567661285 5.95848518969e-07
    endloop
  endfacet
  facet normal -0.608755886555 0 0.793357551098
    outer loop
      vertex 38.4940490723 -23.4567661285 5
      vertex 38.4940490723 -23.4567661285 5.95848518969e-07
      vertex 38.8564872742 -23.734872818 5
    endloop
  endfacet
  facet normal 0 1 0
    outer loop
      vertex 38.8564872742 -23.734872818 5
      vertex 38.6714401245 -21.2492961884 5
      vertex 38.4940490723 -23.4567661285 5
    endloop
  endfacet
  facet normal 0 1 0
    outer loop
      vertex 38.4940490723 -23.4567661285 5
      vertex 38.6714401245 -21.2492961884 5
      vertex 38.1555709839 -21.4057826996 5
    endloop
  endfacet
  facet normal 0.290284693241 -0.0010139385704 0.956939816475
    outer loop
      vertex 38.4348068237 -21.3348522186 18
      vertex 38.1555709839 -21.4057826996 5
      vertex 38.6714401245 -21.2492961884 5
    endloop
  endfacet
  facet normal 0 1 0
    outer loop
      vertex 38.8564872742 -23.734872818 5
      vertex 39.1468658447 -20.995174408 5
      vertex 38.6714401245 -21.2492961884 5
    endloop
  endfacet
  facet normal 0.471396803856 -0.000768314872403 0.881920874119
    outer loop
      vertex 38.7959480286 -21.1940689087 18
      vertex 38.6714401245 -21.2492961884 5
      vertex 39.1468658447 -20.995174408 5
    endloop
  endfacet
  facet normal 0.490588188171 -8.91736344784e-05 0.871391534805
    outer loop
      vertex 38.7959480286 -21.1940689087 18
      vertex 39.1468658447 -20.995174408 5
      vertex 39.1337089539 -21.003911972 18
    endloop
  endfacet
  facet normal 0 1 0
    outer loop
      vertex 39.1345939636 -24.0973091125 5
      vertex 39.1468658447 -20.995174408 5
      vertex 38.8564872742 -23.734872818 5
    endloop
  endfacet
  facet normal -0.793355643749 0 0.608758449554
    outer loop
      vertex 38.8564872742 -23.734872818 5
      vertex 38.8564872742 -23.734872818 5.95848518969e-07
      vertex 39.1345939636 -24.0973091125 5
    endloop
  endfacet
  facet normal -0.793355643749 0 0.608758449554
    outer loop
      vertex 39.1345939636 -24.0973091125 5
      vertex 38.8564872742 -23.734872818 5.95848518969e-07
      vertex 39.1345939636 -24.0973091125 5.95848518969e-07
    endloop
  endfacet
  facet normal -0.923877418041 0 0.382688581944
    outer loop
      vertex 39.1345939636 -24.0973091125 5
      vertex 39.1345939636 -24.0973091125 5.95848518969e-07
      vertex 39.3094215393 -24.5193767548 5
    endloop
  endfacet
  facet normal 0 1 0
    outer loop
      vertex 40.3690185547 -24.9586906433 5
      vertex 39.1345939636 -24.0973091125 5
      vertex 39.3094215393 -24.5193767548 5
    endloop
  endfacet
  facet normal 0 1 0
    outer loop
      vertex 39.3094215393 -24.5193767548 5
      vertex 39.3690490723 -24.9723091125 5
      vertex 40.3690185547 -24.9586906433 5
    endloop
  endfacet
  facet normal -0 1 0
    outer loop
      vertex 39.3690490723 -24.9723091125 5
      vertex 40.3113861084 -25.5325164795 5
      vertex 40.3690185547 -24.9586906433 5
    endloop
  endfacet
  facet normal 0.994994342327 0.000278378167422 0.0999311506748
    outer loop
      vertex 40.3113861084 -25.5325164795 5
      vertex 40.3690490723 -24.9723091125 5.95848518969e-07
      vertex 40.3690185547 -24.9586906433 5
    endloop
  endfacet
  facet normal 0.999997377396 0 -0.00228751823306
    outer loop
      vertex 40.3690185547 -24.9586906433 5
      vertex 40.3690490723 -24.9723091125 5.95848518969e-07
      vertex 40.3690185547 -24.9586906433 2.5
    endloop
  endfacet
  facet normal 1 0 0
    outer loop
      vertex 40.3690185547 -18.7086906433 2.5
      vertex 40.3690185547 -24.9586906433 5
      vertex 40.3690185547 -24.9586906433 2.5
    endloop
  endfacet
  facet normal 0 -1 -0
    outer loop
      vertex 40.3690185547 -24.9586906433 2.5
      vertex 40.2974815369 -24.3490009308 2.5
      vertex 40.3690185547 -18.7086906433 2.5
    endloop
  endfacet
  facet normal 0 -1 0
    outer loop
      vertex 40.3690185547 -18.7086906433 2.5
      vertex 40.2974815369 -24.3490009308 2.5
      vertex 40.0924797058 -23.7703723907 2.5
    endloop
  endfacet
  facet normal 0 -1 0
    outer loop
      vertex 40.3690185547 -18.7086906433 2.5
      vertex 40.0924797058 -23.7703723907 2.5
      vertex 39.7642250061 -23.2516345978 2.5
    endloop
  endfacet
  facet normal 0 -1 -0
    outer loop
      vertex 39.7642250061 -23.2516345978 2.5
      vertex 39.3290786743 -22.8186378479 2.5
      vertex 40.3690185547 -18.7086906433 2.5
    endloop
  endfacet
  facet normal 0 -1 0
    outer loop
      vertex 40.3690185547 -18.7086906433 2.5
      vertex 39.3290786743 -22.8186378479 2.5
      vertex 38.8087234497 -22.4929599762 2.5
    endloop
  endfacet
  facet normal 0 -1 0
    outer loop
      vertex 40.3690185547 -18.7086906433 2.5
      vertex 38.8087234497 -22.4929599762 2.5
      vertex 38.2290878296 -22.2908267975 2.5
    endloop
  endfacet
  facet normal 0 -1 0
    outer loop
      vertex 38.2290878296 -22.2908267975 2.5
      vertex 39.563583374 -16.764169693 2.5
      vertex 40.3690185547 -18.7086906433 2.5
    endloop
  endfacet
  facet normal 0 -1 0
    outer loop
      vertex 39.563583374 -16.764169693 2.5
      vertex 39.9055709839 -17.1808929443 2.5
      vertex 40.3690185547 -18.7086906433 2.5
    endloop
  endfacet
  facet normal 0 -1 0
    outer loop
      vertex 40.3690185547 -18.7086906433 2.5
      vertex 39.9055709839 -17.1808929443 2.5
      vertex 40.1596908569 -17.6563262939 2.5
    endloop
  endfacet
  facet normal 0 -1 0
    outer loop
      vertex 40.3690185547 -18.7086906433 2.5
      vertex 40.1596908569 -17.6563262939 2.5
      vertex 40.3161773682 -18.1721992493 2.5
    endloop
  endfacet
  facet normal 0.995184421539 0 -0.0980199873447
    outer loop
      vertex 40.3161773682 -18.1721992493 2.5
      vertex 40.3161773682 -18.1721992493 5
      vertex 40.3690185547 -18.7086906433 2.5
    endloop
  endfacet
  facet normal 0.995184421539 0 -0.0980199873447
    outer loop
      vertex 40.3690185547 -18.7086906433 2.5
      vertex 40.3161773682 -18.1721992493 5
      vertex 40.3690185547 -18.7086906433 5
    endloop
  endfacet
  facet normal 0.956942260265 0 -0.290278315544
    outer loop
      vertex 40.1596908569 -17.6563262939 2.5
      vertex 40.3161773682 -18.1721992493 5
      vertex 40.3161773682 -18.1721992493 2.5
    endloop
  endfacet
  facet normal 0.956942260265 0 -0.290278315544
    outer loop
      vertex 40.1596908569 -17.6563262939 2.5
      vertex 40.1596908569 -17.6563262939 5
      vertex 40.3161773682 -18.1721992493 5
    endloop
  endfacet
  facet normal 0 1 0
    outer loop
      vertex 40.1596908569 -17.6563262939 5
      vertex 40.1596908569 -17.6563358307 5
      vertex 40.3161773682 -18.1721992493 5
    endloop
  endfacet
  facet normal 0.88192409277 -1.41967685043e-17 -0.471391409636
    outer loop
      vertex 39.9055709839 -17.1808929443 2.5
      vertex 40.1596908569 -17.6563262939 5
      vertex 40.1596908569 -17.6563262939 2.5
    endloop
  endfacet
  facet normal 0.88192409277 0 -0.471391409636
    outer loop
      vertex 39.9055709839 -17.1808929443 2.5
      vertex 39.9055709839 -17.1808929443 5
      vertex 40.1596908569 -17.6563262939 5
    endloop
  endfacet
  facet normal 0 1 0
    outer loop
      vertex 39.9055709839 -17.1808929443 5
      vertex 39.9055709839 -17.1809101105 5
      vertex 40.1596908569 -17.6563262939 5
    endloop
  endfacet
  facet normal 0.77301889658 0 -0.634383022785
    outer loop
      vertex 39.563583374 -16.764169693 2.5
      vertex 39.9055709839 -17.1808929443 5
      vertex 39.9055709839 -17.1808929443 2.5
    endloop
  endfacet
  facet normal 0.77301889658 0 -0.634383022785
    outer loop
      vertex 39.563583374 -16.764169693 2.5
      vertex 39.563583374 -16.764169693 5
      vertex 39.9055709839 -17.1808929443 5
    endloop
  endfacet
  facet normal 0 1 -0
    outer loop
      vertex 39.563583374 -16.764169693 5
      vertex 39.5635795593 -16.7641944885 5
      vertex 39.9055709839 -17.1808929443 5
    endloop
  endfacet
  facet normal 0 1 0
    outer loop
      vertex 39.563583374 -16.764169693 5
      vertex 39.1468658447 -16.4222068787 5
      vertex 39.5635795593 -16.7641944885 5
    endloop
  endfacet
  facet normal 0 1 -0
    outer loop
      vertex 39.1468696594 -16.4221725464 5
      vertex 39.1468658447 -16.4222068787 5
      vertex 39.563583374 -16.764169693 5
    endloop
  endfacet
  facet normal 0.634402394295 0 -0.77300298214
    outer loop
      vertex 39.1468696594 -16.4221725464 2.5
      vertex 39.1468696594 -16.4221725464 5
      vertex 39.563583374 -16.764169693 5
    endloop
  endfacet
  facet normal 0.471410781145 0 -0.881913781166
    outer loop
      vertex 38.6714439392 -16.1680412292 2.5
      vertex 39.1468696594 -16.4221725464 5
      vertex 39.1468696594 -16.4221725464 2.5
    endloop
  endfacet
  facet normal 0 -1 0
    outer loop
      vertex 38.2290878296 -22.2908267975 2.5
      vertex 38.6714439392 -16.1680412292 2.5
      vertex 39.1468696594 -16.4221725464 2.5
    endloop
  endfacet
  facet normal 0 -1 -0
    outer loop
      vertex 38.2290878296 -22.2908267975 2.5
      vertex 38.1555747986 -16.0115413666 2.5
      vertex 38.6714439392 -16.1680412292 2.5
    endloop
  endfacet
  facet normal 0.290309280157 7.09838425217e-18 -0.956932902336
    outer loop
      vertex 38.1555747986 -16.0115413666 2.5
      vertex 38.6714439392 -16.1680412292 5
      vertex 38.6714439392 -16.1680412292 2.5
    endloop
  endfacet
  facet normal 0.290309280157 0 -0.956932902336
    outer loop
      vertex 38.1555747986 -16.0115413666 2.5
      vertex 38.1555747986 -16.0115413666 5
      vertex 38.6714439392 -16.1680412292 5
    endloop
  endfacet
  facet normal 0 1 0
    outer loop
      vertex 38.1555747986 -16.0115413666 5
      vertex 38.6714401245 -16.1680831909 5
      vertex 38.6714439392 -16.1680412292 5
    endloop
  endfacet
  facet normal 0 1 -0
    outer loop
      vertex 38.1555747986 -16.0115413666 5
      vertex 38.1555709839 -16.0115947723 5
      vertex 38.6714401245 -16.1680831909 5
    endloop
  endfacet
  facet normal 0 1 0
    outer loop
      vertex 37.6190834045 -15.9586896896 5
      vertex 38.1555709839 -16.0115947723 5
      vertex 38.1555747986 -16.0115413666 5
    endloop
  endfacet
  facet normal 0 1 0
    outer loop
      vertex 37.6190834045 -15.9586896896 5
      vertex 37.6190834045 -15.9587564468 5
      vertex 38.1555709839 -16.0115947723 5
    endloop
  endfacet
  facet normal 0.0980163961649 -0.00101845664904 -0.99518430233
    outer loop
      vertex 37.8860816956 -15.9717493057 18
      vertex 38.1555709839 -16.0115947723 5
      vertex 37.6190834045 -15.9587564468 5
    endloop
  endfacet
  facet normal 0 1 -0
    outer loop
      vertex 37.6190834045 -15.9586896896 5
      vertex 37.0825996399 -16.0115947723 5
      vertex 37.6190834045 -15.9587564468 5
    endloop
  endfacet
  facet normal -0.0980172678828 -0.00101840205025 -0.995184183121
    outer loop
      vertex 37.3470077515 -15.9722499847 18
      vertex 37.6190834045 -15.9587564468 5
      vertex 37.0825996399 -16.0115947723 5
    endloop
  endfacet
  facet normal -0 1 0
    outer loop
      vertex 37.0825843811 -16.0115299225 5
      vertex 37.0825996399 -16.0115947723 5
      vertex 37.6190834045 -15.9586896896 5
    endloop
  endfacet
  facet normal -0.0980186834931 0 -0.995184600353
    outer loop
      vertex 37.6190834045 -15.9586896896 2.5
      vertex 37.0825843811 -16.0115299225 5
      vertex 37.6190834045 -15.9586896896 5
    endloop
  endfacet
  facet normal 0.0980375930667 0 -0.995182693005
    outer loop
      vertex 37.6190834045 -15.9586896896 2.5
      vertex 37.6190834045 -15.9586896896 5
      vertex 38.1555747986 -16.0115413666 2.5
    endloop
  endfacet
  facet normal 0 -1 0
    outer loop
      vertex 37.6190490723 -22.2223091125 2.5
      vertex 37.6190834045 -15.9586896896 2.5
      vertex 38.1555747986 -16.0115413666 2.5
    endloop
  endfacet
  facet normal 0 -1 -0
    outer loop
      vertex 37.6190490723 -22.2223091125 2.5
      vertex 37.0825843811 -16.0115299225 2.5
      vertex 37.6190834045 -15.9586896896 2.5
    endloop
  endfacet
  facet normal 0 -1 0
    outer loop
      vertex 37.0090141296 -22.2908267975 2.5
      vertex 37.0825843811 -16.0115299225 2.5
      vertex 37.6190490723 -22.2223091125 2.5
    endloop
  endfacet
  facet normal -0.111614868045 0.00546276895329 -0.993736505508
    outer loop
      vertex 37.6190490723 -22.2223091125 2.5
      vertex 37.1741485596 -22.2585372925 5.95848518969e-07
      vertex 37.0090141296 -22.2908267975 2.5
    endloop
  endfacet
  facet normal -0.267525702715 -0.00522572454065 -0.963536560535
    outer loop
      vertex 37.0090141296 -22.2908267975 2.5
      vertex 37.1741485596 -22.2585372925 5.95848518969e-07
      vertex 36.6011695862 -22.4176235199 5.95848518969e-07
    endloop
  endfacet
  facet normal -0.329270899296 0.00582710746676 -0.944217503071
    outer loop
      vertex 37.0090141296 -22.2908267975 2.5
      vertex 36.6011695862 -22.4176235199 5.95848518969e-07
      vertex 36.4293785095 -22.4929599762 2.5
    endloop
  endfacet
  facet normal 0 -1 -0
    outer loop
      vertex 36.4293785095 -22.4929599762 2.5
      vertex 34.8690834045 -18.7086906433 2.5
      vertex 37.0090141296 -22.2908267975 2.5
    endloop
  endfacet
  facet normal 0 -1 0
    outer loop
      vertex 37.0090141296 -22.2908267975 2.5
      vertex 34.8690834045 -18.7086906433 2.5
      vertex 35.6745414734 -16.7641468048 2.5
    endloop
  endfacet
  facet normal 0 -1 0
    outer loop
      vertex 37.0090141296 -22.2908267975 2.5
      vertex 35.6745414734 -16.7641468048 2.5
      vertex 36.0912666321 -16.4221477509 2.5
    endloop
  endfacet
  facet normal 0 -1 0
    outer loop
      vertex 36.0912666321 -16.4221477509 2.5
      vertex 36.5667037964 -16.1680202484 2.5
      vertex 37.0090141296 -22.2908267975 2.5
    endloop
  endfacet
  facet normal -0.4713999331 0 -0.881919562817
    outer loop
      vertex 36.0912666321 -16.4221477509 2.5
      vertex 36.5667037964 -16.1680202484 5
      vertex 36.5667037964 -16.1680202484 2.5
    endloop
  endfacet
  facet normal -0.29028275609 0 -0.956940948963
    outer loop
      vertex 36.5667037964 -16.1680202484 2.5
      vertex 36.5667037964 -16.1680202484 5
      vertex 37.0825843811 -16.0115299225 5
    endloop
  endfacet
  facet normal -0.29028275609 7.09838838808e-18 -0.956940948963
    outer loop
      vertex 36.5667037964 -16.1680202484 2.5
      vertex 37.0825843811 -16.0115299225 5
      vertex 37.0825843811 -16.0115299225 2.5
    endloop
  endfacet
  facet normal -0 1 0
    outer loop
      vertex 36.5667037964 -16.1680202484 5
      vertex 36.5667304993 -16.1680831909 5
      vertex 37.0825843811 -16.0115299225 5
    endloop
  endfacet
  facet normal 0 1 -0
    outer loop
      vertex 36.5667037964 -16.1680202484 5
      vertex 36.0913047791 -16.4222068787 5
      vertex 36.5667304993 -16.1680831909 5
    endloop
  endfacet
  facet normal -0.471400141716 -0.00101866689511 -0.881918847561
    outer loop
      vertex 36.3205375671 -16.2846622467 18
      vertex 36.5667304993 -16.1680831909 5
      vertex 36.0913047791 -16.4222068787 5
    endloop
  endfacet
  facet normal -0 1 0
    outer loop
      vertex 36.0912666321 -16.4221477509 5
      vertex 36.0913047791 -16.4222068787 5
      vertex 36.5667037964 -16.1680202484 5
    endloop
  endfacet
  facet normal 0 1 -0
    outer loop
      vertex 36.0912666321 -16.4221477509 5
      vertex 35.6745872498 -16.7641944885 5
      vertex 36.0913047791 -16.4222068787 5
    endloop
  endfacet
  facet normal -0.634389698505 -0.00101860566065 -0.773012697697
    outer loop
      vertex 35.8725891113 -16.584569931 18
      vertex 36.0913047791 -16.4222068787 5
      vertex 35.6745872498 -16.7641944885 5
    endloop
  endfacet
  facet normal -0 1 0
    outer loop
      vertex 35.6745414734 -16.7641468048 5
      vertex 35.6745872498 -16.7641944885 5
      vertex 36.0912666321 -16.4221477509 5
    endloop
  endfacet
  facet normal -0.634394109249 0 -0.773009777069
    outer loop
      vertex 35.6745414734 -16.7641468048 2.5
      vertex 35.6745414734 -16.7641468048 5
      vertex 36.0912666321 -16.4221477509 5
    endloop
  endfacet
  facet normal -0.77300798893 0 -0.634396314621
    outer loop
      vertex 35.3325424194 -17.1808700562 2.5
      vertex 35.6745414734 -16.7641468048 5
      vertex 35.6745414734 -16.7641468048 2.5
    endloop
  endfacet
  facet normal -0.77300798893 0 -0.634396314621
    outer loop
      vertex 35.3325424194 -17.1808700562 2.5
      vertex 35.3325424194 -17.1808700562 5
      vertex 35.6745414734 -16.7641468048 5
    endloop
  endfacet
  facet normal -0 1 0
    outer loop
      vertex 35.3325424194 -17.1808700562 5
      vertex 35.3325996399 -17.1809101105 5
      vertex 35.6745414734 -16.7641468048 5
    endloop
  endfacet
  facet normal 0 1 -0
    outer loop
      vertex 35.3325424194 -17.1808700562 5
      vertex 35.0784797668 -17.6563358307 5
      vertex 35.3325996399 -17.1809101105 5
    endloop
  endfacet
  facet normal -0.881920695305 -0.00101846689358 -0.471396684647
    outer loop
      vertex 35.1926765442 -17.4146003723 18
      vertex 35.3325996399 -17.1809101105 5
      vertex 35.0784797668 -17.6563358307 5
    endloop
  endfacet
  facet normal -0.924228191376 0.00101849238854 -0.38183927536
    outer loop
      vertex 35.1926765442 -17.4146003723 18
      vertex 35.0784797668 -17.6563358307 5
      vertex 34.9868354797 -17.9128284454 18
    endloop
  endfacet
  facet normal 0 -1 0
    outer loop
      vertex 33.365814209 -18.779548645 18
      vertex 35.1926765442 -17.4146003723 18
      vertex 34.9868354797 -17.9128284454 18
    endloop
  endfacet
  facet normal 0 -1 0
    outer loop
      vertex 34.9868354797 -17.9128284454 18
      vertex 34.8821487427 -18.4416408539 18
      vertex 33.365814209 -18.779548645 18
    endloop
  endfacet
  facet normal 0 -1 0
    outer loop
      vertex 33.365814209 -18.779548645 18
      vertex 34.8821487427 -18.4416408539 18
      vertex 34.8826408386 -18.9807186127 18
    endloop
  endfacet
  facet normal 0 -1 0
    outer loop
      vertex 33.365814209 -18.779548645 18
      vertex 34.8826408386 -18.9807186127 18
      vertex 34.9882888794 -19.5093383789 18
    endloop
  endfacet
  facet normal -0.980607688427 0.00101869693026 0.195978403091
    outer loop
      vertex 34.8826408386 -18.9807186127 18
      vertex 34.9219894409 -19.245174408 5
      vertex 34.9882888794 -19.5093383789 18
    endloop
  endfacet
  facet normal -0.995184600353 -0.00101831497159 0.0980128645897
    outer loop
      vertex 34.8826408386 -18.9807186127 18
      vertex 34.8691520691 -18.7086906433 5
      vertex 34.9219894409 -19.245174408 5
    endloop
  endfacet
  facet normal -0.999999046326 0.00101844675373 0.000915717508178
    outer loop
      vertex 34.8821487427 -18.4416408539 18
      vertex 34.8691520691 -18.7086906433 5
      vertex 34.8826408386 -18.9807186127 18
    endloop
  endfacet
  facet normal -0.995184719563 -0.00101857981645 -0.0980119928718
    outer loop
      vertex 34.8821487427 -18.4416408539 18
      vertex 34.9219894409 -18.1722049713 5
      vertex 34.8691520691 -18.7086906433 5
    endloop
  endfacet
  facet normal 0 1 -0
    outer loop
      vertex 34.9219245911 -18.1721916199 5
      vertex 34.8691520691 -18.7086906433 5
      vertex 34.9219894409 -18.1722049713 5
    endloop
  endfacet
  facet normal -0 1 0
    outer loop
      vertex 34.9219245911 -18.1721916199 5
      vertex 34.9219894409 -18.1722049713 5
      vertex 35.078414917 -17.6563110352 5
    endloop
  endfacet
  facet normal -0.956940948963 0 -0.29028275609
    outer loop
      vertex 34.9219245911 -18.1721916199 2.5
      vertex 34.9219245911 -18.1721916199 5
      vertex 35.078414917 -17.6563110352 5
    endloop
  endfacet
  facet normal -0.956940948963 -7.09838838808e-18 -0.29028275609
    outer loop
      vertex 34.9219245911 -18.1721916199 2.5
      vertex 35.078414917 -17.6563110352 5
      vertex 35.078414917 -17.6563110352 2.5
    endloop
  endfacet
  facet normal 0 -1 0
    outer loop
      vertex 34.9219245911 -18.1721916199 2.5
      vertex 35.078414917 -17.6563110352 2.5
      vertex 34.8690834045 -18.7086906433 2.5
    endloop
  endfacet
  facet normal -0.995184600353 0 -0.0980186834931
    outer loop
      vertex 34.8690834045 -18.7086906433 2.5
      vertex 34.8690834045 -18.7086906433 5
      vertex 34.9219245911 -18.1721916199 2.5
    endloop
  endfacet
  facet normal 0 -1 0
    outer loop
      vertex 34.8690834045 -18.7086906433 2.5
      vertex 35.078414917 -17.6563110352 2.5
      vertex 35.3325424194 -17.1808700562 2.5
    endloop
  endfacet
  facet normal -0.88192152977 0 -0.471396237612
    outer loop
      vertex 35.078414917 -17.6563110352 2.5
      vertex 35.078414917 -17.6563110352 5
      vertex 35.3325424194 -17.1808700562 5
    endloop
  endfacet
  facet normal -0.995184600353 0 -0.0980186834931
    outer loop
      vertex 34.9219245911 -18.1721916199 2.5
      vertex 34.8690834045 -18.7086906433 5
      vertex 34.9219245911 -18.1721916199 5
    endloop
  endfacet
  facet normal 0 1 -0
    outer loop
      vertex 35.078414917 -17.6563110352 5
      vertex 34.9219894409 -18.1722049713 5
      vertex 35.0784797668 -17.6563358307 5
    endloop
  endfacet
  facet normal -0 1 0
    outer loop
      vertex 34.8690834045 -18.7086906433 5
      vertex 34.8691520691 -18.7086906433 5
      vertex 34.9219245911 -18.1721916199 5
    endloop
  endfacet
  facet normal -0.980961441994 0.00101858447306 -0.194199919701
    outer loop
      vertex 34.9868354797 -17.9128284454 18
      vertex 34.9219894409 -18.1722049713 5
      vertex 34.8821487427 -18.4416408539 18
    endloop
  endfacet
  facet normal -0.956938564777 -0.00101841124706 -0.290288776159
    outer loop
      vertex 34.9868354797 -17.9128284454 18
      vertex 35.0784797668 -17.6563358307 5
      vertex 34.9219894409 -18.1722049713 5
    endloop
  endfacet
  facet normal -0.831980109215 0.00101842812728 -0.554804563522
    outer loop
      vertex 35.4917564392 -16.9661026001 18
      vertex 35.3325996399 -17.1809101105 5
      vertex 35.1926765442 -17.4146003723 18
    endloop
  endfacet
  facet normal -0.77301132679 -0.00101857748814 -0.63439142704
    outer loop
      vertex 35.4917564392 -16.9661026001 18
      vertex 35.6745872498 -16.7641944885 5
      vertex 35.3325996399 -17.1809101105 5
    endloop
  endfacet
  facet normal -0 1 0
    outer loop
      vertex 35.078414917 -17.6563110352 5
      vertex 35.0784797668 -17.6563358307 5
      vertex 35.3325424194 -17.1808700562 5
    endloop
  endfacet
  facet normal -0.88192152977 0 -0.471396237612
    outer loop
      vertex 35.078414917 -17.6563110352 2.5
      vertex 35.3325424194 -17.1808700562 5
      vertex 35.3325424194 -17.1808700562 2.5
    endloop
  endfacet
  facet normal 0 1 -0
    outer loop
      vertex 35.6745414734 -16.7641468048 5
      vertex 35.3325996399 -17.1809101105 5
      vertex 35.6745872498 -16.7641944885 5
    endloop
  endfacet
  facet normal -0.4713999331 0 -0.881919562817
    outer loop
      vertex 36.0912666321 -16.4221477509 2.5
      vertex 36.0912666321 -16.4221477509 5
      vertex 36.5667037964 -16.1680202484 5
    endloop
  endfacet
  facet normal -0.634394109249 0 -0.773009777069
    outer loop
      vertex 35.6745414734 -16.7641468048 2.5
      vertex 36.0912666321 -16.4221477509 5
      vertex 36.0912666321 -16.4221477509 2.5
    endloop
  endfacet
  facet normal 0 -1 0
    outer loop
      vertex 34.8690834045 -18.7086906433 2.5
      vertex 35.3325424194 -17.1808700562 2.5
      vertex 35.6745414734 -16.7641468048 2.5
    endloop
  endfacet
  facet normal -0 -1 0
    outer loop
      vertex 36.4293785095 -22.4929599762 2.5
      vertex 35.9090232849 -22.8186378479 2.5
      vertex 34.8690834045 -18.7086906433 2.5
    endloop
  endfacet
  facet normal 0 -1 0
    outer loop
      vertex 34.8690834045 -18.7086906433 2.5
      vertex 35.9090232849 -22.8186378479 2.5
      vertex 35.4738769531 -23.2516345978 2.5
    endloop
  endfacet
  facet normal 0 -1 0
    outer loop
      vertex 34.8690834045 -18.7086906433 2.5
      vertex 35.4738769531 -23.2516345978 2.5
      vertex 35.1456222534 -23.7703723907 2.5
    endloop
  endfacet
  facet normal -0 -1 0
    outer loop
      vertex 35.1456222534 -23.7703723907 2.5
      vertex 34.9406204224 -24.3490009308 2.5
      vertex 34.8690834045 -18.7086906433 2.5
    endloop
  endfacet
  facet normal 0 -1 0
    outer loop
      vertex 34.8690834045 -18.7086906433 2.5
      vertex 34.9406204224 -24.3490009308 2.5
      vertex 34.8690834045 -24.9586906433 2.5
    endloop
  endfacet
  facet normal -0.993163406849 0.00683382153511 -0.116532079875
    outer loop
      vertex 34.9406204224 -24.3490009308 2.5
      vertex 34.8851699829 -24.6749820709 5.95848518969e-07
      vertex 34.8690834045 -24.9586906433 2.5
    endloop
  endfacet
  facet normal -0.976600289345 -0.00636889087036 -0.214968040586
    outer loop
      vertex 34.9406204224 -24.3490009308 2.5
      vertex 35.013004303 -24.0942306519 5.95848518969e-07
      vertex 34.8851699829 -24.6749820709 5.95848518969e-07
    endloop
  endfacet
  facet normal 0 -1 0
    outer loop
      vertex 35.013004303 -24.0942306519 5.95848518969e-07
      vertex 35.9286804199 -24.5193767548 5.95848518969e-07
      vertex 34.8851699829 -24.6749820709 5.95848518969e-07
    endloop
  endfacet
  facet normal 0 -1 0
    outer loop
      vertex 34.8851699829 -24.6749820709 5.95848518969e-07
      vertex 35.9286804199 -24.5193767548 5.95848518969e-07
      vertex 35.8690490723 -24.9723091125 5.95848518969e-07
    endloop
  endfacet
  facet normal 0 -1 0
    outer loop
      vertex 34.8851699829 -24.6749820709 5.95848518969e-07
      vertex 35.8690490723 -24.9723091125 5.95848518969e-07
      vertex 34.8851699829 -25.2696380615 5.95848518969e-07
    endloop
  endfacet
  facet normal 0 -1 0
    outer loop
      vertex 34.8851699829 -25.2696380615 5.95848518969e-07
      vertex 35.8690490723 -24.9723091125 5.95848518969e-07
      vertex 35.9286804199 -25.4252433777 5.95848518969e-07
    endloop
  endfacet
  facet normal 0 -1 0
    outer loop
      vertex 34.8851699829 -25.2696380615 5.95848518969e-07
      vertex 35.9286804199 -25.4252433777 5.95848518969e-07
      vertex 35.013004303 -25.8503894806 5.95848518969e-07
    endloop
  endfacet
  facet normal 0 -1 0
    outer loop
      vertex 35.013004303 -25.8503894806 5.95848518969e-07
      vertex 35.9286804199 -25.4252433777 5.95848518969e-07
      vertex 36.1035079956 -25.8473091125 5.95848518969e-07
    endloop
  endfacet
  facet normal 0 -1 0
    outer loop
      vertex 35.013004303 -25.8503894806 5.95848518969e-07
      vertex 36.1035079956 -25.8473091125 5.95848518969e-07
      vertex 35.2626953125 -26.390083313 5.95848518969e-07
    endloop
  endfacet
  facet normal -0.907570183277 -0.00313386274502 0.41988876462
    outer loop
      vertex 35.1027565002 -26.081703186 5
      vertex 35.013004303 -25.8503894806 5.95848518969e-07
      vertex 35.2626953125 -26.390083313 5.95848518969e-07
    endloop
  endfacet
  facet normal -0.867668151855 0.00290677463636 0.497135281563
    outer loop
      vertex 35.1027565002 -26.081703186 5
      vertex 35.2626953125 -26.390083313 5.95848518969e-07
      vertex 35.3894615173 -26.5821018219 5
    endloop
  endfacet
  facet normal 0 1 0
    outer loop
      vertex 35.9286804199 -25.4252433777 5
      vertex 35.1027565002 -26.081703186 5
      vertex 35.3894615173 -26.5821018219 5
    endloop
  endfacet
  facet normal 0 1 -0
    outer loop
      vertex 35.9286804199 -25.4252433777 5
      vertex 35.3894615173 -26.5821018219 5
      vertex 36.1035079956 -25.8473091125 5
    endloop
  endfacet
  facet normal 0.923878490925 0 -0.382685959339
    outer loop
      vertex 36.1035079956 -25.8473091125 5
      vertex 36.1035079956 -25.8473091125 5.95848518969e-07
      vertex 35.9286804199 -25.4252433777 5
    endloop
  endfacet
  facet normal 0.793355047703 0 -0.608759224415
    outer loop
      vertex 36.1035079956 -25.8473091125 5
      vertex 36.3816146851 -26.2097473145 5.95848518969e-07
      vertex 36.1035079956 -25.8473091125 5.95848518969e-07
    endloop
  endfacet
  facet normal 0 -1 0
    outer loop
      vertex 35.6225624084 -26.8634815216 5.95848518969e-07
      vertex 36.1035079956 -25.8473091125 5.95848518969e-07
      vertex 36.3816146851 -26.2097473145 5.95848518969e-07
    endloop
  endfacet
  facet normal 0 -1 0
    outer loop
      vertex 35.6225624084 -26.8634815216 5.95848518969e-07
      vertex 36.3816146851 -26.2097473145 5.95848518969e-07
      vertex 36.0757865906 -27.2484550476 5.95848518969e-07
    endloop
  endfacet
  facet normal -0.647383391857 -0.00295648910105 0.762158751488
    outer loop
      vertex 35.7742233276 -27.0116996765 5
      vertex 35.6225624084 -26.8634815216 5.95848518969e-07
      vertex 36.0757865906 -27.2484550476 5.95848518969e-07
    endloop
  endfacet
  facet normal -0.589386165142 0.00270485621877 0.807846903801
    outer loop
      vertex 35.7742233276 -27.0116996765 5
      vertex 36.0757865906 -27.2484550476 5.95848518969e-07
      vertex 36.2401199341 -27.351606369 5
    endloop
  endfacet
  facet normal 0 1 0
    outer loop
      vertex 36.3816146851 -26.2097473145 5
      vertex 35.7742233276 -27.0116996765 5
      vertex 36.2401199341 -27.351606369 5
    endloop
  endfacet
  facet normal 0 1 -0
    outer loop
      vertex 36.3816146851 -26.2097473145 5
      vertex 36.2401199341 -27.351606369 5
      vertex 36.7440490723 -26.4878540039 5
    endloop
  endfacet
  facet normal 0.60876095295 0 -0.793353676796
    outer loop
      vertex 36.7440490723 -26.4878540039 5
      vertex 36.7440490723 -26.4878540039 5.95848518969e-07
      vertex 36.3816146851 -26.2097473145 5
    endloop
  endfacet
  facet normal 0.60876095295 0 -0.793353676796
    outer loop
      vertex 36.3816146851 -26.2097473145 5
      vertex 36.7440490723 -26.4878540039 5.95848518969e-07
      vertex 36.3816146851 -26.2097473145 5.95848518969e-07
    endloop
  endfacet
  facet normal 0.382682263851 0 -0.923880040646
    outer loop
      vertex 36.7440490723 -26.4878540039 5
      vertex 37.1661186218 -26.6626796722 5.95848518969e-07
      vertex 36.7440490723 -26.4878540039 5.95848518969e-07
    endloop
  endfacet
  facet normal 0 -1 0
    outer loop
      vertex 36.6011695862 -27.5269966125 5.95848518969e-07
      vertex 36.7440490723 -26.4878540039 5.95848518969e-07
      vertex 37.1661186218 -26.6626796722 5.95848518969e-07
    endloop
  endfacet
  facet normal 0 -1 0
    outer loop
      vertex 36.6011695862 -27.5269966125 5.95848518969e-07
      vertex 37.1661186218 -26.6626796722 5.95848518969e-07
      vertex 37.1741485596 -27.68608284 5.95848518969e-07
    endloop
  endfacet
  facet normal -0.267528384924 -0.00268405443057 0.963546216488
    outer loop
      vertex 36.7666625977 -27.5868740082 5
      vertex 36.6011695862 -27.5269966125 5.95848518969e-07
      vertex 37.1741485596 -27.68608284 5.95848518969e-07
    endloop
  endfacet
  facet normal -0.20855307579 0.00240921624936 0.97800809145
    outer loop
      vertex 36.7666625977 -27.5868740082 5
      vertex 37.1741485596 -27.68608284 5.95848518969e-07
      vertex 37.330696106 -27.7071495056 5
    endloop
  endfacet
  facet normal 0 1 -0
    outer loop
      vertex 37.1661186218 -26.6626796722 5
      vertex 36.7666625977 -27.5868740082 5
      vertex 37.330696106 -27.7071495056 5
    endloop
  endfacet
  facet normal 0 1 0
    outer loop
      vertex 37.1661186218 -26.6626796722 5
      vertex 37.330696106 -27.7071495056 5
      vertex 37.6190490723 -26.7223091125 5
    endloop
  endfacet
  facet normal 0.130528062582 0 -0.991444587708
    outer loop
      vertex 37.6190490723 -26.7223091125 5
      vertex 37.6190490723 -26.7223091125 5.95848518969e-07
      vertex 37.1661186218 -26.6626796722 5
    endloop
  endfacet
  facet normal 0.130528062582 0 -0.991444587708
    outer loop
      vertex 37.1661186218 -26.6626796722 5
      vertex 37.6190490723 -26.7223091125 5.95848518969e-07
      vertex 37.1661186218 -26.6626796722 5.95848518969e-07
    endloop
  endfacet
  facet normal -0.130526691675 -0 -0.991444766521
    outer loop
      vertex 37.6190490723 -26.7223091125 5
      vertex 38.0719833374 -26.6626796722 5.95848518969e-07
      vertex 37.6190490723 -26.7223091125 5.95848518969e-07
    endloop
  endfacet
  facet normal 0 -1 -0
    outer loop
      vertex 37.7679328918 -27.7182788849 5.95848518969e-07
      vertex 37.6190490723 -26.7223091125 5.95848518969e-07
      vertex 38.0719833374 -26.6626796722 5.95848518969e-07
    endloop
  endfacet
  facet normal 0 -1 0
    outer loop
      vertex 37.7679328918 -27.7182788849 5.95848518969e-07
      vertex 38.0719833374 -26.6626796722 5.95848518969e-07
      vertex 38.3547554016 -27.6220722198 5.95848518969e-07
    endloop
  endfacet
  facet normal 0.161782756448 -0.0023164965678 0.986823678017
    outer loop
      vertex 37.9074058533 -27.7071495056 5
      vertex 37.7679328918 -27.7182788849 5.95848518969e-07
      vertex 38.3547554016 -27.6220722198 5.95848518969e-07
    endloop
  endfacet
  facet normal 0.208554103971 0.00201811175793 0.978008747101
    outer loop
      vertex 37.9074058533 -27.7071495056 5
      vertex 38.3547554016 -27.6220722198 5.95848518969e-07
      vertex 38.4714393616 -27.5868740082 5
    endloop
  endfacet
  facet normal 0 1 -0
    outer loop
      vertex 38.0719833374 -26.6626796722 5
      vertex 37.9074058533 -27.7071495056 5
      vertex 38.4714393616 -27.5868740082 5
    endloop
  endfacet
  facet normal -0 1 0
    outer loop
      vertex 38.0719833374 -26.6626796722 5
      vertex 38.4714393616 -27.5868740082 5
      vertex 38.4940490723 -26.4878540039 5
    endloop
  endfacet
  facet normal -0.382685959339 -0 -0.923878490925
    outer loop
      vertex 38.4940490723 -26.4878540039 5
      vertex 38.4940490723 -26.4878540039 5.95848518969e-07
      vertex 38.0719833374 -26.6626796722 5
    endloop
  endfacet
  facet normal -0.382685959339 -0 -0.923878490925
    outer loop
      vertex 38.0719833374 -26.6626796722 5
      vertex 38.4940490723 -26.4878540039 5.95848518969e-07
      vertex 38.0719833374 -26.6626796722 5.95848518969e-07
    endloop
  endfacet
  facet normal 0 -1 0
    outer loop
      vertex 38.9071731567 -27.4019680023 5.95848518969e-07
      vertex 38.0719833374 -26.6626796722 5.95848518969e-07
      vertex 38.4940490723 -26.4878540039 5.95848518969e-07
    endloop
  endfacet
  facet normal 0 -1 -0
    outer loop
      vertex 38.9071731567 -27.4019680023 5.95848518969e-07
      vertex 38.4940490723 -26.4878540039 5.95848518969e-07
      vertex 39.3993644714 -27.0682563782 5.95848518969e-07
    endloop
  endfacet
  facet normal 0.561184465885 -0.00185541820247 0.827688694
    outer loop
      vertex 38.9979820251 -27.351606369 5
      vertex 38.9071731567 -27.4019680023 5.95848518969e-07
      vertex 39.3993644714 -27.0682563782 5.95848518969e-07
    endloop
  endfacet
  facet normal 0.589387595654 0.00153295334894 0.807848930359
    outer loop
      vertex 38.9979820251 -27.351606369 5
      vertex 39.3993644714 -27.0682563782 5.95848518969e-07
      vertex 39.4638786316 -27.0116996765 5
    endloop
  endfacet
  facet normal 0 1 0
    outer loop
      vertex 38.8564872742 -26.2097473145 5
      vertex 38.9979820251 -27.351606369 5
      vertex 39.4638786316 -27.0116996765 5
    endloop
  endfacet
  facet normal -0 1 0
    outer loop
      vertex 38.8564872742 -26.2097473145 5
      vertex 39.4638786316 -27.0116996765 5
      vertex 39.1345939636 -25.8473091125 5
    endloop
  endfacet
  facet normal -0.793357551098 -0 -0.608755886555
    outer loop
      vertex 39.1345939636 -25.8473091125 5
      vertex 39.1345939636 -25.8473091125 5.95848518969e-07
      vertex 38.8564872742 -26.2097473145 5
    endloop
  endfacet
  facet normal -0.793357551098 -0 -0.608755886555
    outer loop
      vertex 38.8564872742 -26.2097473145 5
      vertex 39.1345939636 -25.8473091125 5.95848518969e-07
      vertex 38.8564872742 -26.2097473145 5.95848518969e-07
    endloop
  endfacet
  facet normal -0.608755886555 -0 -0.793357551098
    outer loop
      vertex 38.8564872742 -26.2097473145 5
      vertex 38.8564872742 -26.2097473145 5.95848518969e-07
      vertex 38.4940490723 -26.4878540039 5
    endloop
  endfacet
  facet normal 0 -1 0
    outer loop
      vertex 39.8083076477 -26.6365413666 5.95848518969e-07
      vertex 38.8564872742 -26.2097473145 5.95848518969e-07
      vertex 39.1345939636 -25.8473091125 5.95848518969e-07
    endloop
  endfacet
  facet normal 0 -1 -0
    outer loop
      vertex 39.8083076477 -26.6365413666 5.95848518969e-07
      vertex 39.1345939636 -25.8473091125 5.95848518969e-07
      vertex 40.1148834229 -26.1270046234 5.95848518969e-07
    endloop
  endfacet
  facet normal 0.856859028339 -0.00129859184381 0.515549182892
    outer loop
      vertex 39.8486404419 -26.5821018219 5
      vertex 39.8083076477 -26.6365413666 5.95848518969e-07
      vertex 40.1148834229 -26.1270046234 5.95848518969e-07
    endloop
  endfacet
  facet normal 0.86767321825 0.000953381706495 0.497134029865
    outer loop
      vertex 39.8486404419 -26.5821018219 5
      vertex 40.1148834229 -26.1270046234 5.95848518969e-07
      vertex 40.135345459 -26.081703186 5
    endloop
  endfacet
  facet normal 0 1 0
    outer loop
      vertex 39.3094215393 -25.4252433777 5
      vertex 39.8486404419 -26.5821018219 5
      vertex 40.135345459 -26.081703186 5
    endloop
  endfacet
  facet normal -0 1 0
    outer loop
      vertex 39.3094215393 -25.4252433777 5
      vertex 40.135345459 -26.081703186 5
      vertex 39.3690490723 -24.9723091125 5
    endloop
  endfacet
  facet normal -0.991445481777 -0 -0.130521535873
    outer loop
      vertex 39.3690490723 -24.9723091125 5
      vertex 39.3690490723 -24.9723091125 5.95848518969e-07
      vertex 39.3094215393 -25.4252433777 5
    endloop
  endfacet
  facet normal -0.991445481777 -0 -0.130521535873
    outer loop
      vertex 39.3094215393 -25.4252433777 5
      vertex 39.3690490723 -24.9723091125 5.95848518969e-07
      vertex 39.3094215393 -25.4252433777 5.95848518969e-07
    endloop
  endfacet
  facet normal -0.923876643181 -0 -0.382690429688
    outer loop
      vertex 39.3094215393 -25.4252433777 5
      vertex 39.3094215393 -25.4252433777 5.95848518969e-07
      vertex 39.1345939636 -25.8473091125 5
    endloop
  endfacet
  facet normal 0 -1 0
    outer loop
      vertex 40.3047561646 -25.5634784698 5.95848518969e-07
      vertex 39.3094215393 -25.4252433777 5.95848518969e-07
      vertex 39.3690490723 -24.9723091125 5.95848518969e-07
    endloop
  endfacet
  facet normal 0 -1 0
    outer loop
      vertex 39.3690490723 -24.9723091125 5.95848518969e-07
      vertex 40.3690490723 -24.9723091125 5.95848518969e-07
      vertex 40.3047561646 -25.5634784698 5.95848518969e-07
    endloop
  endfacet
  facet normal 0 -1 0
    outer loop
      vertex 39.3690490723 -24.9723091125 5.95848518969e-07
      vertex 40.3047561646 -24.3811416626 5.95848518969e-07
      vertex 40.3690490723 -24.9723091125 5.95848518969e-07
    endloop
  endfacet
  facet normal 0 -1 0
    outer loop
      vertex 39.3094215393 -24.5193767548 5.95848518969e-07
      vertex 40.3047561646 -24.3811416626 5.95848518969e-07
      vertex 39.3690490723 -24.9723091125 5.95848518969e-07
    endloop
  endfacet
  facet normal -0 -1 0
    outer loop
      vertex 40.3047561646 -24.3811416626 5.95848518969e-07
      vertex 39.3094215393 -24.5193767548 5.95848518969e-07
      vertex 40.1148834229 -23.817615509 5.95848518969e-07
    endloop
  endfacet
  facet normal 0.947653114796 -0.00134738895576 -0.319298923016
    outer loop
      vertex 40.2974815369 -24.3490009308 2.5
      vertex 40.3047561646 -24.3811416626 5.95848518969e-07
      vertex 40.1148834229 -23.817615509 5.95848518969e-07
    endloop
  endfacet
  facet normal 0 -1 0
    outer loop
      vertex 40.1148834229 -23.817615509 5.95848518969e-07
      vertex 39.3094215393 -24.5193767548 5.95848518969e-07
      vertex 39.1345939636 -24.0973091125 5.95848518969e-07
    endloop
  endfacet
  facet normal -0 -1 0
    outer loop
      vertex 40.1148834229 -23.817615509 5.95848518969e-07
      vertex 39.1345939636 -24.0973091125 5.95848518969e-07
      vertex 39.8083076477 -23.3080806732 5.95848518969e-07
    endloop
  endfacet
  facet normal 0.856857895851 -0.0020639798604 -0.515548527241
    outer loop
      vertex 40.0924797058 -23.7703723907 2.5
      vertex 40.1148834229 -23.817615509 5.95848518969e-07
      vertex 39.8083076477 -23.3080806732 5.95848518969e-07
    endloop
  endfacet
  facet normal 0 -1 -0
    outer loop
      vertex 40.1148834229 -26.1270046234 5.95848518969e-07
      vertex 39.3094215393 -25.4252433777 5.95848518969e-07
      vertex 40.3047561646 -25.5634784698 5.95848518969e-07
    endloop
  endfacet
  facet normal -0.991445362568 0 0.130522221327
    outer loop
      vertex 39.3690490723 -24.9723091125 5
      vertex 39.3094215393 -24.5193767548 5.95848518969e-07
      vertex 39.3690490723 -24.9723091125 5.95848518969e-07
    endloop
  endfacet
  facet normal -0 1 0
    outer loop
      vertex 39.1345939636 -25.8473091125 5
      vertex 39.8486404419 -26.5821018219 5
      vertex 39.3094215393 -25.4252433777 5
    endloop
  endfacet
  facet normal 0.947653472424 -0.000985208549537 0.319299072027
    outer loop
      vertex 40.135345459 -26.081703186 5
      vertex 40.1148834229 -26.1270046234 5.95848518969e-07
      vertex 40.3047561646 -25.5634784698 5.95848518969e-07
    endloop
  endfacet
  facet normal 0.952271819115 0.000627311703283 0.305250704288
    outer loop
      vertex 40.135345459 -26.081703186 5
      vertex 40.3047561646 -25.5634784698 5.95848518969e-07
      vertex 40.3113861084 -25.5325164795 5
    endloop
  endfacet
  facet normal 0.744908332825 0.00125525216572 0.667165696621
    outer loop
      vertex 39.4638786316 -27.0116996765 5
      vertex 39.8083076477 -26.6365413666 5.95848518969e-07
      vertex 39.8486404419 -26.5821018219 5
    endloop
  endfacet
  facet normal 0 -1 0
    outer loop
      vertex 40.1148834229 -26.1270046234 5.95848518969e-07
      vertex 39.1345939636 -25.8473091125 5.95848518969e-07
      vertex 39.3094215393 -25.4252433777 5.95848518969e-07
    endloop
  endfacet
  facet normal 0 -1 -0
    outer loop
      vertex 39.3993644714 -27.0682563782 5.95848518969e-07
      vertex 38.8564872742 -26.2097473145 5.95848518969e-07
      vertex 39.8083076477 -26.6365413666 5.95848518969e-07
    endloop
  endfacet
  facet normal -0.923876643181 -0 -0.382690429688
    outer loop
      vertex 39.1345939636 -25.8473091125 5
      vertex 39.3094215393 -25.4252433777 5.95848518969e-07
      vertex 39.1345939636 -25.8473091125 5.95848518969e-07
    endloop
  endfacet
  facet normal 0 1 0
    outer loop
      vertex 39.1345939636 -25.8473091125 5
      vertex 39.4638786316 -27.0116996765 5
      vertex 39.8486404419 -26.5821018219 5
    endloop
  endfacet
  facet normal -0 1 0
    outer loop
      vertex 38.4940490723 -26.4878540039 5
      vertex 38.9979820251 -27.351606369 5
      vertex 38.8564872742 -26.2097473145 5
    endloop
  endfacet
  facet normal 0.725992083549 -0.00158863188699 0.687701165676
    outer loop
      vertex 39.4638786316 -27.0116996765 5
      vertex 39.3993644714 -27.0682563782 5.95848518969e-07
      vertex 39.8083076477 -26.6365413666 5.95848518969e-07
    endloop
  endfacet
  facet normal 0.407943606377 0.00178703526035 0.91300535202
    outer loop
      vertex 38.4714393616 -27.5868740082 5
      vertex 38.9071731567 -27.4019680023 5.95848518969e-07
      vertex 38.9979820251 -27.351606369 5
    endloop
  endfacet
  facet normal 0 -1 0
    outer loop
      vertex 39.3993644714 -27.0682563782 5.95848518969e-07
      vertex 38.4940490723 -26.4878540039 5.95848518969e-07
      vertex 38.8564872742 -26.2097473145 5.95848518969e-07
    endloop
  endfacet
  facet normal -0.608755886555 -0 -0.793357551098
    outer loop
      vertex 38.4940490723 -26.4878540039 5
      vertex 38.8564872742 -26.2097473145 5.95848518969e-07
      vertex 38.4940490723 -26.4878540039 5.95848518969e-07
    endloop
  endfacet
  facet normal 0 1 -0
    outer loop
      vertex 38.4940490723 -26.4878540039 5
      vertex 38.4714393616 -27.5868740082 5
      vertex 38.9979820251 -27.351606369 5
    endloop
  endfacet
  facet normal -0 1 0
    outer loop
      vertex 37.6190490723 -26.7223091125 5
      vertex 37.9074058533 -27.7071495056 5
      vertex 38.0719833374 -26.6626796722 5
    endloop
  endfacet
  facet normal 0.370139598846 -0.00209798919968 0.928973793983
    outer loop
      vertex 38.4714393616 -27.5868740082 5
      vertex 38.3547554016 -27.6220722198 5.95848518969e-07
      vertex 38.9071731567 -27.4019680023 5.95848518969e-07
    endloop
  endfacet
  facet normal -0 0.00222570239566 0.999997496605
    outer loop
      vertex 37.330696106 -27.7071495056 5
      vertex 37.7679328918 -27.7182788849 5.95848518969e-07
      vertex 37.9074058533 -27.7071495056 5
    endloop
  endfacet
  facet normal 0 -1 -0
    outer loop
      vertex 38.3547554016 -27.6220722198 5.95848518969e-07
      vertex 38.0719833374 -26.6626796722 5.95848518969e-07
      vertex 38.9071731567 -27.4019680023 5.95848518969e-07
    endloop
  endfacet
  facet normal 0 -1 0
    outer loop
      vertex 37.1741485596 -27.68608284 5.95848518969e-07
      vertex 37.6190490723 -26.7223091125 5.95848518969e-07
      vertex 37.7679328918 -27.7182788849 5.95848518969e-07
    endloop
  endfacet
  facet normal -0.130526691675 -0 -0.991444766521
    outer loop
      vertex 38.0719833374 -26.6626796722 5
      vertex 38.0719833374 -26.6626796722 5.95848518969e-07
      vertex 37.6190490723 -26.7223091125 5
    endloop
  endfacet
  facet normal 0 1 -0
    outer loop
      vertex 37.6190490723 -26.7223091125 5
      vertex 37.330696106 -27.7071495056 5
      vertex 37.9074058533 -27.7071495056 5
    endloop
  endfacet
  facet normal 0 1 0
    outer loop
      vertex 36.7440490723 -26.4878540039 5
      vertex 36.7666625977 -27.5868740082 5
      vertex 37.1661186218 -26.6626796722 5
    endloop
  endfacet
  facet normal -0.0541396066546 -0.00251192157157 0.998530209064
    outer loop
      vertex 37.330696106 -27.7071495056 5
      vertex 37.1741485596 -27.68608284 5.95848518969e-07
      vertex 37.7679328918 -27.7182788849 5.95848518969e-07
    endloop
  endfacet
  facet normal -0.407942920923 0.00256872712635 0.913003802299
    outer loop
      vertex 36.2401199341 -27.351606369 5
      vertex 36.6011695862 -27.5269966125 5.95848518969e-07
      vertex 36.7666625977 -27.5868740082 5
    endloop
  endfacet
  facet normal 0 -1 -0
    outer loop
      vertex 37.1741485596 -27.68608284 5.95848518969e-07
      vertex 37.1661186218 -26.6626796722 5.95848518969e-07
      vertex 37.6190490723 -26.7223091125 5.95848518969e-07
    endloop
  endfacet
  facet normal 0 -1 0
    outer loop
      vertex 36.0757865906 -27.2484550476 5.95848518969e-07
      vertex 36.7440490723 -26.4878540039 5.95848518969e-07
      vertex 36.6011695862 -27.5269966125 5.95848518969e-07
    endloop
  endfacet
  facet normal 0.382682263851 0 -0.923880040646
    outer loop
      vertex 37.1661186218 -26.6626796722 5
      vertex 37.1661186218 -26.6626796722 5.95848518969e-07
      vertex 36.7440490723 -26.4878540039 5
    endloop
  endfacet
  facet normal 0 1 -0
    outer loop
      vertex 36.7440490723 -26.4878540039 5
      vertex 36.2401199341 -27.351606369 5
      vertex 36.7666625977 -27.5868740082 5
    endloop
  endfacet
  facet normal 0 1 -0
    outer loop
      vertex 36.1035079956 -25.8473091125 5
      vertex 35.7742233276 -27.0116996765 5
      vertex 36.3816146851 -26.2097473145 5
    endloop
  endfacet
  facet normal -0.468408644199 -0.00283217057586 0.883507430553
    outer loop
      vertex 36.2401199341 -27.351606369 5
      vertex 36.0757865906 -27.2484550476 5.95848518969e-07
      vertex 36.6011695862 -27.5269966125 5.95848518969e-07
    endloop
  endfacet
  facet normal -0.744908034801 0.00281770853326 0.667161226273
    outer loop
      vertex 35.3894615173 -26.5821018219 5
      vertex 35.6225624084 -26.8634815216 5.95848518969e-07
      vertex 35.7742233276 -27.0116996765 5
    endloop
  endfacet
  facet normal 0 -1 0
    outer loop
      vertex 36.0757865906 -27.2484550476 5.95848518969e-07
      vertex 36.3816146851 -26.2097473145 5.95848518969e-07
      vertex 36.7440490723 -26.4878540039 5.95848518969e-07
    endloop
  endfacet
  facet normal 0.793355047703 0 -0.608759224415
    outer loop
      vertex 36.3816146851 -26.2097473145 5
      vertex 36.3816146851 -26.2097473145 5.95848518969e-07
      vertex 36.1035079956 -25.8473091125 5
    endloop
  endfacet
  facet normal 0 1 0
    outer loop
      vertex 36.1035079956 -25.8473091125 5
      vertex 35.3894615173 -26.5821018219 5
      vertex 35.7742233276 -27.0116996765 5
    endloop
  endfacet
  facet normal 0 1 -0
    outer loop
      vertex 35.8690490723 -24.9723091125 5
      vertex 35.1027565002 -26.081703186 5
      vertex 35.9286804199 -25.4252433777 5
    endloop
  endfacet
  facet normal 0.99144411087 0 -0.130531847477
    outer loop
      vertex 35.9286804199 -25.4252433777 5
      vertex 35.9286804199 -25.4252433777 5.95848518969e-07
      vertex 35.8690490723 -24.9723091125 5
    endloop
  endfacet
  facet normal -0.796089589596 -0.00305695598945 0.605171084404
    outer loop
      vertex 35.3894615173 -26.5821018219 5
      vertex 35.2626953125 -26.390083313 5.95848518969e-07
      vertex 35.6225624084 -26.8634815216 5.95848518969e-07
    endloop
  endfacet
  facet normal -0.952267825603 0.00297198281623 0.305249422789
    outer loop
      vertex 34.9267158508 -25.5325164795 5
      vertex 35.013004303 -25.8503894806 5.95848518969e-07
      vertex 35.1027565002 -26.081703186 5
    endloop
  endfacet
  facet normal 0 -1 0
    outer loop
      vertex 35.2626953125 -26.390083313 5.95848518969e-07
      vertex 36.1035079956 -25.8473091125 5.95848518969e-07
      vertex 35.6225624084 -26.8634815216 5.95848518969e-07
    endloop
  endfacet
  facet normal 0.923878490925 0 -0.382685959339
    outer loop
      vertex 35.9286804199 -25.4252433777 5
      vertex 36.1035079956 -25.8473091125 5.95848518969e-07
      vertex 35.9286804199 -25.4252433777 5.95848518969e-07
    endloop
  endfacet
  facet normal 0.99144411087 0 -0.130531847477
    outer loop
      vertex 35.8690490723 -24.9723091125 5
      vertex 35.9286804199 -25.4252433777 5.95848518969e-07
      vertex 35.8690490723 -24.9723091125 5.95848518969e-07
    endloop
  endfacet
  facet normal -0.942570030689 0.00674067344517 -0.333940654993
    outer loop
      vertex 35.1456222534 -23.7703723907 2.5
      vertex 35.013004303 -24.0942306519 5.95848518969e-07
      vertex 34.9406204224 -24.3490009308 2.5
    endloop
  endfacet
  facet normal -0.907556891441 -0.00624989159405 -0.419882625341
    outer loop
      vertex 35.1456222534 -23.7703723907 2.5
      vertex 35.2626953125 -23.5545368195 5.95848518969e-07
      vertex 35.013004303 -24.0942306519 5.95848518969e-07
    endloop
  endfacet
  facet normal 0 -1 0
    outer loop
      vertex 35.2626953125 -23.5545368195 5.95848518969e-07
      vertex 36.1035079956 -24.0973091125 5.95848518969e-07
      vertex 35.013004303 -24.0942306519 5.95848518969e-07
    endloop
  endfacet
  facet normal 0 -1 0
    outer loop
      vertex 35.6225624084 -23.0811347961 5.95848518969e-07
      vertex 36.1035079956 -24.0973091125 5.95848518969e-07
      vertex 35.2626953125 -23.5545368195 5.95848518969e-07
    endloop
  endfacet
  facet normal -0.796080112457 -0.00607439223677 -0.6051607728
    outer loop
      vertex 35.4738769531 -23.2516345978 2.5
      vertex 35.6225624084 -23.0811347961 5.95848518969e-07
      vertex 35.2626953125 -23.5545368195 5.95848518969e-07
    endloop
  endfacet
  facet normal -0.845005214214 0.00659347651526 -0.534717440605
    outer loop
      vertex 35.4738769531 -23.2516345978 2.5
      vertex 35.2626953125 -23.5545368195 5.95848518969e-07
      vertex 35.1456222534 -23.7703723907 2.5
    endloop
  endfacet
  facet normal -0.705339431763 0.0063932412304 -0.70884090662
    outer loop
      vertex 35.9090232849 -22.8186378479 2.5
      vertex 35.6225624084 -23.0811347961 5.95848518969e-07
      vertex 35.4738769531 -23.2516345978 2.5
    endloop
  endfacet
  facet normal -0.647372841835 -0.00584637233987 -0.762151062489
    outer loop
      vertex 35.9090232849 -22.8186378479 2.5
      vertex 36.0757865906 -22.6961650848 5.95848518969e-07
      vertex 35.6225624084 -23.0811347961 5.95848518969e-07
    endloop
  endfacet
  facet normal 0 -1 0
    outer loop
      vertex 36.0757865906 -22.6961650848 5.95848518969e-07
      vertex 36.3816146851 -23.734872818 5.95848518969e-07
      vertex 35.6225624084 -23.0811347961 5.95848518969e-07
    endloop
  endfacet
  facet normal 0 -1 0
    outer loop
      vertex 36.0757865906 -22.6961650848 5.95848518969e-07
      vertex 36.7440490723 -23.4567661285 5.95848518969e-07
      vertex 36.3816146851 -23.734872818 5.95848518969e-07
    endloop
  endfacet
  facet normal 0 -1 0
    outer loop
      vertex 36.6011695862 -22.4176235199 5.95848518969e-07
      vertex 36.7440490723 -23.4567661285 5.95848518969e-07
      vertex 36.0757865906 -22.6961650848 5.95848518969e-07
    endloop
  endfacet
  facet normal 0 -1 0
    outer loop
      vertex 36.6011695862 -22.4176235199 5.95848518969e-07
      vertex 37.1661186218 -23.2819404602 5.95848518969e-07
      vertex 36.7440490723 -23.4567661285 5.95848518969e-07
    endloop
  endfacet
  facet normal 0.382682263851 0 0.923880040646
    outer loop
      vertex 37.1661186218 -23.2819404602 5
      vertex 36.7440490723 -23.4567661285 5.95848518969e-07
      vertex 37.1661186218 -23.2819404602 5.95848518969e-07
    endloop
  endfacet
  facet normal 0.130533218384 0 0.991443932056
    outer loop
      vertex 37.1661186218 -23.2819404602 5
      vertex 37.1661186218 -23.2819404602 5.95848518969e-07
      vertex 37.6190490723 -23.2223072052 5
    endloop
  endfacet
  facet normal 0.382682263851 0 0.923880040646
    outer loop
      vertex 36.7440490723 -23.4567661285 5
      vertex 36.7440490723 -23.4567661285 5.95848518969e-07
      vertex 37.1661186218 -23.2819404602 5
    endloop
  endfacet
  facet normal -0.530522525311 0.00613654218614 -0.847648620605
    outer loop
      vertex 36.4293785095 -22.4929599762 2.5
      vertex 36.0757865906 -22.6961650848 5.95848518969e-07
      vertex 35.9090232849 -22.8186378479 2.5
    endloop
  endfacet
  facet normal -0.468403249979 -0.00556328659877 -0.883497297764
    outer loop
      vertex 36.4293785095 -22.4929599762 2.5
      vertex 36.6011695862 -22.4176235199 5.95848518969e-07
      vertex 36.0757865906 -22.6961650848 5.95848518969e-07
    endloop
  endfacet
  facet normal 0 -1 0
    outer loop
      vertex 37.1741485596 -22.2585372925 5.95848518969e-07
      vertex 37.1661186218 -23.2819404602 5.95848518969e-07
      vertex 36.6011695862 -22.4176235199 5.95848518969e-07
    endloop
  endfacet
  facet normal 0 -1 0
    outer loop
      vertex 37.1741485596 -22.2585372925 5.95848518969e-07
      vertex 37.6190490723 -23.2223072052 5.95848518969e-07
      vertex 37.1661186218 -23.2819404602 5.95848518969e-07
    endloop
  endfacet
  facet normal 0 -1 0
    outer loop
      vertex 37.7679328918 -22.2263431549 5.95848518969e-07
      vertex 37.6190490723 -23.2223072052 5.95848518969e-07
      vertex 37.1741485596 -22.2585372925 5.95848518969e-07
    endloop
  endfacet
  facet normal -0.0541391447186 -0.00483499839902 -0.9985216856
    outer loop
      vertex 37.6190490723 -22.2223091125 2.5
      vertex 37.7679328918 -22.2263431549 5.95848518969e-07
      vertex 37.1741485596 -22.2585372925 5.95848518969e-07
    endloop
  endfacet
  facet normal 0.11161468178 0.00504393922165 -0.993738770485
    outer loop
      vertex 38.2290878296 -22.2908267975 2.5
      vertex 37.7679328918 -22.2263431549 5.95848518969e-07
      vertex 37.6190490723 -22.2223091125 2.5
    endloop
  endfacet
  facet normal 0.161781638861 -0.00438848044723 -0.986816823483
    outer loop
      vertex 38.2290878296 -22.2908267975 2.5
      vertex 38.3547554016 -22.3225479126 5.95848518969e-07
      vertex 37.7679328918 -22.2263431549 5.95848518969e-07
    endloop
  endfacet
  facet normal -0 -1 0
    outer loop
      vertex 38.3547554016 -22.3225479126 5.95848518969e-07
      vertex 38.0719833374 -23.2819404602 5.95848518969e-07
      vertex 37.7679328918 -22.2263431549 5.95848518969e-07
    endloop
  endfacet
  facet normal -0 -1 0
    outer loop
      vertex 38.9071731567 -22.5426521301 5.95848518969e-07
      vertex 38.0719833374 -23.2819404602 5.95848518969e-07
      vertex 38.3547554016 -22.3225479126 5.95848518969e-07
    endloop
  endfacet
  facet normal 0.370137602091 -0.00388939375989 -0.928968787193
    outer loop
      vertex 38.8087234497 -22.4929599762 2.5
      vertex 38.9071731567 -22.5426521301 5.95848518969e-07
      vertex 38.3547554016 -22.3225479126 5.95848518969e-07
    endloop
  endfacet
  facet normal 0 -1 -0
    outer loop
      vertex 37.0090141296 -22.2908267975 2.5
      vertex 36.5667037964 -16.1680202484 2.5
      vertex 37.0825843811 -16.0115299225 2.5
    endloop
  endfacet
  facet normal -0.0980186834931 0 -0.995184600353
    outer loop
      vertex 37.0825843811 -16.0115299225 2.5
      vertex 37.0825843811 -16.0115299225 5
      vertex 37.6190834045 -15.9586896896 2.5
    endloop
  endfacet
  facet normal 0 1 -0
    outer loop
      vertex 37.0825843811 -16.0115299225 5
      vertex 36.5667304993 -16.1680831909 5
      vertex 37.0825996399 -16.0115947723 5
    endloop
  endfacet
  facet normal -0.290284693241 -0.00101852742955 -0.95693975687
    outer loop
      vertex 36.8183898926 -16.0779075623 18
      vertex 37.0825996399 -16.0115947723 5
      vertex 36.5667304993 -16.1680831909 5
    endloop
  endfacet
  facet normal 0.0980375930667 0 -0.995182693005
    outer loop
      vertex 38.1555747986 -16.0115413666 2.5
      vertex 37.6190834045 -15.9586896896 5
      vertex 38.1555747986 -16.0115413666 5
    endloop
  endfacet
  facet normal 0 -1 0
    outer loop
      vertex 37.6190490723 -22.2223091125 2.5
      vertex 38.1555747986 -16.0115413666 2.5
      vertex 38.2290878296 -22.2908267975 2.5
    endloop
  endfacet
  facet normal 0.471410781145 0 -0.881913781166
    outer loop
      vertex 38.6714439392 -16.1680412292 2.5
      vertex 38.6714439392 -16.1680412292 5
      vertex 39.1468696594 -16.4221725464 5
    endloop
  endfacet
  facet normal 0 1 0
    outer loop
      vertex 38.6714439392 -16.1680412292 5
      vertex 39.1468658447 -16.4222068787 5
      vertex 39.1468696594 -16.4221725464 5
    endloop
  endfacet
  facet normal 0.634402394295 0 -0.77300298214
    outer loop
      vertex 39.1468696594 -16.4221725464 2.5
      vertex 39.563583374 -16.764169693 5
      vertex 39.563583374 -16.764169693 2.5
    endloop
  endfacet
  facet normal 0 -1 0
    outer loop
      vertex 39.1468696594 -16.4221725464 2.5
      vertex 39.563583374 -16.764169693 2.5
      vertex 38.2290878296 -22.2908267975 2.5
    endloop
  endfacet
  facet normal 0.329271823168 0.00457121245563 -0.944224119186
    outer loop
      vertex 38.8087234497 -22.4929599762 2.5
      vertex 38.3547554016 -22.3225479126 5.95848518969e-07
      vertex 38.2290878296 -22.2908267975 2.5
    endloop
  endfacet
  facet normal 0.530528187752 0.00404290342703 -0.847657620907
    outer loop
      vertex 39.3290786743 -22.8186378479 2.5
      vertex 38.9071731567 -22.5426521301 5.95848518969e-07
      vertex 38.8087234497 -22.4929599762 2.5
    endloop
  endfacet
  facet normal 0.561182320118 -0.00333517463878 -0.827685475349
    outer loop
      vertex 39.3290786743 -22.8186378479 2.5
      vertex 39.3993644714 -22.8763656616 5.95848518969e-07
      vertex 38.9071731567 -22.5426521301 5.95848518969e-07
    endloop
  endfacet
  facet normal -0 -1 0
    outer loop
      vertex 39.3993644714 -22.8763656616 5.95848518969e-07
      vertex 38.4940490723 -23.4567661285 5.95848518969e-07
      vertex 38.9071731567 -22.5426521301 5.95848518969e-07
    endloop
  endfacet
  facet normal 0 -1 0
    outer loop
      vertex 39.3993644714 -22.8763656616 5.95848518969e-07
      vertex 38.8564872742 -23.734872818 5.95848518969e-07
      vertex 38.4940490723 -23.4567661285 5.95848518969e-07
    endloop
  endfacet
  facet normal -0 -1 0
    outer loop
      vertex 39.8083076477 -23.3080806732 5.95848518969e-07
      vertex 38.8564872742 -23.734872818 5.95848518969e-07
      vertex 39.3993644714 -22.8763656616 5.95848518969e-07
    endloop
  endfacet
  facet normal 0.725990355015 -0.00272552785464 -0.687699496746
    outer loop
      vertex 39.7642250061 -23.2516345978 2.5
      vertex 39.8083076477 -23.3080806732 5.95848518969e-07
      vertex 39.3993644714 -22.8763656616 5.95848518969e-07
    endloop
  endfacet
  facet normal 0.705349624157 0.00346190598793 -0.708851158619
    outer loop
      vertex 39.7642250061 -23.2516345978 2.5
      vertex 39.3993644714 -22.8763656616 5.95848518969e-07
      vertex 39.3290786743 -22.8186378479 2.5
    endloop
  endfacet
  facet normal 0.84502196312 0.00282727950253 -0.534724116325
    outer loop
      vertex 40.0924797058 -23.7703723907 2.5
      vertex 39.8083076477 -23.3080806732 5.95848518969e-07
      vertex 39.7642250061 -23.2516345978 2.5
    endloop
  endfacet
  facet normal 0.94258928299 0.00213607843034 -0.333947479725
    outer loop
      vertex 40.2974815369 -24.3490009308 2.5
      vertex 40.1148834229 -23.817615509 5.95848518969e-07
      vertex 40.0924797058 -23.7703723907 2.5
    endloop
  endfacet
  facet normal 0.993185639381 0.00139200873673 -0.116534687579
    outer loop
      vertex 40.3690185547 -24.9586906433 2.5
      vertex 40.3047561646 -24.3811416626 5.95848518969e-07
      vertex 40.2974815369 -24.3490009308 2.5
    endloop
  endfacet
  facet normal 1 0 -0
    outer loop
      vertex 40.3690185547 -18.7086906433 5
      vertex 40.3690185547 -24.9586906433 5
      vertex 40.3690185547 -18.7086906433 2.5
    endloop
  endfacet
  facet normal 0 1 -0
    outer loop
      vertex 40.3690185547 -18.7086906433 5
      vertex 40.3161773682 -19.245174408 5
      vertex 40.3690185547 -24.9586906433 5
    endloop
  endfacet
  facet normal 0 1 0
    outer loop
      vertex 40.3690185547 -24.9586906433 5
      vertex 40.3161773682 -19.245174408 5
      vertex 40.1596908569 -19.7610435486 5
    endloop
  endfacet
  facet normal 0 1 0
    outer loop
      vertex 40.3690185547 -24.9586906433 5
      vertex 40.1596908569 -19.7610435486 5
      vertex 39.9055709839 -20.2364711761 5
    endloop
  endfacet
  facet normal 0 1 -0
    outer loop
      vertex 39.9055709839 -20.2364711761 5
      vertex 39.5635795593 -20.6531848907 5
      vertex 40.3690185547 -24.9586906433 5
    endloop
  endfacet
  facet normal 0.773006975651 -0.000983863021247 0.634396731853
    outer loop
      vertex 39.7128410339 -20.4914722443 18
      vertex 39.5635795593 -20.6531848907 5
      vertex 39.9055709839 -20.2364711761 5
    endloop
  endfacet
  facet normal 0.713797926903 0.000516403757501 0.700351536274
    outer loop
      vertex 39.4413757324 -20.7681484222 18
      vertex 39.5635795593 -20.6531848907 5
      vertex 39.7128410339 -20.4914722443 18
    endloop
  endfacet
  facet normal 0.634394168854 -0.00087254907703 0.773009240627
    outer loop
      vertex 39.4413757324 -20.7681484222 18
      vertex 39.1468658447 -20.995174408 5
      vertex 39.5635795593 -20.6531848907 5
    endloop
  endfacet
  facet normal 0.881922006607 -0.000534451857675 0.471395015717
    outer loop
      vertex 40.1264038086 -19.8380584717 18
      vertex 39.9055709839 -20.2364711761 5
      vertex 40.1596908569 -19.7610435486 5
    endloop
  endfacet
  facet normal 0.880565702915 -0.000433908542618 0.473923921585
    outer loop
      vertex 39.9427070618 -20.1793746948 18
      vertex 39.9055709839 -20.2364711761 5
      vertex 40.1264038086 -19.8380584717 18
    endloop
  endfacet
  facet normal 0.994137763977 -0.000576573773287 -0.108119338751
    outer loop
      vertex 40.3690185547 -24.9586906433 2.5
      vertex 40.3690490723 -24.9723091125 5.95848518969e-07
      vertex 40.3047561646 -24.3811416626 5.95848518969e-07
    endloop
  endfacet
  facet normal 0.994137763977 -0.000648869085126 0.108118899167
    outer loop
      vertex 40.3113861084 -25.5325164795 5
      vertex 40.3047561646 -25.5634784698 5.95848518969e-07
      vertex 40.3690490723 -24.9723091125 5.95848518969e-07
    endloop
  endfacet
  facet normal 0 1 0
    outer loop
      vertex 39.3690490723 -24.9723091125 5
      vertex 40.135345459 -26.081703186 5
      vertex 40.3113861084 -25.5325164795 5
    endloop
  endfacet
  facet normal -0.991445362568 0 0.130522221327
    outer loop
      vertex 39.3094215393 -24.5193767548 5
      vertex 39.3094215393 -24.5193767548 5.95848518969e-07
      vertex 39.3690490723 -24.9723091125 5
    endloop
  endfacet
  facet normal 0 1 0
    outer loop
      vertex 40.3690185547 -24.9586906433 5
      vertex 39.5635795593 -20.6531848907 5
      vertex 39.1345939636 -24.0973091125 5
    endloop
  endfacet
  facet normal -0.923877418041 0 0.382688581944
    outer loop
      vertex 39.3094215393 -24.5193767548 5
      vertex 39.1345939636 -24.0973091125 5.95848518969e-07
      vertex 39.3094215393 -24.5193767548 5.95848518969e-07
    endloop
  endfacet
  facet normal 0 -1 0
    outer loop
      vertex 39.8083076477 -23.3080806732 5.95848518969e-07
      vertex 39.1345939636 -24.0973091125 5.95848518969e-07
      vertex 38.8564872742 -23.734872818 5.95848518969e-07
    endloop
  endfacet
  facet normal 0 1 0
    outer loop
      vertex 39.5635795593 -20.6531848907 5
      vertex 39.1468658447 -20.995174408 5
      vertex 39.1345939636 -24.0973091125 5
    endloop
  endfacet
  facet normal -0.608755886555 0 0.793357551098
    outer loop
      vertex 38.8564872742 -23.734872818 5
      vertex 38.4940490723 -23.4567661285 5.95848518969e-07
      vertex 38.8564872742 -23.734872818 5.95848518969e-07
    endloop
  endfacet
  facet normal 0 -1 0
    outer loop
      vertex 38.9071731567 -22.5426521301 5.95848518969e-07
      vertex 38.4940490723 -23.4567661285 5.95848518969e-07
      vertex 38.0719833374 -23.2819404602 5.95848518969e-07
    endloop
  endfacet
  facet normal 0 -1 0
    outer loop
      vertex 37.7679328918 -22.2263431549 5.95848518969e-07
      vertex 38.0719833374 -23.2819404602 5.95848518969e-07
      vertex 37.6190490723 -23.2223072052 5.95848518969e-07
    endloop
  endfacet
  facet normal 0.130533218384 0 0.991443932056
    outer loop
      vertex 37.6190490723 -23.2223072052 5
      vertex 37.1661186218 -23.2819404602 5.95848518969e-07
      vertex 37.6190490723 -23.2223072052 5.95848518969e-07
    endloop
  endfacet
  facet normal 0 1 0
    outer loop
      vertex 37.6190490723 -23.2223072052 5
      vertex 37.6190834045 -21.4586219788 5
      vertex 37.1661186218 -23.2819404602 5
    endloop
  endfacet
  facet normal 0 1 0
    outer loop
      vertex 37.1661186218 -23.2819404602 5
      vertex 37.6190834045 -21.4586219788 5
      vertex 37.0825996399 -21.4057826996 5
    endloop
  endfacet
  facet normal 0 1 0
    outer loop
      vertex 38.4940490723 -23.4567661285 5
      vertex 38.1555709839 -21.4057826996 5
      vertex 38.0719833374 -23.2819404602 5
    endloop
  endfacet
  facet normal -0.0514857359231 0.000245496630669 0.998673677444
    outer loop
      vertex 37.2843017578 -21.438167572 18
      vertex 37.6190834045 -21.4586219788 5
      vertex 37.6714019775 -21.4581241608 18
    endloop
  endfacet
  facet normal -0.0980172753334 -0.000958292279392 0.995184242725
    outer loop
      vertex 37.2843017578 -21.438167572 18
      vertex 37.0825996399 -21.4057826996 5
      vertex 37.6190834045 -21.4586219788 5
    endloop
  endfacet
  facet normal 0 1 0
    outer loop
      vertex 37.1661186218 -23.2819404602 5
      vertex 37.0825996399 -21.4057826996 5
      vertex 36.7440490723 -23.4567661285 5
    endloop
  endfacet
  facet normal 0.60876095295 0 0.793353676796
    outer loop
      vertex 36.7440490723 -23.4567661285 5
      vertex 36.3816146851 -23.734872818 5.95848518969e-07
      vertex 36.7440490723 -23.4567661285 5.95848518969e-07
    endloop
  endfacet
  facet normal 0 -1 0
    outer loop
      vertex 35.6225624084 -23.0811347961 5.95848518969e-07
      vertex 36.3816146851 -23.734872818 5.95848518969e-07
      vertex 36.1035079956 -24.0973091125 5.95848518969e-07
    endloop
  endfacet
  facet normal 0 -1 0
    outer loop
      vertex 35.013004303 -24.0942306519 5.95848518969e-07
      vertex 36.1035079956 -24.0973091125 5.95848518969e-07
      vertex 35.9286804199 -24.5193767548 5.95848518969e-07
    endloop
  endfacet
  facet normal 0.991444051266 0 0.13053253293
    outer loop
      vertex 35.9286804199 -24.5193767548 5
      vertex 35.8690490723 -24.9723091125 5.95848518969e-07
      vertex 35.9286804199 -24.5193767548 5.95848518969e-07
    endloop
  endfacet
  facet normal 0.991444051266 0 0.13053253293
    outer loop
      vertex 35.8690490723 -24.9723091125 5
      vertex 35.8690490723 -24.9723091125 5.95848518969e-07
      vertex 35.9286804199 -24.5193767548 5
    endloop
  endfacet
  facet normal -0 1 0
    outer loop
      vertex 34.9267158508 -25.5325164795 5
      vertex 35.1027565002 -26.081703186 5
      vertex 35.8690490723 -24.9723091125 5
    endloop
  endfacet
  facet normal -0.976615190506 -0.0031875888817 0.214971318841
    outer loop
      vertex 34.9267158508 -25.5325164795 5
      vertex 34.8851699829 -25.2696380615 5.95848518969e-07
      vertex 35.013004303 -25.8503894806 5.95848518969e-07
    endloop
  endfacet
  facet normal -0.999979317188 -0.00643448298797 3.69824552298e-18
    outer loop
      vertex 34.8690834045 -24.9586906433 2.5
      vertex 34.8851699829 -24.6749820709 5.95848518969e-07
      vertex 34.8851699829 -25.2696380615 5.95848518969e-07
    endloop
  endfacet
  facet normal -1 0 0
    outer loop
      vertex 34.8690834045 -24.9586906433 2.5
      vertex 34.8690834045 -18.7086906433 5
      vertex 34.8690834045 -18.7086906433 2.5
    endloop
  endfacet
  facet normal 0 1 0
    outer loop
      vertex 34.8690834045 -18.7086906433 5
      vertex 34.9219894409 -19.245174408 5
      vertex 34.8691520691 -18.7086906433 5
    endloop
  endfacet
  facet normal -0.956938564777 -0.0010184282437 0.290288776159
    outer loop
      vertex 34.9882888794 -19.5093383789 18
      vertex 34.9219894409 -19.245174408 5
      vertex 35.0784797668 -19.7610435486 5
    endloop
  endfacet
  facet normal -0.923531889915 0.00101848132908 0.383520275354
    outer loop
      vertex 34.9882888794 -19.5093383789 18
      vertex 35.0784797668 -19.7610435486 5
      vertex 35.1950340271 -20.007188797 18
    endloop
  endfacet
  facet normal 0 1 0
    outer loop
      vertex 36.1035079956 -24.0973091125 5
      vertex 35.6745872498 -20.6531848907 5
      vertex 34.8690834045 -24.9586906433 5
    endloop
  endfacet
  facet normal -0.881921708584 -0.00101842882577 0.471394836903
    outer loop
      vertex 35.1950340271 -20.007188797 18
      vertex 35.0784797668 -19.7610435486 5
      vertex 35.3325996399 -20.2364711761 5
    endloop
  endfacet
  facet normal -0 -1 0
    outer loop
      vertex 34.9882888794 -19.5093383789 18
      vertex 35.1950340271 -20.007188797 18
      vertex 33.365814209 -18.779548645 18
    endloop
  endfacet
  facet normal 0 -1 0
    outer loop
      vertex 33.365814209 -18.779548645 18
      vertex 35.4917564392 -16.9661026001 18
      vertex 35.1926765442 -17.4146003723 18
    endloop
  endfacet
  facet normal -0.707755148411 0.00101845175959 -0.706457138062
    outer loop
      vertex 35.8725891113 -16.584569931 18
      vertex 35.6745872498 -16.7641944885 5
      vertex 35.4917564392 -16.9661026001 18
    endloop
  endfacet
  facet normal -0.556337058544 0.0010182519909 -0.830956101418
    outer loop
      vertex 36.3205375671 -16.2846622467 18
      vertex 36.0913047791 -16.4222068787 5
      vertex 35.8725891113 -16.584569931 18
    endloop
  endfacet
  facet normal -0.383535444736 0.00101842614822 -0.923525571823
    outer loop
      vertex 36.8183898926 -16.0779075623 18
      vertex 36.5667304993 -16.1680831909 5
      vertex 36.3205375671 -16.2846622467 18
    endloop
  endfacet
  facet normal -0.195995494723 0.0010185133433 -0.980604290962
    outer loop
      vertex 37.3470077515 -15.9722499847 18
      vertex 37.0825996399 -16.0115947723 5
      vertex 36.8183898926 -16.0779075623 18
    endloop
  endfacet
  facet normal -0.00092906143982 0.00101853266824 -0.999999046326
    outer loop
      vertex 37.8860816956 -15.9717493057 18
      vertex 37.6190834045 -15.9587564468 5
      vertex 37.3470077515 -15.9722499847 18
    endloop
  endfacet
  facet normal 0.194178536534 0.00101855408866 -0.980965673923
    outer loop
      vertex 38.414894104 -16.0764255524 18
      vertex 38.1555709839 -16.0115947723 5
      vertex 37.8860816956 -15.9717493057 18
    endloop
  endfacet
  facet normal 0.290284693241 -0.00101838144474 -0.956939816475
    outer loop
      vertex 38.414894104 -16.0764255524 18
      vertex 38.6714401245 -16.1680831909 5
      vertex 38.1555709839 -16.0115947723 5
    endloop
  endfacet
  facet normal 0 1 -0
    outer loop
      vertex 38.6714439392 -16.1680412292 5
      vertex 38.6714401245 -16.1680831909 5
      vertex 39.1468658447 -16.4222068787 5
    endloop
  endfacet
  facet normal 0.634394049644 -0.00101877190173 -0.773009121418
    outer loop
      vertex 39.3616333008 -16.5813293457 18
      vertex 39.5635795593 -16.7641944885 5
      vertex 39.1468658447 -16.4222068787 5
    endloop
  endfacet
  facet normal 0 1 -0
    outer loop
      vertex 39.9055709839 -17.1808929443 5
      vertex 39.5635795593 -16.7641944885 5
      vertex 39.9055709839 -17.1809101105 5
    endloop
  endfacet
  facet normal 0 1 -0
    outer loop
      vertex 40.1596908569 -17.6563262939 5
      vertex 39.9055709839 -17.1809101105 5
      vertex 40.1596908569 -17.6563358307 5
    endloop
  endfacet
  facet normal 0.805180728436 0.000304559594952 0.593029439449
    outer loop
      vertex 39.7128410339 -20.4914722443 18
      vertex 39.9055709839 -20.2364711761 5
      vertex 39.9427070618 -20.1793746948 18
    endloop
  endfacet
  facet normal 0.608244240284 8.20739151095e-05 0.793749928474
    outer loop
      vertex 39.1337089539 -21.003911972 18
      vertex 39.1468658447 -20.995174408 5
      vertex 39.4413757324 -20.7681484222 18
    endloop
  endfacet
  facet normal 0.363203883171 0.000479418376926 0.931709587574
    outer loop
      vertex 38.4348068237 -21.3348522186 18
      vertex 38.6714401245 -21.2492961884 5
      vertex 38.7959480286 -21.1940689087 18
    endloop
  endfacet
  facet normal 0.228589609265 0.000401737343054 0.973522782326
    outer loop
      vertex 38.0574569702 -21.423456192 18
      vertex 38.1555709839 -21.4057826996 5
      vertex 38.4348068237 -21.3348522186 18
    endloop
  endfacet
  facet normal -0.327498465776 0.000157331727678 0.944851696491
    outer loop
      vertex 36.5376205444 -21.2370414734 18
      vertex 36.5667304993 -21.2492961884 5
      vertex 36.9038581848 -21.3639831543 18
    endloop
  endfacet
  facet normal 0 1 0
    outer loop
      vertex 36.3816146851 -23.734872818 5
      vertex 36.5667304993 -21.2492961884 5
      vertex 36.0913047791 -20.995174408 5
    endloop
  endfacet
  facet normal -0.634389698505 -0.00101852533408 0.773012697697
    outer loop
      vertex 35.8764572144 -20.8359851837 18
      vertex 35.6745872498 -20.6531848907 5
      vertex 36.0913047791 -20.995174408 5
    endloop
  endfacet
  facet normal 0.707106769085 -0.707106769085 0
    outer loop
      vertex 15.8832502365 -9.38922309875 19.5
      vertex 15.8832502365 -0.17284193635 19.5
      vertex 15.9018335342 -9.40780544281 19.5185832977
    endloop
  endfacet
  facet normal -6.63478596648e-20 -0.707084000111 0.707129597664
    outer loop
      vertex 15.8832502365 -9.38922309875 19.5
      vertex 15.9018335342 -9.40780544281 19.5185832977
      vertex -10.6677846909 -9.40780544281 19.5185832977
    endloop
  endfacet
  facet normal 0 -0.707084000111 0.707129597664
    outer loop
      vertex 15.8832502365 -9.38922309875 19.5
      vertex -10.6677846909 -9.40780544281 19.5185832977
      vertex -19.4503059387 -9.38922309875 19.5
    endloop
  endfacet
  facet normal -0 0 1
    outer loop
      vertex -19.4503059387 3.34130954742 19.5
      vertex -19.4503059387 3.34130954742 18.5
      vertex -11.4503059387 3.34130954742 19.5
    endloop
  endfacet
  facet normal 0 0 1
    outer loop
      vertex -11.4503059387 3.34130954742 19.5
      vertex -19.4503059387 3.34130954742 18.5
      vertex -17.4503059387 3.34130954742 13.5
    endloop
  endfacet
  facet normal 0.707106769085 -0.707106769085 0
    outer loop
      vertex -11.4503059387 3.34130954742 19.5
      vertex -17.4503059387 3.34130954742 13.5
      vertex -11.4503059387 8.34130954742 19.5
    endloop
  endfacet
  facet normal 0.707106769085 -0.707106769085 0
    outer loop
      vertex -11.4503059387 8.34130954742 19.5
      vertex -17.4503059387 3.34130954742 13.5
      vertex -17.4503059387 8.34130954742 13.5
    endloop
  endfacet
  facet normal 0 0 -1
    outer loop
      vertex -19.4503059387 8.34130954742 18.5
      vertex -11.4503059387 8.34130954742 19.5
      vertex -17.4503059387 8.34130954742 13.5
    endloop
  endfacet
  facet normal 0 -0 -1
    outer loop
      vertex -19.4503059387 8.34130954742 18.5
      vertex -17.4503059387 8.34130954742 13.5
      vertex -40.0383071899 8.34130954742 13.5
    endloop
  endfacet
  facet normal 0 0 -1
    outer loop
      vertex -40.0383071899 8.34130954742 13.5
      vertex -40.0383071899 8.34130954742 18.5
      vertex -19.4503059387 8.34130954742 18.5
    endloop
  endfacet
  facet normal 0 1 0
    outer loop
      vertex -40.0383071899 3.34130954742 18.5
      vertex -19.4503059387 8.34130954742 18.5
      vertex -40.0383071899 8.34130954742 18.5
    endloop
  endfacet
  facet normal -1 0 0
    outer loop
      vertex -40.0383071899 5.84130954742 17.5
      vertex -40.0383071899 3.34130954742 18.5
      vertex -40.0383071899 8.34130954742 18.5
    endloop
  endfacet
  facet normal -1 0 -0
    outer loop
      vertex -40.0383071899 5.84130954742 17.5
      vertex -40.0383071899 8.34130954742 18.5
      vertex -40.0383071899 6.2295384407 17.4488887787
    endloop
  endfacet
  facet normal 0 -0.991444885731 0.130526021123
    outer loop
      vertex -40.0383071899 6.2295384407 17.4488887787
      vertex -35.0385284424 6.2295384407 17.4488887787
      vertex -40.0383071899 5.84130954742 17.5
    endloop
  endfacet
  facet normal 0 -0.991444885731 0.130526021123
    outer loop
      vertex -40.0383071899 5.84130954742 17.5
      vertex -35.0385284424 6.2295384407 17.4488887787
      vertex -35.0385284424 5.84130954742 17.5
    endloop
  endfacet
  facet normal 0 -0.991444885731 -0.130526185036
    outer loop
      vertex -40.0383071899 5.84130954742 17.5
      vertex -35.0385284424 5.84130954742 17.5
      vertex -40.0383071899 5.45308113098 17.4488887787
    endloop
  endfacet
  facet normal 0 -0.991444885731 -0.130526185036
    outer loop
      vertex -40.0383071899 5.45308113098 17.4488887787
      vertex -35.0385284424 5.84130954742 17.5
      vertex -35.0385284424 5.45308113098 17.4488887787
    endloop
  endfacet
  facet normal 0 -0.92387932539 -0.382683992386
    outer loop
      vertex -40.0383071899 5.45308113098 17.4488887787
      vertex -35.0385284424 5.45308113098 17.4488887787
      vertex -40.0383071899 5.09130954742 17.2990379333
    endloop
  endfacet
  facet normal -1 0 0
    outer loop
      vertex -40.0383071899 5.09130954742 17.2990379333
      vertex -40.0383071899 3.34130954742 18.5
      vertex -40.0383071899 5.45308113098 17.4488887787
    endloop
  endfacet
  facet normal -1 0 0
    outer loop
      vertex -40.0383071899 4.78064966202 17.0606594086
      vertex -40.0383071899 3.34130954742 18.5
      vertex -40.0383071899 5.09130954742 17.2990379333
    endloop
  endfacet
  facet normal 0 -0.793352484703 -0.60876250267
    outer loop
      vertex -40.0383071899 5.09130954742 17.2990379333
      vertex -35.0385284424 5.09130954742 17.2990379333
      vertex -40.0383071899 4.78064966202 17.0606594086
    endloop
  endfacet
  facet normal 0 -0.793352484703 -0.60876250267
    outer loop
      vertex -40.0383071899 4.78064966202 17.0606594086
      vertex -35.0385284424 5.09130954742 17.2990379333
      vertex -35.0385284424 4.78064966202 17.0606594086
    endloop
  endfacet
  facet normal 0 -0.608762562275 -0.793352484703
    outer loop
      vertex -40.0383071899 4.78064966202 17.0606594086
      vertex -35.0385284424 4.78064966202 17.0606594086
      vertex -40.0383071899 4.54227161407 16.75
    endloop
  endfacet
  facet normal 0 -0.608762562275 -0.793352484703
    outer loop
      vertex -40.0383071899 4.54227161407 16.75
      vertex -35.0385284424 4.78064966202 17.0606594086
      vertex -35.0385284424 4.54227161407 16.75
    endloop
  endfacet
  facet normal 0 -0.382684499025 -0.923879086971
    outer loop
      vertex -40.0383071899 4.54227161407 16.75
      vertex -35.0385284424 4.54227161407 16.75
      vertex -40.0383071899 4.39242076874 16.3882293701
    endloop
  endfacet
  facet normal -1 0 0
    outer loop
      vertex -40.0383071899 4.39242076874 16.3882293701
      vertex -40.0383071899 3.34130954742 18.5
      vertex -40.0383071899 4.54227161407 16.75
    endloop
  endfacet
  facet normal -1 0 0
    outer loop
      vertex -40.0383071899 4.34130954742 16
      vertex -40.0383071899 3.34130954742 18.5
      vertex -40.0383071899 4.39242076874 16.3882293701
    endloop
  endfacet
  facet normal 0 -0.130525872111 -0.991444885731
    outer loop
      vertex -40.0383071899 4.39242076874 16.3882293701
      vertex -35.0385284424 4.39242076874 16.3882293701
      vertex -40.0383071899 4.34130954742 16
    endloop
  endfacet
  facet normal 0 -0.130525872111 -0.991444885731
    outer loop
      vertex -40.0383071899 4.34130954742 16
      vertex -35.0385284424 4.39242076874 16.3882293701
      vertex -35.0385284424 4.34130954742 16
    endloop
  endfacet
  facet normal 0 0.130526170135 -0.991444885731
    outer loop
      vertex -40.0383071899 4.34130954742 16
      vertex -35.0385284424 4.34130954742 16
      vertex -40.0383071899 4.39242076874 15.6117715836
    endloop
  endfacet
  facet normal -1 0 0
    outer loop
      vertex -40.0383071899 4.39242076874 15.6117715836
      vertex -40.0383071899 3.34130954742 13.5
      vertex -40.0383071899 4.34130954742 16
    endloop
  endfacet
  facet normal -1 0 0
    outer loop
      vertex -40.0383071899 4.54227161407 15.25
      vertex -40.0383071899 3.34130954742 13.5
      vertex -40.0383071899 4.39242076874 15.6117715836
    endloop
  endfacet
  facet normal 0 0.382683694363 -0.923879444599
    outer loop
      vertex -40.0383071899 4.39242076874 15.6117715836
      vertex -35.0385284424 4.39242076874 15.6117715836
      vertex -40.0383071899 4.54227161407 15.25
    endloop
  endfacet
  facet normal 0 0.382683694363 -0.923879444599
    outer loop
      vertex -40.0383071899 4.54227161407 15.25
      vertex -35.0385284424 4.39242076874 15.6117715836
      vertex -35.0385284424 4.54227161407 15.25
    endloop
  endfacet
  facet normal 0 0.608761429787 -0.793353319168
    outer loop
      vertex -40.0383071899 4.54227161407 15.25
      vertex -35.0385284424 4.54227161407 15.25
      vertex -40.0383071899 4.78064966202 14.9393396378
    endloop
  endfacet
  facet normal 0 0.608761429787 -0.793353319168
    outer loop
      vertex -40.0383071899 4.78064966202 14.9393396378
      vertex -35.0385284424 4.54227161407 15.25
      vertex -35.0385284424 4.78064966202 14.9393396378
    endloop
  endfacet
  facet normal 0 0.793353438377 -0.608761310577
    outer loop
      vertex -40.0383071899 4.78064966202 14.9393396378
      vertex -35.0385284424 4.78064966202 14.9393396378
      vertex -40.0383071899 5.09130954742 14.7009620667
    endloop
  endfacet
  facet normal -1 0 0
    outer loop
      vertex -40.0383071899 5.09130954742 14.7009620667
      vertex -40.0383071899 3.34130954742 13.5
      vertex -40.0383071899 4.78064966202 14.9393396378
    endloop
  endfacet
  facet normal -1 0 0
    outer loop
      vertex -40.0383071899 5.45308113098 14.5511112213
      vertex -40.0383071899 3.34130954742 13.5
      vertex -40.0383071899 5.09130954742 14.7009620667
    endloop
  endfacet
  facet normal 0 0.923879444599 -0.38268366456
    outer loop
      vertex -40.0383071899 5.09130954742 14.7009620667
      vertex -35.0385284424 5.09130954742 14.7009620667
      vertex -40.0383071899 5.45308113098 14.5511112213
    endloop
  endfacet
  facet normal 0 0.923879444599 -0.38268366456
    outer loop
      vertex -40.0383071899 5.45308113098 14.5511112213
      vertex -35.0385284424 5.09130954742 14.7009620667
      vertex -35.0385284424 5.45308113098 14.5511112213
    endloop
  endfacet
  facet normal 0 0.991444885731 -0.130526185036
    outer loop
      vertex -40.0383071899 5.45308113098 14.5511112213
      vertex -35.0385284424 5.45308113098 14.5511112213
      vertex -40.0383071899 5.84130954742 14.5
    endloop
  endfacet
  facet normal 0 0.991444885731 -0.130526185036
    outer loop
      vertex -40.0383071899 5.84130954742 14.5
      vertex -35.0385284424 5.45308113098 14.5511112213
      vertex -35.0385284424 5.84130954742 14.5
    endloop
  endfacet
  facet normal -0 0.991444885731 0.130526021123
    outer loop
      vertex -40.0383071899 5.84130954742 14.5
      vertex -35.0385284424 5.84130954742 14.5
      vertex -40.0383071899 6.2295384407 14.5511112213
    endloop
  endfacet
  facet normal -1 -0 0
    outer loop
      vertex -40.0383071899 6.2295384407 14.5511112213
      vertex -40.0383071899 8.34130954742 13.5
      vertex -40.0383071899 5.84130954742 14.5
    endloop
  endfacet
  facet normal -1 -0 0
    outer loop
      vertex -40.0383071899 5.84130954742 14.5
      vertex -40.0383071899 8.34130954742 13.5
      vertex -40.0383071899 3.34130954742 13.5
    endloop
  endfacet
  facet normal -1 -0 0
    outer loop
      vertex -40.0383071899 6.59130954742 14.7009620667
      vertex -40.0383071899 8.34130954742 13.5
      vertex -40.0383071899 6.2295384407 14.5511112213
    endloop
  endfacet
  facet normal -0 0.923879265785 0.382684081793
    outer loop
      vertex -40.0383071899 6.2295384407 14.5511112213
      vertex -35.0385284424 6.2295384407 14.5511112213
      vertex -40.0383071899 6.59130954742 14.7009620667
    endloop
  endfacet
  facet normal -0 0.923879265785 0.382684081793
    outer loop
      vertex -40.0383071899 6.59130954742 14.7009620667
      vertex -35.0385284424 6.2295384407 14.5511112213
      vertex -35.0385284424 6.59130954742 14.7009620667
    endloop
  endfacet
  facet normal -0 0.79335385561 0.608760774136
    outer loop
      vertex -40.0383071899 6.59130954742 14.7009620667
      vertex -35.0385284424 6.59130954742 14.7009620667
      vertex -40.0383071899 6.90196990967 14.9393396378
    endloop
  endfacet
  facet normal -0 0.79335385561 0.608760774136
    outer loop
      vertex -40.0383071899 6.90196990967 14.9393396378
      vertex -35.0385284424 6.59130954742 14.7009620667
      vertex -35.0385284424 6.90196990967 14.9393396378
    endloop
  endfacet
  facet normal -0 0.608761429787 0.793353319168
    outer loop
      vertex -40.0383071899 6.90196990967 14.9393396378
      vertex -35.0385284424 6.90196990967 14.9393396378
      vertex -40.0383071899 7.14034795761 15.25
    endloop
  endfacet
  facet normal -1 -0 0
    outer loop
      vertex -40.0383071899 7.14034795761 15.25
      vertex -40.0383071899 8.34130954742 13.5
      vertex -40.0383071899 6.90196990967 14.9393396378
    endloop
  endfacet
  facet normal -1 -0 0
    outer loop
      vertex -40.0383071899 7.29019832611 15.6117715836
      vertex -40.0383071899 8.34130954742 13.5
      vertex -40.0383071899 7.14034795761 15.25
    endloop
  endfacet
  facet normal -0 0.382682710886 0.923879802227
    outer loop
      vertex -40.0383071899 7.14034795761 15.25
      vertex -35.0385284424 7.14034795761 15.25
      vertex -40.0383071899 7.29019832611 15.6117715836
    endloop
  endfacet
  facet normal -0 0.382682710886 0.923879802227
    outer loop
      vertex -40.0383071899 7.29019832611 15.6117715836
      vertex -35.0385284424 7.14034795761 15.25
      vertex -35.0385284424 7.29019832611 15.6117715836
    endloop
  endfacet
  facet normal -0 0.130526170135 0.991444885731
    outer loop
      vertex -40.0383071899 7.29019832611 15.6117715836
      vertex -35.0385284424 7.29019832611 15.6117715836
      vertex -40.0383071899 7.34130954742 16
    endloop
  endfacet
  facet normal -0 0.130526170135 0.991444885731
    outer loop
      vertex -40.0383071899 7.34130954742 16
      vertex -35.0385284424 7.29019832611 15.6117715836
      vertex -35.0385284424 7.34130954742 16
    endloop
  endfacet
  facet normal 0 -0.130525872111 0.991444885731
    outer loop
      vertex -40.0383071899 7.34130954742 16
      vertex -35.0385284424 7.34130954742 16
      vertex -40.0383071899 7.29019832611 16.3882293701
    endloop
  endfacet
  facet normal -1 0 -0
    outer loop
      vertex -40.0383071899 7.29019832611 16.3882293701
      vertex -40.0383071899 8.34130954742 18.5
      vertex -40.0383071899 7.34130954742 16
    endloop
  endfacet
  facet normal -1 0 -0
    outer loop
      vertex -40.0383071899 7.14034795761 16.75
      vertex -40.0383071899 8.34130954742 18.5
      vertex -40.0383071899 7.29019832611 16.3882293701
    endloop
  endfacet
  facet normal 0 -0.382683545351 0.923879504204
    outer loop
      vertex -40.0383071899 7.29019832611 16.3882293701
      vertex -35.0385284424 7.29019832611 16.3882293701
      vertex -40.0383071899 7.14034795761 16.75
    endloop
  endfacet
  facet normal 0 -0.382683545351 0.923879504204
    outer loop
      vertex -40.0383071899 7.14034795761 16.75
      vertex -35.0385284424 7.29019832611 16.3882293701
      vertex -35.0385284424 7.14034795761 16.75
    endloop
  endfacet
  facet normal 0 -0.608762562275 0.793352484703
    outer loop
      vertex -40.0383071899 7.14034795761 16.75
      vertex -35.0385284424 7.14034795761 16.75
      vertex -40.0383071899 6.90196990967 17.0606594086
    endloop
  endfacet
  facet normal 0 -0.608762562275 0.793352484703
    outer loop
      vertex -40.0383071899 6.90196990967 17.0606594086
      vertex -35.0385284424 7.14034795761 16.75
      vertex -35.0385284424 6.90196990967 17.0606594086
    endloop
  endfacet
  facet normal 0 -0.793352901936 0.608761966228
    outer loop
      vertex -40.0383071899 6.90196990967 17.0606594086
      vertex -35.0385284424 6.90196990967 17.0606594086
      vertex -40.0383071899 6.59130954742 17.2990379333
    endloop
  endfacet
  facet normal -1 0 -0
    outer loop
      vertex -40.0383071899 6.59130954742 17.2990379333
      vertex -40.0383071899 8.34130954742 18.5
      vertex -40.0383071899 6.90196990967 17.0606594086
    endloop
  endfacet
  facet normal 0 -0.793352901936 0.608761966228
    outer loop
      vertex -40.0383071899 6.59130954742 17.2990379333
      vertex -35.0385284424 6.90196990967 17.0606594086
      vertex -35.0385284424 6.59130954742 17.2990379333
    endloop
  endfacet
  facet normal 0 -0.923879146576 0.382684409618
    outer loop
      vertex -40.0383071899 6.59130954742 17.2990379333
      vertex -35.0385284424 6.59130954742 17.2990379333
      vertex -40.0383071899 6.2295384407 17.4488887787
    endloop
  endfacet
  facet normal -0.855200946331 -0.411192119122 0.315519243479
    outer loop
      vertex -34.8883132935 6.72519302368 16.8838844299
      vertex -35.0385284424 6.59130954742 17.2990379333
      vertex -35.0385284424 6.90196990967 17.0606594086
    endloop
  endfacet
  facet normal -0.855201244354 -0.315517961979 0.411192536354
    outer loop
      vertex -34.8883132935 6.72519302368 16.8838844299
      vertex -35.0385284424 6.90196990967 17.0606594086
      vertex -34.8883132935 6.92384147644 16.625
    endloop
  endfacet
  facet normal 0 -0.608759999275 0.793354451656
    outer loop
      vertex -34.8883132935 6.92384147644 16.625
      vertex -30.5383052826 6.92384147644 16.625
      vertex -34.8883132935 6.72519302368 16.8838844299
    endloop
  endfacet
  facet normal 0 -0.608759999275 0.793354451656
    outer loop
      vertex -34.8883132935 6.72519302368 16.8838844299
      vertex -30.5383052826 6.92384147644 16.625
      vertex -30.5383052826 6.72519302368 16.8838844299
    endloop
  endfacet
  facet normal 0 -0.793356060982 0.608757853508
    outer loop
      vertex -34.8883132935 6.72519302368 16.8838844299
      vertex -30.5383052826 6.72519302368 16.8838844299
      vertex -34.8883132935 6.46630954742 17.0825309753
    endloop
  endfacet
  facet normal 0 -0.793356060982 0.608757853508
    outer loop
      vertex -34.8883132935 6.46630954742 17.0825309753
      vertex -30.5383052826 6.72519302368 16.8838844299
      vertex -30.5383052826 6.46630954742 17.0825309753
    endloop
  endfacet
  facet normal 0 -0.923878788948 0.382685244083
    outer loop
      vertex -34.8883132935 6.46630954742 17.0825309753
      vertex -30.5383052826 6.46630954742 17.0825309753
      vertex -34.8883132935 6.16483354568 17.2074069977
    endloop
  endfacet
  facet normal -0.855202317238 -0.478841125965 0.198343589902
    outer loop
      vertex -34.8883132935 6.16483354568 17.2074069977
      vertex -35.0385284424 6.2295384407 17.4488887787
      vertex -34.8883132935 6.46630954742 17.0825309753
    endloop
  endfacet
  facet normal -0.855202615261 -0.478840827942 0.198342964053
    outer loop
      vertex -34.8883132935 6.46630954742 17.0825309753
      vertex -35.0385284424 6.2295384407 17.4488887787
      vertex -35.0385284424 6.59130954742 17.2990379333
    endloop
  endfacet
  facet normal 0 -0.923878788948 0.382685244083
    outer loop
      vertex -34.8883132935 6.16483354568 17.2074069977
      vertex -30.5383052826 6.46630954742 17.0825309753
      vertex -30.5383052826 6.16483354568 17.2074069977
    endloop
  endfacet
  facet normal 0 -0.991444826126 0.130526646972
    outer loop
      vertex -34.8883132935 6.16483354568 17.2074069977
      vertex -30.5383052826 6.16483354568 17.2074069977
      vertex -34.8883132935 5.84130954742 17.25
    endloop
  endfacet
  facet normal -0.855202138424 -0.513860464096 0.0676512569189
    outer loop
      vertex -34.8883132935 5.84130954742 17.25
      vertex -35.0385284424 5.84130954742 17.5
      vertex -34.8883132935 6.16483354568 17.2074069977
    endloop
  endfacet
  facet normal 0 -0.991444826126 0.130526646972
    outer loop
      vertex -34.8883132935 5.84130954742 17.25
      vertex -30.5383052826 6.16483354568 17.2074069977
      vertex -30.5383052826 5.84130954742 17.25
    endloop
  endfacet
  facet normal 0 -0.991444766521 -0.130526840687
    outer loop
      vertex -34.8883132935 5.84130954742 17.25
      vertex -30.5383052826 5.84130954742 17.25
      vertex -34.8883132935 5.517786026 17.2074069977
    endloop
  endfacet
  facet normal -0.855202376842 -0.513860106468 -0.067651309073
    outer loop
      vertex -34.8883132935 5.517786026 17.2074069977
      vertex -35.0385284424 5.45308113098 17.4488887787
      vertex -34.8883132935 5.84130954742 17.25
    endloop
  endfacet
  facet normal -0.855202376842 -0.478841334581 -0.19834291935
    outer loop
      vertex -34.8883132935 5.517786026 17.2074069977
      vertex -35.0385284424 5.09130954742 17.2990379333
      vertex -35.0385284424 5.45308113098 17.4488887787
    endloop
  endfacet
  facet normal -0.855202615261 -0.478840738535 -0.198343127966
    outer loop
      vertex -34.8883132935 5.21630954742 17.0825309753
      vertex -35.0385284424 5.09130954742 17.2990379333
      vertex -34.8883132935 5.517786026 17.2074069977
    endloop
  endfacet
  facet normal 0 -0.923878967762 -0.382684767246
    outer loop
      vertex -34.8883132935 5.517786026 17.2074069977
      vertex -30.5383052826 5.517786026 17.2074069977
      vertex -34.8883132935 5.21630954742 17.0825309753
    endloop
  endfacet
  facet normal 0 -0.923878967762 -0.382684767246
    outer loop
      vertex -34.8883132935 5.21630954742 17.0825309753
      vertex -30.5383052826 5.517786026 17.2074069977
      vertex -30.5383052826 5.21630954742 17.0825309753
    endloop
  endfacet
  facet normal 0 -0.793356060982 -0.608757853508
    outer loop
      vertex -34.8883132935 5.21630954742 17.0825309753
      vertex -30.5383052826 5.21630954742 17.0825309753
      vertex -34.8883132935 4.95742607117 16.8838844299
    endloop
  endfacet
  facet normal -0.855200529099 -0.411194264889 -0.315517544746
    outer loop
      vertex -34.8883132935 4.95742607117 16.8838844299
      vertex -35.0385284424 4.78064966202 17.0606594086
      vertex -34.8883132935 5.21630954742 17.0825309753
    endloop
  endfacet
  facet normal 0 -0.793356060982 -0.608757853508
    outer loop
      vertex -34.8883132935 4.95742607117 16.8838844299
      vertex -30.5383052826 5.21630954742 17.0825309753
      vertex -30.5383052826 4.95742607117 16.8838844299
    endloop
  endfacet
  facet normal 0 -0.608759105206 -0.793355107307
    outer loop
      vertex -34.8883132935 4.95742607117 16.8838844299
      vertex -30.5383052826 4.95742607117 16.8838844299
      vertex -34.8883132935 4.75877809525 16.625
    endloop
  endfacet
  facet normal -0.855202436447 -0.315516293049 -0.411191314459
    outer loop
      vertex -34.8883132935 4.75877809525 16.625
      vertex -35.0385284424 4.54227161407 16.75
      vertex -34.8883132935 4.95742607117 16.8838844299
    endloop
  endfacet
  facet normal -0.855202376842 -0.198343187571 -0.478841215372
    outer loop
      vertex -34.8883132935 4.75877809525 16.625
      vertex -35.0385284424 4.39242076874 16.3882293701
      vertex -35.0385284424 4.54227161407 16.75
    endloop
  endfacet
  facet normal -0.855202436447 -0.198342978954 -0.478841125965
    outer loop
      vertex -34.8883132935 4.63390254974 16.3235244751
      vertex -35.0385284424 4.39242076874 16.3882293701
      vertex -34.8883132935 4.75877809525 16.625
    endloop
  endfacet
  facet normal 0 -0.382684230804 -0.923879206181
    outer loop
      vertex -34.8883132935 4.75877809525 16.625
      vertex -30.5383052826 4.75877809525 16.625
      vertex -34.8883132935 4.63390254974 16.3235244751
    endloop
  endfacet
  facet normal 0 -0.382684230804 -0.923879206181
    outer loop
      vertex -34.8883132935 4.63390254974 16.3235244751
      vertex -30.5383052826 4.75877809525 16.625
      vertex -30.5383052826 4.63390254974 16.3235244751
    endloop
  endfacet
  facet normal 0 -0.130526736379 -0.991444766521
    outer loop
      vertex -34.8883132935 4.63390254974 16.3235244751
      vertex -30.5383052826 4.63390254974 16.3235244751
      vertex -34.8883132935 4.59130954742 16
    endloop
  endfacet
  facet normal -0.855202138424 -0.0676513016224 -0.513860464096
    outer loop
      vertex -34.8883132935 4.59130954742 16
      vertex -35.0385284424 4.34130954742 16
      vertex -34.8883132935 4.63390254974 16.3235244751
    endloop
  endfacet
  facet normal -0.855202138424 0.0676510035992 -0.513860523701
    outer loop
      vertex -34.8883132935 4.59130954742 16
      vertex -35.0385284424 4.39242076874 15.6117715836
      vertex -35.0385284424 4.34130954742 16
    endloop
  endfacet
  facet normal -0.855202496052 0.0676514133811 -0.513859927654
    outer loop
      vertex -34.8883132935 4.63390254974 15.6764764786
      vertex -35.0385284424 4.39242076874 15.6117715836
      vertex -34.8883132935 4.59130954742 16
    endloop
  endfacet
  facet normal 0 0.130527094007 -0.991444766521
    outer loop
      vertex -34.8883132935 4.59130954742 16
      vertex -30.5383052826 4.59130954742 16
      vertex -34.8883132935 4.63390254974 15.6764764786
    endloop
  endfacet
  facet normal 0 0.130527094007 -0.991444766521
    outer loop
      vertex -34.8883132935 4.63390254974 15.6764764786
      vertex -30.5383052826 4.59130954742 16
      vertex -30.5383052826 4.63390254974 15.6764764786
    endloop
  endfacet
  facet normal 0 0.382682949305 -0.923879742622
    outer loop
      vertex -34.8883132935 4.63390254974 15.6764764786
      vertex -30.5383052826 4.63390254974 15.6764764786
      vertex -34.8883132935 4.75877809525 15.375
    endloop
  endfacet
  facet normal -0.855202198029 0.198342472315 -0.478841781616
    outer loop
      vertex -34.8883132935 4.75877809525 15.375
      vertex -35.0385284424 4.54227161407 15.25
      vertex -34.8883132935 4.63390254974 15.6764764786
    endloop
  endfacet
  facet normal 0 0.382682949305 -0.923879742622
    outer loop
      vertex -34.8883132935 4.75877809525 15.375
      vertex -30.5383052826 4.63390254974 15.6764764786
      vertex -30.5383052826 4.75877809525 15.375
    endloop
  endfacet
  facet normal 0 0.608761370182 -0.793353378773
    outer loop
      vertex -34.8883132935 4.75877809525 15.375
      vertex -30.5383052826 4.75877809525 15.375
      vertex -34.8883132935 4.95742607117 15.1161165237
    endloop
  endfacet
  facet normal -0.855202138424 0.315517753363 -0.411190807819
    outer loop
      vertex -34.8883132935 4.95742607117 15.1161165237
      vertex -35.0385284424 4.78064966202 14.9393396378
      vertex -34.8883132935 4.75877809525 15.375
    endloop
  endfacet
  facet normal -0.855202198029 0.411190718412 -0.315517634153
    outer loop
      vertex -34.8883132935 4.95742607117 15.1161165237
      vertex -35.0385284424 5.09130954742 14.7009620667
      vertex -35.0385284424 4.78064966202 14.9393396378
    endloop
  endfacet
  facet normal -0.85520195961 0.411190807819 -0.315518200397
    outer loop
      vertex -34.8883132935 5.21630954742 14.917468071
      vertex -35.0385284424 5.09130954742 14.7009620667
      vertex -34.8883132935 4.95742607117 15.1161165237
    endloop
  endfacet
  facet normal 0 0.79335296154 -0.608761906624
    outer loop
      vertex -34.8883132935 4.95742607117 15.1161165237
      vertex -30.5383052826 4.95742607117 15.1161165237
      vertex -34.8883132935 5.21630954742 14.917468071
    endloop
  endfacet
  facet normal 0 0.79335296154 -0.608761906624
    outer loop
      vertex -34.8883132935 5.21630954742 14.917468071
      vertex -30.5383052826 4.95742607117 15.1161165237
      vertex -30.5383052826 5.21630954742 14.917468071
    endloop
  endfacet
  facet normal 0 0.92388010025 -0.382682025433
    outer loop
      vertex -34.8883132935 5.21630954742 14.917468071
      vertex -30.5383052826 5.21630954742 14.917468071
      vertex -34.8883132935 5.517786026 14.7925930023
    endloop
  endfacet
  facet normal -0.855202555656 0.478841453791 -0.198341757059
    outer loop
      vertex -34.8883132935 5.517786026 14.7925930023
      vertex -35.0385284424 5.45308113098 14.5511112213
      vertex -34.8883132935 5.21630954742 14.917468071
    endloop
  endfacet
  facet normal 0 0.92388010025 -0.382682025433
    outer loop
      vertex -34.8883132935 5.517786026 14.7925930023
      vertex -30.5383052826 5.21630954742 14.917468071
      vertex -30.5383052826 5.517786026 14.7925930023
    endloop
  endfacet
  facet normal 0 0.991444706917 -0.130527287722
    outer loop
      vertex -34.8883132935 5.517786026 14.7925930023
      vertex -30.5383052826 5.517786026 14.7925930023
      vertex -34.8883132935 5.84130954742 14.75
    endloop
  endfacet
  facet normal -0.855202138424 0.513860464096 -0.067651592195
    outer loop
      vertex -34.8883132935 5.84130954742 14.75
      vertex -35.0385284424 5.84130954742 14.5
      vertex -34.8883132935 5.517786026 14.7925930023
    endloop
  endfacet
  facet normal -0.855202138424 0.513860523701 0.0676509290934
    outer loop
      vertex -34.8883132935 5.84130954742 14.75
      vertex -35.0385284424 6.2295384407 14.5511112213
      vertex -35.0385284424 5.84130954742 14.5
    endloop
  endfacet
  facet normal -0.855202555656 0.513859808445 0.0676514059305
    outer loop
      vertex -34.8883132935 6.16483354568 14.7925930023
      vertex -35.0385284424 6.2295384407 14.5511112213
      vertex -34.8883132935 5.84130954742 14.75
    endloop
  endfacet
  facet normal -0 0.991444766521 0.130527094007
    outer loop
      vertex -34.8883132935 5.84130954742 14.75
      vertex -30.5383052826 5.84130954742 14.75
      vertex -34.8883132935 6.16483354568 14.7925930023
    endloop
  endfacet
  facet normal -0 0.991444766521 0.130527094007
    outer loop
      vertex -34.8883132935 6.16483354568 14.7925930023
      vertex -30.5383052826 5.84130954742 14.75
      vertex -30.5383052826 6.16483354568 14.7925930023
    endloop
  endfacet
  facet normal -0 0.923879921436 0.38268250227
    outer loop
      vertex -34.8883132935 6.16483354568 14.7925930023
      vertex -30.5383052826 6.16483354568 14.7925930023
      vertex -34.8883132935 6.46630954742 14.917468071
    endloop
  endfacet
  facet normal -0.855201900005 0.478842318058 0.19834241271
    outer loop
      vertex -34.8883132935 6.46630954742 14.917468071
      vertex -35.0385284424 6.59130954742 14.7009620667
      vertex -34.8883132935 6.16483354568 14.7925930023
    endloop
  endfacet
  facet normal -0 0.923879921436 0.38268250227
    outer loop
      vertex -34.8883132935 6.46630954742 14.917468071
      vertex -30.5383052826 6.16483354568 14.7925930023
      vertex -30.5383052826 6.46630954742 14.917468071
    endloop
  endfacet
  facet normal -0 0.79335296154 0.608761906624
    outer loop
      vertex -34.8883132935 6.46630954742 14.917468071
      vertex -30.5383052826 6.46630954742 14.917468071
      vertex -34.8883132935 6.72519302368 15.1161165237
    endloop
  endfacet
  facet normal -0.855202496052 0.411190122366 0.315517663956
    outer loop
      vertex -34.8883132935 6.72519302368 15.1161165237
      vertex -35.0385284424 6.90196990967 14.9393396378
      vertex -34.8883132935 6.46630954742 14.917468071
    endloop
  endfacet
  facet normal -0.855202436447 0.315517455339 0.411190330982
    outer loop
      vertex -34.8883132935 6.72519302368 15.1161165237
      vertex -35.0385284424 7.14034795761 15.25
      vertex -35.0385284424 6.90196990967 14.9393396378
    endloop
  endfacet
  facet normal -0.855202138424 0.315518170595 0.411190450191
    outer loop
      vertex -34.8883132935 6.92384147644 15.375
      vertex -35.0385284424 7.14034795761 15.25
      vertex -34.8883132935 6.72519302368 15.1161165237
    endloop
  endfacet
  facet normal -0 0.608762204647 0.793352723122
    outer loop
      vertex -34.8883132935 6.72519302368 15.1161165237
      vertex -30.5383052826 6.72519302368 15.1161165237
      vertex -34.8883132935 6.92384147644 15.375
    endloop
  endfacet
  facet normal -0 0.608762204647 0.793352723122
    outer loop
      vertex -34.8883132935 6.92384147644 15.375
      vertex -30.5383052826 6.72519302368 15.1161165237
      vertex -30.5383052826 6.92384147644 15.375
    endloop
  endfacet
  facet normal -0 0.382682740688 0.923879802227
    outer loop
      vertex -34.8883132935 6.92384147644 15.375
      vertex -30.5383052826 6.92384147644 15.375
      vertex -34.8883132935 7.04871702194 15.6764764786
    endloop
  endfacet
  facet normal -0.855202198029 0.198342382908 0.478841871023
    outer loop
      vertex -34.8883132935 7.04871702194 15.6764764786
      vertex -35.0385284424 7.29019832611 15.6117715836
      vertex -34.8883132935 6.92384147644 15.375
    endloop
  endfacet
  facet normal -0 0.382682740688 0.923879802227
    outer loop
      vertex -34.8883132935 7.04871702194 15.6764764786
      vertex -30.5383052826 6.92384147644 15.375
      vertex -30.5383052826 7.04871702194 15.6764764786
    endloop
  endfacet
  facet normal -0 0.130525961518 0.991444885731
    outer loop
      vertex -34.8883132935 7.04871702194 15.6764764786
      vertex -30.5383052826 7.04871702194 15.6764764786
      vertex -34.8883132935 7.09130954742 16
    endloop
  endfacet
  facet normal -0.855202138424 0.067650899291 0.513860523701
    outer loop
      vertex -34.8883132935 7.09130954742 16
      vertex -35.0385284424 7.34130954742 16
      vertex -34.8883132935 7.04871702194 15.6764764786
    endloop
  endfacet
  facet normal -0.855202198029 -0.067650847137 0.513860523701
    outer loop
      vertex -34.8883132935 7.09130954742 16
      vertex -35.0385284424 7.29019832611 16.3882293701
      vertex -35.0385284424 7.34130954742 16
    endloop
  endfacet
  facet normal -0.855202078819 -0.0676507279277 0.51386064291
    outer loop
      vertex -34.8883132935 7.04871702194 16.3235244751
      vertex -35.0385284424 7.29019832611 16.3882293701
      vertex -34.8883132935 7.09130954742 16
    endloop
  endfacet
  facet normal 0 -0.13052560389 0.991444945335
    outer loop
      vertex -34.8883132935 7.09130954742 16
      vertex -30.5383052826 7.09130954742 16
      vertex -34.8883132935 7.04871702194 16.3235244751
    endloop
  endfacet
  facet normal 0 -0.13052560389 0.991444945335
    outer loop
      vertex -34.8883132935 7.04871702194 16.3235244751
      vertex -30.5383052826 7.09130954742 16
      vertex -30.5383052826 7.04871702194 16.3235244751
    endloop
  endfacet
  facet normal 0 -0.382684051991 0.923879265785
    outer loop
      vertex -34.8883132935 7.04871702194 16.3235244751
      vertex -30.5383052826 7.04871702194 16.3235244751
      vertex -34.8883132935 6.92384147644 16.625
    endloop
  endfacet
  facet normal -0.855202317238 -0.198342949152 0.478841334581
    outer loop
      vertex -34.8883132935 6.92384147644 16.625
      vertex -35.0385284424 7.14034795761 16.75
      vertex -34.8883132935 7.04871702194 16.3235244751
    endloop
  endfacet
  facet normal -1 0 0
    outer loop
      vertex -30.5383052826 7.09130954742 16
      vertex -30.5383052826 4.59130954742 16
      vertex -30.5383052826 7.04871702194 16.3235244751
    endloop
  endfacet
  facet normal -1 0 0
    outer loop
      vertex -30.5383052826 7.04871702194 16.3235244751
      vertex -30.5383052826 4.59130954742 16
      vertex -30.5383052826 4.63390254974 16.3235244751
    endloop
  endfacet
  facet normal -1 0 0
    outer loop
      vertex -30.5383052826 7.04871702194 16.3235244751
      vertex -30.5383052826 4.63390254974 16.3235244751
      vertex -30.5383052826 6.92384147644 16.625
    endloop
  endfacet
  facet normal -0 0.130525961518 0.991444885731
    outer loop
      vertex -34.8883132935 7.09130954742 16
      vertex -30.5383052826 7.04871702194 15.6764764786
      vertex -30.5383052826 7.09130954742 16
    endloop
  endfacet
  facet normal -1 0 0
    outer loop
      vertex -30.5383052826 7.04871702194 15.6764764786
      vertex -30.5383052826 4.63390254974 15.6764764786
      vertex -30.5383052826 7.09130954742 16
    endloop
  endfacet
  facet normal -1 0 0
    outer loop
      vertex -30.5383052826 4.75877809525 15.375
      vertex -30.5383052826 7.04871702194 15.6764764786
      vertex -30.5383052826 6.92384147644 15.375
    endloop
  endfacet
  facet normal -1 0 -0
    outer loop
      vertex -30.5383052826 4.75877809525 15.375
      vertex -30.5383052826 6.92384147644 15.375
      vertex -30.5383052826 4.95742607117 15.1161165237
    endloop
  endfacet
  facet normal -1 0 0
    outer loop
      vertex -30.5383052826 4.95742607117 15.1161165237
      vertex -30.5383052826 6.92384147644 15.375
      vertex -30.5383052826 6.72519302368 15.1161165237
    endloop
  endfacet
  facet normal -0 0.79335296154 0.608761906624
    outer loop
      vertex -34.8883132935 6.72519302368 15.1161165237
      vertex -30.5383052826 6.46630954742 14.917468071
      vertex -30.5383052826 6.72519302368 15.1161165237
    endloop
  endfacet
  facet normal -1 0 0
    outer loop
      vertex -30.5383052826 5.21630954742 14.917468071
      vertex -30.5383052826 6.72519302368 15.1161165237
      vertex -30.5383052826 6.46630954742 14.917468071
    endloop
  endfacet
  facet normal -1 0 0
    outer loop
      vertex -30.5383052826 5.517786026 14.7925930023
      vertex -30.5383052826 6.46630954742 14.917468071
      vertex -30.5383052826 6.16483354568 14.7925930023
    endloop
  endfacet
  facet normal -1 0 -0
    outer loop
      vertex -30.5383052826 5.517786026 14.7925930023
      vertex -30.5383052826 6.16483354568 14.7925930023
      vertex -30.5383052826 5.84130954742 14.75
    endloop
  endfacet
  facet normal 0 0.991444706917 -0.130527287722
    outer loop
      vertex -34.8883132935 5.84130954742 14.75
      vertex -30.5383052826 5.517786026 14.7925930023
      vertex -30.5383052826 5.84130954742 14.75
    endloop
  endfacet
  facet normal -1 0 -0
    outer loop
      vertex -30.5383052826 5.21630954742 14.917468071
      vertex -30.5383052826 6.46630954742 14.917468071
      vertex -30.5383052826 5.517786026 14.7925930023
    endloop
  endfacet
  facet normal -1 0 -0
    outer loop
      vertex -30.5383052826 4.95742607117 15.1161165237
      vertex -30.5383052826 6.72519302368 15.1161165237
      vertex -30.5383052826 5.21630954742 14.917468071
    endloop
  endfacet
  facet normal 0 0.608761370182 -0.793353378773
    outer loop
      vertex -34.8883132935 4.95742607117 15.1161165237
      vertex -30.5383052826 4.75877809525 15.375
      vertex -30.5383052826 4.95742607117 15.1161165237
    endloop
  endfacet
  facet normal -1 0 -0
    outer loop
      vertex -30.5383052826 4.63390254974 15.6764764786
      vertex -30.5383052826 7.04871702194 15.6764764786
      vertex -30.5383052826 4.75877809525 15.375
    endloop
  endfacet
  facet normal -1 0 0
    outer loop
      vertex -30.5383052826 7.09130954742 16
      vertex -30.5383052826 4.63390254974 15.6764764786
      vertex -30.5383052826 4.59130954742 16
    endloop
  endfacet
  facet normal 0 -0.130526736379 -0.991444766521
    outer loop
      vertex -34.8883132935 4.59130954742 16
      vertex -30.5383052826 4.63390254974 16.3235244751
      vertex -30.5383052826 4.59130954742 16
    endloop
  endfacet
  facet normal -1 0 0
    outer loop
      vertex -30.5383052826 6.92384147644 16.625
      vertex -30.5383052826 4.63390254974 16.3235244751
      vertex -30.5383052826 4.75877809525 16.625
    endloop
  endfacet
  facet normal 0 -0.608759105206 -0.793355107307
    outer loop
      vertex -34.8883132935 4.75877809525 16.625
      vertex -30.5383052826 4.95742607117 16.8838844299
      vertex -30.5383052826 4.75877809525 16.625
    endloop
  endfacet
  facet normal -1 0 0
    outer loop
      vertex -30.5383052826 6.72519302368 16.8838844299
      vertex -30.5383052826 4.75877809525 16.625
      vertex -30.5383052826 4.95742607117 16.8838844299
    endloop
  endfacet
  facet normal -1 0 0
    outer loop
      vertex -30.5383052826 6.46630954742 17.0825309753
      vertex -30.5383052826 4.95742607117 16.8838844299
      vertex -30.5383052826 5.21630954742 17.0825309753
    endloop
  endfacet
  facet normal -1 0 0
    outer loop
      vertex -30.5383052826 6.16483354568 17.2074069977
      vertex -30.5383052826 5.21630954742 17.0825309753
      vertex -30.5383052826 5.517786026 17.2074069977
    endloop
  endfacet
  facet normal 0 -0.991444766521 -0.130526840687
    outer loop
      vertex -34.8883132935 5.517786026 17.2074069977
      vertex -30.5383052826 5.84130954742 17.25
      vertex -30.5383052826 5.517786026 17.2074069977
    endloop
  endfacet
  facet normal -1 0 0
    outer loop
      vertex -30.5383052826 6.16483354568 17.2074069977
      vertex -30.5383052826 5.517786026 17.2074069977
      vertex -30.5383052826 5.84130954742 17.25
    endloop
  endfacet
  facet normal -1 0 0
    outer loop
      vertex -30.5383052826 6.46630954742 17.0825309753
      vertex -30.5383052826 5.21630954742 17.0825309753
      vertex -30.5383052826 6.16483354568 17.2074069977
    endloop
  endfacet
  facet normal -1 0 0
    outer loop
      vertex -30.5383052826 6.72519302368 16.8838844299
      vertex -30.5383052826 4.95742607117 16.8838844299
      vertex -30.5383052826 6.46630954742 17.0825309753
    endloop
  endfacet
  facet normal -1 0 0
    outer loop
      vertex -30.5383052826 6.92384147644 16.625
      vertex -30.5383052826 4.75877809525 16.625
      vertex -30.5383052826 6.72519302368 16.8838844299
    endloop
  endfacet
  facet normal 0 -0.382684051991 0.923879265785
    outer loop
      vertex -34.8883132935 6.92384147644 16.625
      vertex -30.5383052826 7.04871702194 16.3235244751
      vertex -30.5383052826 6.92384147644 16.625
    endloop
  endfacet
  facet normal -0.855202674866 -0.411191493273 0.315515398979
    outer loop
      vertex -34.8883132935 6.46630954742 17.0825309753
      vertex -35.0385284424 6.59130954742 17.2990379333
      vertex -34.8883132935 6.72519302368 16.8838844299
    endloop
  endfacet
  facet normal -0.855202317238 -0.315518200397 0.411190092564
    outer loop
      vertex -34.8883132935 6.92384147644 16.625
      vertex -35.0385284424 6.90196990967 17.0606594086
      vertex -35.0385284424 7.14034795761 16.75
    endloop
  endfacet
  facet normal -0.855202138424 -0.19834280014 0.478841722012
    outer loop
      vertex -34.8883132935 7.04871702194 16.3235244751
      vertex -35.0385284424 7.14034795761 16.75
      vertex -35.0385284424 7.29019832611 16.3882293701
    endloop
  endfacet
  facet normal -1 0 -0
    outer loop
      vertex -40.0383071899 6.90196990967 17.0606594086
      vertex -40.0383071899 8.34130954742 18.5
      vertex -40.0383071899 7.14034795761 16.75
    endloop
  endfacet
  facet normal 0 -0.130525872111 0.991444885731
    outer loop
      vertex -40.0383071899 7.29019832611 16.3882293701
      vertex -35.0385284424 7.34130954742 16
      vertex -35.0385284424 7.29019832611 16.3882293701
    endloop
  endfacet
  facet normal -0.855202078819 0.0676510185003 0.513860583305
    outer loop
      vertex -34.8883132935 7.04871702194 15.6764764786
      vertex -35.0385284424 7.34130954742 16
      vertex -35.0385284424 7.29019832611 15.6117715836
    endloop
  endfacet
  facet normal -0.855202198029 0.198342353106 0.478841841221
    outer loop
      vertex -34.8883132935 6.92384147644 15.375
      vertex -35.0385284424 7.29019832611 15.6117715836
      vertex -35.0385284424 7.14034795761 15.25
    endloop
  endfacet
  facet normal -1 -0 0
    outer loop
      vertex -40.0383071899 7.34130954742 16
      vertex -40.0383071899 8.34130954742 13.5
      vertex -40.0383071899 7.29019832611 15.6117715836
    endloop
  endfacet
  facet normal -0 0.608761429787 0.793353319168
    outer loop
      vertex -40.0383071899 7.14034795761 15.25
      vertex -35.0385284424 6.90196990967 14.9393396378
      vertex -35.0385284424 7.14034795761 15.25
    endloop
  endfacet
  facet normal -0.855202019215 0.41119119525 0.315517544746
    outer loop
      vertex -34.8883132935 6.46630954742 14.917468071
      vertex -35.0385284424 6.90196990967 14.9393396378
      vertex -35.0385284424 6.59130954742 14.7009620667
    endloop
  endfacet
  facet normal -0.855202496052 0.478841125965 0.198342874646
    outer loop
      vertex -34.8883132935 6.16483354568 14.7925930023
      vertex -35.0385284424 6.59130954742 14.7009620667
      vertex -35.0385284424 6.2295384407 14.5511112213
    endloop
  endfacet
  facet normal -1 -0 0
    outer loop
      vertex -40.0383071899 6.90196990967 14.9393396378
      vertex -40.0383071899 8.34130954742 13.5
      vertex -40.0383071899 6.59130954742 14.7009620667
    endloop
  endfacet
  facet normal -0 0.991444885731 0.130526021123
    outer loop
      vertex -40.0383071899 6.2295384407 14.5511112213
      vertex -35.0385284424 5.84130954742 14.5
      vertex -35.0385284424 6.2295384407 14.5511112213
    endloop
  endfacet
  facet normal -0.855202496052 0.513859927654 -0.0676509365439
    outer loop
      vertex -34.8883132935 5.517786026 14.7925930023
      vertex -35.0385284424 5.84130954742 14.5
      vertex -35.0385284424 5.45308113098 14.5511112213
    endloop
  endfacet
  facet normal -0.85520195961 0.478842020035 -0.198342993855
    outer loop
      vertex -34.8883132935 5.21630954742 14.917468071
      vertex -35.0385284424 5.45308113098 14.5511112213
      vertex -35.0385284424 5.09130954742 14.7009620667
    endloop
  endfacet
  facet normal -1 0 0
    outer loop
      vertex -40.0383071899 5.84130954742 14.5
      vertex -40.0383071899 3.34130954742 13.5
      vertex -40.0383071899 5.45308113098 14.5511112213
    endloop
  endfacet
  facet normal 0 0.793353438377 -0.608761310577
    outer loop
      vertex -40.0383071899 5.09130954742 14.7009620667
      vertex -35.0385284424 4.78064966202 14.9393396378
      vertex -35.0385284424 5.09130954742 14.7009620667
    endloop
  endfacet
  facet normal -0.855202138424 0.315517753363 -0.411190718412
    outer loop
      vertex -34.8883132935 4.75877809525 15.375
      vertex -35.0385284424 4.78064966202 14.9393396378
      vertex -35.0385284424 4.54227161407 15.25
    endloop
  endfacet
  facet normal -0.855202496052 0.198342695832 -0.478841215372
    outer loop
      vertex -34.8883132935 4.63390254974 15.6764764786
      vertex -35.0385284424 4.54227161407 15.25
      vertex -35.0385284424 4.39242076874 15.6117715836
    endloop
  endfacet
  facet normal -1 0 0
    outer loop
      vertex -40.0383071899 4.78064966202 14.9393396378
      vertex -40.0383071899 3.34130954742 13.5
      vertex -40.0383071899 4.54227161407 15.25
    endloop
  endfacet
  facet normal 0 0.130526170135 -0.991444885731
    outer loop
      vertex -40.0383071899 4.39242076874 15.6117715836
      vertex -35.0385284424 4.34130954742 16
      vertex -35.0385284424 4.39242076874 15.6117715836
    endloop
  endfacet
  facet normal -0.855202436447 -0.0676507875323 -0.513860046864
    outer loop
      vertex -34.8883132935 4.63390254974 16.3235244751
      vertex -35.0385284424 4.34130954742 16
      vertex -35.0385284424 4.39242076874 16.3882293701
    endloop
  endfacet
  facet normal -1 0 0
    outer loop
      vertex -40.0383071899 4.34130954742 16
      vertex -40.0383071899 3.34130954742 13.5
      vertex -40.0383071899 3.34130954742 18.5
    endloop
  endfacet
  facet normal 0 0 1
    outer loop
      vertex -40.0383071899 3.34130954742 13.5
      vertex -19.4503059387 3.34130954742 18.5
      vertex -40.0383071899 3.34130954742 18.5
    endloop
  endfacet
  facet normal 0 -0.382684499025 -0.923879086971
    outer loop
      vertex -40.0383071899 4.39242076874 16.3882293701
      vertex -35.0385284424 4.54227161407 16.75
      vertex -35.0385284424 4.39242076874 16.3882293701
    endloop
  endfacet
  facet normal -0.855201005936 -0.3155195117 -0.411191821098
    outer loop
      vertex -34.8883132935 4.95742607117 16.8838844299
      vertex -35.0385284424 4.54227161407 16.75
      vertex -35.0385284424 4.78064966202 17.0606594086
    endloop
  endfacet
  facet normal -0.855202496052 -0.411189883947 -0.315517991781
    outer loop
      vertex -34.8883132935 5.21630954742 17.0825309753
      vertex -35.0385284424 4.78064966202 17.0606594086
      vertex -35.0385284424 5.09130954742 17.2990379333
    endloop
  endfacet
  facet normal -1 0 0
    outer loop
      vertex -40.0383071899 4.54227161407 16.75
      vertex -40.0383071899 3.34130954742 18.5
      vertex -40.0383071899 4.78064966202 17.0606594086
    endloop
  endfacet
  facet normal 0 -0.92387932539 -0.382683992386
    outer loop
      vertex -40.0383071899 5.09130954742 17.2990379333
      vertex -35.0385284424 5.45308113098 17.4488887787
      vertex -35.0385284424 5.09130954742 17.2990379333
    endloop
  endfacet
  facet normal -0.855202138424 -0.513860464096 -0.0676510110497
    outer loop
      vertex -34.8883132935 5.84130954742 17.25
      vertex -35.0385284424 5.45308113098 17.4488887787
      vertex -35.0385284424 5.84130954742 17.5
    endloop
  endfacet
  facet normal -0.855202376842 -0.513860166073 0.0676508843899
    outer loop
      vertex -34.8883132935 6.16483354568 17.2074069977
      vertex -35.0385284424 5.84130954742 17.5
      vertex -35.0385284424 6.2295384407 17.4488887787
    endloop
  endfacet
  facet normal 0 -0.923879146576 0.382684409618
    outer loop
      vertex -40.0383071899 6.2295384407 17.4488887787
      vertex -35.0385284424 6.59130954742 17.2990379333
      vertex -35.0385284424 6.2295384407 17.4488887787
    endloop
  endfacet
  facet normal -1 0 -0
    outer loop
      vertex -40.0383071899 6.2295384407 17.4488887787
      vertex -40.0383071899 8.34130954742 18.5
      vertex -40.0383071899 6.59130954742 17.2990379333
    endloop
  endfacet
  facet normal -1 0 0
    outer loop
      vertex -40.0383071899 5.45308113098 17.4488887787
      vertex -40.0383071899 3.34130954742 18.5
      vertex -40.0383071899 5.84130954742 17.5
    endloop
  endfacet
  facet normal 0 1 0
    outer loop
      vertex -19.4503059387 3.34130954742 18.5
      vertex -19.4503059387 8.34130954742 18.5
      vertex -40.0383071899 3.34130954742 18.5
    endloop
  endfacet
  facet normal -1 0 0
    outer loop
      vertex -19.4503059387 8.34130954742 18.5
      vertex -19.4503059387 3.34130954742 18.5
      vertex -19.4503059387 8.34130954742 19.5
    endloop
  endfacet
  facet normal -1 0 -0
    outer loop
      vertex -40.0383071899 7.34130954742 16
      vertex -40.0383071899 8.34130954742 18.5
      vertex -40.0383071899 8.34130954742 13.5
    endloop
  endfacet
  facet normal 0 -1 0
    outer loop
      vertex -17.4503059387 8.34130954742 13.5
      vertex -40.0383071899 3.34130954742 13.5
      vertex -40.0383071899 8.34130954742 13.5
    endloop
  endfacet
  facet normal 0 0 -1
    outer loop
      vertex -19.4503059387 8.34130954742 19.5
      vertex -11.4503059387 8.34130954742 19.5
      vertex -19.4503059387 8.34130954742 18.5
    endloop
  endfacet
  facet normal 0 -1 0
    outer loop
      vertex -19.4503059387 8.34130954742 19.5
      vertex -19.4503059387 14.055226326 19.5
      vertex -11.4503059387 8.34130954742 19.5
    endloop
  endfacet
  facet normal 0 -1 -0
    outer loop
      vertex -11.4503059387 8.34130954742 19.5
      vertex -19.4503059387 14.055226326 19.5
      vertex -7.63703107834 14.055226326 19.5
    endloop
  endfacet
  facet normal 0 0 -1
    outer loop
      vertex -19.4503059387 14.055226326 19.5
      vertex -7.63703107834 14.055226326 22
      vertex -7.63703107834 14.055226326 19.5
    endloop
  endfacet
  facet normal -1 -0 -0
    outer loop
      vertex -7.63703107834 14.055226326 22
      vertex -7.63703107834 24.51263237 22
      vertex -7.63703107834 14.055226326 19.5
    endloop
  endfacet
  facet normal 0 -1 0
    outer loop
      vertex -19.4503059387 14.055226326 22
      vertex -7.63703107834 24.51263237 22
      vertex -7.63703107834 14.055226326 22
    endloop
  endfacet
  facet normal 0 -1 0
    outer loop
      vertex -19.4503059387 24.51263237 22
      vertex -7.63703107834 24.51263237 22
      vertex -19.4503059387 14.055226326 22
    endloop
  endfacet
  facet normal 0 0 1
    outer loop
      vertex -7.63703107834 24.51263237 19.5
      vertex -19.4503059387 24.51263237 22
      vertex -19.4503059387 24.51263237 19.5
    endloop
  endfacet
  facet normal 0 -1 0
    outer loop
      vertex -14.640712738 33.92735672 19.5
      vertex -7.63703107834 24.51263237 19.5
      vertex -19.4503059387 24.51263237 19.5
    endloop
  endfacet
  facet normal 0 -1 0
    outer loop
      vertex -14.1199035645 34.1708259583 19.5
      vertex -7.63703107834 24.51263237 19.5
      vertex -14.640712738 33.92735672 19.5
    endloop
  endfacet
  facet normal -0.225887551904 -0 -0.974153399467
    outer loop
      vertex -16.4363460541 39.1259841919 19.5
      vertex -15.8762998581 39.2558479309 19.5
      vertex -16.4363460541 39.1259841919 15
    endloop
  endfacet
  facet normal -0.32647973299 -0 -0.94520419836
    outer loop
      vertex -16.4363460541 39.1259841919 19.5
      vertex -16.4363460541 39.1259841919 15
      vertex -19.4404449463 38.0883483887 18
    endloop
  endfacet
  facet normal -0.326479166746 6.26168741746e-07 -0.945204377174
    outer loop
      vertex -19.4404449463 38.0883483887 18
      vertex -16.4363460541 39.1259841919 15
      vertex -31.3161392212 33.986415863 15
    endloop
  endfacet
  facet normal 0 -1 0
    outer loop
      vertex -16.4363460541 39.1259841919 15
      vertex -31.03175354 34.0663108826 15
      vertex -31.3161392212 33.986415863 15
    endloop
  endfacet
  facet normal -0.270472317934 -0.000328691210598 -0.962727665901
    outer loop
      vertex -31.03175354 34.0663108826 15
      vertex -30.9808940887 34.0771865845 5
      vertex -31.3161392212 33.986415863 15
    endloop
  endfacet
  facet normal -0.294790148735 -0.00120898068417 -0.955561280251
    outer loop
      vertex -31.3161392212 33.986415863 15
      vertex -30.9808940887 34.0771865845 5
      vertex -31.4951782227 33.9185295105 5
    endloop
  endfacet
  facet normal -0.324154019356 -0.000618373451289 -0.946004092693
    outer loop
      vertex -31.3161392212 33.986415863 15
      vertex -31.4951782227 33.9185295105 5
      vertex -31.329076767 33.9819831848 15
    endloop
  endfacet
  facet normal -0 1 0
    outer loop
      vertex -31.329076767 33.9819831848 15
      vertex -31.3290672302 33.9819526672 15
      vertex -31.3161392212 33.986415863 15
    endloop
  endfacet
  facet normal -0.326249867678 -0 -0.945283591747
    outer loop
      vertex -31.3290672302 33.9819526672 18
      vertex -31.3161392212 33.986415863 15
      vertex -31.3290672302 33.9819526672 15
    endloop
  endfacet
  facet normal -0.423493027687 -0 -0.905899345875
    outer loop
      vertex -31.3290672302 33.9819526672 18
      vertex -31.3290672302 33.9819526672 15
      vertex -31.8498744965 33.738483429 18
    endloop
  endfacet
  facet normal -0 1 -0
    outer loop
      vertex -31.8498744965 33.738483429 18
      vertex -32.308681488 33.3920555115 18
      vertex -31.3290672302 33.9819526672 18
    endloop
  endfacet
  facet normal 0 1 0
    outer loop
      vertex -31.3290672302 33.9819526672 18
      vertex -32.308681488 33.3920555115 18
      vertex -32.6854362488 32.9578056335 18
    endloop
  endfacet
  facet normal 0 1 0
    outer loop
      vertex -31.3290672302 33.9819526672 18
      vertex -32.6854362488 32.9578056335 18
      vertex -32.9636726379 32.4547119141 18
    endloop
  endfacet
  facet normal -0.875086426735 0.000251694262261 -0.483966648579
    outer loop
      vertex -32.6854362488 32.9578056335 18
      vertex -32.6896324158 32.9517784119 15
      vertex -32.9636726379 32.4547119141 18
    endloop
  endfacet
  facet normal -0.876587450504 -0.000336772005539 -0.481242537498
    outer loop
      vertex -32.9636726379 32.4547119141 18
      vertex -32.6896324158 32.9517784119 15
      vertex -32.9674720764 32.445690155 15
    endloop
  endfacet
  facet normal -0.947646915913 0.000240214387304 -0.319319963455
    outer loop
      vertex -32.9636726379 32.4547119141 18
      vertex -32.9674720764 32.445690155 15
      vertex -33.0936088562 32.0713577271 15
    endloop
  endfacet
  facet normal -0.9565782547 0.00418898509815 -0.291445493698
    outer loop
      vertex -32.9636726379 32.4547119141 18
      vertex -33.0936088562 32.0713577271 15
      vertex -33.1312294006 31.9047622681 18
    endloop
  endfacet
  facet normal 0 1 0
    outer loop
      vertex -29.5334320068 28.78332901 18
      vertex -32.9636726379 32.4547119141 18
      vertex -33.1312294006 31.9047622681 18
    endloop
  endfacet
  facet normal 0 1 -0
    outer loop
      vertex -33.1312294006 31.9047622681 18
      vertex -33.1807823181 31.3319988251 18
      vertex -29.5334320068 28.78332901 18
    endloop
  endfacet
  facet normal 0 1 0
    outer loop
      vertex -29.5334320068 28.78332901 18
      vertex -33.1807823181 31.3319988251 18
      vertex -33.110168457 30.7614421844 18
    endloop
  endfacet
  facet normal 0 1 0
    outer loop
      vertex -29.5334320068 28.78332901 18
      vertex -33.110168457 30.7614421844 18
      vertex -32.9224739075 30.2180404663 18
    endloop
  endfacet
  facet normal 0 1 0
    outer loop
      vertex -32.9224739075 30.2180404663 18
      vertex -32.6259002686 29.7255325317 18
      vertex -29.5334320068 28.78332901 18
    endloop
  endfacet
  facet normal 0 1 0
    outer loop
      vertex -29.5334320068 28.78332901 18
      vertex -32.6259002686 29.7255325317 18
      vertex -32.2334098816 29.3054523468 18
    endloop
  endfacet
  facet normal 0 1 0
    outer loop
      vertex -29.5334320068 28.78332901 18
      vertex -32.2334098816 29.3054523468 18
      vertex -31.7621574402 28.97615242 18
    endloop
  endfacet
  facet normal 0 1 0
    outer loop
      vertex -31.7621574402 28.97615242 18
      vertex -31.2327365875 28.7520275116 18
      vertex -29.5334320068 28.78332901 18
    endloop
  endfacet
  facet normal 0 1 0
    outer loop
      vertex -29.5334320068 28.78332901 18
      vertex -31.2327365875 28.7520275116 18
      vertex -30.0934810638 28.6534614563 18
    endloop
  endfacet
  facet normal 0 1 0
    outer loop
      vertex -30.0934810638 28.6534614563 18
      vertex -31.2327365875 28.7520275116 18
      vertex -30.6682872772 28.642873764 18
    endloop
  endfacet
  facet normal 0.0184149835259 0.004696381744 0.999819397926
    outer loop
      vertex -30.6682872772 28.642873764 18
      vertex -30.307434082 28.6354293823 15
      vertex -30.0934810638 28.6534614563 18
    endloop
  endfacet
  facet normal 0.0841483026743 -1.18107927847e-05 0.996453225613
    outer loop
      vertex -30.0934810638 28.6534614563 18
      vertex -30.307434082 28.6354293823 15
      vertex -30.0925960541 28.6535720825 15
    endloop
  endfacet
  facet normal 0.155496835709 9.53566814133e-06 0.987836360931
    outer loop
      vertex -30.0934810638 28.6534614563 18
      vertex -30.0925960541 28.6535720825 15
      vertex -29.9151077271 28.6815109253 15
    endloop
  endfacet
  facet normal 0 -1 -0
    outer loop
      vertex -30.307434082 28.6354293823 15
      vertex -30.3074378967 28.6355133057 15
      vertex -30.0925960541 28.6535720825 15
    endloop
  endfacet
  facet normal -0 -1 -0
    outer loop
      vertex -30.0925960541 28.6535720825 15
      vertex -30.3074378967 28.6355133057 15
      vertex -29.9151248932 28.6815929413 15
    endloop
  endfacet
  facet normal 0.116652227938 -0.000156837937539 0.993172824383
    outer loop
      vertex -30.3074378967 28.6355133057 15
      vertex -29.8947620392 28.6855621338 5
      vertex -29.9151248932 28.6815929413 15
    endloop
  endfacet
  facet normal 0.0980164036155 -0.000935961550567 0.995184361935
    outer loop
      vertex -30.3074378967 28.6355133057 15
      vertex -30.4312496185 28.6327228546 5
      vertex -29.8947620392 28.6855621338 5
    endloop
  endfacet
  facet normal 0 1 0
    outer loop
      vertex -29.8947582245 28.6855392456 5
      vertex -29.8947620392 28.6855621338 5
      vertex -30.4312496185 28.6327228546 5
    endloop
  endfacet
  facet normal 0 1 0
    outer loop
      vertex -29.8947582245 28.6855392456 5
      vertex -30.4312496185 28.6327228546 5
      vertex -30.4312496185 28.6326999664 5
    endloop
  endfacet
  facet normal 0.0980155840516 -0 0.995184898376
    outer loop
      vertex -30.4312496185 28.6326999664 2.5
      vertex -29.8947582245 28.6855392456 5
      vertex -30.4312496185 28.6326999664 5
    endloop
  endfacet
  facet normal 0 0 1
    outer loop
      vertex -30.4312496185 28.6326999664 5
      vertex -36.6554107666 28.6326999664 5
      vertex -30.4312496185 28.6326999664 2.5
    endloop
  endfacet
  facet normal 0 0 1
    outer loop
      vertex -30.4312496185 28.6326999664 2.5
      vertex -36.6554107666 28.6326999664 5
      vertex -36.6554107666 28.6326999664 2.5
    endloop
  endfacet
  facet normal 0 -1 0
    outer loop
      vertex -36.0456047058 28.7041034698 2.5
      vertex -30.4312496185 28.6326999664 2.5
      vertex -36.6554107666 28.6326999664 2.5
    endloop
  endfacet
  facet normal 0.11629576236 0.00473405094817 0.993203341961
    outer loop
      vertex -36.6554107666 28.6326999664 2.5
      vertex -36.5194473267 28.6367034912 5.95848518969e-07
      vertex -36.0456047058 28.7041034698 2.5
    endloop
  endfacet
  facet normal 0.161781862378 -0.00405938876793 0.986818194389
    outer loop
      vertex -36.0456047058 28.7041034698 2.5
      vertex -36.5194473267 28.6367034912 5.95848518969e-07
      vertex -35.9326248169 28.7329101562 5.95848518969e-07
    endloop
  endfacet
  facet normal 0.333759784698 0.00422155298293 0.94264870882
    outer loop
      vertex -36.0456047058 28.7041034698 2.5
      vertex -35.9326248169 28.7329101562 5.95848518969e-07
      vertex -35.4668426514 28.9090232849 2.5
    endloop
  endfacet
  facet normal 0.370134651661 -0.00351903541014 0.928971469402
    outer loop
      vertex -35.4668426514 28.9090232849 2.5
      vertex -35.9326248169 28.7329101562 5.95848518969e-07
      vertex -35.3802070618 28.9530124664 5.95848518969e-07
    endloop
  endfacet
  facet normal 0.534581363201 0.00365543994121 0.84510910511
    outer loop
      vertex -35.4668426514 28.9090232849 2.5
      vertex -35.3802070618 28.9530124664 5.95848518969e-07
      vertex -34.9479675293 29.237241745 2.5
    endloop
  endfacet
  facet normal 0 -1 0
    outer loop
      vertex -34.9479675293 29.237241745 2.5
      vertex -30.4312496185 28.6326999664 2.5
      vertex -35.4668426514 28.9090232849 2.5
    endloop
  endfacet
  facet normal 0 -1 0
    outer loop
      vertex -34.5148429871 29.6724052429 2.5
      vertex -30.4312496185 28.6326999664 2.5
      vertex -34.9479675293 29.237241745 2.5
    endloop
  endfacet
  facet normal 0.708762288094 0.00303390901536 0.705440878868
    outer loop
      vertex -34.9479675293 29.237241745 2.5
      vertex -34.8880157471 29.2867240906 5.95848518969e-07
      vertex -34.5148429871 29.6724052429 2.5
    endloop
  endfacet
  facet normal 0.725995063782 -0.00227593723685 0.687696158886
    outer loop
      vertex -34.5148429871 29.6724052429 2.5
      vertex -34.8880157471 29.2867240906 5.95848518969e-07
      vertex -34.4790725708 29.7184410095 5.95848518969e-07
    endloop
  endfacet
  facet normal 0.847614884377 0.00235689384863 0.530606746674
    outer loop
      vertex -34.5148429871 29.6724052429 2.5
      vertex -34.4790725708 29.7184410095 5.95848518969e-07
      vertex -34.1890640259 30.192817688 2.5
    endloop
  endfacet
  facet normal 0.856855809689 -0.00157140323427 0.515553712845
    outer loop
      vertex -34.1890640259 30.192817688 2.5
      vertex -34.4790725708 29.7184410095 5.95848518969e-07
      vertex -34.1724967957 30.227973938 5.95848518969e-07
    endloop
  endfacet
  facet normal 0.944213151932 0.00162631412968 0.32933101058
    outer loop
      vertex -34.1890640259 30.192817688 2.5
      vertex -34.1724967957 30.227973938 5.95848518969e-07
      vertex -33.9868659973 30.7725372314 2.5
    endloop
  endfacet
  facet normal 0 -1 0
    outer loop
      vertex -33.9868659973 30.7725372314 2.5
      vertex -30.4312496185 28.6326999664 2.5
      vertex -34.1890640259 30.192817688 2.5
    endloop
  endfacet
  facet normal 0 -1 0
    outer loop
      vertex -33.9868659973 30.7725372314 2.5
      vertex -28.4867267609 29.4381370544 2.5
      vertex -30.4312496185 28.6326999664 2.5
    endloop
  endfacet
  facet normal 0 -1 0
    outer loop
      vertex -28.4867267609 29.4381370544 2.5
      vertex -28.9034500122 29.0961437225 2.5
      vertex -30.4312496185 28.6326999664 2.5
    endloop
  endfacet
  facet normal 0 -1 0
    outer loop
      vertex -30.4312496185 28.6326999664 2.5
      vertex -28.9034500122 29.0961437225 2.5
      vertex -29.3788833618 28.8420257568 2.5
    endloop
  endfacet
  facet normal 0 -1 0
    outer loop
      vertex -30.4312496185 28.6326999664 2.5
      vertex -29.3788833618 28.8420257568 2.5
      vertex -29.8947582245 28.6855392456 2.5
    endloop
  endfacet
  facet normal 0.29028236866 7.09838425217e-18 0.956941008568
    outer loop
      vertex -29.3788833618 28.8420257568 2.5
      vertex -29.8947582245 28.6855392456 5
      vertex -29.8947582245 28.6855392456 2.5
    endloop
  endfacet
  facet normal 0.29028236866 -0 0.956941008568
    outer loop
      vertex -29.3788833618 28.8420257568 2.5
      vertex -29.3788833618 28.8420257568 5
      vertex -29.8947582245 28.6855392456 5
    endloop
  endfacet
  facet normal 0.471387952566 -1.419676685e-17 0.881925940514
    outer loop
      vertex -28.9034500122 29.0961437225 2.5
      vertex -29.3788833618 28.8420257568 5
      vertex -29.3788833618 28.8420257568 2.5
    endloop
  endfacet
  facet normal 0.471387952566 -0 0.881925940514
    outer loop
      vertex -28.9034500122 29.0961437225 2.5
      vertex -28.9034500122 29.0961437225 5
      vertex -29.3788833618 28.8420257568 5
    endloop
  endfacet
  facet normal 0 1 0
    outer loop
      vertex -28.9034500122 29.0961437225 5
      vertex -29.3788928986 28.8420467377 5
      vertex -29.3788833618 28.8420257568 5
    endloop
  endfacet
  facet normal 0 1 0
    outer loop
      vertex -29.3788833618 28.8420257568 5
      vertex -29.3788928986 28.8420467377 5
      vertex -29.8947620392 28.6855621338 5
    endloop
  endfacet
  facet normal 0.290280610323 -0.00112527306192 0.956940889359
    outer loop
      vertex -29.5334587097 28.7834014893 15
      vertex -29.8947620392 28.6855621338 5
      vertex -29.3788928986 28.8420467377 5
    endloop
  endfacet
  facet normal 0 1 0
    outer loop
      vertex -28.9034500122 29.0961437225 5
      vertex -28.9034614563 29.0961666107 5
      vertex -29.3788928986 28.8420467377 5
    endloop
  endfacet
  facet normal 0.471389532089 -0.00103191728704 0.881924510002
    outer loop
      vertex -29.0245742798 29.0197296143 15
      vertex -29.3788928986 28.8420467377 5
      vertex -28.9034614563 29.0961666107 5
    endloop
  endfacet
  facet normal 0 1 0
    outer loop
      vertex -28.4867267609 29.4381370544 5
      vertex -28.9034614563 29.0961666107 5
      vertex -28.9034500122 29.0961437225 5
    endloop
  endfacet
  facet normal 0.634388327599 -0 0.773014485836
    outer loop
      vertex -28.4867267609 29.4381370544 2.5
      vertex -28.4867267609 29.4381370544 5
      vertex -28.9034500122 29.0961437225 5
    endloop
  endfacet
  facet normal 0.77300298214 0 0.634402394295
    outer loop
      vertex -28.1447296143 29.854850769 2.5
      vertex -28.4867267609 29.4381370544 5
      vertex -28.4867267609 29.4381370544 2.5
    endloop
  endfacet
  facet normal 0.77300298214 -0 0.634402394295
    outer loop
      vertex -28.1447296143 29.854850769 2.5
      vertex -28.1447296143 29.854850769 5
      vertex -28.4867267609 29.4381370544 5
    endloop
  endfacet
  facet normal 0 1 0
    outer loop
      vertex -28.1447296143 29.854850769 5
      vertex -28.486743927 29.4381523132 5
      vertex -28.4867267609 29.4381370544 5
    endloop
  endfacet
  facet normal 0 1 0
    outer loop
      vertex -28.1447296143 29.854850769 5
      vertex -28.1447486877 29.8548641205 5
      vertex -28.486743927 29.4381523132 5
    endloop
  endfacet
  facet normal 0.773003160954 -0.000792947714217 0.634401679039
    outer loop
      vertex -28.2012252808 29.7735500336 15
      vertex -28.486743927 29.4381523132 5
      vertex -28.1447486877 29.8548641205 5
    endloop
  endfacet
  facet normal 0 1 0
    outer loop
      vertex -27.8905982971 30.3302783966 5
      vertex -28.1447486877 29.8548641205 5
      vertex -28.1447296143 29.854850769 5
    endloop
  endfacet
  facet normal 0.881912887096 -0 0.471412390471
    outer loop
      vertex -27.8905982971 30.3302783966 2.5
      vertex -27.8905982971 30.3302783966 5
      vertex -28.1447296143 29.854850769 5
    endloop
  endfacet
  facet normal 0.956935703754 0 0.290299892426
    outer loop
      vertex -27.7341003418 30.8461494446 2.5
      vertex -27.8905982971 30.3302783966 5
      vertex -27.8905982971 30.3302783966 2.5
    endloop
  endfacet
  facet normal 0 -1 0
    outer loop
      vertex -33.9868659973 30.7725372314 2.5
      vertex -27.7341003418 30.8461494446 2.5
      vertex -27.8905982971 30.3302783966 2.5
    endloop
  endfacet
  facet normal 0 -1 0
    outer loop
      vertex -33.9868659973 30.7725372314 2.5
      vertex -27.8905982971 30.3302783966 2.5
      vertex -28.1447296143 29.854850769 2.5
    endloop
  endfacet
  facet normal 0 -1 0
    outer loop
      vertex -33.9183273315 31.3826675415 2.5
      vertex -27.7341003418 30.8461494446 2.5
      vertex -33.9868659973 30.7725372314 2.5
    endloop
  endfacet
  facet normal 0.993749499321 0.000839190382976 0.111630015075
    outer loop
      vertex -33.9868659973 30.7725372314 2.5
      vertex -33.982624054 30.7915019989 5.95848518969e-07
      vertex -33.9183273315 31.3826675415 2.5
    endloop
  endfacet
  facet normal 0.994137465954 0 0.108123339713
    outer loop
      vertex -33.982624054 30.7915019989 5.95848518969e-07
      vertex -33.9183273315 31.3826675415 5.95848518969e-07
      vertex -33.9183273315 31.3826675415 2.5
    endloop
  endfacet
  facet normal 0.994137585163 0 -0.108122467995
    outer loop
      vertex -33.9183273315 31.3826675415 2.5
      vertex -33.9183273315 31.3826675415 5.95848518969e-07
      vertex -33.982624054 31.9738388062 5.95848518969e-07
    endloop
  endfacet
  facet normal 0.993749558926 0.000839197076857 -0.111629143357
    outer loop
      vertex -33.9183273315 31.3826675415 2.5
      vertex -33.982624054 31.9738388062 5.95848518969e-07
      vertex -33.9868659973 31.9928035736 2.5
    endloop
  endfacet
  facet normal 0 -1 -0
    outer loop
      vertex -33.9183273315 31.3826675415 2.5
      vertex -33.9868659973 31.9928035736 2.5
      vertex -27.7340888977 31.9191379547 2.5
    endloop
  endfacet
  facet normal 0 -1 0
    outer loop
      vertex -27.7340888977 31.9191379547 2.5
      vertex -27.6812496185 31.3826389313 2.5
      vertex -33.9183273315 31.3826675415 2.5
    endloop
  endfacet
  facet normal 0.995174229145 -0.00465618958697 -0.0980132222176
    outer loop
      vertex -27.705280304 31.7453956604 5
      vertex -27.6812496185 31.3826389313 2.5
      vertex -27.7340888977 31.9191379547 2.5
    endloop
  endfacet
  facet normal 0.986357927322 7.40317918826e-05 -0.164614781737
    outer loop
      vertex -27.7340888977 31.9191379547 2.5
      vertex -27.7352199554 31.9247913361 5
      vertex -27.705280304 31.7453956604 5
    endloop
  endfacet
  facet normal 0 1 -0
    outer loop
      vertex -27.7352199554 31.9247913361 5
      vertex -27.7352313995 31.9247894287 5
      vertex -27.705280304 31.7453956604 5
    endloop
  endfacet
  facet normal 0 1 -0
    outer loop
      vertex -27.705280304 31.7453956604 5
      vertex -27.7352313995 31.9247894287 5
      vertex -27.6812705994 31.3826389313 5
    endloop
  endfacet
  facet normal 0 1 0
    outer loop
      vertex -27.705280304 31.7453956604 5
      vertex -27.6812705994 31.3826389313 5
      vertex -27.6812496185 31.3826389313 5
    endloop
  endfacet
  facet normal 0 1 0
    outer loop
      vertex -27.6812496185 31.3826389313 5
      vertex -27.6812705994 31.3826389313 5
      vertex -27.73412323 30.8461551666 5
    endloop
  endfacet
  facet normal 0 1 0
    outer loop
      vertex -27.6812496185 31.3826389313 5
      vertex -27.73412323 30.8461551666 5
      vertex -27.7341003418 30.8461494446 5
    endloop
  endfacet
  facet normal 0.995182693005 -0 0.0980380252004
    outer loop
      vertex -27.7341003418 30.8461494446 2.5
      vertex -27.6812496185 31.3826389313 5
      vertex -27.7341003418 30.8461494446 5
    endloop
  endfacet
  facet normal 0.995182693005 -0 0.0980380252004
    outer loop
      vertex -27.6812496185 31.3826389313 2.5
      vertex -27.6812496185 31.3826389313 5
      vertex -27.7341003418 30.8461494446 2.5
    endloop
  endfacet
  facet normal 0 1 0
    outer loop
      vertex -27.7341003418 30.8461494446 5
      vertex -27.73412323 30.8461551666 5
      vertex -27.890619278 30.3302879333 5
    endloop
  endfacet
  facet normal 0 1 0
    outer loop
      vertex -27.7341003418 30.8461494446 5
      vertex -27.890619278 30.3302879333 5
      vertex -27.8905982971 30.3302783966 5
    endloop
  endfacet
  facet normal 0.956934869289 -0.000482575094793 0.290302336216
    outer loop
      vertex -27.7453460693 30.7925319672 15
      vertex -27.890619278 30.3302879333 5
      vertex -27.73412323 30.8461551666 5
    endloop
  endfacet
  facet normal 0.995182514191 -0.000300776126096 0.0980388894677
    outer loop
      vertex -27.6814670563 31.3499660492 15
      vertex -27.73412323 30.8461551666 5
      vertex -27.6812705994 31.3826389313 5
    endloop
  endfacet
  facet normal 0.995083332062 -0.000156983922352 -0.0990412309766
    outer loop
      vertex -27.7320594788 31.9087619781 15
      vertex -27.6812705994 31.3826389313 5
      vertex -27.7352313995 31.9247894287 5
    endloop
  endfacet
  facet normal 0 1 0
    outer loop
      vertex -27.7769527435 32.10181427 5
      vertex -27.7352313995 31.9247894287 5
      vertex -27.7352199554 31.9247913361 5
    endloop
  endfacet
  facet normal 0 1 0
    outer loop
      vertex -27.8950138092 32.4456596375 5
      vertex -27.7352313995 31.9247894287 5
      vertex -27.7769527435 32.10181427 5
    endloop
  endfacet
  facet normal 0.94580000639 0.000295075587928 -0.324749618769
    outer loop
      vertex -27.7769527435 32.10181427 5
      vertex -27.890581131 32.4350204468 2.5
      vertex -27.8950138092 32.4456596375 5
    endloop
  endfacet
  facet normal 0.881920456886 -0.000442318065325 -0.471398025751
    outer loop
      vertex -27.8950138092 32.4456596375 5
      vertex -27.890581131 32.4350204468 2.5
      vertex -28.1447086334 32.9104576111 2.5
    endloop
  endfacet
  facet normal 0.880930662155 0 -0.473245382309
    outer loop
      vertex -27.8950138092 32.4456596375 5
      vertex -28.1447086334 32.9104576111 2.5
      vertex -27.8950138092 32.4456596375 15
    endloop
  endfacet
  facet normal -0 -1 0
    outer loop
      vertex -27.890581131 32.4350204468 2.5
      vertex -33.9868659973 31.9928035736 2.5
      vertex -28.1447086334 32.9104576111 2.5
    endloop
  endfacet
  facet normal -0 -1 0
    outer loop
      vertex -28.1447086334 32.9104576111 2.5
      vertex -33.9868659973 31.9928035736 2.5
      vertex -28.48670578 33.3271827698 2.5
    endloop
  endfacet
  facet normal 0.773011922836 -7.39512979635e-05 -0.634391486645
    outer loop
      vertex -28.1500606537 32.9184341431 15
      vertex -28.1447086334 32.9104576111 2.5
      vertex -28.48670578 33.3271827698 2.5
    endloop
  endfacet
  facet normal -0 -1 0
    outer loop
      vertex -28.48670578 33.3271827698 2.5
      vertex -33.9868659973 31.9928035736 2.5
      vertex -30.4312496185 34.1326408386 2.5
    endloop
  endfacet
  facet normal 0 -1 0
    outer loop
      vertex -28.48670578 33.3271827698 2.5
      vertex -30.4312496185 34.1326408386 2.5
      vertex -28.9034309387 33.6691818237 2.5
    endloop
  endfacet
  facet normal 0.634394109249 -5.94591838308e-05 -0.773009777069
    outer loop
      vertex -28.4921474457 33.332611084 15
      vertex -28.48670578 33.3271827698 2.5
      vertex -28.9034309387 33.6691818237 2.5
    endloop
  endfacet
  facet normal 0 -1 0
    outer loop
      vertex -28.9034309387 33.6691818237 2.5
      vertex -30.4312496185 34.1326408386 2.5
      vertex -29.3788700104 33.9233093262 2.5
    endloop
  endfacet
  facet normal 0.471394628286 -4.47104284831e-05 -0.88192242384
    outer loop
      vertex -28.9082260132 33.67237854 15
      vertex -28.9034309387 33.6691818237 2.5
      vertex -29.3788700104 33.9233093262 2.5
    endloop
  endfacet
  facet normal 0.469854801893 2.975334246e-05 -0.88274371624
    outer loop
      vertex -28.9082260132 33.67237854 15
      vertex -29.3788700104 33.9233093262 2.5
      vertex -29.3824214935 33.9247779846 15
    endloop
  endfacet
  facet normal 0.290286809206 -2.99826315313e-05 -0.956939697266
    outer loop
      vertex -29.3824214935 33.9247779846 15
      vertex -29.3788700104 33.9233093262 2.5
      vertex -29.8947505951 34.0797996521 2.5
    endloop
  endfacet
  facet normal 0.289282292128 1.49618599607e-05 -0.957243859768
    outer loop
      vertex -29.3824214935 33.9247779846 15
      vertex -29.8947505951 34.0797996521 2.5
      vertex -29.8966331482 34.0801734924 15
    endloop
  endfacet
  facet normal 0 -1 0
    outer loop
      vertex -16.4363460541 39.1259841919 15
      vertex -29.3824214935 33.9247779846 15
      vertex -29.8966331482 34.0801734924 15
    endloop
  endfacet
  facet normal 0 -1 -0
    outer loop
      vertex -29.8966331482 34.0801734924 15
      vertex -30.4312496185 34.1326408386 15
      vertex -16.4363460541 39.1259841919 15
    endloop
  endfacet
  facet normal 0 -1 0
    outer loop
      vertex -16.4363460541 39.1259841919 15
      vertex -30.4312496185 34.1326408386 15
      vertex -30.4455604553 34.1326408386 15
    endloop
  endfacet
  facet normal 0 -1 0
    outer loop
      vertex -16.4363460541 39.1259841919 15
      vertex -30.4455604553 34.1326408386 15
      vertex -30.7404403687 34.1152381897 15
    endloop
  endfacet
  facet normal -0.0589198507369 -0 -0.998262703419
    outer loop
      vertex -30.4455604553 34.1326408386 15
      vertex -30.4455604553 34.1326408386 5
      vertex -30.7404403687 34.1152381897 15
    endloop
  endfacet
  facet normal -0.103039428592 -0.00130723940674 -0.994676411152
    outer loop
      vertex -30.7404403687 34.1152381897 15
      vertex -30.4455604553 34.1326408386 5
      vertex -30.9808940887 34.0771865845 5
    endloop
  endfacet
  facet normal 0 1 0
    outer loop
      vertex -30.9808940887 34.0771865845 5
      vertex -30.4455604553 34.1326408386 5
      vertex -36.6554107666 34.1326408386 5
    endloop
  endfacet
  facet normal 0 0 -1
    outer loop
      vertex -36.6554107666 34.1326408386 5
      vertex -30.4455604553 34.1326408386 5
      vertex -36.6554107666 34.1326408386 2.5
    endloop
  endfacet
  facet normal -0.07882270962 0 -0.996888637543
    outer loop
      vertex -36.6554107666 34.1326408386 2.5
      vertex -37.1132278442 34.0964431763 5.95848518969e-07
      vertex -36.6554107666 34.1326408386 5
    endloop
  endfacet
  facet normal -0.100167609751 0.00196830695495 -0.994968652725
    outer loop
      vertex -36.6554107666 34.1326408386 5
      vertex -37.1132278442 34.0964431763 5.95848518969e-07
      vertex -37.2291297913 34.0748825073 5
    endloop
  endfacet
  facet normal 0 1 0
    outer loop
      vertex -36.6683273315 33.1326713562 5
      vertex -36.6554107666 34.1326408386 5
      vertex -37.2291297913 34.0748825073 5
    endloop
  endfacet
  facet normal 0 1 0
    outer loop
      vertex -36.6683273315 33.1326713562 5
      vertex -37.2291297913 34.0748825073 5
      vertex -37.7781944275 33.8987579346 5
    endloop
  endfacet
  facet normal 0 1 0
    outer loop
      vertex -36.6683273315 33.1326713562 5
      vertex -37.7781944275 33.8987579346 5
      vertex -37.1212615967 33.0730400085 5
    endloop
  endfacet
  facet normal 0.130531847477 0 0.99144411087
    outer loop
      vertex -37.1212615967 33.0730400085 5
      vertex -37.1212615967 33.0730400085 5.95848518969e-07
      vertex -36.6683273315 33.1326713562 5
    endloop
  endfacet
  facet normal 0.130531847477 0 0.99144411087
    outer loop
      vertex -36.6683273315 33.1326713562 5
      vertex -37.1212615967 33.0730400085 5.95848518969e-07
      vertex -36.6683273315 33.1326713562 5.95848518969e-07
    endloop
  endfacet
  facet normal -0.130533218384 0 0.991443932056
    outer loop
      vertex -36.6683273315 33.1326713562 5
      vertex -36.6683273315 33.1326713562 5.95848518969e-07
      vertex -36.2153968811 33.0730400085 5
    endloop
  endfacet
  facet normal -0.130533218384 0 0.991443932056
    outer loop
      vertex -36.2153968811 33.0730400085 5
      vertex -36.6683273315 33.1326713562 5.95848518969e-07
      vertex -36.2153968811 33.0730400085 5.95848518969e-07
    endloop
  endfacet
  facet normal -0.3826777637 0 0.92388188839
    outer loop
      vertex -36.2153968811 33.0730400085 5
      vertex -36.2153968811 33.0730400085 5.95848518969e-07
      vertex -35.7933273315 32.8982162476 5
    endloop
  endfacet
  facet normal 0 1 0
    outer loop
      vertex -35.7933273315 32.8982162476 5
      vertex -32.3833503723 33.3196220398 5
      vertex -36.2153968811 33.0730400085 5
    endloop
  endfacet
  facet normal 0 1 0
    outer loop
      vertex -36.2153968811 33.0730400085 5
      vertex -32.3833503723 33.3196220398 5
      vertex -36.6554107666 34.1326408386 5
    endloop
  endfacet
  facet normal 0 1 0
    outer loop
      vertex -32.3833503723 33.3196220398 5
      vertex -31.9687080383 33.6627426147 5
      vertex -36.6554107666 34.1326408386 5
    endloop
  endfacet
  facet normal 0 1 0
    outer loop
      vertex -36.6554107666 34.1326408386 5
      vertex -31.9687080383 33.6627426147 5
      vertex -31.4951782227 33.9185295105 5
    endloop
  endfacet
  facet normal -0.475263178349 -0.00105472980067 -0.879843056202
    outer loop
      vertex -31.8431911469 33.7425308228 15
      vertex -31.4951782227 33.9185295105 5
      vertex -31.9687080383 33.6627426147 5
    endloop
  endfacet
  facet normal -0.51535397768 -0.000369080458768 -0.856977343559
    outer loop
      vertex -31.8431911469 33.7425308228 15
      vertex -31.9687080383 33.6627426147 5
      vertex -31.8519859314 33.7372436523 15
    endloop
  endfacet
  facet normal -0 1 0
    outer loop
      vertex -31.8519859314 33.7372436523 15
      vertex -31.8519706726 33.7372207642 15
      vertex -31.8431911469 33.7425308228 15
    endloop
  endfacet
  facet normal -0 1 -0
    outer loop
      vertex -31.8431911469 33.7425308228 15
      vertex -31.8519706726 33.7372207642 15
      vertex -31.3290672302 33.9819526672 15
    endloop
  endfacet
  facet normal 0 1 0
    outer loop
      vertex -32.3072738647 33.3933982849 15
      vertex -31.8519706726 33.7372207642 15
      vertex -31.8519859314 33.7372436523 15
    endloop
  endfacet
  facet normal -0 1 -0
    outer loop
      vertex -32.3072738647 33.3933982849 15
      vertex -32.3122558594 33.388710022 15
      vertex -31.8519706726 33.7372207642 15
    endloop
  endfacet
  facet normal -0.603650927544 -0.000170071798493 -0.797248721123
    outer loop
      vertex -32.308681488 33.3920555115 18
      vertex -31.8519706726 33.7372207642 15
      vertex -32.3122558594 33.388710022 15
    endloop
  endfacet
  facet normal -0 1 0
    outer loop
      vertex -32.3122711182 33.3887252808 15
      vertex -32.3122558594 33.388710022 15
      vertex -32.3072738647 33.3933982849 15
    endloop
  endfacet
  facet normal -0.682891964912 -0.00019445156795 -0.730519354343
    outer loop
      vertex -32.3072738647 33.3933982849 15
      vertex -32.3833503723 33.3196220398 5
      vertex -32.3122711182 33.3887252808 15
    endloop
  endfacet
  facet normal -0.756406486034 0.000856159487739 -0.654101252556
    outer loop
      vertex -32.3122711182 33.3887252808 15
      vertex -32.3833503723 33.3196220398 5
      vertex -32.6876869202 32.9545936584 15
    endloop
  endfacet
  facet normal -0.775378584862 -0.000546372844838 -0.631496429443
    outer loop
      vertex -32.6876869202 32.9545936584 15
      vertex -32.3833503723 33.3196220398 5
      vertex -32.7232208252 32.9023132324 5
    endloop
  endfacet
  facet normal -0.820676803589 -7.11899047019e-05 -0.571392714977
    outer loop
      vertex -32.6876869202 32.9545936584 15
      vertex -32.7232208252 32.9023132324 5
      vertex -32.6896438599 32.9517860413 15
    endloop
  endfacet
  facet normal -0 1 0
    outer loop
      vertex -32.6896438599 32.9517860413 15
      vertex -32.6896324158 32.9517784119 15
      vertex -32.6876869202 32.9545936584 15
    endloop
  endfacet
  facet normal -0 1 -0
    outer loop
      vertex -32.6876869202 32.9545936584 15
      vertex -32.6896324158 32.9517784119 15
      vertex -32.3122558594 33.388710022 15
    endloop
  endfacet
  facet normal -0.876597225666 0.000562657602131 -0.481224477291
    outer loop
      vertex -32.6896438599 32.9517860413 15
      vertex -32.7232208252 32.9023132324 5
      vertex -32.9674720764 32.445690155 15
    endloop
  endfacet
  facet normal -0.883522212505 -0.000192571154912 -0.468389242887
    outer loop
      vertex -32.9674720764 32.445690155 15
      vertex -32.7232208252 32.9023132324 5
      vertex -32.9753074646 32.4268035889 5
    endloop
  endfacet
  facet normal -0.947653710842 0.000139264317113 -0.319299966097
    outer loop
      vertex -32.9674720764 32.445690155 15
      vertex -32.9753074646 32.4268035889 5
      vertex -33.0936012268 32.0713539124 15
    endloop
  endfacet
  facet normal -0.957832932472 -0.00111774809193 -0.287323594093
    outer loop
      vertex -33.0936012268 32.0713539124 15
      vertex -32.9753074646 32.4268035889 5
      vertex -33.1299438477 31.9112987518 5
    endloop
  endfacet
  facet normal -0.983622074127 0.000689879758283 -0.180241748691
    outer loop
      vertex -33.0936012268 32.0713539124 15
      vertex -33.1299438477 31.9112987518 5
      vertex -33.1647987366 31.6828136444 15
    endloop
  endfacet
  facet normal 0 -1 0
    outer loop
      vertex -33.1647987366 31.6828136444 15
      vertex -33.1329040527 31.8960227966 15
      vertex -33.0936012268 32.0713539124 15
    endloop
  endfacet
  facet normal 0 -1 -0
    outer loop
      vertex -33.1647987366 31.6828136444 15
      vertex -33.1648178101 31.6828155518 15
      vertex -33.1329040527 31.8960227966 15
    endloop
  endfacet
  facet normal -0.988981902599 0.000120941644127 -0.148036599159
    outer loop
      vertex -33.1312294006 31.9047622681 18
      vertex -33.1329040527 31.8960227966 15
      vertex -33.1648178101 31.6828155518 15
    endloop
  endfacet
  facet normal -0 -1 0
    outer loop
      vertex -33.1647987366 31.6828136444 15
      vertex -33.1806221008 31.3239879608 15
      vertex -33.1648178101 31.6828155518 15
    endloop
  endfacet
  facet normal -0.999031484127 -0.000170959727257 -0.0440000593662
    outer loop
      vertex -33.1807823181 31.3319988251 18
      vertex -33.1648178101 31.6828155518 15
      vertex -33.1806221008 31.3239879608 15
    endloop
  endfacet
  facet normal -0.999613046646 2.07828215935e-05 0.0278170593083
    outer loop
      vertex -33.1807823181 31.3319988251 18
      vertex -33.1806221008 31.3239879608 15
      vertex -33.1796226501 31.2880783081 15
    endloop
  endfacet
  facet normal -0.994357824326 0.00116845197044 0.106071226299
    outer loop
      vertex -33.1796226501 31.2880783081 15
      vertex -33.1377220154 30.8952922821 15
      vertex -33.1807823181 31.3319988251 18
    endloop
  endfacet
  facet normal 0 -1 0
    outer loop
      vertex -33.1796226501 31.2880783081 15
      vertex -33.1376876831 30.8952980042 15
      vertex -33.1377220154 30.8952922821 15
    endloop
  endfacet
  facet normal 0 -1 0
    outer loop
      vertex -33.1377220154 30.8952922821 15
      vertex -33.1376876831 30.8952980042 15
      vertex -33.1085510254 30.7545089722 15
    endloop
  endfacet
  facet normal -0.979200720787 -5.91002681176e-05 0.202893853188
    outer loop
      vertex -33.110168457 30.7614421844 18
      vertex -33.1377220154 30.8952922821 15
      vertex -33.1085510254 30.7545089722 15
    endloop
  endfacet
  facet normal -0.962105035782 0.000111381181341 0.272679150105
    outer loop
      vertex -33.110168457 30.7614421844 18
      vertex -33.1085510254 30.7545089722 15
      vertex -33.0399780273 30.5125598907 15
    endloop
  endfacet
  facet normal 0 -1 0
    outer loop
      vertex -33.1085510254 30.7545089722 15
      vertex -33.0399360657 30.5125751495 15
      vertex -33.0399780273 30.5125598907 15
    endloop
  endfacet
  facet normal 0 -1 0
    outer loop
      vertex -33.0399780273 30.5125598907 15
      vertex -33.0399360657 30.5125751495 15
      vertex -32.9198303223 30.2123985291 15
    endloop
  endfacet
  facet normal -0.928386211395 -0.000119937940326 0.371616840363
    outer loop
      vertex -32.9224739075 30.2180404663 18
      vertex -33.0399780273 30.5125598907 15
      vertex -32.9198303223 30.2123985291 15
    endloop
  endfacet
  facet normal -0.899295330048 2.92995191558e-05 0.437341809273
    outer loop
      vertex -32.9224739075 30.2180404663 18
      vertex -32.9198303223 30.2123985291 15
      vertex -32.8884048462 30.1477794647 15
    endloop
  endfacet
  facet normal -0.858953416348 0.00223710923456 0.512048900127
    outer loop
      vertex -32.8884048462 30.1477794647 15
      vertex -32.6861343384 29.8084754944 15
      vertex -32.9224739075 30.2180404663 18
    endloop
  endfacet
  facet normal 0 -1 0
    outer loop
      vertex -32.8884048462 30.1477794647 15
      vertex -32.686088562 29.8085098267 15
      vertex -32.6861343384 29.8084754944 15
    endloop
  endfacet
  facet normal 0 -1 0
    outer loop
      vertex -32.6861343384 29.8084754944 15
      vertex -32.686088562 29.8085098267 15
      vertex -32.6226806641 29.7212772369 15
    endloop
  endfacet
  facet normal -0.808574616909 -3.3338641515e-05 0.588393628597
    outer loop
      vertex -32.6259002686 29.7255325317 18
      vertex -32.6861343384 29.8084754944 15
      vertex -32.6226806641 29.7212772369 15
    endloop
  endfacet
  facet normal -0.764232039452 9.44856292335e-05 0.644941389561
    outer loop
      vertex -32.6259002686 29.7255325317 18
      vertex -32.6226806641 29.7212772369 15
      vertex -32.437335968 29.5016498566 15
    endloop
  endfacet
  facet normal 0 -1 0
    outer loop
      vertex -32.6226806641 29.7212772369 15
      vertex -32.4372901917 29.5016994476 15
      vertex -32.437335968 29.5016498566 15
    endloop
  endfacet
  facet normal 0 -1 0
    outer loop
      vertex -32.437335968 29.5016498566 15
      vertex -32.4372901917 29.5016994476 15
      vertex -32.2300491333 29.3025379181 15
    endloop
  endfacet
  facet normal -0.692744731903 -7.53003550926e-05 0.721182882786
    outer loop
      vertex -32.2334098816 29.3054523468 18
      vertex -32.437335968 29.5016498566 15
      vertex -32.2300491333 29.3025379181 15
    endloop
  endfacet
  facet normal -0.639136433601 3.127065429e-05 0.769093394279
    outer loop
      vertex -32.2334098816 29.3054523468 18
      vertex -32.2300491333 29.3025379181 15
      vertex -32.1471443176 29.2336406708 15
    endloop
  endfacet
  facet normal 0 -1 0
    outer loop
      vertex -32.2300491333 29.3025379181 15
      vertex -32.147102356 29.2336959839 15
      vertex -32.1471443176 29.2336406708 15
    endloop
  endfacet
  facet normal 0 -1 0
    outer loop
      vertex -32.1471443176 29.2336406708 15
      vertex -32.147102356 29.2336959839 15
      vertex -31.8215084076 29.0100345612 15
    endloop
  endfacet
  facet normal 0 -1 0
    outer loop
      vertex -32.1471443176 29.2336406708 15
      vertex -31.8215084076 29.0100345612 15
      vertex -31.8215484619 29.0099697113 15
    endloop
  endfacet
  facet normal -0.566224217415 0.00191825744696 0.82424902916
    outer loop
      vertex -31.7621574402 28.97615242 18
      vertex -32.1471443176 29.2336406708 15
      vertex -31.8215484619 29.0099697113 15
    endloop
  endfacet
  facet normal -0.494249880314 -1.46600577864e-05 0.869319856167
    outer loop
      vertex -31.7621574402 28.97615242 18
      vertex -31.8215484619 29.0099697113 15
      vertex -31.7590408325 28.9744319916 15
    endloop
  endfacet
  facet normal -0.430531978607 7.05777856638e-05 0.902575314045
    outer loop
      vertex -31.7590408325 28.9744319916 15
      vertex -31.4672641754 28.8352546692 15
      vertex -31.7621574402 28.97615242 18
    endloop
  endfacet
  facet normal 0 -1 0
    outer loop
      vertex -31.7590408325 28.9744319916 15
      vertex -31.4672336578 28.8353290558 15
      vertex -31.4672641754 28.8352546692 15
    endloop
  endfacet
  facet normal 0 -1 0
    outer loop
      vertex -31.4672641754 28.8352546692 15
      vertex -31.4672336578 28.8353290558 15
      vertex -31.2301826477 28.7512512207 15
    endloop
  endfacet
  facet normal -0.33397552371 -4.04351485486e-05 0.942581772804
    outer loop
      vertex -31.2327365875 28.7520275116 18
      vertex -31.4672641754 28.8352546692 15
      vertex -31.2301826477 28.7512512207 15
    endloop
  endfacet
  facet normal -0.26541608572 2.35206171055e-05 0.96413397789
    outer loop
      vertex -31.2327365875 28.7520275116 18
      vertex -31.2301826477 28.7512512207 15
      vertex -31.0916023254 28.7131004333 15
    endloop
  endfacet
  facet normal 0 -1 0
    outer loop
      vertex -31.2301826477 28.7512512207 15
      vertex -31.091583252 28.7131824493 15
      vertex -31.0916023254 28.7131004333 15
    endloop
  endfacet
  facet normal 0 -1 0
    outer loop
      vertex -31.0916023254 28.7131004333 15
      vertex -31.091583252 28.7131824493 15
      vertex -30.7023067474 28.6461143494 15
    endloop
  endfacet
  facet normal 0 -1 0
    outer loop
      vertex -31.0916023254 28.7131004333 15
      vertex -30.7023067474 28.6461143494 15
      vertex -30.7023143768 28.6460323334 15
    endloop
  endfacet
  facet normal -0.169783338904 0.000888285576366 0.985481023788
    outer loop
      vertex -30.6682872772 28.642873764 18
      vertex -31.0916023254 28.7131004333 15
      vertex -30.7023143768 28.6460323334 15
    endloop
  endfacet
  facet normal -0.0921100974083 -3.54140888703e-06 0.995748817921
    outer loop
      vertex -30.6682872772 28.642873764 18
      vertex -30.7023143768 28.6460323334 15
      vertex -30.666513443 28.6427211761 15
    endloop
  endfacet
  facet normal 0 -1 0
    outer loop
      vertex -30.7023143768 28.6460323334 15
      vertex -30.7023067474 28.6461143494 15
      vertex -30.666513443 28.6427211761 15
    endloop
  endfacet
  facet normal 0 -1 -0
    outer loop
      vertex -30.666513443 28.6427211761 15
      vertex -30.7023067474 28.6461143494 15
      vertex -30.3074378967 28.6355133057 15
    endloop
  endfacet
  facet normal -0.169788450003 0.000621358049102 0.985480368137
    outer loop
      vertex -31.091583252 28.7131824493 15
      vertex -30.9668674469 28.6853904724 5
      vertex -30.7023067474 28.6461143494 15
    endloop
  endfacet
  facet normal -0.0978565216064 -0.00131984043401 0.995199680328
    outer loop
      vertex -30.7023067474 28.6461143494 15
      vertex -30.9668674469 28.6853904724 5
      vertex -30.4312496185 28.6327228546 5
    endloop
  endfacet
  facet normal -0.289817333221 -0.000954531191383 0.957081496716
    outer loop
      vertex -31.091583252 28.7131824493 15
      vertex -31.4819660187 28.8413696289 5
      vertex -30.9668674469 28.6853904724 5
    endloop
  endfacet
  facet normal 0 1 0
    outer loop
      vertex -36.6554107666 28.6326999664 5
      vertex -30.9668674469 28.6853904724 5
      vertex -31.4819660187 28.8413696289 5
    endloop
  endfacet
  facet normal 0 1 0
    outer loop
      vertex -36.6554107666 28.6326999664 5
      vertex -31.4819660187 28.8413696289 5
      vertex -31.956823349 29.0946884155 5
    endloop
  endfacet
  facet normal 0 1 0
    outer loop
      vertex -31.956823349 29.0946884155 5
      vertex -32.3732452393 29.4356460571 5
      vertex -36.6554107666 28.6326999664 5
    endloop
  endfacet
  facet normal 0 1 0
    outer loop
      vertex -36.6554107666 28.6326999664 5
      vertex -32.3732452393 29.4356460571 5
      vertex -36.2153968811 29.6923007965 5
    endloop
  endfacet
  facet normal 0 1 0
    outer loop
      vertex -36.6554107666 28.6326999664 5
      vertex -36.2153968811 29.6923007965 5
      vertex -36.6683273315 29.6326694489 5
    endloop
  endfacet
  facet normal 0 1 -0
    outer loop
      vertex -36.6683273315 29.6326694489 5
      vertex -37.2291297913 28.6904582977 5
      vertex -36.6554107666 28.6326999664 5
    endloop
  endfacet
  facet normal 0 1 0
    outer loop
      vertex -36.6683273315 29.6326694489 5
      vertex -37.7781944275 28.8665809631 5
      vertex -37.2291297913 28.6904582977 5
    endloop
  endfacet
  facet normal -0.305438816547 0.0017314288998 0.952210128307
    outer loop
      vertex -37.7781944275 28.8665809631 5
      vertex -37.6862106323 28.8279838562 5.95848518969e-07
      vertex -37.2291297913 28.6904582977 5
    endloop
  endfacet
  facet normal -0.267522960901 -0.00204657274298 0.963549315929
    outer loop
      vertex -37.2291297913 28.6904582977 5
      vertex -37.6862106323 28.8279838562 5.95848518969e-07
      vertex -37.1132278442 28.6688995361 5.95848518969e-07
    endloop
  endfacet
  facet normal -0.0907094925642 0.0021914599929 0.995875000954
    outer loop
      vertex -37.2291297913 28.6904582977 5
      vertex -37.1132278442 28.6688995361 5.95848518969e-07
      vertex -36.6554107666 28.6326999664 2.5
    endloop
  endfacet
  facet normal 0 -1 0
    outer loop
      vertex -37.6862106323 28.8279838562 5.95848518969e-07
      vertex -37.1212615967 29.6923007965 5.95848518969e-07
      vertex -37.1132278442 28.6688995361 5.95848518969e-07
    endloop
  endfacet
  facet normal 0 -1 -0
    outer loop
      vertex -37.1132278442 28.6688995361 5.95848518969e-07
      vertex -37.1212615967 29.6923007965 5.95848518969e-07
      vertex -36.6683273315 29.6326694489 5.95848518969e-07
    endloop
  endfacet
  facet normal 0 -1 0
    outer loop
      vertex -37.1132278442 28.6688995361 5.95848518969e-07
      vertex -36.6683273315 29.6326694489 5.95848518969e-07
      vertex -36.5194473267 28.6367034912 5.95848518969e-07
    endloop
  endfacet
  facet normal 0 -1 -0
    outer loop
      vertex -36.5194473267 28.6367034912 5.95848518969e-07
      vertex -36.6683273315 29.6326694489 5.95848518969e-07
      vertex -36.2153968811 29.6923007965 5.95848518969e-07
    endloop
  endfacet
  facet normal -0.130528062582 -0 -0.991444587708
    outer loop
      vertex -36.6683273315 29.6326694489 5
      vertex -36.2153968811 29.6923007965 5.95848518969e-07
      vertex -36.6683273315 29.6326694489 5.95848518969e-07
    endloop
  endfacet
  facet normal 0.130526691675 0 -0.991444766521
    outer loop
      vertex -36.6683273315 29.6326694489 5
      vertex -36.6683273315 29.6326694489 5.95848518969e-07
      vertex -37.1212615967 29.6923007965 5
    endloop
  endfacet
  facet normal 0.130526691675 0 -0.991444766521
    outer loop
      vertex -37.1212615967 29.6923007965 5
      vertex -36.6683273315 29.6326694489 5.95848518969e-07
      vertex -37.1212615967 29.6923007965 5.95848518969e-07
    endloop
  endfacet
  facet normal 0.382685959339 0 -0.923878490925
    outer loop
      vertex -37.1212615967 29.6923007965 5
      vertex -37.1212615967 29.6923007965 5.95848518969e-07
      vertex -37.5433273315 29.8671264648 5
    endloop
  endfacet
  facet normal 0 1 -0
    outer loop
      vertex -37.5433273315 29.8671264648 5
      vertex -38.2784614563 29.1533260345 5
      vertex -37.1212615967 29.6923007965 5
    endloop
  endfacet
  facet normal 0 1 0
    outer loop
      vertex -37.1212615967 29.6923007965 5
      vertex -38.2784614563 29.1533260345 5
      vertex -37.7781944275 28.8665809631 5
    endloop
  endfacet
  facet normal -0.497285485268 0.00147000118159 0.867585718632
    outer loop
      vertex -38.2784614563 29.1533260345 5
      vertex -38.2115936279 29.1065254211 5.95848518969e-07
      vertex -37.7781944275 28.8665809631 5
    endloop
  endfacet
  facet normal -0.64738547802 -0.00152419949882 0.762161195278
    outer loop
      vertex -38.2784614563 29.1533260345 5
      vertex -38.6648178101 29.4914970398 5.95848518969e-07
      vertex -38.2115936279 29.1065254211 5.95848518969e-07
    endloop
  endfacet
  facet normal 0 -1 0
    outer loop
      vertex -38.6648178101 29.4914970398 5.95848518969e-07
      vertex -37.9057655334 30.1452312469 5.95848518969e-07
      vertex -38.2115936279 29.1065254211 5.95848518969e-07
    endloop
  endfacet
  facet normal 0 -1 0
    outer loop
      vertex -38.2115936279 29.1065254211 5.95848518969e-07
      vertex -37.9057655334 30.1452312469 5.95848518969e-07
      vertex -37.5433273315 29.8671264648 5.95848518969e-07
    endloop
  endfacet
  facet normal 0 -1 0
    outer loop
      vertex -38.2115936279 29.1065254211 5.95848518969e-07
      vertex -37.5433273315 29.8671264648 5.95848518969e-07
      vertex -37.6862106323 28.8279838562 5.95848518969e-07
    endloop
  endfacet
  facet normal 0.608755886555 0 -0.793357551098
    outer loop
      vertex -37.9057655334 30.1452312469 5
      vertex -37.5433273315 29.8671264648 5.95848518969e-07
      vertex -37.9057655334 30.1452312469 5.95848518969e-07
    endloop
  endfacet
  facet normal 0.793355643749 0 -0.608758449554
    outer loop
      vertex -37.9057655334 30.1452312469 5
      vertex -37.9057655334 30.1452312469 5.95848518969e-07
      vertex -38.1838722229 30.5076694489 5
    endloop
  endfacet
  facet normal 0 1 -0
    outer loop
      vertex -38.1838722229 30.5076694489 5
      vertex -39.0477409363 30.0039424896 5
      vertex -37.9057655334 30.1452312469 5
    endloop
  endfacet
  facet normal 0 1 0
    outer loop
      vertex -37.9057655334 30.1452312469 5
      vertex -39.0477409363 30.0039424896 5
      vertex -38.7079391479 29.5380840302 5
    endloop
  endfacet
  facet normal 0 1 -0
    outer loop
      vertex -37.9057655334 30.1452312469 5
      vertex -38.7079391479 29.5380840302 5
      vertex -37.5433273315 29.8671264648 5
    endloop
  endfacet
  facet normal -0.807913541794 0.000876635953318 0.589300394058
    outer loop
      vertex -39.0477409363 30.0039424896 5
      vertex -39.024684906 29.9648971558 5.95848518969e-07
      vertex -38.7079391479 29.5380840302 5
    endloop
  endfacet
  facet normal -0.796092689037 -0.00122716417536 0.605173408985
    outer loop
      vertex -38.7079391479 29.5380840302 5
      vertex -39.024684906 29.9648971558 5.95848518969e-07
      vertex -38.6648178101 29.4914970398 5.95848518969e-07
    endloop
  endfacet
  facet normal 0 -1 0
    outer loop
      vertex -39.024684906 29.9648971558 5.95848518969e-07
      vertex -38.1838722229 30.5076694489 5.95848518969e-07
      vertex -38.6648178101 29.4914970398 5.95848518969e-07
    endloop
  endfacet
  facet normal 0 -1 0
    outer loop
      vertex -39.2743759155 30.5045890808 5.95848518969e-07
      vertex -38.1838722229 30.5076694489 5.95848518969e-07
      vertex -39.024684906 29.9648971558 5.95848518969e-07
    endloop
  endfacet
  facet normal 0 -1 0
    outer loop
      vertex -39.2743759155 30.5045890808 5.95848518969e-07
      vertex -38.3586997986 30.9297370911 5.95848518969e-07
      vertex -38.1838722229 30.5076694489 5.95848518969e-07
    endloop
  endfacet
  facet normal 0.923877418041 0 -0.382688581944
    outer loop
      vertex -38.3586997986 30.9297370911 5
      vertex -38.1838722229 30.5076694489 5.95848518969e-07
      vertex -38.3586997986 30.9297370911 5.95848518969e-07
    endloop
  endfacet
  facet normal 0.991446077824 0 -0.130517065525
    outer loop
      vertex -38.3586997986 30.9297370911 5
      vertex -38.3586997986 30.9297370911 5.95848518969e-07
      vertex -38.4183273315 31.3826675415 5
    endloop
  endfacet
  facet normal 0 1 -0
    outer loop
      vertex -38.4183273315 31.3826675415 5
      vertex -39.403175354 31.0943584442 5
      vertex -38.3586997986 30.9297370911 5
    endloop
  endfacet
  facet normal 0 1 0
    outer loop
      vertex -38.3586997986 30.9297370911 5
      vertex -39.403175354 31.0943584442 5
      vertex -39.2829360962 30.5304164886 5
    endloop
  endfacet
  facet normal 0 1 -0
    outer loop
      vertex -38.3586997986 30.9297370911 5
      vertex -39.2829360962 30.5304164886 5
      vertex -38.1838722229 30.5076694489 5
    endloop
  endfacet
  facet normal -0.978016555309 0.000187175537576 0.208527117968
    outer loop
      vertex -39.403175354 31.0943584442 5
      vertex -39.4022102356 31.0853424072 5.95848518969e-07
      vertex -39.2829360962 30.5304164886 5
    endloop
  endfacet
  facet normal -0.976619958878 -0.000561466091312 0.214972376823
    outer loop
      vertex -39.2829360962 30.5304164886 5
      vertex -39.4022102356 31.0853424072 5.95848518969e-07
      vertex -39.2743759155 30.5045890808 5.95848518969e-07
    endloop
  endfacet
  facet normal -0.913033783436 0.000543876434676 0.407883614302
    outer loop
      vertex -39.2829360962 30.5304164886 5
      vertex -39.2743759155 30.5045890808 5.95848518969e-07
      vertex -39.0477409363 30.0039424896 5
    endloop
  endfacet
  facet normal -1 -0.000193143889192 0
    outer loop
      vertex -39.403175354 31.6709804535 5
      vertex -39.4022102356 31.0853424072 5.95848518969e-07
      vertex -39.403175354 31.0943584442 5
    endloop
  endfacet
  facet normal -1 -0.000193143889192 -2.2946385688e-19
    outer loop
      vertex -39.403175354 31.6709804535 5
      vertex -39.4022102356 31.6799964905 5.95848518969e-07
      vertex -39.4022102356 31.0853424072 5.95848518969e-07
    endloop
  endfacet
  facet normal 0 -1 0
    outer loop
      vertex -39.4022102356 31.6799964905 5.95848518969e-07
      vertex -38.4183273315 31.3826675415 5.95848518969e-07
      vertex -39.4022102356 31.0853424072 5.95848518969e-07
    endloop
  endfacet
  facet normal 0 -1 0
    outer loop
      vertex -39.4022102356 31.0853424072 5.95848518969e-07
      vertex -38.4183273315 31.3826675415 5.95848518969e-07
      vertex -38.3586997986 30.9297370911 5.95848518969e-07
    endloop
  endfacet
  facet normal 0 -1 0
    outer loop
      vertex -39.4022102356 31.6799964905 5.95848518969e-07
      vertex -38.3586997986 31.8356018066 5.95848518969e-07
      vertex -38.4183273315 31.3826675415 5.95848518969e-07
    endloop
  endfacet
  facet normal 0.991446137428 0 0.130516380072
    outer loop
      vertex -38.3586997986 31.8356018066 5
      vertex -38.4183273315 31.3826675415 5.95848518969e-07
      vertex -38.3586997986 31.8356018066 5.95848518969e-07
    endloop
  endfacet
  facet normal 0.923878192902 0 0.3826867342
    outer loop
      vertex -38.3586997986 31.8356018066 5
      vertex -38.3586997986 31.8356018066 5.95848518969e-07
      vertex -38.1838722229 32.2576713562 5
    endloop
  endfacet
  facet normal 0 1 0
    outer loop
      vertex -38.1838722229 32.2576713562 5
      vertex -39.2829360962 32.2349243164 5
      vertex -38.3586997986 31.8356018066 5
    endloop
  endfacet
  facet normal 0 1 0
    outer loop
      vertex -38.3586997986 31.8356018066 5
      vertex -39.2829360962 32.2349243164 5
      vertex -39.403175354 31.6709804535 5
    endloop
  endfacet
  facet normal 0 1 0
    outer loop
      vertex -38.3586997986 31.8356018066 5
      vertex -39.403175354 31.6709804535 5
      vertex -38.4183273315 31.3826675415 5
    endloop
  endfacet
  facet normal 0 1 0
    outer loop
      vertex -38.1838722229 32.2576713562 5
      vertex -39.0477409363 32.7613983154 5
      vertex -39.2829360962 32.2349243164 5
    endloop
  endfacet
  facet normal -0.913033783436 0.000543680973351 -0.407883614302
    outer loop
      vertex -39.0477409363 32.7613983154 5
      vertex -39.2743759155 32.2607498169 5.95848518969e-07
      vertex -39.2829360962 32.2349243164 5
    endloop
  endfacet
  facet normal -0.976619958878 -0.000561569118872 -0.214972376823
    outer loop
      vertex -39.2829360962 32.2349243164 5
      vertex -39.2743759155 32.2607498169 5.95848518969e-07
      vertex -39.4022102356 31.6799964905 5.95848518969e-07
    endloop
  endfacet
  facet normal -0.907574236393 -0.000906047760509 -0.419890642166
    outer loop
      vertex -39.0477409363 32.7613983154 5
      vertex -39.024684906 32.8004417419 5.95848518969e-07
      vertex -39.2743759155 32.2607498169 5.95848518969e-07
    endloop
  endfacet
  facet normal 0 -1 0
    outer loop
      vertex -39.024684906 32.8004417419 5.95848518969e-07
      vertex -38.1838722229 32.2576713562 5.95848518969e-07
      vertex -39.2743759155 32.2607498169 5.95848518969e-07
    endloop
  endfacet
  facet normal 0 -1 0
    outer loop
      vertex -39.2743759155 32.2607498169 5.95848518969e-07
      vertex -38.1838722229 32.2576713562 5.95848518969e-07
      vertex -38.3586997986 31.8356018066 5.95848518969e-07
    endloop
  endfacet
  facet normal 0 -1 0
    outer loop
      vertex -38.6648178101 33.2738418579 5.95848518969e-07
      vertex -38.1838722229 32.2576713562 5.95848518969e-07
      vertex -39.024684906 32.8004417419 5.95848518969e-07
    endloop
  endfacet
  facet normal -0.796092689037 -0.00122745428234 -0.605173408985
    outer loop
      vertex -38.7079391479 33.2272567749 5
      vertex -38.6648178101 33.2738418579 5.95848518969e-07
      vertex -39.024684906 32.8004417419 5.95848518969e-07
    endloop
  endfacet
  facet normal -0.667266428471 0.00118465046398 -0.744818150997
    outer loop
      vertex -38.2784614563 33.6120147705 5
      vertex -38.6648178101 33.2738418579 5.95848518969e-07
      vertex -38.7079391479 33.2272567749 5
    endloop
  endfacet
  facet normal 0 1 0
    outer loop
      vertex -37.5433273315 32.8982162476 5
      vertex -38.2784614563 33.6120147705 5
      vertex -38.7079391479 33.2272567749 5
    endloop
  endfacet
  facet normal 0 1 0
    outer loop
      vertex -37.5433273315 32.8982162476 5
      vertex -38.7079391479 33.2272567749 5
      vertex -37.9057655334 32.6201057434 5
    endloop
  endfacet
  facet normal 0.60876250267 0 0.793352484703
    outer loop
      vertex -37.9057655334 32.6201057434 5
      vertex -37.9057655334 32.6201057434 5.95848518969e-07
      vertex -37.5433273315 32.8982162476 5
    endloop
  endfacet
  facet normal 0.60876250267 0 0.793352484703
    outer loop
      vertex -37.5433273315 32.8982162476 5
      vertex -37.9057655334 32.6201057434 5.95848518969e-07
      vertex -37.5433273315 32.8982162476 5.95848518969e-07
    endloop
  endfacet
  facet normal 0.382681488991 0 0.923880338669
    outer loop
      vertex -37.5433273315 32.8982162476 5
      vertex -37.5433273315 32.8982162476 5.95848518969e-07
      vertex -37.1212615967 33.0730400085 5
    endloop
  endfacet
  facet normal 0 -1 0
    outer loop
      vertex -38.2115936279 33.6588134766 5.95848518969e-07
      vertex -37.5433273315 32.8982162476 5.95848518969e-07
      vertex -37.9057655334 32.6201057434 5.95848518969e-07
    endloop
  endfacet
  facet normal 0 -1 0
    outer loop
      vertex -38.2115936279 33.6588134766 5.95848518969e-07
      vertex -37.9057655334 32.6201057434 5.95848518969e-07
      vertex -38.6648178101 33.2738418579 5.95848518969e-07
    endloop
  endfacet
  facet normal 0 -1 0
    outer loop
      vertex -37.6862106323 33.9373550415 5.95848518969e-07
      vertex -37.5433273315 32.8982162476 5.95848518969e-07
      vertex -38.2115936279 33.6588134766 5.95848518969e-07
    endloop
  endfacet
  facet normal -0.468409746885 -0.00179709563963 -0.883509516716
    outer loop
      vertex -37.7781944275 33.8987579346 5
      vertex -37.6862106323 33.9373550415 5.95848518969e-07
      vertex -38.2115936279 33.6588134766 5.95848518969e-07
    endloop
  endfacet
  facet normal -0.497282356024 0.00146964401938 -0.867587506771
    outer loop
      vertex -37.7781944275 33.8987579346 5
      vertex -38.2115936279 33.6588134766 5.95848518969e-07
      vertex -38.2784614563 33.6120147705 5
    endloop
  endfacet
  facet normal 0 -1 0
    outer loop
      vertex -37.6862106323 33.9373550415 5.95848518969e-07
      vertex -37.1212615967 33.0730400085 5.95848518969e-07
      vertex -37.5433273315 32.8982162476 5.95848518969e-07
    endloop
  endfacet
  facet normal 0 -1 0
    outer loop
      vertex -37.1132278442 34.0964431763 5.95848518969e-07
      vertex -37.1212615967 33.0730400085 5.95848518969e-07
      vertex -37.6862106323 33.9373550415 5.95848518969e-07
    endloop
  endfacet
  facet normal 0.793351769447 0 0.608763515949
    outer loop
      vertex -37.9057655334 32.6201057434 5
      vertex -38.1838722229 32.2576713562 5.95848518969e-07
      vertex -37.9057655334 32.6201057434 5.95848518969e-07
    endloop
  endfacet
  facet normal 0.793351769447 0 0.608763515949
    outer loop
      vertex -38.1838722229 32.2576713562 5
      vertex -38.1838722229 32.2576713562 5.95848518969e-07
      vertex -37.9057655334 32.6201057434 5
    endloop
  endfacet
  facet normal 0 1 0
    outer loop
      vertex -37.9057655334 32.6201057434 5
      vertex -38.7079391479 33.2272567749 5
      vertex -39.0477409363 32.7613983154 5
    endloop
  endfacet
  facet normal 0 1 0
    outer loop
      vertex -37.1212615967 33.0730400085 5
      vertex -38.2784614563 33.6120147705 5
      vertex -37.5433273315 32.8982162476 5
    endloop
  endfacet
  facet normal -0.64738547802 -0.0015245648101 -0.762161195278
    outer loop
      vertex -38.2784614563 33.6120147705 5
      vertex -38.2115936279 33.6588134766 5.95848518969e-07
      vertex -38.6648178101 33.2738418579 5.95848518969e-07
    endloop
  endfacet
  facet normal 0 -1 0
    outer loop
      vertex -38.6648178101 33.2738418579 5.95848518969e-07
      vertex -37.9057655334 32.6201057434 5.95848518969e-07
      vertex -38.1838722229 32.2576713562 5.95848518969e-07
    endloop
  endfacet
  facet normal -0.807913541794 0.000876353529748 -0.589300394058
    outer loop
      vertex -38.7079391479 33.2272567749 5
      vertex -39.024684906 32.8004417419 5.95848518969e-07
      vertex -39.0477409363 32.7613983154 5
    endloop
  endfacet
  facet normal 0 1 0
    outer loop
      vertex -37.9057655334 32.6201057434 5
      vertex -39.0477409363 32.7613983154 5
      vertex -38.1838722229 32.2576713562 5
    endloop
  endfacet
  facet normal 0.923878192902 0 0.3826867342
    outer loop
      vertex -38.1838722229 32.2576713562 5
      vertex -38.3586997986 31.8356018066 5.95848518969e-07
      vertex -38.1838722229 32.2576713562 5.95848518969e-07
    endloop
  endfacet
  facet normal 0.991446137428 0 0.130516380072
    outer loop
      vertex -38.4183273315 31.3826675415 5
      vertex -38.4183273315 31.3826675415 5.95848518969e-07
      vertex -38.3586997986 31.8356018066 5
    endloop
  endfacet
  facet normal 0 -1 0
    outer loop
      vertex -39.2743759155 32.2607498169 5.95848518969e-07
      vertex -38.3586997986 31.8356018066 5.95848518969e-07
      vertex -39.4022102356 31.6799964905 5.95848518969e-07
    endloop
  endfacet
  facet normal -0.978016734123 0.000187173980521 -0.208526268601
    outer loop
      vertex -39.2829360962 32.2349243164 5
      vertex -39.4022102356 31.6799964905 5.95848518969e-07
      vertex -39.403175354 31.6709804535 5
    endloop
  endfacet
  facet normal 0 1 0
    outer loop
      vertex -38.4183273315 31.3826675415 5
      vertex -39.403175354 31.6709804535 5
      vertex -39.403175354 31.0943584442 5
    endloop
  endfacet
  facet normal 0.991446077824 0 -0.130517065525
    outer loop
      vertex -38.4183273315 31.3826675415 5
      vertex -38.3586997986 30.9297370911 5.95848518969e-07
      vertex -38.4183273315 31.3826675415 5.95848518969e-07
    endloop
  endfacet
  facet normal 0.923877418041 0 -0.382688581944
    outer loop
      vertex -38.1838722229 30.5076694489 5
      vertex -38.1838722229 30.5076694489 5.95848518969e-07
      vertex -38.3586997986 30.9297370911 5
    endloop
  endfacet
  facet normal 0 -1 0
    outer loop
      vertex -39.4022102356 31.0853424072 5.95848518969e-07
      vertex -38.3586997986 30.9297370911 5.95848518969e-07
      vertex -39.2743759155 30.5045890808 5.95848518969e-07
    endloop
  endfacet
  facet normal -0.907574236393 -0.000905846536625 0.419890642166
    outer loop
      vertex -39.0477409363 30.0039424896 5
      vertex -39.2743759155 30.5045890808 5.95848518969e-07
      vertex -39.024684906 29.9648971558 5.95848518969e-07
    endloop
  endfacet
  facet normal 0 1 0
    outer loop
      vertex -38.1838722229 30.5076694489 5
      vertex -39.2829360962 30.5304164886 5
      vertex -39.0477409363 30.0039424896 5
    endloop
  endfacet
  facet normal 0.793355643749 0 -0.608758449554
    outer loop
      vertex -38.1838722229 30.5076694489 5
      vertex -37.9057655334 30.1452312469 5.95848518969e-07
      vertex -38.1838722229 30.5076694489 5.95848518969e-07
    endloop
  endfacet
  facet normal 0.608755886555 0 -0.793357551098
    outer loop
      vertex -37.5433273315 29.8671264648 5
      vertex -37.5433273315 29.8671264648 5.95848518969e-07
      vertex -37.9057655334 30.1452312469 5
    endloop
  endfacet
  facet normal 0 -1 0
    outer loop
      vertex -38.6648178101 29.4914970398 5.95848518969e-07
      vertex -38.1838722229 30.5076694489 5.95848518969e-07
      vertex -37.9057655334 30.1452312469 5.95848518969e-07
    endloop
  endfacet
  facet normal -0.667266428471 0.00118500739336 0.744818150997
    outer loop
      vertex -38.7079391479 29.5380840302 5
      vertex -38.6648178101 29.4914970398 5.95848518969e-07
      vertex -38.2784614563 29.1533260345 5
    endloop
  endfacet
  facet normal 0 1 0
    outer loop
      vertex -37.5433273315 29.8671264648 5
      vertex -38.7079391479 29.5380840302 5
      vertex -38.2784614563 29.1533260345 5
    endloop
  endfacet
  facet normal 0.382685959339 0 -0.923878490925
    outer loop
      vertex -37.5433273315 29.8671264648 5
      vertex -37.1212615967 29.6923007965 5.95848518969e-07
      vertex -37.5433273315 29.8671264648 5.95848518969e-07
    endloop
  endfacet
  facet normal 0 -1 0
    outer loop
      vertex -37.6862106323 28.8279838562 5.95848518969e-07
      vertex -37.5433273315 29.8671264648 5.95848518969e-07
      vertex -37.1212615967 29.6923007965 5.95848518969e-07
    endloop
  endfacet
  facet normal -0.468409746885 -0.00179709563963 0.883509516716
    outer loop
      vertex -37.7781944275 28.8665809631 5
      vertex -38.2115936279 29.1065254211 5.95848518969e-07
      vertex -37.6862106323 28.8279838562 5.95848518969e-07
    endloop
  endfacet
  facet normal 0 1 -0
    outer loop
      vertex -37.1212615967 29.6923007965 5
      vertex -37.7781944275 28.8665809631 5
      vertex -36.6683273315 29.6326694489 5
    endloop
  endfacet
  facet normal -0.130528062582 -0 -0.991444587708
    outer loop
      vertex -36.2153968811 29.6923007965 5
      vertex -36.2153968811 29.6923007965 5.95848518969e-07
      vertex -36.6683273315 29.6326694489 5
    endloop
  endfacet
  facet normal -0.382682263851 -0 -0.923880040646
    outer loop
      vertex -36.2153968811 29.6923007965 5
      vertex -35.7933273315 29.8671264648 5.95848518969e-07
      vertex -36.2153968811 29.6923007965 5.95848518969e-07
    endloop
  endfacet
  facet normal 0 -1 0
    outer loop
      vertex -35.3802070618 28.9530124664 5.95848518969e-07
      vertex -36.2153968811 29.6923007965 5.95848518969e-07
      vertex -35.7933273315 29.8671264648 5.95848518969e-07
    endloop
  endfacet
  facet normal 0 -1 -0
    outer loop
      vertex -35.3802070618 28.9530124664 5.95848518969e-07
      vertex -35.7933273315 29.8671264648 5.95848518969e-07
      vertex -34.8880157471 29.2867240906 5.95848518969e-07
    endloop
  endfacet
  facet normal 0 -1 0
    outer loop
      vertex -34.8880157471 29.2867240906 5.95848518969e-07
      vertex -35.7933273315 29.8671264648 5.95848518969e-07
      vertex -35.4308929443 30.1452312469 5.95848518969e-07
    endloop
  endfacet
  facet normal -0.60876095295 -0 -0.793353676796
    outer loop
      vertex -35.7933273315 29.8671264648 5
      vertex -35.4308929443 30.1452312469 5.95848518969e-07
      vertex -35.7933273315 29.8671264648 5.95848518969e-07
    endloop
  endfacet
  facet normal -0.60876095295 -0 -0.793353676796
    outer loop
      vertex -35.4308929443 30.1452312469 5
      vertex -35.4308929443 30.1452312469 5.95848518969e-07
      vertex -35.7933273315 29.8671264648 5
    endloop
  endfacet
  facet normal -0 1 0
    outer loop
      vertex -35.7933273315 29.8671264648 5
      vertex -32.7152824402 29.8511791229 5
      vertex -35.4308929443 30.1452312469 5
    endloop
  endfacet
  facet normal -0 1 0
    outer loop
      vertex -35.4308929443 30.1452312469 5
      vertex -32.7152824402 29.8511791229 5
      vertex -32.9698371887 30.3253726959 5
    endloop
  endfacet
  facet normal 0 1 0
    outer loop
      vertex -35.4308929443 30.1452312469 5
      vertex -32.9698371887 30.3253726959 5
      vertex -35.1527862549 30.5076694489 5
    endloop
  endfacet
  facet normal -0.79335308075 -0 -0.60876172781
    outer loop
      vertex -35.1527862549 30.5076694489 5
      vertex -35.1527862549 30.5076694489 5.95848518969e-07
      vertex -35.4308929443 30.1452312469 5
    endloop
  endfacet
  facet normal -0.923879265785 -0 -0.382684111595
    outer loop
      vertex -35.1527862549 30.5076694489 5
      vertex -34.9779586792 30.9297370911 5.95848518969e-07
      vertex -35.1527862549 30.5076694489 5.95848518969e-07
    endloop
  endfacet
  facet normal 0 -1 0
    outer loop
      vertex -34.1724967957 30.227973938 5.95848518969e-07
      vertex -35.1527862549 30.5076694489 5.95848518969e-07
      vertex -34.9779586792 30.9297370911 5.95848518969e-07
    endloop
  endfacet
  facet normal 0 -1 -0
    outer loop
      vertex -34.1724967957 30.227973938 5.95848518969e-07
      vertex -34.9779586792 30.9297370911 5.95848518969e-07
      vertex -33.982624054 30.7915019989 5.95848518969e-07
    endloop
  endfacet
  facet normal 0 -1 0
    outer loop
      vertex -33.982624054 30.7915019989 5.95848518969e-07
      vertex -34.9779586792 30.9297370911 5.95848518969e-07
      vertex -34.9183273315 31.3826675415 5.95848518969e-07
    endloop
  endfacet
  facet normal -0.991444051266 -0 -0.13053253293
    outer loop
      vertex -34.9779586792 30.9297370911 5
      vertex -34.9183273315 31.3826675415 5.95848518969e-07
      vertex -34.9779586792 30.9297370911 5.95848518969e-07
    endloop
  endfacet
  facet normal -0.991444051266 -0 -0.13053253293
    outer loop
      vertex -34.9183273315 31.3826675415 5
      vertex -34.9183273315 31.3826675415 5.95848518969e-07
      vertex -34.9779586792 30.9297370911 5
    endloop
  endfacet
  facet normal 0 1 0
    outer loop
      vertex -34.9779586792 30.9297370911 5
      vertex -33.1812171936 31.3755474091 5
      vertex -34.9183273315 31.3826675415 5
    endloop
  endfacet
  facet normal -0 1 0
    outer loop
      vertex -34.9183273315 31.3826675415 5
      vertex -33.1812171936 31.3755474091 5
      vertex -34.9779586792 31.8356018066 5
    endloop
  endfacet
  facet normal -0.99144411087 0 0.130531847477
    outer loop
      vertex -34.9779586792 31.8356018066 5
      vertex -34.9779586792 31.8356018066 5.95848518969e-07
      vertex -34.9183273315 31.3826675415 5
    endloop
  endfacet
  facet normal -0.923880040646 0 0.382682263851
    outer loop
      vertex -34.9779586792 31.8356018066 5
      vertex -35.1527862549 32.2576713562 5.95848518969e-07
      vertex -34.9779586792 31.8356018066 5.95848518969e-07
    endloop
  endfacet
  facet normal 0 -1 0
    outer loop
      vertex -34.1724967957 32.5373649597 5.95848518969e-07
      vertex -34.9779586792 31.8356018066 5.95848518969e-07
      vertex -35.1527862549 32.2576713562 5.95848518969e-07
    endloop
  endfacet
  facet normal -0 -1 0
    outer loop
      vertex -34.1724967957 32.5373649597 5.95848518969e-07
      vertex -35.1527862549 32.2576713562 5.95848518969e-07
      vertex -34.4790725708 33.0468978882 5.95848518969e-07
    endloop
  endfacet
  facet normal 0.856855809689 -0.00157239160035 -0.515553712845
    outer loop
      vertex -34.1890640259 32.5725250244 2.5
      vertex -34.1724967957 32.5373649597 5.95848518969e-07
      vertex -34.4790725708 33.0468978882 5.95848518969e-07
    endloop
  endfacet
  facet normal 0.847612679005 0.00235679768957 -0.530610263348
    outer loop
      vertex -34.1890640259 32.5725250244 2.5
      vertex -34.4790725708 33.0468978882 5.95848518969e-07
      vertex -34.5148429871 33.0929336548 2.5
    endloop
  endfacet
  facet normal 0 -1 0
    outer loop
      vertex -30.4312496185 34.1326408386 2.5
      vertex -34.1890640259 32.5725250244 2.5
      vertex -34.5148429871 33.0929336548 2.5
    endloop
  endfacet
  facet normal 0 -1 0
    outer loop
      vertex -30.4312496185 34.1326408386 2.5
      vertex -34.5148429871 33.0929336548 2.5
      vertex -34.9479675293 33.5280952454 2.5
    endloop
  endfacet
  facet normal 0 -1 -0
    outer loop
      vertex -34.9479675293 33.5280952454 2.5
      vertex -35.4668426514 33.8563156128 2.5
      vertex -30.4312496185 34.1326408386 2.5
    endloop
  endfacet
  facet normal 0 -1 0
    outer loop
      vertex -30.4312496185 34.1326408386 2.5
      vertex -35.4668426514 33.8563156128 2.5
      vertex -36.0456047058 34.0612373352 2.5
    endloop
  endfacet
  facet normal 0 -1 0
    outer loop
      vertex -30.4312496185 34.1326408386 2.5
      vertex -36.0456047058 34.0612373352 2.5
      vertex -36.6554107666 34.1326408386 2.5
    endloop
  endfacet
  facet normal 0.11629576236 0.00473309867084 -0.993203341961
    outer loop
      vertex -36.0456047058 34.0612373352 2.5
      vertex -36.5194473267 34.1286354065 5.95848518969e-07
      vertex -36.6554107666 34.1326408386 2.5
    endloop
  endfacet
  facet normal 0.161777943373 -0.0040595731698 -0.98681885004
    outer loop
      vertex -36.0456047058 34.0612373352 2.5
      vertex -35.9326248169 34.0324325562 5.95848518969e-07
      vertex -36.5194473267 34.1286354065 5.95848518969e-07
    endloop
  endfacet
  facet normal -0 -1 0
    outer loop
      vertex -35.9326248169 34.0324325562 5.95848518969e-07
      vertex -36.2153968811 33.0730400085 5.95848518969e-07
      vertex -36.5194473267 34.1286354065 5.95848518969e-07
    endloop
  endfacet
  facet normal -0 -1 0
    outer loop
      vertex -35.3802070618 33.8123283386 5.95848518969e-07
      vertex -36.2153968811 33.0730400085 5.95848518969e-07
      vertex -35.9326248169 34.0324325562 5.95848518969e-07
    endloop
  endfacet
  facet normal 0.37013810873 -0.00351889058948 -0.928970098495
    outer loop
      vertex -35.4668426514 33.8563156128 2.5
      vertex -35.3802070618 33.8123283386 5.95848518969e-07
      vertex -35.9326248169 34.0324325562 5.95848518969e-07
    endloop
  endfacet
  facet normal 0 -1 0
    outer loop
      vertex -35.3802070618 33.8123283386 5.95848518969e-07
      vertex -35.7933273315 32.8982162476 5.95848518969e-07
      vertex -36.2153968811 33.0730400085 5.95848518969e-07
    endloop
  endfacet
  facet normal -0 -1 0
    outer loop
      vertex -34.8880157471 33.4786148071 5.95848518969e-07
      vertex -35.7933273315 32.8982162476 5.95848518969e-07
      vertex -35.3802070618 33.8123283386 5.95848518969e-07
    endloop
  endfacet
  facet normal 0.561183035374 -0.00292389676906 -0.827686548233
    outer loop
      vertex -34.9479675293 33.5280952454 2.5
      vertex -34.8880157471 33.4786148071 5.95848518969e-07
      vertex -35.3802070618 33.8123283386 5.95848518969e-07
    endloop
  endfacet
  facet normal 0 -1 0
    outer loop
      vertex -34.8880157471 33.4786148071 5.95848518969e-07
      vertex -35.4308929443 32.6201057434 5.95848518969e-07
      vertex -35.7933273315 32.8982162476 5.95848518969e-07
    endloop
  endfacet
  facet normal -0.608767569065 0 0.793348610401
    outer loop
      vertex -35.4308929443 32.6201057434 5
      vertex -35.7933273315 32.8982162476 5.95848518969e-07
      vertex -35.4308929443 32.6201057434 5.95848518969e-07
    endloop
  endfacet
  facet normal -0.793349206448 0 0.608766794205
    outer loop
      vertex -35.4308929443 32.6201057434 5
      vertex -35.4308929443 32.6201057434 5.95848518969e-07
      vertex -35.1527862549 32.2576713562 5
    endloop
  endfacet
  facet normal 0 1 0
    outer loop
      vertex -35.1527862549 32.2576713562 5
      vertex -32.9753074646 32.4268035889 5
      vertex -35.4308929443 32.6201057434 5
    endloop
  endfacet
  facet normal -0.793349206448 0 0.608766794205
    outer loop
      vertex -35.1527862549 32.2576713562 5
      vertex -35.4308929443 32.6201057434 5.95848518969e-07
      vertex -35.1527862549 32.2576713562 5.95848518969e-07
    endloop
  endfacet
  facet normal -0.608767569065 0 0.793348610401
    outer loop
      vertex -35.7933273315 32.8982162476 5
      vertex -35.7933273315 32.8982162476 5.95848518969e-07
      vertex -35.4308929443 32.6201057434 5
    endloop
  endfacet
  facet normal 0 1 0
    outer loop
      vertex -35.4308929443 32.6201057434 5
      vertex -32.7232208252 32.9023132324 5
      vertex -35.7933273315 32.8982162476 5
    endloop
  endfacet
  facet normal -0 -1 0
    outer loop
      vertex -34.4790725708 33.0468978882 5.95848518969e-07
      vertex -35.4308929443 32.6201057434 5.95848518969e-07
      vertex -34.8880157471 33.4786148071 5.95848518969e-07
    endloop
  endfacet
  facet normal 0.333763241768 0.00422172388062 -0.942647457123
    outer loop
      vertex -35.4668426514 33.8563156128 2.5
      vertex -35.9326248169 34.0324325562 5.95848518969e-07
      vertex -36.0456047058 34.0612373352 2.5
    endloop
  endfacet
  facet normal 0.534584164619 0.00365556753241 -0.845107316971
    outer loop
      vertex -34.9479675293 33.5280952454 2.5
      vertex -35.3802070618 33.8123283386 5.95848518969e-07
      vertex -35.4668426514 33.8563156128 2.5
    endloop
  endfacet
  facet normal 0.70876032114 0.00303449993953 -0.705442845821
    outer loop
      vertex -34.5148429871 33.0929336548 2.5
      vertex -34.8880157471 33.4786148071 5.95848518969e-07
      vertex -34.9479675293 33.5280952454 2.5
    endloop
  endfacet
  facet normal 0.725995063782 -0.00227593723685 -0.687696158886
    outer loop
      vertex -34.5148429871 33.0929336548 2.5
      vertex -34.4790725708 33.0468978882 5.95848518969e-07
      vertex -34.8880157471 33.4786148071 5.95848518969e-07
    endloop
  endfacet
  facet normal 0.944213569164 0.00162570271641 -0.329329818487
    outer loop
      vertex -33.9868659973 31.9928035736 2.5
      vertex -34.1724967957 32.5373649597 5.95848518969e-07
      vertex -34.1890640259 32.5725250244 2.5
    endloop
  endfacet
  facet normal 0 -1 0
    outer loop
      vertex -34.4790725708 33.0468978882 5.95848518969e-07
      vertex -35.1527862549 32.2576713562 5.95848518969e-07
      vertex -35.4308929443 32.6201057434 5.95848518969e-07
    endloop
  endfacet
  facet normal -0 -1 0
    outer loop
      vertex -33.982624054 31.9738388062 5.95848518969e-07
      vertex -34.9779586792 31.8356018066 5.95848518969e-07
      vertex -34.1724967957 32.5373649597 5.95848518969e-07
    endloop
  endfacet
  facet normal 0 -1 0
    outer loop
      vertex -34.9779586792 31.8356018066 5.95848518969e-07
      vertex -33.982624054 31.9738388062 5.95848518969e-07
      vertex -34.9183273315 31.3826675415 5.95848518969e-07
    endloop
  endfacet
  facet normal -0.923880040646 0 0.382682263851
    outer loop
      vertex -35.1527862549 32.2576713562 5
      vertex -35.1527862549 32.2576713562 5.95848518969e-07
      vertex -34.9779586792 31.8356018066 5
    endloop
  endfacet
  facet normal 0 1 0
    outer loop
      vertex -34.9779586792 31.8356018066 5
      vertex -33.1299438477 31.9112987518 5
      vertex -35.1527862549 32.2576713562 5
    endloop
  endfacet
  facet normal -0 1 0
    outer loop
      vertex -34.9779586792 31.8356018066 5
      vertex -33.1812171936 31.3755474091 5
      vertex -33.1299438477 31.9112987518 5
    endloop
  endfacet
  facet normal -0 1 0
    outer loop
      vertex -34.9779586792 30.9297370911 5
      vertex -33.1271591187 30.8400650024 5
      vertex -33.1812171936 31.3755474091 5
    endloop
  endfacet
  facet normal -0.994942545891 -0.000717123562936 0.100443072617
    outer loop
      vertex -33.1795959473 31.2880802155 15
      vertex -33.1812171936 31.3755474091 5
      vertex -33.1271591187 30.8400650024 5
    endloop
  endfacet
  facet normal -0.994356393814 -0.000461034069303 0.106090560555
    outer loop
      vertex -33.1795959473 31.2880802155 15
      vertex -33.1271591187 30.8400650024 5
      vertex -33.1376876831 30.8952980042 15
    endloop
  endfacet
  facet normal -0.968895554543 0.00034665397834 0.247469872236
    outer loop
      vertex -33.1376876831 30.8952980042 15
      vertex -33.1271591187 30.8400650024 5
      vertex -33.0399360657 30.5125751495 15
    endloop
  endfacet
  facet normal -0.956322789192 -0.00123149191495 0.29231017828
    outer loop
      vertex -33.0399360657 30.5125751495 15
      vertex -33.1271591187 30.8400650024 5
      vertex -32.9698371887 30.3253726959 5
    endloop
  endfacet
  facet normal -0.923445463181 0.000710339634679 0.383729040623
    outer loop
      vertex -33.0399360657 30.5125751495 15
      vertex -32.9698371887 30.3253726959 5
      vertex -32.8883590698 30.1478023529 15
    endloop
  endfacet
  facet normal -0.999297976494 0.000489770143759 -0.0374606326222
    outer loop
      vertex -33.1647987366 31.6828136444 15
      vertex -33.1812171936 31.3755474091 5
      vertex -33.1795959473 31.2880802155 15
    endloop
  endfacet
  facet normal 0 1 0
    outer loop
      vertex -35.1527862549 30.5076694489 5
      vertex -33.1271591187 30.8400650024 5
      vertex -34.9779586792 30.9297370911 5
    endloop
  endfacet
  facet normal -0.99144411087 0 0.130531847477
    outer loop
      vertex -34.9183273315 31.3826675415 5
      vertex -34.9779586792 31.8356018066 5.95848518969e-07
      vertex -34.9183273315 31.3826675415 5.95848518969e-07
    endloop
  endfacet
  facet normal -0.923879265785 -0 -0.382684111595
    outer loop
      vertex -34.9779586792 30.9297370911 5
      vertex -34.9779586792 30.9297370911 5.95848518969e-07
      vertex -35.1527862549 30.5076694489 5
    endloop
  endfacet
  facet normal -0 1 0
    outer loop
      vertex -35.1527862549 30.5076694489 5
      vertex -32.9698371887 30.3253726959 5
      vertex -33.1271591187 30.8400650024 5
    endloop
  endfacet
  facet normal -0.881073653698 -0.00121969252359 0.472977548838
    outer loop
      vertex -32.8883590698 30.1478023529 15
      vertex -32.9698371887 30.3253726959 5
      vertex -32.7152824402 29.8511791229 5
    endloop
  endfacet
  facet normal -0.858949124813 0.000322536739986 0.512060821056
    outer loop
      vertex -32.8883590698 30.1478023529 15
      vertex -32.7152824402 29.8511791229 5
      vertex -32.686088562 29.8085098267 15
    endloop
  endfacet
  facet normal -0.776715159416 -0.000420123367803 0.629851877689
    outer loop
      vertex -32.686088562 29.8085098267 15
      vertex -32.7152824402 29.8511791229 5
      vertex -32.4372901917 29.5016994476 15
    endloop
  endfacet
  facet normal -0.772081375122 -0.000747140380554 0.635523200035
    outer loop
      vertex -32.4372901917 29.5016994476 15
      vertex -32.7152824402 29.8511791229 5
      vertex -32.3732452393 29.4356460571 5
    endloop
  endfacet
  facet normal -0.678467214108 0.000507053628098 0.734630525112
    outer loop
      vertex -32.4372901917 29.5016994476 15
      vertex -32.3732452393 29.4356460571 5
      vertex -32.147102356 29.2336959839 15
    endloop
  endfacet
  facet normal 0 1 0
    outer loop
      vertex -35.7933273315 29.8671264648 5
      vertex -32.3732452393 29.4356460571 5
      vertex -32.7152824402 29.8511791229 5
    endloop
  endfacet
  facet normal -0.79335308075 -0 -0.60876172781
    outer loop
      vertex -35.4308929443 30.1452312469 5
      vertex -35.1527862549 30.5076694489 5.95848518969e-07
      vertex -35.4308929443 30.1452312469 5.95848518969e-07
    endloop
  endfacet
  facet normal 0 -1 0
    outer loop
      vertex -34.4790725708 29.7184410095 5.95848518969e-07
      vertex -35.4308929443 30.1452312469 5.95848518969e-07
      vertex -35.1527862549 30.5076694489 5.95848518969e-07
    endloop
  endfacet
  facet normal -0.382682263851 -0 -0.923880040646
    outer loop
      vertex -35.7933273315 29.8671264648 5
      vertex -35.7933273315 29.8671264648 5.95848518969e-07
      vertex -36.2153968811 29.6923007965 5
    endloop
  endfacet
  facet normal -0 1 0
    outer loop
      vertex -36.2153968811 29.6923007965 5
      vertex -32.3732452393 29.4356460571 5
      vertex -35.7933273315 29.8671264648 5
    endloop
  endfacet
  facet normal -0.633515775204 -0.00129907147493 0.77372866869
    outer loop
      vertex -32.147102356 29.2336959839 15
      vertex -32.3732452393 29.4356460571 5
      vertex -31.956823349 29.0946884155 5
    endloop
  endfacet
  facet normal -0.470676928759 -0.00110005529132 0.88230496645
    outer loop
      vertex -31.8215084076 29.0100345612 15
      vertex -31.956823349 29.0946884155 5
      vertex -31.4819660187 28.8413696289 5
    endloop
  endfacet
  facet normal -0.442283242941 0.000109783970402 0.896875441074
    outer loop
      vertex -31.8215084076 29.0100345612 15
      vertex -31.4819660187 28.8413696289 5
      vertex -31.4672336578 28.8353290558 15
    endloop
  endfacet
  facet normal -0.309221446514 -0.000118942210975 0.950990021229
    outer loop
      vertex -31.4672336578 28.8353290558 15
      vertex -31.4819660187 28.8413696289 5
      vertex -31.091583252 28.7131824493 15
    endloop
  endfacet
  facet normal 0 -1 -0
    outer loop
      vertex -31.2301826477 28.7512512207 15
      vertex -31.4672336578 28.8353290558 15
      vertex -31.091583252 28.7131824493 15
    endloop
  endfacet
  facet normal 0 -1 -0
    outer loop
      vertex -31.7590408325 28.9744319916 15
      vertex -31.8215084076 29.0100345612 15
      vertex -31.4672336578 28.8353290558 15
    endloop
  endfacet
  facet normal 0 -1 0
    outer loop
      vertex -31.8215484619 29.0099697113 15
      vertex -31.8215084076 29.0100345612 15
      vertex -31.7590408325 28.9744319916 15
    endloop
  endfacet
  facet normal -0.566211462021 0.000684022321366 0.824259757996
    outer loop
      vertex -32.147102356 29.2336959839 15
      vertex -31.956823349 29.0946884155 5
      vertex -31.8215084076 29.0100345612 15
    endloop
  endfacet
  facet normal 0 -1 -0
    outer loop
      vertex -32.2300491333 29.3025379181 15
      vertex -32.4372901917 29.5016994476 15
      vertex -32.147102356 29.2336959839 15
    endloop
  endfacet
  facet normal 0 -1 -0
    outer loop
      vertex -32.6226806641 29.7212772369 15
      vertex -32.686088562 29.8085098267 15
      vertex -32.4372901917 29.5016994476 15
    endloop
  endfacet
  facet normal 0 -1 0
    outer loop
      vertex -32.8884048462 30.1477794647 15
      vertex -32.8883590698 30.1478023529 15
      vertex -32.686088562 29.8085098267 15
    endloop
  endfacet
  facet normal 0 -1 0
    outer loop
      vertex -32.9198303223 30.2123985291 15
      vertex -32.8883590698 30.1478023529 15
      vertex -32.8884048462 30.1477794647 15
    endloop
  endfacet
  facet normal 0 -1 -0
    outer loop
      vertex -32.9198303223 30.2123985291 15
      vertex -33.0399360657 30.5125751495 15
      vertex -32.8883590698 30.1478023529 15
    endloop
  endfacet
  facet normal 0 -1 -0
    outer loop
      vertex -33.1085510254 30.7545089722 15
      vertex -33.1376876831 30.8952980042 15
      vertex -33.0399360657 30.5125751495 15
    endloop
  endfacet
  facet normal 0 -1 0
    outer loop
      vertex -33.1796226501 31.2880783081 15
      vertex -33.1795959473 31.2880802155 15
      vertex -33.1376876831 30.8952980042 15
    endloop
  endfacet
  facet normal 0 -1 0
    outer loop
      vertex -33.1806221008 31.3239879608 15
      vertex -33.1795959473 31.2880802155 15
      vertex -33.1796226501 31.2880783081 15
    endloop
  endfacet
  facet normal 0 -1 -0
    outer loop
      vertex -33.1795959473 31.2880802155 15
      vertex -33.1806221008 31.3239879608 15
      vertex -33.1647987366 31.6828136444 15
    endloop
  endfacet
  facet normal -0.995450675488 -0.00129282881971 -0.0952697917819
    outer loop
      vertex -33.1647987366 31.6828136444 15
      vertex -33.1299438477 31.9112987518 5
      vertex -33.1812171936 31.3755474091 5
    endloop
  endfacet
  facet normal -0 1 0
    outer loop
      vertex -35.1527862549 32.2576713562 5
      vertex -33.1299438477 31.9112987518 5
      vertex -32.9753074646 32.4268035889 5
    endloop
  endfacet
  facet normal -0 1 0
    outer loop
      vertex -35.4308929443 32.6201057434 5
      vertex -32.9753074646 32.4268035889 5
      vertex -32.7232208252 32.9023132324 5
    endloop
  endfacet
  facet normal 0 1 0
    outer loop
      vertex -32.6876869202 32.9545936584 15
      vertex -32.3122558594 33.388710022 15
      vertex -32.3122711182 33.3887252808 15
    endloop
  endfacet
  facet normal -0.602664232254 0.00108944915701 -0.79799413681
    outer loop
      vertex -31.8519859314 33.7372436523 15
      vertex -31.9687080383 33.6627426147 5
      vertex -32.3072738647 33.3933982849 15
    endloop
  endfacet
  facet normal -0.637536048889 -0.000833882135339 -0.770420074463
    outer loop
      vertex -32.3072738647 33.3933982849 15
      vertex -31.9687080383 33.6627426147 5
      vertex -32.3833503723 33.3196220398 5
    endloop
  endfacet
  facet normal 0 1 0
    outer loop
      vertex -35.7933273315 32.8982162476 5
      vertex -32.7232208252 32.9023132324 5
      vertex -32.3833503723 33.3196220398 5
    endloop
  endfacet
  facet normal -0.3826777637 0 0.92388188839
    outer loop
      vertex -35.7933273315 32.8982162476 5
      vertex -36.2153968811 33.0730400085 5.95848518969e-07
      vertex -35.7933273315 32.8982162476 5.95848518969e-07
    endloop
  endfacet
  facet normal 0 -1 0
    outer loop
      vertex -36.5194473267 34.1286354065 5.95848518969e-07
      vertex -36.2153968811 33.0730400085 5.95848518969e-07
      vertex -36.6683273315 33.1326713562 5.95848518969e-07
    endloop
  endfacet
  facet normal 0 -1 0
    outer loop
      vertex -36.5194473267 34.1286354065 5.95848518969e-07
      vertex -36.6683273315 33.1326713562 5.95848518969e-07
      vertex -37.1132278442 34.0964431763 5.95848518969e-07
    endloop
  endfacet
  facet normal 0 -1 0
    outer loop
      vertex -37.1132278442 34.0964431763 5.95848518969e-07
      vertex -36.6683273315 33.1326713562 5.95848518969e-07
      vertex -37.1212615967 33.0730400085 5.95848518969e-07
    endloop
  endfacet
  facet normal 0.382681488991 0 0.923880338669
    outer loop
      vertex -37.1212615967 33.0730400085 5
      vertex -37.5433273315 32.8982162476 5.95848518969e-07
      vertex -37.1212615967 33.0730400085 5.95848518969e-07
    endloop
  endfacet
  facet normal 0 1 0
    outer loop
      vertex -37.1212615967 33.0730400085 5
      vertex -37.7781944275 33.8987579346 5
      vertex -38.2784614563 33.6120147705 5
    endloop
  endfacet
  facet normal -0.305442601442 0.00173135031946 -0.952208936214
    outer loop
      vertex -37.2291297913 34.0748825073 5
      vertex -37.6862106323 33.9373550415 5.95848518969e-07
      vertex -37.7781944275 33.8987579346 5
    endloop
  endfacet
  facet normal 0 1 0
    outer loop
      vertex -36.2153968811 33.0730400085 5
      vertex -36.6554107666 34.1326408386 5
      vertex -36.6683273315 33.1326713562 5
    endloop
  endfacet
  facet normal -0.267526715994 -0.0020466640126 -0.963548243046
    outer loop
      vertex -37.2291297913 34.0748825073 5
      vertex -37.1132278442 34.0964431763 5.95848518969e-07
      vertex -37.6862106323 33.9373550415 5.95848518969e-07
    endloop
  endfacet
  facet normal -0.0541356392205 -0.00454452075064 -0.998523235321
    outer loop
      vertex -36.6554107666 34.1326408386 2.5
      vertex -36.5194473267 34.1286354065 5.95848518969e-07
      vertex -37.1132278442 34.0964431763 5.95848518969e-07
    endloop
  endfacet
  facet normal 0 0 -1
    outer loop
      vertex -36.6554107666 34.1326408386 2.5
      vertex -30.4455604553 34.1326408386 5
      vertex -30.4312496185 34.1326408386 2.5
    endloop
  endfacet
  facet normal 0 0 -1
    outer loop
      vertex -30.4312496185 34.1326408386 2.5
      vertex -30.4455604553 34.1326408386 5
      vertex -30.4312496185 34.1326408386 15
    endloop
  endfacet
  facet normal -0 0 -1
    outer loop
      vertex -30.4312496185 34.1326408386 15
      vertex -30.4455604553 34.1326408386 5
      vertex -30.4455604553 34.1326408386 15
    endloop
  endfacet
  facet normal 0.0976714864373 0 -0.99521869421
    outer loop
      vertex -29.8966331482 34.0801734924 15
      vertex -30.4312496185 34.1326408386 2.5
      vertex -30.4312496185 34.1326408386 15
    endloop
  endfacet
  facet normal 0.0980186834931 -1.49925863298e-05 -0.995184600353
    outer loop
      vertex -29.8966331482 34.0801734924 15
      vertex -29.8947505951 34.0797996521 2.5
      vertex -30.4312496185 34.1326408386 2.5
    endloop
  endfacet
  facet normal 0 -1 0
    outer loop
      vertex -29.3788700104 33.9233093262 2.5
      vertex -30.4312496185 34.1326408386 2.5
      vertex -29.8947505951 34.0797996521 2.5
    endloop
  endfacet
  facet normal 0 -1 -0
    outer loop
      vertex -33.9868659973 31.9928035736 2.5
      vertex -34.1890640259 32.5725250244 2.5
      vertex -30.4312496185 34.1326408386 2.5
    endloop
  endfacet
  facet normal 0.956928670406 -0.0048044482246 -0.290283471346
    outer loop
      vertex -27.890581131 32.4350204468 2.5
      vertex -27.7769527435 32.10181427 5
      vertex -27.7340888977 31.9191379547 2.5
    endloop
  endfacet
  facet normal 0.956029176712 0 -0.293271660805
    outer loop
      vertex -27.8950138092 32.4456596375 15
      vertex -27.7352313995 31.9247894287 5
      vertex -27.8950138092 32.4456596375 5
    endloop
  endfacet
  facet normal 0.973319768906 -7.84769290476e-05 -0.229452759027
    outer loop
      vertex -27.7340888977 31.9191379547 2.5
      vertex -27.7769527435 32.10181427 5
      vertex -27.7352199554 31.9247913361 5
    endloop
  endfacet
  facet normal 0.997813045979 0 -0.0660990178585
    outer loop
      vertex -27.6812496185 31.3826389313 5
      vertex -27.6812496185 31.3826389313 2.5
      vertex -27.705280304 31.7453956604 5
    endloop
  endfacet
  facet normal 0 -1 0
    outer loop
      vertex -27.7340888977 31.9191379547 2.5
      vertex -33.9868659973 31.9928035736 2.5
      vertex -27.890581131 32.4350204468 2.5
    endloop
  endfacet
  facet normal 0.947653234005 -0.000814364349935 -0.319300323725
    outer loop
      vertex -33.9868659973 31.9928035736 2.5
      vertex -33.982624054 31.9738388062 5.95848518969e-07
      vertex -34.1724967957 32.5373649597 5.95848518969e-07
    endloop
  endfacet
  facet normal 0 -1 0
    outer loop
      vertex -34.9183273315 31.3826675415 5.95848518969e-07
      vertex -33.982624054 31.9738388062 5.95848518969e-07
      vertex -33.9183273315 31.3826675415 5.95848518969e-07
    endloop
  endfacet
  facet normal 0 -1 0
    outer loop
      vertex -34.9183273315 31.3826675415 5.95848518969e-07
      vertex -33.9183273315 31.3826675415 5.95848518969e-07
      vertex -33.982624054 30.7915019989 5.95848518969e-07
    endloop
  endfacet
  facet normal 0 -1 0
    outer loop
      vertex -33.9183273315 31.3826675415 2.5
      vertex -27.6812496185 31.3826389313 2.5
      vertex -27.7341003418 30.8461494446 2.5
    endloop
  endfacet
  facet normal 0.956935703754 -0 0.290299892426
    outer loop
      vertex -27.7341003418 30.8461494446 2.5
      vertex -27.7341003418 30.8461494446 5
      vertex -27.8905982971 30.3302783966 5
    endloop
  endfacet
  facet normal 0 1 0
    outer loop
      vertex -27.8905982971 30.3302783966 5
      vertex -27.890619278 30.3302879333 5
      vertex -28.1447486877 29.8548641205 5
    endloop
  endfacet
  facet normal 0.881912589073 -0.000646641710773 0.47141250968
    outer loop
      vertex -27.921037674 30.2596645355 15
      vertex -28.1447486877 29.8548641205 5
      vertex -27.890619278 30.3302879333 5
    endloop
  endfacet
  facet normal 0.881912887096 -1.41967701587e-17 0.471412390471
    outer loop
      vertex -27.8905982971 30.3302783966 2.5
      vertex -28.1447296143 29.854850769 5
      vertex -28.1447296143 29.854850769 2.5
    endloop
  endfacet
  facet normal 0 1 0
    outer loop
      vertex -28.4867267609 29.4381370544 5
      vertex -28.486743927 29.4381523132 5
      vertex -28.9034614563 29.0961666107 5
    endloop
  endfacet
  facet normal 0.634387135506 -0.000921485363506 0.773014962673
    outer loop
      vertex -28.5742473602 29.3544197083 15
      vertex -28.9034614563 29.0961666107 5
      vertex -28.486743927 29.4381523132 5
    endloop
  endfacet
  facet normal 0.634388327599 0 0.773014485836
    outer loop
      vertex -28.4867267609 29.4381370544 2.5
      vertex -28.9034500122 29.0961437225 5
      vertex -28.9034500122 29.0961437225 2.5
    endloop
  endfacet
  facet normal -0 -1 0
    outer loop
      vertex -28.1447296143 29.854850769 2.5
      vertex -28.4867267609 29.4381370544 2.5
      vertex -33.9868659973 30.7725372314 2.5
    endloop
  endfacet
  facet normal 0.947653651237 -0.000814354396425 0.31929910183
    outer loop
      vertex -33.9868659973 30.7725372314 2.5
      vertex -34.1724967957 30.227973938 5.95848518969e-07
      vertex -33.982624054 30.7915019989 5.95848518969e-07
    endloop
  endfacet
  facet normal 0 -1 -0
    outer loop
      vertex -34.4790725708 29.7184410095 5.95848518969e-07
      vertex -35.1527862549 30.5076694489 5.95848518969e-07
      vertex -34.1724967957 30.227973938 5.95848518969e-07
    endloop
  endfacet
  facet normal 0 -1 -0
    outer loop
      vertex -34.8880157471 29.2867240906 5.95848518969e-07
      vertex -35.4308929443 30.1452312469 5.95848518969e-07
      vertex -34.4790725708 29.7184410095 5.95848518969e-07
    endloop
  endfacet
  facet normal 0 -1 0
    outer loop
      vertex -34.1890640259 30.192817688 2.5
      vertex -30.4312496185 28.6326999664 2.5
      vertex -34.5148429871 29.6724052429 2.5
    endloop
  endfacet
  facet normal 0.561183035374 -0.00292469002306 0.827686548233
    outer loop
      vertex -34.9479675293 29.237241745 2.5
      vertex -35.3802070618 28.9530124664 5.95848518969e-07
      vertex -34.8880157471 29.2867240906 5.95848518969e-07
    endloop
  endfacet
  facet normal 0 -1 -0
    outer loop
      vertex -35.9326248169 28.7329101562 5.95848518969e-07
      vertex -36.2153968811 29.6923007965 5.95848518969e-07
      vertex -35.3802070618 28.9530124664 5.95848518969e-07
    endloop
  endfacet
  facet normal 0 -1 0
    outer loop
      vertex -36.5194473267 28.6367034912 5.95848518969e-07
      vertex -36.2153968811 29.6923007965 5.95848518969e-07
      vertex -35.9326248169 28.7329101562 5.95848518969e-07
    endloop
  endfacet
  facet normal -0.0541396550834 -0.00454378221184 0.998523056507
    outer loop
      vertex -36.6554107666 28.6326999664 2.5
      vertex -37.1132278442 28.6688995361 5.95848518969e-07
      vertex -36.5194473267 28.6367034912 5.95848518969e-07
    endloop
  endfacet
  facet normal 0 -1 0
    outer loop
      vertex -35.4668426514 28.9090232849 2.5
      vertex -30.4312496185 28.6326999664 2.5
      vertex -36.0456047058 28.7041034698 2.5
    endloop
  endfacet
  facet normal -0.100167803466 0 0.994970560074
    outer loop
      vertex -36.6554107666 28.6326999664 2.5
      vertex -36.6554107666 28.6326999664 5
      vertex -37.2291297913 28.6904582977 5
    endloop
  endfacet
  facet normal 0 1 0
    outer loop
      vertex -30.4312496185 28.6326999664 5
      vertex -30.9668674469 28.6853904724 5
      vertex -36.6554107666 28.6326999664 5
    endloop
  endfacet
  facet normal 0.0980155840516 -0 0.995184898376
    outer loop
      vertex -29.8947582245 28.6855392456 2.5
      vertex -29.8947582245 28.6855392456 5
      vertex -30.4312496185 28.6326999664 2.5
    endloop
  endfacet
  facet normal 0 1 0
    outer loop
      vertex -30.4312496185 28.6326999664 5
      vertex -30.4312496185 28.6327228546 5
      vertex -30.9668674469 28.6853904724 5
    endloop
  endfacet
  facet normal 0 1 0
    outer loop
      vertex -29.3788833618 28.8420257568 5
      vertex -29.8947620392 28.6855621338 5
      vertex -29.8947582245 28.6855392456 5
    endloop
  endfacet
  facet normal -0.0268380790949 0.000611116702203 0.999639630318
    outer loop
      vertex -30.7023067474 28.6461143494 15
      vertex -30.4312496185 28.6327228546 5
      vertex -30.3074378967 28.6355133057 15
    endloop
  endfacet
  facet normal 0 -1 0
    outer loop
      vertex -30.666513443 28.6427211761 15
      vertex -30.3074378967 28.6355133057 15
      vertex -30.307434082 28.6354293823 15
    endloop
  endfacet
  facet normal -0.0203033294529 3.91099129047e-05 0.999793887138
    outer loop
      vertex -30.666513443 28.6427211761 15
      vertex -30.307434082 28.6354293823 15
      vertex -30.6682872772 28.642873764 18
    endloop
  endfacet
  facet normal -0.189860075712 0.00380729977041 0.981803774834
    outer loop
      vertex -31.2327365875 28.7520275116 18
      vertex -31.0916023254 28.7131004333 15
      vertex -30.6682872772 28.642873764 18
    endloop
  endfacet
  facet normal -0.389842480421 0.00492940517142 0.920868337154
    outer loop
      vertex -31.7621574402 28.97615242 18
      vertex -31.4672641754 28.8352546692 15
      vertex -31.2327365875 28.7520275116 18
    endloop
  endfacet
  facet normal -0.572784543037 0.00315058976412 0.819699883461
    outer loop
      vertex -32.2334098816 29.3054523468 18
      vertex -32.1471443176 29.2336406708 15
      vertex -31.7621574402 28.97615242 18
    endloop
  endfacet
  facet normal -0.730684578419 0.00502067478374 0.682696700096
    outer loop
      vertex -32.6259002686 29.7255325317 18
      vertex -32.437335968 29.5016498566 15
      vertex -32.2334098816 29.3054523468 18
    endloop
  endfacet
  facet normal -0.856667220592 0.00293764844537 0.515861034393
    outer loop
      vertex -32.9224739075 30.2180404663 18
      vertex -32.6861343384 29.8084754944 15
      vertex -32.6259002686 29.7255325317 18
    endloop
  endfacet
  facet normal -0.945192694664 0.00497004529461 0.326475262642
    outer loop
      vertex -33.110168457 30.7614421844 18
      vertex -33.0399780273 30.5125598907 15
      vertex -32.9224739075 30.2180404663 18
    endloop
  endfacet
  facet normal -0.992421925068 0.00363479368389 0.122823134065
    outer loop
      vertex -33.1807823181 31.3319988251 18
      vertex -33.1377220154 30.8952922821 15
      vertex -33.110168457 30.7614421844 18
    endloop
  endfacet
  facet normal -0.996266961098 0.00477781845257 -0.0861935243011
    outer loop
      vertex -33.1312294006 31.9047622681 18
      vertex -33.1648178101 31.6828155518 15
      vertex -33.1807823181 31.3319988251 18
    endloop
  endfacet
  facet normal -0.975794494152 -9.22429680941e-05 -0.21868956089
    outer loop
      vertex -33.1312294006 31.9047622681 18
      vertex -33.0936088562 32.0713577271 15
      vertex -33.1329040527 31.8960227966 15
    endloop
  endfacet
  facet normal 0 1 0
    outer loop
      vertex -32.9674720764 32.445690155 15
      vertex -32.6896324158 32.9517784119 15
      vertex -32.6896438599 32.9517860413 15
    endloop
  endfacet
  facet normal -0.756798923016 -0.000254624930676 -0.653647720814
    outer loop
      vertex -32.6854362488 32.9578056335 18
      vertex -32.3122558594 33.388710022 15
      vertex -32.6896324158 32.9517784119 15
    endloop
  endfacet
  facet normal -0.755340337753 0.000168835511431 -0.655332684517
    outer loop
      vertex -32.308681488 33.3920555115 18
      vertex -32.3122558594 33.388710022 15
      vertex -32.6854362488 32.9578056335 18
    endloop
  endfacet
  facet normal -0.602583825588 8.52177690831e-05 -0.798055589199
    outer loop
      vertex -31.8498744965 33.738483429 18
      vertex -31.8519706726 33.7372207642 15
      vertex -32.308681488 33.3920555115 18
    endloop
  endfacet
  facet normal -0.423894762993 -8.49913049024e-05 -0.905711472034
    outer loop
      vertex -31.8498744965 33.738483429 18
      vertex -31.3290672302 33.9819526672 15
      vertex -31.8519706726 33.7372207642 15
    endloop
  endfacet
  facet normal 0 1 0
    outer loop
      vertex -31.8431911469 33.7425308228 15
      vertex -31.3290672302 33.9819526672 15
      vertex -31.329076767 33.9819831848 15
    endloop
  endfacet
  facet normal -0.422204732895 0.00126092683058 -0.906499624252
    outer loop
      vertex -31.329076767 33.9819831848 15
      vertex -31.4951782227 33.9185295105 5
      vertex -31.8431911469 33.7425308228 15
    endloop
  endfacet
  facet normal 0 1 0
    outer loop
      vertex -36.6554107666 34.1326408386 5
      vertex -31.4951782227 33.9185295105 5
      vertex -30.9808940887 34.0771865845 5
    endloop
  endfacet
  facet normal -0.16562885046 0.000230050864047 -0.986188113689
    outer loop
      vertex -30.7404403687 34.1152381897 15
      vertex -30.9808940887 34.0771865845 5
      vertex -31.03175354 34.0663108826 15
    endloop
  endfacet
  facet normal -0 -1 -0
    outer loop
      vertex -30.7404403687 34.1152381897 15
      vertex -31.03175354 34.0663108826 15
      vertex -16.4363460541 39.1259841919 15
    endloop
  endfacet
  facet normal -0.225887551904 -3.49764636622e-18 -0.974153399467
    outer loop
      vertex -16.4363460541 39.1259841919 15
      vertex -15.8762998581 39.2558479309 19.5
      vertex -15.8762998581 39.2558479309 15
    endloop
  endfacet
  facet normal 0 -1 0
    outer loop
      vertex -15.8762998581 39.2558479309 15
      vertex -14.7370414734 39.1572799683 15
      vertex -16.4363460541 39.1259841919 15
    endloop
  endfacet
  facet normal 0 -1 0
    outer loop
      vertex -15.8762998581 39.2558479309 15
      vertex -15.3014907837 39.2664337158 15
      vertex -14.7370414734 39.1572799683 15
    endloop
  endfacet
  facet normal 0.189865469933 -3.49764636622e-18 -0.981810092926
    outer loop
      vertex -15.3014907837 39.2664337158 15
      vertex -14.7370414734 39.1572799683 19.5
      vertex -14.7370414734 39.1572799683 15
    endloop
  endfacet
  facet normal 0.389840126038 0 -0.92088252306
    outer loop
      vertex -14.7370414734 39.1572799683 15
      vertex -14.7370414734 39.1572799683 19.5
      vertex -14.2076206207 38.9331588745 19.5
    endloop
  endfacet
  facet normal 0.189865469933 0 -0.981810092926
    outer loop
      vertex -15.3014907837 39.2664337158 15
      vertex -15.3014907837 39.2664337158 19.5
      vertex -14.7370414734 39.1572799683 19.5
    endloop
  endfacet
  facet normal -0.0184151101857 4.37205795777e-19 -0.999830424786
    outer loop
      vertex -15.8762998581 39.2558479309 15
      vertex -15.3014907837 39.2664337158 19.5
      vertex -15.3014907837 39.2664337158 15
    endloop
  endfacet
  facet normal -0.0184151101857 0 -0.999830424786
    outer loop
      vertex -15.8762998581 39.2558479309 15
      vertex -15.8762998581 39.2558479309 19.5
      vertex -15.3014907837 39.2664337158 19.5
    endloop
  endfacet
  facet normal 0 0 1
    outer loop
      vertex -7.63703107834 24.51263237 22
      vertex -19.4503059387 24.51263237 22
      vertex -7.63703107834 24.51263237 19.5
    endloop
  endfacet
  facet normal 0 0 -1
    outer loop
      vertex -19.4503059387 14.055226326 22
      vertex -7.63703107834 14.055226326 22
      vertex -19.4503059387 14.055226326 19.5
    endloop
  endfacet
  facet normal -1 0 0
    outer loop
      vertex -19.4503059387 14.055226326 19.5
      vertex -19.4503059387 8.34130954742 19.5
      vertex -19.4503059387 14.055226326 22
    endloop
  endfacet
  facet normal -1 0 0
    outer loop
      vertex -19.4503059387 14.055226326 22
      vertex -19.4503059387 8.34130954742 19.5
      vertex -19.4503059387 3.34130954742 19.5
    endloop
  endfacet
  facet normal 0.9510820508 0.00245181191713 -0.308928579092
    outer loop
      vertex -27.8519859314 -25.3165397644 13.75
      vertex -27.9869556427 -24.9426784515 19
      vertex -27.8093509674 -25.4894657135 19
    endloop
  endfacet
  facet normal 0.986916303635 -0.00270477076992 -0.16121083498
    outer loop
      vertex -27.8519859314 -25.3165397644 13.75
      vertex -27.8093509674 -25.4894657135 19
      vertex -27.7527103424 -25.9242897034 13.75
    endloop
  endfacet
  facet normal 0.98691880703 0.00147849821951 -0.161211237311
    outer loop
      vertex -27.7527103424 -25.9242897034 13.75
      vertex -27.8145198822 -25.4656581879 5
      vertex -27.8519859314 -25.3165397644 13.75
    endloop
  endfacet
  facet normal 0.950372338295 -0.00123262149282 -0.31111228466
    outer loop
      vertex -27.8519859314 -25.3165397644 13.75
      vertex -27.8145198822 -25.4656581879 5
      vertex -27.982219696 -24.9533748627 5
    endloop
  endfacet
  facet normal 0.92629981041 0.00185127917212 -0.376782715321
    outer loop
      vertex -27.8519859314 -25.3165397644 13.75
      vertex -27.982219696 -24.9533748627 5
      vertex -28.0840091705 -24.7461204529 13.75
    endloop
  endfacet
  facet normal 0.871424973011 -0.001481276704 -0.490526616573
    outer loop
      vertex -28.0840091705 -24.7461204529 13.75
      vertex -27.982219696 -24.9533748627 5
      vertex -28.246629715 -24.4836483002 5
    endloop
  endfacet
  facet normal 0.819234371185 0.00197629001923 -0.573455452919
    outer loop
      vertex -28.0840091705 -24.7461204529 13.75
      vertex -28.246629715 -24.4836483002 5
      vertex -28.4371471405 -24.2416305542 13.75
    endloop
  endfacet
  facet normal 0.819231688976 -0.00321353413165 -0.57345366478
    outer loop
      vertex -28.4371471405 -24.2416305542 13.75
      vertex -28.2743587494 -24.4447669983 19
      vertex -28.0840091705 -24.7461204529 13.75
    endloop
  endfacet
  facet normal 0.86607170105 0.00270604505204 -0.499912470579
    outer loop
      vertex -28.0840091705 -24.7461204529 13.75
      vertex -28.2743587494 -24.4447669983 19
      vertex -27.9869556427 -24.9426784515 19
    endloop
  endfacet
  facet normal 0.612022459507 -0.707551002502 -0.353270590305
    outer loop
      vertex -27.9869556427 -24.9426784515 19
      vertex -28.2743587494 -24.4447669983 19
      vertex -25.7092380524 -22.8801269531 22
    endloop
  endfacet
  facet normal 0.560974478722 -0.705520927906 -0.433067977428
    outer loop
      vertex -25.7092380524 -22.8801269531 22
      vertex -28.2743587494 -24.4447669983 19
      vertex -26.2094459534 -22.2321853638 22
    endloop
  endfacet
  facet normal 0 -1 -0
    outer loop
      vertex -25.7092380524 -22.8801269531 22
      vertex -26.2094459534 -22.2321853638 22
      vertex -21.9503078461 -11.8892240524 22
    endloop
  endfacet
  facet normal 0 -1 0
    outer loop
      vertex -21.9503078461 -11.8892240524 22
      vertex -26.2094459534 -22.2321853638 22
      vertex -26.7965869904 -21.6618347168 22
    endloop
  endfacet
  facet normal 0 -1 0
    outer loop
      vertex -21.9503078461 -11.8892240524 22
      vertex -26.7965869904 -21.6618347168 22
      vertex -27.4587669373 -21.180639267 22
    endloop
  endfacet
  facet normal 0 -1 -0
    outer loop
      vertex -27.4587669373 -21.180639267 22
      vertex -28.1825656891 -20.7983436584 22
      vertex -21.9503078461 -11.8892240524 22
    endloop
  endfacet
  facet normal 0 -1 0
    outer loop
      vertex -21.9503078461 -11.8892240524 22
      vertex -28.1825656891 -20.7983436584 22
      vertex -28.9533157349 -20.5226974487 22
    endloop
  endfacet
  facet normal 0.701281785965 -0.695283234119 0.157432794571
    outer loop
      vertex -27.8094596863 -26.632976532 19
      vertex -27.3975276947 -26.4705467224 19.3787078857
      vertex -27.6943225861 -26.8789653778 19.171831131
    endloop
  endfacet
  facet normal 0.646213471889 -0.733685255051 0.210033610463
    outer loop
      vertex -27.8094596863 -26.632976532 19
      vertex -27.6943225861 -26.8789653778 19.171831131
      vertex -27.9871673584 -27.1797294617 19
    endloop
  endfacet
  facet normal 0.951027452946 0.000986008439213 0.309104859829
    outer loop
      vertex -27.9871673584 -27.1797294617 19
      vertex -27.9654083252 -27.1295318604 13.75
      vertex -27.8094596863 -26.632976532 19
    endloop
  endfacet
  facet normal 0.956207633018 -0.000720579468179 0.292688250542
    outer loop
      vertex -27.8094596863 -26.632976532 19
      vertex -27.9654083252 -27.1295318604 13.75
      vertex -27.7910900116 -26.5384941101 5
    endloop
  endfacet
  facet normal 0.984892308712 0.000123671183246 0.17316788435
    outer loop
      vertex -27.8094596863 -26.632976532 19
      vertex -27.7910900116 -26.5384941101 5
      vertex -27.7910518646 -26.5382766724 5
    endloop
  endfacet
  facet normal 0.997269392014 0.000811798032373 0.0738448575139
    outer loop
      vertex -27.8094596863 -26.632976532 19
      vertex -27.7910518646 -26.5382766724 5
      vertex -27.7527103424 -25.9242897034 13.75
    endloop
  endfacet
  facet normal 0.994506001472 -0.00337307620794 0.10462538898
    outer loop
      vertex -27.7527103424 -25.9242897034 13.75
      vertex -27.7493095398 -26.0612258911 19
      vertex -27.8094596863 -26.632976532 19
    endloop
  endfacet
  facet normal 0.997090935707 0.000978898257017 0.0762150734663
    outer loop
      vertex -27.7527103424 -25.9242897034 13.75
      vertex -27.7910518646 -26.5382766724 5
      vertex -27.7499694824 -26.0008106232 5
    endloop
  endfacet
  facet normal 0 1 0
    outer loop
      vertex -27.7499256134 -26.0007858276 5
      vertex -27.7499694824 -26.0008106232 5
      vertex -27.7910518646 -26.5382766724 5
    endloop
  endfacet
  facet normal 0.997085571289 -0 0.0762912854552
    outer loop
      vertex -27.7910518646 -26.5382766724 2.5
      vertex -27.7499256134 -26.0007858276 5
      vertex -27.7910518646 -26.5382766724 5
    endloop
  endfacet
  facet normal 0.997085571289 -0 0.0762912854552
    outer loop
      vertex -27.7499256134 -26.0007858276 2.5
      vertex -27.7499256134 -26.0007858276 5
      vertex -27.7910518646 -26.5382766724 2.5
    endloop
  endfacet
  facet normal 0 -1 -0
    outer loop
      vertex -27.7910518646 -26.5382766724 2.5
      vertex -33.9601097107 -25.4498558044 2.5
      vertex -27.7499256134 -26.0007858276 2.5
    endloop
  endfacet
  facet normal 0 -1 0
    outer loop
      vertex -27.7499256134 -26.0007858276 2.5
      vertex -33.9601097107 -25.4498558044 2.5
      vertex -27.8144416809 -25.4655990601 2.5
    endloop
  endfacet
  facet normal 0 -1 0
    outer loop
      vertex -27.8144416809 -25.4655990601 2.5
      vertex -33.9601097107 -25.4498558044 2.5
      vertex -27.982126236 -24.9532814026 2.5
    endloop
  endfacet
  facet normal 0.950388729572 -7.09836936292e-18 -0.311064690351
    outer loop
      vertex -27.982126236 -24.9532814026 2.5
      vertex -27.8144416809 -25.4655990601 5
      vertex -27.8144416809 -25.4655990601 2.5
    endloop
  endfacet
  facet normal 0.992812156677 0 -0.119682818651
    outer loop
      vertex -27.8144416809 -25.4655990601 2.5
      vertex -27.8144416809 -25.4655990601 5
      vertex -27.7499256134 -26.0007858276 5
    endloop
  endfacet
  facet normal 0 1 -0
    outer loop
      vertex -27.8144416809 -25.4655990601 5
      vertex -27.8145198822 -25.4656581879 5
      vertex -27.7499256134 -26.0007858276 5
    endloop
  endfacet
  facet normal 0.950388729572 0 -0.311064690351
    outer loop
      vertex -27.982126236 -24.9532814026 2.5
      vertex -27.982126236 -24.9532814026 5
      vertex -27.8144416809 -25.4655990601 5
    endloop
  endfacet
  facet normal 0 1 -0
    outer loop
      vertex -27.982126236 -24.9532814026 5
      vertex -27.982219696 -24.9533748627 5
      vertex -27.8144416809 -25.4655990601 5
    endloop
  endfacet
  facet normal 0.871449530125 1.41967370715e-17 -0.490485161543
    outer loop
      vertex -28.2465267181 -24.4835186005 2.5
      vertex -27.982126236 -24.9532814026 5
      vertex -27.982126236 -24.9532814026 2.5
    endloop
  endfacet
  facet normal 0.871449530125 0 -0.490485161543
    outer loop
      vertex -28.2465267181 -24.4835186005 2.5
      vertex -28.2465267181 -24.4835186005 5
      vertex -27.982126236 -24.9532814026 5
    endloop
  endfacet
  facet normal 0 1 -0
    outer loop
      vertex -28.2465267181 -24.4835186005 5
      vertex -28.246629715 -24.4836483002 5
      vertex -27.982126236 -24.9532814026 5
    endloop
  endfacet
  facet normal 0 1 0
    outer loop
      vertex -28.2465267181 -24.4835186005 5
      vertex -28.5975914001 -24.0745239258 5
      vertex -28.246629715 -24.4836483002 5
    endloop
  endfacet
  facet normal 0 1 -0
    outer loop
      vertex -28.5974884033 -24.0743598938 5
      vertex -28.5975914001 -24.0745239258 5
      vertex -28.2465267181 -24.4835186005 5
    endloop
  endfacet
  facet normal 0.759023725986 0 -0.651062965393
    outer loop
      vertex -28.5974884033 -24.0743598938 2.5
      vertex -28.5974884033 -24.0743598938 5
      vertex -28.2465267181 -24.4835186005 5
    endloop
  endfacet
  facet normal 0.617433130741 1.41967403802e-17 -0.786623358727
    outer loop
      vertex -29.0215263367 -23.74152565 2.5
      vertex -28.5974884033 -24.0743598938 5
      vertex -28.5974884033 -24.0743598938 2.5
    endloop
  endfacet
  facet normal -0 -1 0
    outer loop
      vertex -28.5974884033 -24.0743598938 2.5
      vertex -33.9601097107 -25.4498558044 2.5
      vertex -29.0215263367 -23.74152565 2.5
    endloop
  endfacet
  facet normal -0 -1 0
    outer loop
      vertex -29.0215263367 -23.74152565 2.5
      vertex -33.9601097107 -25.4498558044 2.5
      vertex -29.5023441315 -23.4978084564 2.5
    endloop
  endfacet
  facet normal 0.452114582062 0 -0.89195984602
    outer loop
      vertex -29.5023441315 -23.4978084564 2.5
      vertex -29.0215263367 -23.74152565 5
      vertex -29.0215263367 -23.74152565 2.5
    endloop
  endfacet
  facet normal 0.452114582062 0 -0.89195984602
    outer loop
      vertex -29.5023441315 -23.4978084564 2.5
      vertex -29.5023441315 -23.4978084564 5
      vertex -29.0215263367 -23.74152565 5
    endloop
  endfacet
  facet normal 0 1 -0
    outer loop
      vertex -29.5023441315 -23.4978084564 5
      vertex -29.502412796 -23.4980182648 5
      vertex -29.0215263367 -23.74152565 5
    endloop
  endfacet
  facet normal 0 1 0
    outer loop
      vertex -29.0215263367 -23.74152565 5
      vertex -29.502412796 -23.4980182648 5
      vertex -29.0216140747 -23.7417163849 5
    endloop
  endfacet
  facet normal 0 1 -0
    outer loop
      vertex -29.0215263367 -23.74152565 5
      vertex -29.0216140747 -23.7417163849 5
      vertex -28.5974884033 -24.0743598938 5
    endloop
  endfacet
  facet normal 0.45210403204 -0.00074230262544 -0.891964912415
    outer loop
      vertex -29.4307441711 -23.5270614624 13.75
      vertex -29.0216140747 -23.7417163849 5
      vertex -29.502412796 -23.4980182648 5
    endloop
  endfacet
  facet normal 0.282956808805 0.000866044254508 -0.959132254124
    outer loop
      vertex -29.4307441711 -23.5270614624 13.75
      vertex -29.502412796 -23.4980182648 5
      vertex -30.0213851929 -23.3528137207 13.75
    endloop
  endfacet
  facet normal 0.282955557108 -0.00309722893871 -0.959128022194
    outer loop
      vertex -30.0213851929 -23.3528137207 13.75
      vertex -29.6492652893 -23.445640564 19
      vertex -29.4307441711 -23.5270614624 13.75
    endloop
  endfacet
  facet normal 0.406819403172 0.00276591745205 -0.913504421711
    outer loop
      vertex -29.4307441711 -23.5270614624 13.75
      vertex -29.6492652893 -23.445640564 19
      vertex -29.1240844727 -23.6795253754 19
    endloop
  endfacet
  facet normal 0.489290982485 -0.00325336214155 -0.872114539146
    outer loop
      vertex -29.4307441711 -23.5270614624 13.75
      vertex -29.1240844727 -23.6795253754 19
      vertex -28.8936901093 -23.8283691406 13.75
    endloop
  endfacet
  facet normal 0.587860167027 0.00286291725934 -0.808957457542
    outer loop
      vertex -28.8936901093 -23.8283691406 13.75
      vertex -29.1240844727 -23.6795253754 19
      vertex -28.6590080261 -24.017490387 19
    endloop
  endfacet
  facet normal 0.671086370945 -0.00329203158617 -0.741371870041
    outer loop
      vertex -28.8936901093 -23.8283691406 13.75
      vertex -28.6590080261 -24.017490387 19
      vertex -28.4371471405 -24.2416305542 13.75
    endloop
  endfacet
  facet normal 0.671088814735 0.00185343564954 -0.741374611855
    outer loop
      vertex -28.4371471405 -24.2416305542 13.75
      vertex -28.5975914001 -24.0745239258 5
      vertex -28.8936901093 -23.8283691406 13.75
    endloop
  endfacet
  facet normal 0.617414772511 -0.00123619730584 -0.786636829376
    outer loop
      vertex -28.8936901093 -23.8283691406 13.75
      vertex -28.5975914001 -24.0745239258 5
      vertex -29.0216140747 -23.7417163849 5
    endloop
  endfacet
  facet normal 0.415648281574 -0.707163512707 -0.571975767612
    outer loop
      vertex -26.7965869904 -21.6618347168 22
      vertex -28.6590080261 -24.017490387 19
      vertex -29.1240844727 -23.6795253754 19
    endloop
  endfacet
  facet normal 0.286947011948 -0.708869338036 -0.644333541393
    outer loop
      vertex -28.1825656891 -20.7983436584 22
      vertex -29.1240844727 -23.6795253754 19
      vertex -29.6492652893 -23.445640564 19
    endloop
  endfacet
  facet normal 0.208005234599 0.00255110347643 -0.978124380112
    outer loop
      vertex -30.0213851929 -23.3528137207 13.75
      vertex -30.2115974426 -23.3260574341 19
      vertex -29.6492652893 -23.445640564 19
    endloop
  endfacet
  facet normal 0.146989941597 -0.707550942898 -0.691205918789
    outer loop
      vertex -28.9533157349 -20.5226974487 22
      vertex -29.6492652893 -23.445640564 19
      vertex -30.2115974426 -23.3260574341 19
    endloop
  endfacet
  facet normal 0.0624407827854 -0.00282438029535 -0.998044669628
    outer loop
      vertex -30.6359863281 -23.3143634796 13.75
      vertex -30.2115974426 -23.3260574341 19
      vertex -30.0213851929 -23.3528137207 13.75
    endloop
  endfacet
  facet normal 0.0624410100281 0.000862999761011 -0.998048305511
    outer loop
      vertex -30.0213851929 -23.3528137207 13.75
      vertex -30.5590248108 -23.3116111755 5
      vertex -30.6359863281 -23.3143634796 13.75
    endloop
  endfacet
  facet normal -0.119605816901 -0.000739881768823 -0.992821156979
    outer loop
      vertex -30.6359863281 -23.3143634796 13.75
      vertex -30.5590248108 -23.3116111755 5
      vertex -31.0942401886 -23.3760890961 5
    endloop
  endfacet
  facet normal -0.16121186316 0.00148074526805 -0.98691868782
    outer loop
      vertex -30.6359863281 -23.3143634796 13.75
      vertex -31.0942401886 -23.3760890961 5
      vertex -31.2437362671 -23.4136371613 13.75
    endloop
  endfacet
  facet normal -0.161211565137 -0.00243401224725 -0.986916899681
    outer loop
      vertex -31.2437362671 -23.4136371613 13.75
      vertex -30.7865047455 -23.326002121 19
      vertex -30.6359863281 -23.3143634796 13.75
    endloop
  endfacet
  facet normal -0.207817643881 0.0017710623797 -0.978165984154
    outer loop
      vertex -31.2437362671 -23.4136371613 13.75
      vertex -31.348859787 -23.4454784393 19
      vertex -30.7865047455 -23.326002121 19
    endloop
  endfacet
  facet normal -0.146013393998 -0.71158272028 -0.687262773514
    outer loop
      vertex -31.1806125641 -22.3205375671 20.0519695282
      vertex -30.7865047455 -23.326002121 19
      vertex -31.348859787 -23.4454784393 19
    endloop
  endfacet
  facet normal -0.169066444039 -0.707143783569 -0.686559677124
    outer loop
      vertex -31.1806125641 -22.3205375671 20.0519695282
      vertex -31.348859787 -23.4454784393 19
      vertex -31.5300006866 -22.8013362885 19.6686992645
    endloop
  endfacet
  facet normal -0.477661430836 -0.674082159996 -0.563429474831
    outer loop
      vertex -32.1436080933 -23.6457252502 19.171831131
      vertex -32.339225769 -24.0171413422 19
      vertex -32.4319267273 -24.0424823761 19.0445079803
    endloop
  endfacet
  facet normal -0.399340301752 -0.733687162399 -0.549754917622
    outer loop
      vertex -32.1436080933 -23.6457252502 19.171831131
      vertex -31.8740844727 -23.6792640686 19
      vertex -32.339225769 -24.0171413422 19
    endloop
  endfacet
  facet normal -0.366316646338 -0.695282757282 -0.618380129337
    outer loop
      vertex -31.8468151093 -23.2373046875 19.3787078857
      vertex -31.8740844727 -23.6792640686 19
      vertex -32.1436080933 -23.6457252502 19.171831131
    endloop
  endfacet
  facet normal -0.282291799784 -0.719793915749 -0.634198784828
    outer loop
      vertex -31.8468151093 -23.2373046875 19.3787078857
      vertex -31.348859787 -23.4454784393 19
      vertex -31.8740844727 -23.6792640686 19
    endloop
  endfacet
  facet normal -0.406650155783 0.00120516913012 -0.913583159447
    outer loop
      vertex -31.8141555786 -23.6456623077 13.75
      vertex -31.8740844727 -23.6792640686 19
      vertex -31.348859787 -23.4454784393 19
    endloop
  endfacet
  facet normal -0.573454260826 -0.0013027722016 -0.819236516953
    outer loop
      vertex -32.3186454773 -23.9987983704 13.75
      vertex -31.8740844727 -23.6792640686 19
      vertex -31.8141555786 -23.6456623077 13.75
    endloop
  endfacet
  facet normal -0.57345366478 0.00197594240308 -0.819235622883
    outer loop
      vertex -31.8141555786 -23.6456623077 13.75
      vertex -32.0763969421 -23.8081226349 5
      vertex -32.3186454773 -23.9987983704 13.75
    endloop
  endfacet
  facet normal -0.490430593491 -0.00148230406921 -0.871478974819
    outer loop
      vertex -31.8141555786 -23.6456623077 13.75
      vertex -31.6065940857 -23.5437393188 5
      vertex -32.0763969421 -23.8081226349 5
    endloop
  endfacet
  facet normal 0 1 0
    outer loop
      vertex -35.7933273315 -23.4567661285 5
      vertex -32.0763969421 -23.8081226349 5
      vertex -31.6065940857 -23.5437393188 5
    endloop
  endfacet
  facet normal -0 1 0
    outer loop
      vertex -35.7933273315 -23.4567661285 5
      vertex -31.6065940857 -23.5437393188 5
      vertex -36.1766815186 -22.2666149139 5
    endloop
  endfacet
  facet normal 0 1 -0
    outer loop
      vertex -36.1766815186 -22.2666149139 5
      vertex -36.2153968811 -23.2819404602 5
      vertex -35.7933273315 -23.4567661285 5
    endloop
  endfacet
  facet normal -0.382682263851 0 0.923880040646
    outer loop
      vertex -36.2153968811 -23.2819404602 5
      vertex -36.2153968811 -23.2819404602 5.95848518969e-07
      vertex -35.7933273315 -23.4567661285 5
    endloop
  endfacet
  facet normal -0.382682263851 0 0.923880040646
    outer loop
      vertex -35.7933273315 -23.4567661285 5
      vertex -36.2153968811 -23.2819404602 5.95848518969e-07
      vertex -35.7933273315 -23.4567661285 5.95848518969e-07
    endloop
  endfacet
  facet normal -0.60876095295 0 0.793353676796
    outer loop
      vertex -35.7933273315 -23.4567661285 5
      vertex -35.7933273315 -23.4567661285 5.95848518969e-07
      vertex -35.4308929443 -23.734872818 5
    endloop
  endfacet
  facet normal -0.60876095295 0 0.793353676796
    outer loop
      vertex -35.4308929443 -23.734872818 5
      vertex -35.7933273315 -23.4567661285 5.95848518969e-07
      vertex -35.4308929443 -23.734872818 5.95848518969e-07
    endloop
  endfacet
  facet normal -0.79335308075 0 0.60876172781
    outer loop
      vertex -35.4308929443 -23.734872818 5
      vertex -35.4308929443 -23.734872818 5.95848518969e-07
      vertex -35.1527862549 -24.0973091125 5
    endloop
  endfacet
  facet normal -0 1 0
    outer loop
      vertex -35.1527862549 -24.0973091125 5
      vertex -32.4855957031 -24.1590766907 5
      vertex -35.4308929443 -23.734872818 5
    endloop
  endfacet
  facet normal 0 1 0
    outer loop
      vertex -35.4308929443 -23.734872818 5
      vertex -32.4855957031 -24.1590766907 5
      vertex -32.0763969421 -23.8081226349 5
    endloop
  endfacet
  facet normal -0.79335308075 0 0.60876172781
    outer loop
      vertex -35.1527862549 -24.0973091125 5
      vertex -35.4308929443 -23.734872818 5.95848518969e-07
      vertex -35.1527862549 -24.0973091125 5.95848518969e-07
    endloop
  endfacet
  facet normal -0.923879265785 0 0.382684111595
    outer loop
      vertex -35.1527862549 -24.0973091125 5
      vertex -35.1527862549 -24.0973091125 5.95848518969e-07
      vertex -34.9779586792 -24.5193767548 5
    endloop
  endfacet
  facet normal -0 1 0
    outer loop
      vertex -34.9779586792 -24.5193767548 5
      vertex -32.8184661865 -24.5831184387 5
      vertex -35.1527862549 -24.0973091125 5
    endloop
  endfacet
  facet normal 0 1 0
    outer loop
      vertex -34.9779586792 -24.5193767548 5
      vertex -33.0622138977 -25.0639533997 5
      vertex -32.8184661865 -24.5831184387 5
    endloop
  endfacet
  facet normal -0 1 0
    outer loop
      vertex -34.9183273315 -24.9723091125 5
      vertex -33.0622138977 -25.0639533997 5
      vertex -34.9779586792 -24.5193767548 5
    endloop
  endfacet
  facet normal -0.991444051266 0 0.13053253293
    outer loop
      vertex -34.9779586792 -24.5193767548 5
      vertex -34.9779586792 -24.5193767548 5.95848518969e-07
      vertex -34.9183273315 -24.9723091125 5
    endloop
  endfacet
  facet normal -0.991444051266 0 0.13053253293
    outer loop
      vertex -34.9183273315 -24.9723091125 5
      vertex -34.9779586792 -24.5193767548 5.95848518969e-07
      vertex -34.9183273315 -24.9723091125 5.95848518969e-07
    endloop
  endfacet
  facet normal -0.99144411087 -0 -0.130531847477
    outer loop
      vertex -34.9183273315 -24.9723091125 5
      vertex -34.9183273315 -24.9723091125 5.95848518969e-07
      vertex -34.9779586792 -25.4252433777 5
    endloop
  endfacet
  facet normal -0.99144411087 -0 -0.130531847477
    outer loop
      vertex -34.9779586792 -25.4252433777 5
      vertex -34.9183273315 -24.9723091125 5.95848518969e-07
      vertex -34.9779586792 -25.4252433777 5.95848518969e-07
    endloop
  endfacet
  facet normal -0.923878490925 -0 -0.382685959339
    outer loop
      vertex -34.9779586792 -25.4252433777 5
      vertex -34.9779586792 -25.4252433777 5.95848518969e-07
      vertex -35.1527862549 -25.8473091125 5
    endloop
  endfacet
  facet normal 0 1 0
    outer loop
      vertex -35.1527862549 -25.8473091125 5
      vertex -33.2074737549 -25.5831012726 5
      vertex -34.9779586792 -25.4252433777 5
    endloop
  endfacet
  facet normal -0.923878490925 -0 -0.382685959339
    outer loop
      vertex -35.1527862549 -25.8473091125 5
      vertex -34.9779586792 -25.4252433777 5.95848518969e-07
      vertex -35.1527862549 -25.8473091125 5.95848518969e-07
    endloop
  endfacet
  facet normal -0.793355047703 -0 -0.608759224415
    outer loop
      vertex -35.1527862549 -25.8473091125 5
      vertex -35.1527862549 -25.8473091125 5.95848518969e-07
      vertex -35.4308929443 -26.2097473145 5
    endloop
  endfacet
  facet normal 0 1 0
    outer loop
      vertex -35.4308929443 -26.2097473145 5
      vertex -33.248664856 -26.1206111908 5
      vertex -35.1527862549 -25.8473091125 5
    endloop
  endfacet
  facet normal -0 1 0
    outer loop
      vertex -35.4308929443 -26.2097473145 5
      vertex -33.1842002869 -26.655828476 5
      vertex -33.248664856 -26.1206111908 5
    endloop
  endfacet
  facet normal -0 1 0
    outer loop
      vertex -35.7933273315 -26.4878540039 5
      vertex -33.1842002869 -26.655828476 5
      vertex -35.4308929443 -26.2097473145 5
    endloop
  endfacet
  facet normal -0.60876095295 -0 -0.793353676796
    outer loop
      vertex -35.4308929443 -26.2097473145 5
      vertex -35.4308929443 -26.2097473145 5.95848518969e-07
      vertex -35.7933273315 -26.4878540039 5
    endloop
  endfacet
  facet normal -0.60876095295 -0 -0.793353676796
    outer loop
      vertex -35.7933273315 -26.4878540039 5
      vertex -35.4308929443 -26.2097473145 5.95848518969e-07
      vertex -35.7933273315 -26.4878540039 5.95848518969e-07
    endloop
  endfacet
  facet normal -0.382682263851 -0 -0.923880040646
    outer loop
      vertex -35.7933273315 -26.4878540039 5
      vertex -35.7933273315 -26.4878540039 5.95848518969e-07
      vertex -36.2153968811 -26.6626796722 5
    endloop
  endfacet
  facet normal -0 1 0
    outer loop
      vertex -36.2153968811 -26.6626796722 5
      vertex -33.0165634155 -27.1681861877 5
      vertex -35.7933273315 -26.4878540039 5
    endloop
  endfacet
  facet normal 0 1 0
    outer loop
      vertex -37.1317596436 -27.6829795837 5
      vertex -33.0165634155 -27.1681861877 5
      vertex -36.2153968811 -26.6626796722 5
    endloop
  endfacet
  facet normal -0 1 -0
    outer loop
      vertex -36.6683273315 -26.7223091125 5
      vertex -37.1317596436 -27.6829795837 5
      vertex -36.2153968811 -26.6626796722 5
    endloop
  endfacet
  facet normal -0.130528062582 -0 -0.991444587708
    outer loop
      vertex -36.2153968811 -26.6626796722 5
      vertex -36.2153968811 -26.6626796722 5.95848518969e-07
      vertex -36.6683273315 -26.7223091125 5
    endloop
  endfacet
  facet normal -0.130528062582 -0 -0.991444587708
    outer loop
      vertex -36.6683273315 -26.7223091125 5
      vertex -36.2153968811 -26.6626796722 5.95848518969e-07
      vertex -36.6683273315 -26.7223091125 5.95848518969e-07
    endloop
  endfacet
  facet normal 0.130526691675 0 -0.991444766521
    outer loop
      vertex -36.6683273315 -26.7223091125 5
      vertex -36.6683273315 -26.7223091125 5.95848518969e-07
      vertex -37.1212615967 -26.6626796722 5
    endloop
  endfacet
  facet normal 0 1 -0
    outer loop
      vertex -37.1212615967 -26.6626796722 5
      vertex -37.6869888306 -27.5266838074 5
      vertex -36.6683273315 -26.7223091125 5
    endloop
  endfacet
  facet normal 0 1 0
    outer loop
      vertex -37.1212615967 -26.6626796722 5
      vertex -38.1973991394 -27.2580127716 5
      vertex -37.6869888306 -27.5266838074 5
    endloop
  endfacet
  facet normal -0.465793013573 -1.74196356966e-05 0.884893715382
    outer loop
      vertex -37.6862106323 -27.5269966125 5.95848518969e-07
      vertex -37.6869888306 -27.5266838074 5
      vertex -38.1973991394 -27.2580127716 5
    endloop
  endfacet
  facet normal -0.468410491943 -0.000359415222192 0.883510887623
    outer loop
      vertex -38.1973991394 -27.2580127716 5
      vertex -38.2115936279 -27.2484550476 5.95848518969e-07
      vertex -37.6862106323 -27.5269966125 5.95848518969e-07
    endloop
  endfacet
  facet normal 0 -1 0
    outer loop
      vertex -38.2115936279 -27.2484550476 5.95848518969e-07
      vertex -37.5433273315 -26.4878540039 5.95848518969e-07
      vertex -37.6862106323 -27.5269966125 5.95848518969e-07
    endloop
  endfacet
  facet normal 0 -1 0
    outer loop
      vertex -37.6862106323 -27.5269966125 5.95848518969e-07
      vertex -37.5433273315 -26.4878540039 5.95848518969e-07
      vertex -37.1212615967 -26.6626796722 5.95848518969e-07
    endloop
  endfacet
  facet normal 0 -1 0
    outer loop
      vertex -37.6862106323 -27.5269966125 5.95848518969e-07
      vertex -37.1212615967 -26.6626796722 5.95848518969e-07
      vertex -37.1132278442 -27.68608284 5.95848518969e-07
    endloop
  endfacet
  facet normal -0.267527192831 -0.000787200930063 0.963549971581
    outer loop
      vertex -37.1132278442 -27.68608284 5.95848518969e-07
      vertex -37.1317596436 -27.6829795837 2.5
      vertex -37.6862106323 -27.5269966125 5.95848518969e-07
    endloop
  endfacet
  facet normal -0.0574670545757 0.000813226273749 0.998347043991
    outer loop
      vertex -37.1132278442 -27.68608284 5.95848518969e-07
      vertex -36.5190048218 -27.718252182 2.5
      vertex -37.1317596436 -27.6829795837 2.5
    endloop
  endfacet
  facet normal 0 -1 0
    outer loop
      vertex -37.1317596436 -27.6829795837 2.5
      vertex -36.5190048218 -27.718252182 2.5
      vertex -30.9772396088 -28.769115448 2.5
    endloop
  endfacet
  facet normal -0.173792004585 7.47303023347e-17 0.984782397747
    outer loop
      vertex -30.9772396088 -28.769115448 2.5
      vertex -37.1317596436 -27.6829795837 5
      vertex -37.1317596436 -27.6829795837 2.5
    endloop
  endfacet
  facet normal -0.270966470242 0 0.962588787079
    outer loop
      vertex -37.1317596436 -27.6829795837 2.5
      vertex -37.1317596436 -27.6829795837 5
      vertex -37.6869888306 -27.5266838074 5
    endloop
  endfacet
  facet normal 0 -1 0
    outer loop
      vertex -30.9772396088 -28.769115448 2.5
      vertex -29.9043960571 -28.7458438873 2.5
      vertex -30.4396724701 -28.8103179932 2.5
    endloop
  endfacet
  facet normal 0 -1 0
    outer loop
      vertex -30.9772396088 -28.769115448 2.5
      vertex -29.3919868469 -28.5781726837 2.5
      vertex -29.9043960571 -28.7458438873 2.5
    endloop
  endfacet
  facet normal 0 -1 0
    outer loop
      vertex -28.9221401215 -28.313747406 2.5
      vertex -29.3919868469 -28.5781726837 2.5
      vertex -30.9772396088 -28.769115448 2.5
    endloop
  endfacet
  facet normal 0 -1 0
    outer loop
      vertex -30.9772396088 -28.769115448 2.5
      vertex -28.5129146576 -27.9627342224 2.5
      vertex -28.9221401215 -28.313747406 2.5
    endloop
  endfacet
  facet normal 0.891982555389 -0.000578490435146 0.452069401741
    outer loop
      vertex -28.1800384521 -27.5386238098 2.5
      vertex -27.9363079071 -27.0577163696 2.5
      vertex -27.9654083252 -27.1295318604 13.75
    endloop
  endfacet
  facet normal 0 -1 0
    outer loop
      vertex -34.133480072 -26.0386314392 2.5
      vertex -27.9363079071 -27.0577163696 2.5
      vertex -28.1800384521 -27.5386238098 2.5
    endloop
  endfacet
  facet normal 0 -1 0
    outer loop
      vertex -34.133480072 -26.0386314392 2.5
      vertex -28.1800384521 -27.5386238098 2.5
      vertex -30.9772396088 -28.769115448 2.5
    endloop
  endfacet
  facet normal 0 -1 0
    outer loop
      vertex -30.9772396088 -28.769115448 2.5
      vertex -34.4331207275 -26.5742912292 2.5
      vertex -34.133480072 -26.0386314392 2.5
    endloop
  endfacet
  facet normal 0.872728228569 0.00363695295528 0.488192766905
    outer loop
      vertex -34.1724967957 -26.1270046234 5.95848518969e-07
      vertex -34.133480072 -26.0386314392 2.5
      vertex -34.4331207275 -26.5742912292 2.5
    endloop
  endfacet
  facet normal 0.856854319572 -0.00291257724166 0.515550374985
    outer loop
      vertex -34.1724967957 -26.1270046234 5.95848518969e-07
      vertex -34.4331207275 -26.5742912292 2.5
      vertex -34.4790725708 -26.6365413666 5.95848518969e-07
    endloop
  endfacet
  facet normal 0 -1 -0
    outer loop
      vertex -34.4790725708 -26.6365413666 5.95848518969e-07
      vertex -35.1527862549 -25.8473091125 5.95848518969e-07
      vertex -34.1724967957 -26.1270046234 5.95848518969e-07
    endloop
  endfacet
  facet normal 0 -1 0
    outer loop
      vertex -34.4790725708 -26.6365413666 5.95848518969e-07
      vertex -35.4308929443 -26.2097473145 5.95848518969e-07
      vertex -35.1527862549 -25.8473091125 5.95848518969e-07
    endloop
  endfacet
  facet normal 0 -1 -0
    outer loop
      vertex -34.8880157471 -27.0682563782 5.95848518969e-07
      vertex -35.4308929443 -26.2097473145 5.95848518969e-07
      vertex -34.4790725708 -26.6365413666 5.95848518969e-07
    endloop
  endfacet
  facet normal 0.725993156433 -0.00226915115491 0.687698185444
    outer loop
      vertex -34.4790725708 -26.6365413666 5.95848518969e-07
      vertex -34.8441047668 -27.0301494598 2.5
      vertex -34.8880157471 -27.0682563782 5.95848518969e-07
    endloop
  endfacet
  facet normal 0.57570630312 0.00235135108232 0.817653179169
    outer loop
      vertex -34.8880157471 -27.0682563782 5.95848518969e-07
      vertex -34.8441047668 -27.0301494598 2.5
      vertex -35.3459587097 -27.3835010529 2.5
    endloop
  endfacet
  facet normal 0.561184763908 -0.0015741760144 0.827689051628
    outer loop
      vertex -34.8880157471 -27.0682563782 5.95848518969e-07
      vertex -35.3459587097 -27.3835010529 2.5
      vertex -35.3802070618 -27.4019680023 5.95848518969e-07
    endloop
  endfacet
  facet normal 0 -1 -0
    outer loop
      vertex -35.3802070618 -27.4019680023 5.95848518969e-07
      vertex -35.7933273315 -26.4878540039 5.95848518969e-07
      vertex -34.8880157471 -27.0682563782 5.95848518969e-07
    endloop
  endfacet
  facet normal 0 -1 0
    outer loop
      vertex -35.3802070618 -27.4019680023 5.95848518969e-07
      vertex -36.2153968811 -26.6626796722 5.95848518969e-07
      vertex -35.7933273315 -26.4878540039 5.95848518969e-07
    endloop
  endfacet
  facet normal 0 -1 -0
    outer loop
      vertex -35.9326248169 -27.6220722198 5.95848518969e-07
      vertex -36.2153968811 -26.6626796722 5.95848518969e-07
      vertex -35.3802070618 -27.4019680023 5.95848518969e-07
    endloop
  endfacet
  facet normal 0.3701402843 -0.000823011912871 0.928975522518
    outer loop
      vertex -35.3802070618 -27.4019680023 5.95848518969e-07
      vertex -35.913684845 -27.6167411804 2.5
      vertex -35.9326248169 -27.6220722198 5.95848518969e-07
    endloop
  endfacet
  facet normal 0.165387779474 0.000850343960337 0.986228227615
    outer loop
      vertex -35.9326248169 -27.6220722198 5.95848518969e-07
      vertex -35.913684845 -27.6167411804 2.5
      vertex -36.5190048218 -27.718252182 2.5
    endloop
  endfacet
  facet normal 0.161783203483 -1.81287068699e-05 0.986826300621
    outer loop
      vertex -35.9326248169 -27.6220722198 5.95848518969e-07
      vertex -36.5190048218 -27.718252182 2.5
      vertex -36.5194473267 -27.7182788849 5.95848518969e-07
    endloop
  endfacet
  facet normal 0 -1 0
    outer loop
      vertex -36.5194473267 -27.7182788849 5.95848518969e-07
      vertex -36.2153968811 -26.6626796722 5.95848518969e-07
      vertex -35.9326248169 -27.6220722198 5.95848518969e-07
    endloop
  endfacet
  facet normal 0.380010634661 0.00162642437499 0.924980700016
    outer loop
      vertex -35.3802070618 -27.4019680023 5.95848518969e-07
      vertex -35.3459587097 -27.3835010529 2.5
      vertex -35.913684845 -27.6167411804 2.5
    endloop
  endfacet
  facet normal 0 -1 0
    outer loop
      vertex -30.9772396088 -28.769115448 2.5
      vertex -35.913684845 -27.6167411804 2.5
      vertex -35.3459587097 -27.3835010529 2.5
    endloop
  endfacet
  facet normal 0 -1 0
    outer loop
      vertex -35.3459587097 -27.3835010529 2.5
      vertex -34.8441047668 -27.0301494598 2.5
      vertex -30.9772396088 -28.769115448 2.5
    endloop
  endfacet
  facet normal 0.74271351099 0.00302127888426 0.669602513313
    outer loop
      vertex -34.4790725708 -26.6365413666 5.95848518969e-07
      vertex -34.4331207275 -26.5742912292 2.5
      vertex -34.8441047668 -27.0301494598 2.5
    endloop
  endfacet
  facet normal 0.94764816761 -0.00350270420313 0.319297254086
    outer loop
      vertex -33.982624054 -25.5634784698 5.95848518969e-07
      vertex -34.133480072 -26.0386314392 2.5
      vertex -34.1724967957 -26.1270046234 5.95848518969e-07
    endloop
  endfacet
  facet normal 0 -1 -0
    outer loop
      vertex -34.1724967957 -26.1270046234 5.95848518969e-07
      vertex -34.9779586792 -25.4252433777 5.95848518969e-07
      vertex -33.982624054 -25.5634784698 5.95848518969e-07
    endloop
  endfacet
  facet normal 0.959268629551 0.0041990452446 0.282464176416
    outer loop
      vertex -33.982624054 -25.5634784698 5.95848518969e-07
      vertex -33.9601097107 -25.4498558044 2.5
      vertex -34.133480072 -26.0386314392 2.5
    endloop
  endfacet
  facet normal 0.994129419327 -0.00403851969168 0.10812202096
    outer loop
      vertex -33.9183273315 -24.9723091125 5.95848518969e-07
      vertex -33.9601097107 -25.4498558044 2.5
      vertex -33.982624054 -25.5634784698 5.95848518969e-07
    endloop
  endfacet
  facet normal 0 -1 0
    outer loop
      vertex -34.9183273315 -24.9723091125 5.95848518969e-07
      vertex -33.9183273315 -24.9723091125 5.95848518969e-07
      vertex -33.982624054 -25.5634784698 5.95848518969e-07
    endloop
  endfacet
  facet normal 0 -1 0
    outer loop
      vertex -34.9183273315 -24.9723091125 5.95848518969e-07
      vertex -33.982624054 -24.3811416626 5.95848518969e-07
      vertex -33.9183273315 -24.9723091125 5.95848518969e-07
    endloop
  endfacet
  facet normal 0.994127333164 -0.00451953383163 -0.108122229576
    outer loop
      vertex -33.982624054 -24.3811416626 5.95848518969e-07
      vertex -33.9216461182 -24.8372936249 2.5
      vertex -33.9183273315 -24.9723091125 5.95848518969e-07
    endloop
  endfacet
  facet normal 0.987063229084 0.00516371941194 -0.160248428583
    outer loop
      vertex -33.9216461182 -24.8372936249 2.5
      vertex -33.982624054 -24.3811416626 5.95848518969e-07
      vertex -34.0200042725 -24.2314529419 2.5
    endloop
  endfacet
  facet normal 0 -1 0
    outer loop
      vertex -30.0214729309 -23.3525695801 2.5
      vertex -33.9216461182 -24.8372936249 2.5
      vertex -34.0200042725 -24.2314529419 2.5
    endloop
  endfacet
  facet normal 0 -1 -0
    outer loop
      vertex -34.0200042725 -24.2314529419 2.5
      vertex -34.2502822876 -23.662519455 2.5
      vertex -30.0214729309 -23.3525695801 2.5
    endloop
  endfacet
  facet normal -0 -1 0
    outer loop
      vertex -30.0214729309 -23.3525695801 2.5
      vertex -34.2502822876 -23.662519455 2.5
      vertex -34.6010131836 -23.15883255 2.5
    endloop
  endfacet
  facet normal 0 -1 0
    outer loop
      vertex -30.0214729309 -23.3525695801 2.5
      vertex -34.6010131836 -23.15883255 2.5
      vertex -35.054725647 -22.7454776764 2.5
    endloop
  endfacet
  facet normal 0 -1 -0
    outer loop
      vertex -35.054725647 -22.7454776764 2.5
      vertex -35.5888175964 -22.4430484772 2.5
      vertex -30.0214729309 -23.3525695801 2.5
    endloop
  endfacet
  facet normal 0 -1 0
    outer loop
      vertex -30.0214729309 -23.3525695801 2.5
      vertex -35.5888175964 -22.4430484772 2.5
      vertex -36.1766815186 -22.2666149139 2.5
    endloop
  endfacet
  facet normal 0.173745289445 0 -0.984790623188
    outer loop
      vertex -36.1766815186 -22.2666149139 2.5
      vertex -30.0214729309 -23.3525695801 5
      vertex -30.0214729309 -23.3525695801 2.5
    endloop
  endfacet
  facet normal 0.269428759813 0 -0.963020324707
    outer loop
      vertex -30.0214729309 -23.3525695801 2.5
      vertex -30.0214729309 -23.3525695801 5
      vertex -29.5023441315 -23.4978084564 2.5
    endloop
  endfacet
  facet normal 0.173745289445 0 -0.984790623188
    outer loop
      vertex -36.1766815186 -22.2666149139 5
      vertex -30.0214729309 -23.3525695801 5
      vertex -36.1766815186 -22.2666149139 2.5
    endloop
  endfacet
  facet normal 0.116690576077 0 -0.99316829443
    outer loop
      vertex -36.1766815186 -22.2666149139 2.5
      vertex -36.5194473267 -22.2263431549 5.95848518969e-07
      vertex -36.1766815186 -22.2666149139 5
    endloop
  endfacet
  facet normal 0.0746097117662 0.00291731744073 -0.997208535671
    outer loop
      vertex -36.1766815186 -22.2666149139 5
      vertex -36.5194473267 -22.2263431549 5.95848518969e-07
      vertex -36.7518806458 -22.2235794067 5
    endloop
  endfacet
  facet normal 0 1 0
    outer loop
      vertex -36.7518806458 -22.2235794067 5
      vertex -36.6683273315 -23.2223072052 5
      vertex -36.1766815186 -22.2666149139 5
    endloop
  endfacet
  facet normal 0 1 -0
    outer loop
      vertex -36.7518806458 -22.2235794067 5
      vertex -37.3234024048 -22.3014717102 5
      vertex -36.6683273315 -23.2223072052 5
    endloop
  endfacet
  facet normal 0 1 0
    outer loop
      vertex -36.6683273315 -23.2223072052 5
      vertex -37.3234024048 -22.3014717102 5
      vertex -37.1212615967 -23.2819404602 5
    endloop
  endfacet
  facet normal 0.130531847477 0 0.99144411087
    outer loop
      vertex -37.1212615967 -23.2819404602 5
      vertex -37.1212615967 -23.2819404602 5.95848518969e-07
      vertex -36.6683273315 -23.2223072052 5
    endloop
  endfacet
  facet normal 0.130531847477 0 0.99144411087
    outer loop
      vertex -36.6683273315 -23.2223072052 5
      vertex -37.1212615967 -23.2819404602 5.95848518969e-07
      vertex -36.6683273315 -23.2223072052 5.95848518969e-07
    endloop
  endfacet
  facet normal -0.130533218384 0 0.991443932056
    outer loop
      vertex -36.6683273315 -23.2223072052 5
      vertex -36.6683273315 -23.2223072052 5.95848518969e-07
      vertex -36.2153968811 -23.2819404602 5
    endloop
  endfacet
  facet normal 0 -1 0
    outer loop
      vertex -37.1132278442 -22.2585372925 5.95848518969e-07
      vertex -36.6683273315 -23.2223072052 5.95848518969e-07
      vertex -37.1212615967 -23.2819404602 5.95848518969e-07
    endloop
  endfacet
  facet normal 0 -1 0
    outer loop
      vertex -37.1132278442 -22.2585372925 5.95848518969e-07
      vertex -37.1212615967 -23.2819404602 5.95848518969e-07
      vertex -37.6862106323 -22.4176235199 5.95848518969e-07
    endloop
  endfacet
  facet normal -0.267526090145 -0.00297147128731 -0.963546037674
    outer loop
      vertex -37.3234024048 -22.3014717102 5
      vertex -37.1132278442 -22.2585372925 5.95848518969e-07
      vertex -37.6862106323 -22.4176235199 5.95848518969e-07
    endloop
  endfacet
  facet normal -0.338745266199 0.00272299372591 -0.940874159336
    outer loop
      vertex -37.3234024048 -22.3014717102 5
      vertex -37.6862106323 -22.4176235199 5.95848518969e-07
      vertex -37.8661079407 -22.4968643188 5
    endloop
  endfacet
  facet normal -0.468408614397 -0.00285135651939 -0.883507370949
    outer loop
      vertex -37.8661079407 -22.4968643188 5
      vertex -37.6862106323 -22.4176235199 5.95848518969e-07
      vertex -38.2115936279 -22.6961650848 5.95848518969e-07
    endloop
  endfacet
  facet normal -0.527559399605 0.0025907792151 -0.849514186382
    outer loop
      vertex -37.8661079407 -22.4968643188 5
      vertex -38.2115936279 -22.6961650848 5.95848518969e-07
      vertex -38.3561134338 -22.8011627197 5
    endloop
  endfacet
  facet normal 0 1 0
    outer loop
      vertex -37.1212615967 -23.2819404602 5
      vertex -37.8661079407 -22.4968643188 5
      vertex -38.3561134338 -22.8011627197 5
    endloop
  endfacet
  facet normal 0 1 0
    outer loop
      vertex -37.1212615967 -23.2819404602 5
      vertex -38.3561134338 -22.8011627197 5
      vertex -37.5433273315 -23.4567661285 5
    endloop
  endfacet
  facet normal 0.382685959339 0 0.923878490925
    outer loop
      vertex -37.5433273315 -23.4567661285 5
      vertex -37.5433273315 -23.4567661285 5.95848518969e-07
      vertex -37.1212615967 -23.2819404602 5
    endloop
  endfacet
  facet normal 0.608755886555 0 0.793357551098
    outer loop
      vertex -37.5433273315 -23.4567661285 5
      vertex -37.9057655334 -23.734872818 5.95848518969e-07
      vertex -37.5433273315 -23.4567661285 5.95848518969e-07
    endloop
  endfacet
  facet normal 0 -1 0
    outer loop
      vertex -38.2115936279 -22.6961650848 5.95848518969e-07
      vertex -37.5433273315 -23.4567661285 5.95848518969e-07
      vertex -37.9057655334 -23.734872818 5.95848518969e-07
    endloop
  endfacet
  facet normal 0 -1 0
    outer loop
      vertex -38.2115936279 -22.6961650848 5.95848518969e-07
      vertex -37.9057655334 -23.734872818 5.95848518969e-07
      vertex -38.6648178101 -23.0811347961 5.95848518969e-07
    endloop
  endfacet
  facet normal 0 -1 0
    outer loop
      vertex -38.6648178101 -23.0811347961 5.95848518969e-07
      vertex -37.9057655334 -23.734872818 5.95848518969e-07
      vertex -38.1838722229 -24.0973091125 5.95848518969e-07
    endloop
  endfacet
  facet normal 0 -1 0
    outer loop
      vertex -38.6648178101 -23.0811347961 5.95848518969e-07
      vertex -38.1838722229 -24.0973091125 5.95848518969e-07
      vertex -39.024684906 -23.5545368195 5.95848518969e-07
    endloop
  endfacet
  facet normal -0.7960922122 -0.00253985030577 -0.60517001152
    outer loop
      vertex -38.7718696594 -23.2009792328 5
      vertex -38.6648178101 -23.0811347961 5.95848518969e-07
      vertex -39.024684906 -23.5545368195 5.95848518969e-07
    endloop
  endfacet
  facet normal -0.828255414963 0.00225598062389 -0.560346245766
    outer loop
      vertex -38.7718696594 -23.2009792328 5
      vertex -39.024684906 -23.5545368195 5.95848518969e-07
      vertex -39.0950813293 -23.6787223816 5
    endloop
  endfacet
  facet normal 0 1 0
    outer loop
      vertex -37.9057655334 -23.734872818 5
      vertex -38.7718696594 -23.2009792328 5
      vertex -39.0950813293 -23.6787223816 5
    endloop
  endfacet
  facet normal 0 1 0
    outer loop
      vertex -37.9057655334 -23.734872818 5
      vertex -39.0950813293 -23.6787223816 5
      vertex -38.1838722229 -24.0973091125 5
    endloop
  endfacet
  facet normal 0.793355643749 0 0.608758449554
    outer loop
      vertex -38.1838722229 -24.0973091125 5
      vertex -38.1838722229 -24.0973091125 5.95848518969e-07
      vertex -37.9057655334 -23.734872818 5
    endloop
  endfacet
  facet normal 0.923877418041 0 0.382688581944
    outer loop
      vertex -38.1838722229 -24.0973091125 5
      vertex -38.3586997986 -24.5193767548 5.95848518969e-07
      vertex -38.1838722229 -24.0973091125 5.95848518969e-07
    endloop
  endfacet
  facet normal 0 -1 0
    outer loop
      vertex -39.2743759155 -24.0942306519 5.95848518969e-07
      vertex -38.1838722229 -24.0973091125 5.95848518969e-07
      vertex -38.3586997986 -24.5193767548 5.95848518969e-07
    endloop
  endfacet
  facet normal 0 -1 0
    outer loop
      vertex -39.2743759155 -24.0942306519 5.95848518969e-07
      vertex -38.3586997986 -24.5193767548 5.95848518969e-07
      vertex -39.4022102356 -24.6749820709 5.95848518969e-07
    endloop
  endfacet
  facet normal -0.976617872715 -0.00213457178324 -0.214971914887
    outer loop
      vertex -39.3115310669 -24.2133789062 5
      vertex -39.2743759155 -24.0942306519 5.95848518969e-07
      vertex -39.4022102356 -24.6749820709 5.95848518969e-07
    endloop
  endfacet
  facet normal -0.984804391861 0.0018280770164 -0.173657536507
    outer loop
      vertex -39.3115310669 -24.2133789062 5
      vertex -39.4022102356 -24.6749820709 5.95848518969e-07
      vertex -39.4116973877 -24.7814178467 5
    endloop
  endfacet
  facet normal 0 1 0
    outer loop
      vertex -38.3586997986 -24.5193767548 5
      vertex -39.3115310669 -24.2133789062 5
      vertex -39.4116973877 -24.7814178467 5
    endloop
  endfacet
  facet normal 0 1 0
    outer loop
      vertex -38.3586997986 -24.5193767548 5
      vertex -39.4116973877 -24.7814178467 5
      vertex -38.4183273315 -24.9723091125 5
    endloop
  endfacet
  facet normal 0.991446077824 0 0.130517065525
    outer loop
      vertex -38.4183273315 -24.9723091125 5
      vertex -38.4183273315 -24.9723091125 5.95848518969e-07
      vertex -38.3586997986 -24.5193767548 5
    endloop
  endfacet
  facet normal 0.991446077824 0 0.130517065525
    outer loop
      vertex -38.3586997986 -24.5193767548 5
      vertex -38.4183273315 -24.9723091125 5.95848518969e-07
      vertex -38.3586997986 -24.5193767548 5.95848518969e-07
    endloop
  endfacet
  facet normal 0.991446137428 0 -0.130516380072
    outer loop
      vertex -38.4183273315 -24.9723091125 5
      vertex -38.3586997986 -25.4252433777 5.95848518969e-07
      vertex -38.4183273315 -24.9723091125 5.95848518969e-07
    endloop
  endfacet
  facet normal 0 -1 0
    outer loop
      vertex -39.4022102356 -25.2696380615 5.95848518969e-07
      vertex -38.4183273315 -24.9723091125 5.95848518969e-07
      vertex -38.3586997986 -25.4252433777 5.95848518969e-07
    endloop
  endfacet
  facet normal 0 -1 0
    outer loop
      vertex -39.4022102356 -25.2696380615 5.95848518969e-07
      vertex -38.3586997986 -25.4252433777 5.95848518969e-07
      vertex -39.2743759155 -25.8503894806 5.95848518969e-07
    endloop
  endfacet
  facet normal -0.976618826389 -0.00163618230727 0.214972123504
    outer loop
      vertex -39.391166687 -25.3578586578 5
      vertex -39.4022102356 -25.2696380615 5.95848518969e-07
      vertex -39.2743759155 -25.8503894806 5.95848518969e-07
    endloop
  endfacet
  facet normal -0.969959080219 0.00130636326503 0.243264585733
    outer loop
      vertex -39.391166687 -25.3578586578 5
      vertex -39.2743759155 -25.8503894806 5.95848518969e-07
      vertex -39.2508506775 -25.917339325 5
    endloop
  endfacet
  facet normal 0 1 0
    outer loop
      vertex -38.3586997986 -25.4252433777 5
      vertex -39.391166687 -25.3578586578 5
      vertex -39.2508506775 -25.917339325 5
    endloop
  endfacet
  facet normal 0 1 -0
    outer loop
      vertex -38.3586997986 -25.4252433777 5
      vertex -39.2508506775 -25.917339325 5
      vertex -38.1838722229 -25.8473091125 5
    endloop
  endfacet
  facet normal 0.923876643181 0 -0.382690429688
    outer loop
      vertex -38.1838722229 -25.8473091125 5
      vertex -38.1838722229 -25.8473091125 5.95848518969e-07
      vertex -38.3586997986 -25.4252433777 5
    endloop
  endfacet
  facet normal 0.923876643181 0 -0.382690429688
    outer loop
      vertex -38.3586997986 -25.4252433777 5
      vertex -38.1838722229 -25.8473091125 5.95848518969e-07
      vertex -38.3586997986 -25.4252433777 5.95848518969e-07
    endloop
  endfacet
  facet normal 0.793357551098 0 -0.608755886555
    outer loop
      vertex -38.1838722229 -25.8473091125 5
      vertex -37.9057655334 -26.2097473145 5.95848518969e-07
      vertex -38.1838722229 -25.8473091125 5.95848518969e-07
    endloop
  endfacet
  facet normal 0 -1 0
    outer loop
      vertex -38.6648178101 -26.8634815216 5.95848518969e-07
      vertex -38.1838722229 -25.8473091125 5.95848518969e-07
      vertex -37.9057655334 -26.2097473145 5.95848518969e-07
    endloop
  endfacet
  facet normal 0 -1 0
    outer loop
      vertex -38.6648178101 -26.8634815216 5.95848518969e-07
      vertex -37.9057655334 -26.2097473145 5.95848518969e-07
      vertex -38.2115936279 -27.2484550476 5.95848518969e-07
    endloop
  endfacet
  facet normal -0.647386074066 -0.000713935820386 0.762161910534
    outer loop
      vertex -38.6405410767 -26.8887844086 5
      vertex -38.6648178101 -26.8634815216 5.95848518969e-07
      vertex -38.2115936279 -27.2484550476 5.95848518969e-07
    endloop
  endfacet
  facet normal -0.786302030087 0.000690835004207 0.617841959
    outer loop
      vertex -38.9969177246 -26.4352416992 5
      vertex -38.6648178101 -26.8634815216 5.95848518969e-07
      vertex -38.6405410767 -26.8887844086 5
    endloop
  endfacet
  facet normal 0 1 0
    outer loop
      vertex -37.9057655334 -26.2097473145 5
      vertex -38.9969177246 -26.4352416992 5
      vertex -38.6405410767 -26.8887844086 5
    endloop
  endfacet
  facet normal 0 1 -0
    outer loop
      vertex -37.9057655334 -26.2097473145 5
      vertex -38.6405410767 -26.8887844086 5
      vertex -37.5433273315 -26.4878540039 5
    endloop
  endfacet
  facet normal 0.608755886555 0 -0.793357551098
    outer loop
      vertex -37.5433273315 -26.4878540039 5
      vertex -37.5433273315 -26.4878540039 5.95848518969e-07
      vertex -37.9057655334 -26.2097473145 5
    endloop
  endfacet
  facet normal 0.608755886555 0 -0.793357551098
    outer loop
      vertex -37.9057655334 -26.2097473145 5
      vertex -37.5433273315 -26.4878540039 5.95848518969e-07
      vertex -37.9057655334 -26.2097473145 5.95848518969e-07
    endloop
  endfacet
  facet normal 0 1 0
    outer loop
      vertex -37.5433273315 -26.4878540039 5
      vertex -38.6405410767 -26.8887844086 5
      vertex -38.1973991394 -27.2580127716 5
    endloop
  endfacet
  facet normal 0 1 -0
    outer loop
      vertex -38.1838722229 -25.8473091125 5
      vertex -38.9969177246 -26.4352416992 5
      vertex -37.9057655334 -26.2097473145 5
    endloop
  endfacet
  facet normal -0.796092867851 -0.0010444970103 0.605173587799
    outer loop
      vertex -38.9969177246 -26.4352416992 5
      vertex -39.024684906 -26.390083313 5.95848518969e-07
      vertex -38.6648178101 -26.8634815216 5.95848518969e-07
    endloop
  endfacet
  facet normal -0.897879421711 0.00101043446921 0.440240263939
    outer loop
      vertex -39.2508506775 -25.917339325 5
      vertex -39.024684906 -26.390083313 5.95848518969e-07
      vertex -38.9969177246 -26.4352416992 5
    endloop
  endfacet
  facet normal 0 -1 0
    outer loop
      vertex -39.024684906 -26.390083313 5.95848518969e-07
      vertex -38.1838722229 -25.8473091125 5.95848518969e-07
      vertex -38.6648178101 -26.8634815216 5.95848518969e-07
    endloop
  endfacet
  facet normal 0 -1 0
    outer loop
      vertex -39.2743759155 -25.8503894806 5.95848518969e-07
      vertex -38.1838722229 -25.8473091125 5.95848518969e-07
      vertex -39.024684906 -26.390083313 5.95848518969e-07
    endloop
  endfacet
  facet normal 0.793357551098 0 -0.608755886555
    outer loop
      vertex -37.9057655334 -26.2097473145 5
      vertex -37.9057655334 -26.2097473145 5.95848518969e-07
      vertex -38.1838722229 -25.8473091125 5
    endloop
  endfacet
  facet normal 0 1 0
    outer loop
      vertex -38.1838722229 -25.8473091125 5
      vertex -39.2508506775 -25.917339325 5
      vertex -38.9969177246 -26.4352416992 5
    endloop
  endfacet
  facet normal 0 1 -0
    outer loop
      vertex -38.4183273315 -24.9723091125 5
      vertex -39.391166687 -25.3578586578 5
      vertex -38.3586997986 -25.4252433777 5
    endloop
  endfacet
  facet normal -0.90757381916 -0.00135212577879 0.41989043355
    outer loop
      vertex -39.2508506775 -25.917339325 5
      vertex -39.2743759155 -25.8503894806 5.95848518969e-07
      vertex -39.024684906 -26.390083313 5.95848518969e-07
    endloop
  endfacet
  facet normal -0.999365210533 0.00157907383982 0.0355913117528
    outer loop
      vertex -39.4116973877 -24.7814178467 5
      vertex -39.4022102356 -25.2696380615 5.95848518969e-07
      vertex -39.391166687 -25.3578586578 5
    endloop
  endfacet
  facet normal 0 -1 0
    outer loop
      vertex -39.2743759155 -25.8503894806 5.95848518969e-07
      vertex -38.3586997986 -25.4252433777 5.95848518969e-07
      vertex -38.1838722229 -25.8473091125 5.95848518969e-07
    endloop
  endfacet
  facet normal 0 -1 0
    outer loop
      vertex -39.4022102356 -24.6749820709 5.95848518969e-07
      vertex -38.4183273315 -24.9723091125 5.95848518969e-07
      vertex -39.4022102356 -25.2696380615 5.95848518969e-07
    endloop
  endfacet
  facet normal 0.991446137428 0 -0.130516380072
    outer loop
      vertex -38.3586997986 -25.4252433777 5
      vertex -38.3586997986 -25.4252433777 5.95848518969e-07
      vertex -38.4183273315 -24.9723091125 5
    endloop
  endfacet
  facet normal 0 1 0
    outer loop
      vertex -38.4183273315 -24.9723091125 5
      vertex -39.4116973877 -24.7814178467 5
      vertex -39.391166687 -25.3578586578 5
    endloop
  endfacet
  facet normal 0 1 0
    outer loop
      vertex -38.1838722229 -24.0973091125 5
      vertex -39.3115310669 -24.2133789062 5
      vertex -38.3586997986 -24.5193767548 5
    endloop
  endfacet
  facet normal -0.999998211861 -0.00189740769565 1.8323334766e-18
    outer loop
      vertex -39.4116973877 -24.7814178467 5
      vertex -39.4022102356 -24.6749820709 5.95848518969e-07
      vertex -39.4022102356 -25.2696380615 5.95848518969e-07
    endloop
  endfacet
  facet normal -0.926920950413 0.00205410574563 -0.375251024961
    outer loop
      vertex -39.0950813293 -23.6787223816 5
      vertex -39.2743759155 -24.0942306519 5.95848518969e-07
      vertex -39.3115310669 -24.2133789062 5
    endloop
  endfacet
  facet normal 0 -1 0
    outer loop
      vertex -39.4022102356 -24.6749820709 5.95848518969e-07
      vertex -38.3586997986 -24.5193767548 5.95848518969e-07
      vertex -38.4183273315 -24.9723091125 5.95848518969e-07
    endloop
  endfacet
  facet normal 0.923877418041 0 0.382688581944
    outer loop
      vertex -38.3586997986 -24.5193767548 5
      vertex -38.3586997986 -24.5193767548 5.95848518969e-07
      vertex -38.1838722229 -24.0973091125 5
    endloop
  endfacet
  facet normal 0 1 0
    outer loop
      vertex -38.1838722229 -24.0973091125 5
      vertex -39.0950813293 -23.6787223816 5
      vertex -39.3115310669 -24.2133789062 5
    endloop
  endfacet
  facet normal 0 1 0
    outer loop
      vertex -37.5433273315 -23.4567661285 5
      vertex -38.7718696594 -23.2009792328 5
      vertex -37.9057655334 -23.734872818 5
    endloop
  endfacet
  facet normal -0.907572090626 -0.00234926422127 -0.419889658689
    outer loop
      vertex -39.0950813293 -23.6787223816 5
      vertex -39.024684906 -23.5545368195 5.95848518969e-07
      vertex -39.2743759155 -24.0942306519 5.95848518969e-07
    endloop
  endfacet
  facet normal -0.693149805069 0.00243544555269 -0.720789432526
    outer loop
      vertex -38.3561134338 -22.8011627197 5
      vertex -38.6648178101 -23.0811347961 5.95848518969e-07
      vertex -38.7718696594 -23.2009792328 5
    endloop
  endfacet
  facet normal 0 -1 0
    outer loop
      vertex -39.024684906 -23.5545368195 5.95848518969e-07
      vertex -38.1838722229 -24.0973091125 5.95848518969e-07
      vertex -39.2743759155 -24.0942306519 5.95848518969e-07
    endloop
  endfacet
  facet normal 0.793355643749 0 0.608758449554
    outer loop
      vertex -37.9057655334 -23.734872818 5
      vertex -38.1838722229 -24.0973091125 5.95848518969e-07
      vertex -37.9057655334 -23.734872818 5.95848518969e-07
    endloop
  endfacet
  facet normal 0.608755886555 0 0.793357551098
    outer loop
      vertex -37.9057655334 -23.734872818 5
      vertex -37.9057655334 -23.734872818 5.95848518969e-07
      vertex -37.5433273315 -23.4567661285 5
    endloop
  endfacet
  facet normal 0 1 0
    outer loop
      vertex -37.5433273315 -23.4567661285 5
      vertex -38.3561134338 -22.8011627197 5
      vertex -38.7718696594 -23.2009792328 5
    endloop
  endfacet
  facet normal -0.647381544113 -0.0027069253847 -0.762161314487
    outer loop
      vertex -38.3561134338 -22.8011627197 5
      vertex -38.2115936279 -22.6961650848 5.95848518969e-07
      vertex -38.6648178101 -23.0811347961 5.95848518969e-07
    endloop
  endfacet
  facet normal 0 -1 0
    outer loop
      vertex -37.6862106323 -22.4176235199 5.95848518969e-07
      vertex -37.5433273315 -23.4567661285 5.95848518969e-07
      vertex -38.2115936279 -22.6961650848 5.95848518969e-07
    endloop
  endfacet
  facet normal 0 -1 0
    outer loop
      vertex -37.6862106323 -22.4176235199 5.95848518969e-07
      vertex -37.1212615967 -23.2819404602 5.95848518969e-07
      vertex -37.5433273315 -23.4567661285 5.95848518969e-07
    endloop
  endfacet
  facet normal 0 -1 0
    outer loop
      vertex -36.5194473267 -22.2263431549 5.95848518969e-07
      vertex -36.6683273315 -23.2223072052 5.95848518969e-07
      vertex -37.1132278442 -22.2585372925 5.95848518969e-07
    endloop
  endfacet
  facet normal 0 -1 0
    outer loop
      vertex -36.5194473267 -22.2263431549 5.95848518969e-07
      vertex -36.2153968811 -23.2819404602 5.95848518969e-07
      vertex -36.6683273315 -23.2223072052 5.95848518969e-07
    endloop
  endfacet
  facet normal -0 -1 0
    outer loop
      vertex -35.9326248169 -22.3225479126 5.95848518969e-07
      vertex -36.2153968811 -23.2819404602 5.95848518969e-07
      vertex -36.5194473267 -22.2263431549 5.95848518969e-07
    endloop
  endfacet
  facet normal -0 -1 0
    outer loop
      vertex -35.3802070618 -22.5426521301 5.95848518969e-07
      vertex -36.2153968811 -23.2819404602 5.95848518969e-07
      vertex -35.9326248169 -22.3225479126 5.95848518969e-07
    endloop
  endfacet
  facet normal 0.370133459568 -0.00612518982962 -0.928958415985
    outer loop
      vertex -35.5888175964 -22.4430484772 2.5
      vertex -35.3802070618 -22.5426521301 5.95848518969e-07
      vertex -35.9326248169 -22.3225479126 5.95848518969e-07
    endloop
  endfacet
  facet normal 0.382685959339 0 0.923878490925
    outer loop
      vertex -37.1212615967 -23.2819404602 5
      vertex -37.5433273315 -23.4567661285 5.95848518969e-07
      vertex -37.1212615967 -23.2819404602 5.95848518969e-07
    endloop
  endfacet
  facet normal 0 1 0
    outer loop
      vertex -37.1212615967 -23.2819404602 5
      vertex -37.3234024048 -22.3014717102 5
      vertex -37.8661079407 -22.4968643188 5
    endloop
  endfacet
  facet normal -0.135040909052 0.00283187022433 -0.99083596468
    outer loop
      vertex -36.7518806458 -22.2235794067 5
      vertex -37.1132278442 -22.2585372925 5.95848518969e-07
      vertex -37.3234024048 -22.3014717102 5
    endloop
  endfacet
  facet normal -0.0541399605572 -0.00306857400574 -0.998528659344
    outer loop
      vertex -36.7518806458 -22.2235794067 5
      vertex -36.5194473267 -22.2263431549 5.95848518969e-07
      vertex -37.1132278442 -22.2585372925 5.95848518969e-07
    endloop
  endfacet
  facet normal 0.161779999733 -0.00628452189267 -0.986806809902
    outer loop
      vertex -36.1766815186 -22.2666149139 2.5
      vertex -35.9326248169 -22.3225479126 5.95848518969e-07
      vertex -36.5194473267 -22.2263431549 5.95848518969e-07
    endloop
  endfacet
  facet normal 0 1 0
    outer loop
      vertex -36.1766815186 -22.2666149139 5
      vertex -30.5590248108 -23.3116111755 5
      vertex -30.0214729309 -23.3525695801 5
    endloop
  endfacet
  facet normal 0 1 0
    outer loop
      vertex -30.0214729309 -23.3525695801 5
      vertex -30.5590248108 -23.3116111755 5
      vertex -30.0215129852 -23.3527908325 5
    endloop
  endfacet
  facet normal 0 1 -0
    outer loop
      vertex -30.0214729309 -23.3525695801 5
      vertex -30.0215129852 -23.3527908325 5
      vertex -29.5023441315 -23.4978084564 5
    endloop
  endfacet
  facet normal 0.287454754114 0.00663377717137 -0.957771241665
    outer loop
      vertex -35.5888175964 -22.4430484772 2.5
      vertex -35.9326248169 -22.3225479126 5.95848518969e-07
      vertex -36.1766815186 -22.2666149139 2.5
    endloop
  endfacet
  facet normal 0.492725491524 0.00644705723971 -0.870160937309
    outer loop
      vertex -35.054725647 -22.7454776764 2.5
      vertex -35.3802070618 -22.5426521301 5.95848518969e-07
      vertex -35.5888175964 -22.4430484772 2.5
    endloop
  endfacet
  facet normal 0.561175644398 -0.00591146480292 -0.827675640583
    outer loop
      vertex -35.054725647 -22.7454776764 2.5
      vertex -34.8880157471 -22.8763656616 5.95848518969e-07
      vertex -35.3802070618 -22.5426521301 5.95848518969e-07
    endloop
  endfacet
  facet normal -0 -1 0
    outer loop
      vertex -34.8880157471 -22.8763656616 5.95848518969e-07
      vertex -35.7933273315 -23.4567661285 5.95848518969e-07
      vertex -35.3802070618 -22.5426521301 5.95848518969e-07
    endloop
  endfacet
  facet normal 0.673451304436 0.00620737764984 -0.739205479622
    outer loop
      vertex -34.6010131836 -23.15883255 2.5
      vertex -34.8880157471 -22.8763656616 5.95848518969e-07
      vertex -35.054725647 -22.7454776764 2.5
    endloop
  endfacet
  facet normal 0.725983500481 -0.00564406812191 -0.687689006329
    outer loop
      vertex -34.6010131836 -23.15883255 2.5
      vertex -34.4790725708 -23.3080806732 5.95848518969e-07
      vertex -34.8880157471 -22.8763656616 5.95848518969e-07
    endloop
  endfacet
  facet normal -0 -1 0
    outer loop
      vertex -34.4790725708 -23.3080806732 5.95848518969e-07
      vertex -35.4308929443 -23.734872818 5.95848518969e-07
      vertex -34.8880157471 -22.8763656616 5.95848518969e-07
    endloop
  endfacet
  facet normal 0.820631802082 0.00591324735433 -0.571426689625
    outer loop
      vertex -34.2502822876 -23.662519455 2.5
      vertex -34.4790725708 -23.3080806732 5.95848518969e-07
      vertex -34.6010131836 -23.15883255 2.5
    endloop
  endfacet
  facet normal 0.856845796108 -0.00532358977944 -0.51554530859
    outer loop
      vertex -34.2502822876 -23.662519455 2.5
      vertex -34.1724967957 -23.817615509 5.95848518969e-07
      vertex -34.4790725708 -23.3080806732 5.95848518969e-07
    endloop
  endfacet
  facet normal -0 -1 0
    outer loop
      vertex -34.1724967957 -23.817615509 5.95848518969e-07
      vertex -35.1527862549 -24.0973091125 5.95848518969e-07
      vertex -34.4790725708 -23.3080806732 5.95848518969e-07
    endloop
  endfacet
  facet normal 0 -1 0
    outer loop
      vertex -34.1724967957 -23.817615509 5.95848518969e-07
      vertex -34.9779586792 -24.5193767548 5.95848518969e-07
      vertex -35.1527862549 -24.0973091125 5.95848518969e-07
    endloop
  endfacet
  facet normal -0 -1 0
    outer loop
      vertex -33.982624054 -24.3811416626 5.95848518969e-07
      vertex -34.9779586792 -24.5193767548 5.95848518969e-07
      vertex -34.1724967957 -23.817615509 5.95848518969e-07
    endloop
  endfacet
  facet normal 0.926935374737 0.00556517485529 -0.375179678202
    outer loop
      vertex -34.0200042725 -24.2314529419 2.5
      vertex -34.1724967957 -23.817615509 5.95848518969e-07
      vertex -34.2502822876 -23.662519455 2.5
    endloop
  endfacet
  facet normal 0 -1 0
    outer loop
      vertex -30.0214729309 -23.3525695801 2.5
      vertex -33.9601097107 -25.4498558044 2.5
      vertex -33.9216461182 -24.8372936249 2.5
    endloop
  endfacet
  facet normal 0.947642326355 -0.0049487282522 -0.319295316935
    outer loop
      vertex -34.0200042725 -24.2314529419 2.5
      vertex -33.982624054 -24.3811416626 5.95848518969e-07
      vertex -34.1724967957 -23.817615509 5.95848518969e-07
    endloop
  endfacet
  facet normal 0.99802339077 0.00470935693011 0.0626668408513
    outer loop
      vertex -33.9183273315 -24.9723091125 5.95848518969e-07
      vertex -33.9216461182 -24.8372936249 2.5
      vertex -33.9601097107 -25.4498558044 2.5
    endloop
  endfacet
  facet normal 0 -1 0
    outer loop
      vertex -30.9772396088 -28.769115448 2.5
      vertex -34.8441047668 -27.0301494598 2.5
      vertex -34.4331207275 -26.5742912292 2.5
    endloop
  endfacet
  facet normal 0 -1 0
    outer loop
      vertex -34.133480072 -26.0386314392 2.5
      vertex -27.7910900116 -26.5384941101 2.5
      vertex -27.9363079071 -27.0577163696 2.5
    endloop
  endfacet
  facet normal 0.963043272495 -7.09841982094e-18 0.269346684217
    outer loop
      vertex -27.9363079071 -27.0577163696 2.5
      vertex -27.7910900116 -26.5384941101 2.5
      vertex -27.7910900116 -26.5384941101 5
    endloop
  endfacet
  facet normal 0.984892308712 1.69406589451e-21 0.17316788435
    outer loop
      vertex -27.7910518646 -26.5382766724 2.5
      vertex -27.7910900116 -26.5384941101 5
      vertex -27.7910900116 -26.5384941101 2.5
    endloop
  endfacet
  facet normal -0 -1 0
    outer loop
      vertex -27.7910518646 -26.5382766724 2.5
      vertex -27.7910900116 -26.5384941101 2.5
      vertex -34.133480072 -26.0386314392 2.5
    endloop
  endfacet
  facet normal 0 -1 0
    outer loop
      vertex -30.9772396088 -28.769115448 2.5
      vertex -28.1800384521 -27.5386238098 2.5
      vertex -28.5129146576 -27.9627342224 2.5
    endloop
  endfacet
  facet normal 0 -1 0
    outer loop
      vertex -30.9772396088 -28.769115448 2.5
      vertex -36.5190048218 -27.718252182 2.5
      vertex -35.913684845 -27.6167411804 2.5
    endloop
  endfacet
  facet normal -0.054140213877 2.00770627998e-05 0.998533368111
    outer loop
      vertex -36.5194473267 -27.7182788849 5.95848518969e-07
      vertex -36.5190048218 -27.718252182 2.5
      vertex -37.1132278442 -27.68608284 5.95848518969e-07
    endloop
  endfacet
  facet normal 0 -1 0
    outer loop
      vertex -37.1132278442 -27.68608284 5.95848518969e-07
      vertex -36.6683273315 -26.7223091125 5.95848518969e-07
      vertex -36.5194473267 -27.7182788849 5.95848518969e-07
    endloop
  endfacet
  facet normal 0 -1 -0
    outer loop
      vertex -37.1132278442 -27.68608284 5.95848518969e-07
      vertex -37.1212615967 -26.6626796722 5.95848518969e-07
      vertex -36.6683273315 -26.7223091125 5.95848518969e-07
    endloop
  endfacet
  facet normal 0.382685959339 0 -0.923878490925
    outer loop
      vertex -37.5433273315 -26.4878540039 5
      vertex -37.1212615967 -26.6626796722 5.95848518969e-07
      vertex -37.5433273315 -26.4878540039 5.95848518969e-07
    endloop
  endfacet
  facet normal 0.382685959339 0 -0.923878490925
    outer loop
      vertex -37.1212615967 -26.6626796722 5
      vertex -37.1212615967 -26.6626796722 5.95848518969e-07
      vertex -37.5433273315 -26.4878540039 5
    endloop
  endfacet
  facet normal 0 -1 0
    outer loop
      vertex -38.2115936279 -27.2484550476 5.95848518969e-07
      vertex -37.9057655334 -26.2097473145 5.95848518969e-07
      vertex -37.5433273315 -26.4878540039 5.95848518969e-07
    endloop
  endfacet
  facet normal -0.640125513077 0.000348345958628 0.768270254135
    outer loop
      vertex -38.6405410767 -26.8887844086 5
      vertex -38.2115936279 -27.2484550476 5.95848518969e-07
      vertex -38.1973991394 -27.2580127716 5
    endloop
  endfacet
  facet normal -0.270892292261 1.7780388589e-05 0.962609648705
    outer loop
      vertex -37.6862106323 -27.5269966125 5.95848518969e-07
      vertex -37.1317596436 -27.6829795837 2.5
      vertex -37.6869888306 -27.5266838074 5
    endloop
  endfacet
  facet normal 0 1 -0
    outer loop
      vertex -37.5433273315 -26.4878540039 5
      vertex -38.1973991394 -27.2580127716 5
      vertex -37.1212615967 -26.6626796722 5
    endloop
  endfacet
  facet normal 0.130526691675 0 -0.991444766521
    outer loop
      vertex -37.1212615967 -26.6626796722 5
      vertex -36.6683273315 -26.7223091125 5.95848518969e-07
      vertex -37.1212615967 -26.6626796722 5.95848518969e-07
    endloop
  endfacet
  facet normal 0 -1 -0
    outer loop
      vertex -36.5194473267 -27.7182788849 5.95848518969e-07
      vertex -36.6683273315 -26.7223091125 5.95848518969e-07
      vertex -36.2153968811 -26.6626796722 5.95848518969e-07
    endloop
  endfacet
  facet normal 0 1 0
    outer loop
      vertex -36.6683273315 -26.7223091125 5
      vertex -37.6869888306 -27.5266838074 5
      vertex -37.1317596436 -27.6829795837 5
    endloop
  endfacet
  facet normal 0 1 0
    outer loop
      vertex -37.1317596436 -27.6829795837 5
      vertex -32.7521896362 -27.6379966736 5
      vertex -33.0165634155 -27.1681861877 5
    endloop
  endfacet
  facet normal -0.382682263851 -0 -0.923880040646
    outer loop
      vertex -36.2153968811 -26.6626796722 5
      vertex -35.7933273315 -26.4878540039 5.95848518969e-07
      vertex -36.2153968811 -26.6626796722 5.95848518969e-07
    endloop
  endfacet
  facet normal 0 -1 0
    outer loop
      vertex -34.8880157471 -27.0682563782 5.95848518969e-07
      vertex -35.7933273315 -26.4878540039 5.95848518969e-07
      vertex -35.4308929443 -26.2097473145 5.95848518969e-07
    endloop
  endfacet
  facet normal -0.793355047703 -0 -0.608759224415
    outer loop
      vertex -35.4308929443 -26.2097473145 5
      vertex -35.1527862549 -25.8473091125 5.95848518969e-07
      vertex -35.4308929443 -26.2097473145 5.95848518969e-07
    endloop
  endfacet
  facet normal 0 -1 0
    outer loop
      vertex -34.1724967957 -26.1270046234 5.95848518969e-07
      vertex -35.1527862549 -25.8473091125 5.95848518969e-07
      vertex -34.9779586792 -25.4252433777 5.95848518969e-07
    endloop
  endfacet
  facet normal 0 -1 0
    outer loop
      vertex -33.982624054 -25.5634784698 5.95848518969e-07
      vertex -34.9779586792 -25.4252433777 5.95848518969e-07
      vertex -34.9183273315 -24.9723091125 5.95848518969e-07
    endloop
  endfacet
  facet normal 0 -1 0
    outer loop
      vertex -34.9779586792 -24.5193767548 5.95848518969e-07
      vertex -33.982624054 -24.3811416626 5.95848518969e-07
      vertex -34.9183273315 -24.9723091125 5.95848518969e-07
    endloop
  endfacet
  facet normal 0 1 0
    outer loop
      vertex -34.9779586792 -25.4252433777 5
      vertex -33.0622138977 -25.0639533997 5
      vertex -34.9183273315 -24.9723091125 5
    endloop
  endfacet
  facet normal -0.923879265785 0 0.382684111595
    outer loop
      vertex -34.9779586792 -24.5193767548 5
      vertex -35.1527862549 -24.0973091125 5.95848518969e-07
      vertex -34.9779586792 -24.5193767548 5.95848518969e-07
    endloop
  endfacet
  facet normal 0 -1 0
    outer loop
      vertex -34.4790725708 -23.3080806732 5.95848518969e-07
      vertex -35.1527862549 -24.0973091125 5.95848518969e-07
      vertex -35.4308929443 -23.734872818 5.95848518969e-07
    endloop
  endfacet
  facet normal 0 -1 0
    outer loop
      vertex -34.8880157471 -22.8763656616 5.95848518969e-07
      vertex -35.4308929443 -23.734872818 5.95848518969e-07
      vertex -35.7933273315 -23.4567661285 5.95848518969e-07
    endloop
  endfacet
  facet normal 0 -1 0
    outer loop
      vertex -35.3802070618 -22.5426521301 5.95848518969e-07
      vertex -35.7933273315 -23.4567661285 5.95848518969e-07
      vertex -36.2153968811 -23.2819404602 5.95848518969e-07
    endloop
  endfacet
  facet normal -0.130533218384 0 0.991443932056
    outer loop
      vertex -36.2153968811 -23.2819404602 5
      vertex -36.6683273315 -23.2223072052 5.95848518969e-07
      vertex -36.2153968811 -23.2819404602 5.95848518969e-07
    endloop
  endfacet
  facet normal 0 1 0
    outer loop
      vertex -36.1766815186 -22.2666149139 5
      vertex -36.6683273315 -23.2223072052 5
      vertex -36.2153968811 -23.2819404602 5
    endloop
  endfacet
  facet normal 0 1 0
    outer loop
      vertex -36.1766815186 -22.2666149139 5
      vertex -31.6065940857 -23.5437393188 5
      vertex -31.0942401886 -23.3760890961 5
    endloop
  endfacet
  facet normal -0 1 0
    outer loop
      vertex -35.4308929443 -23.734872818 5
      vertex -32.0763969421 -23.8081226349 5
      vertex -35.7933273315 -23.4567661285 5
    endloop
  endfacet
  facet normal -0.376782715321 0.00185212690849 -0.92629981041
    outer loop
      vertex -31.2437362671 -23.4136371613 13.75
      vertex -31.6065940857 -23.5437393188 5
      vertex -31.8141555786 -23.6456623077 13.75
    endloop
  endfacet
  facet normal -0.261040866375 -0.705449998379 -0.658936977386
    outer loop
      vertex -31.5300006866 -22.8013362885 19.6686992645
      vertex -31.348859787 -23.4454784393 19
      vertex -31.8468151093 -23.2373046875 19.3787078857
    endloop
  endfacet
  facet normal -0.376782655716 -0.00192679872271 -0.9262996912
    outer loop
      vertex -31.8141555786 -23.6456623077 13.75
      vertex -31.348859787 -23.4454784393 19
      vertex -31.2437362671 -23.4136371613 13.75
    endloop
  endfacet
  facet normal -0.310988515615 -0.00123486097436 -0.950412869453
    outer loop
      vertex -31.2437362671 -23.4136371613 13.75
      vertex -31.0942401886 -23.3760890961 5
      vertex -31.6065940857 -23.5437393188 5
    endloop
  endfacet
  facet normal 0 1 0
    outer loop
      vertex -36.1766815186 -22.2666149139 5
      vertex -31.0942401886 -23.3760890961 5
      vertex -30.5590248108 -23.3116111755 5
    endloop
  endfacet
  facet normal 0.0763858035207 1.60100591984e-06 -0.997078359127
    outer loop
      vertex -30.0213851929 -23.3528137207 13.75
      vertex -30.0215129852 -23.3527908325 5
      vertex -30.5590248108 -23.3116111755 5
    endloop
  endfacet
  facet normal 9.58682503551e-05 0.00221968698315 -0.99999755621
    outer loop
      vertex -30.6359863281 -23.3143634796 13.75
      vertex -30.7865047455 -23.326002121 19
      vertex -30.2115974426 -23.3260574341 19
    endloop
  endfacet
  facet normal 0.269420832396 -1.34700894705e-06 -0.963022530079
    outer loop
      vertex -30.0213851929 -23.3528137207 13.75
      vertex -29.502412796 -23.4980182648 5
      vertex -30.0215129852 -23.3527908325 5
    endloop
  endfacet
  facet normal 0.489293038845 0.00148345890921 -0.87211817503
    outer loop
      vertex -28.8936901093 -23.8283691406 13.75
      vertex -29.0216140747 -23.7417163849 5
      vertex -29.4307441711 -23.5270614624 13.75
    endloop
  endfacet
  facet normal 0 1 0
    outer loop
      vertex -29.5023441315 -23.4978084564 5
      vertex -30.0215129852 -23.3527908325 5
      vertex -29.502412796 -23.4980182648 5
    endloop
  endfacet
  facet normal 0.269428759813 0 -0.963020324707
    outer loop
      vertex -29.5023441315 -23.4978084564 2.5
      vertex -30.0214729309 -23.3525695801 5
      vertex -29.5023441315 -23.4978084564 5
    endloop
  endfacet
  facet normal -0 -1 0
    outer loop
      vertex -29.5023441315 -23.4978084564 2.5
      vertex -33.9601097107 -25.4498558044 2.5
      vertex -30.0214729309 -23.3525695801 2.5
    endloop
  endfacet
  facet normal -0 -1 0
    outer loop
      vertex -28.2465267181 -24.4835186005 2.5
      vertex -33.9601097107 -25.4498558044 2.5
      vertex -28.5974884033 -24.0743598938 2.5
    endloop
  endfacet
  facet normal 0.617433130741 0 -0.786623358727
    outer loop
      vertex -29.0215263367 -23.74152565 2.5
      vertex -29.0215263367 -23.74152565 5
      vertex -28.5974884033 -24.0743598938 5
    endloop
  endfacet
  facet normal 0 1 0
    outer loop
      vertex -28.5974884033 -24.0743598938 5
      vertex -29.0216140747 -23.7417163849 5
      vertex -28.5975914001 -24.0745239258 5
    endloop
  endfacet
  facet normal 0.759023725986 -1.41967354171e-17 -0.651062965393
    outer loop
      vertex -28.5974884033 -24.0743598938 2.5
      vertex -28.2465267181 -24.4835186005 5
      vertex -28.2465267181 -24.4835186005 2.5
    endloop
  endfacet
  facet normal -0 -1 0
    outer loop
      vertex -27.982126236 -24.9532814026 2.5
      vertex -33.9601097107 -25.4498558044 2.5
      vertex -28.2465267181 -24.4835186005 2.5
    endloop
  endfacet
  facet normal 0 -1 0
    outer loop
      vertex -34.133480072 -26.0386314392 2.5
      vertex -33.9601097107 -25.4498558044 2.5
      vertex -27.7910518646 -26.5382766724 2.5
    endloop
  endfacet
  facet normal 0.992812156677 -3.54918468146e-18 -0.119682818651
    outer loop
      vertex -27.8144416809 -25.4655990601 2.5
      vertex -27.7499256134 -26.0007858276 5
      vertex -27.7499256134 -26.0007858276 2.5
    endloop
  endfacet
  facet normal 0 1 0
    outer loop
      vertex -27.7499256134 -26.0007858276 5
      vertex -27.8145198822 -25.4656581879 5
      vertex -27.7499694824 -26.0008106232 5
    endloop
  endfacet
  facet normal 0.984892308712 0 0.17316788435
    outer loop
      vertex -27.7910518646 -26.5382766724 5
      vertex -27.7910900116 -26.5384941101 5
      vertex -27.7910518646 -26.5382766724 2.5
    endloop
  endfacet
  facet normal 0.962103009224 0.000748010119423 0.272685289383
    outer loop
      vertex -27.9654083252 -27.1295318604 13.75
      vertex -27.9363079071 -27.0577163696 2.5
      vertex -27.7910900116 -26.5384941101 5
    endloop
  endfacet
  facet normal 0.690377295017 -0.71979445219 0.0726300254464
    outer loop
      vertex -27.7493095398 -26.0612258911 19
      vertex -27.3975276947 -26.4705467224 19.3787078857
      vertex -27.8094596863 -26.632976532 19
    endloop
  endfacet
  facet normal 0.707344889641 -0.705449104309 0.0447750911117
    outer loop
      vertex -27.7493095398 -26.0612258911 19
      vertex -27.0807170868 -26.0345783234 19.6686992645
      vertex -27.3975276947 -26.4705467224 19.3787078857
    endloop
  endfacet
  facet normal 0.705212652683 -0.707142829895 -0.0512266941369
    outer loop
      vertex -27.7493095398 -26.0612258911 19
      vertex -26.7313213348 -25.5537796021 20.0519695282
      vertex -27.0807170868 -26.0345783234 19.6686992645
    endloop
  endfacet
  facet normal 0.698760092258 -0.711582958698 -0.0733759701252
    outer loop
      vertex -27.8093509674 -25.4894657135 19
      vertex -26.7313213348 -25.5537796021 20.0519695282
      vertex -27.7493095398 -26.0612258911 19
    endloop
  endfacet
  facet normal 0.683412015438 -0.674073040485 0.280309796333
    outer loop
      vertex -27.9871673584 -27.1797294617 19
      vertex -27.6943225861 -26.8789653778 19.171831131
      vertex -27.9826412201 -27.275724411 19.0445079803
    endloop
  endfacet
  facet normal 0 1 0
    outer loop
      vertex -37.1317596436 -27.6829795837 5
      vertex -31.496383667 -28.6238441467 5
      vertex -31.9772109985 -28.3800830841 5
    endloop
  endfacet
  facet normal 0 1 0
    outer loop
      vertex -37.1317596436 -27.6829795837 5
      vertex -31.9772109985 -28.3800830841 5
      vertex -32.4012451172 -28.0472049713 5
    endloop
  endfacet
  facet normal 0 1 0
    outer loop
      vertex -32.4012451172 -28.0472049713 5
      vertex -32.7521896362 -27.6379966736 5
      vertex -37.1317596436 -27.6829795837 5
    endloop
  endfacet
  facet normal 0 1 0
    outer loop
      vertex -35.7933273315 -26.4878540039 5
      vertex -33.0165634155 -27.1681861877 5
      vertex -33.1842002869 -26.655828476 5
    endloop
  endfacet
  facet normal -0 1 0
    outer loop
      vertex -35.1527862549 -25.8473091125 5
      vertex -33.248664856 -26.1206111908 5
      vertex -33.2074737549 -25.5831012726 5
    endloop
  endfacet
  facet normal -0 1 0
    outer loop
      vertex -34.9779586792 -25.4252433777 5
      vertex -33.2074737549 -25.5831012726 5
      vertex -33.0622138977 -25.0639533997 5
    endloop
  endfacet
  facet normal 0 1 0
    outer loop
      vertex -35.1527862549 -24.0973091125 5
      vertex -32.8184661865 -24.5831184387 5
      vertex -32.4855957031 -24.1590766907 5
    endloop
  endfacet
  facet normal -0.651017248631 -0.00148273957893 -0.759061515331
    outer loop
      vertex -32.3186454773 -23.9987983704 13.75
      vertex -32.0763969421 -23.8081226349 5
      vertex -32.4855957031 -24.1590766907 5
    endloop
  endfacet
  facet normal -0.587708055973 0.00052281311946 -0.809072911739
    outer loop
      vertex -32.3186454773 -23.9987983704 13.75
      vertex -32.339225769 -24.0171413422 19
      vertex -31.8740844727 -23.6792640686 19
    endloop
  endfacet
  facet normal 0.238647311926 -0.705520927906 -0.667298793793
    outer loop
      vertex -28.1825656891 -20.7983436584 22
      vertex -29.6492652893 -23.445640564 19
      vertex -28.9533157349 -20.5226974487 22
    endloop
  endfacet
  facet normal 0.330940335989 -0.705614089966 -0.626567840576
    outer loop
      vertex -27.4587669373 -21.180639267 22
      vertex -29.1240844727 -23.6795253754 19
      vertex -28.1825656891 -20.7983436584 22
    endloop
  endfacet
  facet normal 0.415646642447 -0.707163214684 -0.571977257729
    outer loop
      vertex -26.7965869904 -21.6618347168 22
      vertex -29.1240844727 -23.6795253754 19
      vertex -27.4587669373 -21.180639267 22
    endloop
  endfacet
  facet normal 0.493732631207 -0.705614387989 -0.508268117905
    outer loop
      vertex -26.2094459534 -22.2321853638 22
      vertex -28.6590080261 -24.017490387 19
      vertex -26.7965869904 -21.6618347168 22
    endloop
  endfacet
  facet normal 0.524214267731 -0.70886939764 -0.471914857626
    outer loop
      vertex -26.2094459534 -22.2321853638 22
      vertex -28.2743587494 -24.4447669983 19
      vertex -28.6590080261 -24.017490387 19
    endloop
  endfacet
  facet normal 0.7432051301 0.0028430018574 -0.669057607651
    outer loop
      vertex -28.4371471405 -24.2416305542 13.75
      vertex -28.6590080261 -24.017490387 19
      vertex -28.2743587494 -24.4447669983 19
    endloop
  endfacet
  facet normal 0.758996486664 -0.00148267694749 -0.651093006134
    outer loop
      vertex -28.4371471405 -24.2416305542 13.75
      vertex -28.246629715 -24.4836483002 5
      vertex -28.5975914001 -24.0745239258 5
    endloop
  endfacet
  facet normal 0 1 0
    outer loop
      vertex -27.982126236 -24.9532814026 5
      vertex -28.246629715 -24.4836483002 5
      vertex -27.982219696 -24.9533748627 5
    endloop
  endfacet
  facet normal 0 1 0
    outer loop
      vertex -27.8144416809 -25.4655990601 5
      vertex -27.982219696 -24.9533748627 5
      vertex -27.8145198822 -25.4656581879 5
    endloop
  endfacet
  facet normal 0.992803633213 -0.000736189249437 -0.119751527905
    outer loop
      vertex -27.7527103424 -25.9242897034 13.75
      vertex -27.7499694824 -26.0008106232 5
      vertex -27.8145198822 -25.4656581879 5
    endloop
  endfacet
  facet normal 0.994529604912 0.00207981048152 -0.104434385896
    outer loop
      vertex -27.7527103424 -25.9242897034 13.75
      vertex -27.8093509674 -25.4894657135 19
      vertex -27.7493095398 -26.0612258911 19
    endloop
  endfacet
  facet normal 0.926297187805 -0.00301729305647 -0.376781642437
    outer loop
      vertex -28.0840091705 -24.7461204529 13.75
      vertex -27.9869556427 -24.9426784515 19
      vertex -27.8519859314 -25.3165397644 13.75
    endloop
  endfacet
  facet normal -0 -1 -0
    outer loop
      vertex -17.4503059387 3.34130954742 13.5
      vertex -40.0383071899 3.34130954742 13.5
      vertex -17.4503059387 8.34130954742 13.5
    endloop
  endfacet
  facet normal 0 0 1
    outer loop
      vertex -17.4503059387 3.34130954742 13.5
      vertex -19.4503059387 3.34130954742 18.5
      vertex -40.0383071899 3.34130954742 13.5
    endloop
  endfacet
  facet normal -1 0 0
    outer loop
      vertex -19.4503059387 8.34130954742 19.5
      vertex -19.4503059387 3.34130954742 18.5
      vertex -19.4503059387 3.34130954742 19.5
    endloop
  endfacet
  facet normal 0 -1 0
    outer loop
      vertex -11.4503059387 8.34130954742 19.5
      vertex -6.44743061066 2.69435334206 19.5
      vertex -11.4503059387 3.34130954742 19.5
    endloop
  endfacet
  facet normal 0 -1 0
    outer loop
      vertex 12.0570278168 2.69435334206 19.5
      vertex 15.8832502365 -9.38922309875 19.5
      vertex -6.44743061066 2.69435334206 19.5
    endloop
  endfacet
  facet normal 0 0 -1
    outer loop
      vertex -6.44743061066 2.69435334206 19.5
      vertex 12.0570278168 2.69435334206 22.5
      vertex 12.0570278168 2.69435334206 19.5
    endloop
  endfacet
  facet normal 0 -1 0
    outer loop
      vertex 12.0570278168 2.69435334206 19.5
      vertex 15.8832502365 -0.17284193635 19.5
      vertex 15.8832502365 -9.38922309875 19.5
    endloop
  endfacet
  facet normal 0.389840126038 0 -0.92088252306
    outer loop
      vertex -14.7370414734 39.1572799683 15
      vertex -14.2076206207 38.9331588745 19.5
      vertex -14.2076206207 38.9331588745 15
    endloop
  endfacet
  facet normal 0 -1 0
    outer loop
      vertex -16.4363460541 39.1259841919 15
      vertex -14.7370414734 39.1572799683 15
      vertex -14.2076206207 38.9331588745 15
    endloop
  endfacet
  facet normal 0.730696797371 0 -0.682702124119
    outer loop
      vertex -13.7363681793 38.6038589478 15
      vertex -13.7363681793 38.6038589478 19.5
      vertex -13.3438768387 38.1837768555 19.5
    endloop
  endfacet
  facet normal 0 -1 0
    outer loop
      vertex -13.7363681793 38.6038589478 19.5
      vertex 15.8832502365 40.3665237427 19.5
      vertex -13.3438768387 38.1837768555 19.5
    endloop
  endfacet
  facet normal 0.856669843197 6.99529273243e-18 -0.515865087509
    outer loop
      vertex -13.3438768387 38.1837768555 15
      vertex -13.0473031998 37.6912727356 19.5
      vertex -13.0473031998 37.6912727356 15
    endloop
  endfacet
  facet normal 0 -1 0
    outer loop
      vertex -16.4363460541 39.1259841919 15
      vertex -13.3438768387 38.1837768555 15
      vertex -13.0473031998 37.6912727356 15
    endloop
  endfacet
  facet normal 0.99242836237 0 -0.122824959457
    outer loop
      vertex -12.8596086502 37.1478652954 15
      vertex -12.8596086502 37.1478652954 19.5
      vertex -12.7889957428 36.5773124695 19.5
    endloop
  endfacet
  facet normal 0 -1 0
    outer loop
      vertex -12.8596086502 37.1478652954 19.5
      vertex -6.44743061066 25.7418231964 19.5
      vertex -12.7889957428 36.5773124695 19.5
    endloop
  endfacet
  facet normal 0.996278345585 -1.74882318311e-18 0.0861941501498
    outer loop
      vertex -12.7889957428 36.5773124695 15
      vertex -12.838549614 36.0045471191 19.5
      vertex -12.838549614 36.0045471191 15
    endloop
  endfacet
  facet normal 0 -1 0
    outer loop
      vertex -16.4363460541 39.1259841919 15
      vertex -12.7889957428 36.5773124695 15
      vertex -12.838549614 36.0045471191 15
    endloop
  endfacet
  facet normal 0 -1 0
    outer loop
      vertex -16.4363460541 39.1259841919 15
      vertex -28.9082260132 33.67237854 15
      vertex -29.3824214935 33.9247779846 15
    endloop
  endfacet
  facet normal 0.63250118494 4.45472614956e-05 -0.774559378624
    outer loop
      vertex -28.4921474457 33.332611084 15
      vertex -28.9034309387 33.6691818237 2.5
      vertex -28.9082260132 33.67237854 15
    endloop
  endfacet
  facet normal 0.771014809608 5.91573443671e-05 -0.636817216873
    outer loop
      vertex -28.1500606537 32.9184341431 15
      vertex -28.48670578 33.3271827698 2.5
      vertex -28.4921474457 33.332611084 15
    endloop
  endfacet
  facet normal 0.880102396011 7.37518566893e-05 -0.474783867598
    outer loop
      vertex -27.8950138092 32.4456596375 15
      vertex -28.1447086334 32.9104576111 2.5
      vertex -28.1500606537 32.9184341431 15
    endloop
  endfacet
  facet normal 0.956896185875 0.000161863601534 -0.29043006897
    outer loop
      vertex -27.7320594788 31.9087619781 15
      vertex -27.7352313995 31.9247894287 5
      vertex -27.8950138092 32.4456596375 15
    endloop
  endfacet
  facet normal 0.995926618576 0.000314181321301 -0.090167209506
    outer loop
      vertex -27.6814670563 31.3499660492 15
      vertex -27.6812705994 31.3826389313 5
      vertex -27.7320594788 31.9087619781 15
    endloop
  endfacet
  facet normal 0.993497908115 0.000504650350194 0.113849513233
    outer loop
      vertex -27.7453460693 30.7925319672 15
      vertex -27.73412323 30.8461551666 5
      vertex -27.6814670563 31.3499660492 15
    endloop
  endfacet
  facet normal 0.949710726738 0.000677470583469 0.31312790513
    outer loop
      vertex -27.921037674 30.2596645355 15
      vertex -27.890619278 30.3302879333 5
      vertex -27.7453460693 30.7925319672 15
    endloop
  endfacet
  facet normal 0.866387546062 0.000832447607536 0.499371498823
    outer loop
      vertex -28.2012252808 29.7735500336 15
      vertex -28.1447486877 29.8548641205 5
      vertex -27.921037674 30.2596645355 15
    endloop
  endfacet
  facet normal 0.746999740601 0.000969835615251 0.664823591709
    outer loop
      vertex -28.5742473602 29.3544197083 15
      vertex -28.486743927 29.4381523132 5
      vertex -28.2012252808 29.7735500336 15
    endloop
  endfacet
  facet normal 0.596508920193 0.0010897150496 0.802605748177
    outer loop
      vertex -29.0245742798 29.0197296143 15
      vertex -28.9034614563 29.0961666107 5
      vertex -28.5742473602 29.3544197083 15
    endloop
  endfacet
  facet normal 0.421199858189 0.0011913588969 0.906967043877
    outer loop
      vertex -29.5334587097 28.7834014893 15
      vertex -29.3788928986 28.8420467377 5
      vertex -29.0245742798 29.0197296143 15
    endloop
  endfacet
  facet normal 0.257740437984 0.000141144439112 0.966214179993
    outer loop
      vertex -29.9151248932 28.6815929413 15
      vertex -29.8947620392 28.6855621338 5
      vertex -29.5334587097 28.7834014893 15
    endloop
  endfacet
  facet normal 0 -1 0
    outer loop
      vertex -30.0925960541 28.6535720825 15
      vertex -29.9151248932 28.6815929413 15
      vertex -29.9151077271 28.6815109253 15
    endloop
  endfacet
  facet normal 0.225888937712 0.00432290835306 0.974143445492
    outer loop
      vertex -29.9151077271 28.6815109253 15
      vertex -29.5334320068 28.78332901 18
      vertex -30.0934810638 28.6534614563 18
    endloop
  endfacet
  facet normal 0 1 0
    outer loop
      vertex -29.5334320068 28.78332901 18
      vertex -31.3290672302 33.9819526672 18
      vertex -32.9636726379 32.4547119141 18
    endloop
  endfacet
  facet normal -0.326478779316 -1.10409973786e-06 -0.945204555988
    outer loop
      vertex -19.4404449463 38.0883483887 18
      vertex -31.3161392212 33.986415863 15
      vertex -31.3290672302 33.9819526672 18
    endloop
  endfacet
  facet normal 0 -1 0
    outer loop
      vertex -14.640712738 33.92735672 19.5
      vertex -19.4503059387 24.51263237 19.5
      vertex -19.4404449463 32.2695045471 19.5
    endloop
  endfacet
  facet normal 0.326478838921 1.27862665522e-06 0.945204496384
    outer loop
      vertex -19.4404449463 32.2695045471 18
      vertex -29.5334320068 28.78332901 15
      vertex -14.640712738 33.92735672 15
    endloop
  endfacet
  facet normal 0.423492223024 -0 0.905899763107
    outer loop
      vertex -14.1199035645 34.1708259583 15
      vertex -14.1199035645 34.1708259583 19.5
      vertex -14.640712738 33.92735672 19.5
    endloop
  endfacet
  facet normal 0.602584838867 -6.99529273243e-18 0.798054873943
    outer loop
      vertex -13.6610965729 34.5172538757 15
      vertex -14.1199035645 34.1708259583 19.5
      vertex -14.1199035645 34.1708259583 15
    endloop
  endfacet
  facet normal 0 -1 0
    outer loop
      vertex -14.640712738 33.92735672 15
      vertex -13.0061063766 35.4545974731 15
      vertex -13.2843418121 34.9515075684 15
    endloop
  endfacet
  facet normal 0.602584838867 -0 0.798054873943
    outer loop
      vertex -13.6610965729 34.5172538757 15
      vertex -13.6610965729 34.5172538757 19.5
      vertex -14.1199035645 34.1708259583 19.5
    endloop
  endfacet
  facet normal 0.875085473061 6.99529190525e-18 0.483968406916
    outer loop
      vertex -13.0061063766 35.4545974731 15
      vertex -13.2843418121 34.9515075684 19.5
      vertex -13.2843418121 34.9515075684 15
    endloop
  endfacet
  facet normal 0 -1 0
    outer loop
      vertex -13.6610965729 34.5172538757 19.5
      vertex -7.63703107834 24.51263237 19.5
      vertex -14.1199035645 34.1708259583 19.5
    endloop
  endfacet
  facet normal 0 -1 0
    outer loop
      vertex -13.0061063766 35.4545974731 19.5
      vertex -6.44743061066 25.7418231964 19.5
      vertex -13.2843418121 34.9515075684 19.5
    endloop
  endfacet
  facet normal -1 0 0
    outer loop
      vertex -7.63703107834 14.055226326 19.5
      vertex -7.63703107834 24.51263237 22
      vertex -7.63703107834 24.51263237 19.5
    endloop
  endfacet
  facet normal 0 -1 0
    outer loop
      vertex -11.4503059387 8.34130954742 19.5
      vertex -7.63703107834 14.055226326 19.5
      vertex -6.44743061066 2.69435334206 19.5
    endloop
  endfacet
  facet normal 0 0 -1
    outer loop
      vertex -6.44743061066 2.69435334206 22.5
      vertex 12.0570278168 2.69435334206 22.5
      vertex -6.44743061066 2.69435334206 19.5
    endloop
  endfacet
  facet normal -1 -0 -0
    outer loop
      vertex 12.0570278168 2.69435334206 22.5
      vertex 12.0570278168 25.7418231964 22.5
      vertex 12.0570278168 2.69435334206 19.5
    endloop
  endfacet
  facet normal 0 -1 0
    outer loop
      vertex 12.0570278168 2.69435334206 19.5
      vertex 15.8832502365 10.1504526138 19.5
      vertex 15.8832502365 -0.17284193635 19.5
    endloop
  endfacet
  facet normal 0 -1 0
    outer loop
      vertex -6.44743061066 25.7418231964 19.5
      vertex 15.8832502365 40.3665237427 19.5
      vertex 12.0570278168 25.7418231964 19.5
    endloop
  endfacet
  facet normal 0.520924270153 -0.00146458402742 -0.853601634502
    outer loop
      vertex 32.5290298462 33.8658409119 12.25
      vertex 32.6167945862 33.8221473694 18
      vertex 32.9366722107 33.6269378662 18
    endloop
  endfacet
  facet normal 0.527814805508 -0.00212945183739 -0.849356770515
    outer loop
      vertex 32.5290298462 33.8658409119 12.25
      vertex 32.9366722107 33.6269378662 18
      vertex 33.0508384705 33.5415763855 12.25
    endloop
  endfacet
  facet normal 0.527815997601 0.000130314190756 -0.849358737469
    outer loop
      vertex 33.0508384705 33.5415763855 12.25
      vertex 32.5367889404 33.8621330261 5
      vertex 32.5290298462 33.8658409119 12.25
    endloop
  endfacet
  facet normal 0.329162299633 -0.000130858461489 -0.944273352623
    outer loop
      vertex 32.5290298462 33.8658409119 12.25
      vertex 32.5367889404 33.8621330261 5
      vertex 31.9573402405 34.0641212463 5
    endloop
  endfacet
  facet normal 0.326078683138 0.00014153936354 -0.945342600346
    outer loop
      vertex 32.5290298462 33.8658409119 12.25
      vertex 31.9573402405 34.0641212463 5
      vertex 31.9482536316 34.0661697388 12.25
    endloop
  endfacet
  facet normal 0.326077312231 -0.00290252175182 -0.945338666439
    outer loop
      vertex 31.9482536316 34.0661697388 12.25
      vertex 32.2945976257 33.9643592834 18
      vertex 32.5290298462 33.8658409119 12.25
    endloop
  endfacet
  facet normal 0.111571975052 -0.000140996766277 -0.993756353855
    outer loop
      vertex 31.9482536316 34.0661697388 12.25
      vertex 31.9573402405 34.0641212463 5
      vertex 31.3475284576 34.1325874329 5
    endloop
  endfacet
  facet normal 0.108075775206 0.000152232634719 -0.994142651558
    outer loop
      vertex 31.9482536316 34.0661697388 12.25
      vertex 31.3475284576 34.1325874329 5
      vertex 31.3374938965 34.1325683594 12.25
    endloop
  endfacet
  facet normal 0.10807530582 -0.00295277521946 -0.994138300419
    outer loop
      vertex 31.3374938965 34.1325683594 12.25
      vertex 31.6091480255 34.1201133728 18
      vertex 31.9482536316 34.0661697388 12.25
    endloop
  endfacet
  facet normal -0.00191021617502 0 -0.999998152256
    outer loop
      vertex 31.3374938965 34.1325683594 12.25
      vertex 31.3475284576 34.1325874329 5
      vertex 31.3475284576 34.1325874329 2.5
    endloop
  endfacet
  facet normal -0.0980137810111 -9.89302207017e-05 -0.99518507719
    outer loop
      vertex 31.3374938965 34.1325683594 12.25
      vertex 31.3475284576 34.1325874329 2.5
      vertex 30.8110523224 34.079750061 2.5
    endloop
  endfacet
  facet normal -0.115323871374 0.000845773378387 -0.993327558041
    outer loop
      vertex 31.3374938965 34.1325683594 12.25
      vertex 30.8110523224 34.079750061 2.5
      vertex 30.7272377014 34.0617179871 12.25
    endloop
  endfacet
  facet normal -0.115323550999 -0.00249914987944 -0.993324816227
    outer loop
      vertex 30.7272377014 34.0617179871 12.25
      vertex 30.9066028595 34.0970077515 18
      vertex 31.3374938965 34.1325683594 12.25
    endloop
  endfacet
  facet normal -0.29027095437 -0.000725413789041 -0.956944227219
    outer loop
      vertex 30.7272377014 34.0617179871 12.25
      vertex 30.8110523224 34.079750061 2.5
      vertex 30.2951869965 33.9232711792 2.5
    endloop
  endfacet
  facet normal -0.332969754934 0.00136559491511 -0.94293653965
    outer loop
      vertex 30.7272377014 34.0617179871 12.25
      vertex 30.2951869965 33.9232711792 2.5
      vertex 30.1479377747 33.8571548462 12.25
    endloop
  endfacet
  facet normal -0.332969129086 -0.00238844985142 -0.942934691906
    outer loop
      vertex 30.1479377747 33.8571548462 12.25
      vertex 30.5633049011 34.0183944702 18
      vertex 30.7272377014 34.0617179871 12.25
    endloop
  endfacet
  facet normal -0.471381187439 -0.00113847199827 -0.881928861141
    outer loop
      vertex 30.1479377747 33.8571548462 12.25
      vertex 30.2951869965 33.9232711792 2.5
      vertex 29.8197631836 33.6691627502 2.5
    endloop
  endfacet
  facet normal -0.533573508263 0.00165238673799 -0.845752060413
    outer loop
      vertex 30.1479377747 33.8571548462 12.25
      vertex 29.8197631836 33.6691627502 2.5
      vertex 29.6306781769 33.5308227539 12.25
    endloop
  endfacet
  facet normal -0.533572018147 -0.00289430934936 -0.845749676228
    outer loop
      vertex 29.6306781769 33.5308227539 12.25
      vertex 29.9207115173 33.7334785461 18
      vertex 30.1479377747 33.8571548462 12.25
    endloop
  endfacet
  facet normal -0.634370863438 -0.00133426953107 -0.773027658463
    outer loop
      vertex 29.6306781769 33.5308227539 12.25
      vertex 29.8197631836 33.6691627502 2.5
      vertex 29.4030437469 33.3271903992 2.5
    endloop
  endfacet
  facet normal -0.708015680313 0.00178095989395 -0.706194460392
    outer loop
      vertex 29.6306781769 33.5308227539 12.25
      vertex 29.4030437469 33.3271903992 2.5
      vertex 29.1948738098 33.0938949585 12.25
    endloop
  endfacet
  facet normal -0.708013653755 -0.00296546798199 -0.706192493439
    outer loop
      vertex 29.1948738098 33.0938949585 12.25
      vertex 29.3713417053 33.2949638367 18
      vertex 29.6306781769 33.5308227539 12.25
    endloop
  endfacet
  facet normal -0.772989392281 -0.00132375699468 -0.634417533875
    outer loop
      vertex 29.1948738098 33.0938949585 12.25
      vertex 29.4030437469 33.3271903992 2.5
      vertex 29.0610466003 32.9104919434 2.5
    endloop
  endfacet
  facet normal -0.847393989563 0.0016435678117 -0.530962049961
    outer loop
      vertex 29.1948738098 33.0938949585 12.25
      vertex 29.0610466003 32.9104919434 2.5
      vertex 28.8686733246 32.5732917786 12.25
    endloop
  endfacet
  facet normal -0.847392559052 -0.00246367021464 -0.530961155891
    outer loop
      vertex 28.8686733246 32.5732917786 12.25
      vertex 28.9510879517 32.731502533 18
      vertex 29.1948738098 33.0938949585 12.25
    endloop
  endfacet
  facet normal 0 -1 0
    outer loop
      vertex 29.0610466003 32.9104919434 2.5
      vertex 29.4030437469 33.3271903992 2.5
      vertex 34.9373168945 31.9916038513 2.5
    endloop
  endfacet
  facet normal 0 -1 0
    outer loop
      vertex 34.9373168945 31.9916038513 2.5
      vertex 28.8069076538 32.4350814819 2.5
      vertex 29.0610466003 32.9104919434 2.5
    endloop
  endfacet
  facet normal 0 -1 0
    outer loop
      vertex 34.9373168945 31.9916038513 2.5
      vertex 29.4030437469 33.3271903992 2.5
      vertex 31.3475284576 34.1325874329 2.5
    endloop
  endfacet
  facet normal 0 -1 0
    outer loop
      vertex 31.3475284576 34.1325874329 2.5
      vertex 35.1387252808 32.5703086853 2.5
      vertex 34.9373168945 31.9916038513 2.5
    endloop
  endfacet
  facet normal -0.944414258003 0.00679363775998 -0.328687608242
    outer loop
      vertex 35.013004303 32.2607498169 5.95848518969e-07
      vertex 34.9373168945 31.9916038513 2.5
      vertex 35.1387252808 32.5703086853 2.5
    endloop
  endfacet
  facet normal -0.907556295395 -0.00635197944939 -0.419882357121
    outer loop
      vertex 35.013004303 32.2607498169 5.95848518969e-07
      vertex 35.1387252808 32.5703086853 2.5
      vertex 35.2626953125 32.8004417419 5.95848518969e-07
    endloop
  endfacet
  facet normal 0 -1 0
    outer loop
      vertex 35.2626953125 32.8004417419 5.95848518969e-07
      vertex 36.1035079956 32.2576713562 5.95848518969e-07
      vertex 35.013004303 32.2607498169 5.95848518969e-07
    endloop
  endfacet
  facet normal 0 -1 0
    outer loop
      vertex 35.013004303 32.2607498169 5.95848518969e-07
      vertex 36.1035079956 32.2576713562 5.95848518969e-07
      vertex 35.9286804199 31.8356018066 5.95848518969e-07
    endloop
  endfacet
  facet normal 0 -1 0
    outer loop
      vertex 35.013004303 32.2607498169 5.95848518969e-07
      vertex 35.9286804199 31.8356018066 5.95848518969e-07
      vertex 34.8851699829 31.6799964905 5.95848518969e-07
    endloop
  endfacet
  facet normal 0 -1 0
    outer loop
      vertex 34.8851699829 31.6799964905 5.95848518969e-07
      vertex 35.9286804199 31.8356018066 5.95848518969e-07
      vertex 35.8690490723 31.3826675415 5.95848518969e-07
    endloop
  endfacet
  facet normal 0 -1 0
    outer loop
      vertex 34.8851699829 31.6799964905 5.95848518969e-07
      vertex 35.8690490723 31.3826675415 5.95848518969e-07
      vertex 34.8851699829 31.0853424072 5.95848518969e-07
    endloop
  endfacet
  facet normal -0.999979197979 -0.00644790148363 -0
    outer loop
      vertex 34.8851699829 31.0853424072 5.95848518969e-07
      vertex 34.8690490723 31.3826675415 2.5
      vertex 34.8851699829 31.6799964905 5.95848518969e-07
    endloop
  endfacet
  facet normal -0.993751227856 0.00684213079512 -0.111407510936
    outer loop
      vertex 34.8851699829 31.6799964905 5.95848518969e-07
      vertex 34.8690490723 31.3826675415 2.5
      vertex 34.9373168945 31.9916038513 2.5
    endloop
  endfacet
  facet normal 0 -1 -0
    outer loop
      vertex 34.8690490723 31.3826675415 2.5
      vertex 28.6504001617 31.9192295074 2.5
      vertex 34.9373168945 31.9916038513 2.5
    endloop
  endfacet
  facet normal -0.993751227856 0.00684207584709 0.11140794307
    outer loop
      vertex 34.8851699829 31.0853424072 5.95848518969e-07
      vertex 34.9373168945 30.7737350464 2.5
      vertex 34.8690490723 31.3826675415 2.5
    endloop
  endfacet
  facet normal 0 -1 0
    outer loop
      vertex 34.9373168945 30.7737350464 2.5
      vertex 28.6503696442 30.8462562561 2.5
      vertex 34.8690490723 31.3826675415 2.5
    endloop
  endfacet
  facet normal -0 -1 0
    outer loop
      vertex 34.8690490723 31.3826675415 2.5
      vertex 28.6503696442 30.8462562561 2.5
      vertex 28.5975284576 31.3827514648 2.5
    endloop
  endfacet
  facet normal -0.99518430233 0.00071780529106 0.0980190932751
    outer loop
      vertex 28.6503696442 30.8462562561 2.5
      vertex 28.6654834747 30.7751922607 13.75
      vertex 28.5975284576 31.3827514648 2.5
    endloop
  endfacet
  facet normal -0.956940770149 -0.00054804678075 0.290282696486
    outer loop
      vertex 28.8068599701 30.330373764 2.5
      vertex 28.6654834747 30.7751922607 13.75
      vertex 28.6503696442 30.8462562561 2.5
    endloop
  endfacet
  facet normal -0.944688081741 0.00109599693678 0.327968358994
    outer loop
      vertex 28.8068599701 30.330373764 2.5
      vertex 28.8659877777 30.1976585388 13.75
      vertex 28.6654834747 30.7751922607 13.75
    endloop
  endfacet
  facet normal -0.944682061672 -0.0037277797237 0.327966272831
    outer loop
      vertex 28.8659877777 30.1976585388 13.75
      vertex 28.7774047852 30.4045066833 18
      vertex 28.6654834747 30.7751922607 13.75
    endloop
  endfacet
  facet normal -0.898425996304 0.0026460615918 0.439116925001
    outer loop
      vertex 28.8659877777 30.1976585388 13.75
      vertex 28.9966945648 29.9558429718 18
      vertex 28.7774047852 30.4045066833 18
    endloop
  endfacet
  facet normal -0.848880052567 -0.00396742718294 0.528570592403
    outer loop
      vertex 29.1891307831 29.678691864 13.75
      vertex 28.9966945648 29.9558429718 18
      vertex 28.8659877777 30.1976585388 13.75
    endloop
  endfacet
  facet normal -0.848885953426 0.00138850498479 0.528574228287
    outer loop
      vertex 29.0609874725 29.8549365997 2.5
      vertex 29.1891307831 29.678691864 13.75
      vertex 28.8659877777 30.1976585388 13.75
    endloop
  endfacet
  facet normal -0.773011445999 -0.00113349559251 0.634391069412
    outer loop
      vertex 29.4029846191 29.4382095337 2.5
      vertex 29.1891307831 29.678691864 13.75
      vertex 29.0609874725 29.8549365997 2.5
    endloop
  endfacet
  facet normal 0 -1 0
    outer loop
      vertex 34.9373168945 30.7737350464 2.5
      vertex 29.4029846191 29.4382095337 2.5
      vertex 29.0609874725 29.8549365997 2.5
    endloop
  endfacet
  facet normal 0 -1 -0
    outer loop
      vertex 29.0609874725 29.8549365997 2.5
      vertex 28.8068599701 30.330373764 2.5
      vertex 34.9373168945 30.7737350464 2.5
    endloop
  endfacet
  facet normal 0 -1 0
    outer loop
      vertex 34.9373168945 30.7737350464 2.5
      vertex 31.3475284576 28.6327533722 2.5
      vertex 29.4029846191 29.4382095337 2.5
    endloop
  endfacet
  facet normal 0 -1 0
    outer loop
      vertex 31.3475284576 28.6327533722 2.5
      vertex 29.8197097778 29.0962123871 2.5
      vertex 29.4029846191 29.4382095337 2.5
    endloop
  endfacet
  facet normal -0.634393692017 -0.00117001414765 0.773009240627
    outer loop
      vertex 29.8197097778 29.0962123871 2.5
      vertex 29.6189479828 29.2439441681 13.75
      vertex 29.4029846191 29.4382095337 2.5
    endloop
  endfacet
  facet normal -0.540194630623 -0.00252227741294 0.841536343098
    outer loop
      vertex 29.9327812195 29.0245800018 22
      vertex 29.7925624847 29.1145896912 22
      vertex 29.6580524445 29.2129230499 18
    endloop
  endfacet
  facet normal -0.590161561966 0 0.807285189629
    outer loop
      vertex 29.6580524445 29.2129230499 18
      vertex 29.7925624847 29.1145896912 22
      vertex 29.6580524445 29.2129230499 22
    endloop
  endfacet
  facet normal -0.391764819622 0 0.920065402985
    outer loop
      vertex 29.1509246826 29.4288578033 22
      vertex 29.6580524445 29.2129230499 18
      vertex 29.6580524445 29.2129230499 22
    endloop
  endfacet
  facet normal 0.731609404087 -9.8396318208e-05 -0.681724011898
    outer loop
      vertex 33.4876403809 33.1095581055 12.25
      vertex 33.2270431519 33.3900527954 18
      vertex 33.482509613 33.1158943176 18
    endloop
  endfacet
  facet normal 0.81749689579 9.48085944401e-05 -0.575933039188
    outer loop
      vertex 33.4876403809 33.1095581055 12.25
      vertex 33.482509613 33.1158943176 18
      vertex 33.6983337402 32.8095474243 18
    endloop
  endfacet
  facet normal 0.843498110771 -0.00288283079863 -0.537124335766
    outer loop
      vertex 33.4876403809 33.1095581055 12.25
      vertex 33.6983337402 32.8095474243 18
      vertex 33.8176269531 32.5913467407 12.25
    endloop
  endfacet
  facet normal 0.843501627445 0.000108637847006 -0.537126600742
    outer loop
      vertex 33.8176269531 32.5913467407 12.25
      vertex 33.4921302795 33.1039733887 5
      vertex 33.4876403809 33.1095581055 12.25
    endloop
  endfacet
  facet normal 0.705149590969 -0.000109525390144 -0.709058582783
    outer loop
      vertex 33.4876403809 33.1095581055 12.25
      vertex 33.4921302795 33.1039733887 5
      vertex 33.0570220947 33.5366821289 5
    endloop
  endfacet
  facet normal 0.70320135355 0.000120021097246 -0.710990726948
    outer loop
      vertex 33.4876403809 33.1095581055 12.25
      vertex 33.0570220947 33.5366821289 5
      vertex 33.0508384705 33.5415763855 12.25
    endloop
  endfacet
  facet normal -0 1 0
    outer loop
      vertex 33.0570220947 33.5366821289 5
      vertex 33.4921302795 33.1039733887 5
      vertex 37.5975265503 34.1325874329 5
    endloop
  endfacet
  facet normal 0 1 0
    outer loop
      vertex 37.5975265503 34.1325874329 5
      vertex 32.5367889404 33.8621330261 5
      vertex 33.0570220947 33.5366821289 5
    endloop
  endfacet
  facet normal 0 1 0
    outer loop
      vertex 37.5975265503 34.1325874329 5
      vertex 33.4921302795 33.1039733887 5
      vertex 36.7440490723 32.8982162476 5
    endloop
  endfacet
  facet normal 0 1 0
    outer loop
      vertex 37.5975265503 34.1325874329 5
      vertex 36.7440490723 32.8982162476 5
      vertex 37.1661186218 33.0730400085 5
    endloop
  endfacet
  facet normal 0 1 0
    outer loop
      vertex 37.6190490723 33.1326713562 5
      vertex 37.5975265503 34.1325874329 5
      vertex 37.1661186218 33.0730400085 5
    endloop
  endfacet
  facet normal 0.130533218384 0 0.991443932056
    outer loop
      vertex 37.1661186218 33.0730400085 5
      vertex 37.1661186218 33.0730400085 5.95848518969e-07
      vertex 37.6190490723 33.1326713562 5
    endloop
  endfacet
  facet normal 0.130533218384 0 0.991443932056
    outer loop
      vertex 37.6190490723 33.1326713562 5
      vertex 37.1661186218 33.0730400085 5.95848518969e-07
      vertex 37.6190490723 33.1326713562 5.95848518969e-07
    endloop
  endfacet
  facet normal -0.130531847477 0 0.99144411087
    outer loop
      vertex 37.6190490723 33.1326713562 5
      vertex 37.6190490723 33.1326713562 5.95848518969e-07
      vertex 38.0719833374 33.0730400085 5
    endloop
  endfacet
  facet normal 0 1 0
    outer loop
      vertex 38.0719833374 33.0730400085 5
      vertex 38.1725502014 34.0763931274 5
      vertex 37.6190490723 33.1326713562 5
    endloop
  endfacet
  facet normal 0 1 0
    outer loop
      vertex 38.0719833374 33.0730400085 5
      vertex 38.7231407166 33.9012985229 5
      vertex 38.1725502014 34.0763931274 5
    endloop
  endfacet
  facet normal 0.303056716919 0.00266505265608 -0.952968776226
    outer loop
      vertex 38.3547554016 34.0324325562 5.95848518969e-07
      vertex 38.1725502014 34.0763931274 5
      vertex 38.7231407166 33.9012985229 5
    endloop
  endfacet
  facet normal 0.370138853788 -0.00290671759285 -0.928971886635
    outer loop
      vertex 38.3547554016 34.0324325562 5.95848518969e-07
      vertex 38.7231407166 33.9012985229 5
      vertex 38.9071731567 33.8123283386 5.95848518969e-07
    endloop
  endfacet
  facet normal -0 -1 0
    outer loop
      vertex 38.9071731567 33.8123283386 5.95848518969e-07
      vertex 38.0719833374 33.0730400085 5.95848518969e-07
      vertex 38.3547554016 34.0324325562 5.95848518969e-07
    endloop
  endfacet
  facet normal -0 -1 0
    outer loop
      vertex 38.3547554016 34.0324325562 5.95848518969e-07
      vertex 38.0719833374 33.0730400085 5.95848518969e-07
      vertex 37.7679328918 34.1286354065 5.95848518969e-07
    endloop
  endfacet
  facet normal 0 -1 0
    outer loop
      vertex 37.7679328918 34.1286354065 5.95848518969e-07
      vertex 38.0719833374 33.0730400085 5.95848518969e-07
      vertex 37.6190490723 33.1326713562 5.95848518969e-07
    endloop
  endfacet
  facet normal 0 -1 0
    outer loop
      vertex 37.7679328918 34.1286354065 5.95848518969e-07
      vertex 37.6190490723 33.1326713562 5.95848518969e-07
      vertex 37.1741485596 34.0964431763 5.95848518969e-07
    endloop
  endfacet
  facet normal -0.0541350096464 -0.005268283654 -0.998519718647
    outer loop
      vertex 37.5975265503 34.1325874329 2.5
      vertex 37.7679328918 34.1286354065 5.95848518969e-07
      vertex 37.1741485596 34.0964431763 5.95848518969e-07
    endloop
  endfacet
  facet normal -0.119183287024 0.00582962110639 -0.992855131626
    outer loop
      vertex 37.1741485596 34.0964431763 5.95848518969e-07
      vertex 36.9891471863 34.0595550537 2.5
      vertex 37.5975265503 34.1325874329 2.5
    endloop
  endfacet
  facet normal 0 -1 0
    outer loop
      vertex 37.5975265503 34.1325874329 2.5
      vertex 36.9891471863 34.0595550537 2.5
      vertex 31.3475284576 34.1325874329 2.5
    endloop
  endfacet
  facet normal 0 0 -1
    outer loop
      vertex 31.3475284576 34.1325874329 2.5
      vertex 37.5975265503 34.1325874329 5
      vertex 37.5975265503 34.1325874329 2.5
    endloop
  endfacet
  facet normal 0.0972608923912 0 -0.995258927345
    outer loop
      vertex 37.5975265503 34.1325874329 5
      vertex 38.1725502014 34.0763931274 5
      vertex 37.5975265503 34.1325874329 2.5
    endloop
  endfacet
  facet normal 0 -1 0
    outer loop
      vertex 31.3475284576 34.1325874329 2.5
      vertex 36.9891471863 34.0595550537 2.5
      vertex 36.4120368958 33.8536262512 2.5
    endloop
  endfacet
  facet normal 0 -1 0
    outer loop
      vertex 31.3475284576 34.1325874329 2.5
      vertex 36.4120368958 33.8536262512 2.5
      vertex 35.8948554993 33.5250167847 2.5
    endloop
  endfacet
  facet normal -0 -1 0
    outer loop
      vertex 35.8948554993 33.5250167847 2.5
      vertex 35.4632759094 33.090045929 2.5
      vertex 31.3475284576 34.1325874329 2.5
    endloop
  endfacet
  facet normal -0.709854960442 0.00655220076442 -0.704317390919
    outer loop
      vertex 35.6225624084 33.2738418579 5.95848518969e-07
      vertex 35.4632759094 33.090045929 2.5
      vertex 35.8948554993 33.5250167847 2.5
    endloop
  endfacet
  facet normal -0.647374331951 -0.00606325874105 -0.762148082256
    outer loop
      vertex 35.6225624084 33.2738418579 5.95848518969e-07
      vertex 35.8948554993 33.5250167847 2.5
      vertex 36.0757865906 33.6588134766 5.95848518969e-07
    endloop
  endfacet
  facet normal 0 -1 0
    outer loop
      vertex 36.0757865906 33.6588134766 5.95848518969e-07
      vertex 36.3816146851 32.6201057434 5.95848518969e-07
      vertex 35.6225624084 33.2738418579 5.95848518969e-07
    endloop
  endfacet
  facet normal 0 -1 0
    outer loop
      vertex 35.6225624084 33.2738418579 5.95848518969e-07
      vertex 36.3816146851 32.6201057434 5.95848518969e-07
      vertex 36.1035079956 32.2576713562 5.95848518969e-07
    endloop
  endfacet
  facet normal 0.793349206448 0 0.608766794205
    outer loop
      vertex 36.3816146851 32.6201057434 5
      vertex 36.1035079956 32.2576713562 5.95848518969e-07
      vertex 36.3816146851 32.6201057434 5.95848518969e-07
    endloop
  endfacet
  facet normal 0.608767569065 0 0.793348610401
    outer loop
      vertex 36.3816146851 32.6201057434 5
      vertex 36.3816146851 32.6201057434 5.95848518969e-07
      vertex 36.7440490723 32.8982162476 5
    endloop
  endfacet
  facet normal 0.608767569065 0 0.793348610401
    outer loop
      vertex 36.7440490723 32.8982162476 5
      vertex 36.3816146851 32.6201057434 5.95848518969e-07
      vertex 36.7440490723 32.8982162476 5.95848518969e-07
    endloop
  endfacet
  facet normal 0.793349206448 0 0.608766794205
    outer loop
      vertex 36.1035079956 32.2576713562 5
      vertex 36.1035079956 32.2576713562 5.95848518969e-07
      vertex 36.3816146851 32.6201057434 5
    endloop
  endfacet
  facet normal 0 1 0
    outer loop
      vertex 36.3816146851 32.6201057434 5
      vertex 33.8204574585 32.5855522156 5
      vertex 36.1035079956 32.2576713562 5
    endloop
  endfacet
  facet normal 0 1 0
    outer loop
      vertex 36.1035079956 32.2576713562 5
      vertex 33.8204574585 32.5855522156 5
      vertex 34.0256462097 32.0072288513 5
    endloop
  endfacet
  facet normal 0 1 0
    outer loop
      vertex 36.1035079956 32.2576713562 5
      vertex 34.0256462097 32.0072288513 5
      vertex 35.9286804199 31.8356018066 5
    endloop
  endfacet
  facet normal 0.923880040646 0 0.382682263851
    outer loop
      vertex 35.9286804199 31.8356018066 5
      vertex 35.9286804199 31.8356018066 5.95848518969e-07
      vertex 36.1035079956 32.2576713562 5
    endloop
  endfacet
  facet normal 0 1 0
    outer loop
      vertex 35.9286804199 31.8356018066 5
      vertex 34.0256462097 32.0072288513 5
      vertex 34.0974845886 31.3978042603 5
    endloop
  endfacet
  facet normal 0 1 0
    outer loop
      vertex 35.9286804199 31.8356018066 5
      vertex 34.0974845886 31.3978042603 5
      vertex 35.8690490723 31.3826675415 5
    endloop
  endfacet
  facet normal 0.99144411087 0 0.130531847477
    outer loop
      vertex 35.8690490723 31.3826675415 5
      vertex 35.8690490723 31.3826675415 5.95848518969e-07
      vertex 35.9286804199 31.8356018066 5
    endloop
  endfacet
  facet normal 0.991444051266 0 -0.13053253293
    outer loop
      vertex 35.8690490723 31.3826675415 5
      vertex 35.9286804199 30.9297370911 5.95848518969e-07
      vertex 35.8690490723 31.3826675415 5.95848518969e-07
    endloop
  endfacet
  facet normal 0.991444051266 0 -0.13053253293
    outer loop
      vertex 35.9286804199 30.9297370911 5
      vertex 35.9286804199 30.9297370911 5.95848518969e-07
      vertex 35.8690490723 31.3826675415 5
    endloop
  endfacet
  facet normal 0.923879265785 0 -0.382684111595
    outer loop
      vertex 35.9286804199 30.9297370911 5
      vertex 36.1035079956 30.5076694489 5.95848518969e-07
      vertex 35.9286804199 30.9297370911 5.95848518969e-07
    endloop
  endfacet
  facet normal 0 -1 0
    outer loop
      vertex 35.013004303 30.5045890808 5.95848518969e-07
      vertex 35.9286804199 30.9297370911 5.95848518969e-07
      vertex 36.1035079956 30.5076694489 5.95848518969e-07
    endloop
  endfacet
  facet normal 0 -1 0
    outer loop
      vertex 35.013004303 30.5045890808 5.95848518969e-07
      vertex 36.1035079956 30.5076694489 5.95848518969e-07
      vertex 35.2626953125 29.9648971558 5.95848518969e-07
    endloop
  endfacet
  facet normal -0.907556295395 -0.00635117478669 0.419882357121
    outer loop
      vertex 35.2626953125 29.9648971558 5.95848518969e-07
      vertex 35.1387252808 30.1950340271 2.5
      vertex 35.013004303 30.5045890808 5.95848518969e-07
    endloop
  endfacet
  facet normal -0.944413423538 0.00679392460734 0.328690052032
    outer loop
      vertex 35.013004303 30.5045890808 5.95848518969e-07
      vertex 35.1387252808 30.1950340271 2.5
      vertex 34.9373168945 30.7737350464 2.5
    endloop
  endfacet
  facet normal -0.848188817501 0.00669757369906 0.529651641846
    outer loop
      vertex 35.2626953125 29.9648971558 5.95848518969e-07
      vertex 35.4632759094 29.6752948761 2.5
      vertex 35.1387252808 30.1950340271 2.5
    endloop
  endfacet
  facet normal 0 -1 0
    outer loop
      vertex 35.1387252808 30.1950340271 2.5
      vertex 35.4632759094 29.6752948761 2.5
      vertex 31.3475284576 28.6327533722 2.5
    endloop
  endfacet
  facet normal 0 -1 0
    outer loop
      vertex 31.3475284576 28.6327533722 2.5
      vertex 35.4632759094 29.6752948761 2.5
      vertex 35.8948554993 29.2403240204 2.5
    endloop
  endfacet
  facet normal 0 -1 0
    outer loop
      vertex 31.3475284576 28.6327533722 2.5
      vertex 35.8948554993 29.2403240204 2.5
      vertex 36.4120368958 28.9117145538 2.5
    endloop
  endfacet
  facet normal 0 -1 0
    outer loop
      vertex 36.4120368958 28.9117145538 2.5
      vertex 36.9891471863 28.705783844 2.5
      vertex 31.3475284576 28.6327533722 2.5
    endloop
  endfacet
  facet normal 0 -1 0
    outer loop
      vertex 31.3475284576 28.6327533722 2.5
      vertex 36.9891471863 28.705783844 2.5
      vertex 37.5975265503 28.6327533722 2.5
    endloop
  endfacet
  facet normal 0 0 1
    outer loop
      vertex 31.3779678345 28.6327533722 5
      vertex 31.3475284576 28.6327533722 2.5
      vertex 37.5975265503 28.6327533722 2.5
    endloop
  endfacet
  facet normal 0 -0 1
    outer loop
      vertex 37.5975265503 28.6327533722 2.5
      vertex 37.5975265503 28.6327533722 5
      vertex 31.3779678345 28.6327533722 5
    endloop
  endfacet
  facet normal 0 1 -0
    outer loop
      vertex 31.9869804382 28.7079639435 5
      vertex 31.3779678345 28.6327533722 5
      vertex 37.5975265503 28.6327533722 5
    endloop
  endfacet
  facet normal 0 1 0
    outer loop
      vertex 37.5975265503 28.6327533722 5
      vertex 32.5641593933 28.9163532257 5
      vertex 31.9869804382 28.7079639435 5
    endloop
  endfacet
  facet normal 0.339591890574 -2.80795229628e-05 0.940572857857
    outer loop
      vertex 31.9869804382 28.7079639435 5
      vertex 32.5641593933 28.9163532257 5
      vertex 32.5625152588 28.9155426025 12.25
    endloop
  endfacet
  facet normal 0.339120358229 1.42220360431e-05 0.940742969513
    outer loop
      vertex 31.9860916138 28.7077522278 12.25
      vertex 31.9869804382 28.7079639435 5
      vertex 32.5625152588 28.9155426025 12.25
    endloop
  endfacet
  facet normal 0.339120060205 -0.00132870010566 0.940742135048
    outer loop
      vertex 32.5625152588 28.9155426025 12.25
      vertex 32.4210205078 28.8507652283 22
      vertex 31.9860916138 28.7077522278 12.25
    endloop
  endfacet
  facet normal 0.312154829502 1.04174614535e-05 0.950031220913
    outer loop
      vertex 31.9860916138 28.7077522278 12.25
      vertex 32.4210205078 28.8507652283 22
      vertex 31.9848918915 28.7074661255 22
    endloop
  endfacet
  facet normal 0.218192592263 -1.91563458429e-06 0.975905716419
    outer loop
      vertex 31.9860916138 28.7077522278 12.25
      vertex 31.9848918915 28.7074661255 22
      vertex 31.9101543427 28.6907558441 22
    endloop
  endfacet
  facet normal 0.130737319589 -0.000710095162503 0.991416811943
    outer loop
      vertex 31.9101543427 28.6907558441 22
      vertex 31.3779678345 28.6327533722 5
      vertex 31.9860916138 28.7077522278 12.25
    endloop
  endfacet
  facet normal 0.108348175883 0 0.994113028049
    outer loop
      vertex 31.3779678345 28.6327533722 22
      vertex 31.3779678345 28.6327533722 5
      vertex 31.9101543427 28.6907558441 22
    endloop
  endfacet
  facet normal 0 -1 -0
    outer loop
      vertex 30.8110294342 28.6855945587 2.5
      vertex 30.2951488495 28.842086792 2.5
      vertex 31.3475284576 28.6327533722 2.5
    endloop
  endfacet
  facet normal 0.502390503883 1.7400328943e-05 0.864640831947
    outer loop
      vertex 32.5625152588 28.9155426025 12.25
      vertex 32.891204834 29.1067199707 22
      vertex 32.5603027344 28.9144535065 22
    endloop
  endfacet
  facet normal 0.53956669569 -0.00168095878325 0.841941177845
    outer loop
      vertex 33.0814704895 29.2481193542 12.25
      vertex 32.891204834 29.1067199707 22
      vertex 32.5625152588 28.9155426025 12.25
    endloop
  endfacet
  facet normal 0.595413148403 -3.24855827785e-05 0.803419649601
    outer loop
      vertex 33.0814704895 29.2481193542 12.25
      vertex 33.0757446289 29.2434825897 22
      vertex 32.891204834 29.1067199707 22
    endloop
  endfacet
  facet normal 0.670777499676 4.11376386182e-05 0.741658687592
    outer loop
      vertex 33.0814704895 29.2481193542 12.25
      vertex 33.3028869629 29.4489173889 22
      vertex 33.0757446289 29.2434825897 22
    endloop
  endfacet
  facet normal 0.942421555519 -0.00181541836355 -0.334422290325
    outer loop
      vertex 34.0249176025 32.0103416443 12.25
      vertex 33.8705062866 32.4766998291 18
      vertex 33.9958267212 32.1235389709 18
    endloop
  endfacet
  facet normal 0.979137182236 0.000953638984356 -0.203197970986
    outer loop
      vertex 34.0249176025 32.0103416443 12.25
      vertex 33.9958267212 32.1235389709 18
      vertex 34.0719718933 31.7566204071 18
    endloop
  endfacet
  facet normal 0.992991149426 -0.00291240378283 -0.11815302074
    outer loop
      vertex 34.0249176025 32.0103416443 12.25
      vertex 34.0719718933 31.7566204071 18
      vertex 34.0974693298 31.4006023407 12.25
    endloop
  endfacet
  facet normal 0.992995321751 4.90467318741e-05 -0.118153519928
    outer loop
      vertex 34.0974693298 31.4006023407 12.25
      vertex 34.0256462097 32.0072288513 5
      vertex 34.0249176025 32.0103416443 12.25
    endloop
  endfacet
  facet normal 0.994447350502 -0.000638225232251 0.105233550072
    outer loop
      vertex 34.0974693298 31.4006023407 12.25
      vertex 34.0454597473 30.849981308 22
      vertex 34.0327911377 30.7894115448 12.25
    endloop
  endfacet
  facet normal 0.994447529316 4.29269384767e-05 0.105233572423
    outer loop
      vertex 34.0327911377 30.7894115448 12.25
      vertex 34.0974845886 31.3978042603 5
      vertex 34.0974693298 31.4006023407 12.25
    endloop
  endfacet
  facet normal 0.994359076023 -2.77126400761e-05 0.106065958738
    outer loop
      vertex 34.0327911377 30.7894115448 12.25
      vertex 34.0323982239 30.7876224518 5
      vertex 34.0974845886 31.3978042603 5
    endloop
  endfacet
  facet normal 0 1 0
    outer loop
      vertex 35.9286804199 30.9297370911 5
      vertex 34.0974845886 31.3978042603 5
      vertex 34.0323982239 30.7876224518 5
    endloop
  endfacet
  facet normal 0 1 -0
    outer loop
      vertex 35.9286804199 30.9297370911 5
      vertex 34.0323982239 30.7876224518 5
      vertex 36.1035079956 30.5076694489 5
    endloop
  endfacet
  facet normal 0 1 0
    outer loop
      vertex 36.1035079956 30.5076694489 5
      vertex 34.0323982239 30.7876224518 5
      vertex 33.8336181641 30.2070636749 5
    endloop
  endfacet
  facet normal 0 1 -0
    outer loop
      vertex 36.1035079956 30.5076694489 5
      vertex 33.8336181641 30.2070636749 5
      vertex 36.3816146851 30.1452312469 5
    endloop
  endfacet
  facet normal 0.79335308075 0 -0.60876172781
    outer loop
      vertex 36.3816146851 30.1452312469 5
      vertex 36.3816146851 30.1452312469 5.95848518969e-07
      vertex 36.1035079956 30.5076694489 5
    endloop
  endfacet
  facet normal 0.79335308075 0 -0.60876172781
    outer loop
      vertex 36.1035079956 30.5076694489 5
      vertex 36.3816146851 30.1452312469 5.95848518969e-07
      vertex 36.1035079956 30.5076694489 5.95848518969e-07
    endloop
  endfacet
  facet normal 0 -1 0
    outer loop
      vertex 35.6225624084 29.4914970398 5.95848518969e-07
      vertex 36.1035079956 30.5076694489 5.95848518969e-07
      vertex 36.3816146851 30.1452312469 5.95848518969e-07
    endloop
  endfacet
  facet normal 0 -1 0
    outer loop
      vertex 35.6225624084 29.4914970398 5.95848518969e-07
      vertex 36.3816146851 30.1452312469 5.95848518969e-07
      vertex 36.0757865906 29.1065254211 5.95848518969e-07
    endloop
  endfacet
  facet normal -0.647374331951 -0.00606252811849 0.762148082256
    outer loop
      vertex 36.0757865906 29.1065254211 5.95848518969e-07
      vertex 35.8948554993 29.2403240204 2.5
      vertex 35.6225624084 29.4914970398 5.95848518969e-07
    endloop
  endfacet
  facet normal 0 -1 0
    outer loop
      vertex 36.0757865906 29.1065254211 5.95848518969e-07
      vertex 36.3816146851 30.1452312469 5.95848518969e-07
      vertex 36.7440490723 29.8671264648 5.95848518969e-07
    endloop
  endfacet
  facet normal 0 -1 0
    outer loop
      vertex 36.0757865906 29.1065254211 5.95848518969e-07
      vertex 36.7440490723 29.8671264648 5.95848518969e-07
      vertex 36.6011695862 28.8279838562 5.95848518969e-07
    endloop
  endfacet
  facet normal -0.468402504921 -0.0058459895663 0.883495867252
    outer loop
      vertex 36.6011695862 28.8279838562 5.95848518969e-07
      vertex 36.4120368958 28.9117145538 2.5
      vertex 36.0757865906 29.1065254211 5.95848518969e-07
    endloop
  endfacet
  facet normal 0 -1 0
    outer loop
      vertex 36.6011695862 28.8279838562 5.95848518969e-07
      vertex 36.7440490723 29.8671264648 5.95848518969e-07
      vertex 37.1661186218 29.6923007965 5.95848518969e-07
    endloop
  endfacet
  facet normal 0 -1 0
    outer loop
      vertex 36.6011695862 28.8279838562 5.95848518969e-07
      vertex 37.1661186218 29.6923007965 5.95848518969e-07
      vertex 37.1741485596 28.6688995361 5.95848518969e-07
    endloop
  endfacet
  facet normal -0.267521440983 -0.00558099430054 0.96353572607
    outer loop
      vertex 37.1741485596 28.6688995361 5.95848518969e-07
      vertex 36.9891471863 28.705783844 2.5
      vertex 36.6011695862 28.8279838562 5.95848518969e-07
    endloop
  endfacet
  facet normal 0 -1 -0
    outer loop
      vertex 37.1741485596 28.6688995361 5.95848518969e-07
      vertex 37.1661186218 29.6923007965 5.95848518969e-07
      vertex 37.6190490723 29.6326694489 5.95848518969e-07
    endloop
  endfacet
  facet normal 0 -1 0
    outer loop
      vertex 37.1741485596 28.6688995361 5.95848518969e-07
      vertex 37.6190490723 29.6326694489 5.95848518969e-07
      vertex 37.7679328918 28.6367034912 5.95848518969e-07
    endloop
  endfacet
  facet normal -0.0541390255094 -0.00526855699718 0.998519480228
    outer loop
      vertex 37.7679328918 28.6367034912 5.95848518969e-07
      vertex 37.5975265503 28.6327533722 2.5
      vertex 37.1741485596 28.6688995361 5.95848518969e-07
    endloop
  endfacet
  facet normal 0 -1 -0
    outer loop
      vertex 37.7679328918 28.6367034912 5.95848518969e-07
      vertex 37.6190490723 29.6326694489 5.95848518969e-07
      vertex 38.0719833374 29.6923007965 5.95848518969e-07
    endloop
  endfacet
  facet normal 0 -1 0
    outer loop
      vertex 37.7679328918 28.6367034912 5.95848518969e-07
      vertex 38.0719833374 29.6923007965 5.95848518969e-07
      vertex 38.3547554016 28.7329101562 5.95848518969e-07
    endloop
  endfacet
  facet normal 0.161782577634 -0.00278075505048 0.986822485924
    outer loop
      vertex 38.3547554016 28.7329101562 5.95848518969e-07
      vertex 38.1725502014 28.688949585 5
      vertex 37.7679328918 28.6367034912 5.95848518969e-07
    endloop
  endfacet
  facet normal 0.0972646921873 0.00252836896107 0.995255351067
    outer loop
      vertex 37.7679328918 28.6367034912 5.95848518969e-07
      vertex 38.1725502014 28.688949585 5
      vertex 37.5975265503 28.6327533722 5
    endloop
  endfacet
  facet normal 0 1 -0
    outer loop
      vertex 37.6190490723 29.6326694489 5
      vertex 37.5975265503 28.6327533722 5
      vertex 38.1725502014 28.688949585 5
    endloop
  endfacet
  facet normal -0 1 0
    outer loop
      vertex 37.6190490723 29.6326694489 5
      vertex 38.1725502014 28.688949585 5
      vertex 38.0719833374 29.6923007965 5
    endloop
  endfacet
  facet normal -0.130526691675 -0 -0.991444766521
    outer loop
      vertex 38.0719833374 29.6923007965 5
      vertex 38.0719833374 29.6923007965 5.95848518969e-07
      vertex 37.6190490723 29.6326694489 5
    endloop
  endfacet
  facet normal -0.382685959339 -0 -0.923878490925
    outer loop
      vertex 38.0719833374 29.6923007965 5
      vertex 38.4940490723 29.8671264648 5.95848518969e-07
      vertex 38.0719833374 29.6923007965 5.95848518969e-07
    endloop
  endfacet
  facet normal 0 -1 0
    outer loop
      vertex 38.9071731567 28.9530124664 5.95848518969e-07
      vertex 38.0719833374 29.6923007965 5.95848518969e-07
      vertex 38.4940490723 29.8671264648 5.95848518969e-07
    endloop
  endfacet
  facet normal 0 -1 -0
    outer loop
      vertex 38.9071731567 28.9530124664 5.95848518969e-07
      vertex 38.4940490723 29.8671264648 5.95848518969e-07
      vertex 39.3993644714 29.2867240906 5.95848518969e-07
    endloop
  endfacet
  facet normal 0.561182916164 -0.00301172886975 0.827686369419
    outer loop
      vertex 39.3993644714 29.2867240906 5.95848518969e-07
      vertex 39.2249946594 29.1503067017 5
      vertex 38.9071731567 28.9530124664 5.95848518969e-07
    endloop
  endfacet
  facet normal 0.495472252369 0.00278030335903 0.868619322777
    outer loop
      vertex 38.9071731567 28.9530124664 5.95848518969e-07
      vertex 39.2249946594 29.1503067017 5
      vertex 38.7231407166 28.8640403748 5
    endloop
  endfacet
  facet normal 0.370135366917 -0.00290687032975 0.928973257542
    outer loop
      vertex 38.9071731567 28.9530124664 5.95848518969e-07
      vertex 38.7231407166 28.8640403748 5
      vertex 38.3547554016 28.7329101562 5.95848518969e-07
    endloop
  endfacet
  facet normal 0 1 0
    outer loop
      vertex 38.0719833374 29.6923007965 5
      vertex 38.7231407166 28.8640403748 5
      vertex 39.2249946594 29.1503067017 5
    endloop
  endfacet
  facet normal -0 1 0
    outer loop
      vertex 38.0719833374 29.6923007965 5
      vertex 39.2249946594 29.1503067017 5
      vertex 38.4940490723 29.8671264648 5
    endloop
  endfacet
  facet normal 0 1 0
    outer loop
      vertex 38.4940490723 29.8671264648 5
      vertex 39.2249946594 29.1503067017 5
      vertex 39.6559638977 29.5351085663 5
    endloop
  endfacet
  facet normal -0 1 0
    outer loop
      vertex 38.4940490723 29.8671264648 5
      vertex 39.6559638977 29.5351085663 5
      vertex 38.8564872742 30.1452312469 5
    endloop
  endfacet
  facet normal -0.608755886555 -0 -0.793357551098
    outer loop
      vertex 38.8564872742 30.1452312469 5
      vertex 38.8564872742 30.1452312469 5.95848518969e-07
      vertex 38.4940490723 29.8671264648 5
    endloop
  endfacet
  facet normal -0.608755886555 -0 -0.793357551098
    outer loop
      vertex 38.4940490723 29.8671264648 5
      vertex 38.8564872742 30.1452312469 5.95848518969e-07
      vertex 38.4940490723 29.8671264648 5.95848518969e-07
    endloop
  endfacet
  facet normal -0.793355643749 -0 -0.608758449554
    outer loop
      vertex 38.8564872742 30.1452312469 5
      vertex 39.1345939636 30.5076694489 5.95848518969e-07
      vertex 38.8564872742 30.1452312469 5.95848518969e-07
    endloop
  endfacet
  facet normal 0 -1 0
    outer loop
      vertex 39.8083076477 29.7184410095 5.95848518969e-07
      vertex 38.8564872742 30.1452312469 5.95848518969e-07
      vertex 39.1345939636 30.5076694489 5.95848518969e-07
    endloop
  endfacet
  facet normal 0 -1 -0
    outer loop
      vertex 39.8083076477 29.7184410095 5.95848518969e-07
      vertex 39.1345939636 30.5076694489 5.95848518969e-07
      vertex 40.1148834229 30.227973938 5.95848518969e-07
    endloop
  endfacet
  facet normal 0.856854379177 -0.00315815908834 0.515548825264
    outer loop
      vertex 40.1148834229 30.227973938 5.95848518969e-07
      vertex 39.9970245361 30.0014629364 5
      vertex 39.8083076477 29.7184410095 5.95848518969e-07
    endloop
  endfacet
  facet normal 0.807171106339 0.00294883735478 0.590310156345
    outer loop
      vertex 39.8083076477 29.7184410095 5.95848518969e-07
      vertex 39.9970245361 30.0014629364 5
      vertex 39.6559638977 29.5351085663 5
    endloop
  endfacet
  facet normal 0.725991427898 -0.00309545290656 0.687696754932
    outer loop
      vertex 39.8083076477 29.7184410095 5.95848518969e-07
      vertex 39.6559638977 29.5351085663 5
      vertex 39.3993644714 29.2867240906 5.95848518969e-07
    endloop
  endfacet
  facet normal 0.912688493729 0.00300096464343 0.408644944429
    outer loop
      vertex 40.1148834229 30.227973938 5.95848518969e-07
      vertex 40.2331237793 30.5287799835 5
      vertex 39.9970245361 30.0014629364 5
    endloop
  endfacet
  facet normal -0 1 0
    outer loop
      vertex 39.1345939636 30.5076694489 5
      vertex 39.9970245361 30.0014629364 5
      vertex 40.2331237793 30.5287799835 5
    endloop
  endfacet
  facet normal 0 1 0
    outer loop
      vertex 39.1345939636 30.5076694489 5
      vertex 40.2331237793 30.5287799835 5
      vertex 39.3094215393 30.9297370911 5
    endloop
  endfacet
  facet normal -0.923877418041 -0 -0.382688581944
    outer loop
      vertex 39.3094215393 30.9297370911 5
      vertex 39.3094215393 30.9297370911 5.95848518969e-07
      vertex 39.1345939636 30.5076694489 5
    endloop
  endfacet
  facet normal -0.923877418041 -0 -0.382688581944
    outer loop
      vertex 39.1345939636 30.5076694489 5
      vertex 39.3094215393 30.9297370911 5.95848518969e-07
      vertex 39.1345939636 30.5076694489 5.95848518969e-07
    endloop
  endfacet
  facet normal -0.991445362568 -0 -0.130522221327
    outer loop
      vertex 39.3094215393 30.9297370911 5
      vertex 39.3690490723 31.3826675415 5.95848518969e-07
      vertex 39.3094215393 30.9297370911 5.95848518969e-07
    endloop
  endfacet
  facet normal 0 -1 0
    outer loop
      vertex 40.3047561646 30.7915019989 5.95848518969e-07
      vertex 39.3094215393 30.9297370911 5.95848518969e-07
      vertex 39.3690490723 31.3826675415 5.95848518969e-07
    endloop
  endfacet
  facet normal 0 -1 0
    outer loop
      vertex 39.3690490723 31.3826675415 5.95848518969e-07
      vertex 40.3690490723 31.3826675415 5.95848518969e-07
      vertex 40.3047561646 30.7915019989 5.95848518969e-07
    endloop
  endfacet
  facet normal 0.994132757187 -0.00322213559411 0.108118794858
    outer loop
      vertex 40.3690490723 31.3826675415 5.95848518969e-07
      vertex 40.3538360596 31.093788147 5
      vertex 40.3047561646 30.7915019989 5.95848518969e-07
    endloop
  endfacet
  facet normal 0.977925598621 0.00303181866184 0.208931282163
    outer loop
      vertex 40.3047561646 30.7915019989 5.95848518969e-07
      vertex 40.3538360596 31.093788147 5
      vertex 40.2331237793 30.5287799835 5
    endloop
  endfacet
  facet normal 0.999995350838 0.00304236169904 0
    outer loop
      vertex 40.3690490723 31.3826675415 5.95848518969e-07
      vertex 40.3538360596 31.6715507507 5
      vertex 40.3538360596 31.093788147 5
    endloop
  endfacet
  facet normal -0 1 0
    outer loop
      vertex 39.3690490723 31.3826675415 5
      vertex 40.3538360596 31.093788147 5
      vertex 40.3538360596 31.6715507507 5
    endloop
  endfacet
  facet normal 0 1 0
    outer loop
      vertex 39.3690490723 31.3826675415 5
      vertex 40.3538360596 31.6715507507 5
      vertex 39.3094215393 31.8356018066 5
    endloop
  endfacet
  facet normal -0.991445481777 0 0.130521535873
    outer loop
      vertex 39.3094215393 31.8356018066 5
      vertex 39.3094215393 31.8356018066 5.95848518969e-07
      vertex 39.3690490723 31.3826675415 5
    endloop
  endfacet
  facet normal -0.991445481777 0 0.130521535873
    outer loop
      vertex 39.3690490723 31.3826675415 5
      vertex 39.3094215393 31.8356018066 5.95848518969e-07
      vertex 39.3690490723 31.3826675415 5.95848518969e-07
    endloop
  endfacet
  facet normal 0 -1 0
    outer loop
      vertex 39.3094215393 31.8356018066 5.95848518969e-07
      vertex 40.3047561646 31.9738388062 5.95848518969e-07
      vertex 39.3690490723 31.3826675415 5.95848518969e-07
    endloop
  endfacet
  facet normal -0 -1 0
    outer loop
      vertex 40.3047561646 31.9738388062 5.95848518969e-07
      vertex 39.3094215393 31.8356018066 5.95848518969e-07
      vertex 40.1148834229 32.5373649597 5.95848518969e-07
    endloop
  endfacet
  facet normal 0.947648704052 -0.00320111284964 -0.319298803806
    outer loop
      vertex 40.1148834229 32.5373649597 5.95848518969e-07
      vertex 40.2331237793 32.2365608215 5
      vertex 40.3047561646 31.9738388062 5.95848518969e-07
    endloop
  endfacet
  facet normal 0.977925777435 0.00303186569363 -0.208930432796
    outer loop
      vertex 40.3047561646 31.9738388062 5.95848518969e-07
      vertex 40.2331237793 32.2365608215 5
      vertex 40.3538360596 31.6715507507 5
    endloop
  endfacet
  facet normal 0.912687778473 0.00300087826326 -0.40864649415
    outer loop
      vertex 40.1148834229 32.5373649597 5.95848518969e-07
      vertex 39.9970245361 32.7638778687 5
      vertex 40.2331237793 32.2365608215 5
    endloop
  endfacet
  facet normal -0 1 0
    outer loop
      vertex 39.1345939636 32.2576713562 5
      vertex 40.2331237793 32.2365608215 5
      vertex 39.9970245361 32.7638778687 5
    endloop
  endfacet
  facet normal 0 1 0
    outer loop
      vertex 39.1345939636 32.2576713562 5
      vertex 39.9970245361 32.7638778687 5
      vertex 38.8564872742 32.6201057434 5
    endloop
  endfacet
  facet normal -0.793351769447 0 0.608763515949
    outer loop
      vertex 38.8564872742 32.6201057434 5
      vertex 38.8564872742 32.6201057434 5.95848518969e-07
      vertex 39.1345939636 32.2576713562 5
    endloop
  endfacet
  facet normal -0.793351769447 0 0.608763515949
    outer loop
      vertex 39.1345939636 32.2576713562 5
      vertex 38.8564872742 32.6201057434 5.95848518969e-07
      vertex 39.1345939636 32.2576713562 5.95848518969e-07
    endloop
  endfacet
  facet normal -0.923878192902 0 0.3826867342
    outer loop
      vertex 39.1345939636 32.2576713562 5
      vertex 39.1345939636 32.2576713562 5.95848518969e-07
      vertex 39.3094215393 31.8356018066 5
    endloop
  endfacet
  facet normal 0 -1 0
    outer loop
      vertex 39.8083076477 33.0468978882 5.95848518969e-07
      vertex 39.1345939636 32.2576713562 5.95848518969e-07
      vertex 38.8564872742 32.6201057434 5.95848518969e-07
    endloop
  endfacet
  facet normal -0 -1 0
    outer loop
      vertex 39.8083076477 33.0468978882 5.95848518969e-07
      vertex 38.8564872742 32.6201057434 5.95848518969e-07
      vertex 39.3993644714 33.4786148071 5.95848518969e-07
    endloop
  endfacet
  facet normal 0.725991427898 -0.00309578259476 -0.687696754932
    outer loop
      vertex 39.3993644714 33.4786148071 5.95848518969e-07
      vertex 39.6559638977 33.2302322388 5
      vertex 39.8083076477 33.0468978882 5.95848518969e-07
    endloop
  endfacet
  facet normal 0.807172596455 0.00294867088087 -0.590308189392
    outer loop
      vertex 39.8083076477 33.0468978882 5.95848518969e-07
      vertex 39.6559638977 33.2302322388 5
      vertex 39.9970245361 32.7638778687 5
    endloop
  endfacet
  facet normal 0.666018128395 0.00287487497553 -0.745930016041
    outer loop
      vertex 39.3993644714 33.4786148071 5.95848518969e-07
      vertex 39.2249946594 33.615032196 5
      vertex 39.6559638977 33.2302322388 5
    endloop
  endfacet
  facet normal 0 1 0
    outer loop
      vertex 38.4940490723 32.8982162476 5
      vertex 39.6559638977 33.2302322388 5
      vertex 39.2249946594 33.615032196 5
    endloop
  endfacet
  facet normal 0 1 0
    outer loop
      vertex 38.4940490723 32.8982162476 5
      vertex 39.2249946594 33.615032196 5
      vertex 38.0719833374 33.0730400085 5
    endloop
  endfacet
  facet normal -0.382681488991 0 0.923880338669
    outer loop
      vertex 38.0719833374 33.0730400085 5
      vertex 38.0719833374 33.0730400085 5.95848518969e-07
      vertex 38.4940490723 32.8982162476 5
    endloop
  endfacet
  facet normal -0.382681488991 0 0.923880338669
    outer loop
      vertex 38.4940490723 32.8982162476 5
      vertex 38.0719833374 33.0730400085 5.95848518969e-07
      vertex 38.4940490723 32.8982162476 5.95848518969e-07
    endloop
  endfacet
  facet normal -0.60876250267 0 0.793352484703
    outer loop
      vertex 38.4940490723 32.8982162476 5
      vertex 38.4940490723 32.8982162476 5.95848518969e-07
      vertex 38.8564872742 32.6201057434 5
    endloop
  endfacet
  facet normal 0 1 0
    outer loop
      vertex 38.8564872742 32.6201057434 5
      vertex 39.6559638977 33.2302322388 5
      vertex 38.4940490723 32.8982162476 5
    endloop
  endfacet
  facet normal 0.561182916164 -0.00301172886975 -0.827686369419
    outer loop
      vertex 38.9071731567 33.8123283386 5.95848518969e-07
      vertex 39.2249946594 33.615032196 5
      vertex 39.3993644714 33.4786148071 5.95848518969e-07
    endloop
  endfacet
  facet normal -0 -1 0
    outer loop
      vertex 39.3993644714 33.4786148071 5.95848518969e-07
      vertex 38.4940490723 32.8982162476 5.95848518969e-07
      vertex 38.9071731567 33.8123283386 5.95848518969e-07
    endloop
  endfacet
  facet normal 0 -1 0
    outer loop
      vertex 39.3993644714 33.4786148071 5.95848518969e-07
      vertex 38.8564872742 32.6201057434 5.95848518969e-07
      vertex 38.4940490723 32.8982162476 5.95848518969e-07
    endloop
  endfacet
  facet normal -0 -1 0
    outer loop
      vertex 40.1148834229 32.5373649597 5.95848518969e-07
      vertex 39.1345939636 32.2576713562 5.95848518969e-07
      vertex 39.8083076477 33.0468978882 5.95848518969e-07
    endloop
  endfacet
  facet normal -0.60876250267 0 0.793352484703
    outer loop
      vertex 38.8564872742 32.6201057434 5
      vertex 38.4940490723 32.8982162476 5.95848518969e-07
      vertex 38.8564872742 32.6201057434 5.95848518969e-07
    endloop
  endfacet
  facet normal 0 1 0
    outer loop
      vertex 38.8564872742 32.6201057434 5
      vertex 39.9970245361 32.7638778687 5
      vertex 39.6559638977 33.2302322388 5
    endloop
  endfacet
  facet normal 0 1 0
    outer loop
      vertex 39.3094215393 31.8356018066 5
      vertex 40.2331237793 32.2365608215 5
      vertex 39.1345939636 32.2576713562 5
    endloop
  endfacet
  facet normal 0.856854379177 -0.00315815908834 -0.515548825264
    outer loop
      vertex 39.8083076477 33.0468978882 5.95848518969e-07
      vertex 39.9970245361 32.7638778687 5
      vertex 40.1148834229 32.5373649597 5.95848518969e-07
    endloop
  endfacet
  facet normal 0 -1 0
    outer loop
      vertex 40.1148834229 32.5373649597 5.95848518969e-07
      vertex 39.3094215393 31.8356018066 5.95848518969e-07
      vertex 39.1345939636 32.2576713562 5.95848518969e-07
    endloop
  endfacet
  facet normal -0.923878192902 0 0.3826867342
    outer loop
      vertex 39.3094215393 31.8356018066 5
      vertex 39.1345939636 32.2576713562 5.95848518969e-07
      vertex 39.3094215393 31.8356018066 5.95848518969e-07
    endloop
  endfacet
  facet normal -0 1 0
    outer loop
      vertex 39.3094215393 31.8356018066 5
      vertex 40.3538360596 31.6715507507 5
      vertex 40.2331237793 32.2365608215 5
    endloop
  endfacet
  facet normal 0 1 0
    outer loop
      vertex 39.3094215393 30.9297370911 5
      vertex 40.3538360596 31.093788147 5
      vertex 39.3690490723 31.3826675415 5
    endloop
  endfacet
  facet normal 0.994132876396 -0.00322213722393 -0.108117930591
    outer loop
      vertex 40.3047561646 31.9738388062 5.95848518969e-07
      vertex 40.3538360596 31.6715507507 5
      vertex 40.3690490723 31.3826675415 5.95848518969e-07
    endloop
  endfacet
  facet normal 0 -1 0
    outer loop
      vertex 39.3690490723 31.3826675415 5.95848518969e-07
      vertex 40.3047561646 31.9738388062 5.95848518969e-07
      vertex 40.3690490723 31.3826675415 5.95848518969e-07
    endloop
  endfacet
  facet normal 0 -1 -0
    outer loop
      vertex 40.1148834229 30.227973938 5.95848518969e-07
      vertex 39.3094215393 30.9297370911 5.95848518969e-07
      vertex 40.3047561646 30.7915019989 5.95848518969e-07
    endloop
  endfacet
  facet normal -0.991445362568 -0 -0.130522221327
    outer loop
      vertex 39.3690490723 31.3826675415 5
      vertex 39.3690490723 31.3826675415 5.95848518969e-07
      vertex 39.3094215393 30.9297370911 5
    endloop
  endfacet
  facet normal -0 1 0
    outer loop
      vertex 39.3094215393 30.9297370911 5
      vertex 40.2331237793 30.5287799835 5
      vertex 40.3538360596 31.093788147 5
    endloop
  endfacet
  facet normal -0 1 0
    outer loop
      vertex 38.8564872742 30.1452312469 5
      vertex 39.9970245361 30.0014629364 5
      vertex 39.1345939636 30.5076694489 5
    endloop
  endfacet
  facet normal 0.947649121284 -0.00320104276761 0.319297581911
    outer loop
      vertex 40.3047561646 30.7915019989 5.95848518969e-07
      vertex 40.2331237793 30.5287799835 5
      vertex 40.1148834229 30.227973938 5.95848518969e-07
    endloop
  endfacet
  facet normal 0 -1 0
    outer loop
      vertex 40.1148834229 30.227973938 5.95848518969e-07
      vertex 39.1345939636 30.5076694489 5.95848518969e-07
      vertex 39.3094215393 30.9297370911 5.95848518969e-07
    endloop
  endfacet
  facet normal 0 -1 -0
    outer loop
      vertex 39.3993644714 29.2867240906 5.95848518969e-07
      vertex 38.8564872742 30.1452312469 5.95848518969e-07
      vertex 39.8083076477 29.7184410095 5.95848518969e-07
    endloop
  endfacet
  facet normal -0.793355643749 -0 -0.608758449554
    outer loop
      vertex 39.1345939636 30.5076694489 5
      vertex 39.1345939636 30.5076694489 5.95848518969e-07
      vertex 38.8564872742 30.1452312469 5
    endloop
  endfacet
  facet normal 0 1 0
    outer loop
      vertex 38.8564872742 30.1452312469 5
      vertex 39.6559638977 29.5351085663 5
      vertex 39.9970245361 30.0014629364 5
    endloop
  endfacet
  facet normal 0.666020452976 0.00287501164712 0.745927929878
    outer loop
      vertex 39.3993644714 29.2867240906 5.95848518969e-07
      vertex 39.6559638977 29.5351085663 5
      vertex 39.2249946594 29.1503067017 5
    endloop
  endfacet
  facet normal 0 -1 0
    outer loop
      vertex 39.3993644714 29.2867240906 5.95848518969e-07
      vertex 38.4940490723 29.8671264648 5.95848518969e-07
      vertex 38.8564872742 30.1452312469 5.95848518969e-07
    endloop
  endfacet
  facet normal -0.382685959339 -0 -0.923878490925
    outer loop
      vertex 38.4940490723 29.8671264648 5
      vertex 38.4940490723 29.8671264648 5.95848518969e-07
      vertex 38.0719833374 29.6923007965 5
    endloop
  endfacet
  facet normal 0 1 0
    outer loop
      vertex 38.0719833374 29.6923007965 5
      vertex 38.1725502014 28.688949585 5
      vertex 38.7231407166 28.8640403748 5
    endloop
  endfacet
  facet normal 0 1 0
    outer loop
      vertex 37.1661186218 29.6923007965 5
      vertex 37.5975265503 28.6327533722 5
      vertex 37.6190490723 29.6326694489 5
    endloop
  endfacet
  facet normal 0.130528062582 0 -0.991444587708
    outer loop
      vertex 37.6190490723 29.6326694489 5
      vertex 37.6190490723 29.6326694489 5.95848518969e-07
      vertex 37.1661186218 29.6923007965 5
    endloop
  endfacet
  facet normal 0 1 0
    outer loop
      vertex 36.7440490723 29.8671264648 5
      vertex 37.5975265503 28.6327533722 5
      vertex 37.1661186218 29.6923007965 5
    endloop
  endfacet
  facet normal 0.382682263851 0 -0.923880040646
    outer loop
      vertex 37.1661186218 29.6923007965 5
      vertex 37.1661186218 29.6923007965 5.95848518969e-07
      vertex 36.7440490723 29.8671264648 5
    endloop
  endfacet
  facet normal 0 1 -0
    outer loop
      vertex 36.7440490723 29.8671264648 5
      vertex 33.5110549927 29.6850395203 5
      vertex 37.5975265503 28.6327533722 5
    endloop
  endfacet
  facet normal 0 1 -0
    outer loop
      vertex 33.5110549927 29.6850395203 5
      vertex 33.0807571411 29.2475414276 5
      vertex 37.5975265503 28.6327533722 5
    endloop
  endfacet
  facet normal 0.712949812412 -1.41311393236e-05 0.701215088367
    outer loop
      vertex 33.0814704895 29.2481193542 12.25
      vertex 33.0807571411 29.2475414276 5
      vertex 33.5110549927 29.6850395203 5
    endloop
  endfacet
  facet normal 0.713225603104 1.91120598174e-05 0.700934588909
    outer loop
      vertex 33.0814704895 29.2481193542 12.25
      vertex 33.5110549927 29.6850395203 5
      vertex 33.511806488 29.6860027313 12.25
    endloop
  endfacet
  facet normal 0.850697934628 -1.844540202e-05 0.52565485239
    outer loop
      vertex 33.511806488 29.6860027313 12.25
      vertex 33.5110549927 29.6850395203 5
      vertex 33.8336181641 30.2070636749 5
    endloop
  endfacet
  facet normal 0.850956380367 2.31036610785e-05 0.525236308575
    outer loop
      vertex 33.511806488 29.6860027313 12.25
      vertex 33.8336181641 30.2070636749 5
      vertex 33.834274292 30.2084465027 12.25
    endloop
  endfacet
  facet normal 0.850955307484 -0.00161956564989 0.525235652924
    outer loop
      vertex 33.834274292 30.2084465027 12.25
      vertex 33.6404685974 29.8643875122 22
      vertex 33.511806488 29.6860027313 12.25
    endloop
  endfacet
  facet normal 0.810010135174 4.00944845751e-05 0.586415886879
    outer loop
      vertex 33.511806488 29.6860027313 12.25
      vertex 33.6404685974 29.8643875122 22
      vertex 33.50573349 29.6782817841 22
    endloop
  endfacet
  facet normal 0.749081850052 -5.80842242925e-05 0.662477433681
    outer loop
      vertex 33.511806488 29.6860027313 12.25
      vertex 33.50573349 29.6782817841 22
      vertex 33.3028869629 29.4489173889 22
    endloop
  endfacet
  facet normal 0.870182693005 -9.02768151718e-05 0.492729216814
    outer loop
      vertex 33.834274292 30.2084465027 12.25
      vertex 33.8290061951 30.1973552704 22
      vertex 33.6404685974 29.8643875122 22
    endloop
  endfacet
  facet normal 0.914012014866 3.24393658957e-05 0.405687063932
    outer loop
      vertex 33.834274292 30.2084465027 12.25
      vertex 33.8911590576 30.337387085 22
      vertex 33.8290061951 30.1973552704 22
    endloop
  endfacet
  facet normal 0.953450024128 -0.000130206914037 0.30155107379
    outer loop
      vertex 34.0327911377 30.7894115448 12.25
      vertex 34.0295753479 30.7750339508 22
      vertex 33.8911590576 30.337387085 22
    endloop
  endfacet
  facet normal 0.946280360222 -0.00124475732446 0.32334497571
    outer loop
      vertex 34.0327911377 30.7894115448 12.25
      vertex 33.8911590576 30.337387085 22
      vertex 33.834274292 30.2084465027 12.25
    endloop
  endfacet
  facet normal 0.539708554745 1.40781257869e-05 0.841851949692
    outer loop
      vertex 32.5641593933 28.9163532257 5
      vertex 33.0807571411 29.2475414276 5
      vertex 33.0814704895 29.2481193542 12.25
    endloop
  endfacet
  facet normal 0 1 -0
    outer loop
      vertex 36.3816146851 30.1452312469 5
      vertex 33.5110549927 29.6850395203 5
      vertex 36.7440490723 29.8671264648 5
    endloop
  endfacet
  facet normal 0.60876095295 0 -0.793353676796
    outer loop
      vertex 36.7440490723 29.8671264648 5
      vertex 36.7440490723 29.8671264648 5.95848518969e-07
      vertex 36.3816146851 30.1452312469 5
    endloop
  endfacet
  facet normal 0.303052961826 0.00266490480863 0.952969968319
    outer loop
      vertex 38.3547554016 28.7329101562 5.95848518969e-07
      vertex 38.7231407166 28.8640403748 5
      vertex 38.1725502014 28.688949585 5
    endloop
  endfacet
  facet normal 0 -1 -0
    outer loop
      vertex 38.3547554016 28.7329101562 5.95848518969e-07
      vertex 38.0719833374 29.6923007965 5.95848518969e-07
      vertex 38.9071731567 28.9530124664 5.95848518969e-07
    endloop
  endfacet
  facet normal -0.130526691675 -0 -0.991444766521
    outer loop
      vertex 37.6190490723 29.6326694489 5
      vertex 38.0719833374 29.6923007965 5.95848518969e-07
      vertex 37.6190490723 29.6326694489 5.95848518969e-07
    endloop
  endfacet
  facet normal 0.130528062582 0 -0.991444587708
    outer loop
      vertex 37.1661186218 29.6923007965 5
      vertex 37.6190490723 29.6326694489 5.95848518969e-07
      vertex 37.1661186218 29.6923007965 5.95848518969e-07
    endloop
  endfacet
  facet normal 0.382682263851 0 -0.923880040646
    outer loop
      vertex 36.7440490723 29.8671264648 5
      vertex 37.1661186218 29.6923007965 5.95848518969e-07
      vertex 36.7440490723 29.8671264648 5.95848518969e-07
    endloop
  endfacet
  facet normal 0.60876095295 0 -0.793353676796
    outer loop
      vertex 36.3816146851 30.1452312469 5
      vertex 36.7440490723 29.8671264648 5.95848518969e-07
      vertex 36.3816146851 30.1452312469 5.95848518969e-07
    endloop
  endfacet
  facet normal 0 1 0
    outer loop
      vertex 36.3816146851 30.1452312469 5
      vertex 33.8336181641 30.2070636749 5
      vertex 33.5110549927 29.6850395203 5
    endloop
  endfacet
  facet normal 0.946080029011 -2.3902650355e-05 0.323932945728
    outer loop
      vertex 33.834274292 30.2084465027 12.25
      vertex 33.8336181641 30.2070636749 5
      vertex 34.0323982239 30.7876224518 5
    endloop
  endfacet
  facet normal 0.946281075478 2.85406676994e-05 0.323345214128
    outer loop
      vertex 33.834274292 30.2084465027 12.25
      vertex 34.0323982239 30.7876224518 5
      vertex 34.0327911377 30.7894115448 12.25
    endloop
  endfacet
  facet normal 0.978274106979 1.69464783539e-05 0.207315549254
    outer loop
      vertex 34.0327911377 30.7894115448 12.25
      vertex 34.0454597473 30.849981308 22
      vertex 34.0295753479 30.7750339508 22
    endloop
  endfacet
  facet normal 0.941848874092 -0.00196127896197 -0.336031079292
    outer loop
      vertex 33.8176269531 32.5913467407 12.25
      vertex 33.8705062866 32.4766998291 18
      vertex 34.0249176025 32.0103416443 12.25
    endloop
  endfacet
  facet normal 0.941850662231 9.90925109363e-05 -0.336031734943
    outer loop
      vertex 34.0249176025 32.0103416443 12.25
      vertex 33.8204574585 32.5855522156 5
      vertex 33.8176269531 32.5913467407 12.25
    endloop
  endfacet
  facet normal 0.713224470615 -0.00176153483335 0.700933456421
    outer loop
      vertex 33.511806488 29.6860027313 12.25
      vertex 33.3028869629 29.4489173889 22
      vertex 33.0814704895 29.2481193542 12.25
    endloop
  endfacet
  facet normal 0.415843695402 -7.26365715309e-06 0.909436106682
    outer loop
      vertex 32.5625152588 28.9155426025 12.25
      vertex 32.5603027344 28.9144535065 22
      vertex 32.4210205078 28.8507652283 22
    endloop
  endfacet
  facet normal 0.539567470551 2.82821893052e-05 0.841942369938
    outer loop
      vertex 32.5625152588 28.9155426025 12.25
      vertex 32.5641593933 28.9163532257 5
      vertex 33.0814704895 29.2481193542 12.25
    endloop
  endfacet
  facet normal 0 1 0
    outer loop
      vertex 37.5975265503 28.6327533722 5
      vertex 33.0807571411 29.2475414276 5
      vertex 32.5641593933 28.9163532257 5
    endloop
  endfacet
  facet normal 0.122565321624 -1.38374716698e-05 0.992460429668
    outer loop
      vertex 31.3779678345 28.6327533722 5
      vertex 31.9869804382 28.7079639435 5
      vertex 31.9860916138 28.7077522278 12.25
    endloop
  endfacet
  facet normal 0.023182541132 0 0.999731242657
    outer loop
      vertex 37.7679328918 28.6367034912 5.95848518969e-07
      vertex 37.5975265503 28.6327533722 5
      vertex 37.5975265503 28.6327533722 2.5
    endloop
  endfacet
  facet normal -0.119183294475 0.00582866976038 0.992855131626
    outer loop
      vertex 37.1741485596 28.6688995361 5.95848518969e-07
      vertex 37.5975265503 28.6327533722 2.5
      vertex 36.9891471863 28.705783844 2.5
    endloop
  endfacet
  facet normal -0.336069703102 0.00611868174747 0.941817224026
    outer loop
      vertex 36.6011695862 28.8279838562 5.95848518969e-07
      vertex 36.9891471863 28.705783844 2.5
      vertex 36.4120368958 28.9117145538 2.5
    endloop
  endfacet
  facet normal -0.536277413368 0.00635950779542 0.844017803669
    outer loop
      vertex 36.0757865906 29.1065254211 5.95848518969e-07
      vertex 36.4120368958 28.9117145538 2.5
      vertex 35.8948554993 29.2403240204 2.5
    endloop
  endfacet
  facet normal -0.709854960442 0.00655287550762 0.704317390919
    outer loop
      vertex 35.6225624084 29.4914970398 5.95848518969e-07
      vertex 35.8948554993 29.2403240204 2.5
      vertex 35.4632759094 29.6752948761 2.5
    endloop
  endfacet
  facet normal -0.796077847481 -0.00623059738427 0.605162143707
    outer loop
      vertex 35.6225624084 29.4914970398 5.95848518969e-07
      vertex 35.4632759094 29.6752948761 2.5
      vertex 35.2626953125 29.9648971558 5.95848518969e-07
    endloop
  endfacet
  facet normal 0 -1 0
    outer loop
      vertex 35.2626953125 29.9648971558 5.95848518969e-07
      vertex 36.1035079956 30.5076694489 5.95848518969e-07
      vertex 35.6225624084 29.4914970398 5.95848518969e-07
    endloop
  endfacet
  facet normal 0 -1 0
    outer loop
      vertex 34.8851699829 31.0853424072 5.95848518969e-07
      vertex 35.9286804199 30.9297370911 5.95848518969e-07
      vertex 35.013004303 30.5045890808 5.95848518969e-07
    endloop
  endfacet
  facet normal 0.923879265785 0 -0.382684111595
    outer loop
      vertex 36.1035079956 30.5076694489 5
      vertex 36.1035079956 30.5076694489 5.95848518969e-07
      vertex 35.9286804199 30.9297370911 5
    endloop
  endfacet
  facet normal 0 1 -0
    outer loop
      vertex 35.8690490723 31.3826675415 5
      vertex 34.0974845886 31.3978042603 5
      vertex 35.9286804199 30.9297370911 5
    endloop
  endfacet
  facet normal 0.993123710155 -4.28977800766e-05 -0.117069855332
    outer loop
      vertex 34.0974693298 31.4006023407 12.25
      vertex 34.0974845886 31.3978042603 5
      vertex 34.0256462097 32.0072288513 5
    endloop
  endfacet
  facet normal 0.942439675331 -4.88695077365e-05 -0.33437615633
    outer loop
      vertex 34.0249176025 32.0103416443 12.25
      vertex 34.0256462097 32.0072288513 5
      vertex 33.8204574585 32.5855522156 5
    endloop
  endfacet
  facet normal 0 1 0
    outer loop
      vertex 36.3816146851 32.6201057434 5
      vertex 33.4921302795 33.1039733887 5
      vertex 33.8204574585 32.5855522156 5
    endloop
  endfacet
  facet normal 0 -1 0
    outer loop
      vertex 36.0757865906 33.6588134766 5.95848518969e-07
      vertex 36.7440490723 32.8982162476 5.95848518969e-07
      vertex 36.3816146851 32.6201057434 5.95848518969e-07
    endloop
  endfacet
  facet normal 0 -1 0
    outer loop
      vertex 36.6011695862 33.9373550415 5.95848518969e-07
      vertex 36.7440490723 32.8982162476 5.95848518969e-07
      vertex 36.0757865906 33.6588134766 5.95848518969e-07
    endloop
  endfacet
  facet normal -0.468402504921 -0.0058459895663 -0.883495867252
    outer loop
      vertex 36.0757865906 33.6588134766 5.95848518969e-07
      vertex 36.4120368958 33.8536262512 2.5
      vertex 36.6011695862 33.9373550415 5.95848518969e-07
    endloop
  endfacet
  facet normal 0 -1 0
    outer loop
      vertex 36.6011695862 33.9373550415 5.95848518969e-07
      vertex 37.1661186218 33.0730400085 5.95848518969e-07
      vertex 36.7440490723 32.8982162476 5.95848518969e-07
    endloop
  endfacet
  facet normal 0 -1 0
    outer loop
      vertex 37.1741485596 34.0964431763 5.95848518969e-07
      vertex 37.1661186218 33.0730400085 5.95848518969e-07
      vertex 36.6011695862 33.9373550415 5.95848518969e-07
    endloop
  endfacet
  facet normal -0.796077847481 -0.00623117713258 -0.605162143707
    outer loop
      vertex 35.2626953125 32.8004417419 5.95848518969e-07
      vertex 35.4632759094 33.090045929 2.5
      vertex 35.6225624084 33.2738418579 5.95848518969e-07
    endloop
  endfacet
  facet normal -0.536274671555 0.00635899510235 -0.844019591808
    outer loop
      vertex 36.0757865906 33.6588134766 5.95848518969e-07
      vertex 35.8948554993 33.5250167847 2.5
      vertex 36.4120368958 33.8536262512 2.5
    endloop
  endfacet
  facet normal -0.336069703102 0.00611868174747 -0.941817224026
    outer loop
      vertex 36.6011695862 33.9373550415 5.95848518969e-07
      vertex 36.4120368958 33.8536262512 2.5
      vertex 36.9891471863 34.0595550537 2.5
    endloop
  endfacet
  facet normal -0.267525166273 -0.00558036286384 -0.963534712791
    outer loop
      vertex 36.6011695862 33.9373550415 5.95848518969e-07
      vertex 36.9891471863 34.0595550537 2.5
      vertex 37.1741485596 34.0964431763 5.95848518969e-07
    endloop
  endfacet
  facet normal 0.0804232656956 0.00390640832484 -0.996753156185
    outer loop
      vertex 37.5975265503 34.1325874329 2.5
      vertex 38.1725502014 34.0763931274 5
      vertex 37.7679328918 34.1286354065 5.95848518969e-07
    endloop
  endfacet
  facet normal 0 -1 0
    outer loop
      vertex 38.9071731567 33.8123283386 5.95848518969e-07
      vertex 38.4940490723 32.8982162476 5.95848518969e-07
      vertex 38.0719833374 33.0730400085 5.95848518969e-07
    endloop
  endfacet
  facet normal 0.495472252369 0.00278030335903 -0.868619322777
    outer loop
      vertex 38.9071731567 33.8123283386 5.95848518969e-07
      vertex 38.7231407166 33.9012985229 5
      vertex 39.2249946594 33.615032196 5
    endloop
  endfacet
  facet normal 0.161778643727 -0.00278090359643 -0.986823141575
    outer loop
      vertex 37.7679328918 34.1286354065 5.95848518969e-07
      vertex 38.1725502014 34.0763931274 5
      vertex 38.3547554016 34.0324325562 5.95848518969e-07
    endloop
  endfacet
  facet normal 0 1 0
    outer loop
      vertex 38.0719833374 33.0730400085 5
      vertex 39.2249946594 33.615032196 5
      vertex 38.7231407166 33.9012985229 5
    endloop
  endfacet
  facet normal -0.130531847477 0 0.99144411087
    outer loop
      vertex 38.0719833374 33.0730400085 5
      vertex 37.6190490723 33.1326713562 5.95848518969e-07
      vertex 38.0719833374 33.0730400085 5.95848518969e-07
    endloop
  endfacet
  facet normal 0 -1 0
    outer loop
      vertex 37.1741485596 34.0964431763 5.95848518969e-07
      vertex 37.6190490723 33.1326713562 5.95848518969e-07
      vertex 37.1661186218 33.0730400085 5.95848518969e-07
    endloop
  endfacet
  facet normal 0.3826777637 0 0.92388188839
    outer loop
      vertex 37.1661186218 33.0730400085 5
      vertex 36.7440490723 32.8982162476 5.95848518969e-07
      vertex 37.1661186218 33.0730400085 5.95848518969e-07
    endloop
  endfacet
  facet normal 0 1 0
    outer loop
      vertex 37.6190490723 33.1326713562 5
      vertex 38.1725502014 34.0763931274 5
      vertex 37.5975265503 34.1325874329 5
    endloop
  endfacet
  facet normal 0.3826777637 0 0.92388188839
    outer loop
      vertex 36.7440490723 32.8982162476 5
      vertex 36.7440490723 32.8982162476 5.95848518969e-07
      vertex 37.1661186218 33.0730400085 5
    endloop
  endfacet
  facet normal 0 1 0
    outer loop
      vertex 36.7440490723 32.8982162476 5
      vertex 33.4921302795 33.1039733887 5
      vertex 36.3816146851 32.6201057434 5
    endloop
  endfacet
  facet normal 0.844823181629 -9.78375319391e-05 -0.535045564175
    outer loop
      vertex 33.8176269531 32.5913467407 12.25
      vertex 33.8204574585 32.5855522156 5
      vertex 33.4921302795 33.1039733887 5
    endloop
  endfacet
  facet normal 0.888207554817 0.000992646557279 -0.459441304207
    outer loop
      vertex 33.8176269531 32.5913467407 12.25
      vertex 33.6983337402 32.8095474243 18
      vertex 33.8705062866 32.4766998291 18
    endloop
  endfacet
  facet normal 0.703198552132 -0.00281354505569 -0.710987925529
    outer loop
      vertex 33.0508384705 33.5415763855 12.25
      vertex 33.2270431519 33.3900527954 18
      vertex 33.4876403809 33.1095581055 12.25
    endloop
  endfacet
  facet normal -0.387459278107 0.000644178537186 0.921886563301
    outer loop
      vertex 29.1509246826 29.4288578033 22
      vertex 29.123052597 29.4377765656 18
      vertex 29.6580524445 29.2129230499 18
    endloop
  endfacet
  facet normal 0 -1 0
    outer loop
      vertex 29.123052597 29.4377765656 18
      vertex 29.2935028076 29.554233551 18
      vertex 29.6580524445 29.2129230499 18
    endloop
  endfacet
  facet normal 0 -1 -0
    outer loop
      vertex 29.123052597 29.4377765656 18
      vertex 28.9966945648 29.9558429718 18
      vertex 29.2935028076 29.554233551 18
    endloop
  endfacet
  facet normal 0 -1 0
    outer loop
      vertex 28.5557231903 29.5599212646 18
      vertex 28.9966945648 29.9558429718 18
      vertex 29.123052597 29.4377765656 18
    endloop
  endfacet
  facet normal -0.22417832911 -0.000610972812865 0.974547922611
    outer loop
      vertex 28.6137657166 29.5524215698 22
      vertex 29.123052597 29.4377765656 18
      vertex 29.1509246826 29.4288578033 22
    endloop
  endfacet
  facet normal -0.683457970619 0.000959785946179 0.729989230633
    outer loop
      vertex 29.2935028076 29.554233551 18
      vertex 29.6189479828 29.2439441681 13.75
      vertex 29.6580524445 29.2129230499 18
    endloop
  endfacet
  facet normal -0.711123287678 -0.00312473811209 0.703060388565
    outer loop
      vertex 29.6189479828 29.2439441681 13.75
      vertex 29.2935028076 29.554233551 18
      vertex 29.1891307831 29.678691864 13.75
    endloop
  endfacet
  facet normal 0 -1 0
    outer loop
      vertex 31.3475284576 28.6327533722 2.5
      vertex 30.2951488495 28.842086792 2.5
      vertex 29.8197097778 29.0962123871 2.5
    endloop
  endfacet
  facet normal -0 -1 0
    outer loop
      vertex 35.1387252808 30.1950340271 2.5
      vertex 31.3475284576 28.6327533722 2.5
      vertex 34.9373168945 30.7737350464 2.5
    endloop
  endfacet
  facet normal -0.711125910282 0.00151083304081 0.703063011169
    outer loop
      vertex 29.4029846191 29.4382095337 2.5
      vertex 29.6189479828 29.2439441681 13.75
      vertex 29.1891307831 29.678691864 13.75
    endloop
  endfacet
  facet normal -0.804205656052 0.00234479177743 0.594346523285
    outer loop
      vertex 29.1891307831 29.678691864 13.75
      vertex 29.2935028076 29.554233551 18
      vertex 28.9966945648 29.9558429718 18
    endloop
  endfacet
  facet normal -0.881920158863 -0.00092592544388 0.47139787674
    outer loop
      vertex 29.0609874725 29.8549365997 2.5
      vertex 28.8659877777 30.1976585388 13.75
      vertex 28.8068599701 30.330373764 2.5
    endloop
  endfacet
  facet normal -0 -1 0
    outer loop
      vertex 34.9373168945 30.7737350464 2.5
      vertex 28.8068599701 30.330373764 2.5
      vertex 28.6503696442 30.8462562561 2.5
    endloop
  endfacet
  facet normal -0.976599991322 -0.00642365776002 0.21496796608
    outer loop
      vertex 35.013004303 30.5045890808 5.95848518969e-07
      vertex 34.9373168945 30.7737350464 2.5
      vertex 34.8851699829 31.0853424072 5.95848518969e-07
    endloop
  endfacet
  facet normal 0 -1 0
    outer loop
      vertex 34.8851699829 31.0853424072 5.95848518969e-07
      vertex 35.8690490723 31.3826675415 5.95848518969e-07
      vertex 35.9286804199 30.9297370911 5.95848518969e-07
    endloop
  endfacet
  facet normal 0.99144411087 0 0.130531847477
    outer loop
      vertex 35.9286804199 31.8356018066 5
      vertex 35.8690490723 31.3826675415 5.95848518969e-07
      vertex 35.9286804199 31.8356018066 5.95848518969e-07
    endloop
  endfacet
  facet normal 0.923880040646 0 0.382682263851
    outer loop
      vertex 36.1035079956 32.2576713562 5
      vertex 35.9286804199 31.8356018066 5.95848518969e-07
      vertex 36.1035079956 32.2576713562 5.95848518969e-07
    endloop
  endfacet
  facet normal 0 -1 0
    outer loop
      vertex 35.6225624084 33.2738418579 5.95848518969e-07
      vertex 36.1035079956 32.2576713562 5.95848518969e-07
      vertex 35.2626953125 32.8004417419 5.95848518969e-07
    endloop
  endfacet
  facet normal -0.848187744617 0.00669677462429 -0.529653429985
    outer loop
      vertex 35.2626953125 32.8004417419 5.95848518969e-07
      vertex 35.1387252808 32.5703086853 2.5
      vertex 35.4632759094 33.090045929 2.5
    endloop
  endfacet
  facet normal -0.976599991322 -0.00642365776002 -0.21496796608
    outer loop
      vertex 34.8851699829 31.6799964905 5.95848518969e-07
      vertex 34.9373168945 31.9916038513 2.5
      vertex 35.013004303 32.2607498169 5.95848518969e-07
    endloop
  endfacet
  facet normal 0 -1 0
    outer loop
      vertex 31.3475284576 34.1325874329 2.5
      vertex 35.4632759094 33.090045929 2.5
      vertex 35.1387252808 32.5703086853 2.5
    endloop
  endfacet
  facet normal 0 -1 0
    outer loop
      vertex 29.4030437469 33.3271903992 2.5
      vertex 29.8197631836 33.6691627502 2.5
      vertex 31.3475284576 34.1325874329 2.5
    endloop
  endfacet
  facet normal 0 -1 0
    outer loop
      vertex 31.3475284576 34.1325874329 2.5
      vertex 29.8197631836 33.6691627502 2.5
      vertex 30.2951869965 33.9232711792 2.5
    endloop
  endfacet
  facet normal 0 -1 0
    outer loop
      vertex 31.3475284576 34.1325874329 2.5
      vertex 30.2951869965 33.9232711792 2.5
      vertex 30.8110523224 34.079750061 2.5
    endloop
  endfacet
  facet normal 0 0 -1
    outer loop
      vertex 31.3475284576 34.1325874329 5
      vertex 37.5975265503 34.1325874329 5
      vertex 31.3475284576 34.1325874329 2.5
    endloop
  endfacet
  facet normal 0 1 0
    outer loop
      vertex 31.3475284576 34.1325874329 5
      vertex 31.9573402405 34.0641212463 5
      vertex 37.5975265503 34.1325874329 5
    endloop
  endfacet
  facet normal 0 1 0
    outer loop
      vertex 37.5975265503 34.1325874329 5
      vertex 31.9573402405 34.0641212463 5
      vertex 32.5367889404 33.8621330261 5
    endloop
  endfacet
  facet normal 0.530355513096 -0.000119753371109 -0.84777534008
    outer loop
      vertex 33.0508384705 33.5415763855 12.25
      vertex 33.0570220947 33.5366821289 5
      vertex 32.5367889404 33.8621330261 5
    endloop
  endfacet
  facet normal 0.632128417492 0.00104758760426 -0.77486294508
    outer loop
      vertex 33.0508384705 33.5415763855 12.25
      vertex 32.9366722107 33.6269378662 18
      vertex 33.2270431519 33.3900527954 18
    endloop
  endfacet
  facet normal 0.403797358274 0.000788604433183 -0.914848089218
    outer loop
      vertex 32.5290298462 33.8658409119 12.25
      vertex 32.2945976257 33.9643592834 18
      vertex 32.6167945862 33.8221473694 18
    endloop
  endfacet
  facet normal -0.685991644859 -0.70710593462 -0.171512961388
    outer loop
      vertex 28.6286029816 35.8974533081 18.8999996185
      vertex 27.4736785889 29.5004024506 18.4687919617
      vertex 26.9904613495 29.3454685211 18.8999996185
    endloop
  endfacet
  facet normal -0.21047578752 0.00122108485084 0.977598309517
    outer loop
      vertex 28.6137657166 29.5524215698 22
      vertex 28.5557231903 29.5599212646 18
      vertex 29.123052597 29.4377765656 18
    endloop
  endfacet
  facet normal 0.126466706395 -0.00162650982384 0.991969525814
    outer loop
      vertex 27.5164966583 29.5100688934 22
      vertex 27.9755916595 29.5751571655 18
      vertex 28.0632572174 29.5797748566 22
    endloop
  endfacet
  facet normal 0 -1 0
    outer loop
      vertex 28.5557231903 29.5599212646 18
      vertex 28.7774047852 30.4045066833 18
      vertex 28.9966945648 29.9558429718 18
    endloop
  endfacet
  facet normal -0.963028073311 0.00186396436766 0.269394695759
    outer loop
      vertex 28.6654834747 30.7751922607 13.75
      vertex 28.7774047852 30.4045066833 18
      vertex 28.6428718567 30.8854312897 18
    endloop
  endfacet
  facet normal -0.990051388741 -0.00161802582443 0.1406968683
    outer loop
      vertex 28.5975284576 31.3827514648 2.5
      vertex 28.6654834747 30.7751922607 13.75
      vertex 28.6428718567 30.8854312897 18
    endloop
  endfacet
  facet normal 0 -1 0
    outer loop
      vertex 34.8690490723 31.3826675415 2.5
      vertex 28.5975284576 31.3827514648 2.5
      vertex 28.6504001617 31.9192295074 2.5
    endloop
  endfacet
  facet normal -0.997930765152 -0.00511083845049 -0.0640942230821
    outer loop
      vertex 28.6201019287 31.7342147827 18
      vertex 28.6661891937 31.9932613373 12.25
      vertex 28.5975284576 31.3827514648 18
    endloop
  endfacet
  facet normal -0 -1 0
    outer loop
      vertex 34.9373168945 31.9916038513 2.5
      vertex 28.6504001617 31.9192295074 2.5
      vertex 28.8069076538 32.4350814819 2.5
    endloop
  endfacet
  facet normal -0.881900787354 -0.00109602382872 -0.471433788538
    outer loop
      vertex 28.8686733246 32.5732917786 12.25
      vertex 29.0610466003 32.9104919434 2.5
      vertex 28.8069076538 32.4350814819 2.5
    endloop
  endfacet
  facet normal -0.981568872929 0.000742462987546 -0.191107258201
    outer loop
      vertex 28.6201019287 31.7342147827 18
      vertex 28.6874084473 32.0799102783 18
      vertex 28.6661891937 31.9932613373 12.25
    endloop
  endfacet
  facet normal -0.901054799557 0.00098147848621 -0.433704108
    outer loop
      vertex 28.8686733246 32.5732917786 12.25
      vertex 28.7983436584 32.4141654968 18
      vertex 28.9510879517 32.731502533 18
    endloop
  endfacet
  facet normal -0.838229835033 -0.00117049680557 -0.545315802097
    outer loop
      vertex 29.1948738098 33.0938949585 12.25
      vertex 28.9510879517 32.731502533 18
      vertex 29.1431388855 33.026714325 18
    endloop
  endfacet
  facet normal -0.761672794819 0.000717582996003 -0.647961437702
    outer loop
      vertex 29.1948738098 33.0938949585 12.25
      vertex 29.1431388855 33.026714325 18
      vertex 29.3713417053 33.2949638367 18
    endloop
  endfacet
  facet normal -0.672605752945 1.83083575394e-05 -0.740001022816
    outer loop
      vertex 29.6306781769 33.5308227539 12.25
      vertex 29.3713417053 33.2949638367 18
      vertex 29.6319580078 33.5318450928 18
    endloop
  endfacet
  facet normal -0.572523057461 -1.8147571609e-05 -0.819888591766
    outer loop
      vertex 29.6306781769 33.5308227539 12.25
      vertex 29.6319580078 33.5318450928 18
      vertex 29.9207115173 33.7334785461 18
    endloop
  endfacet
  facet normal -0.463034600019 0.000766223412938 -0.886339902878
    outer loop
      vertex 30.1479377747 33.8571548462 12.25
      vertex 29.9207115173 33.7334785461 18
      vertex 30.2328681946 33.8965530396 18
    endloop
  endfacet
  facet normal -0.345958560705 -0.00131872377824 -0.938248872757
    outer loop
      vertex 30.1479377747 33.8571548462 12.25
      vertex 30.2328681946 33.8965530396 18
      vertex 30.5633049011 34.0183944702 18
    endloop
  endfacet
  facet normal -0.223218202591 0.000980398966931 -0.97476798296
    outer loop
      vertex 30.7272377014 34.0617179871 12.25
      vertex 30.5633049011 34.0183944702 18
      vertex 30.9066028595 34.0970077515 18
    endloop
  endfacet
  facet normal -0.0968025177717 -0.00109899684321 -0.995302975178
    outer loop
      vertex 31.3374938965 34.1325683594 12.25
      vertex 30.9066028595 34.0970077515 18
      vertex 31.2571353912 34.1310997009 18
    endloop
  endfacet
  facet normal 0.0311971455812 0.000690919987392 -0.999513030052
    outer loop
      vertex 31.3374938965 34.1325683594 12.25
      vertex 31.2571353912 34.1310997009 18
      vertex 31.6091480255 34.1201133728 18
    endloop
  endfacet
  facet normal 0.158679634333 9.5488561783e-05 -0.987330138683
    outer loop
      vertex 31.9482536316 34.0661697388 12.25
      vertex 31.6091480255 34.1201133728 18
      vertex 31.9568710327 34.0642280579 18
    endloop
  endfacet
  facet normal 0.283572137356 -0.000101260455267 -0.95895087719
    outer loop
      vertex 31.9482536316 34.0661697388 12.25
      vertex 31.9568710327 34.0642280579 18
      vertex 32.2945976257 33.9643592834 18
    endloop
  endfacet
  facet normal -0.685990810394 -0.707106769085 -0.171512871981
    outer loop
      vertex 28.6286029816 35.8974533081 18.8999996185
      vertex 27.9755916595 29.5751571655 18
      vertex 27.4736785889 29.5004024506 18.4687919617
    endloop
  endfacet
  facet normal 0 -1 0
    outer loop
      vertex 29.449514389 35.4703178406 18
      vertex 28.6874084473 32.0799102783 18
      vertex 27.9755916595 29.5751571655 18
    endloop
  endfacet
  facet normal 0 1 0
    outer loop
      vertex 39.9427070618 -20.1793746948 18
      vertex 40.1264038086 -19.8380584717 18
      vertex 40.0840530396 -19.9153308868 18
    endloop
  endfacet
  facet normal 0 -1 0
    outer loop
      vertex 19.8581180573 -9.46334934235 22
      vertex 21.0732421875 -6.92221879959 22
      vertex 20.8155860901 -9.62926101685 22
    endloop
  endfacet
  facet normal -0.170736536384 -9.75995135377e-07 0.985316693783
    outer loop
      vertex 19.8581180573 -9.46334934235 22
      vertex 20.8155860901 -9.62926101685 22
      vertex 20.0176963806 -9.49100208282 22.5000019073
    endloop
  endfacet
  facet normal -0.170735955238 0 0.985316812992
    outer loop
      vertex 20.8155860901 -9.62926101685 22.5000019073
      vertex 20.0176963806 -9.49100208282 22.5000019073
      vertex 20.8155860901 -9.62926101685 22
    endloop
  endfacet
  facet normal -0.282079398632 0 0.959391057491
    outer loop
      vertex 20.8155860901 -9.62926101685 22
      vertex 20.9709663391 -9.67494487762 22.5000019073
      vertex 20.8155860901 -9.62926101685 22.5000019073
    endloop
  endfacet
  facet normal -0.130530491471 0 -0.991444289684
    outer loop
      vertex 21.8496990204 -6.92221879959 22
      vertex 21.784992218 -6.93073749542 22.5000019073
      vertex 21.8496990204 -6.92221879959 22.5000019073
    endloop
  endfacet
  facet normal -0.382681757212 4.95603217132e-07 -0.92388021946
    outer loop
      vertex 22.2114715576 -6.77236795425 22
      vertex 21.8496990204 -6.92221879959 22
      vertex 22.1511745453 -6.79734373093 22.5000019073
    endloop
  endfacet
  facet normal -0.382681041956 -0 -0.923880517483
    outer loop
      vertex 21.8496990204 -6.92221879959 22.5000019073
      vertex 22.1511745453 -6.79734373093 22.5000019073
      vertex 21.8496990204 -6.92221879959 22
    endloop
  endfacet
  facet normal 0 -1 0
    outer loop
      vertex 21.7478618622 -9.90336799622 22
      vertex 21.8496990204 -6.92221879959 22
      vertex 22.2114715576 -6.77236795425 22
    endloop
  endfacet
  facet normal 0 -1 0
    outer loop
      vertex 21.7478618622 -9.90336799622 22
      vertex 22.2114715576 -6.77236795425 22
      vertex 22.6427593231 -10.2820882797 22
    endloop
  endfacet
  facet normal -0.389735400677 -7.35610115044e-07 0.920926868916
    outer loop
      vertex 21.7478618622 -9.90336799622 22
      vertex 22.6427593231 -10.2820882797 22
      vertex 21.8970108032 -9.96648788452 22.5000019073
    endloop
  endfacet
  facet normal -0.389734983444 0 0.920927047729
    outer loop
      vertex 22.6427593231 -10.2820882797 22.5000019073
      vertex 21.8970108032 -9.96648788452 22.5000019073
      vertex 22.6427593231 -10.2820882797 22
    endloop
  endfacet
  facet normal -0.389737486839 0 0.920925974846
    outer loop
      vertex 21.7478618622 -9.90336799622 22
      vertex 21.8970108032 -9.96648788452 22.5000019073
      vertex 21.7478618622 -9.90336799622 22.5000019073
    endloop
  endfacet
  facet normal -0.608758330345 0 -0.793355703354
    outer loop
      vertex 22.5221309662 -6.53398990631 22
      vertex 22.4703540802 -6.5737195015 22.5000019073
      vertex 22.5221309662 -6.53398990631 22.5000019073
    endloop
  endfacet
  facet normal -0.793351173401 -9.28591873617e-07 -0.608764231205
    outer loop
      vertex 22.7605113983 -6.2233300209 22
      vertex 22.5221309662 -6.53398990631 22
      vertex 22.7207794189 -6.27510738373 22.5000019073
    endloop
  endfacet
  facet normal -0.793352067471 -0 -0.608763098717
    outer loop
      vertex 22.5221309662 -6.53398990631 22.5000019073
      vertex 22.7207794189 -6.27510738373 22.5000019073
      vertex 22.5221309662 -6.53398990631 22
    endloop
  endfacet
  facet normal 0 -1 0
    outer loop
      vertex 22.7605113983 -6.2233300209 22
      vertex 26.7758235931 -5.92271566391 22
      vertex 22.5221309662 -6.53398990631 22
    endloop
  endfacet
  facet normal 0 -1 0
    outer loop
      vertex 22.5221309662 -6.53398990631 22
      vertex 26.7758235931 -5.92271566391 22
      vertex 23.4885845184 -10.760474205 22
    endloop
  endfacet
  facet normal 0 -1 0
    outer loop
      vertex 22.5221309662 -6.53398990631 22
      vertex 23.4885845184 -10.760474205 22
      vertex 22.6427593231 -10.2820882797 22
    endloop
  endfacet
  facet normal -0.492300033569 -9.97306983663e-07 0.870425581932
    outer loop
      vertex 22.6427593231 -10.2820882797 22
      vertex 23.4885845184 -10.760474205 22
      vertex 22.7837314606 -10.3618202209 22.5000019073
    endloop
  endfacet
  facet normal -0.492299497128 0 0.870425879955
    outer loop
      vertex 23.4885845184 -10.760474205 22.5000019073
      vertex 22.7837314606 -10.3618202209 22.5000019073
      vertex 23.4885845184 -10.760474205 22
    endloop
  endfacet
  facet normal -0.588427662849 0 0.808549880981
    outer loop
      vertex 23.4885845184 -10.760474205 22
      vertex 23.6195335388 -10.8557729721 22.5000019073
      vertex 23.4885845184 -10.760474205 22.5000019073
    endloop
  endfacet
  facet normal 0.633683621883 8.84892358499e-07 -0.773592352867
    outer loop
      vertex 36.0774841309 -13.8911075592 22
      vertex 34.7727012634 -12.8223028183 22.5000019073
      vertex 36.6248474121 -14.3394775391 22.5000019073
    endloop
  endfacet
  facet normal 0.633683621883 8.80819015947e-07 -0.773592352867
    outer loop
      vertex 36.0774841309 -13.8911075592 22
      vertex 28.2488269806 -7.47831010818 22
      vertex 34.7727012634 -12.8223028183 22.5000019073
    endloop
  endfacet
  facet normal 0.633683621883 0 -0.773592293262
    outer loop
      vertex 28.2488269806 -7.47831010818 22.5000019073
      vertex 34.7727012634 -12.8223028183 22.5000019073
      vertex 28.2488269806 -7.47831010818 22
    endloop
  endfacet
  facet normal 0.681258916855 0 -0.732042551041
    outer loop
      vertex 28.2488269806 -7.47831010818 22
      vertex 28.1178760529 -7.35644245148 22.5000019073
      vertex 28.2488269806 -7.47831010818 22.5000019073
    endloop
  endfacet
  facet normal 0.68126052618 7.95976234258e-07 -0.732041060925
    outer loop
      vertex 28.2488269806 -7.47831010818 22
      vertex 27.4631195068 -6.74710607529 22
      vertex 28.1178760529 -7.35644245148 22.5000019073
    endloop
  endfacet
  facet normal 0.681260883808 0 -0.732040703297
    outer loop
      vertex 27.4631195068 -6.74710607529 22.5000019073
      vertex 28.1178760529 -7.35644245148 22.5000019073
      vertex 27.4631195068 -6.74710607529 22
    endloop
  endfacet
  facet normal 0.768084585667 0 -0.640348434448
    outer loop
      vertex 27.4631195068 -6.74710607529 22
      vertex 27.3485717773 -6.60970640182 22.5000019073
      vertex 27.4631195068 -6.74710607529 22.5000019073
    endloop
  endfacet
  facet normal -0.923882603645 0 -0.38267609477
    outer loop
      vertex 22.9103603363 -5.86155796051 22
      vertex 22.8853855133 -5.92185306549 22.5000019073
      vertex 22.9103603363 -5.86155796051 22.5000019073
    endloop
  endfacet
  facet normal -0.991444826126 -8.44068267725e-07 -0.130526468158
    outer loop
      vertex 22.9614715576 -5.47333049774 22
      vertex 22.9103603363 -5.86155796051 22
      vertex 22.9529514313 -5.53803491592 22.5000019073
    endloop
  endfacet
  facet normal -0.99144500494 -0 -0.130525171757
    outer loop
      vertex 22.9103603363 -5.86155796051 22.5000019073
      vertex 22.9529514313 -5.53803491592 22.5000019073
      vertex 22.9103603363 -5.86155796051 22
    endloop
  endfacet
  facet normal 0 -1 0
    outer loop
      vertex 22.9614715576 -5.47333049774 22
      vertex 26.1978969574 -5.01828622818 22
      vertex 22.9103603363 -5.86155796051 22
    endloop
  endfacet
  facet normal 0 -1 0
    outer loop
      vertex 22.9103603363 -5.86155796051 22
      vertex 26.1978969574 -5.01828622818 22
      vertex 26.7758235931 -5.92271566391 22
    endloop
  endfacet
  facet normal 0.842655420303 2.47730599767e-06 -0.538453221321
    outer loop
      vertex 26.7758235931 -5.92271566391 22
      vertex 26.1978969574 -5.01828622818 22
      vertex 26.6795005798 -5.77197742462 22.5000019073
    endloop
  endfacet
  facet normal 0.842656135559 0 -0.538452029228
    outer loop
      vertex 26.1978969574 -5.01828622818 22.5000019073
      vertex 26.6795005798 -5.77197742462 22.5000019073
      vertex 26.1978969574 -5.01828622818 22
    endloop
  endfacet
  facet normal 0.903792381287 0 -0.427971184254
    outer loop
      vertex 26.1978969574 -5.01828622818 22
      vertex 26.1213378906 -4.85661077499 22.5000019073
      vertex 26.1978969574 -5.01828622818 22.5000019073
    endloop
  endfacet
  facet normal -0.923882603645 0 0.38267609477
    outer loop
      vertex 22.7605113983 -4.72332954407 22
      vertex 22.785484314 -4.78362464905 22.5000019073
      vertex 22.7605113983 -4.72332954407 22.5000019073
    endloop
  endfacet
  facet normal -0.793351173401 9.28591873617e-07 0.608764231205
    outer loop
      vertex 22.5221309662 -4.41266965866 22
      vertex 22.7605113983 -4.72332954407 22
      vertex 22.5618629456 -4.46444702148 22.5000019073
    endloop
  endfacet
  facet normal -0.793352067471 0 0.608763098717
    outer loop
      vertex 22.7605113983 -4.72332954407 22.5000019073
      vertex 22.5618629456 -4.46444702148 22.5000019073
      vertex 22.7605113983 -4.72332954407 22
    endloop
  endfacet
  facet normal 0 -1 0
    outer loop
      vertex 25.4051151276 -3.02803325653 22
      vertex 22.7605113983 -4.72332954407 22
      vertex 22.5221309662 -4.41266965866 22
    endloop
  endfacet
  facet normal -0 -1 0
    outer loop
      vertex 25.4051151276 -3.02803325653 22
      vertex 22.5221309662 -4.41266965866 22
      vertex 25.2029037476 -1.97394394875 22
    endloop
  endfacet
  facet normal 0.982092380524 -3.38599278393e-07 -0.188400015235
    outer loop
      vertex 25.4051151276 -3.02803325653 22
      vertex 25.2029037476 -1.97394394875 22
      vertex 25.3714122772 -2.85235071182 22.5000019073
    endloop
  endfacet
  facet normal 0.982092320919 0 -0.18840020895
    outer loop
      vertex 25.2029037476 -1.97394394875 22.5000019073
      vertex 25.3714122772 -2.85235071182 22.5000019073
      vertex 25.2029037476 -1.97394394875 22
    endloop
  endfacet
  facet normal 0.998005032539 0 -0.0631344839931
    outer loop
      vertex 25.2029037476 -1.97394394875 22
      vertex 25.1916103363 -1.79541456699 22.5000019073
      vertex 25.2029037476 -1.97394394875 22.5000019073
    endloop
  endfacet
  facet normal -0.130521476269 0 0.991445481777
    outer loop
      vertex 21.4614715576 -3.97332978249 22
      vertex 21.5261764526 -3.9818482399 22.5000019073
      vertex 21.4614715576 -3.97332978249 22.5000019073
    endloop
  endfacet
  facet normal 0.130526065826 -6.04489969191e-07 0.991444885731
    outer loop
      vertex 21.0732421875 -4.02444124222 22
      vertex 21.4614715576 -3.97332978249 22
      vertex 21.1379489899 -4.01592254639 22.5000019073
    endloop
  endfacet
  facet normal 0.130526989698 0 0.991444766521
    outer loop
      vertex 21.4614715576 -3.97332978249 22.5000019073
      vertex 21.1379489899 -4.01592254639 22.5000019073
      vertex 21.4614715576 -3.97332978249 22
    endloop
  endfacet
  facet normal 0 -1 0
    outer loop
      vertex 18.3832511902 -0.17284193635 22
      vertex 21.4614715576 -3.97332978249 22
      vertex 21.0732421875 -4.02444124222 22
    endloop
  endfacet
  facet normal 0 -1 0
    outer loop
      vertex 18.3832511902 -0.17284193635 22
      vertex 21.0732421875 -4.02444124222 22
      vertex 20.7114715576 -4.17429161072 22
    endloop
  endfacet
  facet normal -0 -1 0
    outer loop
      vertex 20.7114715576 -4.17429161072 22
      vertex 20.4008102417 -4.41266965866 22
      vertex 18.3832511902 -0.17284193635 22
    endloop
  endfacet
  facet normal 0 -1 0
    outer loop
      vertex 18.3832511902 -0.17284193635 22
      vertex 20.4008102417 -4.41266965866 22
      vertex 20.1624336243 -4.72332954407 22
    endloop
  endfacet
  facet normal 0 -1 0
    outer loop
      vertex 18.3832511902 -0.17284193635 22
      vertex 20.1624336243 -4.72332954407 22
      vertex 20.0125827789 -5.08510160446 22
    endloop
  endfacet
  facet normal -0 -1 0
    outer loop
      vertex 20.0125827789 -5.08510160446 22
      vertex 19.9614715576 -5.47333049774 22
      vertex 18.3832511902 -0.17284193635 22
    endloop
  endfacet
  facet normal 0.991444885731 -5.83416920108e-07 0.130526065826
    outer loop
      vertex 19.9614715576 -5.47333049774 22
      vertex 20.0125827789 -5.08510160446 22
      vertex 19.9699897766 -5.40862464905 22.5000019073
    endloop
  endfacet
  facet normal 0.99144500494 0 0.130525171757
    outer loop
      vertex 20.0125827789 -5.08510160446 22.5000019073
      vertex 19.9699897766 -5.40862464905 22.5000019073
      vertex 20.0125827789 -5.08510160446 22
    endloop
  endfacet
  facet normal 0.923879802227 -1.25979136101e-06 0.382682830095
    outer loop
      vertex 20.0125827789 -5.08510160446 22
      vertex 20.1624336243 -4.72332954407 22
      vertex 20.0375576019 -5.02480649948 22.5000019073
    endloop
  endfacet
  facet normal 0.923880517483 0 0.382681041956
    outer loop
      vertex 20.1624336243 -4.72332954407 22.5000019073
      vertex 20.0375576019 -5.02480649948 22.5000019073
      vertex 20.1624336243 -4.72332954407 22
    endloop
  endfacet
  facet normal 0.793354153633 3.3881221384e-07 0.608760356903
    outer loop
      vertex 20.1624336243 -4.72332954407 22
      vertex 20.4008102417 -4.41266965866 22
      vertex 20.2021636963 -4.67155218124 22.5000019073
    endloop
  endfacet
  facet normal 0.793353796005 0 0.608760774136
    outer loop
      vertex 20.4008102417 -4.41266965866 22.5000019073
      vertex 20.2021636963 -4.67155218124 22.5000019073
      vertex 20.4008102417 -4.41266965866 22
    endloop
  endfacet
  facet normal 0.608759343624 -1.69404970052e-07 0.793354928493
    outer loop
      vertex 20.4008102417 -4.41266965866 22
      vertex 20.7114715576 -4.17429161072 22
      vertex 20.4525871277 -4.37294006348 22.5000019073
    endloop
  endfacet
  facet normal 0.608759582043 0 0.79335474968
    outer loop
      vertex 20.7114715576 -4.17429161072 22.5000019073
      vertex 20.4525871277 -4.37294006348 22.5000019073
      vertex 20.7114715576 -4.17429161072 22
    endloop
  endfacet
  facet normal 0.382683902979 -9.17031002245e-07 0.92387932539
    outer loop
      vertex 20.7114715576 -4.17429161072 22
      vertex 21.0732421875 -4.02444124222 22
      vertex 20.7717685699 -4.14931678772 22.5000019073
    endloop
  endfacet
  facet normal 0.382685214281 0 0.923878788948
    outer loop
      vertex 21.0732421875 -4.02444124222 22.5000019073
      vertex 20.7717685699 -4.14931678772 22.5000019073
      vertex 21.0732421875 -4.02444124222 22
    endloop
  endfacet
  facet normal 0 -1 0
    outer loop
      vertex 24.635137558 -0.17284193635 22
      vertex 21.4614715576 -3.97332978249 22
      vertex 18.3832511902 -0.17284193635 22
    endloop
  endfacet
  facet normal 0 -1 0
    outer loop
      vertex 21.4614715576 -3.97332978249 22
      vertex 24.635137558 -0.17284193635 22
      vertex 21.8496990204 -4.02444124222 22
    endloop
  endfacet
  facet normal 0 -1 0
    outer loop
      vertex 21.8496990204 -4.02444124222 22
      vertex 24.635137558 -0.17284193635 22
      vertex 25.135137558 -0.902774810791 22
    endloop
  endfacet
  facet normal 0 -1 0
    outer loop
      vertex 21.8496990204 -4.02444124222 22
      vertex 25.135137558 -0.902774810791 22
      vertex 25.2029037476 -1.97394394875 22
    endloop
  endfacet
  facet normal 0 -1 0
    outer loop
      vertex 25.2029037476 -1.97394394875 22
      vertex 22.2114715576 -4.17429161072 22
      vertex 21.8496990204 -4.02444124222 22
    endloop
  endfacet
  facet normal -0.382681757212 6.11350571944e-07 0.92388021946
    outer loop
      vertex 21.8496990204 -4.02444124222 22
      vertex 22.2114715576 -4.17429161072 22
      vertex 21.9099941254 -4.04941606522 22.5000019073
    endloop
  endfacet
  facet normal -0.382682621479 0 0.923879861832
    outer loop
      vertex 22.2114715576 -4.17429161072 22.5000019073
      vertex 21.9099941254 -4.04941606522 22.5000019073
      vertex 22.2114715576 -4.17429161072 22
    endloop
  endfacet
  facet normal -0.382677435875 0 0.923882007599
    outer loop
      vertex 21.8496990204 -4.02444124222 22
      vertex 21.9099941254 -4.04941606522 22.5000019073
      vertex 21.8496990204 -4.02444124222 22.5000019073
    endloop
  endfacet
  facet normal -0.608758330345 0 0.793355703354
    outer loop
      vertex 22.2114715576 -4.17429161072 22
      vertex 22.2632484436 -4.21402168274 22.5000019073
      vertex 22.2114715576 -4.17429161072 22.5000019073
    endloop
  endfacet
  facet normal -0.608762323856 6.55670191918e-07 0.793352663517
    outer loop
      vertex 22.2114715576 -4.17429161072 22
      vertex 22.5221309662 -4.41266965866 22
      vertex 22.2632484436 -4.21402168274 22.5000019073
    endloop
  endfacet
  facet normal -0.608763098717 0 0.793352067471
    outer loop
      vertex 22.5221309662 -4.41266965866 22.5000019073
      vertex 22.2632484436 -4.21402168274 22.5000019073
      vertex 22.5221309662 -4.41266965866 22
    endloop
  endfacet
  facet normal 0 -1 -0
    outer loop
      vertex 25.135137558 -0.902774810791 22
      vertex 24.635137558 -0.17284193635 22
      vertex 25.135137558 -0.672841966152 22
    endloop
  endfacet
  facet normal 1 0 0
    outer loop
      vertex 25.135137558 -0.902774810791 22
      vertex 25.135137558 -0.672841966152 22
      vertex 25.135137558 -0.71116399765 22.5000019073
    endloop
  endfacet
  facet normal 1 -0 0
    outer loop
      vertex 25.135137558 -0.902774810791 22
      vertex 25.135137558 -0.71116399765 22.5000019073
      vertex 25.135137558 -0.902774810791 22.5000019073
    endloop
  endfacet
  facet normal 1 0 0
    outer loop
      vertex 25.135137558 -0.672841966152 22
      vertex 25.135137558 -0.672841966152 22.5000019073
      vertex 25.135137558 -0.71116399765 22.5000019073
    endloop
  endfacet
  facet normal 0.991443991661 0 -0.130532875657
    outer loop
      vertex 25.135137558 -0.672841966152 22
      vertex 25.1322975159 -0.651273787022 22.5000019073
      vertex 25.135137558 -0.672841966152 22.5000019073
    endloop
  endfacet
  facet normal 0.130525738001 0 -0.991444945335
    outer loop
      vertex 24.764547348 -0.189879223704 22
      vertex 24.7429790497 -0.18703956902 22.5000019073
      vertex 24.764547348 -0.189879223704 22.5000019073
    endloop
  endfacet
  facet normal 0.130525991321 1.05363930913e-08 -0.991444885731
    outer loop
      vertex 24.764547348 -0.189879223704 22
      vertex 24.635137558 -0.17284193635 22
      vertex 24.7429790497 -0.18703956902 22.5000019073
    endloop
  endfacet
  facet normal 0.130526036024 0 -0.991444885731
    outer loop
      vertex 24.635137558 -0.17284193635 22.5000019073
      vertex 24.7429790497 -0.18703956902 22.5000019073
      vertex 24.635137558 -0.17284193635 22
    endloop
  endfacet
  facet normal 0.382683902979 6.33072332334e-08 -0.92387932539
    outer loop
      vertex 24.8851394653 -0.239829435945 22
      vertex 24.764547348 -0.189879223704 22
      vertex 24.8650398254 -0.231504589319 22.5000019073
    endloop
  endfacet
  facet normal 0.3826841712 0 -0.923879206181
    outer loop
      vertex 24.764547348 -0.189879223704 22.5000019073
      vertex 24.8650398254 -0.231504589319 22.5000019073
      vertex 24.764547348 -0.189879223704 22
    endloop
  endfacet
  facet normal 0 -1 0
    outer loop
      vertex 25.135137558 -0.672841966152 22
      vertex 24.764547348 -0.189879223704 22
      vertex 24.8851394653 -0.239829435945 22
    endloop
  endfacet
  facet normal 0 -1 0
    outer loop
      vertex 24.8851394653 -0.239829435945 22
      vertex 24.98869133 -0.319288611412 22
      vertex 25.135137558 -0.672841966152 22
    endloop
  endfacet
  facet normal 0 -1 0
    outer loop
      vertex 25.135137558 -0.672841966152 22
      vertex 24.98869133 -0.319288611412 22
      vertex 25.068151474 -0.422842234373 22
    endloop
  endfacet
  facet normal 0 -1 0
    outer loop
      vertex 25.135137558 -0.672841966152 22
      vertex 25.068151474 -0.422842234373 22
      vertex 25.1181030273 -0.543432533741 22
    endloop
  endfacet
  facet normal 0.923876106739 -8.90807484666e-07 -0.38269174099
    outer loop
      vertex 25.1181030273 -0.543432533741 22
      vertex 25.068151474 -0.422842234373 22
      vertex 25.1097774506 -0.523333966732 22.5000019073
    endloop
  endfacet
  facet normal 0.923874497414 0 -0.382695525885
    outer loop
      vertex 25.068151474 -0.422842234373 22.5000019073
      vertex 25.1097774506 -0.523333966732 22.5000019073
      vertex 25.068151474 -0.422842234373 22
    endloop
  endfacet
  facet normal 0.793352305889 1.90112166365e-06 -0.608762741089
    outer loop
      vertex 25.068151474 -0.422842234373 22
      vertex 24.98869133 -0.319288611412 22
      vertex 25.0549068451 -0.405583292246 22.5000019073
    endloop
  endfacet
  facet normal 0.793357610703 0 -0.60875582695
    outer loop
      vertex 24.98869133 -0.319288611412 22.5000019073
      vertex 25.0549068451 -0.405583292246 22.5000019073
      vertex 24.98869133 -0.319288611412 22
    endloop
  endfacet
  facet normal 0.60876429081 -6.44690146601e-07 -0.793351113796
    outer loop
      vertex 24.98869133 -0.319288611412 22
      vertex 24.8851394653 -0.239829435945 22
      vertex 24.9714336395 -0.30604532361 22.5000019073
    endloop
  endfacet
  facet normal 0.608761966228 0 -0.79335296154
    outer loop
      vertex 24.8851394653 -0.239829435945 22.5000019073
      vertex 24.9714336395 -0.30604532361 22.5000019073
      vertex 24.8851394653 -0.239829435945 22
    endloop
  endfacet
  facet normal 0.382682561874 0 -0.923879861832
    outer loop
      vertex 24.8851394653 -0.239829435945 22
      vertex 24.8650398254 -0.231504589319 22.5000019073
      vertex 24.8851394653 -0.239829435945 22.5000019073
    endloop
  endfacet
  facet normal 0.608776032925 0 -0.793342113495
    outer loop
      vertex 24.98869133 -0.319288611412 22
      vertex 24.9714336395 -0.30604532361 22.5000019073
      vertex 24.98869133 -0.319288611412 22.5000019073
    endloop
  endfacet
  facet normal 0.793325722218 0 -0.608797430992
    outer loop
      vertex 25.068151474 -0.422842234373 22
      vertex 25.0549068451 -0.405583292246 22.5000019073
      vertex 25.068151474 -0.422842234373 22.5000019073
    endloop
  endfacet
  facet normal 0.923883914948 0 -0.382672846317
    outer loop
      vertex 25.1181030273 -0.543432533741 22
      vertex 25.1097774506 -0.523333966732 22.5000019073
      vertex 25.1181030273 -0.543432533741 22.5000019073
    endloop
  endfacet
  facet normal 0.991446435452 8.18001922198e-07 -0.130514234304
    outer loop
      vertex 25.135137558 -0.672841966152 22
      vertex 25.1181030273 -0.543432533741 22
      vertex 25.1322975159 -0.651273787022 22.5000019073
    endloop
  endfacet
  facet normal 0.991446912289 0 -0.130510509014
    outer loop
      vertex 25.1181030273 -0.543432533741 22.5000019073
      vertex 25.1322975159 -0.651273787022 22.5000019073
      vertex 25.1181030273 -0.543432533741 22
    endloop
  endfacet
  facet normal 0 -1 0
    outer loop
      vertex 25.135137558 -0.672841966152 22
      vertex 24.635137558 -0.17284193635 22
      vertex 24.764547348 -0.189879223704 22
    endloop
  endfacet
  facet normal 0.130521476269 -0 0.991445481777
    outer loop
      vertex 21.0732421875 -4.02444124222 22
      vertex 21.1379489899 -4.01592254639 22.5000019073
      vertex 21.0732421875 -4.02444124222 22.5000019073
    endloop
  endfacet
  facet normal -0.130526855588 7.08752281753e-07 0.991444766521
    outer loop
      vertex 21.4614715576 -3.97332978249 22
      vertex 21.8496990204 -4.02444124222 22
      vertex 21.5261764526 -3.9818482399 22.5000019073
    endloop
  endfacet
  facet normal -0.130527928472 0 0.991444647312
    outer loop
      vertex 21.8496990204 -4.02444124222 22.5000019073
      vertex 21.5261764526 -3.9818482399 22.5000019073
      vertex 21.8496990204 -4.02444124222 22
    endloop
  endfacet
  facet normal 0.998004853725 -9.35866125928e-07 -0.0631370916963
    outer loop
      vertex 25.2029037476 -1.97394394875 22
      vertex 25.135137558 -0.902774810791 22
      vertex 25.1916103363 -1.79541456699 22.5000019073
    endloop
  endfacet
  facet normal 0.998004853725 0 -0.0631376132369
    outer loop
      vertex 25.135137558 -0.902774810791 22.5000019073
      vertex 25.1916103363 -1.79541456699 22.5000019073
      vertex 25.135137558 -0.902774810791 22
    endloop
  endfacet
  facet normal 0.982092559338 0 -0.188399091363
    outer loop
      vertex 25.4051151276 -3.02803325653 22
      vertex 25.3714122772 -2.85235071182 22.5000019073
      vertex 25.4051151276 -3.02803325653 22.5000019073
    endloop
  endfacet
  facet normal 0.950520396233 7.68412888874e-08 -0.310662209988
    outer loop
      vertex 25.7385520935 -4.04823589325 22
      vertex 25.4051151276 -3.02803325653 22
      vertex 25.6829776764 -3.87820100784 22.5000019073
    endloop
  endfacet
  facet normal 0.950520396233 0 -0.310662150383
    outer loop
      vertex 25.4051151276 -3.02803325653 22.5000019073
      vertex 25.6829776764 -3.87820100784 22.5000019073
      vertex 25.4051151276 -3.02803325653 22
    endloop
  endfacet
  facet normal 0.950520336628 0 -0.310662388802
    outer loop
      vertex 25.7385520935 -4.04823589325 22
      vertex 25.6829776764 -3.87820100784 22.5000019073
      vertex 25.7385520935 -4.04823589325 22.5000019073
    endloop
  endfacet
  facet normal 0 -1 0
    outer loop
      vertex 25.2029037476 -1.97394394875 22
      vertex 22.5221309662 -4.41266965866 22
      vertex 22.2114715576 -4.17429161072 22
    endloop
  endfacet
  facet normal -0 -1 0
    outer loop
      vertex 25.7385520935 -4.04823589325 22
      vertex 22.7605113983 -4.72332954407 22
      vertex 25.4051151276 -3.02803325653 22
    endloop
  endfacet
  facet normal 0 -1 -0
    outer loop
      vertex 22.9103603363 -5.08510160446 22
      vertex 22.7605113983 -4.72332954407 22
      vertex 25.7385520935 -4.04823589325 22
    endloop
  endfacet
  facet normal 0 -1 0
    outer loop
      vertex 22.9103603363 -5.08510160446 22
      vertex 25.7385520935 -4.04823589325 22
      vertex 22.9614715576 -5.47333049774 22
    endloop
  endfacet
  facet normal -0.991444885731 5.83416920108e-07 0.130526065826
    outer loop
      vertex 22.9103603363 -5.08510160446 22
      vertex 22.9614715576 -5.47333049774 22
      vertex 22.9188785553 -5.14980745316 22.5000019073
    endloop
  endfacet
  facet normal -0.99144500494 0 0.130525171757
    outer loop
      vertex 22.9614715576 -5.47333049774 22.5000019073
      vertex 22.9188785553 -5.14980745316 22.5000019073
      vertex 22.9614715576 -5.47333049774 22
    endloop
  endfacet
  facet normal -0.991444289684 0 0.130530491471
    outer loop
      vertex 22.9103603363 -5.08510160446 22
      vertex 22.9188785553 -5.14980745316 22.5000019073
      vertex 22.9103603363 -5.08510160446 22.5000019073
    endloop
  endfacet
  facet normal -0.793346881866 0 0.608769893646
    outer loop
      vertex 22.5221309662 -4.41266965866 22
      vertex 22.5618629456 -4.46444702148 22.5000019073
      vertex 22.5221309662 -4.41266965866 22.5000019073
    endloop
  endfacet
  facet normal -0.923880875111 -5.85132681863e-07 0.382680237293
    outer loop
      vertex 22.7605113983 -4.72332954407 22
      vertex 22.9103603363 -5.08510160446 22
      vertex 22.785484314 -4.78362464905 22.5000019073
    endloop
  endfacet
  facet normal -0.923880517483 0 0.382681041956
    outer loop
      vertex 22.9103603363 -5.08510160446 22.5000019073
      vertex 22.785484314 -4.78362464905 22.5000019073
      vertex 22.9103603363 -5.08510160446 22
    endloop
  endfacet
  facet normal 0.903792917728 4.65536373895e-07 -0.427969992161
    outer loop
      vertex 26.1978969574 -5.01828622818 22
      vertex 25.7385520935 -4.04823589325 22
      vertex 26.1213378906 -4.85661077499 22.5000019073
    endloop
  endfacet
  facet normal 0.903793036938 0 -0.427969753742
    outer loop
      vertex 25.7385520935 -4.04823589325 22.5000019073
      vertex 26.1213378906 -4.85661077499 22.5000019073
      vertex 25.7385520935 -4.04823589325 22
    endloop
  endfacet
  facet normal 0.842651665211 0 -0.538459062576
    outer loop
      vertex 26.7758235931 -5.92271566391 22
      vertex 26.6795005798 -5.77197742462 22.5000019073
      vertex 26.7758235931 -5.92271566391 22.5000019073
    endloop
  endfacet
  facet normal 0 -1 0
    outer loop
      vertex 22.9614715576 -5.47333049774 22
      vertex 25.7385520935 -4.04823589325 22
      vertex 26.1978969574 -5.01828622818 22
    endloop
  endfacet
  facet normal -0.991443991661 0 -0.130532875657
    outer loop
      vertex 22.9614715576 -5.47333049774 22
      vertex 22.9529514313 -5.53803491592 22.5000019073
      vertex 22.9614715576 -5.47333049774 22.5000019073
    endloop
  endfacet
  facet normal -0.923880875111 5.85132681863e-07 -0.382680237293
    outer loop
      vertex 22.9103603363 -5.86155796051 22
      vertex 22.7605113983 -6.2233300209 22
      vertex 22.8853855133 -5.92185306549 22.5000019073
    endloop
  endfacet
  facet normal -0.923880517483 -0 -0.382681041956
    outer loop
      vertex 22.7605113983 -6.2233300209 22.5000019073
      vertex 22.8853855133 -5.92185306549 22.5000019073
      vertex 22.7605113983 -6.2233300209 22
    endloop
  endfacet
  facet normal 0.768081188202 -1.89225966096e-06 -0.640352487564
    outer loop
      vertex 27.4631195068 -6.74710607529 22
      vertex 26.7758235931 -5.92271566391 22
      vertex 27.3485717773 -6.60970640182 22.5000019073
    endloop
  endfacet
  facet normal 0.768080472946 0 -0.640353322029
    outer loop
      vertex 26.7758235931 -5.92271566391 22.5000019073
      vertex 27.3485717773 -6.60970640182 22.5000019073
      vertex 26.7758235931 -5.92271566391 22
    endloop
  endfacet
  facet normal -0 -1 0
    outer loop
      vertex 28.2488269806 -7.47831010818 22
      vertex 24.2742824554 -11.3322706223 22
      vertex 27.4631195068 -6.74710607529 22
    endloop
  endfacet
  facet normal 0 -1 0
    outer loop
      vertex 27.4631195068 -6.74710607529 22
      vertex 24.2742824554 -11.3322706223 22
      vertex 23.4885845184 -10.760474205 22
    endloop
  endfacet
  facet normal 0 -1 0
    outer loop
      vertex 28.2488269806 -7.47831010818 22
      vertex 32.5922241211 -18.1458644867 22
      vertex 24.2742824554 -11.3322706223 22
    endloop
  endfacet
  facet normal -0.633683621883 1.05840297238e-06 0.773592352867
    outer loop
      vertex 24.2742824554 -11.3322706223 22
      vertex 32.5922241211 -18.1458644867 22
      vertex 31.2058944702 -17.0102596283 22.5000019073
    endloop
  endfacet
  facet normal -0.633683562279 0 0.773592352867
    outer loop
      vertex 24.2742824554 -11.3322706223 22
      vertex 31.2058944702 -17.0102596283 22.5000019073
      vertex 24.2742824554 -11.3322706223 22.5000019073
    endloop
  endfacet
  facet normal -0.633683621883 9.95784148472e-07 0.773592293262
    outer loop
      vertex 32.5922241211 -18.1458644867 22
      vertex 33.1395874023 -18.5942325592 22.5000019073
      vertex 31.2058944702 -17.0102596283 22.5000019073
    endloop
  endfacet
  facet normal -0.63368332386 4.11312583992e-07 0.773592591286
    outer loop
      vertex 32.5922241211 -18.1458644867 22
      vertex 35.8763885498 -20.8360691071 18
      vertex 33.1395874023 -18.5942325592 22.5000019073
    endloop
  endfacet
  facet normal -0.633683681488 0 0.773592233658
    outer loop
      vertex 35.8763885498 -20.8360691071 22.5000019073
      vertex 33.1395874023 -18.5942325592 22.5000019073
      vertex 35.8763885498 -20.8360691071 18
    endloop
  endfacet
  facet normal -0.577589154243 -6.21011437829e-08 0.816327631474
    outer loop
      vertex 35.8763885498 -20.8360691071 18
      vertex 36.192817688 -21.0599575043 18
      vertex 35.9893989563 -20.9160289764 22.5000019073
    endloop
  endfacet
  facet normal -0.577590763569 0 0.816326439381
    outer loop
      vertex 35.8763885498 -20.8360691071 18
      vertex 35.9893989563 -20.9160289764 22.5000019073
      vertex 35.8763885498 -20.8360691071 22.5000019073
    endloop
  endfacet
  facet normal -0 -1 0
    outer loop
      vertex 36.1928710938 -21.0598716736 18
      vertex 36.192817688 -21.0599575043 18
      vertex 35.8763885498 -20.8360691071 18
    endloop
  endfacet
  facet normal 0 -1 0
    outer loop
      vertex 35.8763885498 -20.8360691071 18
      vertex 35.8764572144 -20.8359851837 18
      vertex 36.1928710938 -21.0598716736 18
    endloop
  endfacet
  facet normal 0 -1 0
    outer loop
      vertex 36.5376205444 -21.2370414734 18
      vertex 36.3464050293 -21.1465091705 18
      vertex 36.1928710938 -21.0598716736 18
    endloop
  endfacet
  facet normal -0 -1 0
    outer loop
      vertex 36.5376205444 -21.2370414734 18
      vertex 36.5375823975 -21.2371292114 18
      vertex 36.3464050293 -21.1465091705 18
    endloop
  endfacet
  facet normal -0.428326368332 -6.07760775893e-05 0.903624117374
    outer loop
      vertex 36.3464050293 -21.1465091705 18
      vertex 36.5375823975 -21.2371292114 18
      vertex 36.4213447571 -21.1823348999 22.5000019073
    endloop
  endfacet
  facet normal -0.428314000368 -6.10285569564e-05 0.90362995863
    outer loop
      vertex 36.3464050293 -21.1465091705 18
      vertex 36.4213447571 -21.1823348999 22.5000019073
      vertex 36.3530693054 -21.1499729156 22.5000019073
    endloop
  endfacet
  facet normal -0.49094966054 5.69531475776e-05 0.871187925339
    outer loop
      vertex 36.192817688 -21.0599575043 18
      vertex 36.3464050293 -21.1465091705 18
      vertex 36.2982177734 -21.1190605164 22.5000019073
    endloop
  endfacet
  facet normal -0.490965783596 5.67249735468e-05 0.871178865433
    outer loop
      vertex 36.3530693054 -21.1499729156 22.5000019073
      vertex 36.2982177734 -21.1190605164 22.5000019073
      vertex 36.3464050293 -21.1465091705 18
    endloop
  endfacet
  facet normal -0.363612055779 0.00195083173458 0.931548416615
    outer loop
      vertex 36.5375823975 -21.2371292114 18
      vertex 36.7656326294 -21.3167209625 22.5000019073
      vertex 36.4213447571 -21.1823348999 22.5000019073
    endloop
  endfacet
  facet normal 0.253376334906 0.00175386900082 0.967366218567
    outer loop
      vertex 38.4348220825 -21.334897995 18
      vertex 38.5346221924 -21.3005981445 22.5000019073
      vertex 38.1770973206 -21.394241333 22.5000019073
    endloop
  endfacet
  facet normal 0.228611677885 0.000254432437941 0.973517656326
    outer loop
      vertex 38.0574684143 -21.4235115051 18
      vertex 38.4348220825 -21.334897995 18
      vertex 38.1770973206 -21.394241333 22.5000019073
    endloop
  endfacet
  facet normal 0.228617668152 0.000254263984971 0.973516225815
    outer loop
      vertex 38.0574684143 -21.4235115051 18
      vertex 38.1770973206 -21.394241333 22.5000019073
      vertex 38.0423316956 -21.4258899689 22.5000019073
    endloop
  endfacet
  facet normal 0 -1 -0
    outer loop
      vertex 38.0574684143 -21.4235115051 18
      vertex 38.0574569702 -21.423456192 18
      vertex 38.4348220825 -21.334897995 18
    endloop
  endfacet
  facet normal -0 -1 0
    outer loop
      vertex 38.4348220825 -21.334897995 18
      vertex 38.0574569702 -21.423456192 18
      vertex 38.4348068237 -21.3348522186 18
    endloop
  endfacet
  facet normal 0 -1 -0
    outer loop
      vertex 38.4348220825 -21.334897995 18
      vertex 38.4348068237 -21.3348522186 18
      vertex 38.5351982117 -21.3015861511 18
    endloop
  endfacet
  facet normal -0 -1 -0
    outer loop
      vertex 38.5351982117 -21.3015861511 18
      vertex 38.4348068237 -21.3348522186 18
      vertex 38.7959480286 -21.1940689087 18
    endloop
  endfacet
  facet normal 0 -1 0
    outer loop
      vertex 38.5351982117 -21.3015861511 18
      vertex 38.7959480286 -21.1940689087 18
      vertex 38.7959671021 -21.1941051483 18
    endloop
  endfacet
  facet normal 0.381067693233 -0.000339780235663 0.924547076225
    outer loop
      vertex 38.5351982117 -21.3015861511 18
      vertex 38.7959671021 -21.1941051483 18
      vertex 38.6636009216 -21.2503166199 22.5000019073
    endloop
  endfacet
  facet normal 0.381058454514 -0.000339473685017 0.924550890923
    outer loop
      vertex 38.5351982117 -21.3015861511 18
      vertex 38.6636009216 -21.2503166199 22.5000019073
      vertex 38.5704689026 -21.2887001038 22.5000019073
    endloop
  endfacet
  facet normal 0.448972791433 0.00204490125179 0.893543064594
    outer loop
      vertex 38.7959671021 -21.1941051483 18
      vertex 38.9938392639 -21.0843830109 22.5000019073
      vertex 38.6636009216 -21.2503166199 22.5000019073
    endloop
  endfacet
  facet normal 0.473759144545 0.000640728627332 0.880654215813
    outer loop
      vertex 38.7959671021 -21.1941051483 18
      vertex 39.04429245 -21.0605144501 18
      vertex 38.9938392639 -21.0843830109 22.5000019073
    endloop
  endfacet
  facet normal 0.473759144545 0.000640728627332 0.880654215813
    outer loop
      vertex 39.0825271606 -21.0366725922 22.5000019073
      vertex 38.9938392639 -21.0843830109 22.5000019073
      vertex 39.04429245 -21.0605144501 18
    endloop
  endfacet
  facet normal 0.534627497196 -6.4910040237e-05 0.845087826252
    outer loop
      vertex 39.04429245 -21.0605144501 18
      vertex 39.1337280273 -21.0039348602 18
      vertex 39.0825271606 -21.0366725922 22.5000019073
    endloop
  endfacet
  facet normal 0.534629702568 -6.48752247798e-05 0.845086455345
    outer loop
      vertex 39.1144714355 -21.0164642334 22.5000019073
      vertex 39.0825271606 -21.0366725922 22.5000019073
      vertex 39.1337280273 -21.0039348602 18
    endloop
  endfacet
  facet normal 0 -1 0
    outer loop
      vertex 39.04429245 -21.0605144501 18
      vertex 39.1337089539 -21.003911972 18
      vertex 39.1337280273 -21.0039348602 18
    endloop
  endfacet
  facet normal 0 -1 -0
    outer loop
      vertex 39.1337280273 -21.0039348602 18
      vertex 39.1337089539 -21.003911972 18
      vertex 39.4413909912 -20.7681674957 18
    endloop
  endfacet
  facet normal -0 -1 0
    outer loop
      vertex 39.4413909912 -20.7681674957 18
      vertex 39.1337089539 -21.003911972 18
      vertex 39.4413757324 -20.7681484222 18
    endloop
  endfacet
  facet normal 0 -1 -0
    outer loop
      vertex 39.4413909912 -20.7681674957 18
      vertex 39.4413757324 -20.7681484222 18
      vertex 39.4935874939 -20.7207736969 18
    endloop
  endfacet
  facet normal 0.672229409218 0.000323094980558 0.740342855453
    outer loop
      vertex 39.4413909912 -20.7681674957 18
      vertex 39.4935874939 -20.7207736969 18
      vertex 39.5128746033 -20.7012958527 22.5000019073
    endloop
  endfacet
  facet normal 0.672265291214 0.000322800100548 0.740310251713
    outer loop
      vertex 39.5315170288 -20.6843681335 22.5000019073
      vertex 39.5128746033 -20.7012958527 22.5000019073
      vertex 39.4935874939 -20.7207736969 18
    endloop
  endfacet
  facet normal 0.624933719635 0.00167377770413 0.780676007271
    outer loop
      vertex 39.4413909912 -20.7681674957 18
      vertex 39.5128746033 -20.7012958527 22.5000019073
      vertex 39.2243499756 -20.9322624207 22.5000019073
    endloop
  endfacet
  facet normal 0.773590922356 0.00208121119067 0.633681893349
    outer loop
      vertex 39.712852478 -20.4914836884 18
      vertex 39.8440246582 -20.3165740967 22.5000019073
      vertex 39.6098251343 -20.6024799347 22.5000019073
    endloop
  endfacet
  facet normal 0.789713680744 0.000825832772534 0.613475084305
    outer loop
      vertex 39.712852478 -20.4914836884 18
      vertex 39.8642349243 -20.2966136932 18
      vertex 39.8440246582 -20.3165740967 22.5000019073
    endloop
  endfacet
  facet normal 0.789720773697 0.000825905241072 0.61346590519
    outer loop
      vertex 39.8980865479 -20.2469768524 22.5000019073
      vertex 39.8440246582 -20.3165740967 22.5000019073
      vertex 39.8642349243 -20.2966136932 18
    endloop
  endfacet
  facet normal 0 -1 -0
    outer loop
      vertex 39.712852478 -20.4914836884 18
      vertex 39.7128410339 -20.4914722443 18
      vertex 39.8642349243 -20.2966136932 18
    endloop
  endfacet
  facet normal -0 -1 -0
    outer loop
      vertex 39.8642349243 -20.2966136932 18
      vertex 39.7128410339 -20.4914722443 18
      vertex 39.9427070618 -20.1793746948 18
    endloop
  endfacet
  facet normal 0 -1 0
    outer loop
      vertex 39.8642349243 -20.2966136932 18
      vertex 39.9427070618 -20.1793746948 18
      vertex 39.9427146912 -20.1793823242 18
    endloop
  endfacet
  facet normal 0 -1 -0
    outer loop
      vertex 39.9427146912 -20.1793823242 18
      vertex 39.9427070618 -20.1793746948 18
      vertex 40.126411438 -19.838060379 18
    endloop
  endfacet
  facet normal 0.880568444729 0.00053805205971 0.473918735981
    outer loop
      vertex 39.9427146912 -20.1793823242 18
      vertex 40.126411438 -19.838060379 18
      vertex 39.9917221069 -20.0832099915 22.5000019073
    endloop
  endfacet
  facet normal 0.88056486845 0.000538230757229 0.473925292492
    outer loop
      vertex 39.9427146912 -20.1793823242 18
      vertex 39.9917221069 -20.0832099915 22.5000019073
      vertex 39.9261169434 -20.2051086426 22.5000019073
    endloop
  endfacet
  facet normal 0.888435959816 0.00158638169523 0.458997905254
    outer loop
      vertex 40.126411438 -19.838060379 18
      vertex 40.1613616943 -19.754858017 22.5000019073
      vertex 39.9917221069 -20.0832099915 22.5000019073
    endloop
  endfacet
  facet normal 0.914385259151 0.000383577862522 0.404844939709
    outer loop
      vertex 40.126411438 -19.838060379 18
      vertex 40.1406822205 -19.8058300018 18
      vertex 40.1613616943 -19.754858017 22.5000019073
    endloop
  endfacet
  facet normal 0.914383530617 0.00038363004569 0.404848843813
    outer loop
      vertex 40.1664581299 -19.7433452606 22.5000019073
      vertex 40.1613616943 -19.754858017 22.5000019073
      vertex 40.1406822205 -19.8058300018 18
    endloop
  endfacet
  facet normal 0.940651357174 -0.000675771269016 0.339373707771
    outer loop
      vertex 40.1406822205 -19.8058300018 18
      vertex 40.2602920532 -19.4743041992 18
      vertex 40.2091751099 -19.6249427795 22.5000019073
    endloop
  endfacet
  facet normal 0.940653979778 -0.00067610113183 0.339366495609
    outer loop
      vertex 40.1406822205 -19.8058300018 18
      vertex 40.2091751099 -19.6249427795 22.5000019073
      vertex 40.1664581299 -19.7433452606 22.5000019073
    endloop
  endfacet
  facet normal 0.964453816414 0.00210964865983 0.264242976904
    outer loop
      vertex 40.2602920532 -19.4743041992 18
      vertex 40.3068351746 -19.268497467 22.5000019073
      vertex 40.2091751099 -19.6249427795 22.5000019073
    endloop
  endfacet
  facet normal 0.998318195343 0.0014920780668 0.0579530149698
    outer loop
      vertex 40.3690185547 -18.7086906433 18
      vertex 40.3670883179 -18.6261043549 22.5000019073
      vertex 40.3456687927 -18.9950637817 22.5000019073
    endloop
  endfacet
  facet normal 0.997513473034 0.000691187160555 0.0704724341631
    outer loop
      vertex 40.3417015076 -19.0953369141 18
      vertex 40.3690185547 -18.7086906433 18
      vertex 40.3456687927 -18.9950637817 22.5000019073
    endloop
  endfacet
  facet normal 0.99751240015 0.000691534834914 0.0704879909754
    outer loop
      vertex 40.3417015076 -19.0953369141 18
      vertex 40.3456687927 -18.9950637817 22.5000019073
      vertex 40.3359107971 -19.1331520081 22.5000019073
    endloop
  endfacet
  facet normal 0.997513711452 0 0.0704724490643
    outer loop
      vertex 40.3417015076 -19.0953369141 18
      vertex 40.3690185547 -18.7086906433 5
      vertex 40.3690185547 -18.7086906433 18
    endloop
  endfacet
  facet normal 0.995184361935 0 -0.0980208516121
    outer loop
      vertex 40.3690185547 -18.7086906433 18
      vertex 40.3690185547 -18.7086906433 5
      vertex 40.3161773682 -18.1722049713 5
    endloop
  endfacet
  facet normal 0.993894040585 0.000513529521413 -0.110337458551
    outer loop
      vertex 40.3690185547 -18.7086906433 18
      vertex 40.3161773682 -18.1722049713 5
      vertex 40.3020591736 -18.1055488586 18
    endloop
  endfacet
  facet normal 0 -1 0
    outer loop
      vertex 39.3616333008 -16.5813293457 18
      vertex 39.7858047485 -17.0153102875 18
      vertex 39.7857933044 -17.0153198242 18
    endloop
  endfacet
  facet normal 0 -1 0
    outer loop
      vertex 39.7857933044 -17.0153198242 18
      vertex 39.7858047485 -17.0153102875 18
      vertex 40.1044464111 -17.5317726135 18
    endloop
  endfacet
  facet normal 0.851054489613 -0.000906257191673 -0.525076627731
    outer loop
      vertex 40.1044464111 -17.5317726135 18
      vertex 39.7858047485 -17.0153102875 18
      vertex 39.9725341797 -17.3101978302 22.5000019073
    endloop
  endfacet
  facet normal 0.851057231426 -0.000905958120711 -0.525072157383
    outer loop
      vertex 40.1044464111 -17.5317726135 18
      vertex 39.9725341797 -17.3101978302 22.5000019073
      vertex 40.0863342285 -17.4946479797 22.5000019073
    endloop
  endfacet
  facet normal 0.935579001904 0.000852859171573 -0.353116333485
    outer loop
      vertex 40.1044464111 -17.5317726135 18
      vertex 40.0863342285 -17.4946479797 22.5000019073
      vertex 40.2168388367 -17.840423584 22.5000019073
    endloop
  endfacet
  facet normal 0.945494055748 -0.00127957435325 -0.325636863708
    outer loop
      vertex 40.3020591736 -18.1055450439 18
      vertex 40.1044464111 -17.5317726135 18
      vertex 40.2168388367 -17.840423584 22.5000019073
    endloop
  endfacet
  facet normal 0.945495605469 -0.00127927295398 -0.325632274151
    outer loop
      vertex 40.3020591736 -18.1055450439 18
      vertex 40.2168388367 -17.840423584 22.5000019073
      vertex 40.2874145508 -18.0453414917 22.5000019073
    endloop
  endfacet
  facet normal 0.988552510738 0.00119896733668 -0.150872528553
    outer loop
      vertex 40.3020591736 -18.1055450439 18
      vertex 40.2874145508 -18.0453414917 22.5000019073
      vertex 40.3431739807 -18.4106941223 22.5000019073
    endloop
  endfacet
  facet normal 0.711076676846 0 -0.703114449978
    outer loop
      vertex 39.3616485596 -16.5813102722 18
      vertex 39.3616485596 -16.5813102722 22.5000019073
      vertex 39.6215057373 -16.8441104889 22.5000019073
    endloop
  endfacet
  facet normal 0.715171039104 -0.00047967385035 -0.698949337006
    outer loop
      vertex 39.7858047485 -17.0153102875 18
      vertex 39.3616485596 -16.5813102722 18
      vertex 39.6215057373 -16.8441104889 22.5000019073
    endloop
  endfacet
  facet normal 0.715170145035 -0.000479738140712 -0.698950231075
    outer loop
      vertex 39.7858047485 -17.0153102875 18
      vertex 39.6215057373 -16.8441104889 22.5000019073
      vertex 39.7729911804 -16.9991111755 22.5000019073
    endloop
  endfacet
  facet normal 0.841721892357 0.000453111861134 -0.539911150932
    outer loop
      vertex 39.7858047485 -17.0153102875 18
      vertex 39.7729911804 -16.9991111755 22.5000019073
      vertex 39.9725341797 -17.3101978302 22.5000019073
    endloop
  endfacet
  facet normal 0 -1 0
    outer loop
      vertex 39.3616333008 -16.5813293457 18
      vertex 39.3616485596 -16.5813102722 18
      vertex 39.7858047485 -17.0153102875 18
    endloop
  endfacet
  facet normal 0 -1 0
    outer loop
      vertex 38.9131278992 -16.2822551727 18
      vertex 39.3616485596 -16.5813102722 18
      vertex 39.3616333008 -16.5813293457 18
    endloop
  endfacet
  facet normal 0.63368332386 -5.82624352319e-07 -0.773592531681
    outer loop
      vertex 36.8510742188 -14.5247907639 18
      vertex 36.0774841309 -13.8911075592 19
      vertex 39.3616485596 -16.5813102722 18
    endloop
  endfacet
  facet normal 0.633683443069 1.1088450079e-16 -0.773592472076
    outer loop
      vertex 39.3616485596 -16.5813102722 18
      vertex 36.0774841309 -13.8911075592 19
      vertex 36.0774841309 -13.8911075592 22
    endloop
  endfacet
  facet normal -0.773592293262 0 -0.633683621883
    outer loop
      vertex 36.0774841309 -13.8911075592 19
      vertex 32.5922241211 -18.1458644867 19
      vertex 36.0774841309 -13.8911075592 22
    endloop
  endfacet
  facet normal -0.773592293262 0 -0.633683621883
    outer loop
      vertex 36.0774841309 -13.8911075592 22
      vertex 32.5922241211 -18.1458644867 19
      vertex 32.5922241211 -18.1458644867 22
    endloop
  endfacet
  facet normal -0.63368332386 1.50951427713e-06 0.773592531681
    outer loop
      vertex 33.365814209 -18.779548645 18
      vertex 35.8763885498 -20.8360691071 18
      vertex 32.5922241211 -18.1458644867 19
    endloop
  endfacet
  facet normal 0 -1 0
    outer loop
      vertex 33.365814209 -18.779548645 18
      vertex 35.4949302673 -20.4551429749 18
      vertex 35.8763885498 -20.8360691071 18
    endloop
  endfacet
  facet normal 0 -1 0
    outer loop
      vertex 36.9038352966 -21.3640651703 18
      vertex 36.9038581848 -21.3639831543 18
      vertex 37.2843017578 -21.438167572 18
    endloop
  endfacet
  facet normal 0 -1 0
    outer loop
      vertex 36.9038352966 -21.3640651703 18
      vertex 37.2843017578 -21.438167572 18
      vertex 37.2842941284 -21.438243866 18
    endloop
  endfacet
  facet normal -0.191366702318 0.000124141850392 0.981518626213
    outer loop
      vertex 36.9038352966 -21.3640651703 18
      vertex 37.2842941284 -21.438243866 18
      vertex 37.0323143005 -21.38854599 22.5000019073
    endloop
  endfacet
  facet normal -0.191363528371 0.000124048019643 0.98151922226
    outer loop
      vertex 36.9038352966 -21.3640651703 18
      vertex 37.0323143005 -21.38854599 22.5000019073
      vertex 36.8964385986 -21.3620548248 22.5000019073
    endloop
  endfacet
  facet normal -0.26631629467 -6.90763545208e-06 0.963885724545
    outer loop
      vertex 36.8698196411 -21.3546676636 18
      vertex 36.9038352966 -21.3640651703 18
      vertex 36.8842887878 -21.3586978912 22.5000019073
    endloop
  endfacet
  facet normal -0.266349315643 -7.06200762579e-06 0.963876545429
    outer loop
      vertex 36.8964385986 -21.3620548248 22.5000019073
      vertex 36.8842887878 -21.3586978912 22.5000019073
      vertex 36.9038352966 -21.3640651703 18
    endloop
  endfacet
  facet normal -0.161992534995 0.00182717316784 0.986790299416
    outer loop
      vertex 37.2842941284 -21.438243866 18
      vertex 37.3970184326 -21.4484157562 22.5000019073
      vertex 37.0323143005 -21.38854599 22.5000019073
    endloop
  endfacet
  facet normal -0.0962275266647 0.000160416660947 0.995359361172
    outer loop
      vertex 37.2842941284 -21.438243866 18
      vertex 37.4246635437 -21.4518146515 18
      vertex 37.3970184326 -21.4484157562 22.5000019073
    endloop
  endfacet
  facet normal -0.0962055847049 0.000160553056048 0.995361447334
    outer loop
      vertex 37.4471473694 -21.4532604218 22.5000019073
      vertex 37.3970184326 -21.4484157562 22.5000019073
      vertex 37.4246635437 -21.4518146515 18
    endloop
  endfacet
  facet normal -0.0258351061493 -0.000192790044821 0.999666213989
    outer loop
      vertex 37.4246635437 -21.4518146515 18
      vertex 37.6714019775 -21.458190918 18
      vertex 37.5352706909 -21.4555397034 22.5000019073
    endloop
  endfacet
  facet normal -0.0258527211845 -0.000192356717889 0.999665737152
    outer loop
      vertex 37.4246635437 -21.4518146515 18
      vertex 37.5352706909 -21.4555397034 22.5000019073
      vertex 37.4471473694 -21.4532604218 22.5000019073
    endloop
  endfacet
  facet normal 0 -1 0
    outer loop
      vertex 37.4246635437 -21.4518146515 18
      vertex 37.6714019775 -21.4581241608 18
      vertex 37.6714019775 -21.458190918 18
    endloop
  endfacet
  facet normal 0 -1 0
    outer loop
      vertex 37.6714019775 -21.458190918 18
      vertex 37.6714019775 -21.4581241608 18
      vertex 37.9876670837 -21.4338684082 18
    endloop
  endfacet
  facet normal 0.0766797363758 0.000441601034254 0.997055649757
    outer loop
      vertex 37.6714019775 -21.458190918 18
      vertex 37.9876670837 -21.4338684082 18
      vertex 37.9044494629 -21.4382743835 22.5000019073
    endloop
  endfacet
  facet normal 0.0766803175211 0.000441611744463 0.997055649757
    outer loop
      vertex 38.0173988342 -21.4295883179 22.5000019073
      vertex 37.9044494629 -21.4382743835 22.5000019073
      vertex 37.9876670837 -21.4338684082 18
    endloop
  endfacet
  facet normal -0 -1 -0
    outer loop
      vertex 37.9876670837 -21.4338684082 18
      vertex 37.6714019775 -21.4581241608 18
      vertex 38.0574569702 -21.423456192 18
    endloop
  endfacet
  facet normal 0 -1 0
    outer loop
      vertex 40.2602882385 -19.4743041992 18
      vertex 40.1406822205 -19.8058300018 18
      vertex 40.1264038086 -19.8380584717 18
    endloop
  endfacet
  facet normal 0.977693498135 0.000501153990626 0.210036098957
    outer loop
      vertex 40.2602882385 -19.4743041992 18
      vertex 40.3161773682 -19.245174408 5
      vertex 40.3417015076 -19.0953369141 18
    endloop
  endfacet
  facet normal 0 -1 0
    outer loop
      vertex 40.3417015076 -19.0953369141 18
      vertex 40.3113288879 -19.2690143585 18
      vertex 40.2602882385 -19.4743041992 18
    endloop
  endfacet
  facet normal 0 -1 -0
    outer loop
      vertex 37.4246635437 -21.4518146515 18
      vertex 37.2843017578 -21.438167572 18
      vertex 37.6714019775 -21.4581241608 18
    endloop
  endfacet
  facet normal 0.0467160344124 0.00200156029314 0.998906195164
    outer loop
      vertex 37.6714019775 -21.458190918 18
      vertex 37.9044494629 -21.4382743835 22.5000019073
      vertex 37.5352706909 -21.4555397034 22.5000019073
    endloop
  endfacet
  facet normal 0 -1 0
    outer loop
      vertex 37.2842941284 -21.438243866 18
      vertex 37.2843017578 -21.438167572 18
      vertex 37.4246635437 -21.4518146515 18
    endloop
  endfacet
  facet normal 0 -1 0
    outer loop
      vertex 36.8698196411 -21.3546676636 18
      vertex 36.9038581848 -21.3639831543 18
      vertex 36.9038352966 -21.3640651703 18
    endloop
  endfacet
  facet normal 0 -1 0
    outer loop
      vertex 36.9038581848 -21.3639831543 18
      vertex 36.8698196411 -21.3546676636 18
      vertex 36.5376205444 -21.2370414734 18
    endloop
  endfacet
  facet normal 0 -1 0
    outer loop
      vertex 39.3616485596 -16.5813102722 18
      vertex 38.9131278992 -16.2822551727 18
      vertex 36.8510742188 -14.5247907639 18
    endloop
  endfacet
  facet normal 0.995183944702 -0.000824262271635 0.0980216860771
    outer loop
      vertex 40.3417015076 -19.0953369141 18
      vertex 40.3161773682 -19.245174408 5
      vertex 40.3690185547 -18.7086906433 5
    endloop
  endfacet
  facet normal 0.985050022602 -0.000180186354555 0.172268569469
    outer loop
      vertex 40.3113288879 -19.2690143585 18
      vertex 40.3417015076 -19.0953369141 18
      vertex 40.3250656128 -19.1951789856 22.5000019073
    endloop
  endfacet
  facet normal 0.985054373741 -0.000179618640686 0.172243699431
    outer loop
      vertex 40.3359107971 -19.1331520081 22.5000019073
      vertex 40.3250656128 -19.1951789856 22.5000019073
      vertex 40.3417015076 -19.0953369141 18
    endloop
  endfacet
  facet normal 0.993892967701 -0.00159857235849 -0.110336899757
    outer loop
      vertex 40.3690185547 -18.7086906433 18
      vertex 40.3020591736 -18.1055450439 18
      vertex 40.3431739807 -18.4106941223 22.5000019073
    endloop
  endfacet
  facet normal 0.993893384933 -0.00159831740893 -0.110333092511
    outer loop
      vertex 40.3690185547 -18.7086906433 18
      vertex 40.3431739807 -18.4106941223 22.5000019073
      vertex 40.3670883179 -18.6261043549 22.5000019073
    endloop
  endfacet
  facet normal 0.970458388329 0.000996723538265 0.241266548634
    outer loop
      vertex 40.2602920532 -19.4743041992 18
      vertex 40.3113288879 -19.2690143585 18
      vertex 40.3068351746 -19.268497467 22.5000019073
    endloop
  endfacet
  facet normal 0.970454633236 0.000996721559204 0.241281494498
    outer loop
      vertex 40.3250656128 -19.1951789856 22.5000019073
      vertex 40.3068351746 -19.268497467 22.5000019073
      vertex 40.3113288879 -19.2690143585 18
    endloop
  endfacet
  facet normal 0 -1 0
    outer loop
      vertex 39.4935874939 -20.7207736969 18
      vertex 39.7128410339 -20.4914722443 18
      vertex 39.712852478 -20.4914836884 18
    endloop
  endfacet
  facet normal 0.830987811089 -0.000115215523692 0.556290626526
    outer loop
      vertex 39.8642349243 -20.2966136932 18
      vertex 39.9427146912 -20.1793823242 18
      vertex 39.8980865479 -20.2469768524 22.5000019073
    endloop
  endfacet
  facet normal 0.830973148346 -0.000115690047096 0.556312561035
    outer loop
      vertex 39.9261169434 -20.2051086426 22.5000019073
      vertex 39.8980865479 -20.2469768524 22.5000019073
      vertex 39.9427146912 -20.1793823242 18
    endloop
  endfacet
  facet normal 0.722727894783 -0.000500355032273 0.691132545471
    outer loop
      vertex 39.4935874939 -20.7207736969 18
      vertex 39.712852478 -20.4914836884 18
      vertex 39.6098251343 -20.6024799347 22.5000019073
    endloop
  endfacet
  facet normal 0.722728550434 -0.000500391761307 0.691131770611
    outer loop
      vertex 39.4935874939 -20.7207736969 18
      vertex 39.6098251343 -20.6024799347 22.5000019073
      vertex 39.5315170288 -20.6843681335 22.5000019073
    endloop
  endfacet
  facet normal -0 -1 -0
    outer loop
      vertex 39.4935874939 -20.7207736969 18
      vertex 39.4413757324 -20.7681484222 18
      vertex 39.7128410339 -20.4914722443 18
    endloop
  endfacet
  facet normal -0 -1 -0
    outer loop
      vertex 39.04429245 -21.0605144501 18
      vertex 38.7959480286 -21.1940689087 18
      vertex 39.1337089539 -21.003911972 18
    endloop
  endfacet
  facet normal 0.608257949352 0.000393131456804 0.793739318848
    outer loop
      vertex 39.1337280273 -21.0039348602 18
      vertex 39.4413909912 -20.7681674957 18
      vertex 39.2243499756 -20.9322624207 22.5000019073
    endloop
  endfacet
  facet normal 0.60825741291 0.000393149122829 0.79373973608
    outer loop
      vertex 39.1337280273 -21.0039348602 18
      vertex 39.2243499756 -20.9322624207 22.5000019073
      vertex 39.1144714355 -21.0164642334 22.5000019073
    endloop
  endfacet
  facet normal 0 -1 -0
    outer loop
      vertex 38.7959671021 -21.1941051483 18
      vertex 38.7959480286 -21.1940689087 18
      vertex 39.04429245 -21.0605144501 18
    endloop
  endfacet
  facet normal 0 -1 0
    outer loop
      vertex 37.9876670837 -21.4338684082 18
      vertex 38.0574569702 -21.423456192 18
      vertex 38.0574684143 -21.4235115051 18
    endloop
  endfacet
  facet normal 0.14676772058 -2.89872878056e-05 0.989170968533
    outer loop
      vertex 37.9876670837 -21.4338684082 18
      vertex 38.0574684143 -21.4235115051 18
      vertex 38.0173988342 -21.4295883179 22.5000019073
    endloop
  endfacet
  facet normal 0.146703720093 -2.95700247079e-05 0.989180505276
    outer loop
      vertex 38.0423316956 -21.4258899689 22.5000019073
      vertex 38.0173988342 -21.4295883179 22.5000019073
      vertex 38.0574684143 -21.4235115051 18
    endloop
  endfacet
  facet normal 0.314969956875 0.000248652038863 0.949101626873
    outer loop
      vertex 38.4348220825 -21.334897995 18
      vertex 38.5351982117 -21.3015861511 18
      vertex 38.5346221924 -21.3005981445 22.5000019073
    endloop
  endfacet
  facet normal 0.314990371466 0.000248653173912 0.949094831944
    outer loop
      vertex 38.5704689026 -21.2887001038 22.5000019073
      vertex 38.5346221924 -21.3005981445 22.5000019073
      vertex 38.5351982117 -21.3015861511 18
    endloop
  endfacet
  facet normal -0.33352035284 0.000227847456699 0.942742884159
    outer loop
      vertex 36.5375823975 -21.2371292114 18
      vertex 36.8698196411 -21.3546676636 18
      vertex 36.7656326294 -21.3167209625 22.5000019073
    endloop
  endfacet
  facet normal -0.333510190248 0.000228113276535 0.942746460438
    outer loop
      vertex 36.8842887878 -21.3586978912 22.5000019073
      vertex 36.7656326294 -21.3167209625 22.5000019073
      vertex 36.8698196411 -21.3546676636 18
    endloop
  endfacet
  facet normal 0 -1 0
    outer loop
      vertex 36.5376205444 -21.2370414734 18
      vertex 36.8698196411 -21.3546676636 18
      vertex 36.5375823975 -21.2371292114 18
    endloop
  endfacet
  facet normal 0 -1 -0
    outer loop
      vertex 35.8763885498 -20.8360691071 18
      vertex 35.4949302673 -20.4551429749 18
      vertex 35.8764572144 -20.8359851837 18
    endloop
  endfacet
  facet normal 0 -1 0
    outer loop
      vertex 36.1928710938 -21.0598716736 18
      vertex 36.3464050293 -21.1465091705 18
      vertex 36.192817688 -21.0599575043 18
    endloop
  endfacet
  facet normal -0.549352049828 0.00189242465422 0.835588872433
    outer loop
      vertex 36.192817688 -21.0599575043 18
      vertex 36.2982177734 -21.1190605164 22.5000019073
      vertex 35.9893989563 -20.9160289764 22.5000019073
    endloop
  endfacet
  facet normal -0.633683621883 0 0.773592352867
    outer loop
      vertex 32.5922241211 -18.1458644867 19
      vertex 35.8763885498 -20.8360691071 18
      vertex 32.5922241211 -18.1458644867 22
    endloop
  endfacet
  facet normal -0 -1 0
    outer loop
      vertex 36.0774841309 -13.8911075592 22
      vertex 32.5922241211 -18.1458644867 22
      vertex 28.2488269806 -7.47831010818 22
    endloop
  endfacet
  facet normal 0.633683800697 5.15572878612e-07 -0.773592174053
    outer loop
      vertex 39.3616485596 -16.5813102722 18
      vertex 36.0774841309 -13.8911075592 22
      vertex 36.6248474121 -14.3394775391 22.5000019073
    endloop
  endfacet
  facet normal 0.63368332386 0 -0.773592591286
    outer loop
      vertex 39.3616485596 -16.5813102722 18
      vertex 36.6248474121 -14.3394775391 22.5000019073
      vertex 39.3616485596 -16.5813102722 22.5000019073
    endloop
  endfacet
  facet normal -0.588427662849 -2.91752987882e-17 0.808549880981
    outer loop
      vertex 23.4885845184 -10.760474205 22
      vertex 24.2742824554 -11.3322706223 22
      vertex 23.6195335388 -10.8557729721 22.5000019073
    endloop
  endfacet
  facet normal -0.588427662849 0 0.808549880981
    outer loop
      vertex 24.2742824554 -11.3322706223 22.5000019073
      vertex 23.6195335388 -10.8557729721 22.5000019073
      vertex 24.2742824554 -11.3322706223 22
    endloop
  endfacet
  facet normal -0 -1 0
    outer loop
      vertex 27.4631195068 -6.74710607529 22
      vertex 23.4885845184 -10.760474205 22
      vertex 26.7758235931 -5.92271566391 22
    endloop
  endfacet
  facet normal 0 -1 0
    outer loop
      vertex 22.9103603363 -5.86155796051 22
      vertex 26.7758235931 -5.92271566391 22
      vertex 22.7605113983 -6.2233300209 22
    endloop
  endfacet
  facet normal -0.793346881866 0 -0.608769893646
    outer loop
      vertex 22.7605113983 -6.2233300209 22
      vertex 22.7207794189 -6.27510738373 22.5000019073
      vertex 22.7605113983 -6.2233300209 22.5000019073
    endloop
  endfacet
  facet normal -0.608762323856 -6.55670191918e-07 -0.793352663517
    outer loop
      vertex 22.5221309662 -6.53398990631 22
      vertex 22.2114715576 -6.77236795425 22
      vertex 22.4703540802 -6.5737195015 22.5000019073
    endloop
  endfacet
  facet normal -0.608763098717 -0 -0.793352067471
    outer loop
      vertex 22.2114715576 -6.77236795425 22.5000019073
      vertex 22.4703540802 -6.5737195015 22.5000019073
      vertex 22.2114715576 -6.77236795425 22
    endloop
  endfacet
  facet normal -0.492302715778 0 0.870424032211
    outer loop
      vertex 22.6427593231 -10.2820882797 22
      vertex 22.7837314606 -10.3618202209 22.5000019073
      vertex 22.6427593231 -10.2820882797 22.5000019073
    endloop
  endfacet
  facet normal 0 -1 0
    outer loop
      vertex 22.6427593231 -10.2820882797 22
      vertex 22.2114715576 -6.77236795425 22
      vertex 22.5221309662 -6.53398990631 22
    endloop
  endfacet
  facet normal 0 -1 -0
    outer loop
      vertex 21.7478618622 -9.90336799622 22
      vertex 21.4614715576 -6.9733300209 22
      vertex 21.8496990204 -6.92221879959 22
    endloop
  endfacet
  facet normal 0 -1 0
    outer loop
      vertex 20.8155860901 -9.62926101685 22
      vertex 21.4614715576 -6.9733300209 22
      vertex 21.7478618622 -9.90336799622 22
    endloop
  endfacet
  facet normal -0.382685273886 0 -0.923878788948
    outer loop
      vertex 22.2114715576 -6.77236795425 22
      vertex 22.1511745453 -6.79734373093 22.5000019073
      vertex 22.2114715576 -6.77236795425 22.5000019073
    endloop
  endfacet
  facet normal -0.130526855588 4.79154437016e-07 -0.991444766521
    outer loop
      vertex 21.8496990204 -6.92221879959 22
      vertex 21.4614715576 -6.9733300209 22
      vertex 21.784992218 -6.93073749542 22.5000019073
    endloop
  endfacet
  facet normal -0.130526125431 -0 -0.991444885731
    outer loop
      vertex 21.4614715576 -6.9733300209 22.5000019073
      vertex 21.784992218 -6.93073749542 22.5000019073
      vertex 21.4614715576 -6.9733300209 22
    endloop
  endfacet
  facet normal 0.130530491471 0 -0.991444289684
    outer loop
      vertex 21.4614715576 -6.9733300209 22
      vertex 21.3967666626 -6.96481084824 22.5000019073
      vertex 21.4614715576 -6.9733300209 22.5000019073
    endloop
  endfacet
  facet normal 0.130526065826 -5.83416920108e-07 -0.991444885731
    outer loop
      vertex 21.4614715576 -6.9733300209 22
      vertex 21.0732421875 -6.92221879959 22
      vertex 21.3967666626 -6.96481084824 22.5000019073
    endloop
  endfacet
  facet normal 0.130525171757 0 -0.99144500494
    outer loop
      vertex 21.0732421875 -6.92221879959 22.5000019073
      vertex 21.3967666626 -6.96481084824 22.5000019073
      vertex 21.0732421875 -6.92221879959 22
    endloop
  endfacet
  facet normal -0.282079607248 6.74672051559e-08 0.959390997887
    outer loop
      vertex 20.8155860901 -9.62926101685 22
      vertex 21.7478618622 -9.90336799622 22
      vertex 20.9709663391 -9.67494487762 22.5000019073
    endloop
  endfacet
  facet normal -0.282079637051 0 0.959390997887
    outer loop
      vertex 21.7478618622 -9.90336799622 22.5000019073
      vertex 20.9709663391 -9.67494487762 22.5000019073
      vertex 21.7478618622 -9.90336799622 22
    endloop
  endfacet
  facet normal 0 -1 0
    outer loop
      vertex 20.8155860901 -9.62926101685 22
      vertex 21.0732421875 -6.92221879959 22
      vertex 21.4614715576 -6.9733300209 22
    endloop
  endfacet
  facet normal 0.382685273886 0 -0.923878788948
    outer loop
      vertex 21.0732421875 -6.92221879959 22
      vertex 21.0129470825 -6.89724302292 22.5000019073
      vertex 21.0732421875 -6.92221879959 22.5000019073
    endloop
  endfacet
  facet normal 0.608759343624 1.69404970052e-07 -0.793354928493
    outer loop
      vertex 20.7114715576 -6.77236795425 22
      vertex 20.4008102417 -6.53398990631 22
      vertex 20.6596946716 -6.73263788223 22.5000019073
    endloop
  endfacet
  facet normal 0.608759582043 0 -0.79335474968
    outer loop
      vertex 20.4008102417 -6.53398990631 22.5000019073
      vertex 20.6596946716 -6.73263788223 22.5000019073
      vertex 20.4008102417 -6.53398990631 22
    endloop
  endfacet
  facet normal 0.793364584446 0 -0.608746767044
    outer loop
      vertex 20.4008102417 -6.53398990631 22
      vertex 20.361082077 -6.48221254349 22.5000019073
      vertex 20.4008102417 -6.53398990631 22.5000019073
    endloop
  endfacet
  facet normal -0.170739516616 0 0.985316216946
    outer loop
      vertex 19.8581180573 -9.46334934235 22
      vertex 20.0176963806 -9.49100208282 22.5000019073
      vertex 19.8581180573 -9.46334934235 22.5000019073
    endloop
  endfacet
  facet normal 0 -1 0
    outer loop
      vertex 19.8581180573 -9.46334934235 22
      vertex 20.4008102417 -6.53398990631 22
      vertex 20.7114715576 -6.77236795425 22
    endloop
  endfacet
  facet normal 0.793354153633 -2.23993811233e-06 -0.608760356903
    outer loop
      vertex 20.4008102417 -6.53398990631 22
      vertex 20.1624336243 -6.2233300209 22
      vertex 20.361082077 -6.48221254349 22.5000019073
    endloop
  endfacet
  facet normal 0.793352067471 0 -0.608763098717
    outer loop
      vertex 20.1624336243 -6.2233300209 22.5000019073
      vertex 20.361082077 -6.48221254349 22.5000019073
      vertex 20.1624336243 -6.2233300209 22
    endloop
  endfacet
  facet normal 0 -1 0
    outer loop
      vertex 18.3832511902 -9.40780544281 22
      vertex 20.0125827789 -5.86155796051 22
      vertex 20.1624336243 -6.2233300209 22
    endloop
  endfacet
  facet normal 0.923879802227 1.25979136101e-06 -0.382682830095
    outer loop
      vertex 20.1624336243 -6.2233300209 22
      vertex 20.0125827789 -5.86155796051 22
      vertex 20.1374568939 -6.16303491592 22.5000019073
    endloop
  endfacet
  facet normal 0.923880517483 0 -0.382681041956
    outer loop
      vertex 20.0125827789 -5.86155796051 22.5000019073
      vertex 20.1374568939 -6.16303491592 22.5000019073
      vertex 20.0125827789 -5.86155796051 22
    endloop
  endfacet
  facet normal 0 -1 0
    outer loop
      vertex 18.3832511902 -9.40780544281 22
      vertex 19.9614715576 -5.47333049774 22
      vertex 20.0125827789 -5.86155796051 22
    endloop
  endfacet
  facet normal 0.991444826126 8.44068267725e-07 -0.130526468158
    outer loop
      vertex 20.0125827789 -5.86155796051 22
      vertex 19.9614715576 -5.47333049774 22
      vertex 20.0040626526 -5.79685354233 22.5000019073
    endloop
  endfacet
  facet normal 0.99144500494 0 -0.130525171757
    outer loop
      vertex 19.9614715576 -5.47333049774 22.5000019073
      vertex 20.0040626526 -5.79685354233 22.5000019073
      vertex 19.9614715576 -5.47333049774 22
    endloop
  endfacet
  facet normal 0 -1 0
    outer loop
      vertex 18.3832511902 -0.17284193635 22
      vertex 19.9614715576 -5.47333049774 22
      vertex 18.3832511902 -9.40780544281 22
    endloop
  endfacet
  facet normal 0 -1 0
    outer loop
      vertex -19.4503059387 -9.38922309875 19.5
      vertex -14.7885293961 -6.77236795425 19.5
      vertex 15.8832502365 -9.38922309875 19.5
    endloop
  endfacet
  facet normal 0 -1 0
    outer loop
      vertex 15.8832502365 -9.38922309875 19.5
      vertex -14.7885293961 -6.77236795425 19.5
      vertex -14.4778690338 -6.53398990631 19.5
    endloop
  endfacet
  facet normal 0 -1 0
    outer loop
      vertex 15.8832502365 -9.38922309875 19.5
      vertex -14.4778690338 -6.53398990631 19.5
      vertex -14.239490509 -6.2233300209 19.5
    endloop
  endfacet
  facet normal 0 -1 0
    outer loop
      vertex -6.44743061066 2.69435334206 19.5
      vertex 15.8832502365 -9.38922309875 19.5
      vertex -14.239490509 -6.2233300209 19.5
    endloop
  endfacet
  facet normal 0 -1 0
    outer loop
      vertex -6.44743061066 2.69435334206 19.5
      vertex -14.239490509 -6.2233300209 19.5
      vertex -14.0896396637 -5.86155796051 19.5
    endloop
  endfacet
  facet normal 0 -1 0
    outer loop
      vertex -14.0896396637 -5.86155796051 19.5
      vertex -14.0385284424 -5.47333049774 19.5
      vertex -6.44743061066 2.69435334206 19.5
    endloop
  endfacet
  facet normal 0 -1 0
    outer loop
      vertex -6.44743061066 2.69435334206 19.5
      vertex -14.0385284424 -5.47333049774 19.5
      vertex -14.0896396637 -5.08510160446 19.5
    endloop
  endfacet
  facet normal 0 -1 0
    outer loop
      vertex -11.4503059387 3.34130954742 19.5
      vertex -6.44743061066 2.69435334206 19.5
      vertex -14.0896396637 -5.08510160446 19.5
    endloop
  endfacet
  facet normal 0 -1 0
    outer loop
      vertex -11.4503059387 3.34130954742 19.5
      vertex -14.0896396637 -5.08510160446 19.5
      vertex -14.239490509 -4.72332954407 19.5
    endloop
  endfacet
  facet normal 0 -1 -0
    outer loop
      vertex -14.239490509 -4.72332954407 19.5
      vertex -14.4778690338 -4.41266965866 19.5
      vertex -11.4503059387 3.34130954742 19.5
    endloop
  endfacet
  facet normal 0 -1 0
    outer loop
      vertex -11.4503059387 3.34130954742 19.5
      vertex -14.4778690338 -4.41266965866 19.5
      vertex -14.7885293961 -4.17429161072 19.5
    endloop
  endfacet
  facet normal 0 -1 0
    outer loop
      vertex -11.4503059387 3.34130954742 19.5
      vertex -14.7885293961 -4.17429161072 19.5
      vertex -15.1502990723 -4.02444124222 19.5
    endloop
  endfacet
  facet normal 0 -1 -0
    outer loop
      vertex -15.1502990723 -4.02444124222 19.5
      vertex -15.5385293961 -3.97332978249 19.5
      vertex -11.4503059387 3.34130954742 19.5
    endloop
  endfacet
  facet normal 0 -1 0
    outer loop
      vertex -11.4503059387 3.34130954742 19.5
      vertex -15.5385293961 -3.97332978249 19.5
      vertex -19.4503059387 3.34130954742 19.5
    endloop
  endfacet
  facet normal -1 0 0
    outer loop
      vertex -19.4503059387 14.055226326 22
      vertex -19.4503059387 33.5266723633 22.5000019073
      vertex -19.4503059387 24.51263237 22
    endloop
  endfacet
  facet normal -1 0 -0
    outer loop
      vertex -19.4503059387 24.51263237 22
      vertex -19.4503059387 33.5266723633 22.5000019073
      vertex -19.4503059387 37.8665237427 19.5
    endloop
  endfacet
  facet normal -1 -0 0
    outer loop
      vertex -19.4503059387 24.51263237 22
      vertex -19.4503059387 37.8665237427 19.5
      vertex -19.4503059387 24.51263237 19.5
    endloop
  endfacet
  facet normal -0 -1 0
    outer loop
      vertex -19.4404449463 32.2695045471 19.5
      vertex -19.4503059387 24.51263237 19.5
      vertex -19.4503059387 37.8665237427 19.5
    endloop
  endfacet
  facet normal -1 0 0
    outer loop
      vertex -19.4503059387 37.8665237427 19.5
      vertex -19.4503059387 33.5266723633 22.5000019073
      vertex -19.4503059387 37.8665237427 22.5000019073
    endloop
  endfacet
  facet normal -0.999890089035 -1.47368751868e-07 -0.0148242153227
    outer loop
      vertex -19.4492092133 37.9405517578 19.5
      vertex -19.4503059387 37.8665237427 19.5
      vertex -19.4498081207 37.9001731873 22.5000019073
    endloop
  endfacet
  facet normal -0.999890327454 -0 -0.0148110799491
    outer loop
      vertex -19.4503059387 37.8665237427 22.5000019073
      vertex -19.4498081207 37.9001731873 22.5000019073
      vertex -19.4503059387 37.8665237427 19.5
    endloop
  endfacet
  facet normal 0 -1 0
    outer loop
      vertex -19.4459209442 38.0145149231 19.5
      vertex -19.4503059387 37.8665237427 19.5
      vertex -19.4492092133 37.9405517578 19.5
    endloop
  endfacet
  facet normal 0 -1 0
    outer loop
      vertex -19.4404449463 38.0883483887 19.5
      vertex -19.4503059387 37.8665237427 19.5
      vertex -19.4459209442 38.0145149231 19.5
    endloop
  endfacet
  facet normal -0.997260570526 0.00119494262617 -0.0739586651325
    outer loop
      vertex -19.4404449463 38.0883483887 19.5
      vertex -19.4459209442 38.0145149231 19.5
      vertex -19.4458236694 37.9673538208 22.5000019073
    endloop
  endfacet
  facet normal -0.997261941433 0.000464556360384 -0.0739490538836
    outer loop
      vertex -19.4483127594 37.9337921143 22.5000019073
      vertex -19.4458236694 37.9673538208 22.5000019073
      vertex -19.4492092133 37.9405517578 19.5
    endloop
  endfacet
  facet normal -0.993708431721 0.00273415422998 -0.111964553595
    outer loop
      vertex -19.4404449463 38.0883483887 19.5
      vertex -19.4458236694 37.9673538208 22.5000019073
      vertex -19.4116344452 38.2707939148 22.5000019073
    endloop
  endfacet
  facet normal -0.981102883816 -0.00234379526228 -0.193472623825
    outer loop
      vertex -19.3382377625 38.6066474915 19.5
      vertex -19.4404449463 38.0883483887 19.5
      vertex -19.4116344452 38.2707939148 22.5000019073
    endloop
  endfacet
  facet normal -0.981102406979 -0.00234350003302 -0.193475142121
    outer loop
      vertex -19.3382377625 38.6066474915 19.5
      vertex -19.4116344452 38.2707939148 22.5000019073
      vertex -19.3651752472 38.5063819885 22.5000019073
    endloop
  endfacet
  facet normal 0 -1 0
    outer loop
      vertex -19.4404449463 38.0883483887 19.5
      vertex -19.3382377625 38.6066474915 19.5
      vertex -16.4363460541 39.1259841919 19.5
    endloop
  endfacet
  facet normal 0 -1 0
    outer loop
      vertex -16.4363460541 39.1259841919 19.5
      vertex -19.3382377625 38.6066474915 19.5
      vertex -19.1294021606 39.0918998718 19.5
    endloop
  endfacet
  facet normal -0 -1 0
    outer loop
      vertex -16.4363460541 39.1259841919 19.5
      vertex -19.1294021606 39.0918998718 19.5
      vertex -18.8232650757 39.5224304199 19.5
    endloop
  endfacet
  facet normal 0 -1 0
    outer loop
      vertex -18.8232650757 39.5224304199 19.5
      vertex -18.4334926605 39.8790245056 19.5
      vertex -16.4363460541 39.1259841919 19.5
    endloop
  endfacet
  facet normal 0 -1 0
    outer loop
      vertex -16.4363460541 39.1259841919 19.5
      vertex -18.4334926605 39.8790245056 19.5
      vertex -17.9774951935 40.1457557678 19.5
    endloop
  endfacet
  facet normal 0 -1 0
    outer loop
      vertex -16.4363460541 39.1259841919 19.5
      vertex -17.9774951935 40.1457557678 19.5
      vertex -17.4756278992 40.310710907 19.5
    endloop
  endfacet
  facet normal 0 -1 0
    outer loop
      vertex -17.4756278992 40.310710907 19.5
      vertex -16.9503059387 40.3665237427 19.5
      vertex -16.4363460541 39.1259841919 19.5
    endloop
  endfacet
  facet normal 0 -1 -0
    outer loop
      vertex -16.4363460541 39.1259841919 19.5
      vertex -16.9503059387 40.3665237427 19.5
      vertex -15.8762998581 39.2558479309 19.5
    endloop
  endfacet
  facet normal 0 -1 -0
    outer loop
      vertex -15.3014907837 39.2664337158 19.5
      vertex -16.9503059387 40.3665237427 19.5
      vertex -14.7370414734 39.1572799683 19.5
    endloop
  endfacet
  facet normal 0 -1 -0
    outer loop
      vertex -15.8762998581 39.2558479309 19.5
      vertex -16.9503059387 40.3665237427 19.5
      vertex -15.3014907837 39.2664337158 19.5
    endloop
  endfacet
  facet normal -0.105650253594 1.40583011898e-07 -0.994403362274
    outer loop
      vertex -16.9503059387 40.3665237427 19.5
      vertex -17.4756278992 40.310710907 19.5
      vertex -17.1890888214 40.3411521912 22.5000019073
    endloop
  endfacet
  facet normal -0.10565199703 0 -0.99440318346
    outer loop
      vertex -16.9503059387 40.3665237427 19.5
      vertex -17.1890888214 40.3411521912 22.5000019073
      vertex -16.9503059387 40.3665237427 22.5000019073
    endloop
  endfacet
  facet normal -0.111961945891 0.000610002374742 -0.993712306023
    outer loop
      vertex -17.4756278992 40.310710907 19.5
      vertex -17.4925251007 40.3069648743 22.5000019073
      vertex -17.1890888214 40.3411521912 22.5000019073
    endloop
  endfacet
  facet normal 0.608758926392 -0 0.793355226517
    outer loop
      vertex -16.5991897583 37.5873298645 18
      vertex -16.3994789124 37.7405700684 22.5000019073
      vertex -16.5991897583 37.5873298645 22.5000019073
    endloop
  endfacet
  facet normal 0.608757436275 1.06664124644e-07 0.79335641861
    outer loop
      vertex -16.5991897583 37.5873298645 18
      vertex -16.2885284424 37.8257064819 18
      vertex -16.3994789124 37.7405700684 22.5000019073
    endloop
  endfacet
  facet normal 0.608754694462 0 0.793358504772
    outer loop
      vertex -16.2885284424 37.8257064819 22.5000019073
      vertex -16.3994789124 37.7405700684 22.5000019073
      vertex -16.2885284424 37.8257064819 18
    endloop
  endfacet
  facet normal 0.382692843676 -0 0.923875629902
    outer loop
      vertex -16.2885284424 37.8257064819 18
      vertex -16.0559616089 37.922039032 22.5000019073
      vertex -16.2885284424 37.8257064819 22.5000019073
    endloop
  endfacet
  facet normal 0.382692843676 1.24975729765e-09 0.923875629902
    outer loop
      vertex -16.2885284424 37.8257064819 18
      vertex -15.9267578125 37.9755592346 18
      vertex -16.0559616089 37.922039032 22.5000019073
    endloop
  endfacet
  facet normal 0.382692784071 0 0.923875629902
    outer loop
      vertex -15.9267578125 37.9755592346 22.5000019073
      vertex -16.0559616089 37.922039032 22.5000019073
      vertex -15.9267578125 37.9755592346 18
    endloop
  endfacet
  facet normal 0.130521118641 -0 0.991445541382
    outer loop
      vertex -15.9267578125 37.9755592346 18
      vertex -15.6771821976 38.0084152222 22.5000019073
      vertex -15.9267578125 37.9755592346 22.5000019073
    endloop
  endfacet
  facet normal -0.130521118641 0 0.991445541382
    outer loop
      vertex -15.5385293961 38.0266685486 18
      vertex -15.2889528275 37.993812561 22.5000019073
      vertex -15.5385293961 38.0266685486 22.5000019073
    endloop
  endfacet
  facet normal -0.130519658327 -8.2869888729e-08 0.991445720196
    outer loop
      vertex -15.5385293961 38.0266685486 18
      vertex -15.1502990723 37.9755592346 18
      vertex -15.2889528275 37.993812561 22.5000019073
    endloop
  endfacet
  facet normal -0.13051700592 0 0.991446077824
    outer loop
      vertex -15.1502990723 37.9755592346 22.5000019073
      vertex -15.2889528275 37.993812561 22.5000019073
      vertex -15.1502990723 37.9755592346 18
    endloop
  endfacet
  facet normal -0.382692843676 0 0.923875629902
    outer loop
      vertex -15.1502990723 37.9755592346 18
      vertex -14.9177331924 37.8792266846 22.5000019073
      vertex -15.1502990723 37.9755592346 22.5000019073
    endloop
  endfacet
  facet normal -0.608758926392 0 0.793355226517
    outer loop
      vertex -14.7885293961 37.8257064819 18
      vertex -14.5888185501 37.6724624634 22.5000019073
      vertex -14.7885293961 37.8257064819 22.5000019073
    endloop
  endfacet
  facet normal -0.608758926392 -2.46529618941e-09 0.793355286121
    outer loop
      vertex -14.7885293961 37.8257064819 18
      vertex -14.4778690338 37.5873298645 18
      vertex -14.5888185501 37.6724624634 22.5000019073
    endloop
  endfacet
  facet normal -0.608758866787 0 0.793355345726
    outer loop
      vertex -14.4778690338 37.5873298645 22.5000019073
      vertex -14.5888185501 37.6724624634 22.5000019073
      vertex -14.4778690338 37.5873298645 18
    endloop
  endfacet
  facet normal -0.793353497982 0 0.608761250973
    outer loop
      vertex -14.4778690338 37.5873298645 18
      vertex -14.3246259689 37.3876190186 22.5000019073
      vertex -14.4778690338 37.5873298645 22.5000019073
    endloop
  endfacet
  facet normal -0.793352663517 -7.54416902282e-08 0.608762323856
    outer loop
      vertex -14.4778690338 37.5873298645 18
      vertex -14.239490509 37.2766685486 18
      vertex -14.3246259689 37.3876190186 22.5000019073
    endloop
  endfacet
  facet normal -0.793351173401 0 0.608764231205
    outer loop
      vertex -14.239490509 37.2766685486 22.5000019073
      vertex -14.3246259689 37.3876190186 22.5000019073
      vertex -14.239490509 37.2766685486 18
    endloop
  endfacet
  facet normal -0.923880398273 0 0.382681369781
    outer loop
      vertex -14.239490509 37.2766685486 18
      vertex -14.143157959 37.0441017151 22.5000019073
      vertex -14.239490509 37.2766685486 22.5000019073
    endloop
  endfacet
  facet normal -0.991444826126 0 0.130526423454
    outer loop
      vertex -14.0896396637 36.9148979187 18
      vertex -14.0567827225 36.6653251648 22.5000019073
      vertex -14.0896396637 36.9148979187 22.5000019073
    endloop
  endfacet
  facet normal -0.991444885731 1.98592271516e-08 0.130526065826
    outer loop
      vertex -14.0896396637 36.9148979187 18
      vertex -14.0385284424 36.5266685486 18
      vertex -14.0567827225 36.6653251648 22.5000019073
    endloop
  endfacet
  facet normal -0.991444945335 0 0.130525425076
    outer loop
      vertex -14.0385284424 36.5266685486 22.5000019073
      vertex -14.0567827225 36.6653251648 22.5000019073
      vertex -14.0385284424 36.5266685486 18
    endloop
  endfacet
  facet normal -0.991444826126 0 -0.130526423454
    outer loop
      vertex -14.0385284424 36.5266685486 18
      vertex -14.0713863373 36.2770957947 22.5000019073
      vertex -14.0385284424 36.5266685486 22.5000019073
    endloop
  endfacet
  facet normal -0.92388176918 0 -0.382678002119
    outer loop
      vertex -14.0896396637 36.1384429932 18
      vertex -14.1859722137 35.905872345 22.5000019073
      vertex -14.0896396637 36.1384429932 22.5000019073
    endloop
  endfacet
  facet normal -0.923881113529 9.63801980447e-08 -0.382679581642
    outer loop
      vertex -14.0896396637 36.1384429932 18
      vertex -14.239490509 35.7766685486 18
      vertex -14.1859722137 35.905872345 22.5000019073
    endloop
  endfacet
  facet normal -0.923879921436 -0 -0.382682442665
    outer loop
      vertex -14.239490509 35.7766685486 22.5000019073
      vertex -14.1859722137 35.905872345 22.5000019073
      vertex -14.239490509 35.7766685486 18
    endloop
  endfacet
  facet normal -0.793349981308 0 -0.60876584053
    outer loop
      vertex -14.239490509 35.7766685486 18
      vertex -14.3927335739 35.5769615173 22.5000019073
      vertex -14.239490509 35.7766685486 22.5000019073
    endloop
  endfacet
  facet normal -0.79335039854 -4.03362427903e-08 -0.608765244484
    outer loop
      vertex -14.239490509 35.7766685486 18
      vertex -14.4778690338 35.4660110474 18
      vertex -14.3927335739 35.5769615173 22.5000019073
    endloop
  endfacet
  facet normal -0.793351173401 -0 -0.608764231205
    outer loop
      vertex -14.4778690338 35.4660110474 22.5000019073
      vertex -14.3927335739 35.5769615173 22.5000019073
      vertex -14.4778690338 35.4660110474 18
    endloop
  endfacet
  facet normal -0.608764946461 0 -0.793350636959
    outer loop
      vertex -14.4778690338 35.4660110474 18
      vertex -14.6775798798 35.3127670288 22.5000019073
      vertex -14.4778690338 35.4660110474 22.5000019073
    endloop
  endfacet
  facet normal -0.608762741089 1.53348011622e-07 -0.793352305889
    outer loop
      vertex -14.4778690338 35.4660110474 18
      vertex -14.7885293961 35.2276306152 18
      vertex -14.6775798798 35.3127670288 22.5000019073
    endloop
  endfacet
  facet normal -0.608758866787 -0 -0.793355345726
    outer loop
      vertex -14.7885293961 35.2276306152 22.5000019073
      vertex -14.6775798798 35.3127670288 22.5000019073
      vertex -14.7885293961 35.2276306152 18
    endloop
  endfacet
  facet normal -0.382684737444 0 -0.923878967762
    outer loop
      vertex -14.7885293961 35.2276306152 18
      vertex -15.0210952759 35.1312980652 22.5000019073
      vertex -14.7885293961 35.2276306152 22.5000019073
    endloop
  endfacet
  facet normal -0.38268238306 1.4181472352e-07 -0.923879981041
    outer loop
      vertex -14.7885293961 35.2276306152 18
      vertex -15.1502990723 35.0777816772 18
      vertex -15.0210952759 35.1312980652 22.5000019073
    endloop
  endfacet
  facet normal -0.382678180933 -0 -0.923881709576
    outer loop
      vertex -15.1502990723 35.0777816772 22.5000019073
      vertex -15.0210952759 35.1312980652 22.5000019073
      vertex -15.1502990723 35.0777816772 18
    endloop
  endfacet
  facet normal -0.13053047657 0 -0.991444289684
    outer loop
      vertex -15.1502990723 35.0777816772 18
      vertex -15.3998756409 35.044921875 22.5000019073
      vertex -15.1502990723 35.0777816772 22.5000019073
    endloop
  endfacet
  facet normal 0.923880398273 -0 0.382681369781
    outer loop
      vertex -16.9874172211 36.9148979187 18
      vertex -16.891084671 37.1474647522 22.5000019073
      vertex -16.9874172211 36.9148979187 22.5000019073
    endloop
  endfacet
  facet normal 0.92387932539 1.54605032776e-07 0.382683902979
    outer loop
      vertex -16.9874172211 36.9148979187 18
      vertex -16.8375663757 37.2766685486 18
      vertex -16.891084671 37.1474647522 22.5000019073
    endloop
  endfacet
  facet normal 0.923877418041 0 0.382688522339
    outer loop
      vertex -16.8375663757 37.2766685486 22.5000019073
      vertex -16.891084671 37.1474647522 22.5000019073
      vertex -16.8375663757 37.2766685486 18
    endloop
  endfacet
  facet normal 0.793353497982 -0 0.608761250973
    outer loop
      vertex -16.8375663757 37.2766685486 18
      vertex -16.6843242645 37.4763793945 22.5000019073
      vertex -16.8375663757 37.2766685486 22.5000019073
    endloop
  endfacet
  facet normal -0.707105338573 0.002000302542 -0.707105338573
    outer loop
      vertex -18.8232650757 39.5224304199 19.5
      vertex -18.8677845001 39.4694213867 22.5000019073
      vertex -18.6518630981 39.685344696 22.5000019073
    endloop
  endfacet
  facet normal -0.846724331379 0.00231861509383 -0.532026827335
    outer loop
      vertex -19.1294021606 39.0918998718 19.5
      vertex -19.1693973541 39.015171051 22.5000019073
      vertex -19.0069389343 39.273727417 22.5000019073
    endloop
  endfacet
  facet normal -0 1 0
    outer loop
      vertex -16.9874172211 36.9148979187 18
      vertex -14.0896396637 36.9148979187 18
      vertex -16.8375663757 37.2766685486 18
    endloop
  endfacet
  facet normal 0 1 0
    outer loop
      vertex -16.8375663757 37.2766685486 18
      vertex -14.0896396637 36.9148979187 18
      vertex -14.239490509 37.2766685486 18
    endloop
  endfacet
  facet normal -0 1 0
    outer loop
      vertex -16.8375663757 37.2766685486 18
      vertex -14.239490509 37.2766685486 18
      vertex -16.5991897583 37.5873298645 18
    endloop
  endfacet
  facet normal 0.991444885731 -1.98592271516e-08 0.130526065826
    outer loop
      vertex -17.0385284424 36.5266685486 18
      vertex -16.9874172211 36.9148979187 18
      vertex -17.0056724548 36.7762451172 22.5000019073
    endloop
  endfacet
  facet normal 0.991444945335 0 0.130525425076
    outer loop
      vertex -16.9874172211 36.9148979187 22.5000019073
      vertex -17.0056724548 36.7762451172 22.5000019073
      vertex -16.9874172211 36.9148979187 18
    endloop
  endfacet
  facet normal 0 1 0
    outer loop
      vertex -14.0385284424 36.5266685486 18
      vertex -16.9874172211 36.9148979187 18
      vertex -17.0385284424 36.5266685486 18
    endloop
  endfacet
  facet normal 0 1 0
    outer loop
      vertex -14.0385284424 36.5266685486 18
      vertex -17.0385284424 36.5266685486 18
      vertex -14.0896396637 36.1384429932 18
    endloop
  endfacet
  facet normal 0 1 0
    outer loop
      vertex -14.0896396637 36.1384429932 18
      vertex -17.0385284424 36.5266685486 18
      vertex -16.9874172211 36.1384429932 18
    endloop
  endfacet
  facet normal 0.991444766521 -2.4824185374e-08 -0.130526855588
    outer loop
      vertex -16.9874172211 36.1384429932 18
      vertex -17.0385284424 36.5266685486 18
      vertex -17.020275116 36.3880195618 22.5000019073
    endloop
  endfacet
  facet normal 0.991444647312 0 -0.13052764535
    outer loop
      vertex -17.0385284424 36.5266685486 22.5000019073
      vertex -17.020275116 36.3880195618 22.5000019073
      vertex -17.0385284424 36.5266685486 18
    endloop
  endfacet
  facet normal 0.991444826126 -0 0.130526423454
    outer loop
      vertex -17.0385284424 36.5266685486 18
      vertex -17.0056724548 36.7762451172 22.5000019073
      vertex -17.0385284424 36.5266685486 22.5000019073
    endloop
  endfacet
  facet normal 0.991444826126 0 -0.130526423454
    outer loop
      vertex -16.9874172211 36.1384429932 18
      vertex -17.020275116 36.3880195618 22.5000019073
      vertex -16.9874172211 36.1384429932 22.5000019073
    endloop
  endfacet
  facet normal 0.923881113529 -9.63801980447e-08 -0.382679581642
    outer loop
      vertex -16.8375663757 35.7766685486 18
      vertex -16.9874172211 36.1384429932 18
      vertex -16.9338989258 36.0092391968 22.5000019073
    endloop
  endfacet
  facet normal 0.923879921436 0 -0.382682442665
    outer loop
      vertex -16.9874172211 36.1384429932 22.5000019073
      vertex -16.9338989258 36.0092391968 22.5000019073
      vertex -16.9874172211 36.1384429932 18
    endloop
  endfacet
  facet normal 0 1 0
    outer loop
      vertex -14.239490509 35.7766685486 18
      vertex -16.9874172211 36.1384429932 18
      vertex -16.8375663757 35.7766685486 18
    endloop
  endfacet
  facet normal 0.92388176918 0 -0.382678002119
    outer loop
      vertex -16.8375663757 35.7766685486 18
      vertex -16.9338989258 36.0092391968 22.5000019073
      vertex -16.8375663757 35.7766685486 22.5000019073
    endloop
  endfacet
  facet normal 0.793351888657 1.76130640739e-07 -0.608763337135
    outer loop
      vertex -16.5991897583 35.4660110474 18
      vertex -16.8375663757 35.7766685486 18
      vertex -16.7524318695 35.6657180786 22.5000019073
    endloop
  endfacet
  facet normal 0.793355345726 0 -0.608758866787
    outer loop
      vertex -16.8375663757 35.7766685486 22.5000019073
      vertex -16.7524318695 35.6657180786 22.5000019073
      vertex -16.8375663757 35.7766685486 18
    endloop
  endfacet
  facet normal 0 1 0
    outer loop
      vertex -14.4778690338 35.4660110474 18
      vertex -16.8375663757 35.7766685486 18
      vertex -16.5991897583 35.4660110474 18
    endloop
  endfacet
  facet normal 0.793349981308 0 -0.60876584053
    outer loop
      vertex -16.5991897583 35.4660110474 18
      vertex -16.7524318695 35.6657180786 22.5000019073
      vertex -16.5991897583 35.4660110474 22.5000019073
    endloop
  endfacet
  facet normal 0.608761310577 -2.57547725369e-07 -0.793353438377
    outer loop
      vertex -16.2885284424 35.2276306152 18
      vertex -16.5991897583 35.4660110474 18
      vertex -16.4882392883 35.3808746338 22.5000019073
    endloop
  endfacet
  facet normal 0.608754694462 0 -0.793358504772
    outer loop
      vertex -16.5991897583 35.4660110474 22.5000019073
      vertex -16.4882392883 35.3808746338 22.5000019073
      vertex -16.5991897583 35.4660110474 18
    endloop
  endfacet
  facet normal 0 1 0
    outer loop
      vertex -14.7885293961 35.2276306152 18
      vertex -16.5991897583 35.4660110474 18
      vertex -16.2885284424 35.2276306152 18
    endloop
  endfacet
  facet normal 0.608764946461 0 -0.793350636959
    outer loop
      vertex -16.2885284424 35.2276306152 18
      vertex -16.4882392883 35.3808746338 22.5000019073
      vertex -16.2885284424 35.2276306152 22.5000019073
    endloop
  endfacet
  facet normal 0.38268238306 -1.4181472352e-07 -0.923879981041
    outer loop
      vertex -15.9267578125 35.0777816772 18
      vertex -16.2885284424 35.2276306152 18
      vertex -16.159324646 35.1741142273 22.5000019073
    endloop
  endfacet
  facet normal 0.382678180933 0 -0.923881709576
    outer loop
      vertex -16.2885284424 35.2276306152 22.5000019073
      vertex -16.159324646 35.1741142273 22.5000019073
      vertex -16.2885284424 35.2276306152 18
    endloop
  endfacet
  facet normal 0 1 0
    outer loop
      vertex -15.1502990723 35.0777816772 18
      vertex -16.2885284424 35.2276306152 18
      vertex -15.9267578125 35.0777816772 18
    endloop
  endfacet
  facet normal 0 1 0
    outer loop
      vertex -15.1502990723 35.0777816772 18
      vertex -15.9267578125 35.0777816772 18
      vertex -15.5385293961 35.0266685486 18
    endloop
  endfacet
  facet normal 0.130532085896 9.03180250589e-08 -0.99144411087
    outer loop
      vertex -15.5385293961 35.0266685486 18
      vertex -15.9267578125 35.0777816772 18
      vertex -15.7881059647 35.0595245361 22.5000019073
    endloop
  endfacet
  facet normal 0.13053496182 0 -0.991443693638
    outer loop
      vertex -15.9267578125 35.0777816772 22.5000019073
      vertex -15.7881059647 35.0595245361 22.5000019073
      vertex -15.9267578125 35.0777816772 18
    endloop
  endfacet
  facet normal 0.382684737444 0 -0.923878967762
    outer loop
      vertex -15.9267578125 35.0777816772 18
      vertex -16.159324646 35.1741142273 22.5000019073
      vertex -15.9267578125 35.0777816772 22.5000019073
    endloop
  endfacet
  facet normal 0.13053047657 0 -0.991444289684
    outer loop
      vertex -15.5385293961 35.0266685486 18
      vertex -15.7881059647 35.0595245361 22.5000019073
      vertex -15.5385293961 35.0266685486 22.5000019073
    endloop
  endfacet
  facet normal -0.130531683564 -6.7975392426e-08 -0.99144411087
    outer loop
      vertex -15.1502990723 35.0777816772 18
      vertex -15.5385293961 35.0266685486 18
      vertex -15.3998756409 35.044921875 22.5000019073
    endloop
  endfacet
  facet normal -0.130533859134 -0 -0.991443872452
    outer loop
      vertex -15.5385293961 35.0266685486 22.5000019073
      vertex -15.3998756409 35.044921875 22.5000019073
      vertex -15.5385293961 35.0266685486 18
    endloop
  endfacet
  facet normal 0 1 0
    outer loop
      vertex -14.7885293961 35.2276306152 18
      vertex -16.2885284424 35.2276306152 18
      vertex -15.1502990723 35.0777816772 18
    endloop
  endfacet
  facet normal 0 1 0
    outer loop
      vertex -14.4778690338 35.4660110474 18
      vertex -16.5991897583 35.4660110474 18
      vertex -14.7885293961 35.2276306152 18
    endloop
  endfacet
  facet normal 0 1 0
    outer loop
      vertex -14.239490509 35.7766685486 18
      vertex -16.8375663757 35.7766685486 18
      vertex -14.4778690338 35.4660110474 18
    endloop
  endfacet
  facet normal 0 1 0
    outer loop
      vertex -14.0896396637 36.1384429932 18
      vertex -16.9874172211 36.1384429932 18
      vertex -14.239490509 35.7766685486 18
    endloop
  endfacet
  facet normal -0.991444766521 2.4824185374e-08 -0.130526855588
    outer loop
      vertex -14.0385284424 36.5266685486 18
      vertex -14.0896396637 36.1384429932 18
      vertex -14.0713863373 36.2770957947 22.5000019073
    endloop
  endfacet
  facet normal -0.991444647312 -0 -0.13052764535
    outer loop
      vertex -14.0896396637 36.1384429932 22.5000019073
      vertex -14.0713863373 36.2770957947 22.5000019073
      vertex -14.0896396637 36.1384429932 18
    endloop
  endfacet
  facet normal 0 1 -0
    outer loop
      vertex -14.0896396637 36.9148979187 18
      vertex -16.9874172211 36.9148979187 18
      vertex -14.0385284424 36.5266685486 18
    endloop
  endfacet
  facet normal -0.92387932539 -1.54605032776e-07 0.382683902979
    outer loop
      vertex -14.239490509 37.2766685486 18
      vertex -14.0896396637 36.9148979187 18
      vertex -14.143157959 37.0441017151 22.5000019073
    endloop
  endfacet
  facet normal -0.923877418041 0 0.382688522339
    outer loop
      vertex -14.0896396637 36.9148979187 22.5000019073
      vertex -14.143157959 37.0441017151 22.5000019073
      vertex -14.0896396637 36.9148979187 18
    endloop
  endfacet
  facet normal 0 1 0
    outer loop
      vertex -16.5991897583 37.5873298645 18
      vertex -14.239490509 37.2766685486 18
      vertex -14.4778690338 37.5873298645 18
    endloop
  endfacet
  facet normal 0 1 0
    outer loop
      vertex -16.2885284424 37.8257064819 18
      vertex -14.4778690338 37.5873298645 18
      vertex -14.7885293961 37.8257064819 18
    endloop
  endfacet
  facet normal -0.382692843676 -1.24975729765e-09 0.923875629902
    outer loop
      vertex -15.1502990723 37.9755592346 18
      vertex -14.7885293961 37.8257064819 18
      vertex -14.9177331924 37.8792266846 22.5000019073
    endloop
  endfacet
  facet normal -0.382692784071 0 0.923875629902
    outer loop
      vertex -14.7885293961 37.8257064819 22.5000019073
      vertex -14.9177331924 37.8792266846 22.5000019073
      vertex -14.7885293961 37.8257064819 18
    endloop
  endfacet
  facet normal 0 1 0
    outer loop
      vertex -15.9267578125 37.9755592346 18
      vertex -14.7885293961 37.8257064819 18
      vertex -15.1502990723 37.9755592346 18
    endloop
  endfacet
  facet normal -0 1 0
    outer loop
      vertex -15.9267578125 37.9755592346 18
      vertex -15.1502990723 37.9755592346 18
      vertex -15.5385293961 38.0266685486 18
    endloop
  endfacet
  facet normal 0.130520045757 6.05293024591e-08 0.991445660591
    outer loop
      vertex -15.9267578125 37.9755592346 18
      vertex -15.5385293961 38.0266685486 18
      vertex -15.6771821976 38.0084152222 22.5000019073
    endloop
  endfacet
  facet normal 0.130518123507 0 0.99144589901
    outer loop
      vertex -15.5385293961 38.0266685486 22.5000019073
      vertex -15.6771821976 38.0084152222 22.5000019073
      vertex -15.5385293961 38.0266685486 18
    endloop
  endfacet
  facet normal -0 1 0
    outer loop
      vertex -16.2885284424 37.8257064819 18
      vertex -14.7885293961 37.8257064819 18
      vertex -15.9267578125 37.9755592346 18
    endloop
  endfacet
  facet normal -0 1 0
    outer loop
      vertex -16.5991897583 37.5873298645 18
      vertex -14.4778690338 37.5873298645 18
      vertex -16.2885284424 37.8257064819 18
    endloop
  endfacet
  facet normal 0.793354153633 -6.03534644483e-08 0.608760356903
    outer loop
      vertex -16.8375663757 37.2766685486 18
      vertex -16.5991897583 37.5873298645 18
      vertex -16.6843242645 37.4763793945 22.5000019073
    endloop
  endfacet
  facet normal 0.793355345726 0 0.608758866787
    outer loop
      vertex -16.5991897583 37.5873298645 22.5000019073
      vertex -16.6843242645 37.4763793945 22.5000019073
      vertex -16.5991897583 37.5873298645 18
    endloop
  endfacet
  facet normal -0.532033920288 0.00160983868409 -0.846721529961
    outer loop
      vertex -18.4334926605 39.8790245056 19.5
      vertex -18.4746952057 39.8474311829 22.5000019073
      vertex -18.2161407471 40.00989151 22.5000019073
    endloop
  endfacet
  facet normal -0.330280631781 0.0011472904589 -0.943882107735
    outer loop
      vertex -17.9774951935 40.1457557678 19.5
      vertex -18.0088691711 40.1311302185 22.5000019073
      vertex -17.7206459045 40.2319869995 22.5000019073
    endloop
  endfacet
  facet normal -0.312245875597 -0.00057265983196 -0.950001120567
    outer loop
      vertex -17.4756278992 40.310710907 19.5
      vertex -17.9774951935 40.1457557678 19.5
      vertex -17.7206459045 40.2319869995 22.5000019073
    endloop
  endfacet
  facet normal -0.312246143818 -0.000572683056816 -0.950001060963
    outer loop
      vertex -17.4756278992 40.310710907 19.5
      vertex -17.7206459045 40.2319869995 22.5000019073
      vertex -17.4925251007 40.3069648743 22.5000019073
    endloop
  endfacet
  facet normal -0.504907727242 -0.00107311177999 -0.863172650337
    outer loop
      vertex -17.9774951935 40.1457557678 19.5
      vertex -18.4334926605 39.8790245056 19.5
      vertex -18.2161407471 40.00989151 22.5000019073
    endloop
  endfacet
  facet normal -0.504900097847 -0.00107230234426 -0.863177120686
    outer loop
      vertex -17.9774951935 40.1457557678 19.5
      vertex -18.2161407471 40.00989151 22.5000019073
      vertex -18.0088691711 40.1311302185 22.5000019073
    endloop
  endfacet
  facet normal -0.675007522106 -0.0015009327326 -0.737809360027
    outer loop
      vertex -18.4334926605 39.8790245056 19.5
      vertex -18.8232650757 39.5224304199 19.5
      vertex -18.6518630981 39.685344696 22.5000019073
    endloop
  endfacet
  facet normal -0.675005733967 -0.00150069652591 -0.737810969353
    outer loop
      vertex -18.4334926605 39.8790245056 19.5
      vertex -18.6518630981 39.685344696 22.5000019073
      vertex -18.4746952057 39.8474311829 22.5000019073
    endloop
  endfacet
  facet normal -0.814968168736 -0.00185520504601 -0.579502761364
    outer loop
      vertex -18.8232650757 39.5224304199 19.5
      vertex -19.1294021606 39.0918998718 19.5
      vertex -19.0069389343 39.273727417 22.5000019073
    endloop
  endfacet
  facet normal -0.81496655941 -0.00185491808224 -0.57950502634
    outer loop
      vertex -18.8232650757 39.5224304199 19.5
      vertex -19.0069389343 39.273727417 22.5000019073
      vertex -18.8677845001 39.4694213867 22.5000019073
    endloop
  endfacet
  facet normal -0.918546199799 -0.0021358281374 -0.395307928324
    outer loop
      vertex -19.1294021606 39.0918998718 19.5
      vertex -19.3382377625 38.6066474915 19.5
      vertex -19.2643241882 38.7946014404 22.5000019073
    endloop
  endfacet
  facet normal -0.91854518652 -0.00213555619121 -0.395310223103
    outer loop
      vertex -19.1294021606 39.0918998718 19.5
      vertex -19.2643241882 38.7946014404 22.5000019073
      vertex -19.1693973541 39.015171051 22.5000019073
    endloop
  endfacet
  facet normal -0.943881213665 0.00256279320456 -0.33027523756
    outer loop
      vertex -19.3382377625 38.6066474915 19.5
      vertex -19.3651752472 38.5063819885 22.5000019073
      vertex -19.2643241882 38.7946014404 22.5000019073
    endloop
  endfacet
  facet normal -0.999013245106 0.000730439147446 -0.0444077812135
    outer loop
      vertex -19.4459209442 38.0145149231 19.5
      vertex -19.4492092133 37.9405517578 19.5
      vertex -19.4458236694 37.9673538208 22.5000019073
    endloop
  endfacet
  facet normal -0.999012172222 0.000398574746214 -0.0444353558123
    outer loop
      vertex -19.4498081207 37.9001731873 22.5000019073
      vertex -19.4483127594 37.9337921143 22.5000019073
      vertex -19.4492092133 37.9405517578 19.5
    endloop
  endfacet
  facet normal -1 0 0
    outer loop
      vertex -19.4503059387 3.34130954742 19.5
      vertex -19.4503059387 -2.47332978249 22.5
      vertex -19.4503059387 14.055226326 22
    endloop
  endfacet
  facet normal -1 0 0
    outer loop
      vertex -19.4503059387 3.34130954742 19.5
      vertex -19.4503059387 -3.41612052917 19.5
      vertex -19.4503059387 -2.47332978249 22.5
    endloop
  endfacet
  facet normal -1 0 0
    outer loop
      vertex -19.4503059387 -2.47332978249 22.5
      vertex -19.4503059387 -3.41612052917 19.5
      vertex -19.4503059387 -3.41612052917 22.5000019073
    endloop
  endfacet
  facet normal -0.894427061081 0.447213828564 -1.13669989332e-06
    outer loop
      vertex -19.4503059387 -2.47332978249 22.5
      vertex -19.4503059387 -3.41612052917 22.5000019073
      vertex -19.4503059387 -2.47333049774 22.5000019073
    endloop
  endfacet
  facet normal 0.793356001377 -0 0.608757972717
    outer loop
      vertex -16.8375663757 -4.72332954407 19.5
      vertex -16.7075443268 -4.55387830734 22.5000019073
      vertex -16.8375663757 -4.72332954407 22.5000019073
    endloop
  endfacet
  facet normal 0.923879802227 1.34176687538e-07 0.382682830095
    outer loop
      vertex -16.9874172211 -5.08510160446 19.5
      vertex -16.8375663757 -4.72332954407 19.5
      vertex -16.9056816101 -4.88777160645 22.5000019073
    endloop
  endfacet
  facet normal 0.923878908157 0 0.382684916258
    outer loop
      vertex -16.8375663757 -4.72332954407 22.5000019073
      vertex -16.9056816101 -4.88777160645 22.5000019073
      vertex -16.8375663757 -4.72332954407 19.5
    endloop
  endfacet
  facet normal -0 -1 0
    outer loop
      vertex -16.8375663757 -4.72332954407 19.5
      vertex -16.9874172211 -5.08510160446 19.5
      vertex -19.4503059387 -3.41612052917 19.5
    endloop
  endfacet
  facet normal 0 -1 0
    outer loop
      vertex -19.4503059387 -3.41612052917 19.5
      vertex -16.5991897583 -4.41266965866 19.5
      vertex -16.8375663757 -4.72332954407 19.5
    endloop
  endfacet
  facet normal 0 -1 0
    outer loop
      vertex -19.4503059387 -3.41612052917 19.5
      vertex -16.2885284424 -4.17429161072 19.5
      vertex -16.5991897583 -4.41266965866 19.5
    endloop
  endfacet
  facet normal 0.608759343624 -5.29038253205e-08 0.793354928493
    outer loop
      vertex -16.5991897583 -4.41266965866 19.5
      vertex -16.2885284424 -4.17429161072 19.5
      vertex -16.4297370911 -4.28264522552 22.5000019073
    endloop
  endfacet
  facet normal 0.60876005888 0 0.793354392052
    outer loop
      vertex -16.2885284424 -4.17429161072 22.5000019073
      vertex -16.4297370911 -4.28264522552 22.5000019073
      vertex -16.2885284424 -4.17429161072 19.5
    endloop
  endfacet
  facet normal 0.608758747578 -0 0.793355405331
    outer loop
      vertex -16.5991897583 -4.41266965866 19.5
      vertex -16.4297370911 -4.28264522552 22.5000019073
      vertex -16.5991897583 -4.41266965866 22.5000019073
    endloop
  endfacet
  facet normal 0.382685482502 -0 0.923878669739
    outer loop
      vertex -16.2885284424 -4.17429161072 19.5
      vertex -16.0911979675 -4.09255504608 22.5000019073
      vertex -16.2885284424 -4.17429161072 22.5000019073
    endloop
  endfacet
  facet normal -0.13052546978 0 0.991444945335
    outer loop
      vertex -15.5385293961 -3.97332978249 19.5
      vertex -15.3267669678 -4.0012087822 22.5000019073
      vertex -15.5385293961 -3.97332978249 22.5000019073
    endloop
  endfacet
  facet normal 0.130526065826 9.47826528375e-09 0.991444885731
    outer loop
      vertex -15.9267578125 -4.02444124222 19.5
      vertex -15.5385293961 -3.97332978249 19.5
      vertex -15.7149972916 -3.99656224251 22.5000019073
    endloop
  endfacet
  facet normal 0.130525901914 0 0.991444885731
    outer loop
      vertex -15.5385293961 -3.97332978249 22.5000019073
      vertex -15.7149972916 -3.99656224251 22.5000019073
      vertex -15.5385293961 -3.97332978249 19.5
    endloop
  endfacet
  facet normal 0.130526199937 -0 0.991444885731
    outer loop
      vertex -15.9267578125 -4.02444124222 19.5
      vertex -15.7149972916 -3.99656224251 22.5000019073
      vertex -15.9267578125 -4.02444124222 22.5000019073
    endloop
  endfacet
  facet normal 0.382685005665 3.64217029869e-08 0.923878908157
    outer loop
      vertex -16.2885284424 -4.17429161072 19.5
      vertex -15.9267578125 -4.02444124222 19.5
      vertex -16.0911979675 -4.09255504608 22.5000019073
    endloop
  endfacet
  facet normal 0.382684439421 0 0.923879146576
    outer loop
      vertex -15.9267578125 -4.02444124222 22.5000019073
      vertex -16.0911979675 -4.09255504608 22.5000019073
      vertex -15.9267578125 -4.02444124222 19.5
    endloop
  endfacet
  facet normal 0 -1 0
    outer loop
      vertex -19.4503059387 3.34130954742 19.5
      vertex -15.9267578125 -4.02444124222 19.5
      vertex -16.2885284424 -4.17429161072 19.5
    endloop
  endfacet
  facet normal -0 -1 0
    outer loop
      vertex -16.9874172211 -5.08510160446 19.5
      vertex -17.0385284424 -5.47333049774 19.5
      vertex -19.4503059387 -3.41612052917 19.5
    endloop
  endfacet
  facet normal 0 -1 0
    outer loop
      vertex -19.4503059387 -3.41612052917 19.5
      vertex -17.0385284424 -5.47333049774 19.5
      vertex -16.9874172211 -5.86155796051 19.5
    endloop
  endfacet
  facet normal 0 -1 0
    outer loop
      vertex -19.4503059387 -3.41612052917 19.5
      vertex -16.9874172211 -5.86155796051 19.5
      vertex -19.4503059387 -9.38922309875 19.5
    endloop
  endfacet
  facet normal -0.707106769085 -0.707106769085 -0
    outer loop
      vertex -19.4503059387 -9.38922309875 19.5
      vertex -19.4765167236 -4.08312368393 19.5262107849
      vertex -19.4503059387 -3.41612052917 19.5
    endloop
  endfacet
  facet normal -0.707106769085 -0.707106769085 0
    outer loop
      vertex -19.4503059387 -9.38922309875 19.5
      vertex -19.5549869537 -4.74601316452 19.604681015
      vertex -19.4765167236 -4.08312368393 19.5262107849
    endloop
  endfacet
  facet normal -0.993049681187 0.00115993595682 -0.117690354586
    outer loop
      vertex -19.4765167236 -4.08312368393 19.5262107849
      vertex -19.5549869537 -4.74601316452 19.604681015
      vertex -19.5347900391 -4.60412693024 22.5000019073
    endloop
  endfacet
  facet normal -0.993049740791 0.00115977809764 -0.117689460516
    outer loop
      vertex -19.4765167236 -4.08312368393 19.5262107849
      vertex -19.5347900391 -4.60412693024 22.5000019073
      vertex -19.4987010956 -4.29961490631 22.5000019073
    endloop
  endfacet
  facet normal -0.998022019863 -0.00287328707054 -0.0627995356917
    outer loop
      vertex -19.4765167236 -4.08312368393 19.5262107849
      vertex -19.4987010956 -4.29961490631 22.5000019073
      vertex -19.4622764587 -3.72075533867 22.5000019073
    endloop
  endfacet
  facet normal -0.982279419899 -0.00233173300512 -0.18740786612
    outer loop
      vertex -19.5549869537 -4.74601316452 19.604681015
      vertex -19.6421585083 -5.166888237 22.5000019073
      vertex -19.5347900391 -4.60412693024 22.5000019073
    endloop
  endfacet
  facet normal 0.991444885731 0 -0.130526199937
    outer loop
      vertex -16.9874172211 -5.86155796051 19.5
      vertex -17.015296936 -5.64979696274 22.5000019073
      vertex -16.9874172211 -5.86155796051 22.5000019073
    endloop
  endfacet
  facet normal 0.923879802227 -1.34176687538e-07 -0.382682830095
    outer loop
      vertex -16.8375663757 -6.2233300209 19.5
      vertex -16.9874172211 -5.86155796051 19.5
      vertex -16.919303894 -6.02600002289 22.5000019073
    endloop
  endfacet
  facet normal 0.923878908157 0 -0.382684916258
    outer loop
      vertex -16.9874172211 -5.86155796051 22.5000019073
      vertex -16.919303894 -6.02600002289 22.5000019073
      vertex -16.9874172211 -5.86155796051 19.5
    endloop
  endfacet
  facet normal 0.923880517483 0 -0.382681101561
    outer loop
      vertex -16.8375663757 -6.2233300209 19.5
      vertex -16.919303894 -6.02600002289 22.5000019073
      vertex -16.8375663757 -6.2233300209 22.5000019073
    endloop
  endfacet
  facet normal 0.793354153633 -2.19032173732e-07 -0.608760356903
    outer loop
      vertex -16.5991897583 -6.53398990631 19.5
      vertex -16.8375663757 -6.2233300209 19.5
      vertex -16.7292137146 -6.36453819275 22.5000019073
    endloop
  endfacet
  facet normal 0.793351888657 0 -0.608763337135
    outer loop
      vertex -16.8375663757 -6.2233300209 22.5000019073
      vertex -16.7292137146 -6.36453819275 22.5000019073
      vertex -16.8375663757 -6.2233300209 19.5
    endloop
  endfacet
  facet normal 0 -1 0
    outer loop
      vertex -19.4503059387 -9.38922309875 19.5
      vertex -16.8375663757 -6.2233300209 19.5
      vertex -16.5991897583 -6.53398990631 19.5
    endloop
  endfacet
  facet normal 0 -1 0
    outer loop
      vertex -16.5991897583 -6.53398990631 19.5
      vertex -16.2885284424 -6.77236795425 19.5
      vertex -19.4503059387 -9.38922309875 19.5
    endloop
  endfacet
  facet normal 0 -1 0
    outer loop
      vertex -19.4503059387 -9.38922309875 19.5
      vertex -16.2885284424 -6.77236795425 19.5
      vertex -15.9267578125 -6.92221879959 19.5
    endloop
  endfacet
  facet normal 0 -1 0
    outer loop
      vertex -19.4503059387 -9.38922309875 19.5
      vertex -15.9267578125 -6.92221879959 19.5
      vertex -15.5385293961 -6.9733300209 19.5
    endloop
  endfacet
  facet normal 0 -1 0
    outer loop
      vertex -15.5385293961 -6.9733300209 19.5
      vertex -15.1502990723 -6.92221879959 19.5
      vertex -19.4503059387 -9.38922309875 19.5
    endloop
  endfacet
  facet normal -0.130525663495 -1.42173544049e-08 -0.991444945335
    outer loop
      vertex -15.1502990723 -6.92221879959 19.5
      vertex -15.5385293961 -6.9733300209 19.5
      vertex -15.3620615005 -6.95009756088 22.5000019073
    endloop
  endfacet
  facet normal -0.130525901914 -0 -0.991444885731
    outer loop
      vertex -15.5385293961 -6.9733300209 22.5000019073
      vertex -15.3620615005 -6.95009756088 22.5000019073
      vertex -15.5385293961 -6.9733300209 19.5
    endloop
  endfacet
  facet normal -0.13052546978 0 -0.991444945335
    outer loop
      vertex -15.1502990723 -6.92221879959 19.5
      vertex -15.3620615005 -6.95009756088 22.5000019073
      vertex -15.1502990723 -6.92221879959 22.5000019073
    endloop
  endfacet
  facet normal -0.382685005665 -1.48071066519e-07 -0.923878908157
    outer loop
      vertex -14.7885293961 -6.77236795425 19.5
      vertex -15.1502990723 -6.92221879959 19.5
      vertex -14.9858589172 -6.85410404205 22.5000019073
    endloop
  endfacet
  facet normal -0.382687300444 -0 -0.923877954483
    outer loop
      vertex -15.1502990723 -6.92221879959 22.5000019073
      vertex -14.9858589172 -6.85410404205 22.5000019073
      vertex -15.1502990723 -6.92221879959 19.5
    endloop
  endfacet
  facet normal -0.382683068514 0 -0.923879683018
    outer loop
      vertex -14.7885293961 -6.77236795425 19.5
      vertex -14.9858589172 -6.85410404205 22.5000019073
      vertex -14.7885293961 -6.77236795425 22.5000019073
    endloop
  endfacet
  facet normal -0.608761489391 0 -0.793353319168
    outer loop
      vertex -14.4778690338 -6.53398990631 19.5
      vertex -14.6473197937 -6.66401433945 22.5000019073
      vertex -14.4778690338 -6.53398990631 22.5000019073
    endloop
  endfacet
  facet normal -0.793353319168 0 -0.608761489391
    outer loop
      vertex -14.239490509 -6.2233300209 19.5
      vertex -14.369515419 -6.39278173447 22.5000019073
      vertex -14.239490509 -6.2233300209 22.5000019073
    endloop
  endfacet
  facet normal -0.923880517483 0 -0.382681101561
    outer loop
      vertex -14.0896396637 -5.86155796051 19.5
      vertex -14.1713762283 -6.05888843536 22.5000019073
      vertex -14.0896396637 -5.86155796051 22.5000019073
    endloop
  endfacet
  facet normal -0.991444885731 0 -0.130526199937
    outer loop
      vertex -14.0385284424 -5.47333049774 19.5
      vertex -14.0664081573 -5.68509149551 22.5000019073
      vertex -14.0385284424 -5.47333049774 22.5000019073
    endloop
  endfacet
  facet normal -0.991444885731 0 0.130526199937
    outer loop
      vertex -14.0896396637 -5.08510160446 19.5
      vertex -14.0617609024 -5.29686260223 22.5000019073
      vertex -14.0896396637 -5.08510160446 22.5000019073
    endloop
  endfacet
  facet normal -0.923880517483 0 0.382681101561
    outer loop
      vertex -14.239490509 -4.72332954407 19.5
      vertex -14.1577548981 -4.92066001892 22.5000019073
      vertex -14.239490509 -4.72332954407 22.5000019073
    endloop
  endfacet
  facet normal 0.175776109099 -0.00247293175198 0.98442709446
    outer loop
      vertex -12.3232154846 -9.57056713104 19.6813430786
      vertex -11.9753189087 -9.51552867889 22.5000019073
      vertex -12.4973907471 -9.60874843597 22.5000019073
    endloop
  endfacet
  facet normal 0.146655231714 0.00121453171596 0.989186942577
    outer loop
      vertex -12.3232154846 -9.57056713104 19.6813430786
      vertex -11.4994916916 -9.44859313965 19.5593700409
      vertex -11.5898962021 -9.45838546753 22.5000019073
    endloop
  endfacet
  facet normal 0.146656870842 0.00121409329586 0.989186704159
    outer loop
      vertex -12.3232154846 -9.57056713104 19.6813430786
      vertex -11.5898962021 -9.45838546753 22.5000019073
      vertex -11.9753189087 -9.51552867889 22.5000019073
    endloop
  endfacet
  facet normal 4.93770890841e-08 -0.707110106945 0.707103490829
    outer loop
      vertex -19.4503059387 -9.38922309875 19.5
      vertex -11.4994916916 -9.44859313965 19.5593700409
      vertex -12.3232154846 -9.57056713104 19.6813430786
    endloop
  endfacet
  facet normal -1.56328539447e-07 -0.707106053829 0.707107543945
    outer loop
      vertex -12.3232154846 -9.57056713104 19.6813430786
      vertex -13.1310529709 -9.77255439758 19.8833312988
      vertex -19.4503059387 -9.38922309875 19.5
    endloop
  endfacet
  facet normal -2.14166135493e-07 -0.707105576992 0.707108020782
    outer loop
      vertex -19.4503059387 -9.38922309875 19.5
      vertex -13.1310529709 -9.77255439758 19.8833312988
      vertex -13.9152488708 -10.0526170731 20.163394928
    endloop
  endfacet
  facet normal 6.10354433661e-08 -0.70710670948 0.70710682869
    outer loop
      vertex -19.4503059387 -9.38922309875 19.5
      vertex -13.9152488708 -10.0526170731 20.163394928
      vertex -14.6682786942 -10.4080686569 20.5188465118
    endloop
  endfacet
  facet normal 2.21012328439e-07 -0.707107067108 0.707106471062
    outer loop
      vertex -14.6682786942 -10.4080686569 20.5188465118
      vertex -15.3829145432 -10.8354969025 20.9462738037
      vertex -19.4503059387 -9.38922309875 19.5
    endloop
  endfacet
  facet normal 4.44468426508e-08 -0.70710682869 0.70710670948
    outer loop
      vertex -19.4503059387 -9.38922309875 19.5
      vertex -15.3829145432 -10.8354969025 20.9462738037
      vertex -21.9503078461 -11.8892240524 22
    endloop
  endfacet
  facet normal -0.707106888294 -0.707106649876 -4.316674449e-07
    outer loop
      vertex -21.9503078461 -11.8892240524 22
      vertex -21.074136734 -8.4129486084 21.1238307953
      vertex -19.4503059387 -9.38922309875 19.5
    endloop
  endfacet
  facet normal -0.70710682869 -0.707106769085 -7.93248489117e-07
    outer loop
      vertex -19.4503059387 -9.38922309875 19.5
      vertex -21.074136734 -8.4129486084 21.1238307953
      vertex -20.7032318115 -7.85796117783 20.7529277802
    endloop
  endfacet
  facet normal -0.70710760355 -0.70710593462 5.26327880834e-07
    outer loop
      vertex -19.4503059387 -9.38922309875 19.5
      vertex -20.7032318115 -7.85796117783 20.7529277802
      vertex -20.3770256042 -7.27557945251 20.4267196655
    endloop
  endfacet
  facet normal -0.707106888294 -0.707106649876 -1.02731689822e-07
    outer loop
      vertex -20.3770256042 -7.27557945251 20.4267196655
      vertex -20.0975227356 -6.66939640045 20.1472167969
      vertex -19.4503059387 -9.38922309875 19.5
    endloop
  endfacet
  facet normal -0.707105815411 -0.707107782364 -6.25101563401e-07
    outer loop
      vertex -19.4503059387 -9.38922309875 19.5
      vertex -20.0975227356 -6.66939640045 20.1472167969
      vertex -19.8664493561 -6.04314899445 19.9161453247
    endloop
  endfacet
  facet normal -0.707109689713 -0.707103908062 3.41704719631e-07
    outer loop
      vertex -19.4503059387 -9.38922309875 19.5
      vertex -19.8664493561 -6.04314899445 19.9161453247
      vertex -19.6852321625 -5.40070152283 19.7349262238
    endloop
  endfacet
  facet normal -0.962384700775 0.000802357390057 -0.271689325571
    outer loop
      vertex -19.6852321625 -5.40070152283 19.7349262238
      vertex -19.8664493561 -6.04314899445 19.9161453247
      vertex -19.7907104492 -5.78249359131 22.5000019073
    endloop
  endfacet
  facet normal -0.962384462357 0.000802471826319 -0.271690100431
    outer loop
      vertex -19.6852321625 -5.40070152283 19.7349262238
      vertex -19.7907104492 -5.78249359131 22.5000019073
      vertex -19.7021408081 -5.46876192093 22.5000019073
    endloop
  endfacet
  facet normal -0.951036810875 -0.00330017111264 -0.309059977531
    outer loop
      vertex -19.8664493561 -6.04314899445 19.9161453247
      vertex -19.9584083557 -6.29853391647 22.5000019073
      vertex -19.7907104492 -5.78249359131 22.5000019073
    endloop
  endfacet
  facet normal -0.938069880009 0.000856002967339 -0.346445083618
    outer loop
      vertex -19.8664493561 -6.04314899445 19.9161453247
      vertex -20.0975227356 -6.66939640045 20.1472167969
      vertex -20.0732135773 -6.60939025879 22.5000019073
    endloop
  endfacet
  facet normal -0.93806874752 0.000856747326907 -0.34644806385
    outer loop
      vertex -19.8664493561 -6.04314899445 19.9161453247
      vertex -20.0732135773 -6.60939025879 22.5000019073
      vertex -19.9584083557 -6.29853391647 22.5000019073
    endloop
  endfacet
  facet normal -0.908339381218 -0.001281745499 -0.418231844902
    outer loop
      vertex -20.0975227356 -6.66939640045 20.1472167969
      vertex -20.3770256042 -7.27557945251 20.4267196655
      vertex -20.2275829315 -6.94465875626 22.5000019073
    endloop
  endfacet
  facet normal -0.908340215683 -0.00128199101891 -0.418230116367
    outer loop
      vertex -20.0975227356 -6.66939640045 20.1472167969
      vertex -20.2275829315 -6.94465875626 22.5000019073
      vertex -20.0732135773 -6.60939025879 22.5000019073
    endloop
  endfacet
  facet normal -0.904795527458 -0.00275112362579 -0.425837397575
    outer loop
      vertex -20.3770256042 -7.27557945251 20.4267196655
      vertex -20.4336872101 -7.38257551193 22.5000019073
      vertex -20.2275829315 -6.94465875626 22.5000019073
    endloop
  endfacet
  facet normal 0.608758747578 0 -0.793355405331
    outer loop
      vertex -16.2885284424 -6.77236795425 19.5
      vertex -16.4579811096 -6.64234352112 22.5000019073
      vertex -16.2885284424 -6.77236795425 22.5000019073
    endloop
  endfacet
  facet normal 0.382683068514 0 -0.923879683018
    outer loop
      vertex -15.9267578125 -6.92221879959 19.5
      vertex -16.12408638 -6.84048223495 22.5000019073
      vertex -15.9267578125 -6.92221879959 22.5000019073
    endloop
  endfacet
  facet normal 0.505609929562 -0.000117343639431 0.862762212753
    outer loop
      vertex -15.3829145432 -10.8354969025 20.9462738037
      vertex -15.0546045303 -10.6433067322 22.5000019073
      vertex -15.3855199814 -10.8372354507 22.5000019073
    endloop
  endfacet
  facet normal 0.594857215881 9.8287477158e-05 0.803831338882
    outer loop
      vertex -16.0522994995 -11.3307991028 21.441576004
      vertex -15.3829145432 -10.8354969025 20.9462738037
      vertex -15.3855199814 -10.8372354507 22.5000019073
    endloop
  endfacet
  facet normal 0.5948574543 9.80808472377e-05 0.803831219673
    outer loop
      vertex -16.0522994995 -11.3307991028 21.441576004
      vertex -15.3855199814 -10.8372354507 22.5000019073
      vertex -15.8552179337 -11.1848249435 22.5000019073
    endloop
  endfacet
  facet normal 0.603502631187 -0.00240451726131 0.79735738039
    outer loop
      vertex -16.0522994995 -11.3307991028 21.441576004
      vertex -15.8552179337 -11.1848249435 22.5000019073
      vertex -16.0925521851 -11.3644580841 22.5000019073
    endloop
  endfacet
  facet normal 0.671596944332 0.00198015104979 0.740914046764
    outer loop
      vertex -16.6700057983 -11.8892240524 22
      vertex -16.0522994995 -11.3307991028 21.441576004
      vertex -16.0925521851 -11.3644580841 22.5000019073
    endloop
  endfacet
  facet normal 0.671596765518 0.00198063882999 0.740914225578
    outer loop
      vertex -16.6700057983 -11.8892240524 22
      vertex -16.0925521851 -11.3644580841 22.5000019073
      vertex -16.5896110535 -11.8150129318 22.5000019073
    endloop
  endfacet
  facet normal 0 -0.707106769085 0.707106769085
    outer loop
      vertex -21.9503078461 -11.8892240524 22
      vertex -16.0522994995 -11.3307991028 21.441576004
      vertex -16.6700057983 -11.8892240524 22
    endloop
  endfacet
  facet normal 0 -1 -0
    outer loop
      vertex -16.9791717529 -12.2142658234 22
      vertex -21.9503078461 -11.8892240524 22
      vertex -16.6700057983 -11.8892240524 22
    endloop
  endfacet
  facet normal 0.724581420422 0.000702831894159 0.68918889761
    outer loop
      vertex -16.9791717529 -12.2142658234 22
      vertex -16.6700057983 -11.8892240524 22
      vertex -16.7098464966 -11.9306001663 22.5000019073
    endloop
  endfacet
  facet normal 0.724582195282 0.000701923447195 0.68918800354
    outer loop
      vertex -16.9791717529 -12.2142658234 22
      vertex -16.7098464966 -11.9306001663 22.5000019073
      vertex -16.9674835205 -12.2014684677 22.5000019073
    endloop
  endfacet
  facet normal 0.75993180275 -0.00112677528523 0.650001823902
    outer loop
      vertex -17.2707595825 -12.5551671982 22
      vertex -16.9791717529 -12.2142658234 22
      vertex -17.2104740143 -12.4855527878 22.5000019073
    endloop
  endfacet
  facet normal 0.759931266308 -0.00112735421862 0.650002479553
    outer loop
      vertex -16.9674835205 -12.2014684677 22.5000019073
      vertex -17.2104740143 -12.4855527878 22.5000019073
      vertex -16.9791717529 -12.2142658234 22
    endloop
  endfacet
  facet normal 0.772944748402 -0.00486034434289 0.634454727173
    outer loop
      vertex -17.2707595825 -12.5551671982 22
      vertex -17.2104740143 -12.4855527878 22.5000019073
      vertex -17.3162918091 -12.6144695282 22.5000019073
    endloop
  endfacet
  facet normal 0.808961212635 -7.48413754081e-07 0.587862014771
    outer loop
      vertex -25.3061103821 -23.5925331116 22
      vertex -24.0124092102 -21.8122634888 22.5000019073
      vertex -25.8008728027 -24.2733802795 22.5000019073
    endloop
  endfacet
  facet normal 0.808961451054 -9.45313800571e-08 0.587861716747
    outer loop
      vertex -25.6018314362 -23.9994773865 21.56366539
      vertex -25.3061103821 -23.5925331116 22
      vertex -25.8008728027 -24.2733802795 22.5000019073
    endloop
  endfacet
  facet normal 0.808962285519 4.27203389108e-07 0.587860524654
    outer loop
      vertex -25.6018314362 -23.9994773865 21.56366539
      vertex -25.8008728027 -24.2733802795 22.5000019073
      vertex -25.8686656952 -24.3666744232 21.1808700562
    endloop
  endfacet
  facet normal 0.645634770393 -0.706926882267 -0.288808166981
    outer loop
      vertex -27.9869556427 -24.9426784515 19
      vertex -25.3061103821 -23.5925331116 22
      vertex -25.6018314362 -23.9994773865 21.56366539
    endloop
  endfacet
  facet normal 0.657618939877 -0.707269847393 -0.259435266256
    outer loop
      vertex -27.9869556427 -24.9426784515 19
      vertex -25.6018314362 -23.9994773865 21.56366539
      vertex -25.8686656952 -24.3666744232 21.1808700562
    endloop
  endfacet
  facet normal 0.666988492012 -0.708633482456 -0.230141118169
    outer loop
      vertex -25.8686656952 -24.3666744232 21.1808700562
      vertex -26.1114463806 -24.7007579803 20.8438587189
      vertex -27.9869556427 -24.9426784515 19
    endloop
  endfacet
  facet normal 0.669852674007 -0.709898769855 -0.217580214143
    outer loop
      vertex -27.9869556427 -24.9426784515 19
      vertex -26.1114463806 -24.7007579803 20.8438587189
      vertex -27.8093509674 -25.4894657135 19
    endloop
  endfacet
  facet normal -0 -1 0
    outer loop
      vertex -17.5439548492 -12.9109773636 22
      vertex -25.7092380524 -22.8801269531 22
      vertex -21.9503078461 -11.8892240524 22
    endloop
  endfacet
  facet normal 0 -1 -0
    outer loop
      vertex -17.5439548492 -12.9109773636 22
      vertex -21.9503078461 -11.8892240524 22
      vertex -17.2707595825 -12.5551671982 22
    endloop
  endfacet
  facet normal 0 -1 -0
    outer loop
      vertex -25.3061103821 -23.5925331116 22
      vertex -25.7092380524 -22.8801269531 22
      vertex -17.5439548492 -12.9109773636 22
    endloop
  endfacet
  facet normal 0 -1 0
    outer loop
      vertex -21.9503078461 -11.8892240524 22
      vertex -28.9533157349 -20.5226974487 22
      vertex -29.7553977966 -20.3592910767 22
    endloop
  endfacet
  facet normal 0 -1 0
    outer loop
      vertex -29.7553977966 -20.3592910767 22
      vertex -21.9503078461 -9.61865234375 22
      vertex -21.9503078461 -11.8892240524 22
    endloop
  endfacet
  facet normal -0.80896115303 2.05362493944e-06 -0.58786213398
    outer loop
      vertex -21.9503078461 -9.61865234375 22
      vertex -29.7553977966 -20.3592910767 22
      vertex -28.308511734 -18.3682231903 22.5000019073
    endloop
  endfacet
  facet normal -0.80896115303 1.64334016972e-06 -0.58786213398
    outer loop
      vertex -21.9503078461 -9.61865234375 22
      vertex -28.308511734 -18.3682231903 22.5000019073
      vertex -21.80427742 -9.41770076752 22.5000019073
    endloop
  endfacet
  facet normal -0.808961033821 1.21906532513e-06 -0.587862253189
    outer loop
      vertex -29.7553977966 -20.3592910767 22
      vertex -30.2501583099 -21.0401363373 22.5000019073
      vertex -28.308511734 -18.3682231903 22.5000019073
    endloop
  endfacet
  facet normal -0.808961451054 9.45313800571e-08 -0.587861716747
    outer loop
      vertex -29.7553977966 -20.3592910767 22
      vertex -30.0511188507 -20.7662353516 21.56366539
      vertex -30.2501583099 -21.0401363373 22.5000019073
    endloop
  endfacet
  facet normal -0.808960497379 7.7306788171e-07 -0.587863028049
    outer loop
      vertex -30.779417038 -21.7684497833 22.5000019073
      vertex -30.2501583099 -21.0401363373 22.5000019073
      vertex -30.3179569244 -21.133430481 21.1808700562
    endloop
  endfacet
  facet normal -0.80896037817 7.56231372634e-07 -0.587863206863
    outer loop
      vertex -30.0511188507 -20.7662353516 21.56366539
      vertex -30.3179569244 -21.133430481 21.1808700562
      vertex -30.2501583099 -21.0401363373 22.5000019073
    endloop
  endfacet
  facet normal -0.808962345123 -1.42903070355e-06 -0.58786046505
    outer loop
      vertex -31.1489906311 -22.2770252228 22.5000019073
      vertex -30.779417038 -21.7684497833 22.5000019073
      vertex -30.5607299805 -21.4675178528 20.8438587189
    endloop
  endfacet
  facet normal -0.80896282196 -1.61810100963e-06 -0.587859809399
    outer loop
      vertex -30.3179569244 -21.133430481 21.1808700562
      vertex -30.5607299805 -21.4675178528 20.8438587189
      vertex -30.779417038 -21.7684497833 22.5000019073
    endloop
  endfacet
  facet normal -0.808961868286 -1.51879490318e-07 -0.587861061096
    outer loop
      vertex -31.4227333069 -22.6537265778 22.5000019073
      vertex -31.1489906311 -22.2770252228 22.5000019073
      vertex -30.7833633423 -21.7738819122 20.5464820862
    endloop
  endfacet
  facet normal -0.808960199356 7.65249126289e-07 -0.587863385677
    outer loop
      vertex -30.5607299805 -21.4675178528 20.8438587189
      vertex -30.7833633423 -21.7738819122 20.5464820862
      vertex -31.1489906311 -22.2770252228 22.5000019073
    endloop
  endfacet
  facet normal -0.80896115303 1.04639006793e-07 -0.587862074375
    outer loop
      vertex -31.634595871 -22.9452705383 22.5000019073
      vertex -31.4227333069 -22.6537265778 22.5000019073
      vertex -30.9890861511 -22.0569801331 20.2838287354
    endloop
  endfacet
  facet normal -0.808962285519 -5.44780220935e-07 -0.587860524654
    outer loop
      vertex -30.7833633423 -21.7738819122 20.5464820862
      vertex -30.9890861511 -22.0569801331 20.2838287354
      vertex -31.4227333069 -22.6537265778 22.5000019073
    endloop
  endfacet
  facet normal -0.808961808681 -4.23615972522e-07 -0.58786123991
    outer loop
      vertex -31.804315567 -23.1788234711 22.5000019073
      vertex -31.634595871 -22.9452705383 22.5000019073
      vertex -30.9890861511 -22.0569801331 20.2838287354
    endloop
  endfacet
  facet normal -0.80896115303 2.42541801754e-07 -0.587862074375
    outer loop
      vertex -30.9890861511 -22.0569801331 20.2838287354
      vertex -32.7239532471 -24.4443435669 19
      vertex -31.804315567 -23.1788234711 22.5000019073
    endloop
  endfacet
  facet normal -0.8089620471 8.9148841198e-07 -0.587860941887
    outer loop
      vertex -32.7248382568 -24.4455661774 22.5000019073
      vertex -31.804315567 -23.1788234711 22.5000019073
      vertex -32.7239532471 -24.4443435669 19
    endloop
  endfacet
  facet normal -0.810319960117 -1.05675624695e-07 -0.585987687111
    outer loop
      vertex -32.7239532471 -24.4443435669 19
      vertex -32.7319068909 -24.4553432465 13.75
      vertex -32.7248382568 -24.4455661774 22.5000019073
    endloop
  endfacet
  facet normal -0.743081867695 -0.000276303937426 -0.669200479984
    outer loop
      vertex -32.7319068909 -24.4553432465 13.75
      vertex -32.7239532471 -24.4443435669 19
      vertex -32.339225769 -24.0171413422 19
    endloop
  endfacet
  facet normal -0.741375803947 -0.000561613589525 -0.671089887619
    outer loop
      vertex -32.7319068909 -24.4553432465 13.75
      vertex -32.339225769 -24.0171413422 19
      vertex -32.3186454773 -23.9987983704 13.75
    endloop
  endfacet
  facet normal -0.741374611855 0.00185271655209 -0.671088814735
    outer loop
      vertex -32.3186454773 -23.9987983704 13.75
      vertex -32.4855957031 -24.1590766907 5
      vertex -32.7319068909 -24.4553432465 13.75
    endloop
  endfacet
  facet normal -0.786592066288 -0.00123555969913 -0.617471754551
    outer loop
      vertex -32.7319068909 -24.4553432465 13.75
      vertex -32.4855957031 -24.1590766907 5
      vertex -32.8184661865 -24.5831184387 5
    endloop
  endfacet
  facet normal -0.872120797634 0.00148241117131 -0.489288419485
    outer loop
      vertex -32.7319068909 -24.4553432465 13.75
      vertex -32.8184661865 -24.5831184387 5
      vertex -33.0332145691 -24.9923992157 13.75
    endloop
  endfacet
  facet normal -0.872121632099 -0.000496458902489 -0.489288896322
    outer loop
      vertex -32.7319068909 -24.4553432465 13.75
      vertex -33.0332145691 -24.9923992157 13.75
      vertex -32.9493331909 -24.8340091705 22.5000019073
    endloop
  endfacet
  facet normal -0.872115075588 -0.000496734341141 -0.489300608635
    outer loop
      vertex -33.016292572 -24.9533538818 22.5000019073
      vertex -32.9493331909 -24.8340091705 22.5000019073
      vertex -33.0332145691 -24.9923992157 13.75
    endloop
  endfacet
  facet normal -0.951026856899 0.000459970789962 -0.309107840061
    outer loop
      vertex -33.0332145691 -24.9923992157 13.75
      vertex -33.154510498 -25.3786067963 22.5000019073
      vertex -33.016292572 -24.9533538818 22.5000019073
    endloop
  endfacet
  facet normal -0.959132432938 -0.000806661788374 -0.282956361771
    outer loop
      vertex -33.0332145691 -24.9923992157 13.75
      vertex -33.2074699402 -25.5830726624 13.75
      vertex -33.154510498 -25.3786067963 22.5000019073
    endloop
  endfacet
  facet normal -0.959130644798 -0.000806815281976 -0.282962441444
    outer loop
      vertex -33.19323349 -25.5098667145 22.5000019073
      vertex -33.154510498 -25.3786067963 22.5000019073
      vertex -33.2074699402 -25.5830726624 13.75
    endloop
  endfacet
  facet normal -0.959132373333 0.000864962523337 -0.282956331968
    outer loop
      vertex -33.0332145691 -24.9923992157 13.75
      vertex -33.0622138977 -25.0639533997 5
      vertex -33.2074699402 -25.5830726624 13.75
    endloop
  endfacet
  facet normal -0.963012516499 -3.58067126172e-07 -0.269456624985
    outer loop
      vertex -33.2074699402 -25.5830726624 13.75
      vertex -33.0622138977 -25.0639533997 5
      vertex -33.2074737549 -25.5831012726 5
    endloop
  endfacet
  facet normal -0.997076630592 2.95024278785e-07 -0.0764079019427
    outer loop
      vertex -33.2074699402 -25.5830726624 13.75
      vertex -33.2074737549 -25.5831012726 5
      vertex -33.248664856 -26.1206111908 5
    endloop
  endfacet
  facet normal -0.998048782349 0.000863391265739 -0.0624330192804
    outer loop
      vertex -33.2074699402 -25.5830726624 13.75
      vertex -33.248664856 -26.1206111908 5
      vertex -33.2459144592 -26.1976394653 13.75
    endloop
  endfacet
  facet normal -0.998048603535 -0.00106118130498 -0.0624330043793
    outer loop
      vertex -33.2074699402 -25.5830726624 13.75
      vertex -33.2459144592 -26.1976394653 13.75
      vertex -33.2400131226 -25.9545631409 22.5000019073
    endloop
  endfacet
  facet normal -0.998048722744 -0.00106111390051 -0.0624305829406
    outer loop
      vertex -33.2485542297 -26.091135025 22.5000019073
      vertex -33.2400131226 -25.9545631409 22.5000019073
      vertex -33.2459144592 -26.1976394653 13.75
    endloop
  endfacet
  facet normal -0.994531393051 0.000971009663772 0.104433380067
    outer loop
      vertex -33.2459144592 -26.1976394653 13.75
      vertex -33.2018585205 -26.5358371735 22.5000019073
      vertex -33.2485542297 -26.091135025 22.5000019073
    endloop
  endfacet
  facet normal -0.986918509007 -0.00126200355589 0.161215081811
    outer loop
      vertex -33.2459144592 -26.1976394653 13.75
      vertex -33.1466369629 -26.8053913116 13.75
      vertex -33.2018585205 -26.5358371735 22.5000019073
    endloop
  endfacet
  facet normal -0.986916661263 -0.0012616525637 0.16122610867
    outer loop
      vertex -33.1797943115 -26.6708927155 22.5000019073
      vertex -33.2018585205 -26.5358371735 22.5000019073
      vertex -33.1466369629 -26.8053913116 13.75
    endloop
  endfacet
  facet normal -0.986918210983 0.00148107425775 0.161215037107
    outer loop
      vertex -33.2459144592 -26.1976394653 13.75
      vertex -33.1842002869 -26.655828476 5
      vertex -33.1466369629 -26.8053913116 13.75
    endloop
  endfacet
  facet normal -0.950421631336 -0.00123518973123 0.310961812735
    outer loop
      vertex -33.1466369629 -26.8053913116 13.75
      vertex -33.1842002869 -26.655828476 5
      vertex -33.0165634155 -27.1681861877 5
    endloop
  endfacet
  facet normal -0.92629981041 0.00185248814523 0.376782715321
    outer loop
      vertex -33.1466369629 -26.8053913116 13.75
      vertex -33.0165634155 -27.1681861877 5
      vertex -32.9146118164 -27.3758087158 13.75
    endloop
  endfacet
  facet normal -0.926300466061 -0.00140819279477 0.376782983541
    outer loop
      vertex -33.1466369629 -26.8053913116 13.75
      vertex -32.9146118164 -27.3758087158 13.75
      vertex -33.0416603088 -27.0961704254 22.5000019073
    endloop
  endfacet
  facet normal -0.926305651665 -0.00140867487062 0.37677025795
    outer loop
      vertex -32.9901008606 -27.2229309082 22.5000019073
      vertex -33.0416603088 -27.0961704254 22.5000019073
      vertex -32.9146118164 -27.3758087158 13.75
    endloop
  endfacet
  facet normal -0.866070747375 0.00126263743732 0.499919831753
    outer loop
      vertex -32.9146118164 -27.3758087158 13.75
      vertex -32.7665634155 -27.6101932526 22.5000019073
      vertex -32.9901008606 -27.2229309082 22.5000019073
    endloop
  endfacet
  facet normal -0.819233179092 -0.00149972096551 0.573458552361
    outer loop
      vertex -32.9146118164 -27.3758087158 13.75
      vertex -32.5614738464 -27.8802986145 13.75
      vertex -32.7665634155 -27.6101932526 22.5000019073
    endloop
  endfacet
  facet normal -0.819237589836 -0.00150001724251 0.573452293873
    outer loop
      vertex -32.6880874634 -27.7223033905 22.5000019073
      vertex -32.7665634155 -27.6101932526 22.5000019073
      vertex -32.5614738464 -27.8802986145 13.75
    endloop
  endfacet
  facet normal -0.819232523441 0.00197611073963 0.573458075523
    outer loop
      vertex -32.9146118164 -27.3758087158 13.75
      vertex -32.7521896362 -27.6379966736 5
      vertex -32.5614738464 -27.8802986145 13.75
    endloop
  endfacet
  facet normal -0.759077847004 -0.00148224527948 0.650998175144
    outer loop
      vertex -32.5614738464 -27.8802986145 13.75
      vertex -32.7521896362 -27.6379966736 5
      vertex -32.4012451172 -28.0472049713 5
    endloop
  endfacet
  facet normal -0.671092689037 0.00185278372373 0.741371095181
    outer loop
      vertex -32.5614738464 -27.8802986145 13.75
      vertex -32.4012451172 -28.0472049713 5
      vertex -32.1049346924 -28.2935600281 13.75
    endloop
  endfacet
  facet normal -0.671093046665 -0.00153619400226 0.741371512413
    outer loop
      vertex -32.5614738464 -27.8802986145 13.75
      vertex -32.1049346924 -28.2935600281 13.75
      vertex -32.3889160156 -28.0546283722 22.5000019073
    endloop
  endfacet
  facet normal -0.671096384525 -0.00153638329357 0.741368532181
    outer loop
      vertex -32.2874641418 -28.1464653015 22.5000019073
      vertex -32.3889160156 -28.0546283722 22.5000019073
      vertex -32.1049346924 -28.2935600281 13.75
    endloop
  endfacet
  facet normal -0.587863326073 0.00133613403887 0.808959186077
    outer loop
      vertex -32.1049346924 -28.2935600281 13.75
      vertex -31.925737381 -28.4093284607 22.5000019073
      vertex -32.2874641418 -28.1464653015 22.5000019073
    endloop
  endfacet
  facet normal -0.489291340113 -0.00151826324873 0.872119069099
    outer loop
      vertex -32.1049346924 -28.2935600281 13.75
      vertex -31.5678768158 -28.5948677063 13.75
      vertex -31.8063907623 -28.4762859344 22.5000019073
    endloop
  endfacet
  facet normal -0.489292651415 -0.00151820364408 0.872118353844
    outer loop
      vertex -32.1049346924 -28.2935600281 13.75
      vertex -31.8063907623 -28.4762859344 22.5000019073
      vertex -31.925737381 -28.4093284607 22.5000019073
    endloop
  endfacet
  facet normal -0.489291369915 0.00148171687033 0.872119128704
    outer loop
      vertex -32.1049346924 -28.2935600281 13.75
      vertex -31.9772109985 -28.3800830841 5
      vertex -31.5678768158 -28.5948677063 13.75
    endloop
  endfacet
  facet normal -0.45217448473 -0.000740921474062 0.891929209232
    outer loop
      vertex -31.5678768158 -28.5948677063 13.75
      vertex -31.9772109985 -28.3800830841 5
      vertex -31.496383667 -28.6238441467 5
    endloop
  endfacet
  facet normal -0.269475311041 0.000987254199572 0.963006794453
    outer loop
      vertex -31.5678768158 -28.5948677063 13.75
      vertex -31.496383667 -28.6238441467 5
      vertex -30.9772396088 -28.769115448 5
    endloop
  endfacet
  facet normal -0.298144370317 -0.0011169485515 0.95452016592
    outer loop
      vertex -31.5678768158 -28.5948677063 13.75
      vertex -30.9772396088 -28.769115448 5
      vertex -31.3028411865 -28.6878910065 22.5000019073
    endloop
  endfacet
  facet normal -0.298133701086 -0.00111730664503 0.954523444176
    outer loop
      vertex -31.5678768158 -28.5948677063 13.75
      vertex -31.3028411865 -28.6878910065 22.5000019073
      vertex -31.3979148865 -28.6581954956 22.5000019073
    endloop
  endfacet
  facet normal -0.208004325628 0.000669745553751 0.978127658367
    outer loop
      vertex -30.9772396088 -28.769115448 5
      vertex -30.810798645 -28.7925262451 22.5000019073
      vertex -31.3028411865 -28.6878910065 22.5000019073
    endloop
  endfacet
  facet normal -0.0502683967352 -0.000858013343532 0.998735368252
    outer loop
      vertex -30.9772396088 -28.769115448 5
      vertex -30.3626346588 -28.8075656891 13.75
      vertex -30.6927146912 -28.7984695435 22.5000019073
    endloop
  endfacet
  facet normal -0.0502641052008 -0.000858083541971 0.99873560667
    outer loop
      vertex -30.9772396088 -28.769115448 5
      vertex -30.6927146912 -28.7984695435 22.5000019073
      vertex -30.810798645 -28.7925262451 22.5000019073
    endloop
  endfacet
  facet normal -9.64640057646e-05 0.00103595491964 0.999999463558
    outer loop
      vertex -30.3626346588 -28.8075656891 13.75
      vertex -30.2455654144 -28.7985134125 22.5000019073
      vertex -30.6927146912 -28.7984695435 22.5000019073
    endloop
  endfacet
  facet normal 0.207820996642 0.0008263955242 0.978166520596
    outer loop
      vertex -29.7548866272 -28.7082881927 13.75
      vertex -29.6731243134 -28.6835250854 22.5000019073
      vertex -30.1105117798 -28.7764530182 22.5000019073
    endloop
  endfacet
  facet normal 0.376778513193 -0.000899310340174 0.926302969456
    outer loop
      vertex -29.7548866272 -28.7082881927 13.75
      vertex -29.1844654083 -28.476266861 13.75
      vertex -29.5463638306 -28.6319656372 22.5000019073
    endloop
  endfacet
  facet normal 0.376770466566 -0.000899090315215 0.926306188107
    outer loop
      vertex -29.7548866272 -28.7082881927 13.75
      vertex -29.5463638306 -28.6319656372 22.5000019073
      vertex -29.6731243134 -28.6835250854 22.5000019073
    endloop
  endfacet
  facet normal 0.406649500132 0.000562467845157 0.913584053516
    outer loop
      vertex -29.1844654083 -28.476266861 13.75
      vertex -29.1378536224 -28.45013237 22.5000019073
      vertex -29.5463638306 -28.6319656372 22.5000019073
    endloop
  endfacet
  facet normal 0.573460936546 -0.000607934838627 0.819232702255
    outer loop
      vertex -29.1844654083 -28.476266861 13.75
      vertex -28.6799793243 -28.1231269836 13.75
      vertex -29.0257472992 -28.3716583252 22.5000019073
    endloop
  endfacet
  facet normal 0.573461055756 -0.000607938272879 0.819232583046
    outer loop
      vertex -29.1844654083 -28.476266861 13.75
      vertex -29.0257472992 -28.3716583252 22.5000019073
      vertex -29.1378536224 -28.45013237 22.5000019073
    endloop
  endfacet
  facet normal 0.587708592415 0.000243660295382 0.809072673321
    outer loop
      vertex -28.6799793243 -28.1231269836 13.75
      vertex -28.6639709473 -28.1088657379 22.5000019073
      vertex -29.0257472992 -28.3716583252 22.5000019073
    endloop
  endfacet
  facet normal 0.743079841137 -0 0.669202744961
    outer loop
      vertex -28.2746696472 -27.6775856018 19
      vertex -28.2746696472 -27.6775856018 22.5000019073
      vertex -28.4990940094 -27.9267864227 22.5000019073
    endloop
  endfacet
  facet normal 0.741372168064 -0.000282861117739 0.671094059944
    outer loop
      vertex -28.2667160034 -27.6665878296 13.75
      vertex -28.2746696472 -27.6775856018 19
      vertex -28.6799793243 -28.1231269836 13.75
    endloop
  endfacet
  facet normal 0.741248786449 -0.000261772278463 0.671230316162
    outer loop
      vertex -28.4990940094 -27.9267864227 22.5000019073
      vertex -28.6799793243 -28.1231269836 13.75
      vertex -28.2746696472 -27.6775856018 19
    endloop
  endfacet
  facet normal 0.86597687006 0.000264185538981 0.500083982944
    outer loop
      vertex -28.2746696472 -27.6775856018 19
      vertex -28.2667160034 -27.6665878296 13.75
      vertex -27.9871673584 -27.1797294617 19
    endloop
  endfacet
  facet normal 0.563576161861 -0.759250819683 0.325453698635
    outer loop
      vertex -27.9871673584 -27.1797294617 19
      vertex -27.9826412201 -27.275724411 19.0445079803
      vertex -28.2746696472 -27.6775856018 19
    endloop
  endfacet
  facet normal 0.80895960331 2.04445186682e-05 0.587864220142
    outer loop
      vertex -27.6943225861 -26.8789653778 19.171831131
      vertex -28.2746696472 -27.6775856018 19
      vertex -27.9826412201 -27.275724411 19.0445079803
    endloop
  endfacet
  facet normal 0.808963775635 -2.00188078452e-05 0.587858498096
    outer loop
      vertex -27.3975276947 -26.4705467224 19.3787078857
      vertex -28.2746696472 -27.6775856018 19
      vertex -27.6943225861 -26.8789653778 19.171831131
    endloop
  endfacet
  facet normal -0.808960199356 -5.6588478401e-06 -0.587863445282
    outer loop
      vertex -32.7239532471 -24.4443435669 19
      vertex -31.1806125641 -22.3205375671 20.0519695282
      vertex -31.5300006866 -22.8013362885 19.6686992645
    endloop
  endfacet
  facet normal -0.808962345123 5.4965853451e-06 -0.58786046505
    outer loop
      vertex -31.5300006866 -22.8013362885 19.6686992645
      vertex -31.8468151093 -23.2373046875 19.3787078857
      vertex -32.7239532471 -24.4443435669 19
    endloop
  endfacet
  facet normal -0.808963060379 1.04581095002e-05 -0.587859451771
    outer loop
      vertex -32.7239532471 -24.4443435669 19
      vertex -31.8468151093 -23.2373046875 19.3787078857
      vertex -32.1436080933 -23.6457252502 19.171831131
    endloop
  endfacet
  facet normal -0.808964014053 1.94047788682e-05 -0.587858200073
    outer loop
      vertex -32.7239532471 -24.4443435669 19
      vertex -32.1436080933 -23.6457252502 19.171831131
      vertex -32.4319267273 -24.0424823761 19.0445079803
    endloop
  endfacet
  facet normal -0.173792004585 0 0.984782397747
    outer loop
      vertex -30.9772396088 -28.769115448 5
      vertex -37.1317596436 -27.6829795837 5
      vertex -30.9772396088 -28.769115448 2.5
    endloop
  endfacet
  facet normal -0.0764218643308 0 0.997075557709
    outer loop
      vertex -30.9772396088 -28.769115448 2.5
      vertex -30.4396724701 -28.8103179932 2.5
      vertex -30.9772396088 -28.769115448 5
    endloop
  endfacet
  facet normal 0.119583874941 -0.000576102407649 0.992823958397
    outer loop
      vertex -30.4396724701 -28.8103179932 2.5
      vertex -29.9043960571 -28.7458438873 2.5
      vertex -30.3626346588 -28.8075656891 13.75
    endloop
  endfacet
  facet normal 0.161215722561 0.00115206337068 0.986918509007
    outer loop
      vertex -30.3626346588 -28.8075656891 13.75
      vertex -29.9043960571 -28.7458438873 2.5
      vertex -29.7548866272 -28.7082881927 13.75
    endloop
  endfacet
  facet normal 0.310994535685 -0.000960322970059 0.950411200523
    outer loop
      vertex -29.9043960571 -28.7458438873 2.5
      vertex -29.3919868469 -28.5781726837 2.5
      vertex -29.7548866272 -28.7082881927 13.75
    endloop
  endfacet
  facet normal 0.651057362556 -0.00115326768719 0.759027659893
    outer loop
      vertex -28.9221401215 -28.313747406 2.5
      vertex -28.5129146576 -27.9627342224 2.5
      vertex -28.6799793243 -28.1231269836 13.75
    endloop
  endfacet
  facet normal 0.741371452808 0.00144160853233 0.671093344688
    outer loop
      vertex -28.6799793243 -28.1231269836 13.75
      vertex -28.5129146576 -27.9627342224 2.5
      vertex -28.2667160034 -27.6665878296 13.75
    endloop
  endfacet
  facet normal 0.786637127399 -0.000962045334745 0.617414832115
    outer loop
      vertex -28.5129146576 -27.9627342224 2.5
      vertex -28.1800384521 -27.5386238098 2.5
      vertex -28.2667160034 -27.6665878296 13.75
    endloop
  endfacet
  facet normal 0.872120201588 0.0011539341649 0.489290267229
    outer loop
      vertex -28.2667160034 -27.6665878296 13.75
      vertex -28.1800384521 -27.5386238098 2.5
      vertex -27.9654083252 -27.1295318604 13.75
    endloop
  endfacet
  facet normal 0.490452080965 -0.00115303287748 0.871467411518
    outer loop
      vertex -29.3919868469 -28.5781726837 2.5
      vertex -28.9221401215 -28.313747406 2.5
      vertex -29.1844654083 -28.476266861 13.75
    endloop
  endfacet
  facet normal -0.105309717357 -0.707440435886 -0.698883354664
    outer loop
      vertex -30.9890861511 -22.0569801331 20.2838287354
      vertex -30.7865047455 -23.326002121 19
      vertex -31.1806125641 -22.3205375671 20.0519695282
    endloop
  endfacet
  facet normal 6.75205301377e-05 -0.709898769855 -0.704303741455
    outer loop
      vertex -30.5607299805 -21.4675178528 20.8438587189
      vertex -30.2115974426 -23.3260574341 19
      vertex -30.7865047455 -23.326002121 19
    endloop
  endfacet
  facet normal 0.808964192867 -1.50093865159e-05 0.58785790205
    outer loop
      vertex -26.7313213348 -25.5537796021 20.0519695282
      vertex -28.2746696472 -27.6775856018 19
      vertex -27.0807170868 -26.0345783234 19.6686992645
    endloop
  endfacet
  facet normal 0.808955430984 2.22045109695e-05 0.587870001793
    outer loop
      vertex -26.5398006439 -25.290222168 20.2838287354
      vertex -28.2746696472 -27.6775856018 19
      vertex -26.7313213348 -25.5537796021 20.0519695282
    endloop
  endfacet
  facet normal 0.697241425514 -0.707440078259 -0.115684494376
    outer loop
      vertex -26.5398006439 -25.290222168 20.2838287354
      vertex -26.7313213348 -25.5537796021 20.0519695282
      vertex -27.8093509674 -25.4894657135 19
    endloop
  endfacet
  facet normal 0.690534830093 -0.706737875938 -0.153893500566
    outer loop
      vertex -27.8093509674 -25.4894657135 19
      vertex -26.3340759277 -25.0071220398 20.5464820862
      vertex -26.5398006439 -25.290222168 20.2838287354
    endloop
  endfacet
  facet normal 0.80896115303 5.31010243776e-07 0.587862074375
    outer loop
      vertex -27.1853103638 -26.1785125732 22.5000019073
      vertex -26.5398006439 -25.290222168 20.2838287354
      vertex -26.973449707 -25.8869667053 22.5000019073
    endloop
  endfacet
  facet normal 0.808964669704 3.47685841007e-06 0.587857306004
    outer loop
      vertex -26.5398006439 -25.290222168 20.2838287354
      vertex -27.1853103638 -26.1785125732 22.5000019073
      vertex -27.3550300598 -26.4120674133 22.5000019073
    endloop
  endfacet
  facet normal 0.808957695961 -2.85779947262e-06 0.587866902351
    outer loop
      vertex -26.973449707 -25.8869667053 22.5000019073
      vertex -26.3340759277 -25.0071220398 20.5464820862
      vertex -26.6997032166 -25.5102672577 22.5000019073
    endloop
  endfacet
  facet normal 0.808961391449 6.50155811854e-07 0.587861776352
    outer loop
      vertex -26.3340759277 -25.0071220398 20.5464820862
      vertex -26.973449707 -25.8869667053 22.5000019073
      vertex -26.5398006439 -25.290222168 20.2838287354
    endloop
  endfacet
  facet normal 0.808959007263 1.1726629964e-05 0.587865054607
    outer loop
      vertex -27.0807170868 -26.0345783234 19.6686992645
      vertex -28.2746696472 -27.6775856018 19
      vertex -27.3975276947 -26.4705467224 19.3787078857
    endloop
  endfacet
  facet normal 0.872120320797 -0.00106387806591 0.489290326834
    outer loop
      vertex -27.9871673584 -27.1797294617 19
      vertex -28.2667160034 -27.6665878296 13.75
      vertex -27.9654083252 -27.1295318604 13.75
    endloop
  endfacet
  facet normal 0.80896115303 -2.42541801754e-07 0.587862074375
    outer loop
      vertex -28.2746696472 -27.6775856018 19
      vertex -26.5398006439 -25.290222168 20.2838287354
      vertex -27.3550300598 -26.4120674133 22.5000019073
    endloop
  endfacet
  facet normal 0.808960855007 -0 0.587862551212
    outer loop
      vertex -28.2746696472 -27.6775856018 19
      vertex -27.3550300598 -26.4120674133 22.5000019073
      vertex -28.2746696472 -27.6775856018 22.5000019073
    endloop
  endfacet
  facet normal 0.741105079651 -0.000255240069237 0.671388983727
    outer loop
      vertex -28.5721340179 -28.0074119568 22.5000019073
      vertex -28.6799793243 -28.1231269836 13.75
      vertex -28.4990940094 -27.9267864227 22.5000019073
    endloop
  endfacet
  facet normal 0.741369366646 -0.00026235714904 0.671097159386
    outer loop
      vertex -28.6799793243 -28.1231269836 13.75
      vertex -28.5721340179 -28.0074119568 22.5000019073
      vertex -28.6639709473 -28.1088657379 22.5000019073
    endloop
  endfacet
  facet normal 0.5734603405 0.00153714208864 0.81923186779
    outer loop
      vertex -29.1844654083 -28.476266861 13.75
      vertex -28.9221401215 -28.313747406 2.5
      vertex -28.6799793243 -28.1231269836 13.75
    endloop
  endfacet
  facet normal 0.376778274775 0.00144055101555 0.926302373409
    outer loop
      vertex -29.7548866272 -28.7082881927 13.75
      vertex -29.3919868469 -28.5781726837 2.5
      vertex -29.1844654083 -28.476266861 13.75
    endloop
  endfacet
  facet normal 0.161215722561 -0.0011359511409 0.986918509007
    outer loop
      vertex -30.3626346588 -28.8075656891 13.75
      vertex -29.7548866272 -28.7082881927 13.75
      vertex -30.1105117798 -28.7764530182 22.5000019073
    endloop
  endfacet
  facet normal 0.161209076643 -0.00113575567957 0.986919641495
    outer loop
      vertex -30.3626346588 -28.8075656891 13.75
      vertex -30.1105117798 -28.7764530182 22.5000019073
      vertex -30.2455654144 -28.7985134125 22.5000019073
    endloop
  endfacet
  facet normal -0.0729831904173 0.000743649550714 0.99733287096
    outer loop
      vertex -30.9772396088 -28.769115448 5
      vertex -30.4396724701 -28.8103179932 2.5
      vertex -30.3626346588 -28.8075656891 13.75
    endloop
  endfacet
  facet normal 0 1 0
    outer loop
      vertex -30.9772396088 -28.769115448 5
      vertex -31.496383667 -28.6238441467 5
      vertex -37.1317596436 -27.6829795837 5
    endloop
  endfacet
  facet normal -0.406820237637 0.0012906944612 0.913507342339
    outer loop
      vertex -31.5678768158 -28.5948677063 13.75
      vertex -31.3979148865 -28.6581954956 22.5000019073
      vertex -31.8063907623 -28.4762859344 22.5000019073
    endloop
  endfacet
  facet normal -0.617486476898 -0.0012353999773 0.786580502987
    outer loop
      vertex -32.1049346924 -28.2935600281 13.75
      vertex -32.4012451172 -28.0472049713 5
      vertex -31.9772109985 -28.3800830841 5
    endloop
  endfacet
  facet normal -0.743205308914 0.00132656935602 0.669062137604
    outer loop
      vertex -32.5614738464 -27.8802986145 13.75
      vertex -32.3889160156 -28.0546283722 22.5000019073
      vertex -32.6880874634 -27.7223033905 22.5000019073
    endloop
  endfacet
  facet normal -0.871489822865 -0.00148235051893 0.490411370993
    outer loop
      vertex -32.9146118164 -27.3758087158 13.75
      vertex -33.0165634155 -27.1681861877 5
      vertex -32.7521896362 -27.6379966736 5
    endloop
  endfacet
  facet normal -0.951087117195 0.00114437530283 0.308920711279
    outer loop
      vertex -33.1466369629 -26.8053913116 13.75
      vertex -33.0416603088 -27.0961704254 22.5000019073
      vertex -33.1797943115 -26.6708927155 22.5000019073
    endloop
  endfacet
  facet normal -0.992823839188 -0.000740572460927 0.119583912194
    outer loop
      vertex -33.2459144592 -26.1976394653 13.75
      vertex -33.248664856 -26.1206111908 5
      vertex -33.1842002869 -26.655828476 5
    endloop
  endfacet
  facet normal -0.994512498379 0.00074286252493 -0.104615293443
    outer loop
      vertex -33.2074699402 -25.5830726624 13.75
      vertex -33.2400131226 -25.9545631409 22.5000019073
      vertex -33.19323349 -25.5098667145 22.5000019073
    endloop
  endfacet
  facet normal -0.891942679882 -0.00074131245492 -0.452147871256
    outer loop
      vertex -33.0332145691 -24.9923992157 13.75
      vertex -32.8184661865 -24.5831184387 5
      vertex -33.0622138977 -25.0639533997 5
    endloop
  endfacet
  facet normal -0.483588129282 -0.759260237217 -0.4355070889
    outer loop
      vertex -32.4319267273 -24.0424823761 19.0445079803
      vertex -32.339225769 -24.0171413422 19
      vertex -32.7239532471 -24.4443435669 19
    endloop
  endfacet
  facet normal -0.865806698799 0.000140379503137 -0.500378608704
    outer loop
      vertex -32.7319068909 -24.4553432465 13.75
      vertex -32.9493331909 -24.8340091705 22.5000019073
      vertex -32.7248382568 -24.4455661774 22.5000019073
    endloop
  endfacet
  facet normal -0.808966398239 2.08127221413e-05 -0.587854862213
    outer loop
      vertex -32.7239532471 -24.4443435669 19
      vertex -30.9890861511 -22.0569801331 20.2838287354
      vertex -31.1806125641 -22.3205375671 20.0519695282
    endloop
  endfacet
  facet normal -0.0668860897422 -0.706737995148 -0.704306483269
    outer loop
      vertex -30.7833633423 -21.7738819122 20.5464820862
      vertex -30.7865047455 -23.326002121 19
      vertex -30.9890861511 -22.0569801331 20.2838287354
    endloop
  endfacet
  facet normal -0.0251213051379 -0.708143055439 -0.705621898174
    outer loop
      vertex -30.5607299805 -21.4675178528 20.8438587189
      vertex -30.7865047455 -23.326002121 19
      vertex -30.7833633423 -21.7738819122 20.5464820862
    endloop
  endfacet
  facet normal 0.0129041755572 -0.708632946014 -0.705459356308
    outer loop
      vertex -30.3179569244 -21.133430481 21.1808700562
      vertex -30.2115974426 -23.3260574341 19
      vertex -30.5607299805 -21.4675178528 20.8438587189
    endloop
  endfacet
  facet normal 0.0436519905925 -0.707269668579 -0.70559489727
    outer loop
      vertex -30.0511188507 -20.7662353516 21.56366539
      vertex -30.2115974426 -23.3260574341 19
      vertex -30.3179569244 -21.133430481 21.1808700562
    endloop
  endfacet
  facet normal 0.0752932652831 -0.706926703453 -0.703267753124
    outer loop
      vertex -29.7553977966 -20.3592910767 22
      vertex -30.2115974426 -23.3260574341 19
      vertex -30.0511188507 -20.7662353516 21.56366539
    endloop
  endfacet
  facet normal -0.808960318565 9.55199880082e-07 -0.587863206863
    outer loop
      vertex -21.074136734 -8.4129486084 21.1238307953
      vertex -21.9503078461 -9.61865234375 22
      vertex -21.80427742 -9.41770076752 22.5000019073
    endloop
  endfacet
  facet normal -0.808960974216 0 -0.587862372398
    outer loop
      vertex -21.074136734 -8.4129486084 21.1238307953
      vertex -21.80427742 -9.41770076752 22.5000019073
      vertex -21.074136734 -8.4129486084 22.5000019073
    endloop
  endfacet
  facet normal 0.141203224659 -0.70688521862 -0.693090856075
    outer loop
      vertex -28.9533157349 -20.5226974487 22
      vertex -30.2115974426 -23.3260574341 19
      vertex -29.7553977966 -20.3592910767 22
    endloop
  endfacet
  facet normal 0.678884625435 -0.708143353462 -0.194032669067
    outer loop
      vertex -27.8093509674 -25.4894657135 19
      vertex -26.1114463806 -24.7007579803 20.8438587189
      vertex -26.3340759277 -25.0071220398 20.5464820862
    endloop
  endfacet
  facet normal 0.808962345123 -5.9207616232e-07 0.58786046505
    outer loop
      vertex -26.6997032166 -25.5102672577 22.5000019073
      vertex -26.1114463806 -24.7007579803 20.8438587189
      vertex -26.3301296234 -25.0016918182 22.5000019073
    endloop
  endfacet
  facet normal 0.808962881565 -3.83805236481e-08 0.587859749794
    outer loop
      vertex -26.1114463806 -24.7007579803 20.8438587189
      vertex -26.6997032166 -25.5102672577 22.5000019073
      vertex -26.3340759277 -25.0071220398 20.5464820862
    endloop
  endfacet
  facet normal 0.615601420403 -0.706885457039 -0.348350256681
    outer loop
      vertex -25.7092380524 -22.8801269531 22
      vertex -25.3061103821 -23.5925331116 22
      vertex -27.9869556427 -24.9426784515 19
    endloop
  endfacet
  facet normal 0.808960497379 6.96483482443e-07 0.587863028049
    outer loop
      vertex -26.3301296234 -25.0016918182 22.5000019073
      vertex -25.8686656952 -24.3666744232 21.1808700562
      vertex -25.8008728027 -24.2733802795 22.5000019073
    endloop
  endfacet
  facet normal 0.808957278728 -2.51950223173e-06 0.587867438793
    outer loop
      vertex -25.8686656952 -24.3666744232 21.1808700562
      vertex -26.3301296234 -25.0016918182 22.5000019073
      vertex -26.1114463806 -24.7007579803 20.8438587189
    endloop
  endfacet
  facet normal 0.80896115303 -3.61532130455e-07 0.58786213398
    outer loop
      vertex -25.3061103821 -23.5925331116 22
      vertex -17.5439548492 -12.9109773636 22
      vertex -24.0124092102 -21.8122634888 22.5000019073
    endloop
  endfacet
  facet normal 0.80896115303 0 0.587862074375
    outer loop
      vertex -17.5439548492 -12.9109773636 22.5000019073
      vertex -24.0124092102 -21.8122634888 22.5000019073
      vertex -17.5439548492 -12.9109773636 22
    endloop
  endfacet
  facet normal -0.844277739525 -0.00370387197472 -0.535893082619
    outer loop
      vertex -20.7032318115 -7.85796117783 20.7529277802
      vertex -20.8558063507 -8.08625984192 22.5000019073
      vertex -20.6204586029 -7.71547937393 22.5000019073
    endloop
  endfacet
  facet normal 0.793167173862 -2.43227503915e-07 0.609003961086
    outer loop
      vertex -17.5439548492 -12.9109773636 22
      vertex -17.2707595825 -12.5551671982 22
      vertex -17.3162918091 -12.6144695282 22.5000019073
    endloop
  endfacet
  facet normal 0.793166995049 -0 0.609004199505
    outer loop
      vertex -17.5439548492 -12.9109773636 22
      vertex -17.3162918091 -12.6144695282 22.5000019073
      vertex -17.5439548492 -12.9109773636 22.5000019073
    endloop
  endfacet
  facet normal 0 -1 -0
    outer loop
      vertex -17.2707595825 -12.5551671982 22
      vertex -21.9503078461 -11.8892240524 22
      vertex -16.9791717529 -12.2142658234 22
    endloop
  endfacet
  facet normal 0.693025827408 -0.00443559931591 0.720899105072
    outer loop
      vertex -16.6700057983 -11.8892240524 22
      vertex -16.5896110535 -11.8150129318 22.5000019073
      vertex -16.7098464966 -11.9306001663 22.5000019073
    endloop
  endfacet
  facet normal -0.872119903564 0.00141593138687 -0.489290207624
    outer loop
      vertex -20.3770256042 -7.27557945251 20.4267196655
      vertex -20.7032318115 -7.85796117783 20.7529277802
      vertex -20.6204586029 -7.71547937393 22.5000019073
    endloop
  endfacet
  facet normal -0.872118413448 0.00141666131094 -0.489292830229
    outer loop
      vertex -20.3770256042 -7.27557945251 20.4267196655
      vertex -20.6204586029 -7.71547937393 22.5000019073
      vertex -20.4336872101 -7.38257551193 22.5000019073
    endloop
  endfacet
  facet normal -0.831419587135 -4.31524012091e-17 -0.555645108223
    outer loop
      vertex -20.7032318115 -7.85796117783 20.7529277802
      vertex -21.074136734 -8.4129486084 21.1238307953
      vertex -21.074136734 -8.4129486084 22.5000019073
    endloop
  endfacet
  facet normal -0.831419229507 2.32756320884e-07 -0.55564558506
    outer loop
      vertex -20.7032318115 -7.85796117783 20.7529277802
      vertex -21.074136734 -8.4129486084 22.5000019073
      vertex -20.8558063507 -8.08625984192 22.5000019073
    endloop
  endfacet
  facet normal -0.707106053829 -0.707107484341 0
    outer loop
      vertex -21.9503078461 -9.61865234375 22
      vertex -21.074136734 -8.4129486084 21.1238307953
      vertex -21.9503078461 -11.8892240524 22
    endloop
  endfacet
  facet normal -9.28584924509e-08 -0.707107245922 0.707106292248
    outer loop
      vertex -21.9503078461 -11.8892240524 22
      vertex -15.3829145432 -10.8354969025 20.9462738037
      vertex -16.0522994995 -11.3307991028 21.441576004
    endloop
  endfacet
  facet normal 0.512396395206 -0.0020479594823 0.85874658823
    outer loop
      vertex -15.3829145432 -10.8354969025 20.9462738037
      vertex -14.6682786942 -10.4080686569 20.5188465118
      vertex -14.6055278778 -10.3753519058 22.5000019073
    endloop
  endfacet
  facet normal 0.51239669323 -0.00204816064797 0.858746409416
    outer loop
      vertex -15.3829145432 -10.8354969025 20.9462738037
      vertex -14.6055278778 -10.3753519058 22.5000019073
      vertex -15.0546045303 -10.6433067322 22.5000019073
    endloop
  endfacet
  facet normal 0.427400320768 0.00139240617864 0.904061377048
    outer loop
      vertex -14.6682786942 -10.4080686569 20.5188465118
      vertex -13.9152488708 -10.0526170731 20.163394928
      vertex -14.210474968 -10.1885881424 22.5000019073
    endloop
  endfacet
  facet normal 0.427399933338 0.00139251491055 0.904061555862
    outer loop
      vertex -14.6682786942 -10.4080686569 20.5188465118
      vertex -14.210474968 -10.1885881424 22.5000019073
      vertex -14.6055278778 -10.3753519058 22.5000019073
    endloop
  endfacet
  facet normal 0.400710374117 -0.00268623349257 0.916200816631
    outer loop
      vertex -13.9152488708 -10.0526170731 20.163394928
      vertex -13.767537117 -9.99486446381 22.5000019073
      vertex -14.210474968 -10.1885881424 22.5000019073
    endloop
  endfacet
  facet normal 0.336951673031 0.00197011814453 0.941519916058
    outer loop
      vertex -13.9152488708 -10.0526170731 20.163394928
      vertex -13.1310529709 -9.77255439758 19.8833312988
      vertex -13.3757305145 -9.85464477539 22.5000019073
    endloop
  endfacet
  facet normal 0.336951434612 0.00197017705068 0.941519975662
    outer loop
      vertex -13.9152488708 -10.0526170731 20.163394928
      vertex -13.3757305145 -9.85464477539 22.5000019073
      vertex -13.767537117 -9.99486446381 22.5000019073
    endloop
  endfacet
  facet normal 0.243008628488 0.00187671754975 0.970022320747
    outer loop
      vertex -13.1310529709 -9.77255439758 19.8833312988
      vertex -12.3232154846 -9.57056713104 19.6813430786
      vertex -12.4973907471 -9.60874843597 22.5000019073
    endloop
  endfacet
  facet normal 0.243009477854 0.00187650171574 0.970022082329
    outer loop
      vertex -13.1310529709 -9.77255439758 19.8833312988
      vertex -12.4973907471 -9.60874843597 22.5000019073
      vertex -12.8860006332 -9.70610237122 22.5000019073
    endloop
  endfacet
  facet normal 0.290255367756 -0.00288021750748 0.95694488287
    outer loop
      vertex -13.1310529709 -9.77255439758 19.8833312988
      vertex -12.8860006332 -9.70610237122 22.5000019073
      vertex -13.3757305145 -9.85464477539 22.5000019073
    endloop
  endfacet
  facet normal 0.130526199937 0 -0.991444885731
    outer loop
      vertex -15.5385293961 -6.9733300209 19.5
      vertex -15.750289917 -6.94545078278 22.5000019073
      vertex -15.5385293961 -6.9733300209 22.5000019073
    endloop
  endfacet
  facet normal 0.130526065826 -9.47826528375e-09 -0.991444885731
    outer loop
      vertex -15.5385293961 -6.9733300209 19.5
      vertex -15.9267578125 -6.92221879959 19.5
      vertex -15.750289917 -6.94545078278 22.5000019073
    endloop
  endfacet
  facet normal 0.130525901914 0 -0.991444885731
    outer loop
      vertex -15.9267578125 -6.92221879959 22.5000019073
      vertex -15.750289917 -6.94545078278 22.5000019073
      vertex -15.9267578125 -6.92221879959 19.5
    endloop
  endfacet
  facet normal 0.382685005665 1.48071066519e-07 -0.923878908157
    outer loop
      vertex -15.9267578125 -6.92221879959 19.5
      vertex -16.2885284424 -6.77236795425 19.5
      vertex -16.12408638 -6.84048223495 22.5000019073
    endloop
  endfacet
  facet normal 0.382687300444 0 -0.923877954483
    outer loop
      vertex -16.2885284424 -6.77236795425 22.5000019073
      vertex -16.12408638 -6.84048223495 22.5000019073
      vertex -16.2885284424 -6.77236795425 19.5
    endloop
  endfacet
  facet normal 0.608759343624 5.29038253205e-08 -0.793354928493
    outer loop
      vertex -16.2885284424 -6.77236795425 19.5
      vertex -16.5991897583 -6.53398990631 19.5
      vertex -16.4579811096 -6.64234352112 22.5000019073
    endloop
  endfacet
  facet normal 0.60876005888 0 -0.793354392052
    outer loop
      vertex -16.5991897583 -6.53398990631 22.5000019073
      vertex -16.4579811096 -6.64234352112 22.5000019073
      vertex -16.5991897583 -6.53398990631 19.5
    endloop
  endfacet
  facet normal 0.793356001377 0 -0.608757972717
    outer loop
      vertex -16.5991897583 -6.53398990631 19.5
      vertex -16.7292137146 -6.36453819275 22.5000019073
      vertex -16.5991897583 -6.53398990631 22.5000019073
    endloop
  endfacet
  facet normal 0.991444885731 -0 0.130526199937
    outer loop
      vertex -17.0385284424 -5.47333049774 19.5
      vertex -17.0106506348 -5.26156949997 22.5000019073
      vertex -17.0385284424 -5.47333049774 22.5000019073
    endloop
  endfacet
  facet normal -0.980824649334 -0.00120070797857 -0.194888532162
    outer loop
      vertex -19.5549869537 -4.74601316452 19.604681015
      vertex -19.6852321625 -5.40070152283 19.7349262238
      vertex -19.7021408081 -5.46876192093 22.5000019073
    endloop
  endfacet
  facet normal -0.980824291706 -0.00120024837088 -0.1948903054
    outer loop
      vertex -19.5549869537 -4.74601316452 19.604681015
      vertex -19.7021408081 -5.46876192093 22.5000019073
      vertex -19.6421585083 -5.166888237 22.5000019073
    endloop
  endfacet
  facet normal -0.707106769085 -0.707106769085 0
    outer loop
      vertex -19.6852321625 -5.40070152283 19.7349262238
      vertex -19.5549869537 -4.74601316452 19.604681015
      vertex -19.4503059387 -9.38922309875 19.5
    endloop
  endfacet
  facet normal 0 -1 0
    outer loop
      vertex -19.4503059387 -9.38922309875 19.5
      vertex -16.9874172211 -5.86155796051 19.5
      vertex -16.8375663757 -6.2233300209 19.5
    endloop
  endfacet
  facet normal 0.991444826126 -1.89565874109e-08 -0.130526468158
    outer loop
      vertex -16.9874172211 -5.86155796051 19.5
      vertex -17.0385284424 -5.47333049774 19.5
      vertex -17.015296936 -5.64979696274 22.5000019073
    endloop
  endfacet
  facet normal 0.991444766521 0 -0.130526781082
    outer loop
      vertex -17.0385284424 -5.47333049774 22.5000019073
      vertex -17.015296936 -5.64979696274 22.5000019073
      vertex -17.0385284424 -5.47333049774 19.5
    endloop
  endfacet
  facet normal 0.991444885731 -9.47826528375e-09 0.130526065826
    outer loop
      vertex -17.0385284424 -5.47333049774 19.5
      vertex -16.9874172211 -5.08510160446 19.5
      vertex -17.0106506348 -5.26156949997 22.5000019073
    endloop
  endfacet
  facet normal 0.991444885731 0 0.130525901914
    outer loop
      vertex -16.9874172211 -5.08510160446 22.5000019073
      vertex -17.0106506348 -5.26156949997 22.5000019073
      vertex -16.9874172211 -5.08510160446 19.5
    endloop
  endfacet
  facet normal 0.923880517483 -0 0.382681101561
    outer loop
      vertex -16.9874172211 -5.08510160446 19.5
      vertex -16.9056816101 -4.88777160645 22.5000019073
      vertex -16.9874172211 -5.08510160446 22.5000019073
    endloop
  endfacet
  facet normal 0.793354153633 2.19032173732e-07 0.608760356903
    outer loop
      vertex -16.8375663757 -4.72332954407 19.5
      vertex -16.5991897583 -4.41266965866 19.5
      vertex -16.7075443268 -4.55387830734 22.5000019073
    endloop
  endfacet
  facet normal 0.793351888657 0 0.608763337135
    outer loop
      vertex -16.5991897583 -4.41266965866 22.5000019073
      vertex -16.7075443268 -4.55387830734 22.5000019073
      vertex -16.5991897583 -4.41266965866 19.5
    endloop
  endfacet
  facet normal -0.999228775501 9.78908047955e-08 -0.0392663963139
    outer loop
      vertex -19.4503059387 -3.41612052917 19.5
      vertex -19.4765167236 -4.08312368393 19.5262107849
      vertex -19.4622764587 -3.72075533867 22.5000019073
    endloop
  endfacet
  facet normal -0.999228835106 0 -0.0392654314637
    outer loop
      vertex -19.4503059387 -3.41612052917 19.5
      vertex -19.4622764587 -3.72075533867 22.5000019073
      vertex -19.4503059387 -3.41612052917 22.5000019073
    endloop
  endfacet
  facet normal 0 -1 0
    outer loop
      vertex -19.4503059387 3.34130954742 19.5
      vertex -16.2885284424 -4.17429161072 19.5
      vertex -19.4503059387 -3.41612052917 19.5
    endloop
  endfacet
  facet normal 0 -1 0
    outer loop
      vertex -19.4503059387 3.34130954742 19.5
      vertex -15.5385293961 -3.97332978249 19.5
      vertex -15.9267578125 -4.02444124222 19.5
    endloop
  endfacet
  facet normal -0.130525663495 1.42173544049e-08 0.991444945335
    outer loop
      vertex -15.5385293961 -3.97332978249 19.5
      vertex -15.1502990723 -4.02444124222 19.5
      vertex -15.3267669678 -4.0012087822 22.5000019073
    endloop
  endfacet
  facet normal -0.130525901914 0 0.991444885731
    outer loop
      vertex -15.1502990723 -4.02444124222 22.5000019073
      vertex -15.3267669678 -4.0012087822 22.5000019073
      vertex -15.1502990723 -4.02444124222 19.5
    endloop
  endfacet
  facet normal -0.382685482502 0 0.923878669739
    outer loop
      vertex -15.1502990723 -4.02444124222 19.5
      vertex -14.9529705048 -4.10617780685 22.5000019073
      vertex -15.1502990723 -4.02444124222 22.5000019073
    endloop
  endfacet
  facet normal -0.382685005665 -3.64217029869e-08 0.923878908157
    outer loop
      vertex -15.1502990723 -4.02444124222 19.5
      vertex -14.7885293961 -4.17429161072 19.5
      vertex -14.9529705048 -4.10617780685 22.5000019073
    endloop
  endfacet
  facet normal -0.382684439421 0 0.923879146576
    outer loop
      vertex -14.7885293961 -4.17429161072 22.5000019073
      vertex -14.9529705048 -4.10617780685 22.5000019073
      vertex -14.7885293961 -4.17429161072 19.5
    endloop
  endfacet
  facet normal -0.608761489391 0 0.793353319168
    outer loop
      vertex -14.7885293961 -4.17429161072 19.5
      vertex -14.6190786362 -4.30431652069 22.5000019073
      vertex -14.7885293961 -4.17429161072 22.5000019073
    endloop
  endfacet
  facet normal -0.793353319168 0 0.608761489391
    outer loop
      vertex -14.4778690338 -4.41266965866 19.5
      vertex -14.3478441238 -4.58212137222 22.5000019073
      vertex -14.4778690338 -4.41266965866 22.5000019073
    endloop
  endfacet
  facet normal -0.60876083374 -5.76100838146e-08 0.793353796005
    outer loop
      vertex -14.7885293961 -4.17429161072 19.5
      vertex -14.4778690338 -4.41266965866 19.5
      vertex -14.6190786362 -4.30431652069 22.5000019073
    endloop
  endfacet
  facet normal -0.60876005888 0 0.793354392052
    outer loop
      vertex -14.4778690338 -4.41266965866 22.5000019073
      vertex -14.6190786362 -4.30431652069 22.5000019073
      vertex -14.4778690338 -4.41266965866 19.5
    endloop
  endfacet
  facet normal -0.793352663517 -7.50074278244e-08 0.608762323856
    outer loop
      vertex -14.4778690338 -4.41266965866 19.5
      vertex -14.239490509 -4.72332954407 19.5
      vertex -14.3478441238 -4.58212137222 22.5000019073
    endloop
  endfacet
  facet normal -0.793351888657 0 0.608763337135
    outer loop
      vertex -14.239490509 -4.72332954407 22.5000019073
      vertex -14.3478441238 -4.58212137222 22.5000019073
      vertex -14.239490509 -4.72332954407 19.5
    endloop
  endfacet
  facet normal -0.923879802227 -1.34176687538e-07 0.382682830095
    outer loop
      vertex -14.239490509 -4.72332954407 19.5
      vertex -14.0896396637 -5.08510160446 19.5
      vertex -14.1577548981 -4.92066001892 22.5000019073
    endloop
  endfacet
  facet normal -0.923878908157 0 0.382684916258
    outer loop
      vertex -14.0896396637 -5.08510160446 22.5000019073
      vertex -14.1577548981 -4.92066001892 22.5000019073
      vertex -14.0896396637 -5.08510160446 19.5
    endloop
  endfacet
  facet normal -0.991444885731 9.47826528375e-09 0.130526065826
    outer loop
      vertex -14.0896396637 -5.08510160446 19.5
      vertex -14.0385284424 -5.47333049774 19.5
      vertex -14.0617609024 -5.29686260223 22.5000019073
    endloop
  endfacet
  facet normal -0.991444885731 0 0.130525901914
    outer loop
      vertex -14.0385284424 -5.47333049774 22.5000019073
      vertex -14.0617609024 -5.29686260223 22.5000019073
      vertex -14.0385284424 -5.47333049774 19.5
    endloop
  endfacet
  facet normal -0.991444826126 1.89565874109e-08 -0.130526468158
    outer loop
      vertex -14.0385284424 -5.47333049774 19.5
      vertex -14.0896396637 -5.86155796051 19.5
      vertex -14.0664081573 -5.68509149551 22.5000019073
    endloop
  endfacet
  facet normal -0.991444766521 -0 -0.130526781082
    outer loop
      vertex -14.0896396637 -5.86155796051 22.5000019073
      vertex -14.0664081573 -5.68509149551 22.5000019073
      vertex -14.0896396637 -5.86155796051 19.5
    endloop
  endfacet
  facet normal -0.923879802227 1.34176687538e-07 -0.382682830095
    outer loop
      vertex -14.0896396637 -5.86155796051 19.5
      vertex -14.239490509 -6.2233300209 19.5
      vertex -14.1713762283 -6.05888843536 22.5000019073
    endloop
  endfacet
  facet normal -0.923878908157 -0 -0.382684916258
    outer loop
      vertex -14.239490509 -6.2233300209 22.5000019073
      vertex -14.1713762283 -6.05888843536 22.5000019073
      vertex -14.239490509 -6.2233300209 19.5
    endloop
  endfacet
  facet normal -0.793352663517 7.50074278244e-08 -0.608762323856
    outer loop
      vertex -14.239490509 -6.2233300209 19.5
      vertex -14.4778690338 -6.53398990631 19.5
      vertex -14.369515419 -6.39278173447 22.5000019073
    endloop
  endfacet
  facet normal -0.793351888657 -0 -0.608763337135
    outer loop
      vertex -14.4778690338 -6.53398990631 22.5000019073
      vertex -14.369515419 -6.39278173447 22.5000019073
      vertex -14.4778690338 -6.53398990631 19.5
    endloop
  endfacet
  facet normal -0.60876083374 5.76100838146e-08 -0.793353796005
    outer loop
      vertex -14.4778690338 -6.53398990631 19.5
      vertex -14.7885293961 -6.77236795425 19.5
      vertex -14.6473197937 -6.66401433945 22.5000019073
    endloop
  endfacet
  facet normal -0.60876005888 -0 -0.793354392052
    outer loop
      vertex -14.7885293961 -6.77236795425 22.5000019073
      vertex -14.6473197937 -6.66401433945 22.5000019073
      vertex -14.7885293961 -6.77236795425 19.5
    endloop
  endfacet
  facet normal 0 -1 0
    outer loop
      vertex -19.4503059387 -9.38922309875 19.5
      vertex -15.1502990723 -6.92221879959 19.5
      vertex -14.7885293961 -6.77236795425 19.5
    endloop
  endfacet
  facet normal 0 0 -1
    outer loop
      vertex 24.635137558 -0.17284193635 22
      vertex 18.3832511902 -0.17284193635 22
      vertex 19.4252376556 -0.17284193635 22.5000019073
    endloop
  endfacet
  facet normal 0 0 -1
    outer loop
      vertex 24.635137558 -0.17284193635 22
      vertex 19.4252376556 -0.17284193635 22.5000019073
      vertex 24.635137558 -0.17284193635 22.5000019073
    endloop
  endfacet
  facet normal 0.382677435875 -0 0.923882007599
    outer loop
      vertex 20.7114715576 -4.17429161072 22
      vertex 20.7717685699 -4.14931678772 22.5000019073
      vertex 20.7114715576 -4.17429161072 22.5000019073
    endloop
  endfacet
  facet normal 0.608758330345 -0 0.793355703354
    outer loop
      vertex 20.4008102417 -4.41266965866 22
      vertex 20.4525871277 -4.37294006348 22.5000019073
      vertex 20.4008102417 -4.41266965866 22.5000019073
    endloop
  endfacet
  facet normal 0.793355703354 -0 0.608758330345
    outer loop
      vertex 20.1624336243 -4.72332954407 22
      vertex 20.2021636963 -4.67155218124 22.5000019073
      vertex 20.1624336243 -4.72332954407 22.5000019073
    endloop
  endfacet
  facet normal 0.923876106739 -0 0.38269174099
    outer loop
      vertex 20.0125827789 -5.08510160446 22
      vertex 20.0375576019 -5.02480649948 22.5000019073
      vertex 20.0125827789 -5.08510160446 22.5000019073
    endloop
  endfacet
  facet normal 0.991444289684 -0 0.130530491471
    outer loop
      vertex 19.9614715576 -5.47333049774 22
      vertex 19.9699897766 -5.40862464905 22.5000019073
      vertex 19.9614715576 -5.47333049774 22.5000019073
    endloop
  endfacet
  facet normal 0.991443991661 0 -0.130532875657
    outer loop
      vertex 20.0125827789 -5.86155796051 22
      vertex 20.0040626526 -5.79685354233 22.5000019073
      vertex 20.0125827789 -5.86155796051 22.5000019073
    endloop
  endfacet
  facet normal 0.923876106739 0 -0.38269174099
    outer loop
      vertex 20.1624336243 -6.2233300209 22
      vertex 20.1374568939 -6.16303491592 22.5000019073
      vertex 20.1624336243 -6.2233300209 22.5000019073
    endloop
  endfacet
  facet normal -0 0 1
    outer loop
      vertex 13.3832492828 -9.40780544281 22.5
      vertex 18.8879699707 -9.40780544281 22
      vertex 13.3832530975 -9.40780544281 22.5000019073
    endloop
  endfacet
  facet normal 0 0 1
    outer loop
      vertex 18.8879699707 -9.40780544281 22.5000019073
      vertex 13.3832530975 -9.40780544281 22.5000019073
      vertex 18.8879699707 -9.40780544281 22
    endloop
  endfacet
  facet normal 9.5852863069e-07 1 -1.27913972392e-06
    outer loop
      vertex 15.8832502365 -0.17284193635 22.5
      vertex 12.0570278168 2.69435334206 22.5
      vertex 13.3832521439 -0.172846734524 22.5000019073
    endloop
  endfacet
  facet normal 0 0 1
    outer loop
      vertex 13.3832492828 -9.40780544281 22.5
      vertex -10.6677846909 -9.40780544281 19.5185832977
      vertex 15.9018335342 -9.40780544281 19.5185832977
    endloop
  endfacet
  facet normal 1.34610928626e-07 -0.707115769386 0.707097768784
    outer loop
      vertex -19.4503059387 -9.38922309875 19.5
      vertex -10.6677846909 -9.40780544281 19.5185832977
      vertex -11.4994916916 -9.44859313965 19.5593700409
    endloop
  endfacet
  facet normal 0.058865185827 -0.001514625852 0.998264789581
    outer loop
      vertex -11.4994916916 -9.44859313965 19.5593700409
      vertex -11.0499582291 -9.42654705048 22.5000019073
      vertex -11.5898962021 -9.45838546753 22.5000019073
    endloop
  endfacet
  facet normal 2.58099959183e-07 1 -1.08001614763e-07
    outer loop
      vertex -10.6677846909 -9.40780544281 22.5000019073
      vertex -6.44743061066 2.69435334206 22.5
      vertex -12.9454221725 -3.9647564888 22.5000019073
    endloop
  endfacet
  facet normal 1.38455220622e-07 1 -2.40728809331e-07
    outer loop
      vertex -13.7799863815 -3.04278850555 22.5000019073
      vertex -6.44743061066 2.69435334206 22.5
      vertex -14.3219413757 -2.7310833931 22.5000019073
    endloop
  endfacet
  facet normal -1 0 0
    outer loop
      vertex -19.4503059387 14.055226326 22
      vertex -19.4503059387 -2.47332978249 22.5
      vertex -19.4503059387 33.5266723633 22.5000019073
    endloop
  endfacet
  facet normal 6.97443169884e-08 1 2.29913354133e-07
    outer loop
      vertex -14.9532575607 33.584312439 22.5000019073
      vertex -6.44743061066 25.7418231964 22.5
      vertex -14.3904800415 33.7550315857 22.5000019073
    endloop
  endfacet
  facet normal 1.70196059912e-07 1 1.39677212019e-07
    outer loop
      vertex -13.4172086716 34.4053497314 22.5000019073
      vertex -6.44743061066 25.7418231964 22.5
      vertex -13.0441198349 34.8599586487 22.5000019073
    endloop
  endfacet
  facet normal 3.34995746698e-07 1 3.29938671939e-08
    outer loop
      vertex -12.5961732864 35.9413986206 22.5000019073
      vertex -6.44743061066 25.7418231964 22.5
      vertex -12.5385293961 36.5266685486 22.5000019073
    endloop
  endfacet
  facet normal -0 0 -1
    outer loop
      vertex -12.5385293961 40.3665237427 22.5
      vertex -16.9503059387 40.3665237427 19.5
      vertex -12.5385322571 40.3665237427 22.5000019073
    endloop
  endfacet
  facet normal 0 0 -1
    outer loop
      vertex -16.9503059387 40.3665237427 22.5000019073
      vertex -12.5385322571 40.3665237427 22.5000019073
      vertex -16.9503059387 40.3665237427 19.5
    endloop
  endfacet
  facet normal 0 -1 -0
    outer loop
      vertex -14.7370414734 39.1572799683 19.5
      vertex -16.9503059387 40.3665237427 19.5
      vertex -14.2076206207 38.9331588745 19.5
    endloop
  endfacet
  facet normal -0.32647973299 0 -0.94520419836
    outer loop
      vertex -19.4404449463 38.0883483887 18
      vertex -19.4404449463 38.0883483887 19.5
      vertex -16.4363460541 39.1259841919 19.5
    endloop
  endfacet
  facet normal 0 -1 -0
    outer loop
      vertex -19.4404449463 32.2695045471 19.5
      vertex -19.4503059387 37.8665237427 19.5
      vertex -19.4404449463 38.0883483887 19.5
    endloop
  endfacet
  facet normal 0 1 0
    outer loop
      vertex -15.5385293961 -2.47332978249 22.5
      vertex -6.44743061066 2.69435334206 22.5
      vertex -6.44743061066 25.7418231964 22.5
    endloop
  endfacet
  facet normal 1.76956236963e-23 1 1.6385487811e-07
    outer loop
      vertex 13.3832530975 40.3665084839 22.5000019073
      vertex -6.44743061066 25.7418231964 22.5
      vertex 12.0570278168 25.7418231964 22.5
    endloop
  endfacet
  facet normal 0 0 1
    outer loop
      vertex 15.8832502365 10.1504526138 22.5000019073
      vertex 15.8832502365 10.1504526138 19.5
      vertex 18.3832511902 10.1504526138 22
    endloop
  endfacet
  facet normal 0 -1 0
    outer loop
      vertex 18.3832511902 10.1504526138 22
      vertex 20.0125827789 36.1384429932 22
      vertex 20.1624336243 35.7766685486 22
    endloop
  endfacet
  facet normal 0.991444766521 4.79154437016e-07 -0.130526855588
    outer loop
      vertex 20.0125827789 36.1384429932 22
      vertex 19.9614715576 36.5266685486 22
      vertex 20.0040626526 36.2031478882 22.5000019073
    endloop
  endfacet
  facet normal 0.991444885731 0 -0.130526125431
    outer loop
      vertex 19.9614715576 36.5266685486 22.5000019073
      vertex 20.0040626526 36.2031478882 22.5000019073
      vertex 19.9614715576 36.5266685486 22
    endloop
  endfacet
  facet normal 0.991444885731 -5.83416920108e-07 0.130526065826
    outer loop
      vertex 19.9614715576 36.5266685486 22
      vertex 20.0125827789 36.9148979187 22
      vertex 19.9699897766 36.5913734436 22.5000019073
    endloop
  endfacet
  facet normal 0.99144500494 0 0.130525171757
    outer loop
      vertex 20.0125827789 36.9148979187 22.5000019073
      vertex 19.9699897766 36.5913734436 22.5000019073
      vertex 20.0125827789 36.9148979187 22
    endloop
  endfacet
  facet normal 0.92387932539 -1.89921692595e-07 0.382683902979
    outer loop
      vertex 20.0125827789 36.9148979187 22
      vertex 20.1624336243 37.2766685486 22
      vertex 20.0375576019 36.9751930237 22.5000019073
    endloop
  endfacet
  facet normal 0.923879444599 0 0.382683634758
    outer loop
      vertex 20.1624336243 37.2766685486 22.5000019073
      vertex 20.0375576019 36.9751930237 22.5000019073
      vertex 20.1624336243 37.2766685486 22
    endloop
  endfacet
  facet normal 0.793354153633 3.3881221384e-07 0.608760356903
    outer loop
      vertex 20.1624336243 37.2766685486 22
      vertex 20.4008102417 37.5873298645 22
      vertex 20.2021636963 37.3284454346 22.5000019073
    endloop
  endfacet
  facet normal 0.793353796005 0 0.608760774136
    outer loop
      vertex 20.4008102417 37.5873298645 22.5000019073
      vertex 20.2021636963 37.3284454346 22.5000019073
      vertex 20.4008102417 37.5873298645 22
    endloop
  endfacet
  facet normal 0.608746767044 -0 0.793364584446
    outer loop
      vertex 20.4008102417 37.5873298645 22
      vertex 20.4525871277 37.6270561218 22.5000019073
      vertex 20.4008102417 37.5873298645 22.5000019073
    endloop
  endfacet
  facet normal 0.330280065536 -1.01776515748e-06 -0.943883001804
    outer loop
      vertex 23.7198486328 40.1189460754 22
      vertex 23.1914424896 40.3038444519 22
      vertex 23.6317806244 40.1497650146 22.5000019073
    endloop
  endfacet
  facet normal 0.330279052258 0 -0.943883359432
    outer loop
      vertex 23.1914424896 40.3038444519 22.5000019073
      vertex 23.6317806244 40.1497650146 22.5000019073
      vertex 23.1914424896 40.3038444519 22
    endloop
  endfacet
  facet normal -2.61417380898e-06 2.61417426373e-06 -1
    outer loop
      vertex 15.8832502365 40.3665237427 19.5
      vertex 13.3832530975 40.3665084839 22.5000019073
      vertex 18.3832511902 40.3665237427 22
    endloop
  endfacet
  facet normal 0 -1 0
    outer loop
      vertex 18.3832511902 40.3665237427 22
      vertex 21.0732421875 37.9755592346 22
      vertex 20.7114715576 37.8257064819 22
    endloop
  endfacet
  facet normal 0.130520045757 1.37536562761e-06 0.991445660591
    outer loop
      vertex 21.0732421875 37.9755592346 22
      vertex 21.4614715576 38.0266685486 22
      vertex 21.1379489899 37.9840774536 22.5000019073
    endloop
  endfacet
  facet normal 0.130517959595 0 0.991445958614
    outer loop
      vertex 21.4614715576 38.0266685486 22.5000019073
      vertex 21.1379489899 37.9840774536 22.5000019073
      vertex 21.4614715576 38.0266685486 22
    endloop
  endfacet
  facet normal -0.130520835519 -1.27110797621e-06 0.991445541382
    outer loop
      vertex 21.4614715576 38.0266685486 22
      vertex 21.8496990204 37.9755592346 22
      vertex 21.5261764526 38.0181503296 22.5000019073
    endloop
  endfacet
  facet normal -0.130518913269 0 0.991445839405
    outer loop
      vertex 21.8496990204 37.9755592346 22.5000019073
      vertex 21.5261764526 38.0181503296 22.5000019073
      vertex 21.8496990204 37.9755592346 22
    endloop
  endfacet
  facet normal -0.382689595222 -1.60253671311e-06 0.923877000809
    outer loop
      vertex 21.8496990204 37.9755592346 22
      vertex 22.2114715576 37.8257064819 22
      vertex 21.9099941254 37.9505844116 22.5000019073
    endloop
  endfacet
  facet normal -0.382687330246 0 0.923877894878
    outer loop
      vertex 22.2114715576 37.8257064819 22.5000019073
      vertex 21.9099941254 37.9505844116 22.5000019073
      vertex 22.2114715576 37.8257064819 22
    endloop
  endfacet
  facet normal -0.608760356903 2.23993811233e-06 0.793354153633
    outer loop
      vertex 22.2114715576 37.8257064819 22
      vertex 22.5221309662 37.5873298645 22
      vertex 22.2632484436 37.7859764099 22.5000019073
    endloop
  endfacet
  facet normal -0.608763098717 0 0.793352067471
    outer loop
      vertex 22.5221309662 37.5873298645 22.5000019073
      vertex 22.2632484436 37.7859764099 22.5000019073
      vertex 22.5221309662 37.5873298645 22
    endloop
  endfacet
  facet normal -0 -1 0
    outer loop
      vertex 23.1914424896 40.3038444519 22
      vertex 22.7605113983 37.2766685486 22
      vertex 22.635137558 40.3665237427 22
    endloop
  endfacet
  facet normal -0.793346881866 0 0.608769893646
    outer loop
      vertex 22.5221309662 37.5873298645 22
      vertex 22.5618629456 37.5355529785 22.5000019073
      vertex 22.5221309662 37.5873298645 22.5000019073
    endloop
  endfacet
  facet normal -0.923880398273 -1.65499409377e-06 0.382681310177
    outer loop
      vertex 22.7605113983 37.2766685486 22
      vertex 22.9103603363 36.9148979187 22
      vertex 22.785484314 37.2163734436 22.5000019073
    endloop
  endfacet
  facet normal -0.923879444599 0 0.382683634758
    outer loop
      vertex 22.9103603363 36.9148979187 22.5000019073
      vertex 22.785484314 37.2163734436 22.5000019073
      vertex 22.9103603363 36.9148979187 22
    endloop
  endfacet
  facet normal 0.707106769085 0 -0.707106769085
    outer loop
      vertex 24.589717865 39.4252510071 22
      vertex 24.5237407684 39.4912261963 22.5000019073
      vertex 24.589717865 39.4252510071 22.5000019073
    endloop
  endfacet
  facet normal 0.846726119518 0 -0.532028973103
    outer loop
      vertex 24.8875579834 38.9512329102 22
      vertex 24.8379192352 39.0302352905 22.5000019073
      vertex 24.8875579834 38.9512329102 22.5000019073
    endloop
  endfacet
  facet normal 0.94388115406 7.05867213815e-18 -0.330285221338
    outer loop
      vertex 25.0724601746 38.4228286743 22
      vertex 24.8875579834 38.9512329102 22
      vertex 25.0416431427 38.5108985901 22.5000019073
    endloop
  endfacet
  facet normal 0.94388115406 0 -0.330285221338
    outer loop
      vertex 24.8875579834 38.9512329102 22.5000019073
      vertex 25.0416431427 38.5108985901 22.5000019073
      vertex 24.8875579834 38.9512329102 22
    endloop
  endfacet
  facet normal 0.993713736534 0 -0.111950747669
    outer loop
      vertex 25.135137558 37.8665237427 22
      vertex 25.1246929169 37.9592437744 22.5000019073
      vertex 25.135137558 37.8665237427 22.5000019073
    endloop
  endfacet
  facet normal 0 -1 0
    outer loop
      vertex 25.135137558 37.715171814 22
      vertex 24.8875579834 38.9512329102 22
      vertex 25.0724601746 38.4228286743 22
    endloop
  endfacet
  facet normal 1 0 0
    outer loop
      vertex 25.135137558 37.8665237427 22
      vertex 25.135137558 37.8665237427 22.5000019073
      vertex 25.135137558 37.8412971497 22.5000019073
    endloop
  endfacet
  facet normal 0.46157643199 -6.50357890208e-07 -0.887100458145
    outer loop
      vertex 28.6286029816 35.8974533081 22
      vertex 28.0463542938 36.2004089355 22.5000019073
      vertex 29.2933158875 35.5515899658 22.5000019073
    endloop
  endfacet
  facet normal 0.461576193571 -2.1972047648e-07 -0.887100577354
    outer loop
      vertex 32.6168632507 33.8222808838 18
      vertex 28.6286029816 35.8974533081 22
      vertex 29.2933158875 35.5515899658 22.5000019073
    endloop
  endfacet
  facet normal 0.46157643199 0 -0.887100458145
    outer loop
      vertex 32.6168632507 33.8222808838 18
      vertex 29.2933158875 35.5515899658 22.5000019073
      vertex 32.6168632507 33.8222808838 22.5000019073
    endloop
  endfacet
  facet normal 0.520945012569 -2.7406809977e-07 -0.853590250015
    outer loop
      vertex 32.9367523193 33.6270523071 18
      vertex 32.6168632507 33.8222808838 18
      vertex 32.7311096191 33.7525596619 22.5000019073
    endloop
  endfacet
  facet normal 0.520937204361 0 -0.853595018387
    outer loop
      vertex 32.6168632507 33.8222808838 22.5000019073
      vertex 32.7311096191 33.7525596619 22.5000019073
      vertex 32.6168632507 33.8222808838 18
    endloop
  endfacet
  facet normal -0 -1 0
    outer loop
      vertex 32.9367523193 33.6270523071 18
      vertex 32.9366722107 33.6269378662 18
      vertex 32.6168632507 33.8222808838 18
    endloop
  endfacet
  facet normal 0 -1 0
    outer loop
      vertex 32.6168632507 33.8222808838 18
      vertex 32.9366722107 33.6269378662 18
      vertex 32.6167945862 33.8221473694 18
    endloop
  endfacet
  facet normal -0.538229882717 0.00146251765545 0.842796802521
    outer loop
      vertex 29.8197097778 29.0962123871 2.5
      vertex 30.1341915131 28.9148979187 13.75
      vertex 29.6189479828 29.2439441681 13.75
    endloop
  endfacet
  facet normal -0.538230061531 -0.00119986187201 0.842797100544
    outer loop
      vertex 29.6580524445 29.2129230499 18
      vertex 29.6189479828 29.2439441681 13.75
      vertex 30.1341915131 28.9148979187 13.75
    endloop
  endfacet
  facet normal -0.544150412083 -0.0021304525435 0.838984966278
    outer loop
      vertex 29.6580524445 29.2129230499 18
      vertex 30.1341915131 28.9148979187 13.75
      vertex 29.9327812195 29.0245800018 22
    endloop
  endfacet
  facet normal 0 -1 -0
    outer loop
      vertex 29.5198669434 29.2337360382 22
      vertex 29.1509246826 29.4288578033 22
      vertex 29.6580524445 29.2129230499 22
    endloop
  endfacet
  facet normal 0 -1 0
    outer loop
      vertex 29.0375099182 29.433506012 22
      vertex 29.1509246826 29.4288578033 22
      vertex 29.5198669434 29.2337360382 22
    endloop
  endfacet
  facet normal -0.382634609938 1.65489768733e-06 0.923899769783
    outer loop
      vertex 29.0375099182 29.433506012 22
      vertex 29.5198669434 29.2337360382 22
      vertex 29.1179027557 29.4002113342 22.5000019073
    endloop
  endfacet
  facet normal -0.382636368275 0 0.923899054527
    outer loop
      vertex 29.5198669434 29.2337360382 22.5000019073
      vertex 29.1179027557 29.4002113342 22.5000019073
      vertex 29.5198669434 29.2337360382 22
    endloop
  endfacet
  facet normal -0.46157798171 -7.08589880105e-07 0.88709962368
    outer loop
      vertex 29.5198669434 29.2337360382 22
      vertex 30.0781917572 28.9432277679 22
      vertex 29.9851379395 28.991645813 22.5000019073
    endloop
  endfacet
  facet normal -0.461578577757 0 0.887099325657
    outer loop
      vertex 29.5198669434 29.2337360382 22
      vertex 29.9851379395 28.991645813 22.5000019073
      vertex 29.5198669434 29.2337360382 22.5000019073
    endloop
  endfacet
  facet normal -0.461574971676 0 0.887101173401
    outer loop
      vertex 30.0781917572 28.9432277679 22
      vertex 30.0781917572 28.9432277679 22.5000019073
      vertex 29.9851379395 28.991645813 22.5000019073
    endloop
  endfacet
  facet normal 0.71311634779 0.00181554094888 -0.701043367386
    outer loop
      vertex 33.2271270752 33.3901443481 18
      vertex 33.1430473328 33.4640197754 22.5000019073
      vertex 33.4021377563 33.200466156 22.5000019073
    endloop
  endfacet
  facet normal 0.663312196732 0.000108440683107 -0.748342812061
    outer loop
      vertex 33.2271270752 33.3901443481 18
      vertex 33.1148681641 33.4896507263 18
      vertex 33.1430473328 33.4640197754 22.5000019073
    endloop
  endfacet
  facet normal 0.663291573524 0.000108673848445 -0.748361051083
    outer loop
      vertex 33.1029510498 33.4995574951 22.5000019073
      vertex 33.1430473328 33.4640197754 22.5000019073
      vertex 33.1148681641 33.4896507263 18
    endloop
  endfacet
  facet normal 0.610805153847 -0.000126071521663 -0.791780948639
    outer loop
      vertex 33.1148681641 33.4896507263 18
      vertex 32.9367523193 33.6270523071 18
      vertex 33.0393409729 33.5486297607 22.5000019073
    endloop
  endfacet
  facet normal 0.610811471939 -0.000125902166474 -0.791776061058
    outer loop
      vertex 33.1148681641 33.4896507263 18
      vertex 33.0393409729 33.5486297607 22.5000019073
      vertex 33.1029510498 33.4995574951 22.5000019073
    endloop
  endfacet
  facet normal 0 -1 -0
    outer loop
      vertex 33.2270431519 33.3900527954 18
      vertex 33.1148681641 33.4896507263 18
      vertex 33.2271270752 33.3901443481 18
    endloop
  endfacet
  facet normal 0 -1 0
    outer loop
      vertex 33.2270431519 33.3900527954 18
      vertex 33.2271270752 33.3901443481 18
      vertex 33.482509613 33.1158943176 18
    endloop
  endfacet
  facet normal 0 1 0
    outer loop
      vertex 31.9101543427 28.6907558441 22
      vertex 31.3779640198 28.6329231262 22
      vertex 31.3779678345 28.6327533722 22
    endloop
  endfacet
  facet normal 0 1 0
    outer loop
      vertex 31.3779678345 28.6327533722 22
      vertex 31.3779640198 28.6329231262 22
      vertex 31.3475284576 28.6327533722 22
    endloop
  endfacet
  facet normal 0.00559001229703 0.00201237760484 0.999982357025
    outer loop
      vertex 31.3475284576 28.6327533722 22
      vertex 31.3779640198 28.6329231262 22
      vertex 31.3450012207 28.6337451935 22.5000019073
    endloop
  endfacet
  facet normal 0.00557382730767 0.00201229611412 0.99998241663
    outer loop
      vertex 31.3475284576 28.6327533722 22
      vertex 31.3450012207 28.6337451935 22.5000019073
      vertex 31.3196353912 28.6336040497 22.5000019073
    endloop
  endfacet
  facet normal -0.0289050694555 8.81683081388e-05 0.99958217144
    outer loop
      vertex 31.3161487579 28.632932663 13.75
      vertex 31.3475284576 28.6327533722 22
      vertex 31.3196353912 28.6336040497 22.5000019073
    endloop
  endfacet
  facet normal -0.0288771335036 8.81572341314e-05 0.999582946301
    outer loop
      vertex 31.3161487579 28.632932663 13.75
      vertex 31.3196353912 28.6336040497 22.5000019073
      vertex 31.2103919983 28.6367588043 22.5000019073
    endloop
  endfacet
  facet normal -0.00572728272527 0 0.999983608723
    outer loop
      vertex 31.3475284576 28.6327533722 22
      vertex 31.3161487579 28.632932663 13.75
      vertex 31.3475284576 28.6327533722 2.5
    endloop
  endfacet
  facet normal -0.0980186834931 -0.000257507228525 0.995184540749
    outer loop
      vertex 31.3475284576 28.6327533722 2.5
      vertex 31.3161487579 28.632932663 13.75
      vertex 30.8110294342 28.6855945587 2.5
    endloop
  endfacet
  facet normal -0.290286749601 -0.000732181186322 0.956939458847
    outer loop
      vertex 30.8110294342 28.6855945587 2.5
      vertex 30.7094020844 28.7078151703 13.75
      vertex 30.2951488495 28.842086792 2.5
    endloop
  endfacet
  facet normal -0.338730722666 0.00124328851234 0.940882563591
    outer loop
      vertex 30.2951488495 28.842086792 2.5
      vertex 30.7094020844 28.7078151703 13.75
      vertex 30.1341915131 28.9148979187 13.75
    endloop
  endfacet
  facet normal -0.338730871677 -0.000823049398605 0.940882921219
    outer loop
      vertex 30.1341915131 28.9148979187 13.75
      vertex 30.7094020844 28.7078151703 13.75
      vertex 30.5067062378 28.7731342316 22.5000019073
    endloop
  endfacet
  facet normal -0.338733106852 -0.000823106791358 0.940882146358
    outer loop
      vertex 30.6345310211 28.7271156311 22.5000019073
      vertex 30.5067062378 28.7731342316 22.5000019073
      vertex 30.7094020844 28.7078151703 13.75
    endloop
  endfacet
  facet normal -0.122487396002 0.000853833567817 0.992469727993
    outer loop
      vertex 30.8110294342 28.6855945587 2.5
      vertex 31.3161487579 28.632932663 13.75
      vertex 30.7094020844 28.7078151703 13.75
    endloop
  endfacet
  facet normal -0.12248737365 -0.00104642112274 0.992469549179
    outer loop
      vertex 30.7094020844 28.7078151703 13.75
      vertex 31.3161487579 28.632932663 13.75
      vertex 31.0755596161 28.6533985138 22.5000019073
    endloop
  endfacet
  facet normal -0.122484460473 -0.0010463403305 0.992469906807
    outer loop
      vertex 31.2103919983 28.6367588043 22.5000019073
      vertex 31.0755596161 28.6533985138 22.5000019073
      vertex 31.3161487579 28.632932663 13.75
    endloop
  endfacet
  facet normal 0 1 0
    outer loop
      vertex 31.9101543427 28.6907558441 22
      vertex 31.9101219177 28.6909160614 22
      vertex 31.3779640198 28.6329231262 22
    endloop
  endfacet
  facet normal 0.108336038888 -0.0036173495464 0.994107723236
    outer loop
      vertex 31.3779640198 28.6329231262 22
      vertex 31.9101219177 28.6909160614 22
      vertex 31.4407272339 28.6379432678 22.5000019073
    endloop
  endfacet
  facet normal 0.108333386481 -0.0036198720336 0.994108021259
    outer loop
      vertex 31.8841915131 28.6862697601 22.5000019073
      vertex 31.4407272339 28.6379432678 22.5000019073
      vertex 31.9101219177 28.6909160614 22
    endloop
  endfacet
  facet normal 0 0 1
    outer loop
      vertex 31.3779678345 28.6327533722 22
      vertex 31.3475284576 28.6327533722 22
      vertex 31.3779678345 28.6327533722 5
    endloop
  endfacet
  facet normal 0 1 0
    outer loop
      vertex 31.9848918915 28.7074661255 22
      vertex 31.9101219177 28.6909160614 22
      vertex 31.9101543427 28.6907558441 22
    endloop
  endfacet
  facet normal 0 1 0
    outer loop
      vertex 31.9848918915 28.7074661255 22
      vertex 32.4209594727 28.8509101868 22
      vertex 31.9101219177 28.6909160614 22
    endloop
  endfacet
  facet normal 0.29888048768 -0.00299466657452 0.954285860062
    outer loop
      vertex 31.9101219177 28.6909160614 22
      vertex 32.4209594727 28.8509101868 22
      vertex 31.9769535065 28.7102775574 22.5000019073
    endloop
  endfacet
  facet normal 0.298880130053 -0.00299501186237 0.954285979271
    outer loop
      vertex 32.4026489258 28.8436050415 22.5000019073
      vertex 31.9769535065 28.7102775574 22.5000019073
      vertex 32.4209594727 28.8509101868 22
    endloop
  endfacet
  facet normal 0 1 0
    outer loop
      vertex 32.4210205078 28.8507652283 22
      vertex 32.4209594727 28.8509101868 22
      vertex 31.9848918915 28.7074661255 22
    endloop
  endfacet
  facet normal 0 1 0
    outer loop
      vertex 32.5603027344 28.9144535065 22
      vertex 32.4209594727 28.8509101868 22
      vertex 32.4210205078 28.8507652283 22
    endloop
  endfacet
  facet normal 0 1 0
    outer loop
      vertex 32.5603027344 28.9144535065 22
      vertex 32.8911247253 29.106836319 22
      vertex 32.4209594727 28.8509101868 22
    endloop
  endfacet
  facet normal 0.478092432022 -0.00217442354187 0.878306806087
    outer loop
      vertex 32.4209594727 28.8509101868 22
      vertex 32.8911247253 29.106836319 22
      vertex 32.4883918762 28.8863773346 22.5000019073
    endloop
  endfacet
  facet normal 0.47809356451 -0.00217324448749 0.878306210041
    outer loop
      vertex 32.8801956177 29.0996494293 22.5000019073
      vertex 32.4883918762 28.8863773346 22.5000019073
      vertex 32.8911247253 29.106836319 22
    endloop
  endfacet
  facet normal 0 1 0
    outer loop
      vertex 32.891204834 29.1067199707 22
      vertex 32.8911247253 29.106836319 22
      vertex 32.5603027344 28.9144535065 22
    endloop
  endfacet
  facet normal 0 1 0
    outer loop
      vertex 33.3028869629 29.4489173889 22
      vertex 33.3028030396 29.4490013123 22
      vertex 33.0757446289 29.2434825897 22
    endloop
  endfacet
  facet normal 0 1 0
    outer loop
      vertex 33.0757446289 29.2434825897 22
      vertex 33.3028030396 29.4490013123 22
      vertex 32.8911247253 29.106836319 22
    endloop
  endfacet
  facet normal 0.639189183712 -0.00116452586371 0.769048631191
    outer loop
      vertex 32.8911247253 29.106836319 22
      vertex 33.3028030396 29.4490013123 22
      vertex 32.9551696777 29.1593112946 22.5000019073
    endloop
  endfacet
  facet normal 0.639186918736 -0.00116722064558 0.76905053854
    outer loop
      vertex 33.2982406616 29.4444484711 22.5000019073
      vertex 32.9551696777 29.1593112946 22.5000019073
      vertex 33.3028030396 29.4490013123 22
    endloop
  endfacet
  facet normal 0.771749138832 0.00125529931393 0.635925889015
    outer loop
      vertex 33.3028030396 29.4490013123 22
      vertex 33.359172821 29.5183963776 22.5000019073
      vertex 33.2982406616 29.4444484711 22.5000019073
    endloop
  endfacet
  facet normal 0.776072502136 3.47797431459e-05 0.630643665791
    outer loop
      vertex 33.3028030396 29.4490013123 22
      vertex 33.6403923035 29.864440918 22
      vertex 33.359172821 29.5183963776 22.5000019073
    endloop
  endfacet
  facet normal 0.776073753834 3.65225641872e-05 0.630642175674
    outer loop
      vertex 33.6404953003 29.8645954132 22.5000019073
      vertex 33.359172821 29.5183963776 22.5000019073
      vertex 33.6403923035 29.864440918 22
    endloop
  endfacet
  facet normal 0.8835490942 -3.40275691997e-05 0.468338519335
    outer loop
      vertex 33.6403923035 29.864440918 22
      vertex 33.8910980225 30.3374080658 22
      vertex 33.8494148254 30.2587356567 22.5000019073
    endloop
  endfacet
  facet normal 0.883550226688 -3.61881648132e-05 0.468336373568
    outer loop
      vertex 33.6403923035 29.864440918 22
      vertex 33.8494148254 30.2587356567 22.5000019073
      vertex 33.6404953003 29.8645954132 22.5000019073
    endloop
  endfacet
  facet normal 0.887102544308 0.0013271010248 0.461570441723
    outer loop
      vertex 33.8910980225 30.3374080658 22
      vertex 33.8936424255 30.3437366486 22.5000019073
      vertex 33.8494148254 30.2587356567 22.5000019073
    endloop
  endfacet
  facet normal 0.936605036259 0.00163849326782 -0.350383162498
    outer loop
      vertex 33.8705673218 32.476726532 18
      vertex 33.8305778503 32.5625801086 22.5000019073
      vertex 33.9600715637 32.2164268494 22.5000019073
    endloop
  endfacet
  facet normal 0.911943554878 0.000275918224361 -0.410315513611
    outer loop
      vertex 33.8705673218 32.476726532 18
      vertex 33.8397827148 32.5451469421 18
      vertex 33.8305778503 32.5625801086 22.5000019073
    endloop
  endfacet
  facet normal 0.911958277225 0.000276074832072 -0.410282850266
    outer loop
      vertex 33.8195838928 32.5870170593 22.5000019073
      vertex 33.8305778503 32.5625801086 22.5000019073
      vertex 33.8397827148 32.5451469421 18
    endloop
  endfacet
  facet normal 0.881887674332 -0.000427729391959 -0.471459418535
    outer loop
      vertex 33.8397827148 32.5451469421 18
      vertex 33.6984100342 32.809589386 18
      vertex 33.7690925598 32.6814575195 22.5000019073
    endloop
  endfacet
  facet normal 0.881880402565 -0.00042825267883 -0.47147294879
    outer loop
      vertex 33.8397827148 32.5451469421 18
      vertex 33.7690925598 32.6814575195 22.5000019073
      vertex 33.8195838928 32.5870170593 22.5000019073
    endloop
  endfacet
  facet normal 0.843286812305 0.00205785385333 -0.537459909916
    outer loop
      vertex 33.6984100342 32.809589386 18
      vertex 33.5704536438 32.9931259155 22.5000019073
      vertex 33.7690925598 32.6814575195 22.5000019073
    endloop
  endfacet
  facet normal 0.825302481651 0.000435837282566 -0.564690709114
    outer loop
      vertex 33.6984100342 32.809589386 18
      vertex 33.5290565491 33.0571022034 18
      vertex 33.5704536438 32.9931259155 22.5000019073
    endloop
  endfacet
  facet normal 0.825298428535 0.00043595948955 -0.564696669579
    outer loop
      vertex 33.5099716187 33.0815238953 22.5000019073
      vertex 33.5704536438 32.9931259155 22.5000019073
      vertex 33.5290565491 33.0571022034 18
    endloop
  endfacet
  facet normal 0.784899115562 -3.34751821356e-05 -0.619623541832
    outer loop
      vertex 33.5290565491 33.0571022034 18
      vertex 33.4825935364 33.1159591675 18
      vertex 33.5099716187 33.0815238953 22.5000019073
    endloop
  endfacet
  facet normal 0.784894227982 -3.33977477567e-05 -0.61962980032
    outer loop
      vertex 33.4933776855 33.1025428772 22.5000019073
      vertex 33.5099716187 33.0815238953 22.5000019073
      vertex 33.4825935364 33.1159591675 18
    endloop
  endfacet
  facet normal 0 -1 0
    outer loop
      vertex 33.482509613 33.1158943176 18
      vertex 33.4825935364 33.1159591675 18
      vertex 33.5290565491 33.0571022034 18
    endloop
  endfacet
  facet normal 0 -1 -0
    outer loop
      vertex 33.6983337402 32.8095474243 18
      vertex 33.5290565491 33.0571022034 18
      vertex 33.6984100342 32.809589386 18
    endloop
  endfacet
  facet normal 0 -1 0
    outer loop
      vertex 33.6983337402 32.8095474243 18
      vertex 33.6984100342 32.809589386 18
      vertex 33.8397827148 32.5451469421 18
    endloop
  endfacet
  facet normal 0 -1 0
    outer loop
      vertex 33.6983337402 32.8095474243 18
      vertex 33.8397827148 32.5451469421 18
      vertex 33.8705062866 32.4766998291 18
    endloop
  endfacet
  facet normal 0 -1 -0
    outer loop
      vertex 33.8705062866 32.4766998291 18
      vertex 33.8397827148 32.5451469421 18
      vertex 33.8705673218 32.476726532 18
    endloop
  endfacet
  facet normal 0 -1 0
    outer loop
      vertex 33.8705062866 32.4766998291 18
      vertex 33.8705673218 32.476726532 18
      vertex 33.9958267212 32.1235389709 18
    endloop
  endfacet
  facet normal 0.997672140598 0.000201716946322 -0.0681924149394
    outer loop
      vertex 34.0974693298 31.4006023407 12.25
      vertex 34.0719718933 31.7566204071 18
      vertex 34.0975265503 31.3827514648 18
    endloop
  endfacet
  facet normal 0.995023488998 -0.000319274171488 0.0996402129531
    outer loop
      vertex 34.0974693298 31.4006023407 12.25
      vertex 34.0975265503 31.3827514648 18
      vertex 34.0454597473 30.849981308 22
    endloop
  endfacet
  facet normal 0 1 0
    outer loop
      vertex 33.6404685974 29.8643875122 22
      vertex 33.6403923035 29.864440918 22
      vertex 33.50573349 29.6782817841 22
    endloop
  endfacet
  facet normal 0 1 0
    outer loop
      vertex 33.8290061951 30.1973552704 22
      vertex 33.6403923035 29.864440918 22
      vertex 33.6404685974 29.8643875122 22
    endloop
  endfacet
  facet normal 0 1 0
    outer loop
      vertex 33.8911590576 30.337387085 22
      vertex 33.8910980225 30.3374080658 22
      vertex 33.8290061951 30.1973552704 22
    endloop
  endfacet
  facet normal 0 1 0
    outer loop
      vertex 34.0295753479 30.7750339508 22
      vertex 33.8910980225 30.3374080658 22
      vertex 33.8911590576 30.337387085 22
    endloop
  endfacet
  facet normal 0 1 0
    outer loop
      vertex 34.0295753479 30.7750339508 22
      vertex 34.0454292297 30.84998703 22
      vertex 33.8910980225 30.3374080658 22
    endloop
  endfacet
  facet normal 0 1 0
    outer loop
      vertex 34.0454597473 30.849981308 22
      vertex 34.0454292297 30.84998703 22
      vertex 34.0295753479 30.7750339508 22
    endloop
  endfacet
  facet normal 0 1 0
    outer loop
      vertex 34.0975265503 31.3827514648 22
      vertex 34.0454292297 30.84998703 22
      vertex 34.0454597473 30.849981308 22
    endloop
  endfacet
  facet normal 0.9952506423 -0.00222389260307 0.0973199233413
    outer loop
      vertex 34.0454292297 30.84998703 22
      vertex 34.0975265503 31.3827514648 22
      vertex 34.091255188 31.3071937561 22.5000019073
    endloop
  endfacet
  facet normal 0.995250999928 -0.00222732825205 0.0973162055016
    outer loop
      vertex 34.0454292297 30.84998703 22
      vertex 34.091255188 31.3071937561 22.5000019073
      vertex 34.0478439331 30.8632221222 22.5000019073
    endloop
  endfacet
  facet normal 0.998141527176 0.00332396989688 0.0608473457396
    outer loop
      vertex 34.0975265503 31.3827514648 22
      vertex 34.0970840454 31.4028339386 22.5000019073
      vertex 34.091255188 31.3071937561 22.5000019073
    endloop
  endfacet
  facet normal 0.988984942436 0.0021230657585 -0.148000851274
    outer loop
      vertex 34.0719947815 31.7566223145 18
      vertex 34.0320129395 31.9592456818 22.5000019073
      vertex 34.0867118835 31.5937347412 22.5000019073
    endloop
  endfacet
  facet normal 0.984323441982 0.000804220151622 -0.176370829344
    outer loop
      vertex 34.0719947815 31.7566223145 18
      vertex 34.0323181152 31.9780673981 18
      vertex 34.0320129395 31.9592456818 22.5000019073
    endloop
  endfacet
  facet normal 0.984321653843 0.000804262526799 -0.176380991936
    outer loop
      vertex 34.0178413391 32.0383338928 22.5000019073
      vertex 34.0320129395 31.9592456818 22.5000019073
      vertex 34.0323181152 31.9780673981 18
    endloop
  endfacet
  facet normal 0.970024883747 -0.000134017725941 -0.243005529046
    outer loop
      vertex 34.0323181152 31.9780673981 18
      vertex 33.9958724976 32.123550415 18
      vertex 34.0178413391 32.0383338928 22.5000019073
    endloop
  endfacet
  facet normal 0.970021307468 -0.000133729568915 -0.24301981926
    outer loop
      vertex 34.004825592 32.0902900696 22.5000019073
      vertex 34.0178413391 32.0383338928 22.5000019073
      vertex 33.9958724976 32.123550415 18
    endloop
  endfacet
  facet normal 0 -1 0
    outer loop
      vertex 33.9958267212 32.1235389709 18
      vertex 33.9958724976 32.123550415 18
      vertex 34.0323181152 31.9780673981 18
    endloop
  endfacet
  facet normal 0 -1 -0
    outer loop
      vertex 34.0719718933 31.7566204071 18
      vertex 34.0323181152 31.9780673981 18
      vertex 34.0719947815 31.7566223145 18
    endloop
  endfacet
  facet normal 0.997676253319 -0.00079652556451 -0.0681283101439
    outer loop
      vertex 34.0975265503 31.3827514648 18
      vertex 34.0719947815 31.7566223145 18
      vertex 34.0867118835 31.5937347412 22.5000019073
    endloop
  endfacet
  facet normal 0.997676253319 -0.000796509208158 -0.0681279599667
    outer loop
      vertex 34.0975265503 31.3827514648 18
      vertex 34.0867118835 31.5937347412 22.5000019073
      vertex 34.09582901 31.4602088928 22.5000019073
    endloop
  endfacet
  facet normal 0.999760210514 0 -0.0218986552209
    outer loop
      vertex 34.0975265503 31.3827514648 22
      vertex 34.0975265503 31.3827514648 18
      vertex 34.09582901 31.4602088928 22.5000019073
    endloop
  endfacet
  facet normal 0.999760627747 2.88013211502e-06 -0.0218800716102
    outer loop
      vertex 34.0975265503 31.3827514648 22
      vertex 34.09582901 31.4602088928 22.5000019073
      vertex 34.0970840454 31.4028339386 22.5000019073
    endloop
  endfacet
  facet normal 0.963673651218 0.00241844309494 0.267071634531
    outer loop
      vertex 34.0454292297 30.84998703 22
      vertex 34.0478439331 30.8632221222 22.5000019073
      vertex 34.0222511292 30.7708835602 22.5000019073
    endloop
  endfacet
  facet normal 0.995258390903 0 0.0972660854459
    outer loop
      vertex 34.0454597473 30.849981308 22
      vertex 34.0975265503 31.3827514648 18
      vertex 34.0975265503 31.3827514648 22
    endloop
  endfacet
  facet normal 0 -1 0
    outer loop
      vertex 34.0719718933 31.7566204071 18
      vertex 34.0719947815 31.7566223145 18
      vertex 34.0975265503 31.3827514648 18
    endloop
  endfacet
  facet normal 0 -1 0
    outer loop
      vertex 33.9958267212 32.1235389709 18
      vertex 34.0323181152 31.9780673981 18
      vertex 34.0719718933 31.7566204071 18
    endloop
  endfacet
  facet normal 0 -1 -0
    outer loop
      vertex 33.9958267212 32.1235389709 18
      vertex 33.8705673218 32.476726532 18
      vertex 33.9958724976 32.123550415 18
    endloop
  endfacet
  facet normal 0.942441344261 0.000596196216065 -0.334370940924
    outer loop
      vertex 33.9958724976 32.123550415 18
      vertex 33.8705673218 32.476726532 18
      vertex 33.9600715637 32.2164268494 22.5000019073
    endloop
  endfacet
  facet normal 0.942442476749 0.000596271827817 -0.334367722273
    outer loop
      vertex 33.9958724976 32.123550415 18
      vertex 33.9600715637 32.2164268494 22.5000019073
      vertex 34.004825592 32.0902900696 22.5000019073
    endloop
  endfacet
  facet normal 0.957537531853 -0.00122538267169 0.288306087255
    outer loop
      vertex 33.8910980225 30.3374080658 22
      vertex 34.0454292297 30.84998703 22
      vertex 34.0222511292 30.7708835602 22.5000019073
    endloop
  endfacet
  facet normal 0.957537233829 -0.00122444750741 0.288307070732
    outer loop
      vertex 33.8910980225 30.3374080658 22
      vertex 34.0222511292 30.7708835602 22.5000019073
      vertex 33.8936424255 30.3437366486 22.5000019073
    endloop
  endfacet
  facet normal 0 1 0
    outer loop
      vertex 33.8290061951 30.1973552704 22
      vertex 33.8910980225 30.3374080658 22
      vertex 33.6403923035 29.864440918 22
    endloop
  endfacet
  facet normal 0 1 0
    outer loop
      vertex 33.50573349 29.6782817841 22
      vertex 33.6403923035 29.864440918 22
      vertex 33.3028030396 29.4490013123 22
    endloop
  endfacet
  facet normal 0 1 0
    outer loop
      vertex 33.50573349 29.6782817841 22
      vertex 33.3028030396 29.4490013123 22
      vertex 33.3028869629 29.4489173889 22
    endloop
  endfacet
  facet normal 0 1 0
    outer loop
      vertex 33.0757446289 29.2434825897 22
      vertex 32.8911247253 29.106836319 22
      vertex 32.891204834 29.1067199707 22
    endloop
  endfacet
  facet normal 0 0 1
    outer loop
      vertex 31.3779678345 28.6327533722 5
      vertex 31.3475284576 28.6327533722 22
      vertex 31.3475284576 28.6327533722 2.5
    endloop
  endfacet
  facet normal 0 -1 0
    outer loop
      vertex 33.482509613 33.1158943176 18
      vertex 33.5290565491 33.0571022034 18
      vertex 33.6983337402 32.8095474243 18
    endloop
  endfacet
  facet normal 0 -1 -0
    outer loop
      vertex 33.482509613 33.1158943176 18
      vertex 33.2271270752 33.3901443481 18
      vertex 33.4825935364 33.1159591675 18
    endloop
  endfacet
  facet normal 0 -1 0
    outer loop
      vertex 32.9366722107 33.6269378662 18
      vertex 33.1148681641 33.4896507263 18
      vertex 33.2270431519 33.3900527954 18
    endloop
  endfacet
  facet normal 0.731642067432 0.000279246683931 -0.681688904762
    outer loop
      vertex 33.4825935364 33.1159591675 18
      vertex 33.2271270752 33.3901443481 18
      vertex 33.4021377563 33.200466156 22.5000019073
    endloop
  endfacet
  facet normal 0.731642007828 0.000279245025013 -0.681688964367
    outer loop
      vertex 33.4825935364 33.1159591675 18
      vertex 33.4021377563 33.200466156 22.5000019073
      vertex 33.4933776855 33.1025428772 22.5000019073
    endloop
  endfacet
  facet normal 0.622656881809 0.00236394652165 0.782491385937
    outer loop
      vertex 32.8911247253 29.106836319 22
      vertex 32.9551696777 29.1593112946 22.5000019073
      vertex 32.8801956177 29.0996494293 22.5000019073
    endloop
  endfacet
  facet normal 0.446380704641 0.00327495392412 0.894837141037
    outer loop
      vertex 32.4209594727 28.8509101868 22
      vertex 32.4883918762 28.8863773346 22.5000019073
      vertex 32.4026489258 28.8436050415 22.5000019073
    endloop
  endfacet
  facet normal 0.250563502312 0.00399809423834 0.968091905117
    outer loop
      vertex 31.9101219177 28.6909160614 22
      vertex 31.9769535065 28.7102775574 22.5000019073
      vertex 31.8841915131 28.6862697601 22.5000019073
    endloop
  endfacet
  facet normal 0.0438155420125 0.00453092111275 0.99902933836
    outer loop
      vertex 31.3779640198 28.6329231262 22
      vertex 31.4407272339 28.6379432678 22.5000019073
      vertex 31.3450012207 28.6337451935 22.5000019073
    endloop
  endfacet
  facet normal -0.164857774973 0.000764901866205 0.986317038536
    outer loop
      vertex 30.7094020844 28.7078151703 13.75
      vertex 31.0755596161 28.6533985138 22.5000019073
      vertex 30.6345310211 28.7271156311 22.5000019073
    endloop
  endfacet
  facet normal -0.366316109896 0.000519714143593 0.93049031496
    outer loop
      vertex 30.1341915131 28.9148979187 13.75
      vertex 30.5067062378 28.7731342316 22.5000019073
      vertex 30.090637207 28.9369316101 22.5000019073
    endloop
  endfacet
  facet normal -0.45140299201 5.03133463781e-08 0.892320215702
    outer loop
      vertex 30.0781917572 28.9432277679 22
      vertex 30.1341915131 28.9148979187 13.75
      vertex 30.090637207 28.9369316101 22.5000019073
    endloop
  endfacet
  facet normal -0.451401382685 0 0.892320990562
    outer loop
      vertex 30.0781917572 28.9432277679 22
      vertex 30.090637207 28.9369316101 22.5000019073
      vertex 30.0781917572 28.9432277679 22.5000019073
    endloop
  endfacet
  facet normal 0 -1 0
    outer loop
      vertex 29.5198669434 29.2337360382 22
      vertex 29.9327812195 29.0245800018 22
      vertex 30.0781917572 28.9432277679 22
    endloop
  endfacet
  facet normal 0 -1 0
    outer loop
      vertex 29.5198669434 29.2337360382 22
      vertex 29.6580524445 29.2129230499 22
      vertex 29.7925624847 29.1145896912 22
    endloop
  endfacet
  facet normal -0 -1 0
    outer loop
      vertex 29.7925624847 29.1145896912 22
      vertex 29.9327812195 29.0245800018 22
      vertex 29.5198669434 29.2337360382 22
    endloop
  endfacet
  facet normal -0.488249003887 -0.000317413243465 0.872704327106
    outer loop
      vertex 29.9327812195 29.0245800018 22
      vertex 30.1341915131 28.9148979187 13.75
      vertex 30.0781917572 28.9432277679 22
    endloop
  endfacet
  facet normal -0.471394360065 -0.0010363671463 0.881921947002
    outer loop
      vertex 30.2951488495 28.842086792 2.5
      vertex 30.1341915131 28.9148979187 13.75
      vertex 29.8197097778 29.0962123871 2.5
    endloop
  endfacet
  facet normal 0 -1 0
    outer loop
      vertex 32.9367523193 33.6270523071 18
      vertex 33.1148681641 33.4896507263 18
      vertex 32.9366722107 33.6269378662 18
    endloop
  endfacet
  facet normal 0.551774978638 0.00195523747243 -0.833990752697
    outer loop
      vertex 32.9367523193 33.6270523071 18
      vertex 32.7311096191 33.7525596619 22.5000019073
      vertex 33.0393409729 33.5486297607 22.5000019073
    endloop
  endfacet
  facet normal 0 -1 0
    outer loop
      vertex 25.135137558 37.715171814 22
      vertex 26.9904613495 29.3454685211 22
      vertex 26.4709568024 29.0685310364 22
    endloop
  endfacet
  facet normal -0.970137476921 0 -0.24255566299
    outer loop
      vertex 28.6286029816 35.8974533081 18.8999996185
      vertex 26.9904613495 29.3454685211 18.8999996185
      vertex 28.6286029816 35.8974533081 22
    endloop
  endfacet
  facet normal 0 -1 0
    outer loop
      vertex 26.9904613495 29.3454685211 22
      vertex 27.4881420135 29.5037384033 22
      vertex 27.4885559082 29.5019283295 22
    endloop
  endfacet
  facet normal 0.235678792 -0.00503685697913 0.971817970276
    outer loop
      vertex 27.4885559082 29.5019283295 22
      vertex 27.5288257599 29.509103775 22.5000019073
      vertex 27.4293613434 29.4849815369 22.5000019073
    endloop
  endfacet
  facet normal -0.36835578084 -0.00267917499878 0.929681062698
    outer loop
      vertex 29.0375099182 29.433506012 22
      vertex 29.1179027557 29.4002113342 22.5000019073
      vertex 29.0227508545 29.4379138947 22.5000019073
    endloop
  endfacet
  facet normal 0 -1 -0
    outer loop
      vertex 29.0375099182 29.433506012 22
      vertex 28.6137657166 29.5524215698 22
      vertex 29.1509246826 29.4288578033 22
    endloop
  endfacet
  facet normal 0 -1 0
    outer loop
      vertex 28.0062351227 29.5696640015 22
      vertex 28.0632572174 29.5797748566 22
      vertex 28.5278167725 29.5466251373 22
    endloop
  endfacet
  facet normal -0 -1 0
    outer loop
      vertex 32.6168632507 33.8222808838 18
      vertex 32.6167945862 33.8221473694 18
      vertex 32.2945976257 33.9643592834 18
    endloop
  endfacet
  facet normal 0.461576372385 -1.09895583207e-16 -0.887100458145
    outer loop
      vertex 32.6168632507 33.8222808838 18
      vertex 28.6286029816 35.8974533081 18.8999996185
      vertex 28.6286029816 35.8974533081 22
    endloop
  endfacet
  facet normal 0 -1 0
    outer loop
      vertex 40.126411438 -19.838060379 18
      vertex 39.9427070618 -20.1793746948 18
      vertex 40.0840530396 -19.9153308868 18
    endloop
  endfacet
  facet normal 0 -1 0
    outer loop
      vertex 40.1406822205 -19.8058300018 18
      vertex 40.126411438 -19.838060379 18
      vertex 40.0840530396 -19.9153308868 18
    endloop
  endfacet
  facet normal 0 1 0
    outer loop
      vertex 40.1264038086 -19.8380584717 18
      vertex 40.1406822205 -19.8058300018 18
      vertex 40.0840530396 -19.9153308868 18
    endloop
  endfacet
  facet normal 0.938451707363 0.000356664299034 0.345410227776
    outer loop
      vertex 40.1264038086 -19.8380584717 18
      vertex 40.1596908569 -19.7610435486 5
      vertex 40.2602882385 -19.4743041992 18
    endloop
  endfacet
  facet normal 0.956941008568 -0.0010023987852 0.290280640125
    outer loop
      vertex 40.2602882385 -19.4743041992 18
      vertex 40.1596908569 -19.7610435486 5
      vertex 40.3161773682 -19.245174408 5
    endloop
  endfacet
  facet normal 0 1 0
    outer loop
      vertex 33.9600715637 32.2164268494 22.5000019073
      vertex 34.0320129395 31.9592456818 22.5000019073
      vertex 34.0178413391 32.0383338928 22.5000019073
    endloop
  endfacet
  facet normal 0 1 0
    outer loop
      vertex 33.9600715637 32.2164268494 22.5000019073
      vertex 34.0178413391 32.0383338928 22.5000019073
      vertex 34.004825592 32.0902900696 22.5000019073
    endloop
  endfacet
  facet normal 0 1 0
    outer loop
      vertex 32.6168632507 33.8222808838 22.5000019073
      vertex 29.1179027557 29.4002113342 22.5000019073
      vertex 29.5198669434 29.2337360382 22.5000019073
    endloop
  endfacet
  facet normal 0 1 0
    outer loop
      vertex 33.9600715637 32.2164268494 22.5000019073
      vertex 34.091255188 31.3071937561 22.5000019073
      vertex 34.0320129395 31.9592456818 22.5000019073
    endloop
  endfacet
  facet normal 0 1 -0
    outer loop
      vertex 21.784992218 35.0692634583 22.5000019073
      vertex 21.4614715576 35.0266685486 22.5000019073
      vertex 24.2947006226 31.6082324982 22.5000019073
    endloop
  endfacet
  facet normal 0 1 0
    outer loop
      vertex 32.6168632507 33.8222808838 22.5000019073
      vertex 29.5198669434 29.2337360382 22.5000019073
      vertex 29.9851379395 28.991645813 22.5000019073
    endloop
  endfacet
  facet normal 0 1 0
    outer loop
      vertex 25.0416431427 38.5108985901 22.5000019073
      vertex 22.5618629456 37.5355529785 22.5000019073
      vertex 22.7605113983 37.2766685486 22.5000019073
    endloop
  endfacet
  facet normal 0 1 0
    outer loop
      vertex 25.135137558 37.715171814 22.5000019073
      vertex 22.7605113983 37.2766685486 22.5000019073
      vertex 22.785484314 37.2163734436 22.5000019073
    endloop
  endfacet
  facet normal 0 1 0
    outer loop
      vertex 22.635137558 40.3665237427 22.5000019073
      vertex 20.7717685699 37.8506813049 22.5000019073
      vertex 21.0732421875 37.9755592346 22.5000019073
    endloop
  endfacet
  facet normal 0 1 0
    outer loop
      vertex 22.635137558 40.3665237427 22.5000019073
      vertex 20.7114715576 37.8257064819 22.5000019073
      vertex 20.7717685699 37.8506813049 22.5000019073
    endloop
  endfacet
  facet normal 0 1 0
    outer loop
      vertex 22.635137558 40.3665237427 22.5000019073
      vertex 21.1379489899 37.9840774536 22.5000019073
      vertex 21.4614715576 38.0266685486 22.5000019073
    endloop
  endfacet
  facet normal 0 1 0
    outer loop
      vertex 22.635137558 40.3665237427 22.5000019073
      vertex 21.4614715576 38.0266685486 22.5000019073
      vertex 21.5261764526 38.0181503296 22.5000019073
    endloop
  endfacet
  facet normal 0 1 -0
    outer loop
      vertex 23.6317806244 40.1497650146 22.5000019073
      vertex 22.2632484436 37.7859764099 22.5000019073
      vertex 24.1148605347 39.8707466125 22.5000019073
    endloop
  endfacet
  facet normal 0 1 0
    outer loop
      vertex 23.6317806244 40.1497650146 22.5000019073
      vertex 22.2114715576 37.8257064819 22.5000019073
      vertex 22.2632484436 37.7859764099 22.5000019073
    endloop
  endfacet
  facet normal 1.10161818156e-06 1 8.45299950925e-07
    outer loop
      vertex 20.2021636963 37.3284454346 22.5000019073
      vertex 20.4008102417 37.5873298645 22.5000019073
      vertex 19.3936195374 36.9834518433 22.5000038147
    endloop
  endfacet
  facet normal 1.10161477096e-06 1 8.45291879159e-07
    outer loop
      vertex 20.1624336243 37.2766685486 22.5000019073
      vertex 20.2021636963 37.3284454346 22.5000019073
      vertex 19.3936195374 36.9834518433 22.5000038147
    endloop
  endfacet
  facet normal 0 1 -0
    outer loop
      vertex 21.8496990204 35.0777816772 22.5000019073
      vertex 21.784992218 35.0692634583 22.5000019073
      vertex 24.2947006226 31.6082324982 22.5000019073
    endloop
  endfacet
  facet normal 0 1 -0
    outer loop
      vertex 21.0129470825 35.1027565002 22.5000019073
      vertex 20.9186134338 32.2255172729 22.5000019073
      vertex 21.0732421875 35.0777816772 22.5000019073
    endloop
  endfacet
  facet normal 0 1 -0
    outer loop
      vertex 22.2114715576 35.2276306152 22.5000019073
      vertex 22.1511745453 35.2026557922 22.5000019073
      vertex 24.2947006226 31.6082324982 22.5000019073
    endloop
  endfacet
  facet normal 0 1 -0
    outer loop
      vertex 21.4614715576 35.0266685486 22.5000019073
      vertex 21.3967666626 35.0351867676 22.5000019073
      vertex 24.2947006226 31.6082324982 22.5000019073
    endloop
  endfacet
  facet normal 0 1 0
    outer loop
      vertex 34.091255188 31.3071937561 22.5000019073
      vertex 34.0222511292 30.7708835602 22.5000019073
      vertex 34.0478439331 30.8632221222 22.5000019073
    endloop
  endfacet
  facet normal 0 1 0
    outer loop
      vertex 24.2947006226 31.6082324982 22.5000019073
      vertex 21.3967666626 35.0351867676 22.5000019073
      vertex 20.9186134338 32.2255172729 22.5000019073
    endloop
  endfacet
  facet normal 0 1 0
    outer loop
      vertex 22.635137558 40.3665237427 22.5000019073
      vertex 21.9099941254 37.9505844116 22.5000019073
      vertex 22.2114715576 37.8257064819 22.5000019073
    endloop
  endfacet
  facet normal 0 1 0
    outer loop
      vertex 24.1148605347 39.8707466125 22.5000019073
      vertex 22.2632484436 37.7859764099 22.5000019073
      vertex 22.5221309662 37.5873298645 22.5000019073
    endloop
  endfacet
  facet normal 0 1 0
    outer loop
      vertex 22.635137558 40.3665237427 22.5000019073
      vertex 21.0732421875 37.9755592346 22.5000019073
      vertex 21.1379489899 37.9840774536 22.5000019073
    endloop
  endfacet
  facet normal 0 1 0
    outer loop
      vertex 24.8379192352 39.0302352905 22.5000019073
      vertex 22.5221309662 37.5873298645 22.5000019073
      vertex 22.5618629456 37.5355529785 22.5000019073
    endloop
  endfacet
  facet normal 0 1 0
    outer loop
      vertex 33.0393409729 33.5486297607 22.5000019073
      vertex 33.4021377563 33.200466156 22.5000019073
      vertex 33.1430473328 33.4640197754 22.5000019073
    endloop
  endfacet
  facet normal 0 1 -0
    outer loop
      vertex 32.7311096191 33.7525596619 22.5000019073
      vertex 30.5067062378 28.7731342316 22.5000019073
      vertex 33.4021377563 33.200466156 22.5000019073
    endloop
  endfacet
  facet normal 0 1 0
    outer loop
      vertex 33.9600715637 32.2164268494 22.5000019073
      vertex 34.0222511292 30.7708835602 22.5000019073
      vertex 34.091255188 31.3071937561 22.5000019073
    endloop
  endfacet
  facet normal 0 1 0
    outer loop
      vertex 34.0222511292 30.7708835602 22.5000019073
      vertex 33.8494148254 30.2587356567 22.5000019073
      vertex 33.8936424255 30.3437366486 22.5000019073
    endloop
  endfacet
  facet normal 0 1 0
    outer loop
      vertex 31.9769535065 28.7102775574 22.5000019073
      vertex 31.0755596161 28.6533985138 22.5000019073
      vertex 31.4407272339 28.6379432678 22.5000019073
    endloop
  endfacet
  facet normal 0 1 0
    outer loop
      vertex 30.5067062378 28.7731342316 22.5000019073
      vertex 30.0781917572 28.9432277679 22.5000019073
      vertex 30.090637207 28.9369316101 22.5000019073
    endloop
  endfacet
  facet normal 0 1 0
    outer loop
      vertex 31.0755596161 28.6533985138 22.5000019073
      vertex 30.5067062378 28.7731342316 22.5000019073
      vertex 30.6345310211 28.7271156311 22.5000019073
    endloop
  endfacet
  facet normal 0 1 -0
    outer loop
      vertex 21.0732421875 35.0777816772 22.5000019073
      vertex 20.9186134338 32.2255172729 22.5000019073
      vertex 21.3967666626 35.0351867676 22.5000019073
    endloop
  endfacet
  facet normal 0 1 0
    outer loop
      vertex 31.3450012207 28.6337451935 22.5000019073
      vertex 31.0755596161 28.6533985138 22.5000019073
      vertex 31.3196353912 28.6336040497 22.5000019073
    endloop
  endfacet
  facet normal -8.62193445528e-08 1 9.79554357627e-08
    outer loop
      vertex 16.705406189 22.0466060638 22.5000019073
      vertex 19.5160427094 19.5727157593 22.5000019073
      vertex 20.6123046875 24.7236537933 22.5000038147
    endloop
  endfacet
  facet normal 0 1 0
    outer loop
      vertex 33.7690925598 32.6814575195 22.5000019073
      vertex 33.8305778503 32.5625801086 22.5000019073
      vertex 33.8195838928 32.5870170593 22.5000019073
    endloop
  endfacet
  facet normal 0 1 0
    outer loop
      vertex 31.3196353912 28.6336040497 22.5000019073
      vertex 31.0755596161 28.6533985138 22.5000019073
      vertex 31.2103919983 28.6367588043 22.5000019073
    endloop
  endfacet
  facet normal 0 1 0
    outer loop
      vertex 31.9769535065 28.7102775574 22.5000019073
      vertex 31.4407272339 28.6379432678 22.5000019073
      vertex 31.8841915131 28.6862697601 22.5000019073
    endloop
  endfacet
  facet normal 0 1 0
    outer loop
      vertex 25.135137558 10.6504526138 22.5000019073
      vertex 24.635137558 10.1504526138 22.5000019073
      vertex 24.6567058563 10.1532917023 22.5000019073
    endloop
  endfacet
  facet normal 0 1 0
    outer loop
      vertex 32.4883918762 28.8863773346 22.5000019073
      vertex 31.0755596161 28.6533985138 22.5000019073
      vertex 31.9769535065 28.7102775574 22.5000019073
    endloop
  endfacet
  facet normal 0 1 0
    outer loop
      vertex 31.4407272339 28.6379432678 22.5000019073
      vertex 31.0755596161 28.6533985138 22.5000019073
      vertex 31.3450012207 28.6337451935 22.5000019073
    endloop
  endfacet
  facet normal 0 1 0
    outer loop
      vertex 32.9551696777 29.1593112946 22.5000019073
      vertex 31.0755596161 28.6533985138 22.5000019073
      vertex 32.4883918762 28.8863773346 22.5000019073
    endloop
  endfacet
  facet normal 0 1 0
    outer loop
      vertex 34.0867118835 31.5937347412 22.5000019073
      vertex 34.091255188 31.3071937561 22.5000019073
      vertex 34.09582901 31.4602088928 22.5000019073
    endloop
  endfacet
  facet normal 0 1 0
    outer loop
      vertex 33.359172821 29.5183963776 22.5000019073
      vertex 31.0755596161 28.6533985138 22.5000019073
      vertex 32.9551696777 29.1593112946 22.5000019073
    endloop
  endfacet
  facet normal 0 1 0
    outer loop
      vertex 25.135137558 37.715171814 22.5000019073
      vertex 22.9529514313 36.4619636536 22.5000019073
      vertex 22.9103603363 36.1384429932 22.5000019073
    endloop
  endfacet
  facet normal 0 1 0
    outer loop
      vertex 33.359172821 29.5183963776 22.5000019073
      vertex 30.5067062378 28.7731342316 22.5000019073
      vertex 31.0755596161 28.6533985138 22.5000019073
    endloop
  endfacet
  facet normal 0 1 0
    outer loop
      vertex 24.9023971558 10.2306833267 22.5000019073
      vertex 24.6567058563 10.1532917023 22.5000019073
      vertex 24.7846469879 10.1758146286 22.5000019073
    endloop
  endfacet
  facet normal 0 1 0
    outer loop
      vertex 33.9600715637 32.2164268494 22.5000019073
      vertex 30.5067062378 28.7731342316 22.5000019073
      vertex 33.359172821 29.5183963776 22.5000019073
    endloop
  endfacet
  facet normal 0 1 0
    outer loop
      vertex 32.4883918762 28.8863773346 22.5000019073
      vertex 31.9769535065 28.7102775574 22.5000019073
      vertex 32.4026489258 28.8436050415 22.5000019073
    endloop
  endfacet
  facet normal 0 1 0
    outer loop
      vertex 32.7311096191 33.7525596619 22.5000019073
      vertex 30.0781917572 28.9432277679 22.5000019073
      vertex 30.5067062378 28.7731342316 22.5000019073
    endloop
  endfacet
  facet normal 0 1 0
    outer loop
      vertex 32.9551696777 29.1593112946 22.5000019073
      vertex 32.4883918762 28.8863773346 22.5000019073
      vertex 32.8801956177 29.0996494293 22.5000019073
    endloop
  endfacet
  facet normal 0 1 0
    outer loop
      vertex 20.7114715576 35.2276306152 22.5000019073
      vertex 20.9186134338 32.2255172729 22.5000019073
      vertex 21.0129470825 35.1027565002 22.5000019073
    endloop
  endfacet
  facet normal 0 1 0
    outer loop
      vertex 33.4021377563 33.200466156 22.5000019073
      vertex 33.9600715637 32.2164268494 22.5000019073
      vertex 33.5704536438 32.9931259155 22.5000019073
    endloop
  endfacet
  facet normal 0 1 0
    outer loop
      vertex 24.2947006226 31.6082324982 22.5000019073
      vertex 20.9186134338 32.2255172729 22.5000019073
      vertex 23.701341629 27.6057910919 22.5000019073
    endloop
  endfacet
  facet normal 0 1 0
    outer loop
      vertex 33.359172821 29.5183963776 22.5000019073
      vertex 32.9551696777 29.1593112946 22.5000019073
      vertex 33.2982406616 29.4444484711 22.5000019073
    endloop
  endfacet
  facet normal 0 1 0
    outer loop
      vertex 32.6168632507 33.8222808838 22.5000019073
      vertex 29.0227508545 29.4379138947 22.5000019073
      vertex 29.1179027557 29.4002113342 22.5000019073
    endloop
  endfacet
  facet normal 0 1 0
    outer loop
      vertex 33.8494148254 30.2587356567 22.5000019073
      vertex 33.359172821 29.5183963776 22.5000019073
      vertex 33.6404953003 29.8645954132 22.5000019073
    endloop
  endfacet
  facet normal 0 1 -0
    outer loop
      vertex 34.09582901 31.4602088928 22.5000019073
      vertex 34.091255188 31.3071937561 22.5000019073
      vertex 34.0970840454 31.4028339386 22.5000019073
    endloop
  endfacet
  facet normal 0 1 0
    outer loop
      vertex 34.0320129395 31.9592456818 22.5000019073
      vertex 34.091255188 31.3071937561 22.5000019073
      vertex 34.0867118835 31.5937347412 22.5000019073
    endloop
  endfacet
  facet normal 0 1 0
    outer loop
      vertex 25.135137558 37.715171814 22.5000019073
      vertex 22.9103603363 36.9148979187 22.5000019073
      vertex 22.9188785553 36.8501930237 22.5000019073
    endloop
  endfacet
  facet normal 0 1 0
    outer loop
      vertex 28.0463542938 36.2004089355 22.5000019073
      vertex 22.7605113983 35.7766685486 22.5000019073
      vertex 22.7207794189 35.7248916626 22.5000019073
    endloop
  endfacet
  facet normal 0 1 0
    outer loop
      vertex 25.135137558 37.715171814 22.5000019073
      vertex 22.9103603363 36.1384429932 22.5000019073
      vertex 22.8853855133 36.0781478882 22.5000019073
    endloop
  endfacet
  facet normal 0 1 -0
    outer loop
      vertex 25.135137558 37.715171814 22.5000019073
      vertex 22.8853855133 36.0781478882 22.5000019073
      vertex 28.0463542938 36.2004089355 22.5000019073
    endloop
  endfacet
  facet normal 0 1 0
    outer loop
      vertex 33.9600715637 32.2164268494 22.5000019073
      vertex 33.359172821 29.5183963776 22.5000019073
      vertex 33.8494148254 30.2587356567 22.5000019073
    endloop
  endfacet
  facet normal 0 1 0
    outer loop
      vertex 25.135137558 37.715171814 22.5000019073
      vertex 22.9188785553 36.8501930237 22.5000019073
      vertex 22.9614715576 36.5266685486 22.5000019073
    endloop
  endfacet
  facet normal 0 1 -0
    outer loop
      vertex 33.9600715637 32.2164268494 22.5000019073
      vertex 33.8494148254 30.2587356567 22.5000019073
      vertex 34.0222511292 30.7708835602 22.5000019073
    endloop
  endfacet
  facet normal 0 1 0
    outer loop
      vertex 33.7690925598 32.6814575195 22.5000019073
      vertex 33.9600715637 32.2164268494 22.5000019073
      vertex 33.8305778503 32.5625801086 22.5000019073
    endloop
  endfacet
  facet normal 0 1 0
    outer loop
      vertex 28.0463542938 36.2004089355 22.5000019073
      vertex 22.7207794189 35.7248916626 22.5000019073
      vertex 22.5221309662 35.4660110474 22.5000019073
    endloop
  endfacet
  facet normal 0 1 -0
    outer loop
      vertex 33.4021377563 33.200466156 22.5000019073
      vertex 30.5067062378 28.7731342316 22.5000019073
      vertex 33.9600715637 32.2164268494 22.5000019073
    endloop
  endfacet
  facet normal 0 1 0
    outer loop
      vertex 32.7311096191 33.7525596619 22.5000019073
      vertex 29.9851379395 28.991645813 22.5000019073
      vertex 30.0781917572 28.9432277679 22.5000019073
    endloop
  endfacet
  facet normal 0 1 0
    outer loop
      vertex 33.5704536438 32.9931259155 22.5000019073
      vertex 33.9600715637 32.2164268494 22.5000019073
      vertex 33.7690925598 32.6814575195 22.5000019073
    endloop
  endfacet
  facet normal 0 1 0
    outer loop
      vertex 28.0463542938 36.2004089355 22.5000019073
      vertex 22.8853855133 36.0781478882 22.5000019073
      vertex 22.7605113983 35.7766685486 22.5000019073
    endloop
  endfacet
  facet normal 0 1 0
    outer loop
      vertex 33.4933776855 33.1025428772 22.5000019073
      vertex 33.5704536438 32.9931259155 22.5000019073
      vertex 33.5099716187 33.0815238953 22.5000019073
    endloop
  endfacet
  facet normal 0 1 0
    outer loop
      vertex 33.4021377563 33.200466156 22.5000019073
      vertex 33.5704536438 32.9931259155 22.5000019073
      vertex 33.4933776855 33.1025428772 22.5000019073
    endloop
  endfacet
  facet normal 0 1 0
    outer loop
      vertex 22.635137558 40.3665237427 22.5000019073
      vertex 21.5261764526 38.0181503296 22.5000019073
      vertex 21.8496990204 37.9755592346 22.5000019073
    endloop
  endfacet
  facet normal 0 1 0
    outer loop
      vertex 25.135137558 37.715171814 22.5000019073
      vertex 22.9614715576 36.5266685486 22.5000019073
      vertex 22.9529514313 36.4619636536 22.5000019073
    endloop
  endfacet
  facet normal 0 1 0
    outer loop
      vertex 33.0393409729 33.5486297607 22.5000019073
      vertex 33.1430473328 33.4640197754 22.5000019073
      vertex 33.1029510498 33.4995574951 22.5000019073
    endloop
  endfacet
  facet normal 0 1 0
    outer loop
      vertex 32.7311096191 33.7525596619 22.5000019073
      vertex 33.4021377563 33.200466156 22.5000019073
      vertex 33.0393409729 33.5486297607 22.5000019073
    endloop
  endfacet
  facet normal 0 1 -0
    outer loop
      vertex 24.5237407684 39.4912261963 22.5000019073
      vertex 22.5221309662 37.5873298645 22.5000019073
      vertex 24.8379192352 39.0302352905 22.5000019073
    endloop
  endfacet
  facet normal 0 1 -0
    outer loop
      vertex 32.6168632507 33.8222808838 22.5000019073
      vertex 29.9851379395 28.991645813 22.5000019073
      vertex 32.7311096191 33.7525596619 22.5000019073
    endloop
  endfacet
  facet normal 6.40518607042e-08 1 -1.23100818428e-07
    outer loop
      vertex 32.6168632507 33.8222808838 22.5000019073
      vertex 29.2933158875 35.5515899658 22.5000019073
      vertex 28.0134830475 31.3509216309 22.5000038147
    endloop
  endfacet
  facet normal 0 1 0
    outer loop
      vertex 22.635137558 40.3665237427 22.5000019073
      vertex 21.8496990204 37.9755592346 22.5000019073
      vertex 21.9099941254 37.9505844116 22.5000019073
    endloop
  endfacet
  facet normal 0 1 -0
    outer loop
      vertex 24.1148605347 39.8707466125 22.5000019073
      vertex 22.5221309662 37.5873298645 22.5000019073
      vertex 24.5237407684 39.4912261963 22.5000019073
    endloop
  endfacet
  facet normal 0 1 -0
    outer loop
      vertex 25.135137558 37.8412971497 22.5000019073
      vertex 22.7605113983 37.2766685486 22.5000019073
      vertex 25.135137558 37.715171814 22.5000019073
    endloop
  endfacet
  facet normal 0 1 0
    outer loop
      vertex 25.135137558 37.715171814 22.5000019073
      vertex 22.785484314 37.2163734436 22.5000019073
      vertex 22.9103603363 36.9148979187 22.5000019073
    endloop
  endfacet
  facet normal 0 1 0
    outer loop
      vertex 15.8832502365 10.1504526138 22.5000019073
      vertex 17.0565471649 11.8859634399 22.5000019073
      vertex 13.3832521439 10.1504526138 22.5000019073
    endloop
  endfacet
  facet normal 0 1 -0
    outer loop
      vertex 25.1246929169 37.9592437744 22.5000019073
      vertex 22.7605113983 37.2766685486 22.5000019073
      vertex 25.135137558 37.8412971497 22.5000019073
    endloop
  endfacet
  facet normal 0 1 0
    outer loop
      vertex 25.1246929169 37.9592437744 22.5000019073
      vertex 25.135137558 37.8412971497 22.5000019073
      vertex 25.135137558 37.8665237427 22.5000019073
    endloop
  endfacet
  facet normal 0 1 -0
    outer loop
      vertex 25.0416431427 38.5108985901 22.5000019073
      vertex 22.7605113983 37.2766685486 22.5000019073
      vertex 25.1246929169 37.9592437744 22.5000019073
    endloop
  endfacet
  facet normal 0 1 0
    outer loop
      vertex 25.0416431427 38.5108985901 22.5000019073
      vertex 25.1246929169 37.9592437744 22.5000019073
      vertex 25.0724601746 38.4228286743 22.5000019073
    endloop
  endfacet
  facet normal 0 1 -0
    outer loop
      vertex 24.8379192352 39.0302352905 22.5000019073
      vertex 22.5618629456 37.5355529785 22.5000019073
      vertex 25.0416431427 38.5108985901 22.5000019073
    endloop
  endfacet
  facet normal 0 1 0
    outer loop
      vertex 24.8379192352 39.0302352905 22.5000019073
      vertex 25.0416431427 38.5108985901 22.5000019073
      vertex 24.8875579834 38.9512329102 22.5000019073
    endloop
  endfacet
  facet normal 0 1 0
    outer loop
      vertex 24.5237407684 39.4912261963 22.5000019073
      vertex 24.8379192352 39.0302352905 22.5000019073
      vertex 24.589717865 39.4252510071 22.5000019073
    endloop
  endfacet
  facet normal 0 1 0
    outer loop
      vertex 24.1148605347 39.8707466125 22.5000019073
      vertex 24.5237407684 39.4912261963 22.5000019073
      vertex 24.193862915 39.821105957 22.5000019073
    endloop
  endfacet
  facet normal 0 1 -0
    outer loop
      vertex 23.0987224579 40.314289093 22.5000019073
      vertex 22.2114715576 37.8257064819 22.5000019073
      vertex 23.6317806244 40.1497650146 22.5000019073
    endloop
  endfacet
  facet normal 0 1 0
    outer loop
      vertex 23.6317806244 40.1497650146 22.5000019073
      vertex 24.1148605347 39.8707466125 22.5000019073
      vertex 23.7198486328 40.1189460754 22.5000019073
    endloop
  endfacet
  facet normal 2.25402612131e-08 1 -8.93730941698e-07
    outer loop
      vertex 19.3936195374 36.9834518433 22.5000038147
      vertex 20.4525871277 37.6270561218 22.5000019073
      vertex 18.5219478607 37.0054321289 22.5000038147
    endloop
  endfacet
  facet normal 0 1 0
    outer loop
      vertex 23.0987224579 40.314289093 22.5000019073
      vertex 23.6317806244 40.1497650146 22.5000019073
      vertex 23.1914424896 40.3038444519 22.5000019073
    endloop
  endfacet
  facet normal 0 1 -0
    outer loop
      vertex 22.635137558 40.3665237427 22.5000019073
      vertex 22.2114715576 37.8257064819 22.5000019073
      vertex 23.0987224579 40.314289093 22.5000019073
    endloop
  endfacet
  facet normal 2.72098372989e-06 1 3.54619055543e-06
    outer loop
      vertex 20.4008102417 37.5873298645 22.5000019073
      vertex 20.4525871277 37.6270561218 22.5000019073
      vertex 19.3936195374 36.9834518433 22.5000038147
    endloop
  endfacet
  facet normal 0 1 0
    outer loop
      vertex 25.0764751434 10.4205513 22.5000019073
      vertex 24.6567058563 10.1532917023 22.5000019073
      vertex 24.9023971558 10.2306833267 22.5000019073
    endloop
  endfacet
  facet normal 0 1 0
    outer loop
      vertex 25.0764751434 10.4205513 22.5000019073
      vertex 24.9023971558 10.2306833267 22.5000019073
      vertex 25.0019359589 10.314157486 22.5000019073
    endloop
  endfacet
  facet normal 0 1 0
    outer loop
      vertex 24.7846469879 10.1758146286 22.5000019073
      vertex 24.6567058563 10.1532917023 22.5000019073
      vertex 24.764547348 10.1674890518 22.5000019073
    endloop
  endfacet
  facet normal 0 1 0
    outer loop
      vertex 25.1209411621 10.5426111221 22.5000019073
      vertex 24.6567058563 10.1532917023 22.5000019073
      vertex 25.0764751434 10.4205513 22.5000019073
    endloop
  endfacet
  facet normal 0 1 0
    outer loop
      vertex 24.9023971558 10.2306833267 22.5000019073
      vertex 24.7846469879 10.1758146286 22.5000019073
      vertex 24.8851394653 10.2174396515 22.5000019073
    endloop
  endfacet
  facet normal 0 1 0
    outer loop
      vertex 25.135137558 10.6504526138 22.5000019073
      vertex 19.4252376556 10.1504526138 22.5000019073
      vertex 24.635137558 10.1504526138 22.5000019073
    endloop
  endfacet
  facet normal 0 1 0
    outer loop
      vertex 25.0019359589 10.314157486 22.5000019073
      vertex 24.9023971558 10.2306833267 22.5000019073
      vertex 24.98869133 10.2968988419 22.5000019073
    endloop
  endfacet
  facet normal 0 1 0
    outer loop
      vertex 25.0764751434 10.4205513 22.5000019073
      vertex 25.0019359589 10.314157486 22.5000019073
      vertex 25.068151474 10.4004526138 22.5000019073
    endloop
  endfacet
  facet normal 0 1 -0
    outer loop
      vertex 20.6596946716 35.2673606873 22.5000019073
      vertex 20.4008102417 35.4660110474 22.5000019073
      vertex 20.7114715576 35.2276306152 22.5000019073
    endloop
  endfacet
  facet normal 0 1 0
    outer loop
      vertex 25.1209411621 10.5426111221 22.5000019073
      vertex 25.0764751434 10.4205513 22.5000019073
      vertex 25.1181030273 10.5210428238 22.5000019073
    endloop
  endfacet
  facet normal 0 1 0
    outer loop
      vertex 25.135137558 10.6504526138 22.5000019073
      vertex 24.6567058563 10.1532917023 22.5000019073
      vertex 25.1209411621 10.5426111221 22.5000019073
    endloop
  endfacet
  facet normal -0 1 0
    outer loop
      vertex 22.5221309662 35.4660110474 22.5000019073
      vertex 25.7145614624 33.6943130493 22.5000019073
      vertex 28.0463542938 36.2004089355 22.5000019073
    endloop
  endfacet
  facet normal 0 1 -0
    outer loop
      vertex 22.1511745453 35.2026557922 22.5000019073
      vertex 21.8496990204 35.0777816772 22.5000019073
      vertex 24.2947006226 31.6082324982 22.5000019073
    endloop
  endfacet
  facet normal -0 1 0
    outer loop
      vertex 15.7792825699 29.187625885 22.5000019073
      vertex 18.4976081848 29.0987491608 22.5000019073
      vertex 18.9739589691 34.5736885071 22.5000019073
    endloop
  endfacet
  facet normal 0 1 0
    outer loop
      vertex 26.9218120575 29.3107261658 22.5000019073
      vertex 27.0142841339 29.3545970917 22.5000019073
      vertex 24.2947006226 31.6082324982 22.5000019073
    endloop
  endfacet
  facet normal 0 1 0
    outer loop
      vertex 26.4888935089 29.0799484253 22.5000019073
      vertex 26.9218120575 29.3107261658 22.5000019073
      vertex 24.2947006226 31.6082324982 22.5000019073
    endloop
  endfacet
  facet normal 6.40518678097e-08 1 -1.23100818428e-07
    outer loop
      vertex 29.2933158875 35.5515899658 22.5000019073
      vertex 28.0463542938 36.2004089355 22.5000019073
      vertex 28.0134830475 31.3509216309 22.5000038147
    endloop
  endfacet
  facet normal -7.87179601502e-08 1 3.54692076598e-07
    outer loop
      vertex 28.5980091095 29.5321769714 22.5000019073
      vertex 29.0227508545 29.4379138947 22.5000019073
      vertex 28.0134830475 31.3509216309 22.5000038147
    endloop
  endfacet
  facet normal 0 1 0
    outer loop
      vertex 18.8879699707 -9.40780544281 22.5000019073
      vertex 16.4387149811 -5.7192735672 22.5000019073
      vertex 13.3832530975 -9.40780544281 22.5000019073
    endloop
  endfacet
  facet normal 0 1 -0
    outer loop
      vertex 22.0103721619 19.7271995544 22.5000019073
      vertex 21.181388855 17.023147583 22.5000019073
      vertex 22.4003047943 16.0356712341 22.5000019073
    endloop
  endfacet
  facet normal -6.06749210874e-08 1 3.48893223645e-07
    outer loop
      vertex 28.497171402 29.5497131348 22.5000019073
      vertex 28.5980091095 29.5321769714 22.5000019073
      vertex 28.0134830475 31.3509216309 22.5000038147
    endloop
  endfacet
  facet normal 0 1 0
    outer loop
      vertex -16.9503059387 40.3665237427 22.5000019073
      vertex -15.6771821976 38.0084152222 22.5000019073
      vertex -15.5385293961 38.0266685486 22.5000019073
    endloop
  endfacet
  facet normal 0 1 0
    outer loop
      vertex -19.4503059387 37.8665237427 22.5000019073
      vertex -17.0056724548 36.7762451172 22.5000019073
      vertex -16.9874172211 36.9148979187 22.5000019073
    endloop
  endfacet
  facet normal 0 1 0
    outer loop
      vertex -19.4503059387 37.8665237427 22.5000019073
      vertex -16.9874172211 36.9148979187 22.5000019073
      vertex -16.891084671 37.1474647522 22.5000019073
    endloop
  endfacet
  facet normal 0 1 0
    outer loop
      vertex -16.9503059387 40.3665237427 22.5000019073
      vertex -16.0559616089 37.922039032 22.5000019073
      vertex -15.9267578125 37.9755592346 22.5000019073
    endloop
  endfacet
  facet normal 0 1 0
    outer loop
      vertex -16.9503059387 40.3665237427 22.5000019073
      vertex -16.2885284424 37.8257064819 22.5000019073
      vertex -16.0559616089 37.922039032 22.5000019073
    endloop
  endfacet
  facet normal 0 1 0
    outer loop
      vertex -16.9503059387 40.3665237427 22.5000019073
      vertex -15.9267578125 37.9755592346 22.5000019073
      vertex -15.6771821976 38.0084152222 22.5000019073
    endloop
  endfacet
  facet normal 0 1 0
    outer loop
      vertex -17.7206459045 40.2319869995 22.5000019073
      vertex -16.5991897583 37.5873298645 22.5000019073
      vertex -16.3994789124 37.7405700684 22.5000019073
    endloop
  endfacet
  facet normal -0 1 0
    outer loop
      vertex -18.2161407471 40.00989151 22.5000019073
      vertex -16.5991897583 37.5873298645 22.5000019073
      vertex -17.7206459045 40.2319869995 22.5000019073
    endloop
  endfacet
  facet normal 0 1 0
    outer loop
      vertex -19.0069389343 39.273727417 22.5000019073
      vertex -16.6843242645 37.4763793945 22.5000019073
      vertex -16.5991897583 37.5873298645 22.5000019073
    endloop
  endfacet
  facet normal -0 1 0
    outer loop
      vertex -19.3651752472 38.5063819885 22.5000019073
      vertex -16.8375663757 37.2766685486 22.5000019073
      vertex -19.2643241882 38.7946014404 22.5000019073
    endloop
  endfacet
  facet normal 0 1 0
    outer loop
      vertex -19.2643241882 38.7946014404 22.5000019073
      vertex -16.8375663757 37.2766685486 22.5000019073
      vertex -16.6843242645 37.4763793945 22.5000019073
    endloop
  endfacet
  facet normal -0 1 0
    outer loop
      vertex -19.2643241882 38.7946014404 22.5000019073
      vertex -16.6843242645 37.4763793945 22.5000019073
      vertex -19.1693973541 39.015171051 22.5000019073
    endloop
  endfacet
  facet normal 0 1 0
    outer loop
      vertex -13.8718185425 34.0322608948 22.5000019073
      vertex -14.4778690338 35.4660110474 22.5000019073
      vertex -14.6775798798 35.3127670288 22.5000019073
    endloop
  endfacet
  facet normal 0 1 0
    outer loop
      vertex -13.4172086716 34.4053497314 22.5000019073
      vertex -14.3927335739 35.5769615173 22.5000019073
      vertex -14.4778690338 35.4660110474 22.5000019073
    endloop
  endfacet
  facet normal 0 1 0
    outer loop
      vertex -19.4503059387 33.5266723633 22.5000019073
      vertex -16.8375663757 35.7766685486 22.5000019073
      vertex -16.9338989258 36.0092391968 22.5000019073
    endloop
  endfacet
  facet normal 0 1 0
    outer loop
      vertex -12.7668905258 35.3786201477 22.5000019073
      vertex -14.239490509 35.7766685486 22.5000019073
      vertex -13.0441198349 34.8599586487 22.5000019073
    endloop
  endfacet
  facet normal 0 1 0
    outer loop
      vertex -19.4503059387 33.5266723633 22.5000019073
      vertex -16.9338989258 36.0092391968 22.5000019073
      vertex -16.9874172211 36.1384429932 22.5000019073
    endloop
  endfacet
  facet normal 0 1 0
    outer loop
      vertex -12.7668905258 35.3786201477 22.5000019073
      vertex -14.1859722137 35.905872345 22.5000019073
      vertex -14.239490509 35.7766685486 22.5000019073
    endloop
  endfacet
  facet normal 0 1 0
    outer loop
      vertex -12.7668905258 35.3786201477 22.5000019073
      vertex -14.0896396637 36.1384429932 22.5000019073
      vertex -14.1859722137 35.905872345 22.5000019073
    endloop
  endfacet
  facet normal 0 1 0
    outer loop
      vertex -12.5961732864 35.9413986206 22.5000019073
      vertex -14.0385284424 36.5266685486 22.5000019073
      vertex -14.0713863373 36.2770957947 22.5000019073
    endloop
  endfacet
  facet normal 0 1 0
    outer loop
      vertex -19.4503059387 33.5266723633 22.5000019073
      vertex -16.9874172211 36.1384429932 22.5000019073
      vertex -19.4503059387 37.8665237427 22.5000019073
    endloop
  endfacet
  facet normal 0 1 0
    outer loop
      vertex -15.5385303497 33.5266685486 22.5000019073
      vertex -15.3998756409 35.044921875 22.5000019073
      vertex -15.5385293961 35.0266685486 22.5000019073
    endloop
  endfacet
  facet normal 0 1 0
    outer loop
      vertex -15.5385303497 33.5266685486 22.5000019073
      vertex -15.5385293961 35.0266685486 22.5000019073
      vertex -15.7881059647 35.0595245361 22.5000019073
    endloop
  endfacet
  facet normal 0 1 0
    outer loop
      vertex -15.5385303497 33.5266685486 22.5000019073
      vertex -15.7881059647 35.0595245361 22.5000019073
      vertex -15.9267578125 35.0777816772 22.5000019073
    endloop
  endfacet
  facet normal 0 1 0
    outer loop
      vertex -15.5385303497 33.5266685486 22.5000019073
      vertex -16.159324646 35.1741142273 22.5000019073
      vertex -16.2885284424 35.2276306152 22.5000019073
    endloop
  endfacet
  facet normal 0 1 0
    outer loop
      vertex -15.5385303497 33.5266685486 22.5000019073
      vertex -15.9267578125 35.0777816772 22.5000019073
      vertex -16.159324646 35.1741142273 22.5000019073
    endloop
  endfacet
  facet normal 0 1 0
    outer loop
      vertex -14.3904800415 33.7550315857 22.5000019073
      vertex -14.7885293961 35.2276306152 22.5000019073
      vertex -15.0210952759 35.1312980652 22.5000019073
    endloop
  endfacet
  facet normal 0 1 0
    outer loop
      vertex -14.3904800415 33.7550315857 22.5000019073
      vertex -15.0210952759 35.1312980652 22.5000019073
      vertex -15.1502990723 35.0777816772 22.5000019073
    endloop
  endfacet
  facet normal 0 1 0
    outer loop
      vertex -13.8718185425 34.0322608948 22.5000019073
      vertex -14.7885293961 35.2276306152 22.5000019073
      vertex -14.3904800415 33.7550315857 22.5000019073
    endloop
  endfacet
  facet normal 0 1 0
    outer loop
      vertex -13.0441198349 34.8599586487 22.5000019073
      vertex -14.239490509 35.7766685486 22.5000019073
      vertex -14.3927335739 35.5769615173 22.5000019073
    endloop
  endfacet
  facet normal 0 1 0
    outer loop
      vertex -13.0441198349 34.8599586487 22.5000019073
      vertex -14.3927335739 35.5769615173 22.5000019073
      vertex -13.4172086716 34.4053497314 22.5000019073
    endloop
  endfacet
  facet normal 0 1 0
    outer loop
      vertex -12.5961732864 35.9413986206 22.5000019073
      vertex -14.0713863373 36.2770957947 22.5000019073
      vertex -14.0896396637 36.1384429932 22.5000019073
    endloop
  endfacet
  facet normal 0 1 0
    outer loop
      vertex -12.5961732864 35.9413986206 22.5000019073
      vertex -14.0896396637 36.1384429932 22.5000019073
      vertex -12.7668905258 35.3786201477 22.5000019073
    endloop
  endfacet
  facet normal 0 1 0
    outer loop
      vertex -13.8718185425 34.0322608948 22.5000019073
      vertex -14.6775798798 35.3127670288 22.5000019073
      vertex -14.7885293961 35.2276306152 22.5000019073
    endloop
  endfacet
  facet normal 0 1 0
    outer loop
      vertex -12.5385322571 40.3665237427 22.5000019073
      vertex -14.3246259689 37.3876190186 22.5000019073
      vertex -14.239490509 37.2766685486 22.5000019073
    endloop
  endfacet
  facet normal 0 1 0
    outer loop
      vertex -14.9532575607 33.584312439 22.5000019073
      vertex -15.1502990723 35.0777816772 22.5000019073
      vertex -15.3998756409 35.044921875 22.5000019073
    endloop
  endfacet
  facet normal -0 1 0
    outer loop
      vertex -17.1890888214 40.3411521912 22.5000019073
      vertex -16.2885284424 37.8257064819 22.5000019073
      vertex -16.9503059387 40.3665237427 22.5000019073
    endloop
  endfacet
  facet normal -0 1 0
    outer loop
      vertex -19.4116344452 38.2707939148 22.5000019073
      vertex -16.8375663757 37.2766685486 22.5000019073
      vertex -19.3651752472 38.5063819885 22.5000019073
    endloop
  endfacet
  facet normal 0 1 0
    outer loop
      vertex -12.5385322571 40.3665237427 22.5000019073
      vertex -14.4778690338 37.5873298645 22.5000019073
      vertex -14.3246259689 37.3876190186 22.5000019073
    endloop
  endfacet
  facet normal 0 1 0
    outer loop
      vertex -17.7206459045 40.2319869995 22.5000019073
      vertex -16.3994789124 37.7405700684 22.5000019073
      vertex -16.2885284424 37.8257064819 22.5000019073
    endloop
  endfacet
  facet normal 0 1 0
    outer loop
      vertex -12.5385322571 40.3665237427 22.5000019073
      vertex -14.5888185501 37.6724624634 22.5000019073
      vertex -14.4778690338 37.5873298645 22.5000019073
    endloop
  endfacet
  facet normal -0 1 0
    outer loop
      vertex -17.7206459045 40.2319869995 22.5000019073
      vertex -16.2885284424 37.8257064819 22.5000019073
      vertex -17.1890888214 40.3411521912 22.5000019073
    endloop
  endfacet
  facet normal 0 1 0
    outer loop
      vertex -12.5385322571 40.3665237427 22.5000019073
      vertex -14.7885293961 37.8257064819 22.5000019073
      vertex -14.5888185501 37.6724624634 22.5000019073
    endloop
  endfacet
  facet normal 0 1 0
    outer loop
      vertex -19.4503059387 37.8665237427 22.5000019073
      vertex -17.020275116 36.3880195618 22.5000019073
      vertex -17.0385284424 36.5266685486 22.5000019073
    endloop
  endfacet
  facet normal 0 1 0
    outer loop
      vertex -19.4503059387 37.8665237427 22.5000019073
      vertex -17.0385284424 36.5266685486 22.5000019073
      vertex -17.0056724548 36.7762451172 22.5000019073
    endloop
  endfacet
  facet normal 0 1 0
    outer loop
      vertex -12.5385322571 40.3665237427 22.5000019073
      vertex -15.1502990723 37.9755592346 22.5000019073
      vertex -14.9177331924 37.8792266846 22.5000019073
    endloop
  endfacet
  facet normal 0 1 0
    outer loop
      vertex -12.5385322571 40.3665237427 22.5000019073
      vertex -14.9177331924 37.8792266846 22.5000019073
      vertex -14.7885293961 37.8257064819 22.5000019073
    endloop
  endfacet
  facet normal 0 1 0
    outer loop
      vertex -16.9503059387 40.3665237427 22.5000019073
      vertex -15.2889528275 37.993812561 22.5000019073
      vertex -15.1502990723 37.9755592346 22.5000019073
    endloop
  endfacet
  facet normal 0 1 0
    outer loop
      vertex -16.9503059387 40.3665237427 22.5000019073
      vertex -15.5385293961 38.0266685486 22.5000019073
      vertex -15.2889528275 37.993812561 22.5000019073
    endloop
  endfacet
  facet normal 0 1 0
    outer loop
      vertex -14.3904800415 33.7550315857 22.5000019073
      vertex -15.1502990723 35.0777816772 22.5000019073
      vertex -14.9532575607 33.584312439 22.5000019073
    endloop
  endfacet
  facet normal 0 1 0
    outer loop
      vertex -16.9503059387 40.3665237427 22.5000019073
      vertex -15.1502990723 37.9755592346 22.5000019073
      vertex -12.5385322571 40.3665237427 22.5000019073
    endloop
  endfacet
  facet normal 0 1 0
    outer loop
      vertex -19.4503059387 37.8665237427 22.5000019073
      vertex -16.891084671 37.1474647522 22.5000019073
      vertex -16.8375663757 37.2766685486 22.5000019073
    endloop
  endfacet
  facet normal -0 1 0
    outer loop
      vertex -19.4458236694 37.9673538208 22.5000019073
      vertex -16.8375663757 37.2766685486 22.5000019073
      vertex -19.4116344452 38.2707939148 22.5000019073
    endloop
  endfacet
  facet normal 0 1 0
    outer loop
      vertex -17.7206459045 40.2319869995 22.5000019073
      vertex -17.1890888214 40.3411521912 22.5000019073
      vertex -17.4925251007 40.3069648743 22.5000019073
    endloop
  endfacet
  facet normal 0 1 0
    outer loop
      vertex -19.4503059387 37.8665237427 22.5000019073
      vertex -16.9874172211 36.1384429932 22.5000019073
      vertex -17.020275116 36.3880195618 22.5000019073
    endloop
  endfacet
  facet normal 0 1 0
    outer loop
      vertex -18.2161407471 40.00989151 22.5000019073
      vertex -17.7206459045 40.2319869995 22.5000019073
      vertex -18.0088691711 40.1311302185 22.5000019073
    endloop
  endfacet
  facet normal -0 1 0
    outer loop
      vertex -18.4746952057 39.8474311829 22.5000019073
      vertex -16.5991897583 37.5873298645 22.5000019073
      vertex -18.2161407471 40.00989151 22.5000019073
    endloop
  endfacet
  facet normal -0 1 0
    outer loop
      vertex -18.6518630981 39.685344696 22.5000019073
      vertex -16.5991897583 37.5873298645 22.5000019073
      vertex -18.4746952057 39.8474311829 22.5000019073
    endloop
  endfacet
  facet normal -0 1 0
    outer loop
      vertex -18.8677845001 39.4694213867 22.5000019073
      vertex -16.5991897583 37.5873298645 22.5000019073
      vertex -18.6518630981 39.685344696 22.5000019073
    endloop
  endfacet
  facet normal -0 1 0
    outer loop
      vertex -19.0069389343 39.273727417 22.5000019073
      vertex -16.5991897583 37.5873298645 22.5000019073
      vertex -18.8677845001 39.4694213867 22.5000019073
    endloop
  endfacet
  facet normal -0 1 0
    outer loop
      vertex -19.1693973541 39.015171051 22.5000019073
      vertex -16.6843242645 37.4763793945 22.5000019073
      vertex -19.0069389343 39.273727417 22.5000019073
    endloop
  endfacet
  facet normal 0 1 0
    outer loop
      vertex -19.4503059387 33.5266723633 22.5000019073
      vertex -16.7524318695 35.6657180786 22.5000019073
      vertex -16.8375663757 35.7766685486 22.5000019073
    endloop
  endfacet
  facet normal 0 1 0
    outer loop
      vertex -19.4503059387 33.5266723633 22.5000019073
      vertex -16.5991897583 35.4660110474 22.5000019073
      vertex -16.7524318695 35.6657180786 22.5000019073
    endloop
  endfacet
  facet normal 0 1 0
    outer loop
      vertex -19.4503059387 33.5266723633 22.5000019073
      vertex -16.4882392883 35.3808746338 22.5000019073
      vertex -16.5991897583 35.4660110474 22.5000019073
    endloop
  endfacet
  facet normal 0 1 0
    outer loop
      vertex -19.4503059387 33.5266723633 22.5000019073
      vertex -16.2885284424 35.2276306152 22.5000019073
      vertex -16.4882392883 35.3808746338 22.5000019073
    endloop
  endfacet
  facet normal 0 1 0
    outer loop
      vertex -19.4503059387 37.8665237427 22.5000019073
      vertex -19.4458236694 37.9673538208 22.5000019073
      vertex -19.4483127594 37.9337921143 22.5000019073
    endloop
  endfacet
  facet normal -0 1 0
    outer loop
      vertex -19.4503059387 37.8665237427 22.5000019073
      vertex -16.8375663757 37.2766685486 22.5000019073
      vertex -19.4458236694 37.9673538208 22.5000019073
    endloop
  endfacet
  facet normal 0 1 0
    outer loop
      vertex -19.4503059387 37.8665237427 22.5000019073
      vertex -19.4483127594 37.9337921143 22.5000019073
      vertex -19.4498081207 37.9001731873 22.5000019073
    endloop
  endfacet
  facet normal 0 1 0
    outer loop
      vertex -13.4172086716 34.4053497314 22.5000019073
      vertex -14.4778690338 35.4660110474 22.5000019073
      vertex -13.8718185425 34.0322608948 22.5000019073
    endloop
  endfacet
  facet normal 0 1 0
    outer loop
      vertex -15.5385303497 33.5266685486 22.5000019073
      vertex -16.2885284424 35.2276306152 22.5000019073
      vertex -19.4503059387 33.5266723633 22.5000019073
    endloop
  endfacet
  facet normal 0 1 0
    outer loop
      vertex -14.9532575607 33.584312439 22.5000019073
      vertex -15.3998756409 35.044921875 22.5000019073
      vertex -15.5385303497 33.5266685486 22.5000019073
    endloop
  endfacet
  facet normal 0 1 0
    outer loop
      vertex -12.5385293961 36.5266685486 22.5000019073
      vertex -14.0567827225 36.6653251648 22.5000019073
      vertex -14.0385284424 36.5266685486 22.5000019073
    endloop
  endfacet
  facet normal 0 1 0
    outer loop
      vertex -12.5385293961 36.5266685486 22.5000019073
      vertex -14.0896396637 36.9148979187 22.5000019073
      vertex -14.0567827225 36.6653251648 22.5000019073
    endloop
  endfacet
  facet normal 0 1 0
    outer loop
      vertex -12.5385293961 36.5266685486 22.5000019073
      vertex -14.143157959 37.0441017151 22.5000019073
      vertex -14.0896396637 36.9148979187 22.5000019073
    endloop
  endfacet
  facet normal 0 1 0
    outer loop
      vertex -12.5385293961 36.5266685486 22.5000019073
      vertex -14.239490509 37.2766685486 22.5000019073
      vertex -14.143157959 37.0441017151 22.5000019073
    endloop
  endfacet
  facet normal 0 1 0
    outer loop
      vertex -12.5385293961 36.5266685486 22.5000019073
      vertex -12.5385322571 40.3665237427 22.5000019073
      vertex -14.239490509 37.2766685486 22.5000019073
    endloop
  endfacet
  facet normal 0 1 0
    outer loop
      vertex -12.5385293961 36.5266685486 22.5000019073
      vertex -14.0385284424 36.5266685486 22.5000019073
      vertex -12.5961732864 35.9413986206 22.5000019073
    endloop
  endfacet
  facet normal 0 1 0
    outer loop
      vertex -12.9454221725 -3.9647564888 22.5000019073
      vertex -14.1577548981 -4.92066001892 22.5000019073
      vertex -14.0896396637 -5.08510160446 22.5000019073
    endloop
  endfacet
  facet normal 0 1 0
    outer loop
      vertex -12.9454221725 -3.9647564888 22.5000019073
      vertex -14.0896396637 -5.08510160446 22.5000019073
      vertex -14.0617609024 -5.29686260223 22.5000019073
    endloop
  endfacet
  facet normal 0 1 0
    outer loop
      vertex -19.9584083557 -6.29853391647 22.5000019073
      vertex -16.8375663757 -6.2233300209 22.5000019073
      vertex -16.919303894 -6.02600002289 22.5000019073
    endloop
  endfacet
  facet normal 0 1 0
    outer loop
      vertex -13.7799863815 -3.04278850555 22.5000019073
      vertex -14.6190786362 -4.30431652069 22.5000019073
      vertex -14.4778690338 -4.41266965866 22.5000019073
    endloop
  endfacet
  facet normal 0 1 0
    outer loop
      vertex -19.4503059387 -2.47333049774 22.5000019073
      vertex -16.5991897583 -4.41266965866 22.5000019073
      vertex -16.4297370911 -4.28264522552 22.5000019073
    endloop
  endfacet
  facet normal 0 1 -0
    outer loop
      vertex -13.7799863815 -3.04278850555 22.5000019073
      vertex -14.4778690338 -4.41266965866 22.5000019073
      vertex -13.3144073486 -3.46005249023 22.5000019073
    endloop
  endfacet
  facet normal 0 1 0
    outer loop
      vertex -19.4503059387 -2.47333049774 22.5000019073
      vertex -16.4297370911 -4.28264522552 22.5000019073
      vertex -16.2885284424 -4.17429161072 22.5000019073
    endloop
  endfacet
  facet normal 0 1 0
    outer loop
      vertex -14.9167327881 -2.53847575188 22.5000019073
      vertex -15.3267669678 -4.0012087822 22.5000019073
      vertex -15.1502990723 -4.02444124222 22.5000019073
    endloop
  endfacet
  facet normal 0 1 -0
    outer loop
      vertex -14.9167327881 -2.53847575188 22.5000019073
      vertex -15.1502990723 -4.02444124222 22.5000019073
      vertex -14.3219413757 -2.7310833931 22.5000019073
    endloop
  endfacet
  facet normal 0 1 0
    outer loop
      vertex -19.4987010956 -4.29961490631 22.5000019073
      vertex -16.9874172211 -5.08510160446 22.5000019073
      vertex -16.9056816101 -4.88777160645 22.5000019073
    endloop
  endfacet
  facet normal 0 1 0
    outer loop
      vertex -19.4987010956 -4.29961490631 22.5000019073
      vertex -16.9056816101 -4.88777160645 22.5000019073
      vertex -16.8375663757 -4.72332954407 22.5000019073
    endloop
  endfacet
  facet normal 0 1 0
    outer loop
      vertex -12.9454221725 -3.9647564888 22.5000019073
      vertex -11.0499582291 -9.42654705048 22.5000019073
      vertex -10.6677846909 -9.40780544281 22.5000019073
    endloop
  endfacet
  facet normal 0 1 0
    outer loop
      vertex -20.0732135773 -6.60939025879 22.5000019073
      vertex -16.8375663757 -6.2233300209 22.5000019073
      vertex -19.9584083557 -6.29853391647 22.5000019073
    endloop
  endfacet
  facet normal 0 1 0
    outer loop
      vertex -13.767537117 -9.99486446381 22.5000019073
      vertex -14.7885293961 -6.77236795425 22.5000019073
      vertex -14.9858589172 -6.85410404205 22.5000019073
    endloop
  endfacet
  facet normal 0 1 0
    outer loop
      vertex -19.7021408081 -5.46876192093 22.5000019073
      vertex -16.9874172211 -5.86155796051 22.5000019073
      vertex -17.015296936 -5.64979696274 22.5000019073
    endloop
  endfacet
  facet normal 0 1 0
    outer loop
      vertex -26.973449707 -25.8869667053 22.5000019073
      vertex -31.634595871 -22.9452705383 22.5000019073
      vertex -27.1853103638 -26.1785125732 22.5000019073
    endloop
  endfacet
  facet normal 0 1 0
    outer loop
      vertex -17.3162918091 -12.6144695282 22.5000019073
      vertex -21.80427742 -9.41770076752 22.5000019073
      vertex -17.5439548492 -12.9109773636 22.5000019073
    endloop
  endfacet
  facet normal 0 1 0
    outer loop
      vertex -13.7799863815 -3.04278850555 22.5000019073
      vertex -14.7885293961 -4.17429161072 22.5000019073
      vertex -14.6190786362 -4.30431652069 22.5000019073
    endloop
  endfacet
  facet normal 0 1 0
    outer loop
      vertex -31.3028411865 -28.6878910065 22.5000019073
      vertex -31.8063907623 -28.4762859344 22.5000019073
      vertex -31.3979148865 -28.6581954956 22.5000019073
    endloop
  endfacet
  facet normal 0 1 0
    outer loop
      vertex -26.6997032166 -25.5102672577 22.5000019073
      vertex -31.1489906311 -22.2770252228 22.5000019073
      vertex -26.973449707 -25.8869667053 22.5000019073
    endloop
  endfacet
  facet normal 0 1 0
    outer loop
      vertex -28.4990940094 -27.9267864227 22.5000019073
      vertex -29.5463638306 -28.6319656372 22.5000019073
      vertex -29.0257472992 -28.3716583252 22.5000019073
    endloop
  endfacet
  facet normal 0 1 0
    outer loop
      vertex -26.3301296234 -25.0016918182 22.5000019073
      vertex -30.779417038 -21.7684497833 22.5000019073
      vertex -31.1489906311 -22.2770252228 22.5000019073
    endloop
  endfacet
  facet normal 0 1 0
    outer loop
      vertex -30.6927146912 -28.7984695435 22.5000019073
      vertex -32.7665634155 -27.6101932526 22.5000019073
      vertex -31.8063907623 -28.4762859344 22.5000019073
    endloop
  endfacet
  facet normal 0 1 0
    outer loop
      vertex -12.8860006332 -9.70610237122 22.5000019073
      vertex -14.6473197937 -6.66401433945 22.5000019073
      vertex -13.3757305145 -9.85464477539 22.5000019073
    endloop
  endfacet
  facet normal 0 1 0
    outer loop
      vertex -15.5385293961 -2.47332978249 22.5000019073
      vertex -15.3267669678 -4.0012087822 22.5000019073
      vertex -14.9167327881 -2.53847575188 22.5000019073
    endloop
  endfacet
  facet normal 0 1 0
    outer loop
      vertex -14.3219413757 -2.7310833931 22.5000019073
      vertex -14.9529705048 -4.10617780685 22.5000019073
      vertex -14.7885293961 -4.17429161072 22.5000019073
    endloop
  endfacet
  facet normal 0 1 0
    outer loop
      vertex -14.3219413757 -2.7310833931 22.5000019073
      vertex -15.1502990723 -4.02444124222 22.5000019073
      vertex -14.9529705048 -4.10617780685 22.5000019073
    endloop
  endfacet
  facet normal 0 1 0
    outer loop
      vertex -13.3144073486 -3.46005249023 22.5000019073
      vertex -14.4778690338 -4.41266965866 22.5000019073
      vertex -14.3478441238 -4.58212137222 22.5000019073
    endloop
  endfacet
  facet normal 0 1 0
    outer loop
      vertex -12.9454221725 -3.9647564888 22.5000019073
      vertex -14.0664081573 -5.68509149551 22.5000019073
      vertex -14.0896396637 -5.86155796051 22.5000019073
    endloop
  endfacet
  facet normal 0 1 -0
    outer loop
      vertex -13.3144073486 -3.46005249023 22.5000019073
      vertex -14.3478441238 -4.58212137222 22.5000019073
      vertex -12.9454221725 -3.9647564888 22.5000019073
    endloop
  endfacet
  facet normal 0 1 0
    outer loop
      vertex -12.9454221725 -3.9647564888 22.5000019073
      vertex -14.0385284424 -5.47333049774 22.5000019073
      vertex -14.0664081573 -5.68509149551 22.5000019073
    endloop
  endfacet
  facet normal 0 1 0
    outer loop
      vertex -12.9454221725 -3.9647564888 22.5000019073
      vertex -14.3478441238 -4.58212137222 22.5000019073
      vertex -14.239490509 -4.72332954407 22.5000019073
    endloop
  endfacet
  facet normal 0 1 0
    outer loop
      vertex -12.9454221725 -3.9647564888 22.5000019073
      vertex -14.0617609024 -5.29686260223 22.5000019073
      vertex -14.0385284424 -5.47333049774 22.5000019073
    endloop
  endfacet
  facet normal 0 1 0
    outer loop
      vertex -19.7021408081 -5.46876192093 22.5000019073
      vertex -17.015296936 -5.64979696274 22.5000019073
      vertex -17.0385284424 -5.47333049774 22.5000019073
    endloop
  endfacet
  facet normal -0 1 0
    outer loop
      vertex -19.7021408081 -5.46876192093 22.5000019073
      vertex -17.0385284424 -5.47333049774 22.5000019073
      vertex -19.6421585083 -5.166888237 22.5000019073
    endloop
  endfacet
  facet normal -0 1 0
    outer loop
      vertex -19.7907104492 -5.78249359131 22.5000019073
      vertex -16.9874172211 -5.86155796051 22.5000019073
      vertex -19.7021408081 -5.46876192093 22.5000019073
    endloop
  endfacet
  facet normal 0 1 0
    outer loop
      vertex -12.8860006332 -9.70610237122 22.5000019073
      vertex -14.4778690338 -6.53398990631 22.5000019073
      vertex -14.6473197937 -6.66401433945 22.5000019073
    endloop
  endfacet
  facet normal 0 1 0
    outer loop
      vertex -26.3301296234 -25.0016918182 22.5000019073
      vertex -30.2501583099 -21.0401363373 22.5000019073
      vertex -30.779417038 -21.7684497833 22.5000019073
    endloop
  endfacet
  facet normal -0 1 0
    outer loop
      vertex -19.4622764587 -3.72075533867 22.5000019073
      vertex -16.7075443268 -4.55387830734 22.5000019073
      vertex -19.4503059387 -3.41612052917 22.5000019073
    endloop
  endfacet
  facet normal 0 1 0
    outer loop
      vertex -19.9584083557 -6.29853391647 22.5000019073
      vertex -16.919303894 -6.02600002289 22.5000019073
      vertex -16.9874172211 -5.86155796051 22.5000019073
    endloop
  endfacet
  facet normal -0 1 0
    outer loop
      vertex -19.4503059387 -3.41612052917 22.5000019073
      vertex -16.5991897583 -4.41266965866 22.5000019073
      vertex -19.4503059387 -2.47333049774 22.5000019073
    endloop
  endfacet
  facet normal 0 1 0
    outer loop
      vertex -12.9454221725 -3.9647564888 22.5000019073
      vertex -14.239490509 -4.72332954407 22.5000019073
      vertex -14.1577548981 -4.92066001892 22.5000019073
    endloop
  endfacet
  facet normal 0 1 0
    outer loop
      vertex -30.1105117798 -28.7764530182 22.5000019073
      vertex -30.6927146912 -28.7984695435 22.5000019073
      vertex -30.2455654144 -28.7985134125 22.5000019073
    endloop
  endfacet
  facet normal 0 1 0
    outer loop
      vertex -19.4503059387 -3.41612052917 22.5000019073
      vertex -16.7075443268 -4.55387830734 22.5000019073
      vertex -16.5991897583 -4.41266965866 22.5000019073
    endloop
  endfacet
  facet normal 0 1 0
    outer loop
      vertex -19.4622764587 -3.72075533867 22.5000019073
      vertex -16.8375663757 -4.72332954407 22.5000019073
      vertex -16.7075443268 -4.55387830734 22.5000019073
    endloop
  endfacet
  facet normal -0 1 0
    outer loop
      vertex -19.4987010956 -4.29961490631 22.5000019073
      vertex -16.8375663757 -4.72332954407 22.5000019073
      vertex -19.4622764587 -3.72075533867 22.5000019073
    endloop
  endfacet
  facet normal -0 1 0
    outer loop
      vertex -19.5347900391 -4.60412693024 22.5000019073
      vertex -16.9874172211 -5.08510160446 22.5000019073
      vertex -19.4987010956 -4.29961490631 22.5000019073
    endloop
  endfacet
  facet normal 0 1 0
    outer loop
      vertex -20.0732135773 -6.60939025879 22.5000019073
      vertex -16.7292137146 -6.36453819275 22.5000019073
      vertex -16.8375663757 -6.2233300209 22.5000019073
    endloop
  endfacet
  facet normal 0 1 0
    outer loop
      vertex -19.5347900391 -4.60412693024 22.5000019073
      vertex -17.0106506348 -5.26156949997 22.5000019073
      vertex -16.9874172211 -5.08510160446 22.5000019073
    endloop
  endfacet
  facet normal 0 1 0
    outer loop
      vertex -19.6421585083 -5.166888237 22.5000019073
      vertex -17.0385284424 -5.47333049774 22.5000019073
      vertex -17.0106506348 -5.26156949997 22.5000019073
    endloop
  endfacet
  facet normal -0 1 0
    outer loop
      vertex -19.6421585083 -5.166888237 22.5000019073
      vertex -17.0106506348 -5.26156949997 22.5000019073
      vertex -19.5347900391 -4.60412693024 22.5000019073
    endloop
  endfacet
  facet normal 0 1 0
    outer loop
      vertex -20.4336872101 -7.38257551193 22.5000019073
      vertex -16.5991897583 -6.53398990631 22.5000019073
      vertex -20.2275829315 -6.94465875626 22.5000019073
    endloop
  endfacet
  facet normal 0 1 0
    outer loop
      vertex -20.4336872101 -7.38257551193 22.5000019073
      vertex -16.4579811096 -6.64234352112 22.5000019073
      vertex -16.5991897583 -6.53398990631 22.5000019073
    endloop
  endfacet
  facet normal 0 1 0
    outer loop
      vertex -19.9584083557 -6.29853391647 22.5000019073
      vertex -16.9874172211 -5.86155796051 22.5000019073
      vertex -19.7907104492 -5.78249359131 22.5000019073
    endloop
  endfacet
  facet normal 0 1 0
    outer loop
      vertex -20.2275829315 -6.94465875626 22.5000019073
      vertex -16.7292137146 -6.36453819275 22.5000019073
      vertex -20.0732135773 -6.60939025879 22.5000019073
    endloop
  endfacet
  facet normal 0 1 0
    outer loop
      vertex -20.2275829315 -6.94465875626 22.5000019073
      vertex -16.5991897583 -6.53398990631 22.5000019073
      vertex -16.7292137146 -6.36453819275 22.5000019073
    endloop
  endfacet
  facet normal 0 1 0
    outer loop
      vertex -20.6204586029 -7.71547937393 22.5000019073
      vertex -16.2885284424 -6.77236795425 22.5000019073
      vertex -16.4579811096 -6.64234352112 22.5000019073
    endloop
  endfacet
  facet normal 0 1 0
    outer loop
      vertex -20.6204586029 -7.71547937393 22.5000019073
      vertex -16.4579811096 -6.64234352112 22.5000019073
      vertex -20.4336872101 -7.38257551193 22.5000019073
    endloop
  endfacet
  facet normal 0 1 0
    outer loop
      vertex -26.973449707 -25.8869667053 22.5000019073
      vertex -31.4227333069 -22.6537265778 22.5000019073
      vertex -31.634595871 -22.9452705383 22.5000019073
    endloop
  endfacet
  facet normal 0 1 0
    outer loop
      vertex -30.6927146912 -28.7984695435 22.5000019073
      vertex -31.3028411865 -28.6878910065 22.5000019073
      vertex -30.810798645 -28.7925262451 22.5000019073
    endloop
  endfacet
  facet normal 0 1 0
    outer loop
      vertex -14.6055278778 -10.3753519058 22.5000019073
      vertex -15.5385293961 -6.9733300209 22.5000019073
      vertex -15.0546045303 -10.6433067322 22.5000019073
    endloop
  endfacet
  facet normal 0 1 0
    outer loop
      vertex -24.0124092102 -21.8122634888 22.5000019073
      vertex -17.5439548492 -12.9109773636 22.5000019073
      vertex -22.9172897339 -15.6272916794 22.5000019073
    endloop
  endfacet
  facet normal 0 1 0
    outer loop
      vertex -28.4990940094 -27.9267864227 22.5000019073
      vertex -30.6927146912 -28.7984695435 22.5000019073
      vertex -30.1105117798 -28.7764530182 22.5000019073
    endloop
  endfacet
  facet normal 0 1 0
    outer loop
      vertex -28.4990940094 -27.9267864227 22.5000019073
      vertex -29.0257472992 -28.3716583252 22.5000019073
      vertex -28.5721340179 -28.0074119568 22.5000019073
    endloop
  endfacet
  facet normal 0 1 0
    outer loop
      vertex -11.5898962021 -9.45838546753 22.5000019073
      vertex -14.0896396637 -5.86155796051 22.5000019073
      vertex -14.1713762283 -6.05888843536 22.5000019073
    endloop
  endfacet
  facet normal 0 1 0
    outer loop
      vertex -13.767537117 -9.99486446381 22.5000019073
      vertex -14.9858589172 -6.85410404205 22.5000019073
      vertex -15.1502990723 -6.92221879959 22.5000019073
    endloop
  endfacet
  facet normal 0 1 0
    outer loop
      vertex -33.154510498 -25.3786067963 22.5000019073
      vertex -32.9493331909 -24.8340091705 22.5000019073
      vertex -33.016292572 -24.9533538818 22.5000019073
    endloop
  endfacet
  facet normal 0 1 0
    outer loop
      vertex -28.4990940094 -27.9267864227 22.5000019073
      vertex -32.9493331909 -24.8340091705 22.5000019073
      vertex -33.154510498 -25.3786067963 22.5000019073
    endloop
  endfacet
  facet normal 0 1 0
    outer loop
      vertex -33.2400131226 -25.9545631409 22.5000019073
      vertex -33.154510498 -25.3786067963 22.5000019073
      vertex -33.19323349 -25.5098667145 22.5000019073
    endloop
  endfacet
  facet normal 0 1 0
    outer loop
      vertex -31.8063907623 -28.4762859344 22.5000019073
      vertex -32.2874641418 -28.1464653015 22.5000019073
      vertex -31.925737381 -28.4093284607 22.5000019073
    endloop
  endfacet
  facet normal 0 1 0
    outer loop
      vertex -33.2018585205 -26.5358371735 22.5000019073
      vertex -33.2400131226 -25.9545631409 22.5000019073
      vertex -33.2485542297 -26.091135025 22.5000019073
    endloop
  endfacet
  facet normal 0 1 0
    outer loop
      vertex -28.4990940094 -27.9267864227 22.5000019073
      vertex -30.1105117798 -28.7764530182 22.5000019073
      vertex -29.5463638306 -28.6319656372 22.5000019073
    endloop
  endfacet
  facet normal 0 1 0
    outer loop
      vertex -33.0416603088 -27.0961704254 22.5000019073
      vertex -33.2018585205 -26.5358371735 22.5000019073
      vertex -33.1797943115 -26.6708927155 22.5000019073
    endloop
  endfacet
  facet normal 0 1 0
    outer loop
      vertex -31.8063907623 -28.4762859344 22.5000019073
      vertex -32.3889160156 -28.0546283722 22.5000019073
      vertex -32.2874641418 -28.1464653015 22.5000019073
    endloop
  endfacet
  facet normal 0 1 0
    outer loop
      vertex -32.7665634155 -27.6101932526 22.5000019073
      vertex -33.0416603088 -27.0961704254 22.5000019073
      vertex -32.9901008606 -27.2229309082 22.5000019073
    endloop
  endfacet
  facet normal 0 1 0
    outer loop
      vertex -28.4990940094 -27.9267864227 22.5000019073
      vertex -33.0416603088 -27.0961704254 22.5000019073
      vertex -32.7665634155 -27.6101932526 22.5000019073
    endloop
  endfacet
  facet normal 0 1 0
    outer loop
      vertex -32.3889160156 -28.0546283722 22.5000019073
      vertex -32.7665634155 -27.6101932526 22.5000019073
      vertex -32.6880874634 -27.7223033905 22.5000019073
    endloop
  endfacet
  facet normal 0 1 0
    outer loop
      vertex -31.8063907623 -28.4762859344 22.5000019073
      vertex -32.7665634155 -27.6101932526 22.5000019073
      vertex -32.3889160156 -28.0546283722 22.5000019073
    endloop
  endfacet
  facet normal 0 1 0
    outer loop
      vertex -11.0499582291 -9.42654705048 22.5000019073
      vertex -14.0896396637 -5.86155796051 22.5000019073
      vertex -11.5898962021 -9.45838546753 22.5000019073
    endloop
  endfacet
  facet normal 0 1 0
    outer loop
      vertex -25.8008728027 -24.2733802795 22.5000019073
      vertex -30.2501583099 -21.0401363373 22.5000019073
      vertex -26.3301296234 -25.0016918182 22.5000019073
    endloop
  endfacet
  facet normal 0 1 0
    outer loop
      vertex -30.6927146912 -28.7984695435 22.5000019073
      vertex -31.8063907623 -28.4762859344 22.5000019073
      vertex -31.3028411865 -28.6878910065 22.5000019073
    endloop
  endfacet
  facet normal 0 1 0
    outer loop
      vertex -28.4990940094 -27.9267864227 22.5000019073
      vertex -32.7248382568 -24.4455661774 22.5000019073
      vertex -32.9493331909 -24.8340091705 22.5000019073
    endloop
  endfacet
  facet normal 0 1 0
    outer loop
      vertex -28.4990940094 -27.9267864227 22.5000019073
      vertex -33.2400131226 -25.9545631409 22.5000019073
      vertex -33.2018585205 -26.5358371735 22.5000019073
    endloop
  endfacet
  facet normal 0 1 0
    outer loop
      vertex -28.2746696472 -27.6775856018 22.5000019073
      vertex -31.804315567 -23.1788234711 22.5000019073
      vertex -32.7248382568 -24.4455661774 22.5000019073
    endloop
  endfacet
  facet normal 0 1 0
    outer loop
      vertex -16.9674835205 -12.2014684677 22.5000019073
      vertex -21.074136734 -8.4129486084 22.5000019073
      vertex -17.2104740143 -12.4855527878 22.5000019073
    endloop
  endfacet
  facet normal 0 1 0
    outer loop
      vertex -28.4990940094 -27.9267864227 22.5000019073
      vertex -33.2018585205 -26.5358371735 22.5000019073
      vertex -33.0416603088 -27.0961704254 22.5000019073
    endloop
  endfacet
  facet normal 0 1 0
    outer loop
      vertex -26.973449707 -25.8869667053 22.5000019073
      vertex -31.1489906311 -22.2770252228 22.5000019073
      vertex -31.4227333069 -22.6537265778 22.5000019073
    endloop
  endfacet
  facet normal 0 1 0
    outer loop
      vertex -29.5463638306 -28.6319656372 22.5000019073
      vertex -30.1105117798 -28.7764530182 22.5000019073
      vertex -29.6731243134 -28.6835250854 22.5000019073
    endloop
  endfacet
  facet normal 0 1 0
    outer loop
      vertex -28.4990940094 -27.9267864227 22.5000019073
      vertex -33.154510498 -25.3786067963 22.5000019073
      vertex -33.2400131226 -25.9545631409 22.5000019073
    endloop
  endfacet
  facet normal 0 1 0
    outer loop
      vertex -29.0257472992 -28.3716583252 22.5000019073
      vertex -29.5463638306 -28.6319656372 22.5000019073
      vertex -29.1378536224 -28.45013237 22.5000019073
    endloop
  endfacet
  facet normal 0 1 0
    outer loop
      vertex -28.4990940094 -27.9267864227 22.5000019073
      vertex -32.7665634155 -27.6101932526 22.5000019073
      vertex -30.6927146912 -28.7984695435 22.5000019073
    endloop
  endfacet
  facet normal 0 1 0
    outer loop
      vertex -28.5721340179 -28.0074119568 22.5000019073
      vertex -29.0257472992 -28.3716583252 22.5000019073
      vertex -28.6639709473 -28.1088657379 22.5000019073
    endloop
  endfacet
  facet normal 0 1 0
    outer loop
      vertex -27.1853103638 -26.1785125732 22.5000019073
      vertex -31.634595871 -22.9452705383 22.5000019073
      vertex -31.804315567 -23.1788234711 22.5000019073
    endloop
  endfacet
  facet normal 0 1 0
    outer loop
      vertex -28.2746696472 -27.6775856018 22.5000019073
      vertex -32.7248382568 -24.4455661774 22.5000019073
      vertex -28.4990940094 -27.9267864227 22.5000019073
    endloop
  endfacet
  facet normal 0 1 0
    outer loop
      vertex -15.5385293961 -2.47332978249 22.5000019073
      vertex -15.5385293961 -3.97332978249 22.5000019073
      vertex -15.3267669678 -4.0012087822 22.5000019073
    endloop
  endfacet
  facet normal 0 1 0
    outer loop
      vertex -27.3550300598 -26.4120674133 22.5000019073
      vertex -31.804315567 -23.1788234711 22.5000019073
      vertex -28.2746696472 -27.6775856018 22.5000019073
    endloop
  endfacet
  facet normal 0 1 -0
    outer loop
      vertex -28.308511734 -18.3682231903 22.5000019073
      vertex -30.2501583099 -21.0401363373 22.5000019073
      vertex -27.0929870605 -21.3735027313 22.5000019073
    endloop
  endfacet
  facet normal 0 1 0
    outer loop
      vertex -27.1853103638 -26.1785125732 22.5000019073
      vertex -31.804315567 -23.1788234711 22.5000019073
      vertex -27.3550300598 -26.4120674133 22.5000019073
    endloop
  endfacet
  facet normal 0 1 0
    outer loop
      vertex -16.7098464966 -11.9306001663 22.5000019073
      vertex -21.074136734 -8.4129486084 22.5000019073
      vertex -16.9674835205 -12.2014684677 22.5000019073
    endloop
  endfacet
  facet normal 0 1 0
    outer loop
      vertex -25.8008728027 -24.2733802795 22.5000019073
      vertex -24.0124092102 -21.8122634888 22.5000019073
      vertex -27.0929870605 -21.3735027313 22.5000019073
    endloop
  endfacet
  facet normal 0 1 0
    outer loop
      vertex -17.2104740143 -12.4855527878 22.5000019073
      vertex -21.074136734 -8.4129486084 22.5000019073
      vertex -21.80427742 -9.41770076752 22.5000019073
    endloop
  endfacet
  facet normal 0 1 0
    outer loop
      vertex -11.5898962021 -9.45838546753 22.5000019073
      vertex -14.1713762283 -6.05888843536 22.5000019073
      vertex -14.239490509 -6.2233300209 22.5000019073
    endloop
  endfacet
  facet normal 0 1 0
    outer loop
      vertex -17.2104740143 -12.4855527878 22.5000019073
      vertex -21.80427742 -9.41770076752 22.5000019073
      vertex -17.3162918091 -12.6144695282 22.5000019073
    endloop
  endfacet
  facet normal 0 1 0
    outer loop
      vertex -26.3301296234 -25.0016918182 22.5000019073
      vertex -31.1489906311 -22.2770252228 22.5000019073
      vertex -26.6997032166 -25.5102672577 22.5000019073
    endloop
  endfacet
  facet normal 0 1 0
    outer loop
      vertex -16.0925521851 -11.3644580841 22.5000019073
      vertex -16.2885284424 -6.77236795425 22.5000019073
      vertex -20.6204586029 -7.71547937393 22.5000019073
    endloop
  endfacet
  facet normal 0 1 0
    outer loop
      vertex -16.5896110535 -11.8150129318 22.5000019073
      vertex -21.074136734 -8.4129486084 22.5000019073
      vertex -16.7098464966 -11.9306001663 22.5000019073
    endloop
  endfacet
  facet normal 0 1 0
    outer loop
      vertex -14.6055278778 -10.3753519058 22.5000019073
      vertex -15.3620615005 -6.95009756088 22.5000019073
      vertex -15.5385293961 -6.9733300209 22.5000019073
    endloop
  endfacet
  facet normal 0 1 0
    outer loop
      vertex -16.0925521851 -11.3644580841 22.5000019073
      vertex -20.6204586029 -7.71547937393 22.5000019073
      vertex -16.5896110535 -11.8150129318 22.5000019073
    endloop
  endfacet
  facet normal 0 1 0
    outer loop
      vertex -12.4973907471 -9.60874843597 22.5000019073
      vertex -14.239490509 -6.2233300209 22.5000019073
      vertex -14.369515419 -6.39278173447 22.5000019073
    endloop
  endfacet
  facet normal 0 1 0
    outer loop
      vertex -11.5898962021 -9.45838546753 22.5000019073
      vertex -14.239490509 -6.2233300209 22.5000019073
      vertex -11.9753189087 -9.51552867889 22.5000019073
    endloop
  endfacet
  facet normal 0 1 0
    outer loop
      vertex -15.3855199814 -10.8372354507 22.5000019073
      vertex -16.12408638 -6.84048223495 22.5000019073
      vertex -15.8552179337 -11.1848249435 22.5000019073
    endloop
  endfacet
  facet normal 0 1 0
    outer loop
      vertex -15.0546045303 -10.6433067322 22.5000019073
      vertex -15.9267578125 -6.92221879959 22.5000019073
      vertex -15.3855199814 -10.8372354507 22.5000019073
    endloop
  endfacet
  facet normal 0 1 0
    outer loop
      vertex -15.8552179337 -11.1848249435 22.5000019073
      vertex -16.2885284424 -6.77236795425 22.5000019073
      vertex -16.0925521851 -11.3644580841 22.5000019073
    endloop
  endfacet
  facet normal 0 1 0
    outer loop
      vertex -16.5896110535 -11.8150129318 22.5000019073
      vertex -20.8558063507 -8.08625984192 22.5000019073
      vertex -21.074136734 -8.4129486084 22.5000019073
    endloop
  endfacet
  facet normal 0 1 0
    outer loop
      vertex -16.5896110535 -11.8150129318 22.5000019073
      vertex -20.6204586029 -7.71547937393 22.5000019073
      vertex -20.8558063507 -8.08625984192 22.5000019073
    endloop
  endfacet
  facet normal 0 1 0
    outer loop
      vertex -15.3855199814 -10.8372354507 22.5000019073
      vertex -15.9267578125 -6.92221879959 22.5000019073
      vertex -16.12408638 -6.84048223495 22.5000019073
    endloop
  endfacet
  facet normal 0 1 0
    outer loop
      vertex -12.4973907471 -9.60874843597 22.5000019073
      vertex -14.369515419 -6.39278173447 22.5000019073
      vertex -14.4778690338 -6.53398990631 22.5000019073
    endloop
  endfacet
  facet normal 0 1 -0
    outer loop
      vertex -14.3219413757 -2.7310833931 22.5000019073
      vertex -14.7885293961 -4.17429161072 22.5000019073
      vertex -13.7799863815 -3.04278850555 22.5000019073
    endloop
  endfacet
  facet normal 0 1 0
    outer loop
      vertex -15.8552179337 -11.1848249435 22.5000019073
      vertex -16.12408638 -6.84048223495 22.5000019073
      vertex -16.2885284424 -6.77236795425 22.5000019073
    endloop
  endfacet
  facet normal 0 1 0
    outer loop
      vertex -15.0546045303 -10.6433067322 22.5000019073
      vertex -15.5385293961 -6.9733300209 22.5000019073
      vertex -15.750289917 -6.94545078278 22.5000019073
    endloop
  endfacet
  facet normal 0 1 0
    outer loop
      vertex -15.0546045303 -10.6433067322 22.5000019073
      vertex -15.750289917 -6.94545078278 22.5000019073
      vertex -15.9267578125 -6.92221879959 22.5000019073
    endloop
  endfacet
  facet normal 0 1 0
    outer loop
      vertex -14.210474968 -10.1885881424 22.5000019073
      vertex -15.1502990723 -6.92221879959 22.5000019073
      vertex -15.3620615005 -6.95009756088 22.5000019073
    endloop
  endfacet
  facet normal 0 1 0
    outer loop
      vertex -14.210474968 -10.1885881424 22.5000019073
      vertex -15.3620615005 -6.95009756088 22.5000019073
      vertex -14.6055278778 -10.3753519058 22.5000019073
    endloop
  endfacet
  facet normal 0 1 0
    outer loop
      vertex -13.767537117 -9.99486446381 22.5000019073
      vertex -15.1502990723 -6.92221879959 22.5000019073
      vertex -14.210474968 -10.1885881424 22.5000019073
    endloop
  endfacet
  facet normal 0 1 0
    outer loop
      vertex -13.3757305145 -9.85464477539 22.5000019073
      vertex -14.6473197937 -6.66401433945 22.5000019073
      vertex -14.7885293961 -6.77236795425 22.5000019073
    endloop
  endfacet
  facet normal 0 1 0
    outer loop
      vertex -13.3757305145 -9.85464477539 22.5000019073
      vertex -14.7885293961 -6.77236795425 22.5000019073
      vertex -13.767537117 -9.99486446381 22.5000019073
    endloop
  endfacet
  facet normal 0 1 0
    outer loop
      vertex -12.4973907471 -9.60874843597 22.5000019073
      vertex -14.4778690338 -6.53398990631 22.5000019073
      vertex -12.8860006332 -9.70610237122 22.5000019073
    endloop
  endfacet
  facet normal 0 1 0
    outer loop
      vertex -11.9753189087 -9.51552867889 22.5000019073
      vertex -14.239490509 -6.2233300209 22.5000019073
      vertex -12.4973907471 -9.60874843597 22.5000019073
    endloop
  endfacet
  facet normal 0 1 -0
    outer loop
      vertex -12.9454221725 -3.9647564888 22.5000019073
      vertex -14.0896396637 -5.86155796051 22.5000019073
      vertex -11.0499582291 -9.42654705048 22.5000019073
    endloop
  endfacet
  facet normal 0 1 -0
    outer loop
      vertex -15.5385293961 -2.47332978249 22.5000019073
      vertex -15.7149972916 -3.99656224251 22.5000019073
      vertex -15.5385293961 -3.97332978249 22.5000019073
    endloop
  endfacet
  facet normal 0 1 0
    outer loop
      vertex -15.5385293961 -2.47332978249 22.5000019073
      vertex -15.9267578125 -4.02444124222 22.5000019073
      vertex -15.7149972916 -3.99656224251 22.5000019073
    endloop
  endfacet
  facet normal 0 1 0
    outer loop
      vertex -15.5385293961 -2.47332978249 22.5000019073
      vertex -16.0911979675 -4.09255504608 22.5000019073
      vertex -15.9267578125 -4.02444124222 22.5000019073
    endloop
  endfacet
  facet normal 0 1 0
    outer loop
      vertex -15.5385293961 -2.47332978249 22.5000019073
      vertex -16.2885284424 -4.17429161072 22.5000019073
      vertex -16.0911979675 -4.09255504608 22.5000019073
    endloop
  endfacet
  facet normal 0 1 0
    outer loop
      vertex -15.5385293961 -2.47332978249 22.5000019073
      vertex -19.4503059387 -2.47333049774 22.5000019073
      vertex -16.2885284424 -4.17429161072 22.5000019073
    endloop
  endfacet
  facet normal 0 1 0
    outer loop
      vertex 20.0125827789 -5.86155796051 22.5000019073
      vertex 20.0040626526 -5.79685354233 22.5000019073
      vertex 18.8879699707 -9.40780544281 22.5000019073
    endloop
  endfacet
  facet normal 0 1 0
    outer loop
      vertex 19.4252376556 -0.17284193635 22.5000019073
      vertex 21.4614715576 -3.97332978249 22.5000019073
      vertex 21.5261764526 -3.9818482399 22.5000019073
    endloop
  endfacet
  facet normal 0 1 0
    outer loop
      vertex 19.4252376556 -0.17284193635 22.5000019073
      vertex 21.5261764526 -3.9818482399 22.5000019073
      vertex 24.635137558 -0.17284193635 22.5000019073
    endloop
  endfacet
  facet normal 0 1 0
    outer loop
      vertex 20.0040626526 -5.79685354233 22.5000019073
      vertex 19.9614715576 -5.47333049774 22.5000019073
      vertex 18.8879699707 -9.40780544281 22.5000019073
    endloop
  endfacet
  facet normal 5.07762479174e-07 1 3.37032673769e-07
    outer loop
      vertex 19.3936195374 36.9834518433 22.5000038147
      vertex 18.9739589691 34.5736885071 22.5000019073
      vertex 20.0125827789 36.1384429932 22.5000019073
    endloop
  endfacet
  facet normal 0 1 0
    outer loop
      vertex 18.8879699707 -9.40780544281 22.5000019073
      vertex 20.1624336243 -6.2233300209 22.5000019073
      vertex 20.1374568939 -6.16303491592 22.5000019073
    endloop
  endfacet
  facet normal 0 1 0
    outer loop
      vertex 18.8879699707 -9.40780544281 22.5000019073
      vertex 20.361082077 -6.48221254349 22.5000019073
      vertex 20.1624336243 -6.2233300209 22.5000019073
    endloop
  endfacet
  facet normal 0 1 0
    outer loop
      vertex 21.7478618622 -9.90336799622 22.5000019073
      vertex 21.4614715576 -6.9733300209 22.5000019073
      vertex 20.9709663391 -9.67494487762 22.5000019073
    endloop
  endfacet
  facet normal 0 1 0
    outer loop
      vertex 18.8879699707 -9.40780544281 22.5000019073
      vertex 20.4008102417 -6.53398990631 22.5000019073
      vertex 20.361082077 -6.48221254349 22.5000019073
    endloop
  endfacet
  facet normal 0 1 0
    outer loop
      vertex 22.6427593231 -10.2820882797 22.5000019073
      vertex 22.2114715576 -6.77236795425 22.5000019073
      vertex 21.8970108032 -9.96648788452 22.5000019073
    endloop
  endfacet
  facet normal 0 1 0
    outer loop
      vertex 23.4885845184 -10.760474205 22.5000019073
      vertex 22.5221309662 -6.53398990631 22.5000019073
      vertex 22.7837314606 -10.3618202209 22.5000019073
    endloop
  endfacet
  facet normal 0 1 0
    outer loop
      vertex 26.1978969574 -5.01828622818 22.5000019073
      vertex 22.9614715576 -5.47333049774 22.5000019073
      vertex 22.9529514313 -5.53803491592 22.5000019073
    endloop
  endfacet
  facet normal 0 1 0
    outer loop
      vertex 22.7837314606 -10.3618202209 22.5000019073
      vertex 22.5221309662 -6.53398990631 22.5000019073
      vertex 22.4703540802 -6.5737195015 22.5000019073
    endloop
  endfacet
  facet normal 0 1 0
    outer loop
      vertex 26.7758235931 -5.92271566391 22.5000019073
      vertex 22.7605113983 -6.2233300209 22.5000019073
      vertex 22.7207794189 -6.27510738373 22.5000019073
    endloop
  endfacet
  facet normal 0 1 0
    outer loop
      vertex 25.7385520935 -4.04823589325 22.5000019073
      vertex 22.9103603363 -5.08510160446 22.5000019073
      vertex 22.9188785553 -5.14980745316 22.5000019073
    endloop
  endfacet
  facet normal 0 1 0
    outer loop
      vertex 25.1916103363 -1.79541456699 22.5000019073
      vertex 21.8496990204 -4.02444124222 22.5000019073
      vertex 21.9099941254 -4.04941606522 22.5000019073
    endloop
  endfacet
  facet normal 0 1 0
    outer loop
      vertex 36.4213447571 -21.1823348999 22.5000019073
      vertex 36.2982177734 -21.1190605164 22.5000019073
      vertex 36.3530693054 -21.1499729156 22.5000019073
    endloop
  endfacet
  facet normal 0 1 -0
    outer loop
      vertex 26.1978969574 -5.01828622818 22.5000019073
      vertex 22.9103603363 -5.86155796051 22.5000019073
      vertex 26.6795005798 -5.77197742462 22.5000019073
    endloop
  endfacet
  facet normal 0 1 0
    outer loop
      vertex 37.9044494629 -21.4382743835 22.5000019073
      vertex 37.0323143005 -21.38854599 22.5000019073
      vertex 37.5352706909 -21.4555397034 22.5000019073
    endloop
  endfacet
  facet normal 0 1 0
    outer loop
      vertex 26.1978969574 -5.01828622818 22.5000019073
      vertex 22.9529514313 -5.53803491592 22.5000019073
      vertex 22.9103603363 -5.86155796051 22.5000019073
    endloop
  endfacet
  facet normal 0 1 0
    outer loop
      vertex 37.0323143005 -21.38854599 22.5000019073
      vertex 36.7656326294 -21.3167209625 22.5000019073
      vertex 36.8842887878 -21.3586978912 22.5000019073
    endloop
  endfacet
  facet normal 0 1 0
    outer loop
      vertex 39.2243499756 -20.9322624207 22.5000019073
      vertex 38.9938392639 -21.0843830109 22.5000019073
      vertex 39.0825271606 -21.0366725922 22.5000019073
    endloop
  endfacet
  facet normal 0 1 -0
    outer loop
      vertex 27.4631195068 -6.74710607529 22.5000019073
      vertex 24.2742824554 -11.3322706223 22.5000019073
      vertex 28.1178760529 -7.35644245148 22.5000019073
    endloop
  endfacet
  facet normal -0 1 0
    outer loop
      vertex 31.2058944702 -17.0102596283 22.5000019073
      vertex 33.1395874023 -18.5942325592 22.5000019073
      vertex 33.9357566833 -15.6915683746 22.5000019073
    endloop
  endfacet
  facet normal 0 1 -0
    outer loop
      vertex 25.6829776764 -3.87820100784 22.5000019073
      vertex 22.9103603363 -5.08510160446 22.5000019073
      vertex 25.7385520935 -4.04823589325 22.5000019073
    endloop
  endfacet
  facet normal 0 1 -0
    outer loop
      vertex 25.7385520935 -4.04823589325 22.5000019073
      vertex 22.9614715576 -5.47333049774 22.5000019073
      vertex 26.1213378906 -4.85661077499 22.5000019073
    endloop
  endfacet
  facet normal 0 1 0
    outer loop
      vertex 24.635137558 -0.17284193635 22.5000019073
      vertex 25.1916103363 -1.79541456699 22.5000019073
      vertex 25.135137558 -0.902774810791 22.5000019073
    endloop
  endfacet
  facet normal 0 1 0
    outer loop
      vertex 17.966583252 -0.17284193635 22.5000019073
      vertex 20.4008102417 -4.41266965866 22.5000019073
      vertex 19.4252376556 -0.17284193635 22.5000019073
    endloop
  endfacet
  facet normal 0 1 0
    outer loop
      vertex 24.635137558 -0.17284193635 22.5000019073
      vertex 25.1322975159 -0.651273787022 22.5000019073
      vertex 24.7429790497 -0.18703956902 22.5000019073
    endloop
  endfacet
  facet normal 0 1 0
    outer loop
      vertex 19.0496616364 -9.4170627594 22.5000019073
      vertex 20.4008102417 -6.53398990631 22.5000019073
      vertex 18.8879699707 -9.40780544281 22.5000019073
    endloop
  endfacet
  facet normal 0 1 0
    outer loop
      vertex 20.0176963806 -9.49100208282 22.5000019073
      vertex 21.0732421875 -6.92221879959 22.5000019073
      vertex 21.0129470825 -6.89724302292 22.5000019073
    endloop
  endfacet
  facet normal 0 1 0
    outer loop
      vertex 21.7478618622 -9.90336799622 22.5000019073
      vertex 21.784992218 -6.93073749542 22.5000019073
      vertex 21.4614715576 -6.9733300209 22.5000019073
    endloop
  endfacet
  facet normal 0 1 0
    outer loop
      vertex 19.8581180573 -9.46334934235 22.5000019073
      vertex 20.7114715576 -6.77236795425 22.5000019073
      vertex 20.6596946716 -6.73263788223 22.5000019073
    endloop
  endfacet
  facet normal 0 1 0
    outer loop
      vertex 19.8581180573 -9.46334934235 22.5000019073
      vertex 20.6596946716 -6.73263788223 22.5000019073
      vertex 20.4008102417 -6.53398990631 22.5000019073
    endloop
  endfacet
  facet normal 0 1 0
    outer loop
      vertex 24.8650398254 -0.231504589319 22.5000019073
      vertex 25.0549068451 -0.405583292246 22.5000019073
      vertex 24.9714336395 -0.30604532361 22.5000019073
    endloop
  endfacet
  facet normal 0 1 0
    outer loop
      vertex 19.8581180573 -9.46334934235 22.5000019073
      vertex 20.4008102417 -6.53398990631 22.5000019073
      vertex 19.0496616364 -9.4170627594 22.5000019073
    endloop
  endfacet
  facet normal 0 1 0
    outer loop
      vertex 19.4252376556 -0.17284193635 22.5000019073
      vertex 21.0732421875 -4.02444124222 22.5000019073
      vertex 21.1379489899 -4.01592254639 22.5000019073
    endloop
  endfacet
  facet normal 0 1 0
    outer loop
      vertex 20.8155860901 -9.62926101685 22.5000019073
      vertex 21.0732421875 -6.92221879959 22.5000019073
      vertex 20.0176963806 -9.49100208282 22.5000019073
    endloop
  endfacet
  facet normal 0 1 0
    outer loop
      vertex 20.8155860901 -9.62926101685 22.5000019073
      vertex 21.3967666626 -6.96481084824 22.5000019073
      vertex 21.0732421875 -6.92221879959 22.5000019073
    endloop
  endfacet
  facet normal 0 1 0
    outer loop
      vertex 20.8155860901 -9.62926101685 22.5000019073
      vertex 21.4614715576 -6.9733300209 22.5000019073
      vertex 21.3967666626 -6.96481084824 22.5000019073
    endloop
  endfacet
  facet normal 0 1 0
    outer loop
      vertex 19.4252376556 -0.17284193635 22.5000019073
      vertex 21.1379489899 -4.01592254639 22.5000019073
      vertex 21.4614715576 -3.97332978249 22.5000019073
    endloop
  endfacet
  facet normal 0 1 0
    outer loop
      vertex 22.6427593231 -10.2820882797 22.5000019073
      vertex 22.4703540802 -6.5737195015 22.5000019073
      vertex 22.2114715576 -6.77236795425 22.5000019073
    endloop
  endfacet
  facet normal 0 1 0
    outer loop
      vertex 19.4252376556 -0.17284193635 22.5000019073
      vertex 20.4008102417 -4.41266965866 22.5000019073
      vertex 20.4525871277 -4.37294006348 22.5000019073
    endloop
  endfacet
  facet normal 0 1 0
    outer loop
      vertex 18.8879699707 -9.40780544281 22.5000019073
      vertex 20.1374568939 -6.16303491592 22.5000019073
      vertex 20.0125827789 -5.86155796051 22.5000019073
    endloop
  endfacet
  facet normal 0 1 0
    outer loop
      vertex 20.0176963806 -9.49100208282 22.5000019073
      vertex 20.7114715576 -6.77236795425 22.5000019073
      vertex 19.8581180573 -9.46334934235 22.5000019073
    endloop
  endfacet
  facet normal 0 1 0
    outer loop
      vertex 21.8970108032 -9.96648788452 22.5000019073
      vertex 21.8496990204 -6.92221879959 22.5000019073
      vertex 21.7478618622 -9.90336799622 22.5000019073
    endloop
  endfacet
  facet normal 0 1 0
    outer loop
      vertex 20.0176963806 -9.49100208282 22.5000019073
      vertex 21.0129470825 -6.89724302292 22.5000019073
      vertex 20.7114715576 -6.77236795425 22.5000019073
    endloop
  endfacet
  facet normal 0 1 0
    outer loop
      vertex 21.7478618622 -9.90336799622 22.5000019073
      vertex 21.8496990204 -6.92221879959 22.5000019073
      vertex 21.784992218 -6.93073749542 22.5000019073
    endloop
  endfacet
  facet normal 0 1 0
    outer loop
      vertex 21.8970108032 -9.96648788452 22.5000019073
      vertex 22.2114715576 -6.77236795425 22.5000019073
      vertex 22.1511745453 -6.79734373093 22.5000019073
    endloop
  endfacet
  facet normal 0 1 0
    outer loop
      vertex 20.9709663391 -9.67494487762 22.5000019073
      vertex 21.4614715576 -6.9733300209 22.5000019073
      vertex 20.8155860901 -9.62926101685 22.5000019073
    endloop
  endfacet
  facet normal 0 1 0
    outer loop
      vertex 21.8970108032 -9.96648788452 22.5000019073
      vertex 22.1511745453 -6.79734373093 22.5000019073
      vertex 21.8496990204 -6.92221879959 22.5000019073
    endloop
  endfacet
  facet normal 0 1 0
    outer loop
      vertex 19.4252376556 -0.17284193635 22.5000019073
      vertex 20.4525871277 -4.37294006348 22.5000019073
      vertex 20.7114715576 -4.17429161072 22.5000019073
    endloop
  endfacet
  facet normal 0 1 0
    outer loop
      vertex 22.7837314606 -10.3618202209 22.5000019073
      vertex 22.4703540802 -6.5737195015 22.5000019073
      vertex 22.6427593231 -10.2820882797 22.5000019073
    endloop
  endfacet
  facet normal 0 1 0
    outer loop
      vertex 39.9917221069 -20.0832099915 22.5000019073
      vertex 39.2243499756 -20.9322624207 22.5000019073
      vertex 39.8440246582 -20.3165740967 22.5000019073
    endloop
  endfacet
  facet normal 0 1 0
    outer loop
      vertex 27.4631195068 -6.74710607529 22.5000019073
      vertex 23.4885845184 -10.760474205 22.5000019073
      vertex 23.6195335388 -10.8557729721 22.5000019073
    endloop
  endfacet
  facet normal 0 1 0
    outer loop
      vertex 27.4631195068 -6.74710607529 22.5000019073
      vertex 23.6195335388 -10.8557729721 22.5000019073
      vertex 24.2742824554 -11.3322706223 22.5000019073
    endloop
  endfacet
  facet normal 0 1 -0
    outer loop
      vertex 25.4051151276 -3.02803325653 22.5000019073
      vertex 22.7605113983 -4.72332954407 22.5000019073
      vertex 25.6829776764 -3.87820100784 22.5000019073
    endloop
  endfacet
  facet normal 0 1 -0
    outer loop
      vertex 40.2168388367 -17.840423584 22.5000019073
      vertex 39.9917221069 -20.0832099915 22.5000019073
      vertex 40.3431739807 -18.4106941223 22.5000019073
    endloop
  endfacet
  facet normal 0 1 0
    outer loop
      vertex 37.5352706909 -21.4555397034 22.5000019073
      vertex 37.3970184326 -21.4484157562 22.5000019073
      vertex 37.4471473694 -21.4532604218 22.5000019073
    endloop
  endfacet
  facet normal 0 1 0
    outer loop
      vertex 37.0323143005 -21.38854599 22.5000019073
      vertex 36.8842887878 -21.3586978912 22.5000019073
      vertex 36.8964385986 -21.3620548248 22.5000019073
    endloop
  endfacet
  facet normal 0 1 0
    outer loop
      vertex 36.7656326294 -21.3167209625 22.5000019073
      vertex 35.9893989563 -20.9160289764 22.5000019073
      vertex 36.4213447571 -21.1823348999 22.5000019073
    endloop
  endfacet
  facet normal 0 1 0
    outer loop
      vertex 36.4213447571 -21.1823348999 22.5000019073
      vertex 35.9893989563 -20.9160289764 22.5000019073
      vertex 36.2982177734 -21.1190605164 22.5000019073
    endloop
  endfacet
  facet normal 0 1 0
    outer loop
      vertex 39.9917221069 -20.0832099915 22.5000019073
      vertex 39.8440246582 -20.3165740967 22.5000019073
      vertex 39.8980865479 -20.2469768524 22.5000019073
    endloop
  endfacet
  facet normal 0 1 0
    outer loop
      vertex 38.1770973206 -21.394241333 22.5000019073
      vertex 37.9044494629 -21.4382743835 22.5000019073
      vertex 38.0173988342 -21.4295883179 22.5000019073
    endloop
  endfacet
  facet normal 0 1 0
    outer loop
      vertex 39.6215057373 -16.8441104889 22.5000019073
      vertex 38.1770973206 -21.394241333 22.5000019073
      vertex 39.2243499756 -20.9322624207 22.5000019073
    endloop
  endfacet
  facet normal 0 1 0
    outer loop
      vertex 37.0323143005 -21.38854599 22.5000019073
      vertex 35.9893989563 -20.9160289764 22.5000019073
      vertex 36.7656326294 -21.3167209625 22.5000019073
    endloop
  endfacet
  facet normal 0 1 0
    outer loop
      vertex 38.1770973206 -21.394241333 22.5000019073
      vertex 38.0173988342 -21.4295883179 22.5000019073
      vertex 38.0423316956 -21.4258899689 22.5000019073
    endloop
  endfacet
  facet normal 0 1 0
    outer loop
      vertex 37.5352706909 -21.4555397034 22.5000019073
      vertex 37.0323143005 -21.38854599 22.5000019073
      vertex 37.3970184326 -21.4484157562 22.5000019073
    endloop
  endfacet
  facet normal 0 1 0
    outer loop
      vertex 38.1770973206 -21.394241333 22.5000019073
      vertex 37.0323143005 -21.38854599 22.5000019073
      vertex 37.9044494629 -21.4382743835 22.5000019073
    endloop
  endfacet
  facet normal 0 1 0
    outer loop
      vertex 39.2243499756 -20.9322624207 22.5000019073
      vertex 38.1770973206 -21.394241333 22.5000019073
      vertex 38.9938392639 -21.0843830109 22.5000019073
    endloop
  endfacet
  facet normal 0 1 0
    outer loop
      vertex 40.3456687927 -18.9950637817 22.5000019073
      vertex 39.9917221069 -20.0832099915 22.5000019073
      vertex 40.3068351746 -19.268497467 22.5000019073
    endloop
  endfacet
  facet normal 0 1 0
    outer loop
      vertex 38.6636009216 -21.2503166199 22.5000019073
      vertex 38.1770973206 -21.394241333 22.5000019073
      vertex 38.5346221924 -21.3005981445 22.5000019073
    endloop
  endfacet
  facet normal 0 1 0
    outer loop
      vertex 40.3359107971 -19.1331520081 22.5000019073
      vertex 40.3068351746 -19.268497467 22.5000019073
      vertex 40.3250656128 -19.1951789856 22.5000019073
    endloop
  endfacet
  facet normal 0 1 0
    outer loop
      vertex 40.2091751099 -19.6249427795 22.5000019073
      vertex 39.9917221069 -20.0832099915 22.5000019073
      vertex 40.1613616943 -19.754858017 22.5000019073
    endloop
  endfacet
  facet normal 0 1 0
    outer loop
      vertex 34.7727012634 -12.8223028183 22.5000019073
      vertex 28.2488269806 -7.47831010818 22.5000019073
      vertex 29.6254253387 -12.160785675 22.5000019073
    endloop
  endfacet
  facet normal 0 1 0
    outer loop
      vertex 39.6098251343 -20.6024799347 22.5000019073
      vertex 39.2243499756 -20.9322624207 22.5000019073
      vertex 39.5128746033 -20.7012958527 22.5000019073
    endloop
  endfacet
  facet normal 0 1 0
    outer loop
      vertex 38.6636009216 -21.2503166199 22.5000019073
      vertex 38.5346221924 -21.3005981445 22.5000019073
      vertex 38.5704689026 -21.2887001038 22.5000019073
    endloop
  endfacet
  facet normal 0 1 0
    outer loop
      vertex 38.9938392639 -21.0843830109 22.5000019073
      vertex 38.1770973206 -21.394241333 22.5000019073
      vertex 38.6636009216 -21.2503166199 22.5000019073
    endloop
  endfacet
  facet normal 0 1 0
    outer loop
      vertex 39.9725341797 -17.3101978302 22.5000019073
      vertex 40.2168388367 -17.840423584 22.5000019073
      vertex 40.0863342285 -17.4946479797 22.5000019073
    endloop
  endfacet
  facet normal 0 1 -0
    outer loop
      vertex 27.3485717773 -6.60970640182 22.5000019073
      vertex 23.4885845184 -10.760474205 22.5000019073
      vertex 27.4631195068 -6.74710607529 22.5000019073
    endloop
  endfacet
  facet normal 0 1 0
    outer loop
      vertex 39.2243499756 -20.9322624207 22.5000019073
      vertex 39.0825271606 -21.0366725922 22.5000019073
      vertex 39.1144714355 -21.0164642334 22.5000019073
    endloop
  endfacet
  facet normal 0 1 0
    outer loop
      vertex 39.6215057373 -16.8441104889 22.5000019073
      vertex 39.9917221069 -20.0832099915 22.5000019073
      vertex 39.9725341797 -17.3101978302 22.5000019073
    endloop
  endfacet
  facet normal 0 1 -0
    outer loop
      vertex 40.3431739807 -18.4106941223 22.5000019073
      vertex 39.9917221069 -20.0832099915 22.5000019073
      vertex 40.3456687927 -18.9950637817 22.5000019073
    endloop
  endfacet
  facet normal 0 1 0
    outer loop
      vertex 39.6098251343 -20.6024799347 22.5000019073
      vertex 39.5128746033 -20.7012958527 22.5000019073
      vertex 39.5315170288 -20.6843681335 22.5000019073
    endloop
  endfacet
  facet normal 0 1 0
    outer loop
      vertex 39.8440246582 -20.3165740967 22.5000019073
      vertex 39.2243499756 -20.9322624207 22.5000019073
      vertex 39.6098251343 -20.6024799347 22.5000019073
    endloop
  endfacet
  facet normal 0 1 -0
    outer loop
      vertex 39.6215057373 -16.8441104889 22.5000019073
      vertex 39.2243499756 -20.9322624207 22.5000019073
      vertex 39.9917221069 -20.0832099915 22.5000019073
    endloop
  endfacet
  facet normal 0 1 0
    outer loop
      vertex 40.3456687927 -18.9950637817 22.5000019073
      vertex 40.3068351746 -19.268497467 22.5000019073
      vertex 40.3359107971 -19.1331520081 22.5000019073
    endloop
  endfacet
  facet normal 0 1 0
    outer loop
      vertex 39.9917221069 -20.0832099915 22.5000019073
      vertex 39.8980865479 -20.2469768524 22.5000019073
      vertex 39.9261169434 -20.2051086426 22.5000019073
    endloop
  endfacet
  facet normal 0 1 0
    outer loop
      vertex 40.2168388367 -17.840423584 22.5000019073
      vertex 40.3431739807 -18.4106941223 22.5000019073
      vertex 40.2874145508 -18.0453414917 22.5000019073
    endloop
  endfacet
  facet normal 0 1 0
    outer loop
      vertex 39.9725341797 -17.3101978302 22.5000019073
      vertex 39.9917221069 -20.0832099915 22.5000019073
      vertex 40.2168388367 -17.840423584 22.5000019073
    endloop
  endfacet
  facet normal 0 1 0
    outer loop
      vertex 40.2091751099 -19.6249427795 22.5000019073
      vertex 40.1613616943 -19.754858017 22.5000019073
      vertex 40.1664581299 -19.7433452606 22.5000019073
    endloop
  endfacet
  facet normal 0 1 0
    outer loop
      vertex 40.3068351746 -19.268497467 22.5000019073
      vertex 39.9917221069 -20.0832099915 22.5000019073
      vertex 40.2091751099 -19.6249427795 22.5000019073
    endloop
  endfacet
  facet normal 0 1 -0
    outer loop
      vertex 25.2029037476 -1.97394394875 22.5000019073
      vertex 22.2632484436 -4.21402168274 22.5000019073
      vertex 25.3714122772 -2.85235071182 22.5000019073
    endloop
  endfacet
  facet normal 0 1 -0
    outer loop
      vertex 28.1178760529 -7.35644245148 22.5000019073
      vertex 24.2742824554 -11.3322706223 22.5000019073
      vertex 28.2488269806 -7.47831010818 22.5000019073
    endloop
  endfacet
  facet normal 0 1 0
    outer loop
      vertex 40.3431739807 -18.4106941223 22.5000019073
      vertex 40.3456687927 -18.9950637817 22.5000019073
      vertex 40.3670883179 -18.6261043549 22.5000019073
    endloop
  endfacet
  facet normal -0 1 0
    outer loop
      vertex 33.1395874023 -18.5942325592 22.5000019073
      vertex 35.8763885498 -20.8360691071 22.5000019073
      vertex 36.250617981 -17.5877723694 22.5000019073
    endloop
  endfacet
  facet normal 0 1 0
    outer loop
      vertex 39.6215057373 -16.8441104889 22.5000019073
      vertex 37.0323143005 -21.38854599 22.5000019073
      vertex 38.1770973206 -21.394241333 22.5000019073
    endloop
  endfacet
  facet normal 0 1 0
    outer loop
      vertex 24.2742824554 -11.3322706223 22.5000019073
      vertex 31.2058944702 -17.0102596283 22.5000019073
      vertex 29.6254253387 -12.160785675 22.5000019073
    endloop
  endfacet
  facet normal 0 1 0
    outer loop
      vertex 36.6248474121 -14.3394775391 22.5000019073
      vertex 34.7727012634 -12.8223028183 22.5000019073
      vertex 33.9357566833 -15.6915683746 22.5000019073
    endloop
  endfacet
  facet normal 0 1 0
    outer loop
      vertex 26.6795005798 -5.77197742462 22.5000019073
      vertex 22.9103603363 -5.86155796051 22.5000019073
      vertex 22.8853855133 -5.92185306549 22.5000019073
    endloop
  endfacet
  facet normal 0 1 0
    outer loop
      vertex 39.6215057373 -16.8441104889 22.5000019073
      vertex 35.9893989563 -20.9160289764 22.5000019073
      vertex 37.0323143005 -21.38854599 22.5000019073
    endloop
  endfacet
  facet normal 0 1 0
    outer loop
      vertex 39.3616485596 -16.5813102722 22.5000019073
      vertex 35.8763885498 -20.8360691071 22.5000019073
      vertex 35.9893989563 -20.9160289764 22.5000019073
    endloop
  endfacet
  facet normal 0 1 0
    outer loop
      vertex 39.6215057373 -16.8441104889 22.5000019073
      vertex 39.9725341797 -17.3101978302 22.5000019073
      vertex 39.7729911804 -16.9991111755 22.5000019073
    endloop
  endfacet
  facet normal 0 1 0
    outer loop
      vertex 24.635137558 -0.17284193635 22.5000019073
      vertex 25.135137558 -0.71116399765 22.5000019073
      vertex 25.1322975159 -0.651273787022 22.5000019073
    endloop
  endfacet
  facet normal 0 1 -0
    outer loop
      vertex 39.3616485596 -16.5813102722 22.5000019073
      vertex 35.9893989563 -20.9160289764 22.5000019073
      vertex 39.6215057373 -16.8441104889 22.5000019073
    endloop
  endfacet
  facet normal 0 1 0
    outer loop
      vertex 24.635137558 -0.17284193635 22.5000019073
      vertex 25.135137558 -0.902774810791 22.5000019073
      vertex 25.135137558 -0.71116399765 22.5000019073
    endloop
  endfacet
  facet normal 0 1 0
    outer loop
      vertex 39.3616485596 -16.5813102722 22.5000019073
      vertex 36.6248474121 -14.3394775391 22.5000019073
      vertex 36.250617981 -17.5877723694 22.5000019073
    endloop
  endfacet
  facet normal 0 1 0
    outer loop
      vertex 25.4051151276 -3.02803325653 22.5000019073
      vertex 22.5618629456 -4.46444702148 22.5000019073
      vertex 22.7605113983 -4.72332954407 22.5000019073
    endloop
  endfacet
  facet normal 0 1 0
    outer loop
      vertex 25.7385520935 -4.04823589325 22.5000019073
      vertex 22.9188785553 -5.14980745316 22.5000019073
      vertex 22.9614715576 -5.47333049774 22.5000019073
    endloop
  endfacet
  facet normal 0 1 0
    outer loop
      vertex 25.2029037476 -1.97394394875 22.5000019073
      vertex 22.2114715576 -4.17429161072 22.5000019073
      vertex 22.2632484436 -4.21402168274 22.5000019073
    endloop
  endfacet
  facet normal 0 1 0
    outer loop
      vertex 19.4252376556 -0.17284193635 22.5000019073
      vertex 20.7114715576 -4.17429161072 22.5000019073
      vertex 20.7717685699 -4.14931678772 22.5000019073
    endloop
  endfacet
  facet normal 0 1 0
    outer loop
      vertex 25.4051151276 -3.02803325653 22.5000019073
      vertex 22.5221309662 -4.41266965866 22.5000019073
      vertex 22.5618629456 -4.46444702148 22.5000019073
    endloop
  endfacet
  facet normal 0 1 0
    outer loop
      vertex 27.3485717773 -6.60970640182 22.5000019073
      vertex 22.5221309662 -6.53398990631 22.5000019073
      vertex 23.4885845184 -10.760474205 22.5000019073
    endloop
  endfacet
  facet normal 0 1 -0
    outer loop
      vertex 25.3714122772 -2.85235071182 22.5000019073
      vertex 22.5221309662 -4.41266965866 22.5000019073
      vertex 25.4051151276 -3.02803325653 22.5000019073
    endloop
  endfacet
  facet normal 0 1 0
    outer loop
      vertex 27.3485717773 -6.60970640182 22.5000019073
      vertex 22.7207794189 -6.27510738373 22.5000019073
      vertex 22.5221309662 -6.53398990631 22.5000019073
    endloop
  endfacet
  facet normal 0 1 -0
    outer loop
      vertex 26.7758235931 -5.92271566391 22.5000019073
      vertex 22.7207794189 -6.27510738373 22.5000019073
      vertex 27.3485717773 -6.60970640182 22.5000019073
    endloop
  endfacet
  facet normal 0 1 0
    outer loop
      vertex 26.6795005798 -5.77197742462 22.5000019073
      vertex 22.8853855133 -5.92185306549 22.5000019073
      vertex 22.7605113983 -6.2233300209 22.5000019073
    endloop
  endfacet
  facet normal 0 1 -0
    outer loop
      vertex 26.6795005798 -5.77197742462 22.5000019073
      vertex 22.7605113983 -6.2233300209 22.5000019073
      vertex 26.7758235931 -5.92271566391 22.5000019073
    endloop
  endfacet
  facet normal 0 1 -0
    outer loop
      vertex 26.1213378906 -4.85661077499 22.5000019073
      vertex 22.9614715576 -5.47333049774 22.5000019073
      vertex 26.1978969574 -5.01828622818 22.5000019073
    endloop
  endfacet
  facet normal 0 1 0
    outer loop
      vertex 25.0549068451 -0.405583292246 22.5000019073
      vertex 25.1322975159 -0.651273787022 22.5000019073
      vertex 25.1097774506 -0.523333966732 22.5000019073
    endloop
  endfacet
  facet normal 0 1 0
    outer loop
      vertex 17.966583252 -0.17284193635 22.5000019073
      vertex 20.1624336243 -4.72332954407 22.5000019073
      vertex 20.2021636963 -4.67155218124 22.5000019073
    endloop
  endfacet
  facet normal 0 1 0
    outer loop
      vertex 25.6829776764 -3.87820100784 22.5000019073
      vertex 22.7605113983 -4.72332954407 22.5000019073
      vertex 22.785484314 -4.78362464905 22.5000019073
    endloop
  endfacet
  facet normal 0 1 0
    outer loop
      vertex 25.6829776764 -3.87820100784 22.5000019073
      vertex 22.785484314 -4.78362464905 22.5000019073
      vertex 22.9103603363 -5.08510160446 22.5000019073
    endloop
  endfacet
  facet normal 0 1 -0
    outer loop
      vertex 25.1916103363 -1.79541456699 22.5000019073
      vertex 22.2114715576 -4.17429161072 22.5000019073
      vertex 25.2029037476 -1.97394394875 22.5000019073
    endloop
  endfacet
  facet normal 0 1 0
    outer loop
      vertex 25.3714122772 -2.85235071182 22.5000019073
      vertex 22.2632484436 -4.21402168274 22.5000019073
      vertex 22.5221309662 -4.41266965866 22.5000019073
    endloop
  endfacet
  facet normal 0 1 0
    outer loop
      vertex 25.1916103363 -1.79541456699 22.5000019073
      vertex 21.9099941254 -4.04941606522 22.5000019073
      vertex 22.2114715576 -4.17429161072 22.5000019073
    endloop
  endfacet
  facet normal 0 1 0
    outer loop
      vertex 24.635137558 -0.17284193635 22.5000019073
      vertex 21.5261764526 -3.9818482399 22.5000019073
      vertex 21.8496990204 -4.02444124222 22.5000019073
    endloop
  endfacet
  facet normal 0 1 0
    outer loop
      vertex 24.7429790497 -0.18703956902 22.5000019073
      vertex 25.1322975159 -0.651273787022 22.5000019073
      vertex 25.0549068451 -0.405583292246 22.5000019073
    endloop
  endfacet
  facet normal 0 1 0
    outer loop
      vertex 25.1322975159 -0.651273787022 22.5000019073
      vertex 25.135137558 -0.71116399765 22.5000019073
      vertex 25.135137558 -0.672841966152 22.5000019073
    endloop
  endfacet
  facet normal 0 1 0
    outer loop
      vertex 25.1097774506 -0.523333966732 22.5000019073
      vertex 25.1322975159 -0.651273787022 22.5000019073
      vertex 25.1181030273 -0.543432533741 22.5000019073
    endloop
  endfacet
  facet normal 0 1 0
    outer loop
      vertex 24.7429790497 -0.18703956902 22.5000019073
      vertex 25.0549068451 -0.405583292246 22.5000019073
      vertex 24.8650398254 -0.231504589319 22.5000019073
    endloop
  endfacet
  facet normal 0 1 0
    outer loop
      vertex 25.0549068451 -0.405583292246 22.5000019073
      vertex 25.1097774506 -0.523333966732 22.5000019073
      vertex 25.068151474 -0.422842234373 22.5000019073
    endloop
  endfacet
  facet normal 0 1 0
    outer loop
      vertex 17.966583252 -0.17284193635 22.5000019073
      vertex 20.2021636963 -4.67155218124 22.5000019073
      vertex 20.4008102417 -4.41266965866 22.5000019073
    endloop
  endfacet
  facet normal 0 1 0
    outer loop
      vertex 24.9714336395 -0.30604532361 22.5000019073
      vertex 25.0549068451 -0.405583292246 22.5000019073
      vertex 24.98869133 -0.319288611412 22.5000019073
    endloop
  endfacet
  facet normal 0 1 0
    outer loop
      vertex 19.4252376556 -0.17284193635 22.5000019073
      vertex 20.7717685699 -4.14931678772 22.5000019073
      vertex 21.0732421875 -4.02444124222 22.5000019073
    endloop
  endfacet
  facet normal 0 1 0
    outer loop
      vertex 24.8650398254 -0.231504589319 22.5000019073
      vertex 24.9714336395 -0.30604532361 22.5000019073
      vertex 24.8851394653 -0.239829435945 22.5000019073
    endloop
  endfacet
  facet normal 0 1 -0
    outer loop
      vertex 24.635137558 -0.17284193635 22.5000019073
      vertex 21.8496990204 -4.02444124222 22.5000019073
      vertex 25.1916103363 -1.79541456699 22.5000019073
    endloop
  endfacet
  facet normal 0 1 0
    outer loop
      vertex 24.7429790497 -0.18703956902 22.5000019073
      vertex 24.8650398254 -0.231504589319 22.5000019073
      vertex 24.764547348 -0.189879223704 22.5000019073
    endloop
  endfacet
  facet normal 0 1 0
    outer loop
      vertex 16.4349994659 -2.55261111259 22.5000019073
      vertex 17.966583252 -0.17284193635 22.5000019073
      vertex 15.8832502365 -0.17284193635 22.5000019073
    endloop
  endfacet
  facet normal 0 1 0
    outer loop
      vertex 16.8398284912 16.2188606262 22.5000019073
      vertex 19.5160427094 19.5727157593 22.5000019073
      vertex 16.705406189 22.0466060638 22.5000019073
    endloop
  endfacet
  facet normal 2.72736038198e-08 1 -1.78628695835e-07
    outer loop
      vertex 23.701341629 27.6057910919 22.5000019073
      vertex 20.5795764923 28.0824317932 22.5000019073
      vertex 20.6123046875 24.7236537933 22.5000038147
    endloop
  endfacet
  facet normal 0 1 0
    outer loop
      vertex 20.4008102417 35.4660110474 22.5000019073
      vertex 20.1624336243 35.7766685486 22.5000019073
      vertex 18.9739589691 34.5736885071 22.5000019073
    endloop
  endfacet
  facet normal 0 1 0
    outer loop
      vertex 25.135137558 10.6504526138 22.5000019073
      vertex 22.4003047943 16.0356712341 22.5000019073
      vertex 19.4252376556 10.1504526138 22.5000019073
    endloop
  endfacet
  facet normal 1.42305438544e-07 1 -5.53390755442e-08
    outer loop
      vertex 20.6123046875 24.7236537933 22.5000038147
      vertex 25.135137558 23.9187583923 22.5000019073
      vertex 23.701341629 27.6057910919 22.5000019073
    endloop
  endfacet
  facet normal 0 1 0
    outer loop
      vertex 17.966583252 10.1504526138 22.5000019073
      vertex 17.0565471649 11.8859634399 22.5000019073
      vertex 15.8832502365 10.1504526138 22.5000019073
    endloop
  endfacet
  facet normal 0 1 0
    outer loop
      vertex 19.4252376556 10.1504526138 22.5000019073
      vertex 17.0565471649 11.8859634399 22.5000019073
      vertex 17.966583252 10.1504526138 22.5000019073
    endloop
  endfacet
  facet normal 0 1 0
    outer loop
      vertex 16.8398284912 16.2188606262 22.5000019073
      vertex 16.705406189 22.0466060638 22.5000019073
      vertex 13.3832521439 10.1504526138 22.5000019073
    endloop
  endfacet
  facet normal 0 1 0
    outer loop
      vertex -17.5439548492 -12.9109773636 22.5000019073
      vertex -21.80427742 -9.41770076752 22.5000019073
      vertex -22.9172897339 -15.6272916794 22.5000019073
    endloop
  endfacet
  facet normal -0 1 0
    outer loop
      vertex -28.308511734 -18.3682231903 22.5000019073
      vertex -24.0124092102 -21.8122634888 22.5000019073
      vertex -22.9172897339 -15.6272916794 22.5000019073
    endloop
  endfacet
  facet normal -2.769961181e-13 1 -1.78240625814e-07
    outer loop
      vertex 22.635137558 40.3665237427 22.5000019073
      vertex 13.3832530975 40.3665084839 22.5000019073
      vertex 18.5219478607 37.0054321289 22.5000038147
    endloop
  endfacet
  facet normal 0 1 0
    outer loop
      vertex 34.7727012634 -12.8223028183 22.5000019073
      vertex 29.6254253387 -12.160785675 22.5000019073
      vertex 31.2058944702 -17.0102596283 22.5000019073
    endloop
  endfacet
  facet normal -0 1 0
    outer loop
      vertex 24.2742824554 -11.3322706223 22.5000019073
      vertex 29.6254253387 -12.160785675 22.5000019073
      vertex 28.2488269806 -7.47831010818 22.5000019073
    endloop
  endfacet
  facet normal -0 1 0
    outer loop
      vertex 18.4976081848 29.0987491608 22.5000019073
      vertex 20.5795764923 28.0824317932 22.5000019073
      vertex 20.9186134338 32.2255172729 22.5000019073
    endloop
  endfacet
  facet normal 8.74844658938e-08 1 -1.79215405183e-07
    outer loop
      vertex 18.4976081848 29.0987491608 22.5000019073
      vertex 20.6123046875 24.7236537933 22.5000038147
      vertex 20.5795764923 28.0824317932 22.5000019073
    endloop
  endfacet
  facet normal 0 1 0
    outer loop
      vertex 25.135137558 26.572435379 22.5000019073
      vertex 25.1832733154 27.0606575012 22.5000019073
      vertex 23.701341629 27.6057910919 22.5000019073
    endloop
  endfacet
  facet normal 0 1 0
    outer loop
      vertex 13.3832521439 -0.172846734524 22.5000019073
      vertex 13.3832530975 -9.40780544281 22.5000019073
      vertex 16.4387149811 -5.7192735672 22.5000019073
    endloop
  endfacet
  facet normal -0 1 0
    outer loop
      vertex 16.4349994659 -2.55261111259 22.5000019073
      vertex 19.9614715576 -5.47333049774 22.5000019073
      vertex 17.966583252 -0.17284193635 22.5000019073
    endloop
  endfacet
  facet normal 0 1 0
    outer loop
      vertex 25.1832733154 27.0606575012 22.5000019073
      vertex 25.1937503815 27.1624698639 22.5000019073
      vertex 23.701341629 27.6057910919 22.5000019073
    endloop
  endfacet
  facet normal 0 1 -0
    outer loop
      vertex 25.135137558 26.572435379 22.5000019073
      vertex 23.701341629 27.6057910919 22.5000019073
      vertex 25.135137558 23.9187583923 22.5000019073
    endloop
  endfacet
  facet normal 0 1 0
    outer loop
      vertex 23.701341629 27.6057910919 22.5000019073
      vertex 20.9186134338 32.2255172729 22.5000019073
      vertex 20.5795764923 28.0824317932 22.5000019073
    endloop
  endfacet
  facet normal 0 1 0
    outer loop
      vertex 25.1937503815 27.1624698639 22.5000019073
      vertex 25.3363018036 27.6318912506 22.5000019073
      vertex 23.701341629 27.6057910919 22.5000019073
    endloop
  endfacet
  facet normal 0 1 0
    outer loop
      vertex 25.3363018036 27.6318912506 22.5000019073
      vertex 25.3672885895 27.7294387817 22.5000019073
      vertex 23.701341629 27.6057910919 22.5000019073
    endloop
  endfacet
  facet normal 0 1 -0
    outer loop
      vertex 20.361082077 35.5177879333 22.5000019073
      vertex 20.1624336243 35.7766685486 22.5000019073
      vertex 20.4008102417 35.4660110474 22.5000019073
    endloop
  endfacet
  facet normal -1.33743739639e-07 1 -1.24441598359e-07
    outer loop
      vertex 28.0134830475 31.3509216309 22.5000038147
      vertex 28.0463542938 36.2004089355 22.5000019073
      vertex 25.7145614624 33.6943130493 22.5000019073
    endloop
  endfacet
  facet normal 0 1 0
    outer loop
      vertex 25.598772049 28.1619796753 22.5000019073
      vertex 24.2947006226 31.6082324982 22.5000019073
      vertex 25.3672885895 27.7294387817 22.5000019073
    endloop
  endfacet
  facet normal 7.29947524647e-09 1 1.17858839133e-07
    outer loop
      vertex 20.6123046875 24.7236537933 22.5000038147
      vertex 19.5160427094 19.5727157593 22.5000019073
      vertex 22.0103721619 19.7271995544 22.5000019073
    endloop
  endfacet
  facet normal 0 1 0
    outer loop
      vertex 20.1624336243 35.7766685486 22.5000019073
      vertex 20.1374568939 35.8369636536 22.5000019073
      vertex 18.9739589691 34.5736885071 22.5000019073
    endloop
  endfacet
  facet normal 0 1 0
    outer loop
      vertex 20.1374568939 35.8369636536 22.5000019073
      vertex 20.0125827789 36.1384429932 22.5000019073
      vertex 18.9739589691 34.5736885071 22.5000019073
    endloop
  endfacet
  facet normal 0 1 0
    outer loop
      vertex 25.6489715576 28.2511711121 22.5000019073
      vertex 24.2947006226 31.6082324982 22.5000019073
      vertex 25.598772049 28.1619796753 22.5000019073
    endloop
  endfacet
  facet normal -1.53850635343e-07 1 -1.04716264104e-07
    outer loop
      vertex 28.0134830475 31.3509216309 22.5000038147
      vertex 25.7145614624 33.6943130493 22.5000019073
      vertex 24.2947006226 31.6082324982 22.5000019073
    endloop
  endfacet
  facet normal 1.17996137305e-06 1 -1.55350065256e-07
    outer loop
      vertex 20.0040626526 36.2031478882 22.5000019073
      vertex 19.3936195374 36.9834518433 22.5000038147
      vertex 20.0125827789 36.1384429932 22.5000019073
    endloop
  endfacet
  facet normal 0 1 0
    outer loop
      vertex 19.2790603638 14.8133087158 22.5000019073
      vertex 21.181388855 17.023147583 22.5000019073
      vertex 19.5160427094 19.5727157593 22.5000019073
    endloop
  endfacet
  facet normal -1.35591022854e-07 1 2.90619386334e-08
    outer loop
      vertex 15.7792825699 29.187625885 22.5000019073
      vertex 18.5219478607 37.0054321289 22.5000038147
      vertex 13.3832530975 40.3665084839 22.5000019073
    endloop
  endfacet
  facet normal 1.1799531876e-06 1 -1.55343713004e-07
    outer loop
      vertex 19.9614715576 36.5266685486 22.5000019073
      vertex 19.3936195374 36.9834518433 22.5000038147
      vertex 20.0040626526 36.2031478882 22.5000019073
    endloop
  endfacet
  facet normal 0 1 0
    outer loop
      vertex 25.9604663849 28.6301841736 22.5000019073
      vertex 24.2947006226 31.6082324982 22.5000019073
      vertex 25.6489715576 28.2511711121 22.5000019073
    endloop
  endfacet
  facet normal 1.16942437955e-07 1 8.71794441082e-08
    outer loop
      vertex 20.6123046875 24.7236537933 22.5000038147
      vertex 22.0103721619 19.7271995544 22.5000019073
      vertex 25.135137558 23.9187583923 22.5000019073
    endloop
  endfacet
  facet normal -1.85671623854e-07 1 -4.71857894979e-08
    outer loop
      vertex 16.705406189 22.0466060638 22.5000019073
      vertex 20.6123046875 24.7236537933 22.5000038147
      vertex 18.4976081848 29.0987491608 22.5000019073
    endloop
  endfacet
  facet normal 0 1 0
    outer loop
      vertex 18.8879699707 -9.40780544281 22.5000019073
      vertex 19.9614715576 -5.47333049774 22.5000019073
      vertex 16.4387149811 -5.7192735672 22.5000019073
    endloop
  endfacet
  facet normal 0 1 0
    outer loop
      vertex 26.0277767181 28.7072849274 22.5000019073
      vertex 24.2947006226 31.6082324982 22.5000019073
      vertex 25.9604663849 28.6301841736 22.5000019073
    endloop
  endfacet
  facet normal 9.53965241024e-07 1 1.25596130829e-07
    outer loop
      vertex 19.9699897766 36.5913734436 22.5000019073
      vertex 19.3936195374 36.9834518433 22.5000038147
      vertex 19.9614715576 36.5266685486 22.5000019073
    endloop
  endfacet
  facet normal 9.53968537942e-07 1 1.25591341771e-07
    outer loop
      vertex 20.0125827789 36.9148979187 22.5000019073
      vertex 19.3936195374 36.9834518433 22.5000038147
      vertex 19.9699897766 36.5913734436 22.5000019073
    endloop
  endfacet
  facet normal 5.34646062533e-07 1 6.96767699537e-07
    outer loop
      vertex 20.7114715576 37.8257064819 22.5000019073
      vertex 18.5219478607 37.0054321289 22.5000038147
      vertex 20.4525871277 37.6270561218 22.5000019073
    endloop
  endfacet
  facet normal 0 1 0
    outer loop
      vertex 16.8398284912 16.2188606262 22.5000019073
      vertex 17.0565471649 11.8859634399 22.5000019073
      vertex 19.2790603638 14.8133087158 22.5000019073
    endloop
  endfacet
  facet normal -1.75772825628e-07 1 2.12114642295e-07
    outer loop
      vertex 24.2947006226 31.6082324982 22.5000019073
      vertex 27.0142841339 29.3545970917 22.5000019073
      vertex 28.0134830475 31.3509216309 22.5000038147
    endloop
  endfacet
  facet normal 0 1 0
    outer loop
      vertex 16.4349994659 -2.55261111259 22.5000019073
      vertex 16.4387149811 -5.7192735672 22.5000019073
      vertex 19.9614715576 -5.47333049774 22.5000019073
    endloop
  endfacet
  facet normal 0 1 0
    outer loop
      vertex 15.7792825699 29.187625885 22.5000019073
      vertex 16.705406189 22.0466060638 22.5000019073
      vertex 18.4976081848 29.0987491608 22.5000019073
    endloop
  endfacet
  facet normal 0 1 -0
    outer loop
      vertex 15.7792825699 29.187625885 22.5000019073
      vertex 13.3832521439 10.1504526138 22.5000019073
      vertex 16.705406189 22.0466060638 22.5000019073
    endloop
  endfacet
  facet normal 0 1 -0
    outer loop
      vertex 24.2947006226 31.6082324982 22.5000019073
      vertex 23.701341629 27.6057910919 22.5000019073
      vertex 25.3672885895 27.7294387817 22.5000019073
    endloop
  endfacet
  facet normal 0 1 0
    outer loop
      vertex 25.135137558 10.6504526138 22.5000019073
      vertex 25.135137558 23.9187583923 22.5000019073
      vertex 22.4003047943 16.0356712341 22.5000019073
    endloop
  endfacet
  facet normal 0 1 0
    outer loop
      vertex 26.4072914124 29.0181655884 22.5000019073
      vertex 24.2947006226 31.6082324982 22.5000019073
      vertex 26.0277767181 28.7072849274 22.5000019073
    endloop
  endfacet
  facet normal 0 1 0
    outer loop
      vertex 19.4252376556 10.1504526138 22.5000019073
      vertex 19.2790603638 14.8133087158 22.5000019073
      vertex 17.0565471649 11.8859634399 22.5000019073
    endloop
  endfacet
  facet normal 0 1 -0
    outer loop
      vertex 15.8832502365 -0.17284193635 22.5000019073
      vertex 13.3832521439 -0.172846734524 22.5000019073
      vertex 16.4349994659 -2.55261111259 22.5000019073
    endloop
  endfacet
  facet normal 0 1 0
    outer loop
      vertex 13.3832521439 10.1504526138 22.5000019073
      vertex 15.7792825699 29.187625885 22.5000019073
      vertex 13.3832530975 40.3665084839 22.5000019073
    endloop
  endfacet
  facet normal 0 1 0
    outer loop
      vertex 20.9186134338 32.2255172729 22.5000019073
      vertex 20.7114715576 35.2276306152 22.5000019073
      vertex 18.9739589691 34.5736885071 22.5000019073
    endloop
  endfacet
  facet normal 0 1 0
    outer loop
      vertex -22.9172897339 -15.6272916794 22.5000019073
      vertex -21.80427742 -9.41770076752 22.5000019073
      vertex -28.308511734 -18.3682231903 22.5000019073
    endloop
  endfacet
  facet normal -0 1 0
    outer loop
      vertex 22.4703540802 35.4262809753 22.5000019073
      vertex 24.2947006226 31.6082324982 22.5000019073
      vertex 22.5221309662 35.4660110474 22.5000019073
    endloop
  endfacet
  facet normal -0 1 0
    outer loop
      vertex 22.2114715576 35.2276306152 22.5000019073
      vertex 24.2947006226 31.6082324982 22.5000019073
      vertex 22.4703540802 35.4262809753 22.5000019073
    endloop
  endfacet
  facet normal 0 1 0
    outer loop
      vertex 26.4888935089 29.0799484253 22.5000019073
      vertex 24.2947006226 31.6082324982 22.5000019073
      vertex 26.4072914124 29.0181655884 22.5000019073
    endloop
  endfacet
  facet normal 0 1 0
    outer loop
      vertex 22.5221309662 35.4660110474 22.5000019073
      vertex 24.2947006226 31.6082324982 22.5000019073
      vertex 25.7145614624 33.6943130493 22.5000019073
    endloop
  endfacet
  facet normal 9.25423876197e-07 1 3.83325271969e-07
    outer loop
      vertex 20.0375576019 36.9751930237 22.5000019073
      vertex 19.3936195374 36.9834518433 22.5000038147
      vertex 20.0125827789 36.9148979187 22.5000019073
    endloop
  endfacet
  facet normal 9.2542393304e-07 1 3.83323396136e-07
    outer loop
      vertex 20.1624336243 37.2766685486 22.5000019073
      vertex 19.3936195374 36.9834518433 22.5000038147
      vertex 20.0375576019 36.9751930237 22.5000019073
    endloop
  endfacet
  facet normal 0 1 0
    outer loop
      vertex 21.181388855 17.023147583 22.5000019073
      vertex 22.0103721619 19.7271995544 22.5000019073
      vertex 19.5160427094 19.5727157593 22.5000019073
    endloop
  endfacet
  facet normal 0 1 -0
    outer loop
      vertex 16.8398284912 16.2188606262 22.5000019073
      vertex 13.3832521439 10.1504526138 22.5000019073
      vertex 17.0565471649 11.8859634399 22.5000019073
    endloop
  endfacet
  facet normal 1.11850518181e-07 1 3.56075645414e-07
    outer loop
      vertex 27.4293613434 29.4849815369 22.5000019073
      vertex 28.0134830475 31.3509216309 22.5000038147
      vertex 27.0142841339 29.3545970917 22.5000019073
    endloop
  endfacet
  facet normal -0 1 0
    outer loop
      vertex 16.8398284912 16.2188606262 22.5000019073
      vertex 19.2790603638 14.8133087158 22.5000019073
      vertex 19.5160427094 19.5727157593 22.5000019073
    endloop
  endfacet
  facet normal 8.42583602889e-08 1 3.47438088966e-07
    outer loop
      vertex 27.5288257599 29.509103775 22.5000019073
      vertex 28.0134830475 31.3509216309 22.5000038147
      vertex 27.4293613434 29.4849815369 22.5000019073
    endloop
  endfacet
  facet normal 3.81947359074e-07 1 2.89174181489e-07
    outer loop
      vertex 22.635137558 40.3665237427 22.5000019073
      vertex 18.5219478607 37.0054321289 22.5000038147
      vertex 20.7114715576 37.8257064819 22.5000019073
    endloop
  endfacet
  facet normal 0 1 0
    outer loop
      vertex 13.3832521439 -0.172846734524 22.5000019073
      vertex 16.4387149811 -5.7192735672 22.5000019073
      vertex 16.4349994659 -2.55261111259 22.5000019073
    endloop
  endfacet
  facet normal 0 1 0
    outer loop
      vertex 19.9699897766 -5.40862464905 22.5000019073
      vertex 17.966583252 -0.17284193635 22.5000019073
      vertex 19.9614715576 -5.47333049774 22.5000019073
    endloop
  endfacet
  facet normal 0 1 0
    outer loop
      vertex 20.0125827789 -5.08510160446 22.5000019073
      vertex 17.966583252 -0.17284193635 22.5000019073
      vertex 19.9699897766 -5.40862464905 22.5000019073
    endloop
  endfacet
  facet normal 0 1 0
    outer loop
      vertex 33.1395874023 -18.5942325592 22.5000019073
      vertex 36.250617981 -17.5877723694 22.5000019073
      vertex 36.6248474121 -14.3394775391 22.5000019073
    endloop
  endfacet
  facet normal 0 1 0
    outer loop
      vertex 39.3616485596 -16.5813102722 22.5000019073
      vertex 36.250617981 -17.5877723694 22.5000019073
      vertex 35.8763885498 -20.8360691071 22.5000019073
    endloop
  endfacet
  facet normal 0 1 0
    outer loop
      vertex 20.0375576019 -5.02480649948 22.5000019073
      vertex 17.966583252 -0.17284193635 22.5000019073
      vertex 20.0125827789 -5.08510160446 22.5000019073
    endloop
  endfacet
  facet normal 0 1 0
    outer loop
      vertex 20.9186134338 32.2255172729 22.5000019073
      vertex 18.9739589691 34.5736885071 22.5000019073
      vertex 18.4976081848 29.0987491608 22.5000019073
    endloop
  endfacet
  facet normal 0 1 0
    outer loop
      vertex 20.1624336243 -4.72332954407 22.5000019073
      vertex 17.966583252 -0.17284193635 22.5000019073
      vertex 20.0375576019 -5.02480649948 22.5000019073
    endloop
  endfacet
  facet normal 4.40760956621e-08 1 3.36864502515e-07
    outer loop
      vertex 27.960226059 29.5655479431 22.5000019073
      vertex 28.0134830475 31.3509216309 22.5000038147
      vertex 27.5288257599 29.509103775 22.5000019073
    endloop
  endfacet
  facet normal 0 1 0
    outer loop
      vertex 19.2790603638 14.8133087158 22.5000019073
      vertex 22.4003047943 16.0356712341 22.5000019073
      vertex 21.181388855 17.023147583 22.5000019073
    endloop
  endfacet
  facet normal 0 1 0
    outer loop
      vertex -28.308511734 -18.3682231903 22.5000019073
      vertex -27.0929870605 -21.3735027313 22.5000019073
      vertex -24.0124092102 -21.8122634888 22.5000019073
    endloop
  endfacet
  facet normal 0 1 0
    outer loop
      vertex -25.8008728027 -24.2733802795 22.5000019073
      vertex -27.0929870605 -21.3735027313 22.5000019073
      vertex -30.2501583099 -21.0401363373 22.5000019073
    endloop
  endfacet
  facet normal -0 1 0
    outer loop
      vertex 22.0103721619 19.7271995544 22.5000019073
      vertex 22.4003047943 16.0356712341 22.5000019073
      vertex 25.135137558 23.9187583923 22.5000019073
    endloop
  endfacet
  facet normal 1.10470042003e-08 1 3.35879263957e-07
    outer loop
      vertex 28.0625209808 29.5689125061 22.5000019073
      vertex 28.0134830475 31.3509216309 22.5000038147
      vertex 27.960226059 29.5655479431 22.5000019073
    endloop
  endfacet
  facet normal 2.3243021019e-07 1 1.90536084688e-07
    outer loop
      vertex 32.6168632507 33.8222808838 22.5000019073
      vertex 28.0134830475 31.3509216309 22.5000038147
      vertex 29.0227508545 29.4379138947 22.5000019073
    endloop
  endfacet
  facet normal 0 1 -0
    outer loop
      vertex 20.4008102417 35.4660110474 22.5000019073
      vertex 18.9739589691 34.5736885071 22.5000019073
      vertex 20.7114715576 35.2276306152 22.5000019073
    endloop
  endfacet
  facet normal -1.48679495382e-08 1 3.3659242149e-07
    outer loop
      vertex 28.497171402 29.5497131348 22.5000019073
      vertex 28.0134830475 31.3509216309 22.5000038147
      vertex 28.0625209808 29.5689125061 22.5000019073
    endloop
  endfacet
  facet normal 3.1624267649e-07 1 1.87575537325e-07
    outer loop
      vertex 15.7792825699 29.187625885 22.5000019073
      vertex 18.9739589691 34.5736885071 22.5000019073
      vertex 18.5219478607 37.0054321289 22.5000038147
    endloop
  endfacet
  facet normal -0 1 0
    outer loop
      vertex 19.2790603638 14.8133087158 22.5000019073
      vertex 19.4252376556 10.1504526138 22.5000019073
      vertex 22.4003047943 16.0356712341 22.5000019073
    endloop
  endfacet
  facet normal -6.24252916026e-09 1 2.47518926244e-07
    outer loop
      vertex 19.3936195374 36.9834518433 22.5000038147
      vertex 18.5219478607 37.0054321289 22.5000038147
      vertex 18.9739589691 34.5736885071 22.5000019073
    endloop
  endfacet
  facet normal 0 1 0
    outer loop
      vertex 31.2058944702 -17.0102596283 22.5000019073
      vertex 33.9357566833 -15.6915683746 22.5000019073
      vertex 34.7727012634 -12.8223028183 22.5000019073
    endloop
  endfacet
  facet normal 0 1 0
    outer loop
      vertex 36.6248474121 -14.3394775391 22.5000019073
      vertex 33.9357566833 -15.6915683746 22.5000019073
      vertex 33.1395874023 -18.5942325592 22.5000019073
    endloop
  endfacet
endsolid "bust_1"
