solid "bust_2"
  facet normal -0.36835578084 -0.00268097314984 0.929681062698
    outer loop
      vertex 29.0227508545 29.4379138947 22.5000019073
      vertex 29.1179027557 29.4002113342 22.5000019073
      vertex 28.9489555359 29.459941864 25
    endloop
  endfacet
  facet normal -0.216661080718 0.00220705429092 0.976244390011
    outer loop
      vertex 28.9489555359 29.459941864 25
      vertex 28.5980091095 29.5321769714 22.5000019073
      vertex 29.0227508545 29.4379138947 22.5000019073
    endloop
  endfacet
  facet normal 7.98765285026e-08 -1 -3.59912434078e-07
    outer loop
      vertex 28.5980091095 29.5321769714 22.5000019073
      vertex 28.0372867584 31.3211402893 22.5000038147
      vertex 29.0227508545 29.4379138947 22.5000019073
    endloop
  endfacet
  facet normal -2.36861353642e-07 -1 -1.94168549683e-07
    outer loop
      vertex 32.6168632507 33.8222808838 22.5000019073
      vertex 29.0227508545 29.4379138947 22.5000019073
      vertex 28.0372867584 31.3211402893 22.5000038147
    endloop
  endfacet
  facet normal -6.38237267481e-08 -1 1.22662370927e-07
    outer loop
      vertex 32.6168632507 33.8222808838 22.5000019073
      vertex 28.0372867584 31.3211402893 22.5000038147
      vertex 29.2933158875 35.5515899658 22.5000019073
    endloop
  endfacet
  facet normal 0.46157643199 0 -0.887100458145
    outer loop
      vertex 32.6168632507 33.8222808838 25
      vertex 32.6168632507 33.8222808838 22.5000019073
      vertex 29.2933158875 35.5515899658 22.5000019073
    endloop
  endfacet
  facet normal 0.461576193571 3.85616829135e-07 -0.887100577354
    outer loop
      vertex 25.135137558 37.715171814 25
      vertex 32.6168632507 33.8222808838 25
      vertex 29.2933158875 35.5515899658 22.5000019073
    endloop
  endfacet
  facet normal 0.46157643199 9.120360005e-07 -0.887100458145
    outer loop
      vertex 25.135137558 37.715171814 25
      vertex 29.2933158875 35.5515899658 22.5000019073
      vertex 28.0463542938 36.2004089355 22.5000019073
    endloop
  endfacet
  facet normal 0.461575835943 0 -0.887100756168
    outer loop
      vertex 25.135137558 37.715171814 25
      vertex 28.0463542938 36.2004089355 22.5000019073
      vertex 25.135137558 37.715171814 22.5000019073
    endloop
  endfacet
  facet normal 1 0 0
    outer loop
      vertex 25.135137558 37.715171814 25
      vertex 25.135137558 37.715171814 22.5000019073
      vertex 25.135137558 37.8412971497 22.5000019073
    endloop
  endfacet
  facet normal 1 0 -0
    outer loop
      vertex 25.135137558 37.8665237427 25
      vertex 25.135137558 37.715171814 25
      vertex 25.135137558 37.8412971497 22.5000019073
    endloop
  endfacet
  facet normal 1 0 0
    outer loop
      vertex 25.135137558 37.8665237427 25
      vertex 25.135137558 37.8412971497 22.5000019073
      vertex 25.135137558 37.8665237427 22.5000019073
    endloop
  endfacet
  facet normal 0.993713736534 0 -0.111950747669
    outer loop
      vertex 25.135137558 37.8665237427 22.5000019073
      vertex 25.1246929169 37.9592437744 22.5000019073
      vertex 25.135137558 37.8665237427 25
    endloop
  endfacet
  facet normal 0.993712663651 3.71160524537e-07 -0.111960627139
    outer loop
      vertex 25.0724601746 38.4228286743 25
      vertex 25.135137558 37.8665237427 25
      vertex 25.1246929169 37.9592437744 22.5000019073
    endloop
  endfacet
  facet normal 0.993712425232 0 -0.111962601542
    outer loop
      vertex 25.0724601746 38.4228286743 25
      vertex 25.1246929169 37.9592437744 22.5000019073
      vertex 25.0724601746 38.4228286743 22.5000019073
    endloop
  endfacet
  facet normal 0.94388115406 0 -0.330285221338
    outer loop
      vertex 25.0724601746 38.4228286743 22.5000019073
      vertex 25.0416431427 38.5108985901 22.5000019073
      vertex 25.0724601746 38.4228286743 25
    endloop
  endfacet
  facet normal 0.94388115406 0 -0.330285221338
    outer loop
      vertex 24.8875579834 38.9512329102 25
      vertex 25.0724601746 38.4228286743 25
      vertex 25.0416431427 38.5108985901 22.5000019073
    endloop
  endfacet
  facet normal 0.94388115406 0 -0.330285221338
    outer loop
      vertex 24.8875579834 38.9512329102 25
      vertex 25.0416431427 38.5108985901 22.5000019073
      vertex 24.8875579834 38.9512329102 22.5000019073
    endloop
  endfacet
  facet normal 0.846726119518 0 -0.532028973103
    outer loop
      vertex 24.8875579834 38.9512329102 22.5000019073
      vertex 24.8379192352 39.0302352905 22.5000019073
      vertex 24.8875579834 38.9512329102 25
    endloop
  endfacet
  facet normal 0.84672665596 -3.47195765471e-08 -0.532028198242
    outer loop
      vertex 24.589717865 39.4252510071 25
      vertex 24.8875579834 38.9512329102 25
      vertex 24.8379192352 39.0302352905 22.5000019073
    endloop
  endfacet
  facet normal 0.846726715565 0 -0.532028079033
    outer loop
      vertex 24.589717865 39.4252510071 25
      vertex 24.8379192352 39.0302352905 22.5000019073
      vertex 24.589717865 39.4252510071 22.5000019073
    endloop
  endfacet
  facet normal 0.707106769085 0 -0.707106769085
    outer loop
      vertex 24.589717865 39.4252510071 22.5000019073
      vertex 24.5237407684 39.4912261963 22.5000019073
      vertex 24.589717865 39.4252510071 25
    endloop
  endfacet
  facet normal 0.707106769085 0 -0.707106769085
    outer loop
      vertex 24.193862915 39.821105957 25
      vertex 24.589717865 39.4252510071 25
      vertex 24.5237407684 39.4912261963 22.5000019073
    endloop
  endfacet
  facet normal 0.707106769085 0 -0.707106769085
    outer loop
      vertex 24.193862915 39.821105957 25
      vertex 24.5237407684 39.4912261963 22.5000019073
      vertex 24.193862915 39.821105957 22.5000019073
    endloop
  endfacet
  facet normal 0.532028973103 0 -0.846726119518
    outer loop
      vertex 24.193862915 39.821105957 22.5000019073
      vertex 24.1148605347 39.8707466125 22.5000019073
      vertex 24.193862915 39.821105957 25
    endloop
  endfacet
  facet normal 0.532030105591 -5.0274223895e-08 -0.846725404263
    outer loop
      vertex 23.7198486328 40.1189460754 25
      vertex 24.193862915 39.821105957 25
      vertex 24.1148605347 39.8707466125 22.5000019073
    endloop
  endfacet
  facet normal 0.532030344009 0 -0.846725285053
    outer loop
      vertex 23.7198486328 40.1189460754 25
      vertex 24.1148605347 39.8707466125 22.5000019073
      vertex 23.7198486328 40.1189460754 22.5000019073
    endloop
  endfacet
  facet normal 0.330285221338 0 -0.94388115406
    outer loop
      vertex 23.7198486328 40.1189460754 22.5000019073
      vertex 23.6317806244 40.1497650146 22.5000019073
      vertex 23.7198486328 40.1189460754 25
    endloop
  endfacet
  facet normal 0.330280065536 2.03554236577e-07 -0.943883001804
    outer loop
      vertex 23.1914424896 40.3038444519 25
      vertex 23.7198486328 40.1189460754 25
      vertex 23.6317806244 40.1497650146 22.5000019073
    endloop
  endfacet
  facet normal 0.330279052258 0 -0.943883359432
    outer loop
      vertex 23.1914424896 40.3038444519 25
      vertex 23.6317806244 40.1497650146 22.5000019073
      vertex 23.1914424896 40.3038444519 22.5000019073
    endloop
  endfacet
  facet normal 0.111950747669 0 -0.993713736534
    outer loop
      vertex 23.1914424896 40.3038444519 22.5000019073
      vertex 23.0987224579 40.314289093 22.5000019073
      vertex 23.1914424896 40.3038444519 25
    endloop
  endfacet
  facet normal 0.111960627139 -3.71160524537e-07 -0.993712663651
    outer loop
      vertex 22.635137558 40.3665237427 25
      vertex 23.1914424896 40.3038444519 25
      vertex 23.0987224579 40.314289093 22.5000019073
    endloop
  endfacet
  facet normal 0.111962601542 0 -0.993712425232
    outer loop
      vertex 22.635137558 40.3665237427 25
      vertex 23.0987224579 40.314289093 22.5000019073
      vertex 22.635137558 40.3665237427 22.5000019073
    endloop
  endfacet
  facet normal -0 -0 -1
    outer loop
      vertex 22.635137558 40.3665237427 25
      vertex 22.635137558 40.3665237427 22.5000019073
      vertex 15.8832502365 40.3665237427 25
    endloop
  endfacet
  facet normal 0 1 0
    outer loop
      vertex 20.7114715576 37.8257064819 25
      vertex 22.635137558 40.3665237427 25
      vertex 15.8832502365 40.3665237427 25
    endloop
  endfacet
  facet normal 0 1 0
    outer loop
      vertex 20.7114715576 37.8257064819 25
      vertex 15.8832502365 40.3665237427 25
      vertex 20.4008102417 37.5873298645 25
    endloop
  endfacet
  facet normal 0.608757436275 3.50737906274e-07 0.79335641861
    outer loop
      vertex 20.7114715576 37.8257064819 25
      vertex 20.4008102417 37.5873298645 25
      vertex 20.4525871277 37.6270561218 22.5000019073
    endloop
  endfacet
  facet normal 0.608759582043 0 0.79335474968
    outer loop
      vertex 20.7114715576 37.8257064819 25
      vertex 20.4525871277 37.6270561218 22.5000019073
      vertex 20.7114715576 37.8257064819 22.5000019073
    endloop
  endfacet
  facet normal 0.382700920105 -0 0.923872292042
    outer loop
      vertex 20.7114715576 37.8257064819 22.5000019073
      vertex 20.7717685699 37.8506813049 22.5000019073
      vertex 20.7114715576 37.8257064819 25
    endloop
  endfacet
  facet normal 0.38269174099 -2.59371120137e-07 0.923876106739
    outer loop
      vertex 21.0732421875 37.9755592346 25
      vertex 20.7114715576 37.8257064819 25
      vertex 20.7717685699 37.8506813049 22.5000019073
    endloop
  endfacet
  facet normal 0.382689923048 0 0.923876821995
    outer loop
      vertex 21.0732421875 37.9755592346 25
      vertex 20.7717685699 37.8506813049 22.5000019073
      vertex 21.0732421875 37.9755592346 22.5000019073
    endloop
  endfacet
  facet normal 0.130530491471 -0 0.991444289684
    outer loop
      vertex 21.0732421875 37.9755592346 22.5000019073
      vertex 21.1379489899 37.9840774536 22.5000019073
      vertex 21.0732421875 37.9755592346 25
    endloop
  endfacet
  facet normal 0.130520045757 -2.75074796718e-07 0.991445660591
    outer loop
      vertex 21.4614715576 38.0266685486 25
      vertex 21.0732421875 37.9755592346 25
      vertex 21.1379489899 37.9840774536 22.5000019073
    endloop
  endfacet
  facet normal 0.130517959595 0 0.991445958614
    outer loop
      vertex 21.4614715576 38.0266685486 25
      vertex 21.1379489899 37.9840774536 22.5000019073
      vertex 21.4614715576 38.0266685486 22.5000019073
    endloop
  endfacet
  facet normal -0.130530491471 0 0.991444289684
    outer loop
      vertex 21.4614715576 38.0266685486 22.5000019073
      vertex 21.5261764526 38.0181503296 22.5000019073
      vertex 21.4614715576 38.0266685486 25
    endloop
  endfacet
  facet normal -0.130520835519 2.54223095908e-07 0.991445541382
    outer loop
      vertex 21.8496990204 37.9755592346 25
      vertex 21.4614715576 38.0266685486 25
      vertex 21.5261764526 38.0181503296 22.5000019073
    endloop
  endfacet
  facet normal -0.130518913269 0 0.991445839405
    outer loop
      vertex 21.8496990204 37.9755592346 25
      vertex 21.5261764526 38.0181503296 22.5000019073
      vertex 21.8496990204 37.9755592346 22.5000019073
    endloop
  endfacet
  facet normal -0.382700920105 0 0.923872292042
    outer loop
      vertex 21.8496990204 37.9755592346 22.5000019073
      vertex 21.9099941254 37.9505844116 22.5000019073
      vertex 21.8496990204 37.9755592346 25
    endloop
  endfacet
  facet normal -0.382689595222 3.20509258245e-07 0.923877000809
    outer loop
      vertex 22.2114715576 37.8257064819 25
      vertex 21.8496990204 37.9755592346 25
      vertex 21.9099941254 37.9505844116 22.5000019073
    endloop
  endfacet
  facet normal -0.382687330246 0 0.923877894878
    outer loop
      vertex 22.2114715576 37.8257064819 25
      vertex 21.9099941254 37.9505844116 22.5000019073
      vertex 22.2114715576 37.8257064819 22.5000019073
    endloop
  endfacet
  facet normal -0.608746767044 0 0.793364584446
    outer loop
      vertex 22.2114715576 37.8257064819 22.5000019073
      vertex 22.2632484436 37.7859764099 22.5000019073
      vertex 22.2114715576 37.8257064819 25
    endloop
  endfacet
  facet normal -0.608760356903 -4.47990316843e-07 0.793354153633
    outer loop
      vertex 22.5221309662 37.5873298645 25
      vertex 22.2114715576 37.8257064819 25
      vertex 22.2632484436 37.7859764099 22.5000019073
    endloop
  endfacet
  facet normal -0.608763098717 0 0.793352067471
    outer loop
      vertex 22.5221309662 37.5873298645 25
      vertex 22.2632484436 37.7859764099 22.5000019073
      vertex 22.5221309662 37.5873298645 22.5000019073
    endloop
  endfacet
  facet normal -0.793346881866 0 0.608769893646
    outer loop
      vertex 22.5221309662 37.5873298645 22.5000019073
      vertex 22.5618629456 37.5355529785 22.5000019073
      vertex 22.5221309662 37.5873298645 25
    endloop
  endfacet
  facet normal -0.793351173401 -1.85719486012e-07 0.608764231205
    outer loop
      vertex 22.7605113983 37.2766685486 25
      vertex 22.5221309662 37.5873298645 25
      vertex 22.5618629456 37.5355529785 22.5000019073
    endloop
  endfacet
  facet normal -0.793352067471 0 0.608763098717
    outer loop
      vertex 22.7605113983 37.2766685486 25
      vertex 22.5618629456 37.5355529785 22.5000019073
      vertex 22.7605113983 37.2766685486 22.5000019073
    endloop
  endfacet
  facet normal -0.923885285854 0 0.382669597864
    outer loop
      vertex 22.7605113983 37.2766685486 22.5000019073
      vertex 22.785484314 37.2163734436 22.5000019073
      vertex 22.7605113983 37.2766685486 25
    endloop
  endfacet
  facet normal -0.923880398273 3.31000791221e-07 0.382681310177
    outer loop
      vertex 22.9103603363 36.9148979187 25
      vertex 22.7605113983 37.2766685486 25
      vertex 22.785484314 37.2163734436 22.5000019073
    endloop
  endfacet
  facet normal -0.923879444599 0 0.382683634758
    outer loop
      vertex 22.9103603363 36.9148979187 25
      vertex 22.785484314 37.2163734436 22.5000019073
      vertex 22.9103603363 36.9148979187 22.5000019073
    endloop
  endfacet
  facet normal -0.991444289684 0 0.130530491471
    outer loop
      vertex 22.9103603363 36.9148979187 22.5000019073
      vertex 22.9188785553 36.8501930237 22.5000019073
      vertex 22.9103603363 36.9148979187 25
    endloop
  endfacet
  facet normal -0.991444885731 -1.16684077511e-07 0.130526065826
    outer loop
      vertex 22.9614715576 36.5266685486 25
      vertex 22.9103603363 36.9148979187 25
      vertex 22.9188785553 36.8501930237 22.5000019073
    endloop
  endfacet
  facet normal -0.99144500494 0 0.130525171757
    outer loop
      vertex 22.9614715576 36.5266685486 25
      vertex 22.9188785553 36.8501930237 22.5000019073
      vertex 22.9614715576 36.5266685486 22.5000019073
    endloop
  endfacet
  facet normal -0.991444289684 0 -0.130530491471
    outer loop
      vertex 22.9614715576 36.5266685486 22.5000019073
      vertex 22.9529514313 36.4619636536 22.5000019073
      vertex 22.9614715576 36.5266685486 25
    endloop
  endfacet
  facet normal -0.991444766521 9.58314601007e-08 -0.130526855588
    outer loop
      vertex 22.9103603363 36.1384429932 25
      vertex 22.9614715576 36.5266685486 25
      vertex 22.9529514313 36.4619636536 22.5000019073
    endloop
  endfacet
  facet normal -0.991444885731 -0 -0.130526125431
    outer loop
      vertex 22.9103603363 36.1384429932 25
      vertex 22.9529514313 36.4619636536 22.5000019073
      vertex 22.9103603363 36.1384429932 22.5000019073
    endloop
  endfacet
  facet normal -0.923885285854 0 -0.382669597864
    outer loop
      vertex 22.9103603363 36.1384429932 22.5000019073
      vertex 22.8853855133 36.0781478882 22.5000019073
      vertex 22.9103603363 36.1384429932 25
    endloop
  endfacet
  facet normal -0.923882186413 -2.08729701967e-07 -0.38267698884
    outer loop
      vertex 22.7605113983 35.7766685486 25
      vertex 22.9103603363 36.1384429932 25
      vertex 22.8853855133 36.0781478882 22.5000019073
    endloop
  endfacet
  facet normal -0.923881590366 -0 -0.382678449154
    outer loop
      vertex 22.7605113983 35.7766685486 25
      vertex 22.8853855133 36.0781478882 22.5000019073
      vertex 22.7605113983 35.7766685486 22.5000019073
    endloop
  endfacet
  facet normal -0.793346881866 0 -0.608769893646
    outer loop
      vertex 22.7605113983 35.7766685486 22.5000019073
      vertex 22.7207794189 35.7248916626 22.5000019073
      vertex 22.7605113983 35.7766685486 25
    endloop
  endfacet
  facet normal -0.793348908424 8.84637003651e-08 -0.608767211437
    outer loop
      vertex 22.5221309662 35.4660110474 25
      vertex 22.7605113983 35.7766685486 25
      vertex 22.7207794189 35.7248916626 22.5000019073
    endloop
  endfacet
  facet normal -0.793349325657 -0 -0.608766674995
    outer loop
      vertex 22.5221309662 35.4660110474 25
      vertex 22.7207794189 35.7248916626 22.5000019073
      vertex 22.5221309662 35.4660110474 22.5000019073
    endloop
  endfacet
  facet normal -0.608769893646 0 -0.793346881866
    outer loop
      vertex 22.5221309662 35.4660110474 22.5000019073
      vertex 22.4703540802 35.4262809753 22.5000019073
      vertex 22.5221309662 35.4660110474 25
    endloop
  endfacet
  facet normal -0.608764231205 -1.85719486012e-07 -0.793351173401
    outer loop
      vertex 22.2114715576 35.2276306152 25
      vertex 22.5221309662 35.4660110474 25
      vertex 22.4703540802 35.4262809753 22.5000019073
    endloop
  endfacet
  facet normal -0.608763098717 -0 -0.793352067471
    outer loop
      vertex 22.2114715576 35.2276306152 25
      vertex 22.4703540802 35.4262809753 22.5000019073
      vertex 22.2114715576 35.2276306152 22.5000019073
    endloop
  endfacet
  facet normal -0.382669597864 0 -0.923885285854
    outer loop
      vertex 22.2114715576 35.2276306152 22.5000019073
      vertex 22.1511745453 35.2026557922 22.5000019073
      vertex 22.2114715576 35.2276306152 25
    endloop
  endfacet
  facet normal -0.382679134607 2.69864898428e-07 -0.923881292343
    outer loop
      vertex 21.8496990204 35.0777816772 25
      vertex 22.2114715576 35.2276306152 25
      vertex 22.1511745453 35.2026557922 22.5000019073
    endloop
  endfacet
  facet normal -0.382681041956 -0 -0.923880517483
    outer loop
      vertex 21.8496990204 35.0777816772 25
      vertex 22.1511745453 35.2026557922 22.5000019073
      vertex 21.8496990204 35.0777816772 22.5000019073
    endloop
  endfacet
  facet normal -0.130530491471 0 -0.991444289684
    outer loop
      vertex 21.8496990204 35.0777816772 22.5000019073
      vertex 21.784992218 35.0692634583 22.5000019073
      vertex 21.8496990204 35.0777816772 25
    endloop
  endfacet
  facet normal -0.130532875657 6.2559934122e-08 -0.991443991661
    outer loop
      vertex 21.4614715576 35.0266685486 25
      vertex 21.8496990204 35.0777816772 25
      vertex 21.784992218 35.0692634583 22.5000019073
    endloop
  endfacet
  facet normal -0.130533352494 -0 -0.991443932056
    outer loop
      vertex 21.4614715576 35.0266685486 25
      vertex 21.784992218 35.0692634583 22.5000019073
      vertex 21.4614715576 35.0266685486 22.5000019073
    endloop
  endfacet
  facet normal 0.130530491471 0 -0.991444289684
    outer loop
      vertex 21.4614715576 35.0266685486 22.5000019073
      vertex 21.3967666626 35.0351867676 22.5000019073
      vertex 21.4614715576 35.0266685486 25
    endloop
  endfacet
  facet normal 0.130532085896 -4.17063716895e-08 -0.99144411087
    outer loop
      vertex 21.0732421875 35.0777816772 25
      vertex 21.4614715576 35.0266685486 25
      vertex 21.3967666626 35.0351867676 22.5000019073
    endloop
  endfacet
  facet normal 0.13053239882 0 -0.991444051266
    outer loop
      vertex 21.0732421875 35.0777816772 25
      vertex 21.3967666626 35.0351867676 22.5000019073
      vertex 21.0732421875 35.0777816772 22.5000019073
    endloop
  endfacet
  facet normal 0.382669597864 0 -0.923885285854
    outer loop
      vertex 21.0732421875 35.0777816772 22.5000019073
      vertex 21.0129470825 35.1027565002 22.5000019073
      vertex 21.0732421875 35.0777816772 25
    endloop
  endfacet
  facet normal 0.382681310177 -3.31000791221e-07 -0.923880398273
    outer loop
      vertex 20.7114715576 35.2276306152 25
      vertex 21.0732421875 35.0777816772 25
      vertex 21.0129470825 35.1027565002 22.5000019073
    endloop
  endfacet
  facet normal 0.382683634758 0 -0.923879444599
    outer loop
      vertex 20.7114715576 35.2276306152 25
      vertex 21.0129470825 35.1027565002 22.5000019073
      vertex 20.7114715576 35.2276306152 22.5000019073
    endloop
  endfacet
  facet normal 0.608769893646 0 -0.793346881866
    outer loop
      vertex 20.7114715576 35.2276306152 22.5000019073
      vertex 20.6596946716 35.2673606873 22.5000019073
      vertex 20.7114715576 35.2276306152 25
    endloop
  endfacet
  facet normal 0.608761310577 2.82974326637e-07 -0.793353438377
    outer loop
      vertex 20.4008102417 35.4660110474 25
      vertex 20.7114715576 35.2276306152 25
      vertex 20.6596946716 35.2673606873 22.5000019073
    endloop
  endfacet
  facet normal 0.608759582043 0 -0.79335474968
    outer loop
      vertex 20.4008102417 35.4660110474 25
      vertex 20.6596946716 35.2673606873 22.5000019073
      vertex 20.4008102417 35.4660110474 22.5000019073
    endloop
  endfacet
  facet normal 0.793364584446 0 -0.608746767044
    outer loop
      vertex 20.4008102417 35.4660110474 22.5000019073
      vertex 20.361082077 35.5177879333 22.5000019073
      vertex 20.4008102417 35.4660110474 25
    endloop
  endfacet
  facet normal 0.793351888657 5.45243665329e-07 -0.608763337135
    outer loop
      vertex 20.1624336243 35.7766685486 25
      vertex 20.4008102417 35.4660110474 25
      vertex 20.361082077 35.5177879333 22.5000019073
    endloop
  endfacet
  facet normal 0.793349325657 0 -0.608766674995
    outer loop
      vertex 20.1624336243 35.7766685486 25
      vertex 20.361082077 35.5177879333 22.5000019073
      vertex 20.1624336243 35.7766685486 22.5000019073
    endloop
  endfacet
  facet normal 0.923878788948 0 -0.382685273886
    outer loop
      vertex 20.1624336243 35.7766685486 22.5000019073
      vertex 20.1374568939 35.8369636536 22.5000019073
      vertex 20.1624336243 35.7766685486 25
    endloop
  endfacet
  facet normal 0.923881113529 -1.60257215498e-07 -0.382679581642
    outer loop
      vertex 20.0125827789 36.1384429932 25
      vertex 20.1624336243 35.7766685486 25
      vertex 20.1374568939 35.8369636536 22.5000019073
    endloop
  endfacet
  facet normal 0.923881590366 0 -0.382678449154
    outer loop
      vertex 20.0125827789 36.1384429932 25
      vertex 20.1374568939 35.8369636536 22.5000019073
      vertex 20.0125827789 36.1384429932 22.5000019073
    endloop
  endfacet
  facet normal 0.991444289684 0 -0.130530491471
    outer loop
      vertex 20.0125827789 36.1384429932 22.5000019073
      vertex 20.0040626526 36.2031478882 22.5000019073
      vertex 20.0125827789 36.1384429932 25
    endloop
  endfacet
  facet normal 0.991444766521 -9.58314601007e-08 -0.130526855588
    outer loop
      vertex 19.9614715576 36.5266685486 25
      vertex 20.0125827789 36.1384429932 25
      vertex 20.0040626526 36.2031478882 22.5000019073
    endloop
  endfacet
  facet normal 0.991444885731 0 -0.130526125431
    outer loop
      vertex 19.9614715576 36.5266685486 25
      vertex 20.0040626526 36.2031478882 22.5000019073
      vertex 19.9614715576 36.5266685486 22.5000019073
    endloop
  endfacet
  facet normal 0.991444289684 -0 0.130530491471
    outer loop
      vertex 19.9614715576 36.5266685486 22.5000019073
      vertex 19.9699897766 36.5913734436 22.5000019073
      vertex 19.9614715576 36.5266685486 25
    endloop
  endfacet
  facet normal 0.991444885731 1.16684077511e-07 0.130526065826
    outer loop
      vertex 20.0125827789 36.9148979187 25
      vertex 19.9614715576 36.5266685486 25
      vertex 19.9699897766 36.5913734436 22.5000019073
    endloop
  endfacet
  facet normal 0.99144500494 0 0.130525171757
    outer loop
      vertex 20.0125827789 36.9148979187 25
      vertex 19.9699897766 36.5913734436 22.5000019073
      vertex 20.0125827789 36.9148979187 22.5000019073
    endloop
  endfacet
  facet normal 0.923878788948 -0 0.382685273886
    outer loop
      vertex 20.0125827789 36.9148979187 22.5000019073
      vertex 20.0375576019 36.9751930237 22.5000019073
      vertex 20.0125827789 36.9148979187 25
    endloop
  endfacet
  facet normal 0.92387932539 3.79845666032e-08 0.382683902979
    outer loop
      vertex 20.1624336243 37.2766685486 25
      vertex 20.0125827789 36.9148979187 25
      vertex 20.0375576019 36.9751930237 22.5000019073
    endloop
  endfacet
  facet normal 0.923879444599 0 0.382683634758
    outer loop
      vertex 20.1624336243 37.2766685486 25
      vertex 20.0375576019 36.9751930237 22.5000019073
      vertex 20.1624336243 37.2766685486 22.5000019073
    endloop
  endfacet
  facet normal 0.793355703354 -0 0.608758330345
    outer loop
      vertex 20.1624336243 37.2766685486 22.5000019073
      vertex 20.2021636963 37.3284454346 22.5000019073
      vertex 20.1624336243 37.2766685486 25
    endloop
  endfacet
  facet normal 0.793354153633 -6.77628477774e-08 0.608760356903
    outer loop
      vertex 20.4008102417 37.5873298645 25
      vertex 20.1624336243 37.2766685486 25
      vertex 20.2021636963 37.3284454346 22.5000019073
    endloop
  endfacet
  facet normal 0.793353796005 0 0.608760774136
    outer loop
      vertex 20.4008102417 37.5873298645 25
      vertex 20.2021636963 37.3284454346 22.5000019073
      vertex 20.4008102417 37.5873298645 22.5000019073
    endloop
  endfacet
  facet normal 0.608746767044 -0 0.793364584446
    outer loop
      vertex 20.4008102417 37.5873298645 22.5000019073
      vertex 20.4525871277 37.6270561218 22.5000019073
      vertex 20.4008102417 37.5873298645 25
    endloop
  endfacet
  facet normal -8.00245857135e-07 -1 -1.04294065295e-06
    outer loop
      vertex 20.4008102417 37.5873298645 22.5000019073
      vertex 19.5696048737 37.5239639282 22.5000038147
      vertex 20.4525871277 37.6270561218 22.5000019073
    endloop
  endfacet
  facet normal -8.00241082288e-07 -1 -1.04289949832e-06
    outer loop
      vertex 20.7114715576 37.8257064819 22.5000019073
      vertex 20.4525871277 37.6270561218 22.5000019073
      vertex 19.5696048737 37.5239639282 22.5000038147
    endloop
  endfacet
  facet normal -6.55869087041e-07 -1 -4.96561710861e-07
    outer loop
      vertex 22.635137558 40.3665237427 22.5000019073
      vertex 20.7114715576 37.8257064819 22.5000019073
      vertex 19.5696048737 37.5239639282 22.5000038147
    endloop
  endfacet
  facet normal 3.27524601407e-13 -1 2.10754549812e-07
    outer loop
      vertex 13.3832530975 40.3665084839 22.5000019073
      vertex 22.635137558 40.3665237427 22.5000019073
      vertex 19.5696048737 37.5239639282 22.5000038147
    endloop
  endfacet
  facet normal 1.83806832865e-07 -1 -1.89271233353e-07
    outer loop
      vertex 13.3832530975 40.3665084839 22.5000019073
      vertex 19.5696048737 37.5239639282 22.5000038147
      vertex 17.6554813385 36.2176208496 22.5000019073
    endloop
  endfacet
  facet normal -0 -1 0
    outer loop
      vertex 17.6554813385 36.2176208496 22.5000019073
      vertex 16.5470066071 27.3334751129 22.5000019073
      vertex 13.3832530975 40.3665084839 22.5000019073
    endloop
  endfacet
  facet normal 0 -1 0
    outer loop
      vertex 13.3832530975 40.3665084839 22.5000019073
      vertex 16.5470066071 27.3334751129 22.5000019073
      vertex 13.3832521439 10.1504526138 22.5000019073
    endloop
  endfacet
  facet normal -0.707106590271 0.707106947899 -2.80390324292e-08
    outer loop
      vertex 15.8832502365 10.1504526138 25
      vertex 13.3832530975 40.3665084839 22.5000019073
      vertex 13.3832521439 10.1504526138 22.5000019073
    endloop
  endfacet
  facet normal 0 0 1
    outer loop
      vertex 15.8832502365 10.1504526138 25
      vertex 13.3832521439 10.1504526138 22.5000019073
      vertex 15.8832502365 10.1504526138 22.5000019073
    endloop
  endfacet
  facet normal 0 0 1
    outer loop
      vertex 15.8832502365 10.1504526138 25
      vertex 15.8832502365 10.1504526138 22.5000019073
      vertex 17.966583252 10.1504526138 22.5000019073
    endloop
  endfacet
  facet normal 0 -0 1
    outer loop
      vertex 17.966583252 10.1504526138 22.5000019073
      vertex 19.4252376556 10.1504526138 22.5000019073
      vertex 15.8832502365 10.1504526138 25
    endloop
  endfacet
  facet normal 0 0 1
    outer loop
      vertex 24.635137558 10.1504526138 25
      vertex 15.8832502365 10.1504526138 25
      vertex 19.4252376556 10.1504526138 22.5000019073
    endloop
  endfacet
  facet normal 0 0 1
    outer loop
      vertex 24.635137558 10.1504526138 25
      vertex 19.4252376556 10.1504526138 22.5000019073
      vertex 24.635137558 10.1504526138 22.5000019073
    endloop
  endfacet
  facet normal 0.130512207747 -0 0.99144667387
    outer loop
      vertex 24.635137558 10.1504526138 22.5000019073
      vertex 24.6567058563 10.1532917023 22.5000019073
      vertex 24.635137558 10.1504526138 25
    endloop
  endfacet
  facet normal 0.130519211292 6.1500848858e-08 0.9914457798
    outer loop
      vertex 24.764547348 10.1674890518 25
      vertex 24.635137558 10.1504526138 25
      vertex 24.6567058563 10.1532917023 22.5000019073
    endloop
  endfacet
  facet normal 0.130520612001 0 0.991445600986
    outer loop
      vertex 24.764547348 10.1674890518 25
      vertex 24.6567058563 10.1532917023 22.5000019073
      vertex 24.764547348 10.1674890518 22.5000019073
    endloop
  endfacet
  facet normal 0.382694333792 -0 0.923875033855
    outer loop
      vertex 24.764547348 10.1674890518 22.5000019073
      vertex 24.7846469879 10.1758146286 22.5000019073
      vertex 24.764547348 10.1674890518 25
    endloop
  endfacet
  facet normal 0.382685869932 -7.95853836166e-08 0.923878490925
    outer loop
      vertex 24.8851394653 10.2174396515 25
      vertex 24.764547348 10.1674890518 25
      vertex 24.7846469879 10.1758146286 22.5000019073
    endloop
  endfacet
  facet normal 0.3826841712 0 0.923879206181
    outer loop
      vertex 24.8851394653 10.2174396515 25
      vertex 24.7846469879 10.1758146286 22.5000019073
      vertex 24.8851394653 10.2174396515 22.5000019073
    endloop
  endfacet
  facet normal 0.608776032925 -0 0.793342113495
    outer loop
      vertex 24.8851394653 10.2174396515 22.5000019073
      vertex 24.9023971558 10.2306833267 22.5000019073
      vertex 24.8851394653 10.2174396515 25
    endloop
  endfacet
  facet normal 0.60876429081 -1.28938793864e-07 0.793351113796
    outer loop
      vertex 24.98869133 10.2968988419 25
      vertex 24.8851394653 10.2174396515 25
      vertex 24.9023971558 10.2306833267 22.5000019073
    endloop
  endfacet
  facet normal 0.608761966228 0 0.79335296154
    outer loop
      vertex 24.98869133 10.2968988419 25
      vertex 24.9023971558 10.2306833267 22.5000019073
      vertex 24.98869133 10.2968988419 22.5000019073
    endloop
  endfacet
  facet normal 0.793325722218 -0 0.608797430992
    outer loop
      vertex 24.98869133 10.2968988419 22.5000019073
      vertex 25.0019359589 10.314157486 22.5000019073
      vertex 24.98869133 10.2968988419 25
    endloop
  endfacet
  facet normal 0.793353140354 3.92383611825e-07 0.608761668205
    outer loop
      vertex 25.068151474 10.4004526138 25
      vertex 24.98869133 10.2968988419 25
      vertex 25.0019359589 10.314157486 22.5000019073
    endloop
  endfacet
  facet normal 0.793358683586 0 0.608754515648
    outer loop
      vertex 25.068151474 10.4004526138 25
      vertex 25.0019359589 10.314157486 22.5000019073
      vertex 25.068151474 10.4004526138 22.5000019073
    endloop
  endfacet
  facet normal 0.923883914948 -0 0.382672846317
    outer loop
      vertex 25.068151474 10.4004526138 22.5000019073
      vertex 25.0764751434 10.4205513 22.5000019073
      vertex 25.068151474 10.4004526138 25
    endloop
  endfacet
  facet normal 0.923875749111 -1.85804722719e-07 0.382692575455
    outer loop
      vertex 25.1181030273 10.5210428238 25
      vertex 25.068151474 10.4004526138 25
      vertex 25.0764751434 10.4205513 22.5000019073
    endloop
  endfacet
  facet normal 0.923874139786 0 0.382696509361
    outer loop
      vertex 25.1181030273 10.5210428238 25
      vertex 25.0764751434 10.4205513 22.5000019073
      vertex 25.1181030273 10.5210428238 22.5000019073
    endloop
  endfacet
  facet normal 0.99144423008 -0 0.130531087518
    outer loop
      vertex 25.1181030273 10.5210428238 22.5000019073
      vertex 25.1209411621 10.5426111221 22.5000019073
      vertex 25.1181030273 10.5210428238 25
    endloop
  endfacet
  facet normal 0.991446495056 1.5317623081e-07 0.130513638258
    outer loop
      vertex 25.135137558 10.6504526138 25
      vertex 25.1181030273 10.5210428238 25
      vertex 25.1209411621 10.5426111221 22.5000019073
    endloop
  endfacet
  facet normal 0.991446971893 0 0.130510151386
    outer loop
      vertex 25.135137558 10.6504526138 25
      vertex 25.1209411621 10.5426111221 22.5000019073
      vertex 25.135137558 10.6504526138 22.5000019073
    endloop
  endfacet
  facet normal 1 0 0
    outer loop
      vertex 25.135137558 10.6504526138 25
      vertex 25.135137558 10.6504526138 22.5000019073
      vertex 25.135137558 23.9187583923 22.5000019073
    endloop
  endfacet
  facet normal 1 0 -0
    outer loop
      vertex 25.135137558 26.572435379 25
      vertex 25.135137558 10.6504526138 25
      vertex 25.135137558 23.9187583923 22.5000019073
    endloop
  endfacet
  facet normal 1 0 0
    outer loop
      vertex 25.135137558 26.572435379 25
      vertex 25.135137558 23.9187583923 22.5000019073
      vertex 25.135137558 26.572435379 22.5000019073
    endloop
  endfacet
  facet normal 0.995174944401 0 0.0981165915728
    outer loop
      vertex 25.135137558 26.572435379 25
      vertex 25.135137558 26.572435379 22.5000019073
      vertex 25.1832733154 27.0606575012 22.5000019073
    endloop
  endfacet
  facet normal 0.99474799633 -0.00083517760504 0.102351121604
    outer loop
      vertex 25.1979904175 27.183303833 25
      vertex 25.135137558 26.572435379 25
      vertex 25.1832733154 27.0606575012 22.5000019073
    endloop
  endfacet
  facet normal 0.994746923447 -0.000834661535919 0.102361507714
    outer loop
      vertex 25.1979904175 27.183303833 25
      vertex 25.1832733154 27.0606575012 22.5000019073
      vertex 25.1937503815 27.1624698639 22.5000019073
    endloop
  endfacet
  facet normal 0.956852018833 0.000798098626547 0.290574461222
    outer loop
      vertex 25.1979904175 27.183303833 25
      vertex 25.1937503815 27.1624698639 22.5000019073
      vertex 25.3363018036 27.6318912506 22.5000019073
    endloop
  endfacet
  facet normal 0.953066289425 -0.00159742333926 0.302757561207
    outer loop
      vertex 25.3839130402 27.7685756683 25
      vertex 25.1979904175 27.183303833 25
      vertex 25.3363018036 27.6318912506 22.5000019073
    endloop
  endfacet
  facet normal 0.953068077564 -0.00159776513465 0.302751928568
    outer loop
      vertex 25.3839130402 27.7685756683 25
      vertex 25.3363018036 27.6318912506 22.5000019073
      vertex 25.3672885895 27.7294387817 22.5000019073
    endloop
  endfacet
  facet normal 0.88167911768 0.00152406189591 0.471846967936
    outer loop
      vertex 25.3839130402 27.7685756683 25
      vertex 25.3672885895 27.7294387817 22.5000019073
      vertex 25.598772049 28.1619796753 22.5000019073
    endloop
  endfacet
  facet normal 0.871450901031 -0.00228672404774 0.490477442741
    outer loop
      vertex 25.6851119995 28.3037281036 25
      vertex 25.3839130402 27.7685756683 25
      vertex 25.598772049 28.1619796753 22.5000019073
    endloop
  endfacet
  facet normal 0.871445655823 -0.00228601880372 0.490486711264
    outer loop
      vertex 25.6851119995 28.3037281036 25
      vertex 25.598772049 28.1619796753 22.5000019073
      vertex 25.6489715576 28.2511711121 22.5000019073
    endloop
  endfacet
  facet normal 0.772562503815 0.00218006363139 0.634934961796
    outer loop
      vertex 25.6851119995 28.3037281036 25
      vertex 25.6489715576 28.2511711121 22.5000019073
      vertex 25.9604663849 28.6301841736 22.5000019073
    endloop
  endfacet
  facet normal 0.753317296505 -0.0029059315566 0.657650768757
    outer loop
      vertex 26.0889720917 28.766336441 25
      vertex 25.6851119995 28.3037281036 25
      vertex 25.9604663849 28.6301841736 22.5000019073
    endloop
  endfacet
  facet normal 0.753317058086 -0.00290590361692 0.65765106678
    outer loop
      vertex 26.0889720917 28.766336441 25
      vertex 25.9604663849 28.6301841736 22.5000019073
      vertex 26.0277767181 28.7072849274 22.5000019073
    endloop
  endfacet
  facet normal 0.633683741093 0.00276091275737 0.773587286472
    outer loop
      vertex 26.0889720917 28.766336441 25
      vertex 26.0277767181 28.7072849274 22.5000019073
      vertex 26.4072914124 29.0181655884 22.5000019073
    endloop
  endfacet
  facet normal 0.60362392664 -0.00345132523216 0.797261714935
    outer loop
      vertex 26.5785694122 29.1370201111 25
      vertex 26.0889720917 28.766336441 25
      vertex 26.4072914124 29.0181655884 22.5000019073
    endloop
  endfacet
  facet normal 0.603620111942 -0.00345092546195 0.797264575958
    outer loop
      vertex 26.5785694122 29.1370201111 25
      vertex 26.4072914124 29.0181655884 22.5000019073
      vertex 26.4888935089 29.0799484253 22.5000019073
    endloop
  endfacet
  facet normal 0.47040900588 0.00327193411067 0.882442414761
    outer loop
      vertex 26.5785694122 29.1370201111 25
      vertex 26.4888935089 29.0799484253 22.5000019073
      vertex 26.9218120575 29.3107261658 22.5000019073
    endloop
  endfacet
  facet normal 0.428632318974 -0.00392495794222 0.903470516205
    outer loop
      vertex 27.1333885193 29.4002437592 25
      vertex 26.5785694122 29.1370201111 25
      vertex 26.9218120575 29.3107261658 22.5000019073
    endloop
  endfacet
  facet normal 0.428637504578 -0.00392548460513 0.90346801281
    outer loop
      vertex 27.1333885193 29.4002437592 25
      vertex 26.9218120575 29.3107261658 22.5000019073
      vertex 27.0142841339 29.3545970917 22.5000019073
    endloop
  endfacet
  facet normal 0.299681335688 0.00314147444442 0.954034209251
    outer loop
      vertex 27.1333885193 29.4002437592 25
      vertex 27.0142841339 29.3545970917 22.5000019073
      vertex 27.4293613434 29.4849815369 22.5000019073
    endloop
  endfacet
  facet normal 0.235683470964 -0.00503793079406 0.971816837788
    outer loop
      vertex 27.7301807404 29.5449771881 25
      vertex 27.1333885193 29.4002437592 25
      vertex 27.4293613434 29.4849815369 22.5000019073
    endloop
  endfacet
  facet normal 0.235678792 -0.00503733893856 0.971817970276
    outer loop
      vertex 27.7301807404 29.5449771881 25
      vertex 27.4293613434 29.4849815369 22.5000019073
      vertex 27.5288257599 29.509103775 22.5000019073
    endloop
  endfacet
  facet normal 0.129735469818 0.00377862015739 0.991541445255
    outer loop
      vertex 27.7301807404 29.5449771881 25
      vertex 27.5288257599 29.509103775 22.5000019073
      vertex 27.960226059 29.5655479431 22.5000019073
    endloop
  endfacet
  facet normal 0.0328715853393 -0.00519965495914 0.999446034431
    outer loop
      vertex 27.960226059 29.5655479431 22.5000019073
      vertex 28.0625209808 29.5689125061 22.5000019073
      vertex 27.7301807404 29.5449771881 25
    endloop
  endfacet
  facet normal 0.0328640453517 -0.00520065939054 0.99944627285
    outer loop
      vertex 28.3439426422 29.565158844 25
      vertex 27.7301807404 29.5449771881 25
      vertex 28.0625209808 29.5689125061 22.5000019073
    endloop
  endfacet
  facet normal -0.0441286712885 0.00346697331406 0.999019861221
    outer loop
      vertex 28.3439426422 29.565158844 25
      vertex 28.0625209808 29.5689125061 22.5000019073
      vertex 28.497171402 29.5497131348 22.5000019073
    endloop
  endfacet
  facet normal -0.171333581209 -0.00441494677216 0.985203206539
    outer loop
      vertex 28.497171402 29.5497131348 22.5000019073
      vertex 28.5980091095 29.5321769714 22.5000019073
      vertex 28.3439426422 29.565158844 25
    endloop
  endfacet
  facet normal -0.171333089471 -0.00441489554942 0.985203266144
    outer loop
      vertex 28.9489555359 29.459941864 25
      vertex 28.3439426422 29.565158844 25
      vertex 28.5980091095 29.5321769714 22.5000019073
    endloop
  endfacet
  facet normal 0 1 0
    outer loop
      vertex 32.6168632507 33.8222808838 25
      vertex 28.3439426422 29.565158844 25
      vertex 28.9489555359 29.459941864 25
    endloop
  endfacet
  facet normal 0 1 0
    outer loop
      vertex 32.6168632507 33.8222808838 25
      vertex 28.9489555359 29.459941864 25
      vertex 29.5198669434 29.2337360382 25
    endloop
  endfacet
  facet normal -0 1 0
    outer loop
      vertex 29.5198669434 29.2337360382 25
      vertex 30.0781917572 28.9432277679 25
      vertex 32.6168632507 33.8222808838 25
    endloop
  endfacet
  facet normal 0 1 0
    outer loop
      vertex 32.6168632507 33.8222808838 25
      vertex 30.0781917572 28.9432277679 25
      vertex 30.6131381989 28.732629776 25
    endloop
  endfacet
  facet normal 0 1 0
    outer loop
      vertex 32.6168632507 33.8222808838 25
      vertex 30.6131381989 28.732629776 25
      vertex 31.1801757812 28.6378517151 25
    endloop
  endfacet
  facet normal 0 1 0
    outer loop
      vertex 31.1801757812 28.6378517151 25
      vertex 31.7545337677 28.6630401611 25
      vertex 32.6168632507 33.8222808838 25
    endloop
  endfacet
  facet normal 0 1 0
    outer loop
      vertex 32.6168632507 33.8222808838 25
      vertex 31.7545337677 28.6630401611 25
      vertex 32.3111000061 28.8070926666 25
    endloop
  endfacet
  facet normal 0 1 -0
    outer loop
      vertex 32.6168632507 33.8222808838 25
      vertex 32.3111000061 28.8070926666 25
      vertex 32.825553894 29.0637149811 25
    endloop
  endfacet
  facet normal 0 1 0
    outer loop
      vertex 32.6168632507 33.8222808838 25
      vertex 32.825553894 29.0637149811 25
      vertex 33.09633255 33.5050621033 25
    endloop
  endfacet
  facet normal 0.551772534847 0.00195585051551 -0.833992362022
    outer loop
      vertex 32.6168632507 33.8222808838 25
      vertex 33.09633255 33.5050621033 25
      vertex 32.7311096191 33.7525596619 22.5000019073
    endloop
  endfacet
  facet normal 0.520937204361 0 -0.853595018387
    outer loop
      vertex 32.6168632507 33.8222808838 25
      vertex 32.7311096191 33.7525596619 22.5000019073
      vertex 32.6168632507 33.8222808838 22.5000019073
    endloop
  endfacet
  facet normal 0 -1 0
    outer loop
      vertex 32.6168632507 33.8222808838 22.5000019073
      vertex 32.7311096191 33.7525596619 22.5000019073
      vertex 29.9851379395 28.991645813 22.5000019073
    endloop
  endfacet
  facet normal 0 -1 0
    outer loop
      vertex 32.6168632507 33.8222808838 22.5000019073
      vertex 29.9851379395 28.991645813 22.5000019073
      vertex 29.5198669434 29.2337360382 22.5000019073
    endloop
  endfacet
  facet normal 0 -1 0
    outer loop
      vertex 32.6168632507 33.8222808838 22.5000019073
      vertex 29.5198669434 29.2337360382 22.5000019073
      vertex 29.1179027557 29.4002113342 22.5000019073
    endloop
  endfacet
  facet normal 0 -1 0
    outer loop
      vertex 32.6168632507 33.8222808838 22.5000019073
      vertex 29.1179027557 29.4002113342 22.5000019073
      vertex 29.0227508545 29.4379138947 22.5000019073
    endloop
  endfacet
  facet normal -0.382636368275 0 0.923899054527
    outer loop
      vertex 29.5198669434 29.2337360382 25
      vertex 29.1179027557 29.4002113342 22.5000019073
      vertex 29.5198669434 29.2337360382 22.5000019073
    endloop
  endfacet
  facet normal -0.461578577757 0 0.887099325657
    outer loop
      vertex 29.5198669434 29.2337360382 25
      vertex 29.5198669434 29.2337360382 22.5000019073
      vertex 29.9851379395 28.991645813 22.5000019073
    endloop
  endfacet
  facet normal -0.46157798171 1.41718828672e-07 0.88709962368
    outer loop
      vertex 30.0781917572 28.9432277679 25
      vertex 29.5198669434 29.2337360382 25
      vertex 29.9851379395 28.991645813 22.5000019073
    endloop
  endfacet
  facet normal -0.461574971676 0 0.887101173401
    outer loop
      vertex 30.0781917572 28.9432277679 25
      vertex 29.9851379395 28.991645813 22.5000019073
      vertex 30.0781917572 28.9432277679 22.5000019073
    endloop
  endfacet
  facet normal -0.451401382685 0 0.892320990562
    outer loop
      vertex 30.0781917572 28.9432277679 25
      vertex 30.0781917572 28.9432277679 22.5000019073
      vertex 30.090637207 28.9369316101 22.5000019073
    endloop
  endfacet
  facet normal -0.366316109896 0.000519637658726 0.93049031496
    outer loop
      vertex 30.090637207 28.9369316101 22.5000019073
      vertex 30.5067062378 28.7731342316 22.5000019073
      vertex 30.0781917572 28.9432277679 25
    endloop
  endfacet
  facet normal -0.366317152977 0.000519433291629 0.930489897728
    outer loop
      vertex 30.6131381989 28.732629776 25
      vertex 30.0781917572 28.9432277679 25
      vertex 30.5067062378 28.7731342316 22.5000019073
    endloop
  endfacet
  facet normal -0.338733106852 -0.000823283218779 0.940882146358
    outer loop
      vertex 30.6131381989 28.732629776 25
      vertex 30.5067062378 28.7731342316 22.5000019073
      vertex 30.6345310211 28.7271156311 22.5000019073
    endloop
  endfacet
  facet normal -0.164857774973 0.000764745345805 0.986317038536
    outer loop
      vertex 30.6345310211 28.7271156311 22.5000019073
      vertex 31.0755596161 28.6533985138 22.5000019073
      vertex 30.6131381989 28.732629776 25
    endloop
  endfacet
  facet normal -0.164857193828 0.000764855532907 0.986317157745
    outer loop
      vertex 31.1801757812 28.6378517151 25
      vertex 30.6131381989 28.732629776 25
      vertex 31.0755596161 28.6533985138 22.5000019073
    endloop
  endfacet
  facet normal -0.122484460473 -0.00104656338226 0.992469906807
    outer loop
      vertex 31.1801757812 28.6378517151 25
      vertex 31.0755596161 28.6533985138 22.5000019073
      vertex 31.2103919983 28.6367588043 22.5000019073
    endloop
  endfacet
  facet normal -0.0288771335036 8.78954742802e-05 0.999582946301
    outer loop
      vertex 31.1801757812 28.6378517151 25
      vertex 31.2103919983 28.6367588043 22.5000019073
      vertex 31.3196353912 28.6336040497 22.5000019073
    endloop
  endfacet
  facet normal 0.00557382730767 0.00201037502848 0.99998241663
    outer loop
      vertex 31.1801757812 28.6378517151 25
      vertex 31.3196353912 28.6336040497 22.5000019073
      vertex 31.3450012207 28.6337451935 22.5000019073
    endloop
  endfacet
  facet normal 0.0438155420125 0.00453007454053 0.99902933836
    outer loop
      vertex 31.3450012207 28.6337451935 22.5000019073
      vertex 31.4407272339 28.6379432678 22.5000019073
      vertex 31.1801757812 28.6378517151 25
    endloop
  endfacet
  facet normal 0.0438113808632 0.00452964100987 0.999029576778
    outer loop
      vertex 31.7545337677 28.6630401611 25
      vertex 31.1801757812 28.6378517151 25
      vertex 31.4407272339 28.6379432678 22.5000019073
    endloop
  endfacet
  facet normal 0.108333386481 -0.00361873325892 0.994108021259
    outer loop
      vertex 31.7545337677 28.6630401611 25
      vertex 31.4407272339 28.6379432678 22.5000019073
      vertex 31.8841915131 28.6862697601 22.5000019073
    endloop
  endfacet
  facet normal 0.250563502312 0.00399952661246 0.968091905117
    outer loop
      vertex 31.8841915131 28.6862697601 22.5000019073
      vertex 31.9769535065 28.7102775574 22.5000019073
      vertex 31.7545337677 28.6630401611 25
    endloop
  endfacet
  facet normal 0.250564515591 0.0039996211417 0.968091666698
    outer loop
      vertex 32.3111000061 28.8070926666 25
      vertex 31.7545337677 28.6630401611 25
      vertex 31.9769535065 28.7102775574 22.5000019073
    endloop
  endfacet
  facet normal 0.298880130053 -0.00299285864457 0.954285979271
    outer loop
      vertex 32.3111000061 28.8070926666 25
      vertex 31.9769535065 28.7102775574 22.5000019073
      vertex 32.4026489258 28.8436050415 22.5000019073
    endloop
  endfacet
  facet normal 0.446380704641 0.00327669084072 0.894837141037
    outer loop
      vertex 32.4026489258 28.8436050415 22.5000019073
      vertex 32.4883918762 28.8863773346 22.5000019073
      vertex 32.3111000061 28.8070926666 25
    endloop
  endfacet
  facet normal 0.446370691061 0.00327582168393 0.894842147827
    outer loop
      vertex 32.825553894 29.0637149811 25
      vertex 32.3111000061 28.8070926666 25
      vertex 32.4883918762 28.8863773346 22.5000019073
    endloop
  endfacet
  facet normal 0.47809356451 -0.00217547430657 0.878306210041
    outer loop
      vertex 32.825553894 29.0637149811 25
      vertex 32.4883918762 28.8863773346 22.5000019073
      vertex 32.8801956177 29.0996494293 22.5000019073
    endloop
  endfacet
  facet normal 0.622656881809 0.00236142030917 0.782491445541
    outer loop
      vertex 32.8801956177 29.0996494293 22.5000019073
      vertex 32.9551696777 29.1593112946 22.5000019073
      vertex 32.825553894 29.0637149811 25
    endloop
  endfacet
  facet normal 0.622666597366 0.00236221728846 0.782483696938
    outer loop
      vertex 33.2754096985 29.4216899872 25
      vertex 32.825553894 29.0637149811 25
      vertex 32.9551696777 29.1593112946 22.5000019073
    endloop
  endfacet
  facet normal 0.639186918736 -0.00116379081737 0.76905053854
    outer loop
      vertex 33.2754096985 29.4216899872 25
      vertex 32.9551696777 29.1593112946 22.5000019073
      vertex 33.2982406616 29.4444484711 22.5000019073
    endloop
  endfacet
  facet normal 0.771749138832 0.00125861493871 0.635925889015
    outer loop
      vertex 33.2982406616 29.4444484711 22.5000019073
      vertex 33.359172821 29.5183963776 22.5000019073
      vertex 33.2754096985 29.4216899872 25
    endloop
  endfacet
  facet normal 0.771747767925 0.00125850830227 0.635927498341
    outer loop
      vertex 33.6410102844 29.8653755188 25
      vertex 33.2754096985 29.4216899872 25
      vertex 33.359172821 29.5183963776 22.5000019073
    endloop
  endfacet
  facet normal 0.776073753834 3.72666763724e-05 0.630642175674
    outer loop
      vertex 33.6410102844 29.8653755188 25
      vertex 33.359172821 29.5183963776 22.5000019073
      vertex 33.6404953003 29.8645954132 22.5000019073
    endloop
  endfacet
  facet normal 0.883550226688 -3.53414725396e-05 0.468336373568
    outer loop
      vertex 33.6410102844 29.8653755188 25
      vertex 33.6404953003 29.8645954132 22.5000019073
      vertex 33.8494148254 30.2587356567 22.5000019073
    endloop
  endfacet
  facet normal 0.887099981308 0.00132437283173 0.461575418711
    outer loop
      vertex 33.9063720703 30.375371933 25
      vertex 33.6410102844 29.8653755188 25
      vertex 33.8494148254 30.2587356567 22.5000019073
    endloop
  endfacet
  facet normal 0.887102544308 0.00132408097852 0.461570441723
    outer loop
      vertex 33.9063720703 30.375371933 25
      vertex 33.8494148254 30.2587356567 22.5000019073
      vertex 33.8936424255 30.3437366486 22.5000019073
    endloop
  endfacet
  facet normal 0.957537233829 -0.00122711958829 0.288307070732
    outer loop
      vertex 33.9063720703 30.375371933 25
      vertex 33.8936424255 30.3437366486 22.5000019073
      vertex 34.0222511292 30.7708835602 22.5000019073
    endloop
  endfacet
  facet normal 0.963679015636 0.00242017675191 0.267052263021
    outer loop
      vertex 34.0599021912 30.929397583 25
      vertex 33.9063720703 30.375371933 25
      vertex 34.0222511292 30.7708835602 22.5000019073
    endloop
  endfacet
  facet normal 0.963673651218 0.00242148456164 0.267071634531
    outer loop
      vertex 34.0599021912 30.929397583 25
      vertex 34.0222511292 30.7708835602 22.5000019073
      vertex 34.0478439331 30.8632221222 22.5000019073
    endloop
  endfacet
  facet normal 0.995250999928 -0.00222438643686 0.0973162055016
    outer loop
      vertex 34.0599021912 30.929397583 25
      vertex 34.0478439331 30.8632221222 22.5000019073
      vertex 34.091255188 31.3071937561 22.5000019073
    endloop
  endfacet
  facet normal 0.998141050339 0.00332175171934 0.0608553960919
    outer loop
      vertex 34.0948867798 31.503238678 25
      vertex 34.0599021912 30.929397583 25
      vertex 34.091255188 31.3071937561 22.5000019073
    endloop
  endfacet
  facet normal 0.998141586781 0.00332111958414 0.0608473457396
    outer loop
      vertex 34.0948867798 31.503238678 25
      vertex 34.091255188 31.3071937561 22.5000019073
      vertex 34.0970840454 31.4028339386 22.5000019073
    endloop
  endfacet
  facet normal 0.999760627747 5.24318455319e-09 -0.0218800716102
    outer loop
      vertex 34.0948867798 31.503238678 25
      vertex 34.0970840454 31.4028339386 22.5000019073
      vertex 34.09582901 31.4602088928 22.5000019073
    endloop
  endfacet
  facet normal 0.997676253319 -0.000796814856585 -0.0681279599667
    outer loop
      vertex 34.0948867798 31.503238678 25
      vertex 34.09582901 31.4602088928 22.5000019073
      vertex 34.0867118835 31.5937347412 22.5000019073
    endloop
  endfacet
  facet normal 0.988984942436 0.00212284806184 -0.148000851274
    outer loop
      vertex 34.0867118835 31.5937347412 22.5000019073
      vertex 34.0320129395 31.9592456818 22.5000019073
      vertex 34.0948867798 31.503238678 25
    endloop
  endfacet
  facet normal 0.988984525204 0.00212339637801 -0.148003801703
    outer loop
      vertex 34.0097999573 32.0718154907 25
      vertex 34.0948867798 31.503238678 25
      vertex 34.0320129395 31.9592456818 22.5000019073
    endloop
  endfacet
  facet normal 0.984321653843 0.000804196693935 -0.176380991936
    outer loop
      vertex 34.0097999573 32.0718154907 25
      vertex 34.0320129395 31.9592456818 22.5000019073
      vertex 34.0178413391 32.0383338928 22.5000019073
    endloop
  endfacet
  facet normal 0.970021307468 -0.000134272457217 -0.24301981926
    outer loop
      vertex 34.0097999573 32.0718154907 25
      vertex 34.0178413391 32.0383338928 22.5000019073
      vertex 34.004825592 32.0902900696 22.5000019073
    endloop
  endfacet
  facet normal 0.942442476749 0.000595693301875 -0.334367722273
    outer loop
      vertex 34.0097999573 32.0718154907 25
      vertex 34.004825592 32.0902900696 22.5000019073
      vertex 33.9600715637 32.2164268494 22.5000019073
    endloop
  endfacet
  facet normal 0.93660479784 0.00163824902847 -0.350383788347
    outer loop
      vertex 33.8083610535 32.6102752686 25
      vertex 34.0097999573 32.0718154907 25
      vertex 33.9600715637 32.2164268494 22.5000019073
    endloop
  endfacet
  facet normal 0.936605036259 0.00163835904095 -0.350383162498
    outer loop
      vertex 33.8083610535 32.6102752686 25
      vertex 33.9600715637 32.2164268494 22.5000019073
      vertex 33.8305778503 32.5625801086 22.5000019073
    endloop
  endfacet
  facet normal 0.911958277225 0.000276531733107 -0.410282850266
    outer loop
      vertex 33.8083610535 32.6102752686 25
      vertex 33.8305778503 32.5625801086 22.5000019073
      vertex 33.8195838928 32.5870170593 22.5000019073
    endloop
  endfacet
  facet normal 0.881880402565 -0.000427764287451 -0.47147294879
    outer loop
      vertex 33.8083610535 32.6102752686 25
      vertex 33.8195838928 32.5870170593 22.5000019073
      vertex 33.7690925598 32.6814575195 22.5000019073
    endloop
  endfacet
  facet normal 0.843286812305 0.00205730157904 -0.537459909916
    outer loop
      vertex 33.7690925598 32.6814575195 22.5000019073
      vertex 33.5704536438 32.9931259155 22.5000019073
      vertex 33.8083610535 32.6102752686 25
    endloop
  endfacet
  facet normal 0.843284845352 0.00205796165392 -0.537463009357
    outer loop
      vertex 33.4993667603 33.0950889587 25
      vertex 33.8083610535 32.6102752686 25
      vertex 33.5704536438 32.9931259155 22.5000019073
    endloop
  endfacet
  facet normal 0.825298428535 0.000435779831605 -0.564696669579
    outer loop
      vertex 33.4993667603 33.0950889587 25
      vertex 33.5704536438 32.9931259155 22.5000019073
      vertex 33.5099716187 33.0815238953 22.5000019073
    endloop
  endfacet
  facet normal 0.784894227982 -3.37277706421e-05 -0.61962980032
    outer loop
      vertex 33.4993667603 33.0950889587 25
      vertex 33.5099716187 33.0815238953 22.5000019073
      vertex 33.4933776855 33.1025428772 22.5000019073
    endloop
  endfacet
  facet normal 0.731642007828 0.0002788825077 -0.681688964367
    outer loop
      vertex 33.4993667603 33.0950889587 25
      vertex 33.4933776855 33.1025428772 22.5000019073
      vertex 33.4021377563 33.200466156 22.5000019073
    endloop
  endfacet
  facet normal 0.713113367558 0.00181541370694 -0.701046407223
    outer loop
      vertex 33.09633255 33.5050621033 25
      vertex 33.4993667603 33.0950889587 25
      vertex 33.4021377563 33.200466156 22.5000019073
    endloop
  endfacet
  facet normal 0.71311634779 0.00181614910252 -0.701043367386
    outer loop
      vertex 33.09633255 33.5050621033 25
      vertex 33.4021377563 33.200466156 22.5000019073
      vertex 33.1430473328 33.4640197754 22.5000019073
    endloop
  endfacet
  facet normal 0.663291573524 0.000108338943392 -0.748361051083
    outer loop
      vertex 33.09633255 33.5050621033 25
      vertex 33.1430473328 33.4640197754 22.5000019073
      vertex 33.1029510498 33.4995574951 22.5000019073
    endloop
  endfacet
  facet normal 0.610811471939 -0.000126189101138 -0.791776061058
    outer loop
      vertex 33.09633255 33.5050621033 25
      vertex 33.1029510498 33.4995574951 22.5000019073
      vertex 33.0393409729 33.5486297607 22.5000019073
    endloop
  endfacet
  facet normal 0.551774978638 0.00195532827638 -0.833990752697
    outer loop
      vertex 33.0393409729 33.5486297607 22.5000019073
      vertex 32.7311096191 33.7525596619 22.5000019073
      vertex 33.09633255 33.5050621033 25
    endloop
  endfacet
  facet normal 0 -1 0
    outer loop
      vertex 32.7311096191 33.7525596619 22.5000019073
      vertex 33.0393409729 33.5486297607 22.5000019073
      vertex 33.4021377563 33.200466156 22.5000019073
    endloop
  endfacet
  facet normal 0 -1 0
    outer loop
      vertex 32.7311096191 33.7525596619 22.5000019073
      vertex 33.4021377563 33.200466156 22.5000019073
      vertex 30.5067062378 28.7731342316 22.5000019073
    endloop
  endfacet
  facet normal 0 -1 0
    outer loop
      vertex 32.7311096191 33.7525596619 22.5000019073
      vertex 30.5067062378 28.7731342316 22.5000019073
      vertex 30.0781917572 28.9432277679 22.5000019073
    endloop
  endfacet
  facet normal 0 -1 0
    outer loop
      vertex 32.7311096191 33.7525596619 22.5000019073
      vertex 30.0781917572 28.9432277679 22.5000019073
      vertex 29.9851379395 28.991645813 22.5000019073
    endloop
  endfacet
  facet normal 0 -1 0
    outer loop
      vertex 30.5067062378 28.7731342316 22.5000019073
      vertex 30.090637207 28.9369316101 22.5000019073
      vertex 30.0781917572 28.9432277679 22.5000019073
    endloop
  endfacet
  facet normal 0 -1 0
    outer loop
      vertex 33.4021377563 33.200466156 22.5000019073
      vertex 33.9600715637 32.2164268494 22.5000019073
      vertex 30.5067062378 28.7731342316 22.5000019073
    endloop
  endfacet
  facet normal 0 -1 0
    outer loop
      vertex 33.9600715637 32.2164268494 22.5000019073
      vertex 33.359172821 29.5183963776 22.5000019073
      vertex 30.5067062378 28.7731342316 22.5000019073
    endloop
  endfacet
  facet normal 0 -1 0
    outer loop
      vertex 33.359172821 29.5183963776 22.5000019073
      vertex 31.0755596161 28.6533985138 22.5000019073
      vertex 30.5067062378 28.7731342316 22.5000019073
    endloop
  endfacet
  facet normal 0 -1 0
    outer loop
      vertex 31.0755596161 28.6533985138 22.5000019073
      vertex 30.6345310211 28.7271156311 22.5000019073
      vertex 30.5067062378 28.7731342316 22.5000019073
    endloop
  endfacet
  facet normal 0 -1 0
    outer loop
      vertex 33.359172821 29.5183963776 22.5000019073
      vertex 32.9551696777 29.1593112946 22.5000019073
      vertex 31.0755596161 28.6533985138 22.5000019073
    endloop
  endfacet
  facet normal 0 -1 0
    outer loop
      vertex 32.9551696777 29.1593112946 22.5000019073
      vertex 32.4883918762 28.8863773346 22.5000019073
      vertex 31.0755596161 28.6533985138 22.5000019073
    endloop
  endfacet
  facet normal 0 -1 0
    outer loop
      vertex 32.4883918762 28.8863773346 22.5000019073
      vertex 31.9769535065 28.7102775574 22.5000019073
      vertex 31.0755596161 28.6533985138 22.5000019073
    endloop
  endfacet
  facet normal 0 -1 0
    outer loop
      vertex 31.9769535065 28.7102775574 22.5000019073
      vertex 31.4407272339 28.6379432678 22.5000019073
      vertex 31.0755596161 28.6533985138 22.5000019073
    endloop
  endfacet
  facet normal -0 -1 0
    outer loop
      vertex 31.4407272339 28.6379432678 22.5000019073
      vertex 31.3450012207 28.6337451935 22.5000019073
      vertex 31.0755596161 28.6533985138 22.5000019073
    endloop
  endfacet
  facet normal -0 -1 0
    outer loop
      vertex 31.3450012207 28.6337451935 22.5000019073
      vertex 31.3196353912 28.6336040497 22.5000019073
      vertex 31.0755596161 28.6533985138 22.5000019073
    endloop
  endfacet
  facet normal 0 -1 0
    outer loop
      vertex 31.3196353912 28.6336040497 22.5000019073
      vertex 31.2103919983 28.6367588043 22.5000019073
      vertex 31.0755596161 28.6533985138 22.5000019073
    endloop
  endfacet
  facet normal 0 -1 0
    outer loop
      vertex 31.9769535065 28.7102775574 22.5000019073
      vertex 31.8841915131 28.6862697601 22.5000019073
      vertex 31.4407272339 28.6379432678 22.5000019073
    endloop
  endfacet
  facet normal 0 -1 0
    outer loop
      vertex 32.4883918762 28.8863773346 22.5000019073
      vertex 32.4026489258 28.8436050415 22.5000019073
      vertex 31.9769535065 28.7102775574 22.5000019073
    endloop
  endfacet
  facet normal 0 -1 0
    outer loop
      vertex 32.9551696777 29.1593112946 22.5000019073
      vertex 32.8801956177 29.0996494293 22.5000019073
      vertex 32.4883918762 28.8863773346 22.5000019073
    endloop
  endfacet
  facet normal 0 -1 0
    outer loop
      vertex 33.359172821 29.5183963776 22.5000019073
      vertex 33.2982406616 29.4444484711 22.5000019073
      vertex 32.9551696777 29.1593112946 22.5000019073
    endloop
  endfacet
  facet normal 0 -1 0
    outer loop
      vertex 33.9600715637 32.2164268494 22.5000019073
      vertex 33.8494148254 30.2587356567 22.5000019073
      vertex 33.359172821 29.5183963776 22.5000019073
    endloop
  endfacet
  facet normal 0 -1 0
    outer loop
      vertex 33.8494148254 30.2587356567 22.5000019073
      vertex 33.6404953003 29.8645954132 22.5000019073
      vertex 33.359172821 29.5183963776 22.5000019073
    endloop
  endfacet
  facet normal 0 -1 0
    outer loop
      vertex 33.9600715637 32.2164268494 22.5000019073
      vertex 34.0222511292 30.7708835602 22.5000019073
      vertex 33.8494148254 30.2587356567 22.5000019073
    endloop
  endfacet
  facet normal 0 -1 0
    outer loop
      vertex 34.0222511292 30.7708835602 22.5000019073
      vertex 33.8936424255 30.3437366486 22.5000019073
      vertex 33.8494148254 30.2587356567 22.5000019073
    endloop
  endfacet
  facet normal 0 -1 0
    outer loop
      vertex 33.9600715637 32.2164268494 22.5000019073
      vertex 34.091255188 31.3071937561 22.5000019073
      vertex 34.0222511292 30.7708835602 22.5000019073
    endloop
  endfacet
  facet normal 0 -1 0
    outer loop
      vertex 34.091255188 31.3071937561 22.5000019073
      vertex 34.0478439331 30.8632221222 22.5000019073
      vertex 34.0222511292 30.7708835602 22.5000019073
    endloop
  endfacet
  facet normal 0 -1 0
    outer loop
      vertex 33.9600715637 32.2164268494 22.5000019073
      vertex 34.0320129395 31.9592456818 22.5000019073
      vertex 34.091255188 31.3071937561 22.5000019073
    endloop
  endfacet
  facet normal 0 -1 0
    outer loop
      vertex 34.0320129395 31.9592456818 22.5000019073
      vertex 34.0867118835 31.5937347412 22.5000019073
      vertex 34.091255188 31.3071937561 22.5000019073
    endloop
  endfacet
  facet normal 0 -1 0
    outer loop
      vertex 34.0867118835 31.5937347412 22.5000019073
      vertex 34.09582901 31.4602088928 22.5000019073
      vertex 34.091255188 31.3071937561 22.5000019073
    endloop
  endfacet
  facet normal 0 -1 0
    outer loop
      vertex 34.09582901 31.4602088928 22.5000019073
      vertex 34.0970840454 31.4028339386 22.5000019073
      vertex 34.091255188 31.3071937561 22.5000019073
    endloop
  endfacet
  facet normal 0 -1 0
    outer loop
      vertex 33.9600715637 32.2164268494 22.5000019073
      vertex 34.0178413391 32.0383338928 22.5000019073
      vertex 34.0320129395 31.9592456818 22.5000019073
    endloop
  endfacet
  facet normal 0 -1 0
    outer loop
      vertex 33.9600715637 32.2164268494 22.5000019073
      vertex 34.004825592 32.0902900696 22.5000019073
      vertex 34.0178413391 32.0383338928 22.5000019073
    endloop
  endfacet
  facet normal 0 -1 0
    outer loop
      vertex 33.4021377563 33.200466156 22.5000019073
      vertex 33.5704536438 32.9931259155 22.5000019073
      vertex 33.9600715637 32.2164268494 22.5000019073
    endloop
  endfacet
  facet normal 0 -1 0
    outer loop
      vertex 33.5704536438 32.9931259155 22.5000019073
      vertex 33.7690925598 32.6814575195 22.5000019073
      vertex 33.9600715637 32.2164268494 22.5000019073
    endloop
  endfacet
  facet normal 0 -1 0
    outer loop
      vertex 33.7690925598 32.6814575195 22.5000019073
      vertex 33.8305778503 32.5625801086 22.5000019073
      vertex 33.9600715637 32.2164268494 22.5000019073
    endloop
  endfacet
  facet normal 0 -1 0
    outer loop
      vertex 33.7690925598 32.6814575195 22.5000019073
      vertex 33.8195838928 32.5870170593 22.5000019073
      vertex 33.8305778503 32.5625801086 22.5000019073
    endloop
  endfacet
  facet normal 0 -1 0
    outer loop
      vertex 33.4021377563 33.200466156 22.5000019073
      vertex 33.4933776855 33.1025428772 22.5000019073
      vertex 33.5704536438 32.9931259155 22.5000019073
    endloop
  endfacet
  facet normal 0 -1 0
    outer loop
      vertex 33.4933776855 33.1025428772 22.5000019073
      vertex 33.5099716187 33.0815238953 22.5000019073
      vertex 33.5704536438 32.9931259155 22.5000019073
    endloop
  endfacet
  facet normal 0 -1 0
    outer loop
      vertex 33.0393409729 33.5486297607 22.5000019073
      vertex 33.1430473328 33.4640197754 22.5000019073
      vertex 33.4021377563 33.200466156 22.5000019073
    endloop
  endfacet
  facet normal 0 -1 0
    outer loop
      vertex 33.0393409729 33.5486297607 22.5000019073
      vertex 33.1029510498 33.4995574951 22.5000019073
      vertex 33.1430473328 33.4640197754 22.5000019073
    endloop
  endfacet
  facet normal 0 1 0
    outer loop
      vertex 33.09633255 33.5050621033 25
      vertex 33.2754096985 29.4216899872 25
      vertex 33.4993667603 33.0950889587 25
    endloop
  endfacet
  facet normal 0 1 -0
    outer loop
      vertex 33.4993667603 33.0950889587 25
      vertex 33.2754096985 29.4216899872 25
      vertex 33.6410102844 29.8653755188 25
    endloop
  endfacet
  facet normal 0 1 0
    outer loop
      vertex 33.4993667603 33.0950889587 25
      vertex 33.6410102844 29.8653755188 25
      vertex 33.8083610535 32.6102752686 25
    endloop
  endfacet
  facet normal 0 1 -0
    outer loop
      vertex 33.8083610535 32.6102752686 25
      vertex 33.6410102844 29.8653755188 25
      vertex 33.9063720703 30.375371933 25
    endloop
  endfacet
  facet normal 0 1 0
    outer loop
      vertex 33.8083610535 32.6102752686 25
      vertex 33.9063720703 30.375371933 25
      vertex 34.0097999573 32.0718154907 25
    endloop
  endfacet
  facet normal 0 1 -0
    outer loop
      vertex 34.0097999573 32.0718154907 25
      vertex 33.9063720703 30.375371933 25
      vertex 34.0599021912 30.929397583 25
    endloop
  endfacet
  facet normal 0 1 0
    outer loop
      vertex 34.0097999573 32.0718154907 25
      vertex 34.0599021912 30.929397583 25
      vertex 34.0948867798 31.503238678 25
    endloop
  endfacet
  facet normal 0 1 -0
    outer loop
      vertex 33.09633255 33.5050621033 25
      vertex 32.825553894 29.0637149811 25
      vertex 33.2754096985 29.4216899872 25
    endloop
  endfacet
  facet normal -0.368356436491 -0.0026810222771 0.929680764675
    outer loop
      vertex 29.5198669434 29.2337360382 25
      vertex 28.9489555359 29.459941864 25
      vertex 29.1179027557 29.4002113342 22.5000019073
    endloop
  endfacet
  facet normal 0 1 0
    outer loop
      vertex 25.135137558 37.715171814 25
      vertex 28.3439426422 29.565158844 25
      vertex 32.6168632507 33.8222808838 25
    endloop
  endfacet
  facet normal 0 1 0
    outer loop
      vertex 25.135137558 37.715171814 25
      vertex 27.7301807404 29.5449771881 25
      vertex 28.3439426422 29.565158844 25
    endloop
  endfacet
  facet normal 0 1 0
    outer loop
      vertex 27.1333885193 29.4002437592 25
      vertex 27.7301807404 29.5449771881 25
      vertex 25.135137558 37.715171814 25
    endloop
  endfacet
  facet normal 0 1 0
    outer loop
      vertex 25.135137558 37.715171814 25
      vertex 26.5785694122 29.1370201111 25
      vertex 27.1333885193 29.4002437592 25
    endloop
  endfacet
  facet normal 0 1 0
    outer loop
      vertex 25.135137558 37.715171814 25
      vertex 26.0889720917 28.766336441 25
      vertex 26.5785694122 29.1370201111 25
    endloop
  endfacet
  facet normal -0 1 0
    outer loop
      vertex 22.7605113983 35.7766685486 25
      vertex 26.0889720917 28.766336441 25
      vertex 25.135137558 37.715171814 25
    endloop
  endfacet
  facet normal -0 1 -0
    outer loop
      vertex 22.9103603363 36.1384429932 25
      vertex 22.7605113983 35.7766685486 25
      vertex 25.135137558 37.715171814 25
    endloop
  endfacet
  facet normal 0 1 0
    outer loop
      vertex 25.135137558 37.715171814 25
      vertex 22.9614715576 36.5266685486 25
      vertex 22.9103603363 36.1384429932 25
    endloop
  endfacet
  facet normal 0 1 0
    outer loop
      vertex 25.135137558 37.715171814 25
      vertex 22.9103603363 36.9148979187 25
      vertex 22.9614715576 36.5266685486 25
    endloop
  endfacet
  facet normal 0 1 -0
    outer loop
      vertex 25.135137558 37.8665237427 25
      vertex 22.9103603363 36.9148979187 25
      vertex 25.135137558 37.715171814 25
    endloop
  endfacet
  facet normal 0 1 0
    outer loop
      vertex 25.135137558 37.8665237427 25
      vertex 25.0724601746 38.4228286743 25
      vertex 22.9103603363 36.9148979187 25
    endloop
  endfacet
  facet normal 0 1 0
    outer loop
      vertex 22.9103603363 36.9148979187 25
      vertex 25.0724601746 38.4228286743 25
      vertex 24.8875579834 38.9512329102 25
    endloop
  endfacet
  facet normal 0 1 0
    outer loop
      vertex 22.9103603363 36.9148979187 25
      vertex 24.8875579834 38.9512329102 25
      vertex 24.589717865 39.4252510071 25
    endloop
  endfacet
  facet normal 0 1 0
    outer loop
      vertex 24.589717865 39.4252510071 25
      vertex 24.193862915 39.821105957 25
      vertex 22.9103603363 36.9148979187 25
    endloop
  endfacet
  facet normal 0 1 0
    outer loop
      vertex 22.9103603363 36.9148979187 25
      vertex 24.193862915 39.821105957 25
      vertex 22.7605113983 37.2766685486 25
    endloop
  endfacet
  facet normal 0 1 0
    outer loop
      vertex 22.7605113983 37.2766685486 25
      vertex 24.193862915 39.821105957 25
      vertex 23.7198486328 40.1189460754 25
    endloop
  endfacet
  facet normal 0 1 0
    outer loop
      vertex 22.7605113983 37.2766685486 25
      vertex 23.7198486328 40.1189460754 25
      vertex 23.1914424896 40.3038444519 25
    endloop
  endfacet
  facet normal 0 1 0
    outer loop
      vertex 22.7605113983 37.2766685486 25
      vertex 23.1914424896 40.3038444519 25
      vertex 22.5221309662 37.5873298645 25
    endloop
  endfacet
  facet normal 0 1 0
    outer loop
      vertex 22.5221309662 37.5873298645 25
      vertex 23.1914424896 40.3038444519 25
      vertex 22.635137558 40.3665237427 25
    endloop
  endfacet
  facet normal 0 1 0
    outer loop
      vertex 22.5221309662 37.5873298645 25
      vertex 22.635137558 40.3665237427 25
      vertex 22.2114715576 37.8257064819 25
    endloop
  endfacet
  facet normal 0 1 0
    outer loop
      vertex 22.2114715576 37.8257064819 25
      vertex 22.635137558 40.3665237427 25
      vertex 21.8496990204 37.9755592346 25
    endloop
  endfacet
  facet normal 0 1 0
    outer loop
      vertex 21.8496990204 37.9755592346 25
      vertex 22.635137558 40.3665237427 25
      vertex 21.4614715576 38.0266685486 25
    endloop
  endfacet
  facet normal 0 1 0
    outer loop
      vertex 21.4614715576 38.0266685486 25
      vertex 22.635137558 40.3665237427 25
      vertex 21.0732421875 37.9755592346 25
    endloop
  endfacet
  facet normal 0 1 0
    outer loop
      vertex 21.0732421875 37.9755592346 25
      vertex 22.635137558 40.3665237427 25
      vertex 20.7114715576 37.8257064819 25
    endloop
  endfacet
  facet normal 0 1 0
    outer loop
      vertex 22.7605113983 35.7766685486 25
      vertex 25.6851119995 28.3037281036 25
      vertex 26.0889720917 28.766336441 25
    endloop
  endfacet
  facet normal -0 1 0
    outer loop
      vertex 22.5221309662 35.4660110474 25
      vertex 25.6851119995 28.3037281036 25
      vertex 22.7605113983 35.7766685486 25
    endloop
  endfacet
  facet normal -0 1 0
    outer loop
      vertex 22.2114715576 35.2276306152 25
      vertex 25.6851119995 28.3037281036 25
      vertex 22.5221309662 35.4660110474 25
    endloop
  endfacet
  facet normal 0 1 0
    outer loop
      vertex 22.2114715576 35.2276306152 25
      vertex 25.3839130402 27.7685756683 25
      vertex 25.6851119995 28.3037281036 25
    endloop
  endfacet
  facet normal -0 1 0
    outer loop
      vertex 21.8496990204 35.0777816772 25
      vertex 25.3839130402 27.7685756683 25
      vertex 22.2114715576 35.2276306152 25
    endloop
  endfacet
  facet normal 0 1 0
    outer loop
      vertex 21.8496990204 35.0777816772 25
      vertex 25.1979904175 27.183303833 25
      vertex 25.3839130402 27.7685756683 25
    endloop
  endfacet
  facet normal -0 1 0
    outer loop
      vertex 21.4614715576 35.0266685486 25
      vertex 25.1979904175 27.183303833 25
      vertex 21.8496990204 35.0777816772 25
    endloop
  endfacet
  facet normal 0 1 0
    outer loop
      vertex 25.1979904175 27.183303833 25
      vertex 21.4614715576 35.0266685486 25
      vertex 25.135137558 26.572435379 25
    endloop
  endfacet
  facet normal 0 1 0
    outer loop
      vertex 25.135137558 26.572435379 25
      vertex 21.4614715576 35.0266685486 25
      vertex 21.0732421875 35.0777816772 25
    endloop
  endfacet
  facet normal 0 1 0
    outer loop
      vertex 25.135137558 26.572435379 25
      vertex 21.0732421875 35.0777816772 25
      vertex 20.7114715576 35.2276306152 25
    endloop
  endfacet
  facet normal 0 1 0
    outer loop
      vertex 15.8832502365 10.1504526138 25
      vertex 25.135137558 26.572435379 25
      vertex 20.7114715576 35.2276306152 25
    endloop
  endfacet
  facet normal 0 1 0
    outer loop
      vertex 15.8832502365 10.1504526138 25
      vertex 20.7114715576 35.2276306152 25
      vertex 20.4008102417 35.4660110474 25
    endloop
  endfacet
  facet normal 0 1 0
    outer loop
      vertex 20.4008102417 35.4660110474 25
      vertex 20.1624336243 35.7766685486 25
      vertex 15.8832502365 10.1504526138 25
    endloop
  endfacet
  facet normal 0 1 0
    outer loop
      vertex 15.8832502365 10.1504526138 25
      vertex 20.1624336243 35.7766685486 25
      vertex 15.8832502365 40.3665237427 25
    endloop
  endfacet
  facet normal -0.707106769085 0.707106769085 0
    outer loop
      vertex 15.8832502365 10.1504526138 25
      vertex 15.8832502365 40.3665237427 25
      vertex 13.3832530975 40.3665084839 22.5000019073
    endloop
  endfacet
  facet normal -1.55405712121e-06 -4.19713205702e-06 -1
    outer loop
      vertex 13.3832530975 40.3665084839 22.5000019073
      vertex 15.8832502365 40.3665237427 25
      vertex 22.635137558 40.3665237427 22.5000019073
    endloop
  endfacet
  facet normal 0 1 0
    outer loop
      vertex 15.8832502365 40.3665237427 25
      vertex 20.1624336243 35.7766685486 25
      vertex 20.0125827789 36.1384429932 25
    endloop
  endfacet
  facet normal 0 1 0
    outer loop
      vertex 15.8832502365 40.3665237427 25
      vertex 20.0125827789 36.1384429932 25
      vertex 19.9614715576 36.5266685486 25
    endloop
  endfacet
  facet normal 0 1 0
    outer loop
      vertex 20.0125827789 36.9148979187 25
      vertex 15.8832502365 40.3665237427 25
      vertex 19.9614715576 36.5266685486 25
    endloop
  endfacet
  facet normal 0 1 0
    outer loop
      vertex 20.1624336243 37.2766685486 25
      vertex 15.8832502365 40.3665237427 25
      vertex 20.0125827789 36.9148979187 25
    endloop
  endfacet
  facet normal 0 1 0
    outer loop
      vertex 20.4008102417 37.5873298645 25
      vertex 15.8832502365 40.3665237427 25
      vertex 20.1624336243 37.2766685486 25
    endloop
  endfacet
  facet normal 0 1 0
    outer loop
      vertex 24.635137558 10.1504526138 25
      vertex 25.135137558 26.572435379 25
      vertex 15.8832502365 10.1504526138 25
    endloop
  endfacet
  facet normal 0 1 -0
    outer loop
      vertex 25.135137558 26.572435379 25
      vertex 24.635137558 10.1504526138 25
      vertex 25.135137558 10.6504526138 25
    endloop
  endfacet
  facet normal 0 1 0
    outer loop
      vertex 25.135137558 10.6504526138 25
      vertex 24.635137558 10.1504526138 25
      vertex 24.764547348 10.1674890518 25
    endloop
  endfacet
  facet normal 0 1 0
    outer loop
      vertex 25.135137558 10.6504526138 25
      vertex 24.764547348 10.1674890518 25
      vertex 24.8851394653 10.2174396515 25
    endloop
  endfacet
  facet normal 0 1 0
    outer loop
      vertex 24.8851394653 10.2174396515 25
      vertex 24.98869133 10.2968988419 25
      vertex 25.135137558 10.6504526138 25
    endloop
  endfacet
  facet normal 0 1 0
    outer loop
      vertex 25.135137558 10.6504526138 25
      vertex 24.98869133 10.2968988419 25
      vertex 25.068151474 10.4004526138 25
    endloop
  endfacet
  facet normal 0 1 0
    outer loop
      vertex 25.135137558 10.6504526138 25
      vertex 25.068151474 10.4004526138 25
      vertex 25.1181030273 10.5210428238 25
    endloop
  endfacet
  facet normal 6.15947257643e-08 -1 -3.54182304818e-07
    outer loop
      vertex 28.497171402 29.5497131348 22.5000019073
      vertex 28.0372867584 31.3211402893 22.5000038147
      vertex 28.5980091095 29.5321769714 22.5000019073
    endloop
  endfacet
  facet normal 1.51118833003e-08 -1 -3.42114788054e-07
    outer loop
      vertex 28.497171402 29.5497131348 22.5000019073
      vertex 28.0625209808 29.5689125061 22.5000019073
      vertex 28.0372867584 31.3211402893 22.5000038147
    endloop
  endfacet
  facet normal -1.12396083551e-08 -1 -3.4173530139e-07
    outer loop
      vertex 28.0625209808 29.5689125061 22.5000019073
      vertex 27.960226059 29.5655479431 22.5000019073
      vertex 28.0372867584 31.3211402893 22.5000038147
    endloop
  endfacet
  facet normal -4.49067627528e-08 -1 -3.43213116594e-07
    outer loop
      vertex 27.960226059 29.5655479431 22.5000019073
      vertex 27.5288257599 29.509103775 22.5000019073
      vertex 28.0372867584 31.3211402893 22.5000038147
    endloop
  endfacet
  facet normal -8.60323368101e-08 -1 -3.54753069587e-07
    outer loop
      vertex 27.5288257599 29.509103775 22.5000019073
      vertex 27.4293613434 29.4849815369 22.5000019073
      vertex 28.0372867584 31.3211402893 22.5000038147
    endloop
  endfacet
  facet normal -1.1438362435e-07 -1 -3.64139765452e-07
    outer loop
      vertex 27.4293613434 29.4849815369 22.5000019073
      vertex 27.0142841339 29.3545970917 22.5000019073
      vertex 28.0372867584 31.3211402893 22.5000038147
    endloop
  endfacet
  facet normal 1.6381181922e-07 -1 -2.19421352199e-07
    outer loop
      vertex 24.1511516571 31.492105484 22.5000019073
      vertex 28.0372867584 31.3211402893 22.5000038147
      vertex 27.0142841339 29.3545970917 22.5000019073
    endloop
  endfacet
  facet normal 0 -1 -0
    outer loop
      vertex 26.9218120575 29.3107261658 22.5000019073
      vertex 24.1511516571 31.492105484 22.5000019073
      vertex 27.0142841339 29.3545970917 22.5000019073
    endloop
  endfacet
  facet normal 0 -1 -0
    outer loop
      vertex 26.4888935089 29.0799484253 22.5000019073
      vertex 24.1511516571 31.492105484 22.5000019073
      vertex 26.9218120575 29.3107261658 22.5000019073
    endloop
  endfacet
  facet normal -0 -1 0
    outer loop
      vertex 26.4888935089 29.0799484253 22.5000019073
      vertex 26.4072914124 29.0181655884 22.5000019073
      vertex 24.1511516571 31.492105484 22.5000019073
    endloop
  endfacet
  facet normal -0 -1 0
    outer loop
      vertex 26.4072914124 29.0181655884 22.5000019073
      vertex 26.0277767181 28.7072849274 22.5000019073
      vertex 24.1511516571 31.492105484 22.5000019073
    endloop
  endfacet
  facet normal -0 -1 0
    outer loop
      vertex 26.0277767181 28.7072849274 22.5000019073
      vertex 25.9604663849 28.6301841736 22.5000019073
      vertex 24.1511516571 31.492105484 22.5000019073
    endloop
  endfacet
  facet normal -0 -1 0
    outer loop
      vertex 25.9604663849 28.6301841736 22.5000019073
      vertex 25.6489715576 28.2511711121 22.5000019073
      vertex 24.1511516571 31.492105484 22.5000019073
    endloop
  endfacet
  facet normal -0 -1 0
    outer loop
      vertex 25.6489715576 28.2511711121 22.5000019073
      vertex 25.598772049 28.1619796753 22.5000019073
      vertex 24.1511516571 31.492105484 22.5000019073
    endloop
  endfacet
  facet normal -0 -1 0
    outer loop
      vertex 25.598772049 28.1619796753 22.5000019073
      vertex 25.3672885895 27.7294387817 22.5000019073
      vertex 24.1511516571 31.492105484 22.5000019073
    endloop
  endfacet
  facet normal 0 -1 0
    outer loop
      vertex 24.1511516571 31.492105484 22.5000019073
      vertex 25.3672885895 27.7294387817 22.5000019073
      vertex 23.3377475739 27.1408119202 22.5000019073
    endloop
  endfacet
  facet normal 0 -1 0
    outer loop
      vertex 24.1511516571 31.492105484 22.5000019073
      vertex 23.3377475739 27.1408119202 22.5000019073
      vertex 20.1606330872 30.412694931 22.5000019073
    endloop
  endfacet
  facet normal -3.72257957792e-08 -1 -1.37621569252e-07
    outer loop
      vertex 24.1511516571 31.492105484 22.5000019073
      vertex 20.1606330872 30.412694931 22.5000019073
      vertex 20.1529998779 34.7637367249 22.5000038147
    endloop
  endfacet
  facet normal -3.97123443463e-07 -1 3.02197236124e-07
    outer loop
      vertex 24.1511516571 31.492105484 22.5000019073
      vertex 20.1529998779 34.7637367249 22.5000038147
      vertex 21.4614715576 35.0266685486 22.5000019073
    endloop
  endfacet
  facet normal 0 -1 0
    outer loop
      vertex 21.784992218 35.0692634583 22.5000019073
      vertex 24.1511516571 31.492105484 22.5000019073
      vertex 21.4614715576 35.0266685486 22.5000019073
    endloop
  endfacet
  facet normal 0 -1 0
    outer loop
      vertex 21.8496990204 35.0777816772 22.5000019073
      vertex 24.1511516571 31.492105484 22.5000019073
      vertex 21.784992218 35.0692634583 22.5000019073
    endloop
  endfacet
  facet normal 0 -1 0
    outer loop
      vertex 22.1511745453 35.2026557922 22.5000019073
      vertex 24.1511516571 31.492105484 22.5000019073
      vertex 21.8496990204 35.0777816772 22.5000019073
    endloop
  endfacet
  facet normal 0 -1 0
    outer loop
      vertex 22.2114715576 35.2276306152 22.5000019073
      vertex 24.1511516571 31.492105484 22.5000019073
      vertex 22.1511745453 35.2026557922 22.5000019073
    endloop
  endfacet
  facet normal 0 -1 0
    outer loop
      vertex 22.2114715576 35.2276306152 22.5000019073
      vertex 22.4703540802 35.4262809753 22.5000019073
      vertex 24.1511516571 31.492105484 22.5000019073
    endloop
  endfacet
  facet normal 0 -1 0
    outer loop
      vertex 22.4703540802 35.4262809753 22.5000019073
      vertex 22.5221309662 35.4660110474 22.5000019073
      vertex 24.1511516571 31.492105484 22.5000019073
    endloop
  endfacet
  facet normal 0 -1 0
    outer loop
      vertex 22.5221309662 35.4660110474 22.5000019073
      vertex 25.7693710327 33.6274719238 22.5000019073
      vertex 24.1511516571 31.492105484 22.5000019073
    endloop
  endfacet
  facet normal 1.49184927523e-07 -1 1.1305508707e-07
    outer loop
      vertex 28.0372867584 31.3211402893 22.5000038147
      vertex 24.1511516571 31.492105484 22.5000019073
      vertex 25.7693710327 33.6274719238 22.5000019073
    endloop
  endfacet
  facet normal 1.39031527624e-07 -1 1.23039356481e-07
    outer loop
      vertex 28.0372867584 31.3211402893 22.5000038147
      vertex 25.7693710327 33.6274719238 22.5000019073
      vertex 28.0463542938 36.2004089355 22.5000019073
    endloop
  endfacet
  facet normal -6.38237338535e-08 -1 1.22662370927e-07
    outer loop
      vertex 29.2933158875 35.5515899658 22.5000019073
      vertex 28.0372867584 31.3211402893 22.5000038147
      vertex 28.0463542938 36.2004089355 22.5000019073
    endloop
  endfacet
  facet normal 0 -1 0
    outer loop
      vertex 22.5221309662 35.4660110474 22.5000019073
      vertex 28.0463542938 36.2004089355 22.5000019073
      vertex 25.7693710327 33.6274719238 22.5000019073
    endloop
  endfacet
  facet normal 0 -1 0
    outer loop
      vertex 28.0463542938 36.2004089355 22.5000019073
      vertex 22.5221309662 35.4660110474 22.5000019073
      vertex 22.7207794189 35.7248916626 22.5000019073
    endloop
  endfacet
  facet normal 0 -1 0
    outer loop
      vertex 28.0463542938 36.2004089355 22.5000019073
      vertex 22.7207794189 35.7248916626 22.5000019073
      vertex 22.7605113983 35.7766685486 22.5000019073
    endloop
  endfacet
  facet normal 0 -1 0
    outer loop
      vertex 28.0463542938 36.2004089355 22.5000019073
      vertex 22.7605113983 35.7766685486 22.5000019073
      vertex 22.8853855133 36.0781478882 22.5000019073
    endloop
  endfacet
  facet normal 0 -1 0
    outer loop
      vertex 25.135137558 37.715171814 22.5000019073
      vertex 28.0463542938 36.2004089355 22.5000019073
      vertex 22.8853855133 36.0781478882 22.5000019073
    endloop
  endfacet
  facet normal 0 -1 0
    outer loop
      vertex 25.135137558 37.715171814 22.5000019073
      vertex 22.8853855133 36.0781478882 22.5000019073
      vertex 22.9103603363 36.1384429932 22.5000019073
    endloop
  endfacet
  facet normal 0 -1 0
    outer loop
      vertex 25.135137558 37.715171814 22.5000019073
      vertex 22.9103603363 36.1384429932 22.5000019073
      vertex 22.9529514313 36.4619636536 22.5000019073
    endloop
  endfacet
  facet normal 0 -1 0
    outer loop
      vertex 25.135137558 37.715171814 22.5000019073
      vertex 22.9529514313 36.4619636536 22.5000019073
      vertex 22.9614715576 36.5266685486 22.5000019073
    endloop
  endfacet
  facet normal 0 -1 0
    outer loop
      vertex 25.135137558 37.715171814 22.5000019073
      vertex 22.9614715576 36.5266685486 22.5000019073
      vertex 22.9188785553 36.8501930237 22.5000019073
    endloop
  endfacet
  facet normal 0 -1 0
    outer loop
      vertex 25.135137558 37.715171814 22.5000019073
      vertex 22.9188785553 36.8501930237 22.5000019073
      vertex 22.9103603363 36.9148979187 22.5000019073
    endloop
  endfacet
  facet normal 0 -1 0
    outer loop
      vertex 25.135137558 37.715171814 22.5000019073
      vertex 22.9103603363 36.9148979187 22.5000019073
      vertex 22.785484314 37.2163734436 22.5000019073
    endloop
  endfacet
  facet normal 0 -1 0
    outer loop
      vertex 25.135137558 37.715171814 22.5000019073
      vertex 22.785484314 37.2163734436 22.5000019073
      vertex 22.7605113983 37.2766685486 22.5000019073
    endloop
  endfacet
  facet normal 0 -1 0
    outer loop
      vertex 25.135137558 37.8412971497 22.5000019073
      vertex 25.135137558 37.715171814 22.5000019073
      vertex 22.7605113983 37.2766685486 22.5000019073
    endloop
  endfacet
  facet normal 0 -1 0
    outer loop
      vertex 25.1246929169 37.9592437744 22.5000019073
      vertex 25.135137558 37.8412971497 22.5000019073
      vertex 22.7605113983 37.2766685486 22.5000019073
    endloop
  endfacet
  facet normal 0 -1 0
    outer loop
      vertex 25.0416431427 38.5108985901 22.5000019073
      vertex 25.1246929169 37.9592437744 22.5000019073
      vertex 22.7605113983 37.2766685486 22.5000019073
    endloop
  endfacet
  facet normal 0 -1 0
    outer loop
      vertex 25.0416431427 38.5108985901 22.5000019073
      vertex 22.7605113983 37.2766685486 22.5000019073
      vertex 22.5618629456 37.5355529785 22.5000019073
    endloop
  endfacet
  facet normal 0 -1 0
    outer loop
      vertex 24.8379192352 39.0302352905 22.5000019073
      vertex 25.0416431427 38.5108985901 22.5000019073
      vertex 22.5618629456 37.5355529785 22.5000019073
    endloop
  endfacet
  facet normal 0 -1 0
    outer loop
      vertex 24.8379192352 39.0302352905 22.5000019073
      vertex 22.5618629456 37.5355529785 22.5000019073
      vertex 22.5221309662 37.5873298645 22.5000019073
    endloop
  endfacet
  facet normal 0 -1 0
    outer loop
      vertex 24.5237407684 39.4912261963 22.5000019073
      vertex 24.8379192352 39.0302352905 22.5000019073
      vertex 22.5221309662 37.5873298645 22.5000019073
    endloop
  endfacet
  facet normal 0 -1 0
    outer loop
      vertex 24.1148605347 39.8707466125 22.5000019073
      vertex 24.5237407684 39.4912261963 22.5000019073
      vertex 22.5221309662 37.5873298645 22.5000019073
    endloop
  endfacet
  facet normal 0 -1 0
    outer loop
      vertex 24.1148605347 39.8707466125 22.5000019073
      vertex 22.5221309662 37.5873298645 22.5000019073
      vertex 22.2632484436 37.7859764099 22.5000019073
    endloop
  endfacet
  facet normal 0 -1 0
    outer loop
      vertex 23.6317806244 40.1497650146 22.5000019073
      vertex 24.1148605347 39.8707466125 22.5000019073
      vertex 22.2632484436 37.7859764099 22.5000019073
    endloop
  endfacet
  facet normal 0 -1 0
    outer loop
      vertex 23.6317806244 40.1497650146 22.5000019073
      vertex 22.2632484436 37.7859764099 22.5000019073
      vertex 22.2114715576 37.8257064819 22.5000019073
    endloop
  endfacet
  facet normal 0 -1 0
    outer loop
      vertex 23.0987224579 40.314289093 22.5000019073
      vertex 23.6317806244 40.1497650146 22.5000019073
      vertex 22.2114715576 37.8257064819 22.5000019073
    endloop
  endfacet
  facet normal 0 -1 0
    outer loop
      vertex 22.635137558 40.3665237427 22.5000019073
      vertex 23.0987224579 40.314289093 22.5000019073
      vertex 22.2114715576 37.8257064819 22.5000019073
    endloop
  endfacet
  facet normal 0 -1 0
    outer loop
      vertex 22.635137558 40.3665237427 22.5000019073
      vertex 22.2114715576 37.8257064819 22.5000019073
      vertex 21.9099941254 37.9505844116 22.5000019073
    endloop
  endfacet
  facet normal 0 -1 0
    outer loop
      vertex 22.635137558 40.3665237427 22.5000019073
      vertex 21.9099941254 37.9505844116 22.5000019073
      vertex 21.8496990204 37.9755592346 22.5000019073
    endloop
  endfacet
  facet normal 0 -1 0
    outer loop
      vertex 22.635137558 40.3665237427 22.5000019073
      vertex 21.8496990204 37.9755592346 22.5000019073
      vertex 21.5261764526 38.0181503296 22.5000019073
    endloop
  endfacet
  facet normal 0 -1 0
    outer loop
      vertex 22.635137558 40.3665237427 22.5000019073
      vertex 21.5261764526 38.0181503296 22.5000019073
      vertex 21.4614715576 38.0266685486 22.5000019073
    endloop
  endfacet
  facet normal 0 -1 0
    outer loop
      vertex 22.635137558 40.3665237427 22.5000019073
      vertex 21.4614715576 38.0266685486 22.5000019073
      vertex 21.1379489899 37.9840774536 22.5000019073
    endloop
  endfacet
  facet normal 0 -1 0
    outer loop
      vertex 22.635137558 40.3665237427 22.5000019073
      vertex 21.1379489899 37.9840774536 22.5000019073
      vertex 21.0732421875 37.9755592346 22.5000019073
    endloop
  endfacet
  facet normal 0 -1 0
    outer loop
      vertex 22.635137558 40.3665237427 22.5000019073
      vertex 21.0732421875 37.9755592346 22.5000019073
      vertex 20.7717685699 37.8506813049 22.5000019073
    endloop
  endfacet
  facet normal 0 -1 0
    outer loop
      vertex 22.635137558 40.3665237427 22.5000019073
      vertex 20.7717685699 37.8506813049 22.5000019073
      vertex 20.7114715576 37.8257064819 22.5000019073
    endloop
  endfacet
  facet normal 0 -1 0
    outer loop
      vertex 23.0987224579 40.314289093 22.5000019073
      vertex 23.1914424896 40.3038444519 22.5000019073
      vertex 23.6317806244 40.1497650146 22.5000019073
    endloop
  endfacet
  facet normal 0 -1 0
    outer loop
      vertex 23.6317806244 40.1497650146 22.5000019073
      vertex 23.7198486328 40.1189460754 22.5000019073
      vertex 24.1148605347 39.8707466125 22.5000019073
    endloop
  endfacet
  facet normal 0 -1 0
    outer loop
      vertex 24.1148605347 39.8707466125 22.5000019073
      vertex 24.193862915 39.821105957 22.5000019073
      vertex 24.5237407684 39.4912261963 22.5000019073
    endloop
  endfacet
  facet normal 0 -1 0
    outer loop
      vertex 24.5237407684 39.4912261963 22.5000019073
      vertex 24.589717865 39.4252510071 22.5000019073
      vertex 24.8379192352 39.0302352905 22.5000019073
    endloop
  endfacet
  facet normal 0 -1 0
    outer loop
      vertex 24.8379192352 39.0302352905 22.5000019073
      vertex 24.8875579834 38.9512329102 22.5000019073
      vertex 25.0416431427 38.5108985901 22.5000019073
    endloop
  endfacet
  facet normal 0 -1 0
    outer loop
      vertex 25.0416431427 38.5108985901 22.5000019073
      vertex 25.0724601746 38.4228286743 22.5000019073
      vertex 25.1246929169 37.9592437744 22.5000019073
    endloop
  endfacet
  facet normal 0 -1 0
    outer loop
      vertex 25.1246929169 37.9592437744 22.5000019073
      vertex 25.135137558 37.8665237427 22.5000019073
      vertex 25.135137558 37.8412971497 22.5000019073
    endloop
  endfacet
  facet normal -1.81234824481e-07 -1 1.37656900279e-06
    outer loop
      vertex 21.3967666626 35.0351867676 22.5000019073
      vertex 21.4614715576 35.0266685486 22.5000019073
      vertex 20.1529998779 34.7637367249 22.5000038147
    endloop
  endfacet
  facet normal -1.81236501362e-07 -1 1.37656127208e-06
    outer loop
      vertex 21.0732421875 35.0777816772 22.5000019073
      vertex 21.3967666626 35.0351867676 22.5000019073
      vertex 20.1529998779 34.7637367249 22.5000038147
    endloop
  endfacet
  facet normal -3.56926960876e-07 -1 8.61734406499e-07
    outer loop
      vertex 21.0129470825 35.1027565002 22.5000019073
      vertex 21.0732421875 35.0777816772 22.5000019073
      vertex 20.1529998779 34.7637367249 22.5000038147
    endloop
  endfacet
  facet normal -3.56934435786e-07 -1 8.61715420797e-07
    outer loop
      vertex 20.7114715576 35.2276306152 22.5000019073
      vertex 21.0129470825 35.1027565002 22.5000019073
      vertex 20.1529998779 34.7637367249 22.5000038147
    endloop
  endfacet
  facet normal -5.151104574e-07 -1 6.71290194987e-07
    outer loop
      vertex 20.6596946716 35.2673606873 22.5000019073
      vertex 20.7114715576 35.2276306152 22.5000019073
      vertex 20.1529998779 34.7637367249 22.5000038147
    endloop
  endfacet
  facet normal -5.15102613008e-07 -1 6.71298039379e-07
    outer loop
      vertex 20.6596946716 35.2673606873 22.5000019073
      vertex 20.1529998779 34.7637367249 22.5000038147
      vertex 20.4008102417 35.4660110474 22.5000019073
    endloop
  endfacet
  facet normal -7.61549017625e-07 -1 5.84334770792e-07
    outer loop
      vertex 20.4008102417 35.4660110474 22.5000019073
      vertex 20.1529998779 34.7637367249 22.5000038147
      vertex 20.361082077 35.5177879333 22.5000019073
    endloop
  endfacet
  facet normal -7.61519970638e-07 -1 5.84342785714e-07
    outer loop
      vertex 20.1624336243 35.7766685486 22.5000019073
      vertex 20.361082077 35.5177879333 22.5000019073
      vertex 20.1529998779 34.7637367249 22.5000038147
    endloop
  endfacet
  facet normal -1.39644544106e-06 -1 5.78429876441e-07
    outer loop
      vertex 20.1624336243 35.7766685486 22.5000019073
      vertex 20.1529998779 34.7637367249 22.5000038147
      vertex 20.1374568939 35.8369636536 22.5000019073
    endloop
  endfacet
  facet normal -1.39647556807e-06 -1 5.78430331188e-07
    outer loop
      vertex 20.1374568939 35.8369636536 22.5000019073
      vertex 20.1529998779 34.7637367249 22.5000038147
      vertex 20.0125827789 36.1384429932 22.5000019073
    endloop
  endfacet
  facet normal -1.46893706088e-08 -1 4.37289514821e-07
    outer loop
      vertex 20.1529998779 34.7637367249 22.5000038147
      vertex 17.6554813385 36.2176208496 22.5000019073
      vertex 20.0125827789 36.1384429932 22.5000019073
    endloop
  endfacet
  facet normal 1.46823930791e-08 -1 -4.37081808968e-07
    outer loop
      vertex 19.5696048737 37.5239639282 22.5000038147
      vertex 20.0125827789 36.1384429932 22.5000019073
      vertex 17.6554813385 36.2176208496 22.5000019073
    endloop
  endfacet
  facet normal -2.2991687274e-06 -1 3.02701465671e-07
    outer loop
      vertex 20.0040626526 36.2031478882 22.5000019073
      vertex 20.0125827789 36.1384429932 22.5000019073
      vertex 19.5696048737 37.5239639282 22.5000038147
    endloop
  endfacet
  facet normal -2.29911665883e-06 -1 3.02684298958e-07
    outer loop
      vertex 19.9614715576 36.5266685486 22.5000019073
      vertex 20.0040626526 36.2031478882 22.5000019073
      vertex 19.5696048737 37.5239639282 22.5000038147
    endloop
  endfacet
  facet normal -1.14510578442e-06 -1 -1.50761096052e-07
    outer loop
      vertex 19.9699897766 36.5913734436 22.5000019073
      vertex 19.9614715576 36.5266685486 22.5000019073
      vertex 19.5696048737 37.5239639282 22.5000038147
    endloop
  endfacet
  facet normal -1.14511692573e-06 -1 -1.50756306994e-07
    outer loop
      vertex 20.0125827789 36.9148979187 22.5000019073
      vertex 19.9699897766 36.5913734436 22.5000019073
      vertex 19.5696048737 37.5239639282 22.5000038147
    endloop
  endfacet
  facet normal -8.61663124851e-07 -1 -3.56914540589e-07
    outer loop
      vertex 20.0375576019 36.9751930237 22.5000019073
      vertex 20.0125827789 36.9148979187 22.5000019073
      vertex 19.5696048737 37.5239639282 22.5000038147
    endloop
  endfacet
  facet normal -8.61664489094e-07 -1 -3.56913346877e-07
    outer loop
      vertex 20.1624336243 37.2766685486 22.5000019073
      vertex 20.0375576019 36.9751930237 22.5000019073
      vertex 19.5696048737 37.5239639282 22.5000038147
    endloop
  endfacet
  facet normal -7.65519303059e-07 -1 -5.87398858443e-07
    outer loop
      vertex 20.1624336243 37.2766685486 22.5000019073
      vertex 19.5696048737 37.5239639282 22.5000038147
      vertex 20.2021636963 37.3284454346 22.5000019073
    endloop
  endfacet
  facet normal -7.65518336721e-07 -1 -5.87401927987e-07
    outer loop
      vertex 20.2021636963 37.3284454346 22.5000019073
      vertex 19.5696048737 37.5239639282 22.5000038147
      vertex 20.4008102417 37.5873298645 22.5000019073
    endloop
  endfacet
  facet normal 2.23628063623e-07 -1 2.7902055777e-08
    outer loop
      vertex 20.1529998779 34.7637367249 22.5000038147
      vertex 16.5470066071 27.3334751129 22.5000019073
      vertex 17.6554813385 36.2176208496 22.5000019073
    endloop
  endfacet
  facet normal -1.17149788537e-07 -1 -1.37481350748e-07
    outer loop
      vertex 16.5470066071 27.3334751129 22.5000019073
      vertex 20.1529998779 34.7637367249 22.5000038147
      vertex 20.1606330872 30.412694931 22.5000019073
    endloop
  endfacet
  facet normal 0 -1 0
    outer loop
      vertex 16.5470066071 27.3334751129 22.5000019073
      vertex 20.1606330872 30.412694931 22.5000019073
      vertex 19.2281532288 27.107673645 22.5000019073
    endloop
  endfacet
  facet normal -0 -1 0
    outer loop
      vertex 19.2281532288 27.107673645 22.5000019073
      vertex 17.8045635223 23.6258201599 22.5000019073
      vertex 16.5470066071 27.3334751129 22.5000019073
    endloop
  endfacet
  facet normal 0 -1 0
    outer loop
      vertex 16.2814102173 19.3802909851 22.5000019073
      vertex 16.5470066071 27.3334751129 22.5000019073
      vertex 17.8045635223 23.6258201599 22.5000019073
    endloop
  endfacet
  facet normal 0 -1 0
    outer loop
      vertex 16.2814102173 19.3802909851 22.5000019073
      vertex 17.8045635223 23.6258201599 22.5000019073
      vertex 19.1619949341 18.205247879 22.5000019073
    endloop
  endfacet
  facet normal -4.24617496719e-08 -1 1.04093771824e-07
    outer loop
      vertex 16.2814102173 19.3802909851 22.5000019073
      vertex 19.1619949341 18.205247879 22.5000019073
      vertex 17.7590408325 13.0223293304 22.5000038147
    endloop
  endfacet
  facet normal 1.72446064539e-07 -1 5.41478648586e-08
    outer loop
      vertex 16.2814102173 19.3802909851 22.5000019073
      vertex 17.7590408325 13.0223293304 22.5000038147
      vertex 13.3832521439 10.1504526138 22.5000019073
    endloop
  endfacet
  facet normal -0 -1 -0
    outer loop
      vertex 16.2814102173 19.3802909851 22.5000019073
      vertex 13.3832521439 10.1504526138 22.5000019073
      vertex 16.5470066071 27.3334751129 22.5000019073
    endloop
  endfacet
  facet normal -0 -1 -2.08602799034e-07
    outer loop
      vertex 15.8832502365 10.1504526138 22.5000019073
      vertex 13.3832521439 10.1504526138 22.5000019073
      vertex 17.7590408325 13.0223293304 22.5000038147
    endloop
  endfacet
  facet normal -0 -1 -2.08602799034e-07
    outer loop
      vertex 17.966583252 10.1504526138 22.5000019073
      vertex 15.8832502365 10.1504526138 22.5000019073
      vertex 17.7590408325 13.0223293304 22.5000038147
    endloop
  endfacet
  facet normal -0 -1 -2.08602799034e-07
    outer loop
      vertex 19.4252376556 10.1504526138 22.5000019073
      vertex 17.966583252 10.1504526138 22.5000019073
      vertex 17.7590408325 13.0223293304 22.5000038147
    endloop
  endfacet
  facet normal -1.60658927939e-07 -1 -1.15392190025e-07
    outer loop
      vertex 19.4252376556 10.1504526138 22.5000019073
      vertex 17.7590408325 13.0223293304 22.5000038147
      vertex 22.5727100372 14.5326356888 22.5000019073
    endloop
  endfacet
  facet normal 0 -1 0
    outer loop
      vertex 19.4252376556 10.1504526138 22.5000019073
      vertex 22.5727100372 14.5326356888 22.5000019073
      vertex 25.135137558 10.6504526138 22.5000019073
    endloop
  endfacet
  facet normal 0 -1 0
    outer loop
      vertex 25.135137558 10.6504526138 22.5000019073
      vertex 24.635137558 10.1504526138 22.5000019073
      vertex 19.4252376556 10.1504526138 22.5000019073
    endloop
  endfacet
  facet normal 0 -1 0
    outer loop
      vertex 25.135137558 10.6504526138 22.5000019073
      vertex 24.6567058563 10.1532917023 22.5000019073
      vertex 24.635137558 10.1504526138 22.5000019073
    endloop
  endfacet
  facet normal 0 -1 0
    outer loop
      vertex 25.135137558 10.6504526138 22.5000019073
      vertex 25.1209411621 10.5426111221 22.5000019073
      vertex 24.6567058563 10.1532917023 22.5000019073
    endloop
  endfacet
  facet normal 0 -1 0
    outer loop
      vertex 25.1209411621 10.5426111221 22.5000019073
      vertex 25.0764751434 10.4205513 22.5000019073
      vertex 24.6567058563 10.1532917023 22.5000019073
    endloop
  endfacet
  facet normal 0 -1 0
    outer loop
      vertex 25.0764751434 10.4205513 22.5000019073
      vertex 24.9023971558 10.2306833267 22.5000019073
      vertex 24.6567058563 10.1532917023 22.5000019073
    endloop
  endfacet
  facet normal 0 -1 0
    outer loop
      vertex 24.9023971558 10.2306833267 22.5000019073
      vertex 24.7846469879 10.1758146286 22.5000019073
      vertex 24.6567058563 10.1532917023 22.5000019073
    endloop
  endfacet
  facet normal 0 -1 0
    outer loop
      vertex 24.7846469879 10.1758146286 22.5000019073
      vertex 24.764547348 10.1674890518 22.5000019073
      vertex 24.6567058563 10.1532917023 22.5000019073
    endloop
  endfacet
  facet normal 0 -1 0
    outer loop
      vertex 24.9023971558 10.2306833267 22.5000019073
      vertex 24.8851394653 10.2174396515 22.5000019073
      vertex 24.7846469879 10.1758146286 22.5000019073
    endloop
  endfacet
  facet normal 0 -1 0
    outer loop
      vertex 25.0764751434 10.4205513 22.5000019073
      vertex 25.0019359589 10.314157486 22.5000019073
      vertex 24.9023971558 10.2306833267 22.5000019073
    endloop
  endfacet
  facet normal 0 -1 0
    outer loop
      vertex 25.0019359589 10.314157486 22.5000019073
      vertex 24.98869133 10.2968988419 22.5000019073
      vertex 24.9023971558 10.2306833267 22.5000019073
    endloop
  endfacet
  facet normal 0 -1 0
    outer loop
      vertex 25.0764751434 10.4205513 22.5000019073
      vertex 25.068151474 10.4004526138 22.5000019073
      vertex 25.0019359589 10.314157486 22.5000019073
    endloop
  endfacet
  facet normal 0 -1 0
    outer loop
      vertex 25.1209411621 10.5426111221 22.5000019073
      vertex 25.1181030273 10.5210428238 22.5000019073
      vertex 25.0764751434 10.4205513 22.5000019073
    endloop
  endfacet
  facet normal 0 -1 0
    outer loop
      vertex 22.5727100372 14.5326356888 22.5000019073
      vertex 23.2879371643 18.0449810028 22.5000019073
      vertex 25.135137558 10.6504526138 22.5000019073
    endloop
  endfacet
  facet normal 0 -1 0
    outer loop
      vertex 25.135137558 23.9187583923 22.5000019073
      vertex 25.135137558 10.6504526138 22.5000019073
      vertex 23.2879371643 18.0449810028 22.5000019073
    endloop
  endfacet
  facet normal -1.75192198526e-07 -1 -5.50948939804e-08
    outer loop
      vertex 21.2710266113 22.5051841736 22.5000038147
      vertex 25.135137558 23.9187583923 22.5000019073
      vertex 23.2879371643 18.0449810028 22.5000019073
    endloop
  endfacet
  facet normal 1.54555607423e-07 -1 -2.04207353249e-07
    outer loop
      vertex 21.2710266113 22.5051841736 22.5000038147
      vertex 23.2879371643 18.0449810028 22.5000019073
      vertex 21.7312164307 19.2231941223 22.5000019073
    endloop
  endfacet
  facet normal -6.85158525471e-08 -1 -1.72928963593e-07
    outer loop
      vertex 21.2710266113 22.5051841736 22.5000038147
      vertex 21.7312164307 19.2231941223 22.5000019073
      vertex 19.1619949341 18.205247879 22.5000019073
    endloop
  endfacet
  facet normal 1.88045618188e-07 -1 -4.70908254613e-08
    outer loop
      vertex 17.8045635223 23.6258201599 22.5000019073
      vertex 21.2710266113 22.5051841736 22.5000038147
      vertex 19.1619949341 18.205247879 22.5000019073
    endloop
  endfacet
  facet normal 1.5264600961e-07 -1 6.24107840963e-08
    outer loop
      vertex 21.2710266113 22.5051841736 22.5000038147
      vertex 17.8045635223 23.6258201599 22.5000019073
      vertex 19.2281532288 27.107673645 22.5000019073
    endloop
  endfacet
  facet normal 1.04587349892e-09 -1 1.29700453044e-07
    outer loop
      vertex 21.2710266113 22.5051841736 22.5000038147
      vertex 19.2281532288 27.107673645 22.5000019073
      vertex 23.3377475739 27.1408119202 22.5000019073
    endloop
  endfacet
  facet normal -1.28761087126e-07 -1 7.1828083037e-08
    outer loop
      vertex 21.2710266113 22.5051841736 22.5000038147
      vertex 23.3377475739 27.1408119202 22.5000019073
      vertex 25.135137558 23.9187583923 22.5000019073
    endloop
  endfacet
  facet normal -0 -1 0
    outer loop
      vertex 25.135137558 26.572435379 22.5000019073
      vertex 25.135137558 23.9187583923 22.5000019073
      vertex 23.3377475739 27.1408119202 22.5000019073
    endloop
  endfacet
  facet normal 0 -1 -0
    outer loop
      vertex 25.135137558 26.572435379 22.5000019073
      vertex 23.3377475739 27.1408119202 22.5000019073
      vertex 25.1832733154 27.0606575012 22.5000019073
    endloop
  endfacet
  facet normal 0 -1 -0
    outer loop
      vertex 25.1832733154 27.0606575012 22.5000019073
      vertex 23.3377475739 27.1408119202 22.5000019073
      vertex 25.1937503815 27.1624698639 22.5000019073
    endloop
  endfacet
  facet normal -0 -1 -0
    outer loop
      vertex 25.1937503815 27.1624698639 22.5000019073
      vertex 23.3377475739 27.1408119202 22.5000019073
      vertex 25.3363018036 27.6318912506 22.5000019073
    endloop
  endfacet
  facet normal -0 -1 -0
    outer loop
      vertex 25.3363018036 27.6318912506 22.5000019073
      vertex 23.3377475739 27.1408119202 22.5000019073
      vertex 25.3672885895 27.7294387817 22.5000019073
    endloop
  endfacet
  facet normal 0 -1 0
    outer loop
      vertex 19.2281532288 27.107673645 22.5000019073
      vertex 20.1606330872 30.412694931 22.5000019073
      vertex 23.3377475739 27.1408119202 22.5000019073
    endloop
  endfacet
  facet normal 0 -1 0
    outer loop
      vertex 22.5727100372 14.5326356888 22.5000019073
      vertex 19.1619949341 18.205247879 22.5000019073
      vertex 21.7312164307 19.2231941223 22.5000019073
    endloop
  endfacet
  facet normal 0 -1 -0
    outer loop
      vertex 22.5727100372 14.5326356888 22.5000019073
      vertex 21.7312164307 19.2231941223 22.5000019073
      vertex 23.2879371643 18.0449810028 22.5000019073
    endloop
  endfacet
  facet normal -9.63730641956e-08 -1 8.95006095902e-08
    outer loop
      vertex 19.1619949341 18.205247879 22.5000019073
      vertex 22.5727100372 14.5326356888 22.5000019073
      vertex 17.7590408325 13.0223293304 22.5000038147
    endloop
  endfacet
  facet normal -0.707106590271 0.707106947899 0
    outer loop
      vertex 15.8832502365 -9.40780544281 25
      vertex 15.8832502365 -0.17284193635 25
      vertex 13.3832521439 -0.172846734524 22.5000019073
    endloop
  endfacet
  facet normal -0.707106769085 0.707106769085 9.17415263757e-08
    outer loop
      vertex 15.8832502365 -9.40780544281 25
      vertex 13.3832521439 -0.172846734524 22.5000019073
      vertex 13.3832530975 -9.40780544281 22.5000019073
    endloop
  endfacet
  facet normal 0 0 1
    outer loop
      vertex 13.3832530975 -9.40780544281 22.5000019073
      vertex 18.8879699707 -9.40780544281 22.5000019073
      vertex 15.8832502365 -9.40780544281 25
    endloop
  endfacet
  facet normal 0 0 1
    outer loop
      vertex 18.8879699707 -9.40780544281 25
      vertex 15.8832502365 -9.40780544281 25
      vertex 18.8879699707 -9.40780544281 22.5000019073
    endloop
  endfacet
  facet normal -0.057157240808 0 0.998365163803
    outer loop
      vertex 18.8879699707 -9.40780544281 22.5000019073
      vertex 19.0496616364 -9.4170627594 22.5000019073
      vertex 18.8879699707 -9.40780544281 25
    endloop
  endfacet
  facet normal -0.0571599788964 -1.77757272013e-07 0.998365044594
    outer loop
      vertex 19.8581180573 -9.46334934235 25
      vertex 18.8879699707 -9.40780544281 25
      vertex 19.0496616364 -9.4170627594 22.5000019073
    endloop
  endfacet
  facet normal -0.0571605265141 0 0.998364984989
    outer loop
      vertex 19.8581180573 -9.46334934235 25
      vertex 19.0496616364 -9.4170627594 22.5000019073
      vertex 19.8581180573 -9.46334934235 22.5000019073
    endloop
  endfacet
  facet normal -0.170739516616 0 0.985316216946
    outer loop
      vertex 19.8581180573 -9.46334934235 22.5000019073
      vertex 20.0176963806 -9.49100208282 22.5000019073
      vertex 19.8581180573 -9.46334934235 25
    endloop
  endfacet
  facet normal -0.170736536384 1.95200200892e-07 0.985316693783
    outer loop
      vertex 20.8155860901 -9.62926101685 25
      vertex 19.8581180573 -9.46334934235 25
      vertex 20.0176963806 -9.49100208282 22.5000019073
    endloop
  endfacet
  facet normal -0.170735955238 0 0.985316812992
    outer loop
      vertex 20.8155860901 -9.62926101685 25
      vertex 20.0176963806 -9.49100208282 22.5000019073
      vertex 20.8155860901 -9.62926101685 22.5000019073
    endloop
  endfacet
  facet normal -0.282079398632 0 0.959391057491
    outer loop
      vertex 20.8155860901 -9.62926101685 22.5000019073
      vertex 20.9709663391 -9.67494487762 22.5000019073
      vertex 20.8155860901 -9.62926101685 25
    endloop
  endfacet
  facet normal -0.282079607248 -1.34935218554e-08 0.959390997887
    outer loop
      vertex 21.7478618622 -9.90336799622 25
      vertex 20.8155860901 -9.62926101685 25
      vertex 20.9709663391 -9.67494487762 22.5000019073
    endloop
  endfacet
  facet normal -0.282079637051 0 0.959390997887
    outer loop
      vertex 21.7478618622 -9.90336799622 25
      vertex 20.9709663391 -9.67494487762 22.5000019073
      vertex 21.7478618622 -9.90336799622 22.5000019073
    endloop
  endfacet
  facet normal -0.389737486839 0 0.920925974846
    outer loop
      vertex 21.7478618622 -9.90336799622 22.5000019073
      vertex 21.8970108032 -9.96648788452 22.5000019073
      vertex 21.7478618622 -9.90336799622 25
    endloop
  endfacet
  facet normal -0.389735400677 1.47122904082e-07 0.920926868916
    outer loop
      vertex 22.6427593231 -10.2820882797 25
      vertex 21.7478618622 -9.90336799622 25
      vertex 21.8970108032 -9.96648788452 22.5000019073
    endloop
  endfacet
  facet normal -0.389734983444 0 0.920927047729
    outer loop
      vertex 22.6427593231 -10.2820882797 25
      vertex 21.8970108032 -9.96648788452 22.5000019073
      vertex 22.6427593231 -10.2820882797 22.5000019073
    endloop
  endfacet
  facet normal -0.492302715778 0 0.870424032211
    outer loop
      vertex 22.6427593231 -10.2820882797 22.5000019073
      vertex 22.7837314606 -10.3618202209 22.5000019073
      vertex 22.6427593231 -10.2820882797 25
    endloop
  endfacet
  facet normal -0.492300033569 1.99462604655e-07 0.870425581932
    outer loop
      vertex 23.4885845184 -10.760474205 25
      vertex 22.6427593231 -10.2820882797 25
      vertex 22.7837314606 -10.3618202209 22.5000019073
    endloop
  endfacet
  facet normal -0.492299497128 0 0.870425879955
    outer loop
      vertex 23.4885845184 -10.760474205 25
      vertex 22.7837314606 -10.3618202209 22.5000019073
      vertex 23.4885845184 -10.760474205 22.5000019073
    endloop
  endfacet
  facet normal -0.588427662849 0 0.808549880981
    outer loop
      vertex 23.4885845184 -10.760474205 22.5000019073
      vertex 23.6195335388 -10.8557729721 22.5000019073
      vertex 23.4885845184 -10.760474205 25
    endloop
  endfacet
  facet normal -0.588427662849 -2.91753153318e-17 0.808549880981
    outer loop
      vertex 24.2742824554 -11.3322706223 25
      vertex 23.4885845184 -10.760474205 25
      vertex 23.6195335388 -10.8557729721 22.5000019073
    endloop
  endfacet
  facet normal -0.588427662849 0 0.808549880981
    outer loop
      vertex 24.2742824554 -11.3322706223 25
      vertex 23.6195335388 -10.8557729721 22.5000019073
      vertex 24.2742824554 -11.3322706223 22.5000019073
    endloop
  endfacet
  facet normal -0.633683562279 0 0.773592352867
    outer loop
      vertex 24.2742824554 -11.3322706223 25
      vertex 24.2742824554 -11.3322706223 22.5000019073
      vertex 31.2058944702 -17.0102596283 22.5000019073
    endloop
  endfacet
  facet normal -0.633683621883 -2.03558471412e-07 0.773592352867
    outer loop
      vertex 35.8763885498 -20.8360691071 25
      vertex 24.2742824554 -11.3322706223 25
      vertex 31.2058944702 -17.0102596283 22.5000019073
    endloop
  endfacet
  facet normal -0.633683621883 -1.55892607268e-07 0.773592293262
    outer loop
      vertex 35.8763885498 -20.8360691071 25
      vertex 31.2058944702 -17.0102596283 22.5000019073
      vertex 33.1395874023 -18.5942325592 22.5000019073
    endloop
  endfacet
  facet normal -0.633683681488 0 0.773592233658
    outer loop
      vertex 35.8763885498 -20.8360691071 25
      vertex 33.1395874023 -18.5942325592 22.5000019073
      vertex 35.8763885498 -20.8360691071 22.5000019073
    endloop
  endfacet
  facet normal -0.577590763569 0 0.816326439381
    outer loop
      vertex 35.8763885498 -20.8360691071 25
      vertex 35.8763885498 -20.8360691071 22.5000019073
      vertex 35.9893989563 -20.9160289764 22.5000019073
    endloop
  endfacet
  facet normal -0.549353122711 0.0018925354816 0.835588157177
    outer loop
      vertex 36.3567733765 -21.1518936157 25
      vertex 35.8763885498 -20.8360691071 25
      vertex 35.9893989563 -20.9160289764 22.5000019073
    endloop
  endfacet
  facet normal -0.549352049828 0.00189231336117 0.835588872433
    outer loop
      vertex 36.3567733765 -21.1518936157 25
      vertex 35.9893989563 -20.9160289764 22.5000019073
      vertex 36.2982177734 -21.1190605164 22.5000019073
    endloop
  endfacet
  facet normal -0.490965783596 5.73745564907e-05 0.871178865433
    outer loop
      vertex 36.3567733765 -21.1518936157 25
      vertex 36.2982177734 -21.1190605164 22.5000019073
      vertex 36.3530693054 -21.1499729156 22.5000019073
    endloop
  endfacet
  facet normal -0.428314000368 -6.03549851803e-05 0.90362995863
    outer loop
      vertex 36.3567733765 -21.1518936157 25
      vertex 36.3530693054 -21.1499729156 22.5000019073
      vertex 36.4213447571 -21.1823348999 22.5000019073
    endloop
  endfacet
  facet normal -0.363612055779 0.00195080856793 0.931548416615
    outer loop
      vertex 36.4213447571 -21.1823348999 22.5000019073
      vertex 36.7656326294 -21.3167209625 22.5000019073
      vertex 36.3567733765 -21.1518936157 25
    endloop
  endfacet
  facet normal -0.36361053586 0.00195109983906 0.931549012661
    outer loop
      vertex 36.8923301697 -21.3609371185 25
      vertex 36.3567733765 -21.1518936157 25
      vertex 36.7656326294 -21.3167209625 22.5000019073
    endloop
  endfacet
  facet normal -0.333510190248 0.000227611642913 0.942746460438
    outer loop
      vertex 36.8923301697 -21.3609371185 25
      vertex 36.7656326294 -21.3167209625 22.5000019073
      vertex 36.8842887878 -21.3586978912 22.5000019073
    endloop
  endfacet
  facet normal -0.266349315643 -7.30651163394e-06 0.963876545429
    outer loop
      vertex 36.8923301697 -21.3609371185 25
      vertex 36.8842887878 -21.3586978912 22.5000019073
      vertex 36.8964385986 -21.3620548248 22.5000019073
    endloop
  endfacet
  facet normal -0.191363528371 0.0001238417899 0.98151922226
    outer loop
      vertex 36.8923301697 -21.3609371185 25
      vertex 36.8964385986 -21.3620548248 22.5000019073
      vertex 37.0323143005 -21.38854599 22.5000019073
    endloop
  endfacet
  facet normal -0.161989226937 0.00182685838081 0.986790835857
    outer loop
      vertex 37.4596405029 -21.4540672302 25
      vertex 36.8923301697 -21.3609371185 25
      vertex 37.0323143005 -21.38854599 22.5000019073
    endloop
  endfacet
  facet normal -0.161992534995 0.00182743987534 0.986790299416
    outer loop
      vertex 37.4596405029 -21.4540672302 25
      vertex 37.0323143005 -21.38854599 22.5000019073
      vertex 37.3970184326 -21.4484157562 22.5000019073
    endloop
  endfacet
  facet normal -0.0962055847049 0.000160149793373 0.995361447334
    outer loop
      vertex 37.4596405029 -21.4540672302 25
      vertex 37.3970184326 -21.4484157562 22.5000019073
      vertex 37.4471473694 -21.4532604218 22.5000019073
    endloop
  endfacet
  facet normal -0.0258527211845 -0.000192777413758 0.999665737152
    outer loop
      vertex 37.4596405029 -21.4540672302 25
      vertex 37.4471473694 -21.4532604218 22.5000019073
      vertex 37.5352706909 -21.4555397034 22.5000019073
    endloop
  endfacet
  facet normal 0.0467160344124 0.00200207089074 0.998906195164
    outer loop
      vertex 37.5352706909 -21.4555397034 22.5000019073
      vertex 37.9044494629 -21.4382743835 22.5000019073
      vertex 37.4596405029 -21.4540672302 25
    endloop
  endfacet
  facet normal 0.0467128865421 0.00200150976889 0.998906373978
    outer loop
      vertex 38.0339202881 -21.4272098541 25
      vertex 37.4596405029 -21.4540672302 25
      vertex 37.9044494629 -21.4382743835 22.5000019073
    endloop
  endfacet
  facet normal 0.0766803175211 0.000441351148766 0.997055649757
    outer loop
      vertex 38.0339202881 -21.4272098541 25
      vertex 37.9044494629 -21.4382743835 22.5000019073
      vertex 38.0173988342 -21.4295883179 22.5000019073
    endloop
  endfacet
  facet normal 0.146703720093 -2.88598457701e-05 0.989180505276
    outer loop
      vertex 38.0339202881 -21.4272098541 25
      vertex 38.0173988342 -21.4295883179 22.5000019073
      vertex 38.0423316956 -21.4258899689 22.5000019073
    endloop
  endfacet
  facet normal 0.228617668152 0.000255008257227 0.973516225815
    outer loop
      vertex 38.0339202881 -21.4272098541 25
      vertex 38.0423316956 -21.4258899689 22.5000019073
      vertex 38.1770973206 -21.394241333 22.5000019073
    endloop
  endfacet
  facet normal 0.253377020359 0.00175411452074 0.967366039753
    outer loop
      vertex 38.5900650024 -21.2815437317 25
      vertex 38.0339202881 -21.4272098541 25
      vertex 38.1770973206 -21.394241333 22.5000019073
    endloop
  endfacet
  facet normal 0.253376334906 0.00175423501059 0.967366218567
    outer loop
      vertex 38.5900650024 -21.2815437317 25
      vertex 38.1770973206 -21.394241333 22.5000019073
      vertex 38.5346221924 -21.3005981445 22.5000019073
    endloop
  endfacet
  facet normal 0.314990371466 0.000248518539593 0.949094831944
    outer loop
      vertex 38.5900650024 -21.2815437317 25
      vertex 38.5346221924 -21.3005981445 22.5000019073
      vertex 38.5704689026 -21.2887001038 22.5000019073
    endloop
  endfacet
  facet normal 0.381058454514 -0.000339590042131 0.924550890923
    outer loop
      vertex 38.5900650024 -21.2815437317 25
      vertex 38.5704689026 -21.2887001038 22.5000019073
      vertex 38.6636009216 -21.2503166199 22.5000019073
    endloop
  endfacet
  facet normal 0.448972791433 0.00204538018443 0.893543064594
    outer loop
      vertex 38.6636009216 -21.2503166199 22.5000019073
      vertex 38.9938392639 -21.0843830109 22.5000019073
      vertex 38.5900650024 -21.2815437317 25
    endloop
  endfacet
  facet normal 0.448970764875 0.00204497063532 0.893544077873
    outer loop
      vertex 39.1037712097 -21.0234241486 25
      vertex 38.5900650024 -21.2815437317 25
      vertex 38.9938392639 -21.0843830109 22.5000019073
    endloop
  endfacet
  facet normal 0.473759144545 0.000640665064566 0.880654215813
    outer loop
      vertex 39.1037712097 -21.0234241486 25
      vertex 38.9938392639 -21.0843830109 22.5000019073
      vertex 39.0825271606 -21.0366725922 22.5000019073
    endloop
  endfacet
  facet normal 0.534629702568 -6.50406582281e-05 0.845086455345
    outer loop
      vertex 39.1037712097 -21.0234241486 25
      vertex 39.0825271606 -21.0366725922 22.5000019073
      vertex 39.1144714355 -21.0164642334 22.5000019073
    endloop
  endfacet
  facet normal 0.60825741291 0.000393051013816 0.79373973608
    outer loop
      vertex 39.1037712097 -21.0234241486 25
      vertex 39.1144714355 -21.0164642334 22.5000019073
      vertex 39.2243499756 -20.9322624207 22.5000019073
    endloop
  endfacet
  facet normal 0.624935090542 0.00167385232635 0.780674934387
    outer loop
      vertex 39.5525894165 -20.664144516 25
      vertex 39.1037712097 -21.0234241486 25
      vertex 39.2243499756 -20.9322624207 22.5000019073
    endloop
  endfacet
  facet normal 0.624933719635 0.00167414639145 0.780676007271
    outer loop
      vertex 39.5525894165 -20.664144516 25
      vertex 39.2243499756 -20.9322624207 22.5000019073
      vertex 39.5128746033 -20.7012958527 22.5000019073
    endloop
  endfacet
  facet normal 0.672265291214 0.000322371080983 0.740310251713
    outer loop
      vertex 39.5525894165 -20.664144516 25
      vertex 39.5128746033 -20.7012958527 22.5000019073
      vertex 39.5315170288 -20.6843681335 22.5000019073
    endloop
  endfacet
  facet normal 0.722728550434 -0.000500854454003 0.691131770611
    outer loop
      vertex 39.5525894165 -20.664144516 25
      vertex 39.5315170288 -20.6843681335 22.5000019073
      vertex 39.6098251343 -20.6024799347 22.5000019073
    endloop
  endfacet
  facet normal 0.773590922356 0.00208066776395 0.633681893349
    outer loop
      vertex 39.6098251343 -20.6024799347 22.5000019073
      vertex 39.8440246582 -20.3165740967 22.5000019073
      vertex 39.5525894165 -20.664144516 25
    endloop
  endfacet
  facet normal 0.773591518402 0.00208083307371 0.633681178093
    outer loop
      vertex 39.9168968201 -20.2194023132 25
      vertex 39.5525894165 -20.664144516 25
      vertex 39.8440246582 -20.3165740967 22.5000019073
    endloop
  endfacet
  facet normal 0.789720773697 0.000824944698252 0.61346590519
    outer loop
      vertex 39.9168968201 -20.2194023132 25
      vertex 39.8440246582 -20.3165740967 22.5000019073
      vertex 39.8980865479 -20.2469768524 22.5000019073
    endloop
  endfacet
  facet normal 0.830973148346 -0.000115809489216 0.556312561035
    outer loop
      vertex 39.9168968201 -20.2194023132 25
      vertex 39.8980865479 -20.2469768524 22.5000019073
      vertex 39.9261169434 -20.2051086426 22.5000019073
    endloop
  endfacet
  facet normal 0.88056486845 0.000538166903425 0.473925292492
    outer loop
      vertex 39.9168968201 -20.2194023132 25
      vertex 39.9261169434 -20.2051086426 22.5000019073
      vertex 39.9917221069 -20.0832099915 22.5000019073
    endloop
  endfacet
  facet normal 0.888434886932 0.00158681825269 0.45899990201
    outer loop
      vertex 40.1807785034 -19.7086334229 25
      vertex 39.9168968201 -20.2194023132 25
      vertex 39.9917221069 -20.0832099915 22.5000019073
    endloop
  endfacet
  facet normal 0.888435959816 0.00158643967006 0.458997905254
    outer loop
      vertex 40.1807785034 -19.7086334229 25
      vertex 39.9917221069 -20.0832099915 22.5000019073
      vertex 40.1613616943 -19.754858017 22.5000019073
    endloop
  endfacet
  facet normal 0.914383530617 0.000383684993722 0.404848843813
    outer loop
      vertex 40.1807785034 -19.7086334229 25
      vertex 40.1613616943 -19.754858017 22.5000019073
      vertex 40.1664581299 -19.7433452606 22.5000019073
    endloop
  endfacet
  facet normal 0.940653979778 -0.000676038267557 0.339366495609
    outer loop
      vertex 40.1807785034 -19.7086334229 25
      vertex 40.1664581299 -19.7433452606 22.5000019073
      vertex 40.2091751099 -19.6249427795 22.5000019073
    endloop
  endfacet
  facet normal 0.964453816414 0.00210911035538 0.264242976904
    outer loop
      vertex 40.2091751099 -19.6249427795 22.5000019073
      vertex 40.3068351746 -19.268497467 22.5000019073
      vertex 40.1807785034 -19.7086334229 25
    endloop
  endfacet
  facet normal 0.964453876019 0.00210914737545 0.26424279809
    outer loop
      vertex 40.3326950073 -19.1541614532 25
      vertex 40.1807785034 -19.7086334229 25
      vertex 40.3068351746 -19.268497467 22.5000019073
    endloop
  endfacet
  facet normal 0.970454633236 0.00099695683457 0.241281494498
    outer loop
      vertex 40.3326950073 -19.1541614532 25
      vertex 40.3068351746 -19.268497467 22.5000019073
      vertex 40.3250656128 -19.1951789856 22.5000019073
    endloop
  endfacet
  facet normal 0.985054373741 -0.000180316652404 0.172243699431
    outer loop
      vertex 40.3326950073 -19.1541614532 25
      vertex 40.3250656128 -19.1951789856 22.5000019073
      vertex 40.3359107971 -19.1331520081 22.5000019073
    endloop
  endfacet
  facet normal 0.99751240015 0.000690807355568 0.0704879909754
    outer loop
      vertex 40.3326950073 -19.1541614532 25
      vertex 40.3359107971 -19.1331520081 22.5000019073
      vertex 40.3456687927 -18.9950637817 22.5000019073
    endloop
  endfacet
  facet normal 0.998317837715 0.00149232672993 0.057958856225
    outer loop
      vertex 40.3660163879 -18.5802230835 25
      vertex 40.3326950073 -19.1541614532 25
      vertex 40.3456687927 -18.9950637817 22.5000019073
    endloop
  endfacet
  facet normal 0.998318195343 0.00149135489482 0.0579530186951
    outer loop
      vertex 40.3660163879 -18.5802230835 25
      vertex 40.3456687927 -18.9950637817 22.5000019073
      vertex 40.3670883179 -18.6261043549 22.5000019073
    endloop
  endfacet
  facet normal 0.993893384933 -0.00159909646027 -0.110333092511
    outer loop
      vertex 40.3660163879 -18.5802230835 25
      vertex 40.3670883179 -18.6261043549 22.5000019073
      vertex 40.3431739807 -18.4106941223 22.5000019073
    endloop
  endfacet
  facet normal 0.988552629948 0.00119868083857 -0.150871753693
    outer loop
      vertex 40.2792778015 -18.0118942261 25
      vertex 40.3660163879 -18.5802230835 25
      vertex 40.3431739807 -18.4106941223 22.5000019073
    endloop
  endfacet
  facet normal 0.988552510738 0.00119855545927 -0.150872528553
    outer loop
      vertex 40.2792778015 -18.0118942261 25
      vertex 40.3431739807 -18.4106941223 22.5000019073
      vertex 40.2874145508 -18.0453414917 22.5000019073
    endloop
  endfacet
  facet normal 0.945495605469 -0.00127953593619 -0.325632274151
    outer loop
      vertex 40.2792778015 -18.0118942261 25
      vertex 40.2874145508 -18.0453414917 22.5000019073
      vertex 40.2168388367 -17.840423584 22.5000019073
    endloop
  endfacet
  facet normal 0.93558037281 0.000852952362038 -0.353112757206
    outer loop
      vertex 40.0762710571 -17.474023819 25
      vertex 40.2792778015 -18.0118942261 25
      vertex 40.2168388367 -17.840423584 22.5000019073
    endloop
  endfacet
  facet normal 0.935579001904 0.000852349214256 -0.353116333485
    outer loop
      vertex 40.0762710571 -17.474023819 25
      vertex 40.2168388367 -17.840423584 22.5000019073
      vertex 40.0863342285 -17.4946479797 22.5000019073
    endloop
  endfacet
  facet normal 0.851057231426 -0.000906490022317 -0.525072157383
    outer loop
      vertex 40.0762710571 -17.474023819 25
      vertex 40.0863342285 -17.4946479797 22.5000019073
      vertex 39.9725341797 -17.3101978302 22.5000019073
    endloop
  endfacet
  facet normal 0.841721951962 0.000453262531664 -0.539911031723
    outer loop
      vertex 39.7658729553 -16.9901103973 25
      vertex 40.0762710571 -17.474023819 25
      vertex 39.9725341797 -17.3101978302 22.5000019073
    endloop
  endfacet
  facet normal 0.841721892357 0.00045324122766 -0.539911150932
    outer loop
      vertex 39.7658729553 -16.9901103973 25
      vertex 39.9725341797 -17.3101978302 22.5000019073
      vertex 39.7729911804 -16.9991111755 22.5000019073
    endloop
  endfacet
  facet normal 0.715170145035 -0.000479732058011 -0.698950231075
    outer loop
      vertex 39.7658729553 -16.9901103973 25
      vertex 39.7729911804 -16.9991111755 22.5000019073
      vertex 39.6215057373 -16.8441104889 22.5000019073
    endloop
  endfacet
  facet normal 0.711076200008 -9.900509923e-08 -0.703114926815
    outer loop
      vertex 39.3616485596 -16.5813102722 25
      vertex 39.7658729553 -16.9901103973 25
      vertex 39.6215057373 -16.8441104889 22.5000019073
    endloop
  endfacet
  facet normal 0.711076676846 0 -0.703114449978
    outer loop
      vertex 39.3616485596 -16.5813102722 25
      vertex 39.6215057373 -16.8441104889 22.5000019073
      vertex 39.3616485596 -16.5813102722 22.5000019073
    endloop
  endfacet
  facet normal 0.63368332386 0 -0.773592591286
    outer loop
      vertex 39.3616485596 -16.5813102722 25
      vertex 39.3616485596 -16.5813102722 22.5000019073
      vertex 36.6248474121 -14.3394775391 22.5000019073
    endloop
  endfacet
  facet normal 0.633683621883 -5.58714020826e-07 -0.773592352867
    outer loop
      vertex 36.6248474121 -14.3394775391 22.5000019073
      vertex 34.7727012634 -12.8223028183 22.5000019073
      vertex 39.3616485596 -16.5813102722 25
    endloop
  endfacet
  facet normal 0.633683562279 -3.99061462986e-07 -0.773592352867
    outer loop
      vertex 28.2488269806 -7.47831010818 25
      vertex 39.3616485596 -16.5813102722 25
      vertex 34.7727012634 -12.8223028183 22.5000019073
    endloop
  endfacet
  facet normal 0.633683621883 0 -0.773592293262
    outer loop
      vertex 28.2488269806 -7.47831010818 25
      vertex 34.7727012634 -12.8223028183 22.5000019073
      vertex 28.2488269806 -7.47831010818 22.5000019073
    endloop
  endfacet
  facet normal 0.681258916855 0 -0.732042551041
    outer loop
      vertex 28.2488269806 -7.47831010818 22.5000019073
      vertex 28.1178760529 -7.35644245148 22.5000019073
      vertex 28.2488269806 -7.47831010818 25
    endloop
  endfacet
  facet normal 0.68126052618 -1.59196204663e-07 -0.732041060925
    outer loop
      vertex 27.4631195068 -6.74710607529 25
      vertex 28.2488269806 -7.47831010818 25
      vertex 28.1178760529 -7.35644245148 22.5000019073
    endloop
  endfacet
  facet normal 0.681260883808 0 -0.732040703297
    outer loop
      vertex 27.4631195068 -6.74710607529 25
      vertex 28.1178760529 -7.35644245148 22.5000019073
      vertex 27.4631195068 -6.74710607529 22.5000019073
    endloop
  endfacet
  facet normal 0.768084585667 0 -0.640348434448
    outer loop
      vertex 27.4631195068 -6.74710607529 22.5000019073
      vertex 27.3485717773 -6.60970640182 22.5000019073
      vertex 27.4631195068 -6.74710607529 25
    endloop
  endfacet
  facet normal 0.768081188202 3.78454188876e-07 -0.640352487564
    outer loop
      vertex 26.7758235931 -5.92271566391 25
      vertex 27.4631195068 -6.74710607529 25
      vertex 27.3485717773 -6.60970640182 22.5000019073
    endloop
  endfacet
  facet normal 0.768080472946 0 -0.640353322029
    outer loop
      vertex 26.7758235931 -5.92271566391 25
      vertex 27.3485717773 -6.60970640182 22.5000019073
      vertex 26.7758235931 -5.92271566391 22.5000019073
    endloop
  endfacet
  facet normal 0.842651665211 0 -0.538459062576
    outer loop
      vertex 26.7758235931 -5.92271566391 22.5000019073
      vertex 26.6795005798 -5.77197742462 22.5000019073
      vertex 26.7758235931 -5.92271566391 25
    endloop
  endfacet
  facet normal 0.842655420303 -4.9546417813e-07 -0.538453221321
    outer loop
      vertex 26.1978969574 -5.01828622818 25
      vertex 26.7758235931 -5.92271566391 25
      vertex 26.6795005798 -5.77197742462 22.5000019073
    endloop
  endfacet
  facet normal 0.842656135559 0 -0.538452029228
    outer loop
      vertex 26.1978969574 -5.01828622818 25
      vertex 26.6795005798 -5.77197742462 22.5000019073
      vertex 26.1978969574 -5.01828622818 22.5000019073
    endloop
  endfacet
  facet normal 0.903792381287 0 -0.427971184254
    outer loop
      vertex 26.1978969574 -5.01828622818 22.5000019073
      vertex 26.1213378906 -4.85661077499 22.5000019073
      vertex 26.1978969574 -5.01828622818 25
    endloop
  endfacet
  facet normal 0.903792917728 -9.31078290023e-08 -0.427969992161
    outer loop
      vertex 25.7385520935 -4.04823589325 25
      vertex 26.1978969574 -5.01828622818 25
      vertex 26.1213378906 -4.85661077499 22.5000019073
    endloop
  endfacet
  facet normal 0.903793036938 0 -0.427969753742
    outer loop
      vertex 25.7385520935 -4.04823589325 25
      vertex 26.1213378906 -4.85661077499 22.5000019073
      vertex 25.7385520935 -4.04823589325 22.5000019073
    endloop
  endfacet
  facet normal 0.950520336628 0 -0.310662388802
    outer loop
      vertex 25.7385520935 -4.04823589325 22.5000019073
      vertex 25.6829776764 -3.87820100784 22.5000019073
      vertex 25.7385520935 -4.04823589325 25
    endloop
  endfacet
  facet normal 0.950520396233 -1.5368350148e-08 -0.310662209988
    outer loop
      vertex 25.4051151276 -3.02803325653 25
      vertex 25.7385520935 -4.04823589325 25
      vertex 25.6829776764 -3.87820100784 22.5000019073
    endloop
  endfacet
  facet normal 0.950520396233 0 -0.310662150383
    outer loop
      vertex 25.4051151276 -3.02803325653 25
      vertex 25.6829776764 -3.87820100784 22.5000019073
      vertex 25.4051151276 -3.02803325653 22.5000019073
    endloop
  endfacet
  facet normal 0.982092559338 0 -0.188399091363
    outer loop
      vertex 25.4051151276 -3.02803325653 22.5000019073
      vertex 25.3714122772 -2.85235071182 22.5000019073
      vertex 25.4051151276 -3.02803325653 25
    endloop
  endfacet
  facet normal 0.982092380524 6.77202578458e-08 -0.188400015235
    outer loop
      vertex 25.2029037476 -1.97394394875 25
      vertex 25.4051151276 -3.02803325653 25
      vertex 25.3714122772 -2.85235071182 22.5000019073
    endloop
  endfacet
  facet normal 0.982092320919 0 -0.18840020895
    outer loop
      vertex 25.2029037476 -1.97394394875 25
      vertex 25.3714122772 -2.85235071182 22.5000019073
      vertex 25.2029037476 -1.97394394875 22.5000019073
    endloop
  endfacet
  facet normal 0.998005032539 0 -0.0631344839931
    outer loop
      vertex 25.2029037476 -1.97394394875 22.5000019073
      vertex 25.1916103363 -1.79541456699 22.5000019073
      vertex 25.2029037476 -1.97394394875 25
    endloop
  endfacet
  facet normal 0.998004853725 1.87174350685e-07 -0.0631370916963
    outer loop
      vertex 25.135137558 -0.902774810791 25
      vertex 25.2029037476 -1.97394394875 25
      vertex 25.1916103363 -1.79541456699 22.5000019073
    endloop
  endfacet
  facet normal 0.998004853725 0 -0.0631376132369
    outer loop
      vertex 25.135137558 -0.902774810791 25
      vertex 25.1916103363 -1.79541456699 22.5000019073
      vertex 25.135137558 -0.902774810791 22.5000019073
    endloop
  endfacet
  facet normal 1 0 0
    outer loop
      vertex 25.135137558 -0.902774810791 25
      vertex 25.135137558 -0.902774810791 22.5000019073
      vertex 25.135137558 -0.71116399765 22.5000019073
    endloop
  endfacet
  facet normal 1 0 -0
    outer loop
      vertex 25.135137558 -0.672841966152 25
      vertex 25.135137558 -0.902774810791 25
      vertex 25.135137558 -0.71116399765 22.5000019073
    endloop
  endfacet
  facet normal 1 0 0
    outer loop
      vertex 25.135137558 -0.672841966152 25
      vertex 25.135137558 -0.71116399765 22.5000019073
      vertex 25.135137558 -0.672841966152 22.5000019073
    endloop
  endfacet
  facet normal 0.991443991661 0 -0.130532875657
    outer loop
      vertex 25.135137558 -0.672841966152 22.5000019073
      vertex 25.1322975159 -0.651273787022 22.5000019073
      vertex 25.135137558 -0.672841966152 25
    endloop
  endfacet
  facet normal 0.991446435452 -1.63601356462e-07 -0.130514234304
    outer loop
      vertex 25.1181030273 -0.543432533741 25
      vertex 25.135137558 -0.672841966152 25
      vertex 25.1322975159 -0.651273787022 22.5000019073
    endloop
  endfacet
  facet normal 0.991446912289 0 -0.130510509014
    outer loop
      vertex 25.1181030273 -0.543432533741 25
      vertex 25.1322975159 -0.651273787022 22.5000019073
      vertex 25.1181030273 -0.543432533741 22.5000019073
    endloop
  endfacet
  facet normal 0.923883914948 0 -0.382672846317
    outer loop
      vertex 25.1181030273 -0.543432533741 22.5000019073
      vertex 25.1097774506 -0.523333966732 22.5000019073
      vertex 25.1181030273 -0.543432533741 25
    endloop
  endfacet
  facet normal 0.923876106739 1.78162565589e-07 -0.38269174099
    outer loop
      vertex 25.068151474 -0.422842234373 25
      vertex 25.1181030273 -0.543432533741 25
      vertex 25.1097774506 -0.523333966732 22.5000019073
    endloop
  endfacet
  facet normal 0.923874497414 0 -0.382695525885
    outer loop
      vertex 25.068151474 -0.422842234373 25
      vertex 25.1097774506 -0.523333966732 22.5000019073
      vertex 25.068151474 -0.422842234373 22.5000019073
    endloop
  endfacet
  facet normal 0.793325722218 0 -0.608797430992
    outer loop
      vertex 25.068151474 -0.422842234373 22.5000019073
      vertex 25.0549068451 -0.405583292246 22.5000019073
      vertex 25.068151474 -0.422842234373 25
    endloop
  endfacet
  facet normal 0.793352305889 -3.80226595098e-07 -0.608762741089
    outer loop
      vertex 24.98869133 -0.319288611412 25
      vertex 25.068151474 -0.422842234373 25
      vertex 25.0549068451 -0.405583292246 22.5000019073
    endloop
  endfacet
  facet normal 0.793357610703 0 -0.60875582695
    outer loop
      vertex 24.98869133 -0.319288611412 25
      vertex 25.0549068451 -0.405583292246 22.5000019073
      vertex 24.98869133 -0.319288611412 22.5000019073
    endloop
  endfacet
  facet normal 0.608776032925 0 -0.793342113495
    outer loop
      vertex 24.98869133 -0.319288611412 22.5000019073
      vertex 24.9714336395 -0.30604532361 22.5000019073
      vertex 24.98869133 -0.319288611412 25
    endloop
  endfacet
  facet normal 0.60876429081 1.28938793864e-07 -0.793351113796
    outer loop
      vertex 24.8851394653 -0.239829435945 25
      vertex 24.98869133 -0.319288611412 25
      vertex 24.9714336395 -0.30604532361 22.5000019073
    endloop
  endfacet
  facet normal 0.608761966228 0 -0.79335296154
    outer loop
      vertex 24.8851394653 -0.239829435945 25
      vertex 24.9714336395 -0.30604532361 22.5000019073
      vertex 24.8851394653 -0.239829435945 22.5000019073
    endloop
  endfacet
  facet normal 0.382682561874 0 -0.923879861832
    outer loop
      vertex 24.8851394653 -0.239829435945 22.5000019073
      vertex 24.8650398254 -0.231504589319 22.5000019073
      vertex 24.8851394653 -0.239829435945 25
    endloop
  endfacet
  facet normal 0.382683902979 -1.26615224971e-08 -0.92387932539
    outer loop
      vertex 24.764547348 -0.189879223704 25
      vertex 24.8851394653 -0.239829435945 25
      vertex 24.8650398254 -0.231504589319 22.5000019073
    endloop
  endfacet
  facet normal 0.3826841712 0 -0.923879206181
    outer loop
      vertex 24.764547348 -0.189879223704 25
      vertex 24.8650398254 -0.231504589319 22.5000019073
      vertex 24.764547348 -0.189879223704 22.5000019073
    endloop
  endfacet
  facet normal 0.130525738001 0 -0.991444945335
    outer loop
      vertex 24.764547348 -0.189879223704 22.5000019073
      vertex 24.7429790497 -0.18703956902 22.5000019073
      vertex 24.764547348 -0.189879223704 25
    endloop
  endfacet
  facet normal 0.130525991321 -2.1072912304e-09 -0.991444885731
    outer loop
      vertex 24.635137558 -0.17284193635 25
      vertex 24.764547348 -0.189879223704 25
      vertex 24.7429790497 -0.18703956902 22.5000019073
    endloop
  endfacet
  facet normal 0.130526036024 0 -0.991444885731
    outer loop
      vertex 24.635137558 -0.17284193635 25
      vertex 24.7429790497 -0.18703956902 22.5000019073
      vertex 24.635137558 -0.17284193635 22.5000019073
    endloop
  endfacet
  facet normal 0 -0 -1
    outer loop
      vertex 24.635137558 -0.17284193635 25
      vertex 24.635137558 -0.17284193635 22.5000019073
      vertex 19.4252376556 -0.17284193635 22.5000019073
    endloop
  endfacet
  facet normal 0 0 -1
    outer loop
      vertex 15.8832502365 -0.17284193635 25
      vertex 24.635137558 -0.17284193635 25
      vertex 19.4252376556 -0.17284193635 22.5000019073
    endloop
  endfacet
  facet normal 0 0 -1
    outer loop
      vertex 15.8832502365 -0.17284193635 25
      vertex 19.4252376556 -0.17284193635 22.5000019073
      vertex 17.966583252 -0.17284193635 22.5000019073
    endloop
  endfacet
  facet normal 0 0 -1
    outer loop
      vertex 15.8832502365 -0.17284193635 25
      vertex 17.966583252 -0.17284193635 22.5000019073
      vertex 15.8832502365 -0.17284193635 22.5000019073
    endloop
  endfacet
  facet normal -1.91706203623e-06 -0 -1
    outer loop
      vertex 15.8832502365 -0.17284193635 25
      vertex 15.8832502365 -0.17284193635 22.5000019073
      vertex 13.3832521439 -0.172846734524 22.5000019073
    endloop
  endfacet
  facet normal 0 -1 0
    outer loop
      vertex 15.8832502365 -0.17284193635 22.5000019073
      vertex 16.4349994659 -2.55261111259 22.5000019073
      vertex 13.3832521439 -0.172846734524 22.5000019073
    endloop
  endfacet
  facet normal 0 -1 0
    outer loop
      vertex 13.3832521439 -0.172846734524 22.5000019073
      vertex 16.4349994659 -2.55261111259 22.5000019073
      vertex 16.4387149811 -5.7192735672 22.5000019073
    endloop
  endfacet
  facet normal 0 -1 0
    outer loop
      vertex 13.3832521439 -0.172846734524 22.5000019073
      vertex 16.4387149811 -5.7192735672 22.5000019073
      vertex 13.3832530975 -9.40780544281 22.5000019073
    endloop
  endfacet
  facet normal -0 -1 0
    outer loop
      vertex 18.8879699707 -9.40780544281 22.5000019073
      vertex 13.3832530975 -9.40780544281 22.5000019073
      vertex 16.4387149811 -5.7192735672 22.5000019073
    endloop
  endfacet
  facet normal 0 -1 -0
    outer loop
      vertex 18.8879699707 -9.40780544281 22.5000019073
      vertex 16.4387149811 -5.7192735672 22.5000019073
      vertex 19.9614715576 -5.47333049774 22.5000019073
    endloop
  endfacet
  facet normal -0 -1 0
    outer loop
      vertex 20.0040626526 -5.79685354233 22.5000019073
      vertex 18.8879699707 -9.40780544281 22.5000019073
      vertex 19.9614715576 -5.47333049774 22.5000019073
    endloop
  endfacet
  facet normal 0.99144500494 0 -0.130525171757
    outer loop
      vertex 19.9614715576 -5.47333049774 25
      vertex 20.0040626526 -5.79685354233 22.5000019073
      vertex 19.9614715576 -5.47333049774 22.5000019073
    endloop
  endfacet
  facet normal 0.991444289684 -0 0.130530491471
    outer loop
      vertex 19.9614715576 -5.47333049774 22.5000019073
      vertex 19.9699897766 -5.40862464905 22.5000019073
      vertex 19.9614715576 -5.47333049774 25
    endloop
  endfacet
  facet normal 0.991444885731 1.16684077511e-07 0.130526065826
    outer loop
      vertex 20.0125827789 -5.08510160446 25
      vertex 19.9614715576 -5.47333049774 25
      vertex 19.9699897766 -5.40862464905 22.5000019073
    endloop
  endfacet
  facet normal 0.99144500494 0 0.130525171757
    outer loop
      vertex 20.0125827789 -5.08510160446 25
      vertex 19.9699897766 -5.40862464905 22.5000019073
      vertex 20.0125827789 -5.08510160446 22.5000019073
    endloop
  endfacet
  facet normal 0.923876106739 -0 0.38269174099
    outer loop
      vertex 20.0125827789 -5.08510160446 22.5000019073
      vertex 20.0375576019 -5.02480649948 22.5000019073
      vertex 20.0125827789 -5.08510160446 25
    endloop
  endfacet
  facet normal 0.923879802227 2.51959761499e-07 0.382682830095
    outer loop
      vertex 20.1624336243 -4.72332954407 25
      vertex 20.0125827789 -5.08510160446 25
      vertex 20.0375576019 -5.02480649948 22.5000019073
    endloop
  endfacet
  facet normal 0.923880517483 0 0.382681041956
    outer loop
      vertex 20.1624336243 -4.72332954407 25
      vertex 20.0375576019 -5.02480649948 22.5000019073
      vertex 20.1624336243 -4.72332954407 22.5000019073
    endloop
  endfacet
  facet normal 0.793355703354 -0 0.608758330345
    outer loop
      vertex 20.1624336243 -4.72332954407 22.5000019073
      vertex 20.2021636963 -4.67155218124 22.5000019073
      vertex 20.1624336243 -4.72332954407 25
    endloop
  endfacet
  facet normal 0.793354153633 -6.77628477774e-08 0.608760356903
    outer loop
      vertex 20.4008102417 -4.41266965866 25
      vertex 20.1624336243 -4.72332954407 25
      vertex 20.2021636963 -4.67155218124 22.5000019073
    endloop
  endfacet
  facet normal 0.793353796005 0 0.608760774136
    outer loop
      vertex 20.4008102417 -4.41266965866 25
      vertex 20.2021636963 -4.67155218124 22.5000019073
      vertex 20.4008102417 -4.41266965866 22.5000019073
    endloop
  endfacet
  facet normal 0.608758330345 -0 0.793355703354
    outer loop
      vertex 20.4008102417 -4.41266965866 22.5000019073
      vertex 20.4525871277 -4.37294006348 22.5000019073
      vertex 20.4008102417 -4.41266965866 25
    endloop
  endfacet
  facet normal 0.608759343624 3.3881196515e-08 0.793354928493
    outer loop
      vertex 20.7114715576 -4.17429161072 25
      vertex 20.4008102417 -4.41266965866 25
      vertex 20.4525871277 -4.37294006348 22.5000019073
    endloop
  endfacet
  facet normal 0.608759582043 0 0.79335474968
    outer loop
      vertex 20.7114715576 -4.17429161072 25
      vertex 20.4525871277 -4.37294006348 22.5000019073
      vertex 20.7114715576 -4.17429161072 22.5000019073
    endloop
  endfacet
  facet normal 0.382677435875 -0 0.923882007599
    outer loop
      vertex 20.7114715576 -4.17429161072 22.5000019073
      vertex 20.7717685699 -4.14931678772 22.5000019073
      vertex 20.7114715576 -4.17429161072 25
    endloop
  endfacet
  facet normal 0.382683902979 1.83407294685e-07 0.92387932539
    outer loop
      vertex 21.0732421875 -4.02444124222 25
      vertex 20.7114715576 -4.17429161072 25
      vertex 20.7717685699 -4.14931678772 22.5000019073
    endloop
  endfacet
  facet normal 0.382685214281 0 0.923878788948
    outer loop
      vertex 21.0732421875 -4.02444124222 25
      vertex 20.7717685699 -4.14931678772 22.5000019073
      vertex 21.0732421875 -4.02444124222 22.5000019073
    endloop
  endfacet
  facet normal 0.130521476269 -0 0.991445481777
    outer loop
      vertex 21.0732421875 -4.02444124222 22.5000019073
      vertex 21.1379489899 -4.01592254639 22.5000019073
      vertex 21.0732421875 -4.02444124222 25
    endloop
  endfacet
  facet normal 0.130526065826 1.20898718592e-07 0.991444885731
    outer loop
      vertex 21.4614715576 -3.97332978249 25
      vertex 21.0732421875 -4.02444124222 25
      vertex 21.1379489899 -4.01592254639 22.5000019073
    endloop
  endfacet
  facet normal 0.130526989698 0 0.991444766521
    outer loop
      vertex 21.4614715576 -3.97332978249 25
      vertex 21.1379489899 -4.01592254639 22.5000019073
      vertex 21.4614715576 -3.97332978249 22.5000019073
    endloop
  endfacet
  facet normal -0.130521476269 0 0.991445481777
    outer loop
      vertex 21.4614715576 -3.97332978249 22.5000019073
      vertex 21.5261764526 -3.9818482399 22.5000019073
      vertex 21.4614715576 -3.97332978249 25
    endloop
  endfacet
  facet normal -0.130526855588 -1.41751314686e-07 0.991444766521
    outer loop
      vertex 21.8496990204 -4.02444124222 25
      vertex 21.4614715576 -3.97332978249 25
      vertex 21.5261764526 -3.9818482399 22.5000019073
    endloop
  endfacet
  facet normal -0.130527928472 0 0.991444647312
    outer loop
      vertex 21.8496990204 -4.02444124222 25
      vertex 21.5261764526 -3.9818482399 22.5000019073
      vertex 21.8496990204 -4.02444124222 22.5000019073
    endloop
  endfacet
  facet normal -0.382677435875 0 0.923882007599
    outer loop
      vertex 21.8496990204 -4.02444124222 22.5000019073
      vertex 21.9099941254 -4.04941606522 22.5000019073
      vertex 21.8496990204 -4.02444124222 25
    endloop
  endfacet
  facet normal -0.382681757212 -1.22270847669e-07 0.92388021946
    outer loop
      vertex 22.2114715576 -4.17429161072 25
      vertex 21.8496990204 -4.02444124222 25
      vertex 21.9099941254 -4.04941606522 22.5000019073
    endloop
  endfacet
  facet normal -0.382682621479 0 0.923879861832
    outer loop
      vertex 22.2114715576 -4.17429161072 25
      vertex 21.9099941254 -4.04941606522 22.5000019073
      vertex 22.2114715576 -4.17429161072 22.5000019073
    endloop
  endfacet
  facet normal -0.608758330345 0 0.793355703354
    outer loop
      vertex 22.2114715576 -4.17429161072 22.5000019073
      vertex 22.2632484436 -4.21402168274 22.5000019073
      vertex 22.2114715576 -4.17429161072 25
    endloop
  endfacet
  facet normal -0.608762323856 -1.31134825665e-07 0.793352663517
    outer loop
      vertex 22.5221309662 -4.41266965866 25
      vertex 22.2114715576 -4.17429161072 25
      vertex 22.2632484436 -4.21402168274 22.5000019073
    endloop
  endfacet
  facet normal -0.608763098717 0 0.793352067471
    outer loop
      vertex 22.5221309662 -4.41266965866 25
      vertex 22.2632484436 -4.21402168274 22.5000019073
      vertex 22.5221309662 -4.41266965866 22.5000019073
    endloop
  endfacet
  facet normal -0.793346881866 0 0.608769893646
    outer loop
      vertex 22.5221309662 -4.41266965866 22.5000019073
      vertex 22.5618629456 -4.46444702148 22.5000019073
      vertex 22.5221309662 -4.41266965866 25
    endloop
  endfacet
  facet normal -0.793351173401 -1.85719486012e-07 0.608764231205
    outer loop
      vertex 22.7605113983 -4.72332954407 25
      vertex 22.5221309662 -4.41266965866 25
      vertex 22.5618629456 -4.46444702148 22.5000019073
    endloop
  endfacet
  facet normal -0.793352067471 0 0.608763098717
    outer loop
      vertex 22.7605113983 -4.72332954407 25
      vertex 22.5618629456 -4.46444702148 22.5000019073
      vertex 22.7605113983 -4.72332954407 22.5000019073
    endloop
  endfacet
  facet normal -0.923882603645 0 0.38267609477
    outer loop
      vertex 22.7605113983 -4.72332954407 22.5000019073
      vertex 22.785484314 -4.78362464905 22.5000019073
      vertex 22.7605113983 -4.72332954407 25
    endloop
  endfacet
  facet normal -0.923880875111 1.17027234126e-07 0.382680237293
    outer loop
      vertex 22.9103603363 -5.08510160446 25
      vertex 22.7605113983 -4.72332954407 25
      vertex 22.785484314 -4.78362464905 22.5000019073
    endloop
  endfacet
  facet normal -0.923880517483 0 0.382681041956
    outer loop
      vertex 22.9103603363 -5.08510160446 25
      vertex 22.785484314 -4.78362464905 22.5000019073
      vertex 22.9103603363 -5.08510160446 22.5000019073
    endloop
  endfacet
  facet normal -0.991444289684 0 0.130530491471
    outer loop
      vertex 22.9103603363 -5.08510160446 22.5000019073
      vertex 22.9188785553 -5.14980745316 22.5000019073
      vertex 22.9103603363 -5.08510160446 25
    endloop
  endfacet
  facet normal -0.991444885731 -1.16684077511e-07 0.130526065826
    outer loop
      vertex 22.9614715576 -5.47333049774 25
      vertex 22.9103603363 -5.08510160446 25
      vertex 22.9188785553 -5.14980745316 22.5000019073
    endloop
  endfacet
  facet normal -0.99144500494 0 0.130525171757
    outer loop
      vertex 22.9614715576 -5.47333049774 25
      vertex 22.9188785553 -5.14980745316 22.5000019073
      vertex 22.9614715576 -5.47333049774 22.5000019073
    endloop
  endfacet
  facet normal -0.991443991661 0 -0.130532875657
    outer loop
      vertex 22.9614715576 -5.47333049774 22.5000019073
      vertex 22.9529514313 -5.53803491592 22.5000019073
      vertex 22.9614715576 -5.47333049774 25
    endloop
  endfacet
  facet normal -0.991444826126 1.68814665358e-07 -0.130526468158
    outer loop
      vertex 22.9103603363 -5.86155796051 25
      vertex 22.9614715576 -5.47333049774 25
      vertex 22.9529514313 -5.53803491592 22.5000019073
    endloop
  endfacet
  facet normal -0.99144500494 -0 -0.130525171757
    outer loop
      vertex 22.9103603363 -5.86155796051 25
      vertex 22.9529514313 -5.53803491592 22.5000019073
      vertex 22.9103603363 -5.86155796051 22.5000019073
    endloop
  endfacet
  facet normal -0.923882603645 0 -0.38267609477
    outer loop
      vertex 22.9103603363 -5.86155796051 22.5000019073
      vertex 22.8853855133 -5.92185306549 22.5000019073
      vertex 22.9103603363 -5.86155796051 25
    endloop
  endfacet
  facet normal -0.923880875111 -1.17027234126e-07 -0.382680237293
    outer loop
      vertex 22.7605113983 -6.2233300209 25
      vertex 22.9103603363 -5.86155796051 25
      vertex 22.8853855133 -5.92185306549 22.5000019073
    endloop
  endfacet
  facet normal -0.923880517483 -0 -0.382681041956
    outer loop
      vertex 22.7605113983 -6.2233300209 25
      vertex 22.8853855133 -5.92185306549 22.5000019073
      vertex 22.7605113983 -6.2233300209 22.5000019073
    endloop
  endfacet
  facet normal -0.793346881866 0 -0.608769893646
    outer loop
      vertex 22.7605113983 -6.2233300209 22.5000019073
      vertex 22.7207794189 -6.27510738373 22.5000019073
      vertex 22.7605113983 -6.2233300209 25
    endloop
  endfacet
  facet normal -0.793351173401 1.85719486012e-07 -0.608764231205
    outer loop
      vertex 22.5221309662 -6.53398990631 25
      vertex 22.7605113983 -6.2233300209 25
      vertex 22.7207794189 -6.27510738373 22.5000019073
    endloop
  endfacet
  facet normal -0.793352067471 -0 -0.608763098717
    outer loop
      vertex 22.5221309662 -6.53398990631 25
      vertex 22.7207794189 -6.27510738373 22.5000019073
      vertex 22.5221309662 -6.53398990631 22.5000019073
    endloop
  endfacet
  facet normal -0.608758330345 0 -0.793355703354
    outer loop
      vertex 22.5221309662 -6.53398990631 22.5000019073
      vertex 22.4703540802 -6.5737195015 22.5000019073
      vertex 22.5221309662 -6.53398990631 25
    endloop
  endfacet
  facet normal -0.608762323856 1.31134825665e-07 -0.793352663517
    outer loop
      vertex 22.2114715576 -6.77236795425 25
      vertex 22.5221309662 -6.53398990631 25
      vertex 22.4703540802 -6.5737195015 22.5000019073
    endloop
  endfacet
  facet normal -0.608763098717 -0 -0.793352067471
    outer loop
      vertex 22.2114715576 -6.77236795425 25
      vertex 22.4703540802 -6.5737195015 22.5000019073
      vertex 22.2114715576 -6.77236795425 22.5000019073
    endloop
  endfacet
  facet normal -0.382685273886 0 -0.923878788948
    outer loop
      vertex 22.2114715576 -6.77236795425 22.5000019073
      vertex 22.1511745453 -6.79734373093 22.5000019073
      vertex 22.2114715576 -6.77236795425 25
    endloop
  endfacet
  facet normal -0.382681757212 -9.91212374402e-08 -0.92388021946
    outer loop
      vertex 21.8496990204 -6.92221879959 25
      vertex 22.2114715576 -6.77236795425 25
      vertex 22.1511745453 -6.79734373093 22.5000019073
    endloop
  endfacet
  facet normal -0.382681041956 -0 -0.923880517483
    outer loop
      vertex 21.8496990204 -6.92221879959 25
      vertex 22.1511745453 -6.79734373093 22.5000019073
      vertex 21.8496990204 -6.92221879959 22.5000019073
    endloop
  endfacet
  facet normal -0.130530491471 0 -0.991444289684
    outer loop
      vertex 21.8496990204 -6.92221879959 22.5000019073
      vertex 21.784992218 -6.93073749542 22.5000019073
      vertex 21.8496990204 -6.92221879959 25
    endloop
  endfacet
  facet normal -0.130526855588 -9.58314601007e-08 -0.991444766521
    outer loop
      vertex 21.4614715576 -6.9733300209 25
      vertex 21.8496990204 -6.92221879959 25
      vertex 21.784992218 -6.93073749542 22.5000019073
    endloop
  endfacet
  facet normal -0.130526125431 -0 -0.991444885731
    outer loop
      vertex 21.4614715576 -6.9733300209 25
      vertex 21.784992218 -6.93073749542 22.5000019073
      vertex 21.4614715576 -6.9733300209 22.5000019073
    endloop
  endfacet
  facet normal 0.130530491471 0 -0.991444289684
    outer loop
      vertex 21.4614715576 -6.9733300209 22.5000019073
      vertex 21.3967666626 -6.96481084824 22.5000019073
      vertex 21.4614715576 -6.9733300209 25
    endloop
  endfacet
  facet normal 0.130526065826 1.16684077511e-07 -0.991444885731
    outer loop
      vertex 21.0732421875 -6.92221879959 25
      vertex 21.4614715576 -6.9733300209 25
      vertex 21.3967666626 -6.96481084824 22.5000019073
    endloop
  endfacet
  facet normal 0.130525171757 0 -0.99144500494
    outer loop
      vertex 21.0732421875 -6.92221879959 25
      vertex 21.3967666626 -6.96481084824 22.5000019073
      vertex 21.0732421875 -6.92221879959 22.5000019073
    endloop
  endfacet
  facet normal 0.382685273886 0 -0.923878788948
    outer loop
      vertex 21.0732421875 -6.92221879959 22.5000019073
      vertex 21.0129470825 -6.89724302292 22.5000019073
      vertex 21.0732421875 -6.92221879959 25
    endloop
  endfacet
  facet normal 0.382683902979 3.79845666032e-08 -0.92387932539
    outer loop
      vertex 20.7114715576 -6.77236795425 25
      vertex 21.0732421875 -6.92221879959 25
      vertex 21.0129470825 -6.89724302292 22.5000019073
    endloop
  endfacet
  facet normal 0.382683634758 0 -0.923879444599
    outer loop
      vertex 20.7114715576 -6.77236795425 25
      vertex 21.0129470825 -6.89724302292 22.5000019073
      vertex 20.7114715576 -6.77236795425 22.5000019073
    endloop
  endfacet
  facet normal 0.608758330345 0 -0.793355703354
    outer loop
      vertex 20.7114715576 -6.77236795425 22.5000019073
      vertex 20.6596946716 -6.73263788223 22.5000019073
      vertex 20.7114715576 -6.77236795425 25
    endloop
  endfacet
  facet normal 0.608759343624 -3.3881196515e-08 -0.793354928493
    outer loop
      vertex 20.4008102417 -6.53398990631 25
      vertex 20.7114715576 -6.77236795425 25
      vertex 20.6596946716 -6.73263788223 22.5000019073
    endloop
  endfacet
  facet normal 0.608759582043 0 -0.79335474968
    outer loop
      vertex 20.4008102417 -6.53398990631 25
      vertex 20.6596946716 -6.73263788223 22.5000019073
      vertex 20.4008102417 -6.53398990631 22.5000019073
    endloop
  endfacet
  facet normal 0.793364584446 0 -0.608746767044
    outer loop
      vertex 20.4008102417 -6.53398990631 22.5000019073
      vertex 20.361082077 -6.48221254349 22.5000019073
      vertex 20.4008102417 -6.53398990631 25
    endloop
  endfacet
  facet normal 0.793354153633 4.47990316843e-07 -0.608760356903
    outer loop
      vertex 20.1624336243 -6.2233300209 25
      vertex 20.4008102417 -6.53398990631 25
      vertex 20.361082077 -6.48221254349 22.5000019073
    endloop
  endfacet
  facet normal 0.793352067471 0 -0.608763098717
    outer loop
      vertex 20.1624336243 -6.2233300209 25
      vertex 20.361082077 -6.48221254349 22.5000019073
      vertex 20.1624336243 -6.2233300209 22.5000019073
    endloop
  endfacet
  facet normal 0.923876106739 0 -0.38269174099
    outer loop
      vertex 20.1624336243 -6.2233300209 22.5000019073
      vertex 20.1374568939 -6.16303491592 22.5000019073
      vertex 20.1624336243 -6.2233300209 25
    endloop
  endfacet
  facet normal 0.923879802227 -2.51959761499e-07 -0.382682830095
    outer loop
      vertex 20.0125827789 -5.86155796051 25
      vertex 20.1624336243 -6.2233300209 25
      vertex 20.1374568939 -6.16303491592 22.5000019073
    endloop
  endfacet
  facet normal 0.923880517483 0 -0.382681041956
    outer loop
      vertex 20.0125827789 -5.86155796051 25
      vertex 20.1374568939 -6.16303491592 22.5000019073
      vertex 20.0125827789 -5.86155796051 22.5000019073
    endloop
  endfacet
  facet normal 0.991443991661 0 -0.130532875657
    outer loop
      vertex 20.0125827789 -5.86155796051 22.5000019073
      vertex 20.0040626526 -5.79685354233 22.5000019073
      vertex 20.0125827789 -5.86155796051 25
    endloop
  endfacet
  facet normal 0.991444826126 -1.68814665358e-07 -0.130526468158
    outer loop
      vertex 19.9614715576 -5.47333049774 25
      vertex 20.0125827789 -5.86155796051 25
      vertex 20.0040626526 -5.79685354233 22.5000019073
    endloop
  endfacet
  facet normal 0 1 0
    outer loop
      vertex 15.8832502365 -9.40780544281 25
      vertex 20.0125827789 -5.86155796051 25
      vertex 19.9614715576 -5.47333049774 25
    endloop
  endfacet
  facet normal 0 1 0
    outer loop
      vertex 15.8832502365 -9.40780544281 25
      vertex 19.9614715576 -5.47333049774 25
      vertex 15.8832502365 -0.17284193635 25
    endloop
  endfacet
  facet normal 0 1 0
    outer loop
      vertex 15.8832502365 -0.17284193635 25
      vertex 19.9614715576 -5.47333049774 25
      vertex 20.0125827789 -5.08510160446 25
    endloop
  endfacet
  facet normal 0 1 0
    outer loop
      vertex 15.8832502365 -0.17284193635 25
      vertex 20.0125827789 -5.08510160446 25
      vertex 20.1624336243 -4.72332954407 25
    endloop
  endfacet
  facet normal 0 1 0
    outer loop
      vertex 20.1624336243 -4.72332954407 25
      vertex 20.4008102417 -4.41266965866 25
      vertex 15.8832502365 -0.17284193635 25
    endloop
  endfacet
  facet normal 0 1 0
    outer loop
      vertex 15.8832502365 -0.17284193635 25
      vertex 20.4008102417 -4.41266965866 25
      vertex 20.7114715576 -4.17429161072 25
    endloop
  endfacet
  facet normal 0 1 0
    outer loop
      vertex 15.8832502365 -0.17284193635 25
      vertex 20.7114715576 -4.17429161072 25
      vertex 21.0732421875 -4.02444124222 25
    endloop
  endfacet
  facet normal 0 1 0
    outer loop
      vertex 15.8832502365 -0.17284193635 25
      vertex 21.0732421875 -4.02444124222 25
      vertex 24.635137558 -0.17284193635 25
    endloop
  endfacet
  facet normal 0 1 0
    outer loop
      vertex 24.635137558 -0.17284193635 25
      vertex 21.0732421875 -4.02444124222 25
      vertex 21.4614715576 -3.97332978249 25
    endloop
  endfacet
  facet normal 0 1 0
    outer loop
      vertex 24.635137558 -0.17284193635 25
      vertex 21.4614715576 -3.97332978249 25
      vertex 21.8496990204 -4.02444124222 25
    endloop
  endfacet
  facet normal 0 1 0
    outer loop
      vertex 21.8496990204 -4.02444124222 25
      vertex 25.135137558 -0.902774810791 25
      vertex 24.635137558 -0.17284193635 25
    endloop
  endfacet
  facet normal 0 1 0
    outer loop
      vertex 24.635137558 -0.17284193635 25
      vertex 25.135137558 -0.902774810791 25
      vertex 25.135137558 -0.672841966152 25
    endloop
  endfacet
  facet normal 0 1 0
    outer loop
      vertex 24.635137558 -0.17284193635 25
      vertex 25.135137558 -0.672841966152 25
      vertex 25.1181030273 -0.543432533741 25
    endloop
  endfacet
  facet normal 0 1 0
    outer loop
      vertex 25.1181030273 -0.543432533741 25
      vertex 25.068151474 -0.422842234373 25
      vertex 24.635137558 -0.17284193635 25
    endloop
  endfacet
  facet normal 0 1 0
    outer loop
      vertex 24.635137558 -0.17284193635 25
      vertex 25.068151474 -0.422842234373 25
      vertex 24.98869133 -0.319288611412 25
    endloop
  endfacet
  facet normal 0 1 0
    outer loop
      vertex 24.635137558 -0.17284193635 25
      vertex 24.98869133 -0.319288611412 25
      vertex 24.8851394653 -0.239829435945 25
    endloop
  endfacet
  facet normal 0 1 0
    outer loop
      vertex 24.8851394653 -0.239829435945 25
      vertex 24.764547348 -0.189879223704 25
      vertex 24.635137558 -0.17284193635 25
    endloop
  endfacet
  facet normal 0 1 0
    outer loop
      vertex 21.8496990204 -4.02444124222 25
      vertex 25.2029037476 -1.97394394875 25
      vertex 25.135137558 -0.902774810791 25
    endloop
  endfacet
  facet normal 0 1 0
    outer loop
      vertex 22.2114715576 -4.17429161072 25
      vertex 25.2029037476 -1.97394394875 25
      vertex 21.8496990204 -4.02444124222 25
    endloop
  endfacet
  facet normal 0 1 0
    outer loop
      vertex 22.2114715576 -4.17429161072 25
      vertex 25.4051151276 -3.02803325653 25
      vertex 25.2029037476 -1.97394394875 25
    endloop
  endfacet
  facet normal 0 1 0
    outer loop
      vertex 22.5221309662 -4.41266965866 25
      vertex 25.4051151276 -3.02803325653 25
      vertex 22.2114715576 -4.17429161072 25
    endloop
  endfacet
  facet normal 0 1 0
    outer loop
      vertex 22.7605113983 -4.72332954407 25
      vertex 25.4051151276 -3.02803325653 25
      vertex 22.5221309662 -4.41266965866 25
    endloop
  endfacet
  facet normal 0 1 0
    outer loop
      vertex 22.7605113983 -4.72332954407 25
      vertex 25.7385520935 -4.04823589325 25
      vertex 25.4051151276 -3.02803325653 25
    endloop
  endfacet
  facet normal 0 1 0
    outer loop
      vertex 22.9103603363 -5.08510160446 25
      vertex 25.7385520935 -4.04823589325 25
      vertex 22.7605113983 -4.72332954407 25
    endloop
  endfacet
  facet normal 0 1 0
    outer loop
      vertex 22.9103603363 -5.08510160446 25
      vertex 26.1978969574 -5.01828622818 25
      vertex 25.7385520935 -4.04823589325 25
    endloop
  endfacet
  facet normal 0 1 0
    outer loop
      vertex 22.9614715576 -5.47333049774 25
      vertex 26.1978969574 -5.01828622818 25
      vertex 22.9103603363 -5.08510160446 25
    endloop
  endfacet
  facet normal 0 1 0
    outer loop
      vertex 22.9103603363 -5.86155796051 25
      vertex 26.1978969574 -5.01828622818 25
      vertex 22.9614715576 -5.47333049774 25
    endloop
  endfacet
  facet normal -0 1 0
    outer loop
      vertex 22.9103603363 -5.86155796051 25
      vertex 26.7758235931 -5.92271566391 25
      vertex 26.1978969574 -5.01828622818 25
    endloop
  endfacet
  facet normal 0 1 0
    outer loop
      vertex 22.7605113983 -6.2233300209 25
      vertex 26.7758235931 -5.92271566391 25
      vertex 22.9103603363 -5.86155796051 25
    endloop
  endfacet
  facet normal -0 1 0
    outer loop
      vertex 22.7605113983 -6.2233300209 25
      vertex 27.4631195068 -6.74710607529 25
      vertex 26.7758235931 -5.92271566391 25
    endloop
  endfacet
  facet normal -0 1 0
    outer loop
      vertex 22.5221309662 -6.53398990631 25
      vertex 27.4631195068 -6.74710607529 25
      vertex 22.7605113983 -6.2233300209 25
    endloop
  endfacet
  facet normal 0 1 0
    outer loop
      vertex 22.5221309662 -6.53398990631 25
      vertex 23.4885845184 -10.760474205 25
      vertex 27.4631195068 -6.74710607529 25
    endloop
  endfacet
  facet normal 0 1 -0
    outer loop
      vertex 27.4631195068 -6.74710607529 25
      vertex 23.4885845184 -10.760474205 25
      vertex 28.2488269806 -7.47831010818 25
    endloop
  endfacet
  facet normal 0 1 0
    outer loop
      vertex 28.2488269806 -7.47831010818 25
      vertex 23.4885845184 -10.760474205 25
      vertex 24.2742824554 -11.3322706223 25
    endloop
  endfacet
  facet normal 0 1 -0
    outer loop
      vertex 28.2488269806 -7.47831010818 25
      vertex 24.2742824554 -11.3322706223 25
      vertex 39.3616485596 -16.5813102722 25
    endloop
  endfacet
  facet normal 0 1 0
    outer loop
      vertex 39.3616485596 -16.5813102722 25
      vertex 24.2742824554 -11.3322706223 25
      vertex 35.8763885498 -20.8360691071 25
    endloop
  endfacet
  facet normal 0 1 -0
    outer loop
      vertex 39.3616485596 -16.5813102722 25
      vertex 35.8763885498 -20.8360691071 25
      vertex 39.7658729553 -16.9901103973 25
    endloop
  endfacet
  facet normal 0 1 -0
    outer loop
      vertex 39.7658729553 -16.9901103973 25
      vertex 35.8763885498 -20.8360691071 25
      vertex 40.0762710571 -17.474023819 25
    endloop
  endfacet
  facet normal 0 1 -0
    outer loop
      vertex 40.0762710571 -17.474023819 25
      vertex 35.8763885498 -20.8360691071 25
      vertex 40.2792778015 -18.0118942261 25
    endloop
  endfacet
  facet normal 0 1 -0
    outer loop
      vertex 40.2792778015 -18.0118942261 25
      vertex 35.8763885498 -20.8360691071 25
      vertex 40.3660163879 -18.5802230835 25
    endloop
  endfacet
  facet normal 0 1 0
    outer loop
      vertex 40.3660163879 -18.5802230835 25
      vertex 35.8763885498 -20.8360691071 25
      vertex 40.3326950073 -19.1541614532 25
    endloop
  endfacet
  facet normal 0 1 0
    outer loop
      vertex 40.3326950073 -19.1541614532 25
      vertex 35.8763885498 -20.8360691071 25
      vertex 40.1807785034 -19.7086334229 25
    endloop
  endfacet
  facet normal 0 1 0
    outer loop
      vertex 40.1807785034 -19.7086334229 25
      vertex 35.8763885498 -20.8360691071 25
      vertex 39.9168968201 -20.2194023132 25
    endloop
  endfacet
  facet normal 0 1 0
    outer loop
      vertex 39.9168968201 -20.2194023132 25
      vertex 35.8763885498 -20.8360691071 25
      vertex 39.5525894165 -20.664144516 25
    endloop
  endfacet
  facet normal 0 1 0
    outer loop
      vertex 39.5525894165 -20.664144516 25
      vertex 35.8763885498 -20.8360691071 25
      vertex 39.1037712097 -21.0234241486 25
    endloop
  endfacet
  facet normal 0 1 0
    outer loop
      vertex 39.1037712097 -21.0234241486 25
      vertex 35.8763885498 -20.8360691071 25
      vertex 36.3567733765 -21.1518936157 25
    endloop
  endfacet
  facet normal 0 1 0
    outer loop
      vertex 39.1037712097 -21.0234241486 25
      vertex 36.3567733765 -21.1518936157 25
      vertex 38.5900650024 -21.2815437317 25
    endloop
  endfacet
  facet normal 0 1 0
    outer loop
      vertex 38.5900650024 -21.2815437317 25
      vertex 36.3567733765 -21.1518936157 25
      vertex 36.8923301697 -21.3609371185 25
    endloop
  endfacet
  facet normal 0 1 0
    outer loop
      vertex 38.5900650024 -21.2815437317 25
      vertex 36.8923301697 -21.3609371185 25
      vertex 38.0339202881 -21.4272098541 25
    endloop
  endfacet
  facet normal 0 1 0
    outer loop
      vertex 38.0339202881 -21.4272098541 25
      vertex 36.8923301697 -21.3609371185 25
      vertex 37.4596405029 -21.4540672302 25
    endloop
  endfacet
  facet normal 0 1 0
    outer loop
      vertex 22.5221309662 -6.53398990631 25
      vertex 22.6427593231 -10.2820882797 25
      vertex 23.4885845184 -10.760474205 25
    endloop
  endfacet
  facet normal -0 1 0
    outer loop
      vertex 22.2114715576 -6.77236795425 25
      vertex 22.6427593231 -10.2820882797 25
      vertex 22.5221309662 -6.53398990631 25
    endloop
  endfacet
  facet normal 0 1 -0
    outer loop
      vertex 22.2114715576 -6.77236795425 25
      vertex 21.7478618622 -9.90336799622 25
      vertex 22.6427593231 -10.2820882797 25
    endloop
  endfacet
  facet normal -0 1 -0
    outer loop
      vertex 21.8496990204 -6.92221879959 25
      vertex 21.7478618622 -9.90336799622 25
      vertex 22.2114715576 -6.77236795425 25
    endloop
  endfacet
  facet normal -0 1 0
    outer loop
      vertex 21.4614715576 -6.9733300209 25
      vertex 21.7478618622 -9.90336799622 25
      vertex 21.8496990204 -6.92221879959 25
    endloop
  endfacet
  facet normal 0 1 -0
    outer loop
      vertex 21.4614715576 -6.9733300209 25
      vertex 20.8155860901 -9.62926101685 25
      vertex 21.7478618622 -9.90336799622 25
    endloop
  endfacet
  facet normal 0 1 -0
    outer loop
      vertex 21.0732421875 -6.92221879959 25
      vertex 20.8155860901 -9.62926101685 25
      vertex 21.4614715576 -6.9733300209 25
    endloop
  endfacet
  facet normal 0 1 0
    outer loop
      vertex 21.0732421875 -6.92221879959 25
      vertex 19.8581180573 -9.46334934235 25
      vertex 20.8155860901 -9.62926101685 25
    endloop
  endfacet
  facet normal 0 1 -0
    outer loop
      vertex 20.7114715576 -6.77236795425 25
      vertex 19.8581180573 -9.46334934235 25
      vertex 21.0732421875 -6.92221879959 25
    endloop
  endfacet
  facet normal 0 1 0
    outer loop
      vertex 19.8581180573 -9.46334934235 25
      vertex 20.7114715576 -6.77236795425 25
      vertex 18.8879699707 -9.40780544281 25
    endloop
  endfacet
  facet normal 0 1 0
    outer loop
      vertex 18.8879699707 -9.40780544281 25
      vertex 20.7114715576 -6.77236795425 25
      vertex 20.4008102417 -6.53398990631 25
    endloop
  endfacet
  facet normal 0 1 0
    outer loop
      vertex 18.8879699707 -9.40780544281 25
      vertex 20.4008102417 -6.53398990631 25
      vertex 20.1624336243 -6.2233300209 25
    endloop
  endfacet
  facet normal 0 1 0
    outer loop
      vertex 18.8879699707 -9.40780544281 25
      vertex 20.1624336243 -6.2233300209 25
      vertex 15.8832502365 -9.40780544281 25
    endloop
  endfacet
  facet normal 0 1 0
    outer loop
      vertex 15.8832502365 -9.40780544281 25
      vertex 20.1624336243 -6.2233300209 25
      vertex 20.0125827789 -5.86155796051 25
    endloop
  endfacet
  facet normal -0 -1 0
    outer loop
      vertex 20.0125827789 -5.86155796051 22.5000019073
      vertex 18.8879699707 -9.40780544281 22.5000019073
      vertex 20.0040626526 -5.79685354233 22.5000019073
    endloop
  endfacet
  facet normal 0 -1 0
    outer loop
      vertex 18.8879699707 -9.40780544281 22.5000019073
      vertex 20.0125827789 -5.86155796051 22.5000019073
      vertex 20.1374568939 -6.16303491592 22.5000019073
    endloop
  endfacet
  facet normal 0 -1 0
    outer loop
      vertex 18.8879699707 -9.40780544281 22.5000019073
      vertex 20.1374568939 -6.16303491592 22.5000019073
      vertex 20.1624336243 -6.2233300209 22.5000019073
    endloop
  endfacet
  facet normal 0 -1 0
    outer loop
      vertex 18.8879699707 -9.40780544281 22.5000019073
      vertex 20.1624336243 -6.2233300209 22.5000019073
      vertex 20.361082077 -6.48221254349 22.5000019073
    endloop
  endfacet
  facet normal 0 -1 0
    outer loop
      vertex 18.8879699707 -9.40780544281 22.5000019073
      vertex 20.361082077 -6.48221254349 22.5000019073
      vertex 20.4008102417 -6.53398990631 22.5000019073
    endloop
  endfacet
  facet normal 0 -1 -0
    outer loop
      vertex 19.0496616364 -9.4170627594 22.5000019073
      vertex 18.8879699707 -9.40780544281 22.5000019073
      vertex 20.4008102417 -6.53398990631 22.5000019073
    endloop
  endfacet
  facet normal 0 -1 -0
    outer loop
      vertex 19.8581180573 -9.46334934235 22.5000019073
      vertex 19.0496616364 -9.4170627594 22.5000019073
      vertex 20.4008102417 -6.53398990631 22.5000019073
    endloop
  endfacet
  facet normal 0 -1 0
    outer loop
      vertex 19.8581180573 -9.46334934235 22.5000019073
      vertex 20.4008102417 -6.53398990631 22.5000019073
      vertex 20.6596946716 -6.73263788223 22.5000019073
    endloop
  endfacet
  facet normal 0 -1 0
    outer loop
      vertex 19.8581180573 -9.46334934235 22.5000019073
      vertex 20.6596946716 -6.73263788223 22.5000019073
      vertex 20.7114715576 -6.77236795425 22.5000019073
    endloop
  endfacet
  facet normal 0 -1 -0
    outer loop
      vertex 20.0176963806 -9.49100208282 22.5000019073
      vertex 19.8581180573 -9.46334934235 22.5000019073
      vertex 20.7114715576 -6.77236795425 22.5000019073
    endloop
  endfacet
  facet normal 0 -1 0
    outer loop
      vertex 20.0176963806 -9.49100208282 22.5000019073
      vertex 20.7114715576 -6.77236795425 22.5000019073
      vertex 21.0129470825 -6.89724302292 22.5000019073
    endloop
  endfacet
  facet normal 0 -1 0
    outer loop
      vertex 20.0176963806 -9.49100208282 22.5000019073
      vertex 21.0129470825 -6.89724302292 22.5000019073
      vertex 21.0732421875 -6.92221879959 22.5000019073
    endloop
  endfacet
  facet normal 0 -1 -0
    outer loop
      vertex 20.8155860901 -9.62926101685 22.5000019073
      vertex 20.0176963806 -9.49100208282 22.5000019073
      vertex 21.0732421875 -6.92221879959 22.5000019073
    endloop
  endfacet
  facet normal 0 -1 0
    outer loop
      vertex 20.8155860901 -9.62926101685 22.5000019073
      vertex 21.0732421875 -6.92221879959 22.5000019073
      vertex 21.3967666626 -6.96481084824 22.5000019073
    endloop
  endfacet
  facet normal 0 -1 0
    outer loop
      vertex 20.8155860901 -9.62926101685 22.5000019073
      vertex 21.3967666626 -6.96481084824 22.5000019073
      vertex 21.4614715576 -6.9733300209 22.5000019073
    endloop
  endfacet
  facet normal 0 -1 -0
    outer loop
      vertex 20.9709663391 -9.67494487762 22.5000019073
      vertex 20.8155860901 -9.62926101685 22.5000019073
      vertex 21.4614715576 -6.9733300209 22.5000019073
    endloop
  endfacet
  facet normal 0 -1 0
    outer loop
      vertex 21.7478618622 -9.90336799622 22.5000019073
      vertex 20.9709663391 -9.67494487762 22.5000019073
      vertex 21.4614715576 -6.9733300209 22.5000019073
    endloop
  endfacet
  facet normal 0 -1 -0
    outer loop
      vertex 21.7478618622 -9.90336799622 22.5000019073
      vertex 21.4614715576 -6.9733300209 22.5000019073
      vertex 21.784992218 -6.93073749542 22.5000019073
    endloop
  endfacet
  facet normal 0 -1 0
    outer loop
      vertex 21.7478618622 -9.90336799622 22.5000019073
      vertex 21.784992218 -6.93073749542 22.5000019073
      vertex 21.8496990204 -6.92221879959 22.5000019073
    endloop
  endfacet
  facet normal 0 -1 0
    outer loop
      vertex 21.8970108032 -9.96648788452 22.5000019073
      vertex 21.7478618622 -9.90336799622 22.5000019073
      vertex 21.8496990204 -6.92221879959 22.5000019073
    endloop
  endfacet
  facet normal 0 -1 -0
    outer loop
      vertex 21.8970108032 -9.96648788452 22.5000019073
      vertex 21.8496990204 -6.92221879959 22.5000019073
      vertex 22.1511745453 -6.79734373093 22.5000019073
    endloop
  endfacet
  facet normal 0 -1 0
    outer loop
      vertex 21.8970108032 -9.96648788452 22.5000019073
      vertex 22.1511745453 -6.79734373093 22.5000019073
      vertex 22.2114715576 -6.77236795425 22.5000019073
    endloop
  endfacet
  facet normal 0 -1 0
    outer loop
      vertex 22.6427593231 -10.2820882797 22.5000019073
      vertex 21.8970108032 -9.96648788452 22.5000019073
      vertex 22.2114715576 -6.77236795425 22.5000019073
    endloop
  endfacet
  facet normal 0 -1 0
    outer loop
      vertex 22.6427593231 -10.2820882797 22.5000019073
      vertex 22.2114715576 -6.77236795425 22.5000019073
      vertex 22.4703540802 -6.5737195015 22.5000019073
    endloop
  endfacet
  facet normal 0 -1 0
    outer loop
      vertex 22.7837314606 -10.3618202209 22.5000019073
      vertex 22.6427593231 -10.2820882797 22.5000019073
      vertex 22.4703540802 -6.5737195015 22.5000019073
    endloop
  endfacet
  facet normal 0 -1 0
    outer loop
      vertex 22.7837314606 -10.3618202209 22.5000019073
      vertex 22.4703540802 -6.5737195015 22.5000019073
      vertex 22.5221309662 -6.53398990631 22.5000019073
    endloop
  endfacet
  facet normal 0 -1 0
    outer loop
      vertex 23.4885845184 -10.760474205 22.5000019073
      vertex 22.7837314606 -10.3618202209 22.5000019073
      vertex 22.5221309662 -6.53398990631 22.5000019073
    endloop
  endfacet
  facet normal -0 -1 0
    outer loop
      vertex 27.3485717773 -6.60970640182 22.5000019073
      vertex 23.4885845184 -10.760474205 22.5000019073
      vertex 22.5221309662 -6.53398990631 22.5000019073
    endloop
  endfacet
  facet normal 0 -1 0
    outer loop
      vertex 27.3485717773 -6.60970640182 22.5000019073
      vertex 22.5221309662 -6.53398990631 22.5000019073
      vertex 22.7207794189 -6.27510738373 22.5000019073
    endloop
  endfacet
  facet normal 0 -1 0
    outer loop
      vertex 26.7758235931 -5.92271566391 22.5000019073
      vertex 27.3485717773 -6.60970640182 22.5000019073
      vertex 22.7207794189 -6.27510738373 22.5000019073
    endloop
  endfacet
  facet normal 0 -1 0
    outer loop
      vertex 26.7758235931 -5.92271566391 22.5000019073
      vertex 22.7207794189 -6.27510738373 22.5000019073
      vertex 22.7605113983 -6.2233300209 22.5000019073
    endloop
  endfacet
  facet normal 0 -1 0
    outer loop
      vertex 26.6795005798 -5.77197742462 22.5000019073
      vertex 26.7758235931 -5.92271566391 22.5000019073
      vertex 22.7605113983 -6.2233300209 22.5000019073
    endloop
  endfacet
  facet normal 0 -1 0
    outer loop
      vertex 26.6795005798 -5.77197742462 22.5000019073
      vertex 22.7605113983 -6.2233300209 22.5000019073
      vertex 22.8853855133 -5.92185306549 22.5000019073
    endloop
  endfacet
  facet normal 0 -1 0
    outer loop
      vertex 26.6795005798 -5.77197742462 22.5000019073
      vertex 22.8853855133 -5.92185306549 22.5000019073
      vertex 22.9103603363 -5.86155796051 22.5000019073
    endloop
  endfacet
  facet normal 0 -1 0
    outer loop
      vertex 26.1978969574 -5.01828622818 22.5000019073
      vertex 26.6795005798 -5.77197742462 22.5000019073
      vertex 22.9103603363 -5.86155796051 22.5000019073
    endloop
  endfacet
  facet normal 0 -1 0
    outer loop
      vertex 26.1978969574 -5.01828622818 22.5000019073
      vertex 22.9103603363 -5.86155796051 22.5000019073
      vertex 22.9529514313 -5.53803491592 22.5000019073
    endloop
  endfacet
  facet normal 0 -1 0
    outer loop
      vertex 26.1978969574 -5.01828622818 22.5000019073
      vertex 22.9529514313 -5.53803491592 22.5000019073
      vertex 22.9614715576 -5.47333049774 22.5000019073
    endloop
  endfacet
  facet normal 0 -1 0
    outer loop
      vertex 26.1213378906 -4.85661077499 22.5000019073
      vertex 26.1978969574 -5.01828622818 22.5000019073
      vertex 22.9614715576 -5.47333049774 22.5000019073
    endloop
  endfacet
  facet normal 0 -1 0
    outer loop
      vertex 25.7385520935 -4.04823589325 22.5000019073
      vertex 26.1213378906 -4.85661077499 22.5000019073
      vertex 22.9614715576 -5.47333049774 22.5000019073
    endloop
  endfacet
  facet normal 0 -1 0
    outer loop
      vertex 25.7385520935 -4.04823589325 22.5000019073
      vertex 22.9614715576 -5.47333049774 22.5000019073
      vertex 22.9188785553 -5.14980745316 22.5000019073
    endloop
  endfacet
  facet normal 0 -1 0
    outer loop
      vertex 25.7385520935 -4.04823589325 22.5000019073
      vertex 22.9188785553 -5.14980745316 22.5000019073
      vertex 22.9103603363 -5.08510160446 22.5000019073
    endloop
  endfacet
  facet normal 0 -1 0
    outer loop
      vertex 25.6829776764 -3.87820100784 22.5000019073
      vertex 25.7385520935 -4.04823589325 22.5000019073
      vertex 22.9103603363 -5.08510160446 22.5000019073
    endloop
  endfacet
  facet normal 0 -1 0
    outer loop
      vertex 25.6829776764 -3.87820100784 22.5000019073
      vertex 22.9103603363 -5.08510160446 22.5000019073
      vertex 22.785484314 -4.78362464905 22.5000019073
    endloop
  endfacet
  facet normal 0 -1 0
    outer loop
      vertex 25.6829776764 -3.87820100784 22.5000019073
      vertex 22.785484314 -4.78362464905 22.5000019073
      vertex 22.7605113983 -4.72332954407 22.5000019073
    endloop
  endfacet
  facet normal 0 -1 0
    outer loop
      vertex 25.4051151276 -3.02803325653 22.5000019073
      vertex 25.6829776764 -3.87820100784 22.5000019073
      vertex 22.7605113983 -4.72332954407 22.5000019073
    endloop
  endfacet
  facet normal 0 -1 0
    outer loop
      vertex 25.4051151276 -3.02803325653 22.5000019073
      vertex 22.7605113983 -4.72332954407 22.5000019073
      vertex 22.5618629456 -4.46444702148 22.5000019073
    endloop
  endfacet
  facet normal 0 -1 0
    outer loop
      vertex 25.4051151276 -3.02803325653 22.5000019073
      vertex 22.5618629456 -4.46444702148 22.5000019073
      vertex 22.5221309662 -4.41266965866 22.5000019073
    endloop
  endfacet
  facet normal 0 -1 0
    outer loop
      vertex 25.3714122772 -2.85235071182 22.5000019073
      vertex 25.4051151276 -3.02803325653 22.5000019073
      vertex 22.5221309662 -4.41266965866 22.5000019073
    endloop
  endfacet
  facet normal 0 -1 0
    outer loop
      vertex 25.3714122772 -2.85235071182 22.5000019073
      vertex 22.5221309662 -4.41266965866 22.5000019073
      vertex 22.2632484436 -4.21402168274 22.5000019073
    endloop
  endfacet
  facet normal 0 -1 0
    outer loop
      vertex 25.2029037476 -1.97394394875 22.5000019073
      vertex 25.3714122772 -2.85235071182 22.5000019073
      vertex 22.2632484436 -4.21402168274 22.5000019073
    endloop
  endfacet
  facet normal 0 -1 0
    outer loop
      vertex 25.2029037476 -1.97394394875 22.5000019073
      vertex 22.2632484436 -4.21402168274 22.5000019073
      vertex 22.2114715576 -4.17429161072 22.5000019073
    endloop
  endfacet
  facet normal 0 -1 0
    outer loop
      vertex 25.1916103363 -1.79541456699 22.5000019073
      vertex 25.2029037476 -1.97394394875 22.5000019073
      vertex 22.2114715576 -4.17429161072 22.5000019073
    endloop
  endfacet
  facet normal 0 -1 0
    outer loop
      vertex 25.1916103363 -1.79541456699 22.5000019073
      vertex 22.2114715576 -4.17429161072 22.5000019073
      vertex 21.9099941254 -4.04941606522 22.5000019073
    endloop
  endfacet
  facet normal 0 -1 0
    outer loop
      vertex 25.1916103363 -1.79541456699 22.5000019073
      vertex 21.9099941254 -4.04941606522 22.5000019073
      vertex 21.8496990204 -4.02444124222 22.5000019073
    endloop
  endfacet
  facet normal 0 -1 0
    outer loop
      vertex 24.635137558 -0.17284193635 22.5000019073
      vertex 25.1916103363 -1.79541456699 22.5000019073
      vertex 21.8496990204 -4.02444124222 22.5000019073
    endloop
  endfacet
  facet normal 0 -1 0
    outer loop
      vertex 24.635137558 -0.17284193635 22.5000019073
      vertex 21.8496990204 -4.02444124222 22.5000019073
      vertex 21.5261764526 -3.9818482399 22.5000019073
    endloop
  endfacet
  facet normal 0 -1 0
    outer loop
      vertex 19.4252376556 -0.17284193635 22.5000019073
      vertex 24.635137558 -0.17284193635 22.5000019073
      vertex 21.5261764526 -3.9818482399 22.5000019073
    endloop
  endfacet
  facet normal 0 -1 0
    outer loop
      vertex 19.4252376556 -0.17284193635 22.5000019073
      vertex 21.5261764526 -3.9818482399 22.5000019073
      vertex 21.4614715576 -3.97332978249 22.5000019073
    endloop
  endfacet
  facet normal 0 -1 0
    outer loop
      vertex 19.4252376556 -0.17284193635 22.5000019073
      vertex 21.4614715576 -3.97332978249 22.5000019073
      vertex 21.1379489899 -4.01592254639 22.5000019073
    endloop
  endfacet
  facet normal 0 -1 0
    outer loop
      vertex 19.4252376556 -0.17284193635 22.5000019073
      vertex 21.1379489899 -4.01592254639 22.5000019073
      vertex 21.0732421875 -4.02444124222 22.5000019073
    endloop
  endfacet
  facet normal 0 -1 0
    outer loop
      vertex 19.4252376556 -0.17284193635 22.5000019073
      vertex 21.0732421875 -4.02444124222 22.5000019073
      vertex 20.7717685699 -4.14931678772 22.5000019073
    endloop
  endfacet
  facet normal 0 -1 0
    outer loop
      vertex 19.4252376556 -0.17284193635 22.5000019073
      vertex 20.7717685699 -4.14931678772 22.5000019073
      vertex 20.7114715576 -4.17429161072 22.5000019073
    endloop
  endfacet
  facet normal 0 -1 0
    outer loop
      vertex 19.4252376556 -0.17284193635 22.5000019073
      vertex 20.7114715576 -4.17429161072 22.5000019073
      vertex 20.4525871277 -4.37294006348 22.5000019073
    endloop
  endfacet
  facet normal 0 -1 0
    outer loop
      vertex 19.4252376556 -0.17284193635 22.5000019073
      vertex 20.4525871277 -4.37294006348 22.5000019073
      vertex 20.4008102417 -4.41266965866 22.5000019073
    endloop
  endfacet
  facet normal 0 -1 0
    outer loop
      vertex 17.966583252 -0.17284193635 22.5000019073
      vertex 19.4252376556 -0.17284193635 22.5000019073
      vertex 20.4008102417 -4.41266965866 22.5000019073
    endloop
  endfacet
  facet normal 0 -1 0
    outer loop
      vertex 17.966583252 -0.17284193635 22.5000019073
      vertex 20.4008102417 -4.41266965866 22.5000019073
      vertex 20.2021636963 -4.67155218124 22.5000019073
    endloop
  endfacet
  facet normal 0 -1 0
    outer loop
      vertex 17.966583252 -0.17284193635 22.5000019073
      vertex 20.2021636963 -4.67155218124 22.5000019073
      vertex 20.1624336243 -4.72332954407 22.5000019073
    endloop
  endfacet
  facet normal -0 -1 0
    outer loop
      vertex 20.1624336243 -4.72332954407 22.5000019073
      vertex 20.0375576019 -5.02480649948 22.5000019073
      vertex 17.966583252 -0.17284193635 22.5000019073
    endloop
  endfacet
  facet normal -0 -1 0
    outer loop
      vertex 20.0375576019 -5.02480649948 22.5000019073
      vertex 20.0125827789 -5.08510160446 22.5000019073
      vertex 17.966583252 -0.17284193635 22.5000019073
    endloop
  endfacet
  facet normal -0 -1 0
    outer loop
      vertex 20.0125827789 -5.08510160446 22.5000019073
      vertex 19.9699897766 -5.40862464905 22.5000019073
      vertex 17.966583252 -0.17284193635 22.5000019073
    endloop
  endfacet
  facet normal -0 -1 0
    outer loop
      vertex 19.9699897766 -5.40862464905 22.5000019073
      vertex 19.9614715576 -5.47333049774 22.5000019073
      vertex 17.966583252 -0.17284193635 22.5000019073
    endloop
  endfacet
  facet normal 0 -1 0
    outer loop
      vertex 16.4349994659 -2.55261111259 22.5000019073
      vertex 17.966583252 -0.17284193635 22.5000019073
      vertex 19.9614715576 -5.47333049774 22.5000019073
    endloop
  endfacet
  facet normal 0 -1 0
    outer loop
      vertex 16.4349994659 -2.55261111259 22.5000019073
      vertex 19.9614715576 -5.47333049774 22.5000019073
      vertex 16.4387149811 -5.7192735672 22.5000019073
    endloop
  endfacet
  facet normal 0 -1 -0
    outer loop
      vertex 16.4349994659 -2.55261111259 22.5000019073
      vertex 15.8832502365 -0.17284193635 22.5000019073
      vertex 17.966583252 -0.17284193635 22.5000019073
    endloop
  endfacet
  facet normal 0 -1 0
    outer loop
      vertex 24.635137558 -0.17284193635 22.5000019073
      vertex 25.135137558 -0.902774810791 22.5000019073
      vertex 25.1916103363 -1.79541456699 22.5000019073
    endloop
  endfacet
  facet normal 0 -1 0
    outer loop
      vertex 24.635137558 -0.17284193635 22.5000019073
      vertex 25.135137558 -0.71116399765 22.5000019073
      vertex 25.135137558 -0.902774810791 22.5000019073
    endloop
  endfacet
  facet normal 0 -1 0
    outer loop
      vertex 24.635137558 -0.17284193635 22.5000019073
      vertex 25.1322975159 -0.651273787022 22.5000019073
      vertex 25.135137558 -0.71116399765 22.5000019073
    endloop
  endfacet
  facet normal 0 -1 0
    outer loop
      vertex 25.1322975159 -0.651273787022 22.5000019073
      vertex 25.135137558 -0.672841966152 22.5000019073
      vertex 25.135137558 -0.71116399765 22.5000019073
    endloop
  endfacet
  facet normal 0 -1 0
    outer loop
      vertex 24.635137558 -0.17284193635 22.5000019073
      vertex 24.7429790497 -0.18703956902 22.5000019073
      vertex 25.1322975159 -0.651273787022 22.5000019073
    endloop
  endfacet
  facet normal 0 -1 0
    outer loop
      vertex 24.7429790497 -0.18703956902 22.5000019073
      vertex 25.0549068451 -0.405583292246 22.5000019073
      vertex 25.1322975159 -0.651273787022 22.5000019073
    endloop
  endfacet
  facet normal 0 -1 0
    outer loop
      vertex 25.0549068451 -0.405583292246 22.5000019073
      vertex 25.1097774506 -0.523333966732 22.5000019073
      vertex 25.1322975159 -0.651273787022 22.5000019073
    endloop
  endfacet
  facet normal 0 -1 0
    outer loop
      vertex 25.1097774506 -0.523333966732 22.5000019073
      vertex 25.1181030273 -0.543432533741 22.5000019073
      vertex 25.1322975159 -0.651273787022 22.5000019073
    endloop
  endfacet
  facet normal 0 -1 0
    outer loop
      vertex 25.0549068451 -0.405583292246 22.5000019073
      vertex 25.068151474 -0.422842234373 22.5000019073
      vertex 25.1097774506 -0.523333966732 22.5000019073
    endloop
  endfacet
  facet normal 0 -1 0
    outer loop
      vertex 24.7429790497 -0.18703956902 22.5000019073
      vertex 24.8650398254 -0.231504589319 22.5000019073
      vertex 25.0549068451 -0.405583292246 22.5000019073
    endloop
  endfacet
  facet normal 0 -1 0
    outer loop
      vertex 24.8650398254 -0.231504589319 22.5000019073
      vertex 24.9714336395 -0.30604532361 22.5000019073
      vertex 25.0549068451 -0.405583292246 22.5000019073
    endloop
  endfacet
  facet normal 0 -1 0
    outer loop
      vertex 24.9714336395 -0.30604532361 22.5000019073
      vertex 24.98869133 -0.319288611412 22.5000019073
      vertex 25.0549068451 -0.405583292246 22.5000019073
    endloop
  endfacet
  facet normal 0 -1 0
    outer loop
      vertex 24.8650398254 -0.231504589319 22.5000019073
      vertex 24.8851394653 -0.239829435945 22.5000019073
      vertex 24.9714336395 -0.30604532361 22.5000019073
    endloop
  endfacet
  facet normal 0 -1 0
    outer loop
      vertex 24.7429790497 -0.18703956902 22.5000019073
      vertex 24.764547348 -0.189879223704 22.5000019073
      vertex 24.8650398254 -0.231504589319 22.5000019073
    endloop
  endfacet
  facet normal 0 -1 0
    outer loop
      vertex 27.3485717773 -6.60970640182 22.5000019073
      vertex 27.4631195068 -6.74710607529 22.5000019073
      vertex 23.4885845184 -10.760474205 22.5000019073
    endloop
  endfacet
  facet normal 0 -1 0
    outer loop
      vertex 27.4631195068 -6.74710607529 22.5000019073
      vertex 23.6195335388 -10.8557729721 22.5000019073
      vertex 23.4885845184 -10.760474205 22.5000019073
    endloop
  endfacet
  facet normal 0 -1 0
    outer loop
      vertex 27.4631195068 -6.74710607529 22.5000019073
      vertex 24.2742824554 -11.3322706223 22.5000019073
      vertex 23.6195335388 -10.8557729721 22.5000019073
    endloop
  endfacet
  facet normal 0 -1 0
    outer loop
      vertex 27.4631195068 -6.74710607529 22.5000019073
      vertex 28.1178760529 -7.35644245148 22.5000019073
      vertex 24.2742824554 -11.3322706223 22.5000019073
    endloop
  endfacet
  facet normal 0 -1 0
    outer loop
      vertex 28.1178760529 -7.35644245148 22.5000019073
      vertex 28.2488269806 -7.47831010818 22.5000019073
      vertex 24.2742824554 -11.3322706223 22.5000019073
    endloop
  endfacet
  facet normal 0 -1 0
    outer loop
      vertex 24.2742824554 -11.3322706223 22.5000019073
      vertex 28.2488269806 -7.47831010818 22.5000019073
      vertex 29.6254253387 -12.160785675 22.5000019073
    endloop
  endfacet
  facet normal 0 -1 0
    outer loop
      vertex 24.2742824554 -11.3322706223 22.5000019073
      vertex 29.6254253387 -12.160785675 22.5000019073
      vertex 31.2058944702 -17.0102596283 22.5000019073
    endloop
  endfacet
  facet normal -0 -1 0
    outer loop
      vertex 34.7727012634 -12.8223028183 22.5000019073
      vertex 31.2058944702 -17.0102596283 22.5000019073
      vertex 29.6254253387 -12.160785675 22.5000019073
    endloop
  endfacet
  facet normal 0 -1 0
    outer loop
      vertex 34.7727012634 -12.8223028183 22.5000019073
      vertex 29.6254253387 -12.160785675 22.5000019073
      vertex 28.2488269806 -7.47831010818 22.5000019073
    endloop
  endfacet
  facet normal 0 -1 0
    outer loop
      vertex 31.2058944702 -17.0102596283 22.5000019073
      vertex 34.7727012634 -12.8223028183 22.5000019073
      vertex 33.9357566833 -15.6915683746 22.5000019073
    endloop
  endfacet
  facet normal 0 -1 0
    outer loop
      vertex 31.2058944702 -17.0102596283 22.5000019073
      vertex 33.9357566833 -15.6915683746 22.5000019073
      vertex 33.1395874023 -18.5942325592 22.5000019073
    endloop
  endfacet
  facet normal 0 -1 0
    outer loop
      vertex 36.6248474121 -14.3394775391 22.5000019073
      vertex 33.1395874023 -18.5942325592 22.5000019073
      vertex 33.9357566833 -15.6915683746 22.5000019073
    endloop
  endfacet
  facet normal -0 -1 0
    outer loop
      vertex 36.6248474121 -14.3394775391 22.5000019073
      vertex 33.9357566833 -15.6915683746 22.5000019073
      vertex 34.7727012634 -12.8223028183 22.5000019073
    endloop
  endfacet
  facet normal 0 -1 0
    outer loop
      vertex 33.1395874023 -18.5942325592 22.5000019073
      vertex 36.6248474121 -14.3394775391 22.5000019073
      vertex 36.250617981 -17.5877723694 22.5000019073
    endloop
  endfacet
  facet normal 0 -1 0
    outer loop
      vertex 33.1395874023 -18.5942325592 22.5000019073
      vertex 36.250617981 -17.5877723694 22.5000019073
      vertex 35.8763885498 -20.8360691071 22.5000019073
    endloop
  endfacet
  facet normal 0 -1 0
    outer loop
      vertex 39.3616485596 -16.5813102722 22.5000019073
      vertex 35.8763885498 -20.8360691071 22.5000019073
      vertex 36.250617981 -17.5877723694 22.5000019073
    endloop
  endfacet
  facet normal -0 -1 0
    outer loop
      vertex 39.3616485596 -16.5813102722 22.5000019073
      vertex 36.250617981 -17.5877723694 22.5000019073
      vertex 36.6248474121 -14.3394775391 22.5000019073
    endloop
  endfacet
  facet normal 0 -1 0
    outer loop
      vertex 39.3616485596 -16.5813102722 22.5000019073
      vertex 35.9893989563 -20.9160289764 22.5000019073
      vertex 35.8763885498 -20.8360691071 22.5000019073
    endloop
  endfacet
  facet normal 0 -1 0
    outer loop
      vertex 39.3616485596 -16.5813102722 22.5000019073
      vertex 39.6215057373 -16.8441104889 22.5000019073
      vertex 35.9893989563 -20.9160289764 22.5000019073
    endloop
  endfacet
  facet normal 0 -1 0
    outer loop
      vertex 39.6215057373 -16.8441104889 22.5000019073
      vertex 37.0323143005 -21.38854599 22.5000019073
      vertex 35.9893989563 -20.9160289764 22.5000019073
    endloop
  endfacet
  facet normal 0 -1 0
    outer loop
      vertex 37.0323143005 -21.38854599 22.5000019073
      vertex 36.7656326294 -21.3167209625 22.5000019073
      vertex 35.9893989563 -20.9160289764 22.5000019073
    endloop
  endfacet
  facet normal 0 -1 0
    outer loop
      vertex 36.7656326294 -21.3167209625 22.5000019073
      vertex 36.4213447571 -21.1823348999 22.5000019073
      vertex 35.9893989563 -20.9160289764 22.5000019073
    endloop
  endfacet
  facet normal 0 -1 0
    outer loop
      vertex 36.4213447571 -21.1823348999 22.5000019073
      vertex 36.2982177734 -21.1190605164 22.5000019073
      vertex 35.9893989563 -20.9160289764 22.5000019073
    endloop
  endfacet
  facet normal 0 -1 0
    outer loop
      vertex 36.4213447571 -21.1823348999 22.5000019073
      vertex 36.3530693054 -21.1499729156 22.5000019073
      vertex 36.2982177734 -21.1190605164 22.5000019073
    endloop
  endfacet
  facet normal 0 -1 0
    outer loop
      vertex 37.0323143005 -21.38854599 22.5000019073
      vertex 36.8842887878 -21.3586978912 22.5000019073
      vertex 36.7656326294 -21.3167209625 22.5000019073
    endloop
  endfacet
  facet normal 0 -1 0
    outer loop
      vertex 37.0323143005 -21.38854599 22.5000019073
      vertex 36.8964385986 -21.3620548248 22.5000019073
      vertex 36.8842887878 -21.3586978912 22.5000019073
    endloop
  endfacet
  facet normal 0 -1 0
    outer loop
      vertex 39.6215057373 -16.8441104889 22.5000019073
      vertex 38.1770973206 -21.394241333 22.5000019073
      vertex 37.0323143005 -21.38854599 22.5000019073
    endloop
  endfacet
  facet normal -0 -1 0
    outer loop
      vertex 38.1770973206 -21.394241333 22.5000019073
      vertex 37.9044494629 -21.4382743835 22.5000019073
      vertex 37.0323143005 -21.38854599 22.5000019073
    endloop
  endfacet
  facet normal -0 -1 0
    outer loop
      vertex 37.9044494629 -21.4382743835 22.5000019073
      vertex 37.5352706909 -21.4555397034 22.5000019073
      vertex 37.0323143005 -21.38854599 22.5000019073
    endloop
  endfacet
  facet normal 0 -1 0
    outer loop
      vertex 37.5352706909 -21.4555397034 22.5000019073
      vertex 37.3970184326 -21.4484157562 22.5000019073
      vertex 37.0323143005 -21.38854599 22.5000019073
    endloop
  endfacet
  facet normal 0 -1 0
    outer loop
      vertex 37.5352706909 -21.4555397034 22.5000019073
      vertex 37.4471473694 -21.4532604218 22.5000019073
      vertex 37.3970184326 -21.4484157562 22.5000019073
    endloop
  endfacet
  facet normal 0 -1 0
    outer loop
      vertex 38.1770973206 -21.394241333 22.5000019073
      vertex 38.0173988342 -21.4295883179 22.5000019073
      vertex 37.9044494629 -21.4382743835 22.5000019073
    endloop
  endfacet
  facet normal 0 -1 0
    outer loop
      vertex 38.1770973206 -21.394241333 22.5000019073
      vertex 38.0423316956 -21.4258899689 22.5000019073
      vertex 38.0173988342 -21.4295883179 22.5000019073
    endloop
  endfacet
  facet normal 0 -1 0
    outer loop
      vertex 39.6215057373 -16.8441104889 22.5000019073
      vertex 39.2243499756 -20.9322624207 22.5000019073
      vertex 38.1770973206 -21.394241333 22.5000019073
    endloop
  endfacet
  facet normal 0 -1 0
    outer loop
      vertex 39.2243499756 -20.9322624207 22.5000019073
      vertex 38.9938392639 -21.0843830109 22.5000019073
      vertex 38.1770973206 -21.394241333 22.5000019073
    endloop
  endfacet
  facet normal 0 -1 0
    outer loop
      vertex 38.9938392639 -21.0843830109 22.5000019073
      vertex 38.6636009216 -21.2503166199 22.5000019073
      vertex 38.1770973206 -21.394241333 22.5000019073
    endloop
  endfacet
  facet normal 0 -1 0
    outer loop
      vertex 38.6636009216 -21.2503166199 22.5000019073
      vertex 38.5346221924 -21.3005981445 22.5000019073
      vertex 38.1770973206 -21.394241333 22.5000019073
    endloop
  endfacet
  facet normal 0 -1 0
    outer loop
      vertex 38.6636009216 -21.2503166199 22.5000019073
      vertex 38.5704689026 -21.2887001038 22.5000019073
      vertex 38.5346221924 -21.3005981445 22.5000019073
    endloop
  endfacet
  facet normal 0 -1 0
    outer loop
      vertex 39.2243499756 -20.9322624207 22.5000019073
      vertex 39.0825271606 -21.0366725922 22.5000019073
      vertex 38.9938392639 -21.0843830109 22.5000019073
    endloop
  endfacet
  facet normal 0 -1 0
    outer loop
      vertex 39.2243499756 -20.9322624207 22.5000019073
      vertex 39.1144714355 -21.0164642334 22.5000019073
      vertex 39.0825271606 -21.0366725922 22.5000019073
    endloop
  endfacet
  facet normal 0 -1 0
    outer loop
      vertex 39.6215057373 -16.8441104889 22.5000019073
      vertex 39.9917221069 -20.0832099915 22.5000019073
      vertex 39.2243499756 -20.9322624207 22.5000019073
    endloop
  endfacet
  facet normal 0 -1 0
    outer loop
      vertex 39.9917221069 -20.0832099915 22.5000019073
      vertex 39.8440246582 -20.3165740967 22.5000019073
      vertex 39.2243499756 -20.9322624207 22.5000019073
    endloop
  endfacet
  facet normal 0 -1 0
    outer loop
      vertex 39.8440246582 -20.3165740967 22.5000019073
      vertex 39.6098251343 -20.6024799347 22.5000019073
      vertex 39.2243499756 -20.9322624207 22.5000019073
    endloop
  endfacet
  facet normal 0 -1 0
    outer loop
      vertex 39.6098251343 -20.6024799347 22.5000019073
      vertex 39.5128746033 -20.7012958527 22.5000019073
      vertex 39.2243499756 -20.9322624207 22.5000019073
    endloop
  endfacet
  facet normal 0 -1 0
    outer loop
      vertex 39.6098251343 -20.6024799347 22.5000019073
      vertex 39.5315170288 -20.6843681335 22.5000019073
      vertex 39.5128746033 -20.7012958527 22.5000019073
    endloop
  endfacet
  facet normal 0 -1 0
    outer loop
      vertex 39.9917221069 -20.0832099915 22.5000019073
      vertex 39.8980865479 -20.2469768524 22.5000019073
      vertex 39.8440246582 -20.3165740967 22.5000019073
    endloop
  endfacet
  facet normal 0 -1 0
    outer loop
      vertex 39.9917221069 -20.0832099915 22.5000019073
      vertex 39.9261169434 -20.2051086426 22.5000019073
      vertex 39.8980865479 -20.2469768524 22.5000019073
    endloop
  endfacet
  facet normal 0 -1 0
    outer loop
      vertex 39.6215057373 -16.8441104889 22.5000019073
      vertex 39.9725341797 -17.3101978302 22.5000019073
      vertex 39.9917221069 -20.0832099915 22.5000019073
    endloop
  endfacet
  facet normal 0 -1 0
    outer loop
      vertex 39.9725341797 -17.3101978302 22.5000019073
      vertex 40.2168388367 -17.840423584 22.5000019073
      vertex 39.9917221069 -20.0832099915 22.5000019073
    endloop
  endfacet
  facet normal 0 -1 0
    outer loop
      vertex 40.2168388367 -17.840423584 22.5000019073
      vertex 40.3431739807 -18.4106941223 22.5000019073
      vertex 39.9917221069 -20.0832099915 22.5000019073
    endloop
  endfacet
  facet normal 0 -1 0
    outer loop
      vertex 40.3431739807 -18.4106941223 22.5000019073
      vertex 40.3456687927 -18.9950637817 22.5000019073
      vertex 39.9917221069 -20.0832099915 22.5000019073
    endloop
  endfacet
  facet normal 0 -1 0
    outer loop
      vertex 40.3456687927 -18.9950637817 22.5000019073
      vertex 40.3068351746 -19.268497467 22.5000019073
      vertex 39.9917221069 -20.0832099915 22.5000019073
    endloop
  endfacet
  facet normal 0 -1 0
    outer loop
      vertex 40.3068351746 -19.268497467 22.5000019073
      vertex 40.2091751099 -19.6249427795 22.5000019073
      vertex 39.9917221069 -20.0832099915 22.5000019073
    endloop
  endfacet
  facet normal 0 -1 0
    outer loop
      vertex 40.2091751099 -19.6249427795 22.5000019073
      vertex 40.1613616943 -19.754858017 22.5000019073
      vertex 39.9917221069 -20.0832099915 22.5000019073
    endloop
  endfacet
  facet normal 0 -1 0
    outer loop
      vertex 40.2091751099 -19.6249427795 22.5000019073
      vertex 40.1664581299 -19.7433452606 22.5000019073
      vertex 40.1613616943 -19.754858017 22.5000019073
    endloop
  endfacet
  facet normal 0 -1 0
    outer loop
      vertex 40.3456687927 -18.9950637817 22.5000019073
      vertex 40.3359107971 -19.1331520081 22.5000019073
      vertex 40.3068351746 -19.268497467 22.5000019073
    endloop
  endfacet
  facet normal 0 -1 0
    outer loop
      vertex 40.3359107971 -19.1331520081 22.5000019073
      vertex 40.3250656128 -19.1951789856 22.5000019073
      vertex 40.3068351746 -19.268497467 22.5000019073
    endloop
  endfacet
  facet normal 0 -1 0
    outer loop
      vertex 40.3431739807 -18.4106941223 22.5000019073
      vertex 40.3670883179 -18.6261043549 22.5000019073
      vertex 40.3456687927 -18.9950637817 22.5000019073
    endloop
  endfacet
  facet normal 0 -1 0
    outer loop
      vertex 40.2168388367 -17.840423584 22.5000019073
      vertex 40.2874145508 -18.0453414917 22.5000019073
      vertex 40.3431739807 -18.4106941223 22.5000019073
    endloop
  endfacet
  facet normal 0 -1 0
    outer loop
      vertex 39.9725341797 -17.3101978302 22.5000019073
      vertex 40.0863342285 -17.4946479797 22.5000019073
      vertex 40.2168388367 -17.840423584 22.5000019073
    endloop
  endfacet
  facet normal 0 -1 0
    outer loop
      vertex 39.6215057373 -16.8441104889 22.5000019073
      vertex 39.7729911804 -16.9991111755 22.5000019073
      vertex 39.9725341797 -17.3101978302 22.5000019073
    endloop
  endfacet
  facet normal 0 -2.39632868215e-07 -1
    outer loop
      vertex -19.4503059387 -2.47332978249 25
      vertex -15.5385293961 -2.47332978249 25
      vertex -19.4503059387 -2.47333049774 22.5000019073
    endloop
  endfacet
  facet normal -1 -4.79265736431e-07 -0
    outer loop
      vertex -19.4503059387 -3.41612052917 25
      vertex -19.4503059387 -2.47332978249 25
      vertex -19.4503059387 -2.47333049774 22.5000019073
    endloop
  endfacet
  facet normal -1 -0 -1.27086923385e-06
    outer loop
      vertex -19.4503059387 -3.41612052917 25
      vertex -19.4503059387 -2.47333049774 22.5000019073
      vertex -19.4503059387 -3.41612052917 22.5000019073
    endloop
  endfacet
  facet normal -0.999228835106 -0 -0.0392654314637
    outer loop
      vertex -19.4503059387 -3.41612052917 25
      vertex -19.4503059387 -3.41612052917 22.5000019073
      vertex -19.4622764587 -3.72075533867 22.5000019073
    endloop
  endfacet
  facet normal -0.998022079468 -0.00287342909724 -0.0627989247441
    outer loop
      vertex -19.5173511505 -4.48161315918 25
      vertex -19.4503059387 -3.41612052917 25
      vertex -19.4622764587 -3.72075533867 22.5000019073
    endloop
  endfacet
  facet normal -0.998022019863 -0.00287324073724 -0.0627995356917
    outer loop
      vertex -19.5173511505 -4.48161315918 25
      vertex -19.4622764587 -3.72075533867 22.5000019073
      vertex -19.4987010956 -4.29961490631 22.5000019073
    endloop
  endfacet
  facet normal -0.993049740791 0.00115981081035 -0.117689460516
    outer loop
      vertex -19.5173511505 -4.48161315918 25
      vertex -19.4987010956 -4.29961490631 22.5000019073
      vertex -19.5347900391 -4.60412693024 22.5000019073
    endloop
  endfacet
  facet normal -0.982279419899 -0.00233189878054 -0.18740786612
    outer loop
      vertex -19.5347900391 -4.60412693024 22.5000019073
      vertex -19.6421585083 -5.166888237 22.5000019073
      vertex -19.5173511505 -4.48161315918 25
    endloop
  endfacet
  facet normal -0.982279360294 -0.0023319858592 -0.187408179045
    outer loop
      vertex -19.7174282074 -5.53029823303 25
      vertex -19.5173511505 -4.48161315918 25
      vertex -19.6421585083 -5.166888237 22.5000019073
    endloop
  endfacet
  facet normal -0.980824291706 -0.00120054464787 -0.1948903054
    outer loop
      vertex -19.7174282074 -5.53029823303 25
      vertex -19.6421585083 -5.166888237 22.5000019073
      vertex -19.7021408081 -5.46876192093 22.5000019073
    endloop
  endfacet
  facet normal -0.962384462357 0.000802611233667 -0.271690100431
    outer loop
      vertex -19.7174282074 -5.53029823303 25
      vertex -19.7021408081 -5.46876192093 22.5000019073
      vertex -19.7907104492 -5.78249359131 22.5000019073
    endloop
  endfacet
  facet normal -0.951036810875 -0.00329982838593 -0.309059977531
    outer loop
      vertex -19.7907104492 -5.78249359131 22.5000019073
      vertex -19.9584083557 -6.29853391647 22.5000019073
      vertex -19.7174282074 -5.53029823303 25
    endloop
  endfacet
  facet normal -0.951036214828 -0.00330043956637 -0.309061765671
    outer loop
      vertex -20.0473842621 -6.54562997818 25
      vertex -19.7174282074 -5.53029823303 25
      vertex -19.9584083557 -6.29853391647 22.5000019073
    endloop
  endfacet
  facet normal -0.93806874752 0.000856281316373 -0.34644806385
    outer loop
      vertex -20.0473842621 -6.54562997818 25
      vertex -19.9584083557 -6.29853391647 22.5000019073
      vertex -20.0732135773 -6.60939025879 22.5000019073
    endloop
  endfacet
  facet normal -0.908340215683 -0.00128161313478 -0.418230116367
    outer loop
      vertex -20.0473842621 -6.54562997818 25
      vertex -20.0732135773 -6.60939025879 22.5000019073
      vertex -20.2275829315 -6.94465875626 22.5000019073
    endloop
  endfacet
  facet normal -0.904795408249 -0.0027513585519 -0.425837576389
    outer loop
      vertex -20.5020103455 -7.51159381866 25
      vertex -20.0473842621 -6.54562997818 25
      vertex -20.2275829315 -6.94465875626 22.5000019073
    endloop
  endfacet
  facet normal -0.904795527458 -0.00275141210295 -0.425837397575
    outer loop
      vertex -20.5020103455 -7.51159381866 25
      vertex -20.2275829315 -6.94465875626 22.5000019073
      vertex -20.4336872101 -7.38257551193 22.5000019073
    endloop
  endfacet
  facet normal -0.872118413448 0.00141640764195 -0.489292830229
    outer loop
      vertex -20.5020103455 -7.51159381866 25
      vertex -20.4336872101 -7.38257551193 22.5000019073
      vertex -20.6204586029 -7.71547937393 22.5000019073
    endloop
  endfacet
  facet normal -0.844277739525 -0.00370311527513 -0.535893082619
    outer loop
      vertex -20.6204586029 -7.71547937393 22.5000019073
      vertex -20.8558063507 -8.08625984192 22.5000019073
      vertex -20.5020103455 -7.51159381866 25
    endloop
  endfacet
  facet normal -0.844276428223 -0.00370375229977 -0.535895109177
    outer loop
      vertex -21.074136734 -8.4129486084 25
      vertex -20.5020103455 -7.51159381866 25
      vertex -20.8558063507 -8.08625984192 22.5000019073
    endloop
  endfacet
  facet normal -0.831419229507 -0 -0.55564558506
    outer loop
      vertex -21.074136734 -8.4129486084 25
      vertex -20.8558063507 -8.08625984192 22.5000019073
      vertex -21.074136734 -8.4129486084 22.5000019073
    endloop
  endfacet
  facet normal -0.808960974216 -0 -0.587862372398
    outer loop
      vertex -21.074136734 -8.4129486084 25
      vertex -21.074136734 -8.4129486084 22.5000019073
      vertex -21.80427742 -9.41770076752 22.5000019073
    endloop
  endfacet
  facet normal -0.80896115303 1.62332213449e-07 -0.58786213398
    outer loop
      vertex -21.074136734 -8.4129486084 25
      vertex -21.80427742 -9.41770076752 22.5000019073
      vertex -28.308511734 -18.3682231903 22.5000019073
    endloop
  endfacet
  facet normal -0.80896115303 -1.15672600387e-08 -0.58786213398
    outer loop
      vertex -32.7239532471 -24.4443435669 25
      vertex -21.074136734 -8.4129486084 25
      vertex -28.308511734 -18.3682231903 22.5000019073
    endloop
  endfacet
  facet normal -0.808961033821 4.48645664619e-07 -0.587862253189
    outer loop
      vertex -32.7239532471 -24.4443435669 25
      vertex -28.308511734 -18.3682231903 22.5000019073
      vertex -30.2501583099 -21.0401363373 22.5000019073
    endloop
  endfacet
  facet normal -0.808960497379 2.08011579161e-06 -0.587863028049
    outer loop
      vertex -32.7239532471 -24.4443435669 25
      vertex -30.2501583099 -21.0401363373 22.5000019073
      vertex -30.779417038 -21.7684497833 22.5000019073
    endloop
  endfacet
  facet normal -0.808962345123 -2.12284226109e-06 -0.58786046505
    outer loop
      vertex -32.7239532471 -24.4443435669 25
      vertex -30.779417038 -21.7684497833 22.5000019073
      vertex -31.1489906311 -22.2770252228 22.5000019073
    endloop
  endfacet
  facet normal -0.808961868286 -1.31805836645e-06 -0.587861061096
    outer loop
      vertex -32.7239532471 -24.4443435669 25
      vertex -31.1489906311 -22.2770252228 22.5000019073
      vertex -31.4227333069 -22.6537265778 22.5000019073
    endloop
  endfacet
  facet normal -0.80896115303 -2.15448579866e-07 -0.587862074375
    outer loop
      vertex -32.7239532471 -24.4443435669 25
      vertex -31.4227333069 -22.6537265778 22.5000019073
      vertex -31.634595871 -22.9452705383 22.5000019073
    endloop
  endfacet
  facet normal -0.808961808681 -1.0057176496e-06 -0.58786123991
    outer loop
      vertex -32.7239532471 -24.4443435669 25
      vertex -31.634595871 -22.9452705383 22.5000019073
      vertex -31.804315567 -23.1788234711 22.5000019073
    endloop
  endfacet
  facet normal -0.8089620471 -1.2480861642e-06 -0.587860941887
    outer loop
      vertex -32.7239532471 -24.4443435669 25
      vertex -31.804315567 -23.1788234711 22.5000019073
      vertex -32.7248382568 -24.4455661774 22.5000019073
    endloop
  endfacet
  facet normal -0.865806698799 6.1623599322e-05 -0.500378608704
    outer loop
      vertex -32.7248382568 -24.4455661774 22.5000019073
      vertex -32.9493331909 -24.8340091705 22.5000019073
      vertex -32.7239532471 -24.4443435669 25
    endloop
  endfacet
  facet normal -0.865976929665 0.000122889236081 -0.500083982944
    outer loop
      vertex -33.0114555359 -24.942199707 25
      vertex -32.7239532471 -24.4443435669 25
      vertex -32.9493331909 -24.8340091705 22.5000019073
    endloop
  endfacet
  facet normal -0.872115075588 -0.000496295222547 -0.489300608635
    outer loop
      vertex -33.0114555359 -24.942199707 25
      vertex -32.9493331909 -24.8340091705 22.5000019073
      vertex -33.016292572 -24.9533538818 22.5000019073
    endloop
  endfacet
  facet normal -0.951026856899 0.000460358918644 -0.309107840061
    outer loop
      vertex -33.016292572 -24.9533538818 22.5000019073
      vertex -33.154510498 -25.3786067963 22.5000019073
      vertex -33.0114555359 -24.942199707 25
    endloop
  endfacet
  facet normal -0.951026558876 0.000460184674012 -0.309108763933
    outer loop
      vertex -33.189163208 -25.4889526367 25
      vertex -33.0114555359 -24.942199707 25
      vertex -33.154510498 -25.3786067963 22.5000019073
    endloop
  endfacet
  facet normal -0.959130644798 -0.000806213647593 -0.282962441444
    outer loop
      vertex -33.189163208 -25.4889526367 25
      vertex -33.154510498 -25.3786067963 22.5000019073
      vertex -33.19323349 -25.5098667145 22.5000019073
    endloop
  endfacet
  facet normal -0.994512498379 0.000743436976336 -0.104615293443
    outer loop
      vertex -33.19323349 -25.5098667145 22.5000019073
      vertex -33.2400131226 -25.9545631409 22.5000019073
      vertex -33.189163208 -25.4889526367 25
    endloop
  endfacet
  facet normal -0.99451225996 0.000742981501389 -0.104617707431
    outer loop
      vertex -33.2493095398 -26.0607032776 25
      vertex -33.189163208 -25.4889526367 25
      vertex -33.2400131226 -25.9545631409 22.5000019073
    endloop
  endfacet
  facet normal -0.998048722744 -0.00106127781328 -0.0624305829406
    outer loop
      vertex -33.2493095398 -26.0607032776 25
      vertex -33.2400131226 -25.9545631409 22.5000019073
      vertex -33.2485542297 -26.091135025 22.5000019073
    endloop
  endfacet
  facet normal -0.994531393051 0.000970917812083 0.104433380067
    outer loop
      vertex -33.2485542297 -26.091135025 22.5000019073
      vertex -33.2018585205 -26.5358371735 22.5000019073
      vertex -33.2493095398 -26.0607032776 25
    endloop
  endfacet
  facet normal -0.994531273842 0.000971144007053 0.104434557259
    outer loop
      vertex -33.1892700195 -26.6324653625 25
      vertex -33.2493095398 -26.0607032776 25
      vertex -33.2018585205 -26.5358371735 22.5000019073
    endloop
  endfacet
  facet normal -0.986916661263 -0.00126223918051 0.16122610867
    outer loop
      vertex -33.1892700195 -26.6324653625 25
      vertex -33.2018585205 -26.5358371735 22.5000019073
      vertex -33.1797943115 -26.6708927155 22.5000019073
    endloop
  endfacet
  facet normal -0.951087117195 0.00114377145655 0.308920711279
    outer loop
      vertex -33.1797943115 -26.6708927155 22.5000019073
      vertex -33.0416603088 -27.0961704254 22.5000019073
      vertex -33.1892700195 -26.6324653625 25
    endloop
  endfacet
  facet normal -0.951086759567 0.00114399194717 0.308921784163
    outer loop
      vertex -33.0116691589 -27.1792507172 25
      vertex -33.1892700195 -26.6324653625 25
      vertex -33.0416603088 -27.0961704254 22.5000019073
    endloop
  endfacet
  facet normal -0.926305651665 -0.00140806636773 0.37677025795
    outer loop
      vertex -33.0116691589 -27.1792507172 25
      vertex -33.0416603088 -27.0961704254 22.5000019073
      vertex -32.9901008606 -27.2229309082 22.5000019073
    endloop
  endfacet
  facet normal -0.866070747375 0.00126325048041 0.499919831753
    outer loop
      vertex -32.9901008606 -27.2229309082 22.5000019073
      vertex -32.7665634155 -27.6101932526 22.5000019073
      vertex -33.0116691589 -27.1792507172 25
    endloop
  endfacet
  facet normal -0.866072416306 0.00126260530669 0.499917030334
    outer loop
      vertex -32.7242622375 -27.6771621704 25
      vertex -33.0116691589 -27.1792507172 25
      vertex -32.7665634155 -27.6101932526 22.5000019073
    endloop
  endfacet
  facet normal -0.819237589836 -0.0014996380778 0.573452293873
    outer loop
      vertex -32.7242622375 -27.6771621704 25
      vertex -32.7665634155 -27.6101932526 22.5000019073
      vertex -32.6880874634 -27.7223033905 22.5000019073
    endloop
  endfacet
  facet normal -0.743205308914 0.0013269581832 0.669062137604
    outer loop
      vertex -32.6880874634 -27.7223033905 22.5000019073
      vertex -32.3889160156 -28.0546283722 22.5000019073
      vertex -32.7242622375 -27.6771621704 25
    endloop
  endfacet
  facet normal -0.743207454681 0.00132629659493 0.669059693813
    outer loop
      vertex -32.3396148682 -28.1044387817 25
      vertex -32.7242622375 -27.6771621704 25
      vertex -32.3889160156 -28.0546283722 22.5000019073
    endloop
  endfacet
  facet normal -0.671096384525 -0.00153647747356 0.741368532181
    outer loop
      vertex -32.3396148682 -28.1044387817 25
      vertex -32.3889160156 -28.0546283722 22.5000019073
      vertex -32.2874641418 -28.1464653015 22.5000019073
    endloop
  endfacet
  facet normal -0.587862074375 0.00133609655313 0.808960080147
    outer loop
      vertex -31.8745384216 -28.4424037933 25
      vertex -32.3396148682 -28.1044387817 25
      vertex -32.2874641418 -28.1464653015 22.5000019073
    endloop
  endfacet
  facet normal -0.587863326073 0.0013364078477 0.808959186077
    outer loop
      vertex -31.8745384216 -28.4424037933 25
      vertex -32.2874641418 -28.1464653015 22.5000019073
      vertex -31.925737381 -28.4093284607 22.5000019073
    endloop
  endfacet
  facet normal -0.489292651415 -0.00151795253623 0.872118353844
    outer loop
      vertex -31.8745384216 -28.4424037933 25
      vertex -31.925737381 -28.4093284607 22.5000019073
      vertex -31.8063907623 -28.4762859344 22.5000019073
    endloop
  endfacet
  facet normal -0.406820625067 0.00129105872475 0.913507163525
    outer loop
      vertex -31.3493556976 -28.6762886047 25
      vertex -31.8745384216 -28.4424037933 25
      vertex -31.8063907623 -28.4762859344 22.5000019073
    endloop
  endfacet
  facet normal -0.406820207834 0.00129097385798 0.913507342339
    outer loop
      vertex -31.3493556976 -28.6762886047 25
      vertex -31.8063907623 -28.4762859344 22.5000019073
      vertex -31.3979148865 -28.6581954956 22.5000019073
    endloop
  endfacet
  facet normal -0.298133701086 -0.00111694878433 0.954523444176
    outer loop
      vertex -31.3493556976 -28.6762886047 25
      vertex -31.3979148865 -28.6581954956 22.5000019073
      vertex -31.3028411865 -28.6878910065 22.5000019073
    endloop
  endfacet
  facet normal -0.208005025983 0.00066954200156 0.978127539158
    outer loop
      vertex -30.787021637 -28.7958717346 25
      vertex -31.3493556976 -28.6762886047 25
      vertex -31.3028411865 -28.6878910065 22.5000019073
    endloop
  endfacet
  facet normal -0.208004325628 0.000669393106364 0.978127658367
    outer loop
      vertex -30.787021637 -28.7958717346 25
      vertex -31.3028411865 -28.6878910065 22.5000019073
      vertex -30.810798645 -28.7925262451 22.5000019073
    endloop
  endfacet
  facet normal -0.0502641052008 -0.000858378829435 0.99873560667
    outer loop
      vertex -30.787021637 -28.7958717346 25
      vertex -30.810798645 -28.7925262451 22.5000019073
      vertex -30.6927146912 -28.7984695435 22.5000019073
    endloop
  endfacet
  facet normal -9.58688324317e-05 0.00103543116711 0.999999463558
    outer loop
      vertex -30.2121181488 -28.7959270477 25
      vertex -30.787021637 -28.7958717346 25
      vertex -30.6927146912 -28.7984695435 22.5000019073
    endloop
  endfacet
  facet normal -9.64640057646e-05 0.00103554560337 0.999999463558
    outer loop
      vertex -30.2121181488 -28.7959270477 25
      vertex -30.6927146912 -28.7984695435 22.5000019073
      vertex -30.2455654144 -28.7985134125 22.5000019073
    endloop
  endfacet
  facet normal 0.161209076643 -0.00113611866254 0.986919641495
    outer loop
      vertex -30.2121181488 -28.7959270477 25
      vertex -30.2455654144 -28.7985134125 22.5000019073
      vertex -30.1105117798 -28.7764530182 22.5000019073
    endloop
  endfacet
  facet normal 0.207817912102 0.000826371484436 0.978167176247
    outer loop
      vertex -29.6497612 -28.6764507294 25
      vertex -30.2121181488 -28.7959270477 25
      vertex -30.1105117798 -28.7764530182 22.5000019073
    endloop
  endfacet
  facet normal 0.207820996642 0.000825775554404 0.978166520596
    outer loop
      vertex -29.6497612 -28.6764507294 25
      vertex -30.1105117798 -28.7764530182 22.5000019073
      vertex -29.6731243134 -28.6835250854 22.5000019073
    endloop
  endfacet
  facet normal 0.376770466566 -0.000899753824342 0.926306188107
    outer loop
      vertex -29.6497612 -28.6764507294 25
      vertex -29.6731243134 -28.6835250854 22.5000019073
      vertex -29.5463638306 -28.6319656372 22.5000019073
    endloop
  endfacet
  facet normal 0.406650394201 0.000562456552871 0.913583695889
    outer loop
      vertex -29.1245384216 -28.4426651001 25
      vertex -29.6497612 -28.6764507294 25
      vertex -29.5463638306 -28.6319656372 22.5000019073
    endloop
  endfacet
  facet normal 0.406649500132 0.000562635716051 0.913584053516
    outer loop
      vertex -29.1245384216 -28.4426651001 25
      vertex -29.5463638306 -28.6319656372 22.5000019073
      vertex -29.1378536224 -28.45013237 22.5000019073
    endloop
  endfacet
  facet normal 0.573461055756 -0.00060770357959 0.819232583046
    outer loop
      vertex -29.1245384216 -28.4426651001 25
      vertex -29.1378536224 -28.45013237 22.5000019073
      vertex -29.0257472992 -28.3716583252 22.5000019073
    endloop
  endfacet
  facet normal 0.587708115578 0.000243854592554 0.809072971344
    outer loop
      vertex -28.6593971252 -28.1047878265 25
      vertex -29.1245384216 -28.4426651001 25
      vertex -29.0257472992 -28.3716583252 22.5000019073
    endloop
  endfacet
  facet normal 0.587708592415 0.000243751594098 0.809072673321
    outer loop
      vertex -28.6593971252 -28.1047878265 25
      vertex -29.0257472992 -28.3716583252 22.5000019073
      vertex -28.6639709473 -28.1088657379 22.5000019073
    endloop
  endfacet
  facet normal 0.741369366646 -0.00026238639839 0.671097159386
    outer loop
      vertex -28.6593971252 -28.1047878265 25
      vertex -28.6639709473 -28.1088657379 22.5000019073
      vertex -28.5721340179 -28.0074119568 22.5000019073
    endloop
  endfacet
  facet normal 0.741105079651 -0.00028297942481 0.671388983727
    outer loop
      vertex -28.6593971252 -28.1047878265 25
      vertex -28.5721340179 -28.0074119568 22.5000019073
      vertex -28.4990940094 -27.9267864227 22.5000019073
    endloop
  endfacet
  facet normal 0.743081867695 -4.03686385653e-07 0.669200539589
    outer loop
      vertex -28.2746696472 -27.6775856018 25
      vertex -28.6593971252 -28.1047878265 25
      vertex -28.4990940094 -27.9267864227 22.5000019073
    endloop
  endfacet
  facet normal 0.743079841137 0 0.669202744961
    outer loop
      vertex -28.2746696472 -27.6775856018 25
      vertex -28.4990940094 -27.9267864227 22.5000019073
      vertex -28.2746696472 -27.6775856018 22.5000019073
    endloop
  endfacet
  facet normal 0.808960855007 0 0.587862551212
    outer loop
      vertex -28.2746696472 -27.6775856018 25
      vertex -28.2746696472 -27.6775856018 22.5000019073
      vertex -27.3550300598 -26.4120674133 22.5000019073
    endloop
  endfacet
  facet normal 0.808964669704 4.05896344091e-06 0.587857306004
    outer loop
      vertex -28.2746696472 -27.6775856018 25
      vertex -27.3550300598 -26.4120674133 22.5000019073
      vertex -27.1853103638 -26.1785125732 22.5000019073
    endloop
  endfacet
  facet normal 0.80896115303 -3.48035769093e-07 0.587862074375
    outer loop
      vertex -28.2746696472 -27.6775856018 25
      vertex -27.1853103638 -26.1785125732 22.5000019073
      vertex -26.973449707 -25.8869667053 22.5000019073
    endloop
  endfacet
  facet normal 0.808957695961 -5.60976241104e-06 0.587866902351
    outer loop
      vertex -28.2746696472 -27.6775856018 25
      vertex -26.973449707 -25.8869667053 22.5000019073
      vertex -26.6997032166 -25.5102672577 22.5000019073
    endloop
  endfacet
  facet normal 0.808962345123 2.89825811706e-06 0.58786046505
    outer loop
      vertex -28.2746696472 -27.6775856018 25
      vertex -26.6997032166 -25.5102672577 22.5000019073
      vertex -26.3301296234 -25.0016918182 22.5000019073
    endloop
  endfacet
  facet normal 0.808960497379 -1.30470175463e-06 0.587863028049
    outer loop
      vertex -28.2746696472 -27.6775856018 25
      vertex -26.3301296234 -25.0016918182 22.5000019073
      vertex -25.8008728027 -24.2733802795 22.5000019073
    endloop
  endfacet
  facet normal 0.808961212635 7.9742011394e-07 0.587862014771
    outer loop
      vertex -25.8008728027 -24.2733802795 22.5000019073
      vertex -24.0124092102 -21.8122634888 22.5000019073
      vertex -28.2746696472 -27.6775856018 25
    endloop
  endfacet
  facet normal 0.808961093426 3.55733931201e-07 0.58786213398
    outer loop
      vertex -17.5439548492 -12.9109773636 25
      vertex -28.2746696472 -27.6775856018 25
      vertex -24.0124092102 -21.8122634888 22.5000019073
    endloop
  endfacet
  facet normal 0.80896115303 0 0.587862074375
    outer loop
      vertex -17.5439548492 -12.9109773636 25
      vertex -24.0124092102 -21.8122634888 22.5000019073
      vertex -17.5439548492 -12.9109773636 22.5000019073
    endloop
  endfacet
  facet normal 0.793166995049 0 0.609004199505
    outer loop
      vertex -17.5439548492 -12.9109773636 25
      vertex -17.5439548492 -12.9109773636 22.5000019073
      vertex -17.3162918091 -12.6144695282 22.5000019073
    endloop
  endfacet
  facet normal 0.772944748402 -0.00486006960273 0.634454727173
    outer loop
      vertex -17.3162918091 -12.6144695282 22.5000019073
      vertex -17.2104740143 -12.4855527878 22.5000019073
      vertex -17.5439548492 -12.9109773636 25
    endloop
  endfacet
  facet normal 0.772944748402 -0.00486006960273 0.634454727173
    outer loop
      vertex -16.9090461731 -12.1374797821 25
      vertex -17.5439548492 -12.9109773636 25
      vertex -17.2104740143 -12.4855527878 22.5000019073
    endloop
  endfacet
  facet normal 0.759931266308 -0.00112632103264 0.650002479553
    outer loop
      vertex -16.9090461731 -12.1374797821 25
      vertex -17.2104740143 -12.4855527878 22.5000019073
      vertex -16.9674835205 -12.2014684677 22.5000019073
    endloop
  endfacet
  facet normal 0.724582195282 0.000702952500433 0.68918800354
    outer loop
      vertex -16.9090461731 -12.1374797821 25
      vertex -16.9674835205 -12.2014684677 22.5000019073
      vertex -16.7098464966 -11.9306001663 22.5000019073
    endloop
  endfacet
  facet normal 0.693025827408 -0.00443561235443 0.720899105072
    outer loop
      vertex -16.7098464966 -11.9306001663 22.5000019073
      vertex -16.5896110535 -11.8150129318 22.5000019073
      vertex -16.9090461731 -12.1374797821 25
    endloop
  endfacet
  facet normal 0.693025171757 -0.00443577487022 0.720899760723
    outer loop
      vertex -16.1876335144 -11.4439611435 25
      vertex -16.9090461731 -12.1374797821 25
      vertex -16.5896110535 -11.8150129318 22.5000019073
    endloop
  endfacet
  facet normal 0.671596765518 0.00198029540479 0.740914225578
    outer loop
      vertex -16.1876335144 -11.4439611435 25
      vertex -16.5896110535 -11.8150129318 22.5000019073
      vertex -16.0925521851 -11.3644580841 22.5000019073
    endloop
  endfacet
  facet normal 0.603502631187 -0.00240442855284 0.79735738039
    outer loop
      vertex -16.0925521851 -11.3644580841 22.5000019073
      vertex -15.8552179337 -11.1848249435 22.5000019073
      vertex -16.1876335144 -11.4439611435 25
    endloop
  endfacet
  facet normal 0.60350227356 -0.0024045065511 0.797357678413
    outer loop
      vertex -15.3897123337 -10.8400325775 25
      vertex -16.1876335144 -11.4439611435 25
      vertex -15.8552179337 -11.1848249435 22.5000019073
    endloop
  endfacet
  facet normal 0.5948574543 9.79908363661e-05 0.803831219673
    outer loop
      vertex -15.3897123337 -10.8400325775 25
      vertex -15.8552179337 -11.1848249435 22.5000019073
      vertex -15.3855199814 -10.8372354507 22.5000019073
    endloop
  endfacet
  facet normal 0.505609929562 -0.000117621741083 0.862762212753
    outer loop
      vertex -15.3855199814 -10.8372354507 22.5000019073
      vertex -15.0546045303 -10.6433067322 22.5000019073
      vertex -15.3897123337 -10.8400325775 25
    endloop
  endfacet
  facet normal 0.505610585213 -0.000117496936582 0.862761795521
    outer loop
      vertex -14.5263442993 -10.334066391 25
      vertex -15.3897123337 -10.8400325775 25
      vertex -15.0546045303 -10.6433067322 22.5000019073
    endloop
  endfacet
  facet normal 0.51239669323 -0.00204811710864 0.858746409416
    outer loop
      vertex -14.5263442993 -10.334066391 25
      vertex -15.0546045303 -10.6433067322 22.5000019073
      vertex -14.6055278778 -10.3753519058 22.5000019073
    endloop
  endfacet
  facet normal 0.427399933338 0.00139238336124 0.904061555862
    outer loop
      vertex -14.5263442993 -10.334066391 25
      vertex -14.6055278778 -10.3753519058 22.5000019073
      vertex -14.210474968 -10.1885881424 22.5000019073
    endloop
  endfacet
  facet normal 0.400710046291 -0.00268623861484 0.916200995445
    outer loop
      vertex -13.6094970703 -9.9330739975 25
      vertex -14.5263442993 -10.334066391 25
      vertex -14.210474968 -10.1885881424 22.5000019073
    endloop
  endfacet
  facet normal 0.400710374117 -0.00268633640371 0.916200816631
    outer loop
      vertex -13.6094970703 -9.9330739975 25
      vertex -14.210474968 -10.1885881424 22.5000019073
      vertex -13.767537117 -9.99486446381 22.5000019073
    endloop
  endfacet
  facet normal 0.336951434612 0.00197004992515 0.941519975662
    outer loop
      vertex -13.6094970703 -9.9330739975 25
      vertex -13.767537117 -9.99486446381 22.5000019073
      vertex -13.3757305145 -9.85464477539 22.5000019073
    endloop
  endfacet
  facet normal 0.290255606174 -0.00288022565655 0.956944823265
    outer loop
      vertex -12.6518745422 -9.64261245728 25
      vertex -13.6094970703 -9.9330739975 25
      vertex -13.3757305145 -9.85464477539 22.5000019073
    endloop
  endfacet
  facet normal 0.290255367756 -0.0028801523149 0.95694488287
    outer loop
      vertex -12.6518745422 -9.64261245728 25
      vertex -13.3757305145 -9.85464477539 22.5000019073
      vertex -12.8860006332 -9.70610237122 22.5000019073
    endloop
  endfacet
  facet normal 0.243009477854 0.00187655480113 0.970022082329
    outer loop
      vertex -12.6518745422 -9.64261245728 25
      vertex -12.8860006332 -9.70610237122 22.5000019073
      vertex -12.4973907471 -9.60874843597 22.5000019073
    endloop
  endfacet
  facet normal 0.175776109099 -0.0024731697049 0.984427034855
    outer loop
      vertex -12.4973907471 -9.60874843597 22.5000019073
      vertex -11.9753189087 -9.51552867889 22.5000019073
      vertex -12.6518745422 -9.64261245728 25
    endloop
  endfacet
  facet normal 0.17577713728 -0.00247288262472 0.984426856041
    outer loop
      vertex -11.6667528152 -9.46671199799 25
      vertex -12.6518745422 -9.64261245728 25
      vertex -11.9753189087 -9.51552867889 22.5000019073
    endloop
  endfacet
  facet normal 0.146656870842 0.00121426477563 0.989186704159
    outer loop
      vertex -11.6667528152 -9.46671199799 25
      vertex -11.9753189087 -9.51552867889 22.5000019073
      vertex -11.5898962021 -9.45838546753 22.5000019073
    endloop
  endfacet
  facet normal 0.058865185827 -0.00151494750753 0.998264789581
    outer loop
      vertex -11.5898962021 -9.45838546753 22.5000019073
      vertex -11.0499582291 -9.42654705048 22.5000019073
      vertex -11.6667528152 -9.46671199799 25
    endloop
  endfacet
  facet normal 0.0588649958372 -0.00151499477215 0.998264789581
    outer loop
      vertex -10.6677846909 -9.40780544281 25
      vertex -11.6667528152 -9.46671199799 25
      vertex -11.0499582291 -9.42654705048 22.5000019073
    endloop
  endfacet
  facet normal 0.0489808470011 0 0.998799741268
    outer loop
      vertex -10.6677846909 -9.40780544281 25
      vertex -11.0499582291 -9.42654705048 22.5000019073
      vertex -10.6677846909 -9.40780544281 22.5000019073
    endloop
  endfacet
  facet normal 0.922492206097 0 -0.386015713215
    outer loop
      vertex -10.6677846909 -9.40780544281 25
      vertex -10.6677846909 -9.40780544281 22.5000019073
      vertex -12.9454221725 -3.9647564888 22.5000019073
    endloop
  endfacet
  facet normal 0.922492206097 -1.85004083164e-07 -0.38601565361
    outer loop
      vertex -12.9454221725 -3.96475529671 25
      vertex -10.6677846909 -9.40780544281 25
      vertex -12.9454221725 -3.9647564888 22.5000019073
    endloop
  endfacet
  facet normal 0.807266950607 -2.8285614917e-07 -0.590186476707
    outer loop
      vertex -12.9454221725 -3.9647564888 22.5000019073
      vertex -13.3144073486 -3.46005249023 22.5000019073
      vertex -12.9454221725 -3.96475529671 25
    endloop
  endfacet
  facet normal 0.807265937328 1.41428415645e-07 -0.590187847614
    outer loop
      vertex -13.3144073486 -3.46005296707 25
      vertex -12.9454221725 -3.96475529671 25
      vertex -13.3144073486 -3.46005249023 22.5000019073
    endloop
  endfacet
  facet normal 0.667410314083 1.78452253863e-07 -0.744690179825
    outer loop
      vertex -13.3144073486 -3.46005296707 25
      vertex -13.3144073486 -3.46005249023 22.5000019073
      vertex -13.7799863815 -3.04278850555 25
    endloop
  endfacet
  facet normal 0 1 0
    outer loop
      vertex -14.4778690338 -4.41266965866 25
      vertex -13.3144073486 -3.46005296707 25
      vertex -13.7799863815 -3.04278850555 25
    endloop
  endfacet
  facet normal 0 1 0
    outer loop
      vertex -14.4778690338 -4.41266965866 25
      vertex -13.7799863815 -3.04278850555 25
      vertex -14.7885293961 -4.17429161072 25
    endloop
  endfacet
  facet normal -0.60876083374 6.91322412649e-08 0.793353796005
    outer loop
      vertex -14.4778690338 -4.41266965866 25
      vertex -14.7885293961 -4.17429161072 25
      vertex -14.6190786362 -4.30431652069 22.5000019073
    endloop
  endfacet
  facet normal -0.60876005888 0 0.793354392052
    outer loop
      vertex -14.4778690338 -4.41266965866 25
      vertex -14.6190786362 -4.30431652069 22.5000019073
      vertex -14.4778690338 -4.41266965866 22.5000019073
    endloop
  endfacet
  facet normal -0.793353319168 0 0.608761489391
    outer loop
      vertex -14.4778690338 -4.41266965866 22.5000019073
      vertex -14.3478441238 -4.58212137222 22.5000019073
      vertex -14.4778690338 -4.41266965866 25
    endloop
  endfacet
  facet normal -0.793352663517 9.00090952882e-08 0.608762323856
    outer loop
      vertex -14.239490509 -4.72332954407 25
      vertex -14.4778690338 -4.41266965866 25
      vertex -14.3478441238 -4.58212137222 22.5000019073
    endloop
  endfacet
  facet normal -0.793351888657 0 0.608763337135
    outer loop
      vertex -14.239490509 -4.72332954407 25
      vertex -14.3478441238 -4.58212137222 22.5000019073
      vertex -14.239490509 -4.72332954407 22.5000019073
    endloop
  endfacet
  facet normal -0.923880517483 0 0.382681101561
    outer loop
      vertex -14.239490509 -4.72332954407 22.5000019073
      vertex -14.1577548981 -4.92066001892 22.5000019073
      vertex -14.239490509 -4.72332954407 25
    endloop
  endfacet
  facet normal -0.923879802227 1.61012351896e-07 0.382682830095
    outer loop
      vertex -14.0896396637 -5.08510160446 25
      vertex -14.239490509 -4.72332954407 25
      vertex -14.1577548981 -4.92066001892 22.5000019073
    endloop
  endfacet
  facet normal -0.923878908157 0 0.382684916258
    outer loop
      vertex -14.0896396637 -5.08510160446 25
      vertex -14.1577548981 -4.92066001892 22.5000019073
      vertex -14.0896396637 -5.08510160446 22.5000019073
    endloop
  endfacet
  facet normal -0.991444885731 0 0.130526199937
    outer loop
      vertex -14.0896396637 -5.08510160446 22.5000019073
      vertex -14.0617609024 -5.29686260223 22.5000019073
      vertex -14.0896396637 -5.08510160446 25
    endloop
  endfacet
  facet normal -0.991444885731 -1.13739409002e-08 0.130526065826
    outer loop
      vertex -14.0385284424 -5.47333049774 25
      vertex -14.0896396637 -5.08510160446 25
      vertex -14.0617609024 -5.29686260223 22.5000019073
    endloop
  endfacet
  facet normal -0.991444885731 0 0.130525901914
    outer loop
      vertex -14.0385284424 -5.47333049774 25
      vertex -14.0617609024 -5.29686260223 22.5000019073
      vertex -14.0385284424 -5.47333049774 22.5000019073
    endloop
  endfacet
  facet normal -0.991444885731 0 -0.130526199937
    outer loop
      vertex -14.0385284424 -5.47333049774 22.5000019073
      vertex -14.0664081573 -5.68509149551 22.5000019073
      vertex -14.0385284424 -5.47333049774 25
    endloop
  endfacet
  facet normal -0.991444826126 -2.27479510784e-08 -0.130526468158
    outer loop
      vertex -14.0896396637 -5.86155796051 25
      vertex -14.0385284424 -5.47333049774 25
      vertex -14.0664081573 -5.68509149551 22.5000019073
    endloop
  endfacet
  facet normal -0.991444766521 -0 -0.130526781082
    outer loop
      vertex -14.0896396637 -5.86155796051 25
      vertex -14.0664081573 -5.68509149551 22.5000019073
      vertex -14.0896396637 -5.86155796051 22.5000019073
    endloop
  endfacet
  facet normal -0.923880517483 0 -0.382681101561
    outer loop
      vertex -14.0896396637 -5.86155796051 22.5000019073
      vertex -14.1713762283 -6.05888843536 22.5000019073
      vertex -14.0896396637 -5.86155796051 25
    endloop
  endfacet
  facet normal -0.923879802227 -1.61012351896e-07 -0.382682830095
    outer loop
      vertex -14.239490509 -6.2233300209 25
      vertex -14.0896396637 -5.86155796051 25
      vertex -14.1713762283 -6.05888843536 22.5000019073
    endloop
  endfacet
  facet normal -0.923878908157 -0 -0.382684916258
    outer loop
      vertex -14.239490509 -6.2233300209 25
      vertex -14.1713762283 -6.05888843536 22.5000019073
      vertex -14.239490509 -6.2233300209 22.5000019073
    endloop
  endfacet
  facet normal -0.793353319168 0 -0.608761489391
    outer loop
      vertex -14.239490509 -6.2233300209 22.5000019073
      vertex -14.369515419 -6.39278173447 22.5000019073
      vertex -14.239490509 -6.2233300209 25
    endloop
  endfacet
  facet normal -0.793352663517 -9.00090952882e-08 -0.608762323856
    outer loop
      vertex -14.4778690338 -6.53398990631 25
      vertex -14.239490509 -6.2233300209 25
      vertex -14.369515419 -6.39278173447 22.5000019073
    endloop
  endfacet
  facet normal -0.793351888657 -0 -0.608763337135
    outer loop
      vertex -14.4778690338 -6.53398990631 25
      vertex -14.369515419 -6.39278173447 22.5000019073
      vertex -14.4778690338 -6.53398990631 22.5000019073
    endloop
  endfacet
  facet normal -0.608761489391 0 -0.793353319168
    outer loop
      vertex -14.4778690338 -6.53398990631 22.5000019073
      vertex -14.6473197937 -6.66401433945 22.5000019073
      vertex -14.4778690338 -6.53398990631 25
    endloop
  endfacet
  facet normal -0.60876083374 -6.91322412649e-08 -0.793353796005
    outer loop
      vertex -14.7885293961 -6.77236795425 25
      vertex -14.4778690338 -6.53398990631 25
      vertex -14.6473197937 -6.66401433945 22.5000019073
    endloop
  endfacet
  facet normal -0.60876005888 -0 -0.793354392052
    outer loop
      vertex -14.7885293961 -6.77236795425 25
      vertex -14.6473197937 -6.66401433945 22.5000019073
      vertex -14.7885293961 -6.77236795425 22.5000019073
    endloop
  endfacet
  facet normal -0.382683068514 0 -0.923879683018
    outer loop
      vertex -14.7885293961 -6.77236795425 22.5000019073
      vertex -14.9858589172 -6.85410404205 22.5000019073
      vertex -14.7885293961 -6.77236795425 25
    endloop
  endfacet
  facet normal -0.382685005665 1.77685620883e-07 -0.923878908157
    outer loop
      vertex -15.1502990723 -6.92221879959 25
      vertex -14.7885293961 -6.77236795425 25
      vertex -14.9858589172 -6.85410404205 22.5000019073
    endloop
  endfacet
  facet normal -0.382687300444 -0 -0.923877954483
    outer loop
      vertex -15.1502990723 -6.92221879959 25
      vertex -14.9858589172 -6.85410404205 22.5000019073
      vertex -15.1502990723 -6.92221879959 22.5000019073
    endloop
  endfacet
  facet normal -0.13052546978 0 -0.991444945335
    outer loop
      vertex -15.1502990723 -6.92221879959 22.5000019073
      vertex -15.3620615005 -6.95009756088 22.5000019073
      vertex -15.1502990723 -6.92221879959 25
    endloop
  endfacet
  facet normal -0.130525663495 1.70608593919e-08 -0.991444945335
    outer loop
      vertex -15.5385293961 -6.9733300209 25
      vertex -15.1502990723 -6.92221879959 25
      vertex -15.3620615005 -6.95009756088 22.5000019073
    endloop
  endfacet
  facet normal -0.130525901914 -0 -0.991444885731
    outer loop
      vertex -15.5385293961 -6.9733300209 25
      vertex -15.3620615005 -6.95009756088 22.5000019073
      vertex -15.5385293961 -6.9733300209 22.5000019073
    endloop
  endfacet
  facet normal 0.130526199937 0 -0.991444885731
    outer loop
      vertex -15.5385293961 -6.9733300209 22.5000019073
      vertex -15.750289917 -6.94545078278 22.5000019073
      vertex -15.5385293961 -6.9733300209 25
    endloop
  endfacet
  facet normal 0.130526065826 1.13739409002e-08 -0.991444885731
    outer loop
      vertex -15.9267578125 -6.92221879959 25
      vertex -15.5385293961 -6.9733300209 25
      vertex -15.750289917 -6.94545078278 22.5000019073
    endloop
  endfacet
  facet normal 0.130525901914 0 -0.991444885731
    outer loop
      vertex -15.9267578125 -6.92221879959 25
      vertex -15.750289917 -6.94545078278 22.5000019073
      vertex -15.9267578125 -6.92221879959 22.5000019073
    endloop
  endfacet
  facet normal 0.382683068514 0 -0.923879683018
    outer loop
      vertex -15.9267578125 -6.92221879959 22.5000019073
      vertex -16.12408638 -6.84048223495 22.5000019073
      vertex -15.9267578125 -6.92221879959 25
    endloop
  endfacet
  facet normal 0.382685005665 -1.77685620883e-07 -0.923878908157
    outer loop
      vertex -16.2885284424 -6.77236795425 25
      vertex -15.9267578125 -6.92221879959 25
      vertex -16.12408638 -6.84048223495 22.5000019073
    endloop
  endfacet
  facet normal 0.382687300444 0 -0.923877954483
    outer loop
      vertex -16.2885284424 -6.77236795425 25
      vertex -16.12408638 -6.84048223495 22.5000019073
      vertex -16.2885284424 -6.77236795425 22.5000019073
    endloop
  endfacet
  facet normal 0.608758747578 0 -0.793355405331
    outer loop
      vertex -16.2885284424 -6.77236795425 22.5000019073
      vertex -16.4579811096 -6.64234352112 22.5000019073
      vertex -16.2885284424 -6.77236795425 25
    endloop
  endfacet
  facet normal 0.608759343624 -6.34847197034e-08 -0.793354928493
    outer loop
      vertex -16.5991897583 -6.53398990631 25
      vertex -16.2885284424 -6.77236795425 25
      vertex -16.4579811096 -6.64234352112 22.5000019073
    endloop
  endfacet
  facet normal 0.60876005888 0 -0.793354392052
    outer loop
      vertex -16.5991897583 -6.53398990631 25
      vertex -16.4579811096 -6.64234352112 22.5000019073
      vertex -16.5991897583 -6.53398990631 22.5000019073
    endloop
  endfacet
  facet normal 0.793356001377 0 -0.608757972717
    outer loop
      vertex -16.5991897583 -6.53398990631 22.5000019073
      vertex -16.7292137146 -6.36453819275 22.5000019073
      vertex -16.5991897583 -6.53398990631 25
    endloop
  endfacet
  facet normal 0.793354153633 2.62839137122e-07 -0.608760356903
    outer loop
      vertex -16.8375663757 -6.2233300209 25
      vertex -16.5991897583 -6.53398990631 25
      vertex -16.7292137146 -6.36453819275 22.5000019073
    endloop
  endfacet
  facet normal 0.793351888657 0 -0.608763337135
    outer loop
      vertex -16.8375663757 -6.2233300209 25
      vertex -16.7292137146 -6.36453819275 22.5000019073
      vertex -16.8375663757 -6.2233300209 22.5000019073
    endloop
  endfacet
  facet normal 0.923880517483 0 -0.382681101561
    outer loop
      vertex -16.8375663757 -6.2233300209 22.5000019073
      vertex -16.919303894 -6.02600002289 22.5000019073
      vertex -16.8375663757 -6.2233300209 25
    endloop
  endfacet
  facet normal 0.923879802227 1.61012351896e-07 -0.382682830095
    outer loop
      vertex -16.9874172211 -5.86155796051 25
      vertex -16.8375663757 -6.2233300209 25
      vertex -16.919303894 -6.02600002289 22.5000019073
    endloop
  endfacet
  facet normal 0.923878908157 0 -0.382684916258
    outer loop
      vertex -16.9874172211 -5.86155796051 25
      vertex -16.919303894 -6.02600002289 22.5000019073
      vertex -16.9874172211 -5.86155796051 22.5000019073
    endloop
  endfacet
  facet normal 0.991444885731 0 -0.130526199937
    outer loop
      vertex -16.9874172211 -5.86155796051 22.5000019073
      vertex -17.015296936 -5.64979696274 22.5000019073
      vertex -16.9874172211 -5.86155796051 25
    endloop
  endfacet
  facet normal 0.991444826126 2.27479510784e-08 -0.130526468158
    outer loop
      vertex -17.0385284424 -5.47333049774 25
      vertex -16.9874172211 -5.86155796051 25
      vertex -17.015296936 -5.64979696274 22.5000019073
    endloop
  endfacet
  facet normal 0.991444766521 0 -0.130526781082
    outer loop
      vertex -17.0385284424 -5.47333049774 25
      vertex -17.015296936 -5.64979696274 22.5000019073
      vertex -17.0385284424 -5.47333049774 22.5000019073
    endloop
  endfacet
  facet normal 0.991444885731 -0 0.130526199937
    outer loop
      vertex -17.0385284424 -5.47333049774 22.5000019073
      vertex -17.0106506348 -5.26156949997 22.5000019073
      vertex -17.0385284424 -5.47333049774 25
    endloop
  endfacet
  facet normal 0.991444885731 1.13739409002e-08 0.130526065826
    outer loop
      vertex -16.9874172211 -5.08510160446 25
      vertex -17.0385284424 -5.47333049774 25
      vertex -17.0106506348 -5.26156949997 22.5000019073
    endloop
  endfacet
  facet normal 0.991444885731 0 0.130525901914
    outer loop
      vertex -16.9874172211 -5.08510160446 25
      vertex -17.0106506348 -5.26156949997 22.5000019073
      vertex -16.9874172211 -5.08510160446 22.5000019073
    endloop
  endfacet
  facet normal 0.923880517483 -0 0.382681101561
    outer loop
      vertex -16.9874172211 -5.08510160446 22.5000019073
      vertex -16.9056816101 -4.88777160645 22.5000019073
      vertex -16.9874172211 -5.08510160446 25
    endloop
  endfacet
  facet normal 0.923879802227 -1.61012351896e-07 0.382682830095
    outer loop
      vertex -16.8375663757 -4.72332954407 25
      vertex -16.9874172211 -5.08510160446 25
      vertex -16.9056816101 -4.88777160645 22.5000019073
    endloop
  endfacet
  facet normal 0.923878908157 0 0.382684916258
    outer loop
      vertex -16.8375663757 -4.72332954407 25
      vertex -16.9056816101 -4.88777160645 22.5000019073
      vertex -16.8375663757 -4.72332954407 22.5000019073
    endloop
  endfacet
  facet normal 0.793356001377 -0 0.608757972717
    outer loop
      vertex -16.8375663757 -4.72332954407 22.5000019073
      vertex -16.7075443268 -4.55387830734 22.5000019073
      vertex -16.8375663757 -4.72332954407 25
    endloop
  endfacet
  facet normal 0.793354153633 -2.62839137122e-07 0.608760356903
    outer loop
      vertex -16.5991897583 -4.41266965866 25
      vertex -16.8375663757 -4.72332954407 25
      vertex -16.7075443268 -4.55387830734 22.5000019073
    endloop
  endfacet
  facet normal 0.793351888657 0 0.608763337135
    outer loop
      vertex -16.5991897583 -4.41266965866 25
      vertex -16.7075443268 -4.55387830734 22.5000019073
      vertex -16.5991897583 -4.41266965866 22.5000019073
    endloop
  endfacet
  facet normal 0.608758747578 -0 0.793355405331
    outer loop
      vertex -16.5991897583 -4.41266965866 22.5000019073
      vertex -16.4297370911 -4.28264522552 22.5000019073
      vertex -16.5991897583 -4.41266965866 25
    endloop
  endfacet
  facet normal 0.608759343624 6.34847197034e-08 0.793354928493
    outer loop
      vertex -16.2885284424 -4.17429161072 25
      vertex -16.5991897583 -4.41266965866 25
      vertex -16.4297370911 -4.28264522552 22.5000019073
    endloop
  endfacet
  facet normal 0.60876005888 0 0.793354392052
    outer loop
      vertex -16.2885284424 -4.17429161072 25
      vertex -16.4297370911 -4.28264522552 22.5000019073
      vertex -16.2885284424 -4.17429161072 22.5000019073
    endloop
  endfacet
  facet normal 0.382685482502 -0 0.923878669739
    outer loop
      vertex -16.2885284424 -4.17429161072 22.5000019073
      vertex -16.0911979675 -4.09255504608 22.5000019073
      vertex -16.2885284424 -4.17429161072 25
    endloop
  endfacet
  facet normal 0.382685005665 -4.37061338232e-08 0.923878908157
    outer loop
      vertex -15.9267578125 -4.02444124222 25
      vertex -16.2885284424 -4.17429161072 25
      vertex -16.0911979675 -4.09255504608 22.5000019073
    endloop
  endfacet
  facet normal 0.382684439421 0 0.923879146576
    outer loop
      vertex -15.9267578125 -4.02444124222 25
      vertex -16.0911979675 -4.09255504608 22.5000019073
      vertex -15.9267578125 -4.02444124222 22.5000019073
    endloop
  endfacet
  facet normal 0.130526199937 -0 0.991444885731
    outer loop
      vertex -15.9267578125 -4.02444124222 22.5000019073
      vertex -15.7149972916 -3.99656224251 22.5000019073
      vertex -15.9267578125 -4.02444124222 25
    endloop
  endfacet
  facet normal 0.130526065826 -1.13739409002e-08 0.991444885731
    outer loop
      vertex -15.5385293961 -3.97332978249 25
      vertex -15.9267578125 -4.02444124222 25
      vertex -15.7149972916 -3.99656224251 22.5000019073
    endloop
  endfacet
  facet normal 0.130525901914 0 0.991444885731
    outer loop
      vertex -15.5385293961 -3.97332978249 25
      vertex -15.7149972916 -3.99656224251 22.5000019073
      vertex -15.5385293961 -3.97332978249 22.5000019073
    endloop
  endfacet
  facet normal -0.13052546978 0 0.991444945335
    outer loop
      vertex -15.5385293961 -3.97332978249 22.5000019073
      vertex -15.3267669678 -4.0012087822 22.5000019073
      vertex -15.5385293961 -3.97332978249 25
    endloop
  endfacet
  facet normal -0.130525663495 -1.70608593919e-08 0.991444945335
    outer loop
      vertex -15.1502990723 -4.02444124222 25
      vertex -15.5385293961 -3.97332978249 25
      vertex -15.3267669678 -4.0012087822 22.5000019073
    endloop
  endfacet
  facet normal -0.130525901914 0 0.991444885731
    outer loop
      vertex -15.1502990723 -4.02444124222 25
      vertex -15.3267669678 -4.0012087822 22.5000019073
      vertex -15.1502990723 -4.02444124222 22.5000019073
    endloop
  endfacet
  facet normal -0.382685482502 0 0.923878669739
    outer loop
      vertex -15.1502990723 -4.02444124222 22.5000019073
      vertex -14.9529705048 -4.10617780685 22.5000019073
      vertex -15.1502990723 -4.02444124222 25
    endloop
  endfacet
  facet normal -0.382685005665 4.37061338232e-08 0.923878908157
    outer loop
      vertex -14.7885293961 -4.17429161072 25
      vertex -15.1502990723 -4.02444124222 25
      vertex -14.9529705048 -4.10617780685 22.5000019073
    endloop
  endfacet
  facet normal -0.382684439421 0 0.923879146576
    outer loop
      vertex -14.7885293961 -4.17429161072 25
      vertex -14.9529705048 -4.10617780685 22.5000019073
      vertex -14.7885293961 -4.17429161072 22.5000019073
    endloop
  endfacet
  facet normal -0.608761489391 0 0.793353319168
    outer loop
      vertex -14.7885293961 -4.17429161072 22.5000019073
      vertex -14.6190786362 -4.30431652069 22.5000019073
      vertex -14.7885293961 -4.17429161072 25
    endloop
  endfacet
  facet normal 0 -1 0
    outer loop
      vertex -13.7799863815 -3.04278850555 22.5000019073
      vertex -14.6190786362 -4.30431652069 22.5000019073
      vertex -14.7885293961 -4.17429161072 22.5000019073
    endloop
  endfacet
  facet normal 0 -1 0
    outer loop
      vertex -14.3219413757 -2.7310833931 22.5000019073
      vertex -13.7799863815 -3.04278850555 22.5000019073
      vertex -14.7885293961 -4.17429161072 22.5000019073
    endloop
  endfacet
  facet normal 0 -1 0
    outer loop
      vertex -14.3219413757 -2.7310833931 22.5000019073
      vertex -14.7885293961 -4.17429161072 22.5000019073
      vertex -14.9529705048 -4.10617780685 22.5000019073
    endloop
  endfacet
  facet normal 0 -1 0
    outer loop
      vertex -14.3219413757 -2.7310833931 22.5000019073
      vertex -14.9529705048 -4.10617780685 22.5000019073
      vertex -15.1502990723 -4.02444124222 22.5000019073
    endloop
  endfacet
  facet normal 0 -1 0
    outer loop
      vertex -14.9167327881 -2.53847575188 22.5000019073
      vertex -14.3219413757 -2.7310833931 22.5000019073
      vertex -15.1502990723 -4.02444124222 22.5000019073
    endloop
  endfacet
  facet normal 0 -1 0
    outer loop
      vertex -14.9167327881 -2.53847575188 22.5000019073
      vertex -15.1502990723 -4.02444124222 22.5000019073
      vertex -15.3267669678 -4.0012087822 22.5000019073
    endloop
  endfacet
  facet normal 0 -1 0
    outer loop
      vertex -15.5385293961 -2.47332978249 22.5000019073
      vertex -14.9167327881 -2.53847575188 22.5000019073
      vertex -15.3267669678 -4.0012087822 22.5000019073
    endloop
  endfacet
  facet normal 0 -1 0
    outer loop
      vertex -15.5385293961 -2.47332978249 22.5000019073
      vertex -15.3267669678 -4.0012087822 22.5000019073
      vertex -15.5385293961 -3.97332978249 22.5000019073
    endloop
  endfacet
  facet normal 0 -1 0
    outer loop
      vertex -15.5385293961 -2.47332978249 22.5000019073
      vertex -15.5385293961 -3.97332978249 22.5000019073
      vertex -15.7149972916 -3.99656224251 22.5000019073
    endloop
  endfacet
  facet normal 0 -1 0
    outer loop
      vertex -15.5385293961 -2.47332978249 22.5000019073
      vertex -15.7149972916 -3.99656224251 22.5000019073
      vertex -15.9267578125 -4.02444124222 22.5000019073
    endloop
  endfacet
  facet normal 0 -1 0
    outer loop
      vertex -15.5385293961 -2.47332978249 22.5000019073
      vertex -15.9267578125 -4.02444124222 22.5000019073
      vertex -16.0911979675 -4.09255504608 22.5000019073
    endloop
  endfacet
  facet normal 0 -1 0
    outer loop
      vertex -15.5385293961 -2.47332978249 22.5000019073
      vertex -16.0911979675 -4.09255504608 22.5000019073
      vertex -16.2885284424 -4.17429161072 22.5000019073
    endloop
  endfacet
  facet normal 0 -1 0
    outer loop
      vertex -15.5385293961 -2.47332978249 22.5000019073
      vertex -16.2885284424 -4.17429161072 22.5000019073
      vertex -19.4503059387 -2.47333049774 22.5000019073
    endloop
  endfacet
  facet normal -1.53148221216e-07 -0 -1
    outer loop
      vertex -15.5385293961 -2.47332978249 25
      vertex -15.5385293961 -2.47332978249 22.5000019073
      vertex -19.4503059387 -2.47333049774 22.5000019073
    endloop
  endfacet
  facet normal 0.104200184345 0 -0.994556367397
    outer loop
      vertex -15.5385293961 -2.47332978249 22.5000019073
      vertex -15.5385293961 -2.47332978249 25
      vertex -14.9167327881 -2.53847575188 22.5000019073
    endloop
  endfacet
  facet normal 0.104200184345 0 -0.994556367397
    outer loop
      vertex -14.9167327881 -2.53847575188 25
      vertex -14.9167327881 -2.53847575188 22.5000019073
      vertex -15.5385293961 -2.47332978249 25
    endloop
  endfacet
  facet normal 0 1 0
    outer loop
      vertex -15.5385293961 -3.97332978249 25
      vertex -14.9167327881 -2.53847575188 25
      vertex -15.5385293961 -2.47332978249 25
    endloop
  endfacet
  facet normal 0 1 -0
    outer loop
      vertex -15.5385293961 -2.47332978249 25
      vertex -15.9267578125 -4.02444124222 25
      vertex -15.5385293961 -3.97332978249 25
    endloop
  endfacet
  facet normal 0 1 0
    outer loop
      vertex -15.5385293961 -2.47332978249 25
      vertex -16.2885284424 -4.17429161072 25
      vertex -15.9267578125 -4.02444124222 25
    endloop
  endfacet
  facet normal 0 1 0
    outer loop
      vertex -19.4503059387 -2.47332978249 25
      vertex -16.2885284424 -4.17429161072 25
      vertex -15.5385293961 -2.47332978249 25
    endloop
  endfacet
  facet normal 0 1 0
    outer loop
      vertex -16.2885284424 -4.17429161072 25
      vertex -19.4503059387 -2.47332978249 25
      vertex -16.5991897583 -4.41266965866 25
    endloop
  endfacet
  facet normal 0 1 0
    outer loop
      vertex -16.5991897583 -4.41266965866 25
      vertex -19.4503059387 -2.47332978249 25
      vertex -19.4503059387 -3.41612052917 25
    endloop
  endfacet
  facet normal 0 1 0
    outer loop
      vertex -16.5991897583 -4.41266965866 25
      vertex -19.4503059387 -3.41612052917 25
      vertex -16.8375663757 -4.72332954407 25
    endloop
  endfacet
  facet normal 0 1 0
    outer loop
      vertex -16.8375663757 -4.72332954407 25
      vertex -19.4503059387 -3.41612052917 25
      vertex -19.5173511505 -4.48161315918 25
    endloop
  endfacet
  facet normal 0 1 0
    outer loop
      vertex -16.8375663757 -4.72332954407 25
      vertex -19.5173511505 -4.48161315918 25
      vertex -16.9874172211 -5.08510160446 25
    endloop
  endfacet
  facet normal 0 1 0
    outer loop
      vertex -16.9874172211 -5.08510160446 25
      vertex -19.5173511505 -4.48161315918 25
      vertex -17.0385284424 -5.47333049774 25
    endloop
  endfacet
  facet normal 0 1 0
    outer loop
      vertex -17.0385284424 -5.47333049774 25
      vertex -19.5173511505 -4.48161315918 25
      vertex -19.7174282074 -5.53029823303 25
    endloop
  endfacet
  facet normal 0 1 -0
    outer loop
      vertex -17.0385284424 -5.47333049774 25
      vertex -19.7174282074 -5.53029823303 25
      vertex -16.9874172211 -5.86155796051 25
    endloop
  endfacet
  facet normal 0 1 0
    outer loop
      vertex -16.9874172211 -5.86155796051 25
      vertex -19.7174282074 -5.53029823303 25
      vertex -20.0473842621 -6.54562997818 25
    endloop
  endfacet
  facet normal 0 1 -0
    outer loop
      vertex -16.9874172211 -5.86155796051 25
      vertex -20.0473842621 -6.54562997818 25
      vertex -16.8375663757 -6.2233300209 25
    endloop
  endfacet
  facet normal 0 1 -0
    outer loop
      vertex -16.8375663757 -6.2233300209 25
      vertex -20.0473842621 -6.54562997818 25
      vertex -16.5991897583 -6.53398990631 25
    endloop
  endfacet
  facet normal 0 1 0
    outer loop
      vertex -16.5991897583 -6.53398990631 25
      vertex -20.0473842621 -6.54562997818 25
      vertex -20.5020103455 -7.51159381866 25
    endloop
  endfacet
  facet normal 0 1 -0
    outer loop
      vertex -16.5991897583 -6.53398990631 25
      vertex -20.5020103455 -7.51159381866 25
      vertex -16.1876335144 -11.4439611435 25
    endloop
  endfacet
  facet normal 0 1 0
    outer loop
      vertex -16.5991897583 -6.53398990631 25
      vertex -16.1876335144 -11.4439611435 25
      vertex -16.2885284424 -6.77236795425 25
    endloop
  endfacet
  facet normal 0 1 0
    outer loop
      vertex -16.2885284424 -6.77236795425 25
      vertex -16.1876335144 -11.4439611435 25
      vertex -15.3897123337 -10.8400325775 25
    endloop
  endfacet
  facet normal 0 1 0
    outer loop
      vertex -16.2885284424 -6.77236795425 25
      vertex -15.3897123337 -10.8400325775 25
      vertex -15.9267578125 -6.92221879959 25
    endloop
  endfacet
  facet normal 0 1 0
    outer loop
      vertex -15.9267578125 -6.92221879959 25
      vertex -15.3897123337 -10.8400325775 25
      vertex -15.5385293961 -6.9733300209 25
    endloop
  endfacet
  facet normal 0 1 0
    outer loop
      vertex -15.5385293961 -6.9733300209 25
      vertex -15.3897123337 -10.8400325775 25
      vertex -14.5263442993 -10.334066391 25
    endloop
  endfacet
  facet normal -0 1 0
    outer loop
      vertex -15.5385293961 -6.9733300209 25
      vertex -14.5263442993 -10.334066391 25
      vertex -15.1502990723 -6.92221879959 25
    endloop
  endfacet
  facet normal 0 1 0
    outer loop
      vertex -15.1502990723 -6.92221879959 25
      vertex -14.5263442993 -10.334066391 25
      vertex -13.6094970703 -9.9330739975 25
    endloop
  endfacet
  facet normal -0 1 0
    outer loop
      vertex -15.1502990723 -6.92221879959 25
      vertex -13.6094970703 -9.9330739975 25
      vertex -14.7885293961 -6.77236795425 25
    endloop
  endfacet
  facet normal -0 1 0
    outer loop
      vertex -14.7885293961 -6.77236795425 25
      vertex -13.6094970703 -9.9330739975 25
      vertex -14.4778690338 -6.53398990631 25
    endloop
  endfacet
  facet normal 0 1 0
    outer loop
      vertex -14.4778690338 -6.53398990631 25
      vertex -13.6094970703 -9.9330739975 25
      vertex -12.6518745422 -9.64261245728 25
    endloop
  endfacet
  facet normal -0 1 0
    outer loop
      vertex -14.4778690338 -6.53398990631 25
      vertex -12.6518745422 -9.64261245728 25
      vertex -14.239490509 -6.2233300209 25
    endloop
  endfacet
  facet normal 0 1 0
    outer loop
      vertex -14.239490509 -6.2233300209 25
      vertex -12.6518745422 -9.64261245728 25
      vertex -11.6667528152 -9.46671199799 25
    endloop
  endfacet
  facet normal -0 1 0
    outer loop
      vertex -14.239490509 -6.2233300209 25
      vertex -11.6667528152 -9.46671199799 25
      vertex -14.0896396637 -5.86155796051 25
    endloop
  endfacet
  facet normal -0 1 0
    outer loop
      vertex -14.0896396637 -5.86155796051 25
      vertex -11.6667528152 -9.46671199799 25
      vertex -12.9454221725 -3.96475529671 25
    endloop
  endfacet
  facet normal 0 1 0
    outer loop
      vertex -14.0896396637 -5.86155796051 25
      vertex -12.9454221725 -3.96475529671 25
      vertex -14.0385284424 -5.47333049774 25
    endloop
  endfacet
  facet normal 0 1 0
    outer loop
      vertex -14.0385284424 -5.47333049774 25
      vertex -12.9454221725 -3.96475529671 25
      vertex -14.0896396637 -5.08510160446 25
    endloop
  endfacet
  facet normal 0 1 0
    outer loop
      vertex -14.0896396637 -5.08510160446 25
      vertex -12.9454221725 -3.96475529671 25
      vertex -14.239490509 -4.72332954407 25
    endloop
  endfacet
  facet normal 0 1 0
    outer loop
      vertex -14.239490509 -4.72332954407 25
      vertex -12.9454221725 -3.96475529671 25
      vertex -13.3144073486 -3.46005296707 25
    endloop
  endfacet
  facet normal 0 1 0
    outer loop
      vertex -14.239490509 -4.72332954407 25
      vertex -13.3144073486 -3.46005296707 25
      vertex -14.4778690338 -4.41266965866 25
    endloop
  endfacet
  facet normal 0 1 0
    outer loop
      vertex -11.6667528152 -9.46671199799 25
      vertex -10.6677846909 -9.40780544281 25
      vertex -12.9454221725 -3.96475529671 25
    endloop
  endfacet
  facet normal 0 1 0
    outer loop
      vertex -16.1876335144 -11.4439611435 25
      vertex -20.5020103455 -7.51159381866 25
      vertex -16.9090461731 -12.1374797821 25
    endloop
  endfacet
  facet normal 0 1 0
    outer loop
      vertex -16.9090461731 -12.1374797821 25
      vertex -20.5020103455 -7.51159381866 25
      vertex -21.074136734 -8.4129486084 25
    endloop
  endfacet
  facet normal 0 1 0
    outer loop
      vertex -16.9090461731 -12.1374797821 25
      vertex -21.074136734 -8.4129486084 25
      vertex -17.5439548492 -12.9109773636 25
    endloop
  endfacet
  facet normal 0 1 0
    outer loop
      vertex -17.5439548492 -12.9109773636 25
      vertex -21.074136734 -8.4129486084 25
      vertex -28.2746696472 -27.6775856018 25
    endloop
  endfacet
  facet normal 0 1 0
    outer loop
      vertex -28.2746696472 -27.6775856018 25
      vertex -21.074136734 -8.4129486084 25
      vertex -32.7239532471 -24.4443435669 25
    endloop
  endfacet
  facet normal 0 1 0
    outer loop
      vertex -28.2746696472 -27.6775856018 25
      vertex -32.7239532471 -24.4443435669 25
      vertex -28.6593971252 -28.1047878265 25
    endloop
  endfacet
  facet normal 0 1 0
    outer loop
      vertex -28.6593971252 -28.1047878265 25
      vertex -32.7239532471 -24.4443435669 25
      vertex -29.1245384216 -28.4426651001 25
    endloop
  endfacet
  facet normal 0 1 0
    outer loop
      vertex -29.1245384216 -28.4426651001 25
      vertex -32.7239532471 -24.4443435669 25
      vertex -29.6497612 -28.6764507294 25
    endloop
  endfacet
  facet normal 0 1 0
    outer loop
      vertex -29.6497612 -28.6764507294 25
      vertex -32.7239532471 -24.4443435669 25
      vertex -30.2121181488 -28.7959270477 25
    endloop
  endfacet
  facet normal 0 1 0
    outer loop
      vertex -30.2121181488 -28.7959270477 25
      vertex -32.7239532471 -24.4443435669 25
      vertex -30.787021637 -28.7958717346 25
    endloop
  endfacet
  facet normal 0 1 0
    outer loop
      vertex -30.787021637 -28.7958717346 25
      vertex -32.7239532471 -24.4443435669 25
      vertex -31.3493556976 -28.6762886047 25
    endloop
  endfacet
  facet normal 0 1 0
    outer loop
      vertex -31.3493556976 -28.6762886047 25
      vertex -32.7239532471 -24.4443435669 25
      vertex -31.8745384216 -28.4424037933 25
    endloop
  endfacet
  facet normal 0 1 0
    outer loop
      vertex -31.8745384216 -28.4424037933 25
      vertex -32.7239532471 -24.4443435669 25
      vertex -32.3396148682 -28.1044387817 25
    endloop
  endfacet
  facet normal 0 1 0
    outer loop
      vertex -32.3396148682 -28.1044387817 25
      vertex -32.7239532471 -24.4443435669 25
      vertex -32.7242622375 -27.6771621704 25
    endloop
  endfacet
  facet normal 0 1 0
    outer loop
      vertex -32.7242622375 -27.6771621704 25
      vertex -32.7239532471 -24.4443435669 25
      vertex -33.0114555359 -24.942199707 25
    endloop
  endfacet
  facet normal 0 1 0
    outer loop
      vertex -32.7242622375 -27.6771621704 25
      vertex -33.0114555359 -24.942199707 25
      vertex -33.0116691589 -27.1792507172 25
    endloop
  endfacet
  facet normal 0 1 0
    outer loop
      vertex -33.0116691589 -27.1792507172 25
      vertex -33.0114555359 -24.942199707 25
      vertex -33.189163208 -25.4889526367 25
    endloop
  endfacet
  facet normal 0 1 0
    outer loop
      vertex -33.0116691589 -27.1792507172 25
      vertex -33.189163208 -25.4889526367 25
      vertex -33.1892700195 -26.6324653625 25
    endloop
  endfacet
  facet normal 0 1 0
    outer loop
      vertex -33.1892700195 -26.6324653625 25
      vertex -33.189163208 -25.4889526367 25
      vertex -33.2493095398 -26.0607032776 25
    endloop
  endfacet
  facet normal 0 1 0
    outer loop
      vertex -15.1502990723 -4.02444124222 25
      vertex -14.9167327881 -2.53847575188 25
      vertex -15.5385293961 -3.97332978249 25
    endloop
  endfacet
  facet normal 0 1 0
    outer loop
      vertex -15.1502990723 -4.02444124222 25
      vertex -14.3219413757 -2.7310833931 25
      vertex -14.9167327881 -2.53847575188 25
    endloop
  endfacet
  facet normal 0.308073610067 0 -0.951362550259
    outer loop
      vertex -14.3219413757 -2.7310833931 25
      vertex -14.3219413757 -2.7310833931 22.5000019073
      vertex -14.9167327881 -2.53847575188 25
    endloop
  endfacet
  facet normal 0.308073610067 0 -0.951362550259
    outer loop
      vertex -14.9167327881 -2.53847575188 22.5000019073
      vertex -14.9167327881 -2.53847575188 25
      vertex -14.3219413757 -2.7310833931 22.5000019073
    endloop
  endfacet
  facet normal 0.498568952084 0 -0.866850018501
    outer loop
      vertex -14.3219413757 -2.7310833931 22.5000019073
      vertex -14.3219413757 -2.7310833931 25
      vertex -13.7799863815 -3.04278850555 22.5000019073
    endloop
  endfacet
  facet normal 0.498568952084 0 -0.866850018501
    outer loop
      vertex -13.7799863815 -3.04278850555 25
      vertex -13.7799863815 -3.04278850555 22.5000019073
      vertex -14.3219413757 -2.7310833931 25
    endloop
  endfacet
  facet normal 0 1 0
    outer loop
      vertex -14.7885293961 -4.17429161072 25
      vertex -13.7799863815 -3.04278850555 25
      vertex -14.3219413757 -2.7310833931 25
    endloop
  endfacet
  facet normal 0 1 0
    outer loop
      vertex -14.7885293961 -4.17429161072 25
      vertex -14.3219413757 -2.7310833931 25
      vertex -15.1502990723 -4.02444124222 25
    endloop
  endfacet
  facet normal 0.667409777641 0 -0.744690656662
    outer loop
      vertex -13.7799863815 -3.04278850555 22.5000019073
      vertex -13.7799863815 -3.04278850555 25
      vertex -13.3144073486 -3.46005249023 22.5000019073
    endloop
  endfacet
  facet normal 0 -1 0
    outer loop
      vertex -13.7799863815 -3.04278850555 22.5000019073
      vertex -13.3144073486 -3.46005249023 22.5000019073
      vertex -14.4778690338 -4.41266965866 22.5000019073
    endloop
  endfacet
  facet normal 0 -1 0
    outer loop
      vertex -13.7799863815 -3.04278850555 22.5000019073
      vertex -14.4778690338 -4.41266965866 22.5000019073
      vertex -14.6190786362 -4.30431652069 22.5000019073
    endloop
  endfacet
  facet normal 0 -1 0
    outer loop
      vertex -13.3144073486 -3.46005249023 22.5000019073
      vertex -14.3478441238 -4.58212137222 22.5000019073
      vertex -14.4778690338 -4.41266965866 22.5000019073
    endloop
  endfacet
  facet normal 0 -1 0
    outer loop
      vertex -13.3144073486 -3.46005249023 22.5000019073
      vertex -12.9454221725 -3.9647564888 22.5000019073
      vertex -14.3478441238 -4.58212137222 22.5000019073
    endloop
  endfacet
  facet normal 0 -1 0
    outer loop
      vertex -12.9454221725 -3.9647564888 22.5000019073
      vertex -14.239490509 -4.72332954407 22.5000019073
      vertex -14.3478441238 -4.58212137222 22.5000019073
    endloop
  endfacet
  facet normal 0 -1 0
    outer loop
      vertex -12.9454221725 -3.9647564888 22.5000019073
      vertex -14.1577548981 -4.92066001892 22.5000019073
      vertex -14.239490509 -4.72332954407 22.5000019073
    endloop
  endfacet
  facet normal 0 -1 0
    outer loop
      vertex -12.9454221725 -3.9647564888 22.5000019073
      vertex -14.0896396637 -5.08510160446 22.5000019073
      vertex -14.1577548981 -4.92066001892 22.5000019073
    endloop
  endfacet
  facet normal 0 -1 0
    outer loop
      vertex -12.9454221725 -3.9647564888 22.5000019073
      vertex -14.0617609024 -5.29686260223 22.5000019073
      vertex -14.0896396637 -5.08510160446 22.5000019073
    endloop
  endfacet
  facet normal 0 -1 0
    outer loop
      vertex -12.9454221725 -3.9647564888 22.5000019073
      vertex -14.0385284424 -5.47333049774 22.5000019073
      vertex -14.0617609024 -5.29686260223 22.5000019073
    endloop
  endfacet
  facet normal 0 -1 0
    outer loop
      vertex -12.9454221725 -3.9647564888 22.5000019073
      vertex -14.0664081573 -5.68509149551 22.5000019073
      vertex -14.0385284424 -5.47333049774 22.5000019073
    endloop
  endfacet
  facet normal 0 -1 0
    outer loop
      vertex -12.9454221725 -3.9647564888 22.5000019073
      vertex -14.0896396637 -5.86155796051 22.5000019073
      vertex -14.0664081573 -5.68509149551 22.5000019073
    endloop
  endfacet
  facet normal 0 -1 0
    outer loop
      vertex -12.9454221725 -3.9647564888 22.5000019073
      vertex -11.0499582291 -9.42654705048 22.5000019073
      vertex -14.0896396637 -5.86155796051 22.5000019073
    endloop
  endfacet
  facet normal -0 -1 0
    outer loop
      vertex -11.0499582291 -9.42654705048 22.5000019073
      vertex -11.5898962021 -9.45838546753 22.5000019073
      vertex -14.0896396637 -5.86155796051 22.5000019073
    endloop
  endfacet
  facet normal 0 -1 0
    outer loop
      vertex -11.5898962021 -9.45838546753 22.5000019073
      vertex -14.1713762283 -6.05888843536 22.5000019073
      vertex -14.0896396637 -5.86155796051 22.5000019073
    endloop
  endfacet
  facet normal 0 -1 0
    outer loop
      vertex -11.5898962021 -9.45838546753 22.5000019073
      vertex -14.239490509 -6.2233300209 22.5000019073
      vertex -14.1713762283 -6.05888843536 22.5000019073
    endloop
  endfacet
  facet normal -0 -1 0
    outer loop
      vertex -11.5898962021 -9.45838546753 22.5000019073
      vertex -11.9753189087 -9.51552867889 22.5000019073
      vertex -14.239490509 -6.2233300209 22.5000019073
    endloop
  endfacet
  facet normal -0 -1 0
    outer loop
      vertex -11.9753189087 -9.51552867889 22.5000019073
      vertex -12.4973907471 -9.60874843597 22.5000019073
      vertex -14.239490509 -6.2233300209 22.5000019073
    endloop
  endfacet
  facet normal 0 -1 0
    outer loop
      vertex -12.4973907471 -9.60874843597 22.5000019073
      vertex -14.369515419 -6.39278173447 22.5000019073
      vertex -14.239490509 -6.2233300209 22.5000019073
    endloop
  endfacet
  facet normal 0 -1 0
    outer loop
      vertex -12.4973907471 -9.60874843597 22.5000019073
      vertex -14.4778690338 -6.53398990631 22.5000019073
      vertex -14.369515419 -6.39278173447 22.5000019073
    endloop
  endfacet
  facet normal -0 -1 0
    outer loop
      vertex -12.4973907471 -9.60874843597 22.5000019073
      vertex -12.8860006332 -9.70610237122 22.5000019073
      vertex -14.4778690338 -6.53398990631 22.5000019073
    endloop
  endfacet
  facet normal 0 -1 0
    outer loop
      vertex -12.8860006332 -9.70610237122 22.5000019073
      vertex -14.6473197937 -6.66401433945 22.5000019073
      vertex -14.4778690338 -6.53398990631 22.5000019073
    endloop
  endfacet
  facet normal -0 -1 0
    outer loop
      vertex -12.8860006332 -9.70610237122 22.5000019073
      vertex -13.3757305145 -9.85464477539 22.5000019073
      vertex -14.6473197937 -6.66401433945 22.5000019073
    endloop
  endfacet
  facet normal 0 -1 0
    outer loop
      vertex -13.3757305145 -9.85464477539 22.5000019073
      vertex -14.7885293961 -6.77236795425 22.5000019073
      vertex -14.6473197937 -6.66401433945 22.5000019073
    endloop
  endfacet
  facet normal -0 -1 0
    outer loop
      vertex -13.3757305145 -9.85464477539 22.5000019073
      vertex -13.767537117 -9.99486446381 22.5000019073
      vertex -14.7885293961 -6.77236795425 22.5000019073
    endloop
  endfacet
  facet normal 0 -1 0
    outer loop
      vertex -13.767537117 -9.99486446381 22.5000019073
      vertex -14.9858589172 -6.85410404205 22.5000019073
      vertex -14.7885293961 -6.77236795425 22.5000019073
    endloop
  endfacet
  facet normal 0 -1 0
    outer loop
      vertex -13.767537117 -9.99486446381 22.5000019073
      vertex -15.1502990723 -6.92221879959 22.5000019073
      vertex -14.9858589172 -6.85410404205 22.5000019073
    endloop
  endfacet
  facet normal -0 -1 0
    outer loop
      vertex -13.767537117 -9.99486446381 22.5000019073
      vertex -14.210474968 -10.1885881424 22.5000019073
      vertex -15.1502990723 -6.92221879959 22.5000019073
    endloop
  endfacet
  facet normal 0 -1 0
    outer loop
      vertex -14.210474968 -10.1885881424 22.5000019073
      vertex -15.3620615005 -6.95009756088 22.5000019073
      vertex -15.1502990723 -6.92221879959 22.5000019073
    endloop
  endfacet
  facet normal -0 -1 0
    outer loop
      vertex -14.210474968 -10.1885881424 22.5000019073
      vertex -14.6055278778 -10.3753519058 22.5000019073
      vertex -15.3620615005 -6.95009756088 22.5000019073
    endloop
  endfacet
  facet normal 0 -1 0
    outer loop
      vertex -14.6055278778 -10.3753519058 22.5000019073
      vertex -15.5385293961 -6.9733300209 22.5000019073
      vertex -15.3620615005 -6.95009756088 22.5000019073
    endloop
  endfacet
  facet normal -0 -1 0
    outer loop
      vertex -14.6055278778 -10.3753519058 22.5000019073
      vertex -15.0546045303 -10.6433067322 22.5000019073
      vertex -15.5385293961 -6.9733300209 22.5000019073
    endloop
  endfacet
  facet normal 0 -1 0
    outer loop
      vertex -15.0546045303 -10.6433067322 22.5000019073
      vertex -15.750289917 -6.94545078278 22.5000019073
      vertex -15.5385293961 -6.9733300209 22.5000019073
    endloop
  endfacet
  facet normal 0 -1 0
    outer loop
      vertex -15.0546045303 -10.6433067322 22.5000019073
      vertex -15.9267578125 -6.92221879959 22.5000019073
      vertex -15.750289917 -6.94545078278 22.5000019073
    endloop
  endfacet
  facet normal -0 -1 0
    outer loop
      vertex -15.0546045303 -10.6433067322 22.5000019073
      vertex -15.3855199814 -10.8372354507 22.5000019073
      vertex -15.9267578125 -6.92221879959 22.5000019073
    endloop
  endfacet
  facet normal 0 -1 0
    outer loop
      vertex -15.3855199814 -10.8372354507 22.5000019073
      vertex -16.12408638 -6.84048223495 22.5000019073
      vertex -15.9267578125 -6.92221879959 22.5000019073
    endloop
  endfacet
  facet normal -0 -1 0
    outer loop
      vertex -15.3855199814 -10.8372354507 22.5000019073
      vertex -15.8552179337 -11.1848249435 22.5000019073
      vertex -16.12408638 -6.84048223495 22.5000019073
    endloop
  endfacet
  facet normal 0 -1 0
    outer loop
      vertex -15.8552179337 -11.1848249435 22.5000019073
      vertex -16.2885284424 -6.77236795425 22.5000019073
      vertex -16.12408638 -6.84048223495 22.5000019073
    endloop
  endfacet
  facet normal -0 -1 0
    outer loop
      vertex -15.8552179337 -11.1848249435 22.5000019073
      vertex -16.0925521851 -11.3644580841 22.5000019073
      vertex -16.2885284424 -6.77236795425 22.5000019073
    endloop
  endfacet
  facet normal 0 -1 0
    outer loop
      vertex -16.0925521851 -11.3644580841 22.5000019073
      vertex -20.6204586029 -7.71547937393 22.5000019073
      vertex -16.2885284424 -6.77236795425 22.5000019073
    endloop
  endfacet
  facet normal 0 -1 0
    outer loop
      vertex -20.6204586029 -7.71547937393 22.5000019073
      vertex -16.4579811096 -6.64234352112 22.5000019073
      vertex -16.2885284424 -6.77236795425 22.5000019073
    endloop
  endfacet
  facet normal 0 -1 0
    outer loop
      vertex -20.6204586029 -7.71547937393 22.5000019073
      vertex -20.4336872101 -7.38257551193 22.5000019073
      vertex -16.4579811096 -6.64234352112 22.5000019073
    endloop
  endfacet
  facet normal 0 -1 0
    outer loop
      vertex -20.4336872101 -7.38257551193 22.5000019073
      vertex -16.5991897583 -6.53398990631 22.5000019073
      vertex -16.4579811096 -6.64234352112 22.5000019073
    endloop
  endfacet
  facet normal 0 -1 0
    outer loop
      vertex -20.4336872101 -7.38257551193 22.5000019073
      vertex -20.2275829315 -6.94465875626 22.5000019073
      vertex -16.5991897583 -6.53398990631 22.5000019073
    endloop
  endfacet
  facet normal 0 -1 0
    outer loop
      vertex -20.2275829315 -6.94465875626 22.5000019073
      vertex -16.7292137146 -6.36453819275 22.5000019073
      vertex -16.5991897583 -6.53398990631 22.5000019073
    endloop
  endfacet
  facet normal 0 -1 0
    outer loop
      vertex -20.2275829315 -6.94465875626 22.5000019073
      vertex -20.0732135773 -6.60939025879 22.5000019073
      vertex -16.7292137146 -6.36453819275 22.5000019073
    endloop
  endfacet
  facet normal 0 -1 0
    outer loop
      vertex -20.0732135773 -6.60939025879 22.5000019073
      vertex -16.8375663757 -6.2233300209 22.5000019073
      vertex -16.7292137146 -6.36453819275 22.5000019073
    endloop
  endfacet
  facet normal 0 -1 0
    outer loop
      vertex -20.0732135773 -6.60939025879 22.5000019073
      vertex -19.9584083557 -6.29853391647 22.5000019073
      vertex -16.8375663757 -6.2233300209 22.5000019073
    endloop
  endfacet
  facet normal 0 -1 0
    outer loop
      vertex -19.9584083557 -6.29853391647 22.5000019073
      vertex -16.919303894 -6.02600002289 22.5000019073
      vertex -16.8375663757 -6.2233300209 22.5000019073
    endloop
  endfacet
  facet normal 0 -1 0
    outer loop
      vertex -19.9584083557 -6.29853391647 22.5000019073
      vertex -16.9874172211 -5.86155796051 22.5000019073
      vertex -16.919303894 -6.02600002289 22.5000019073
    endloop
  endfacet
  facet normal 0 -1 0
    outer loop
      vertex -19.9584083557 -6.29853391647 22.5000019073
      vertex -19.7907104492 -5.78249359131 22.5000019073
      vertex -16.9874172211 -5.86155796051 22.5000019073
    endloop
  endfacet
  facet normal 0 -1 0
    outer loop
      vertex -19.7907104492 -5.78249359131 22.5000019073
      vertex -19.7021408081 -5.46876192093 22.5000019073
      vertex -16.9874172211 -5.86155796051 22.5000019073
    endloop
  endfacet
  facet normal 0 -1 0
    outer loop
      vertex -19.7021408081 -5.46876192093 22.5000019073
      vertex -17.015296936 -5.64979696274 22.5000019073
      vertex -16.9874172211 -5.86155796051 22.5000019073
    endloop
  endfacet
  facet normal 0 -1 0
    outer loop
      vertex -19.7021408081 -5.46876192093 22.5000019073
      vertex -17.0385284424 -5.47333049774 22.5000019073
      vertex -17.015296936 -5.64979696274 22.5000019073
    endloop
  endfacet
  facet normal 0 -1 0
    outer loop
      vertex -19.7021408081 -5.46876192093 22.5000019073
      vertex -19.6421585083 -5.166888237 22.5000019073
      vertex -17.0385284424 -5.47333049774 22.5000019073
    endloop
  endfacet
  facet normal 0 -1 0
    outer loop
      vertex -19.6421585083 -5.166888237 22.5000019073
      vertex -17.0106506348 -5.26156949997 22.5000019073
      vertex -17.0385284424 -5.47333049774 22.5000019073
    endloop
  endfacet
  facet normal 0 -1 0
    outer loop
      vertex -19.6421585083 -5.166888237 22.5000019073
      vertex -19.5347900391 -4.60412693024 22.5000019073
      vertex -17.0106506348 -5.26156949997 22.5000019073
    endloop
  endfacet
  facet normal 0 -1 0
    outer loop
      vertex -19.5347900391 -4.60412693024 22.5000019073
      vertex -16.9874172211 -5.08510160446 22.5000019073
      vertex -17.0106506348 -5.26156949997 22.5000019073
    endloop
  endfacet
  facet normal 0 -1 0
    outer loop
      vertex -19.5347900391 -4.60412693024 22.5000019073
      vertex -19.4987010956 -4.29961490631 22.5000019073
      vertex -16.9874172211 -5.08510160446 22.5000019073
    endloop
  endfacet
  facet normal 0 -1 0
    outer loop
      vertex -19.4987010956 -4.29961490631 22.5000019073
      vertex -16.9056816101 -4.88777160645 22.5000019073
      vertex -16.9874172211 -5.08510160446 22.5000019073
    endloop
  endfacet
  facet normal 0 -1 0
    outer loop
      vertex -19.4987010956 -4.29961490631 22.5000019073
      vertex -16.8375663757 -4.72332954407 22.5000019073
      vertex -16.9056816101 -4.88777160645 22.5000019073
    endloop
  endfacet
  facet normal 0 -1 0
    outer loop
      vertex -19.4987010956 -4.29961490631 22.5000019073
      vertex -19.4622764587 -3.72075533867 22.5000019073
      vertex -16.8375663757 -4.72332954407 22.5000019073
    endloop
  endfacet
  facet normal 0 -1 0
    outer loop
      vertex -19.4622764587 -3.72075533867 22.5000019073
      vertex -16.7075443268 -4.55387830734 22.5000019073
      vertex -16.8375663757 -4.72332954407 22.5000019073
    endloop
  endfacet
  facet normal 0 -1 0
    outer loop
      vertex -19.4622764587 -3.72075533867 22.5000019073
      vertex -19.4503059387 -3.41612052917 22.5000019073
      vertex -16.7075443268 -4.55387830734 22.5000019073
    endloop
  endfacet
  facet normal 0 -1 0
    outer loop
      vertex -19.4503059387 -3.41612052917 22.5000019073
      vertex -16.5991897583 -4.41266965866 22.5000019073
      vertex -16.7075443268 -4.55387830734 22.5000019073
    endloop
  endfacet
  facet normal 0 -1 0
    outer loop
      vertex -19.4503059387 -3.41612052917 22.5000019073
      vertex -19.4503059387 -2.47333049774 22.5000019073
      vertex -16.5991897583 -4.41266965866 22.5000019073
    endloop
  endfacet
  facet normal 0 -1 0
    outer loop
      vertex -19.4503059387 -2.47333049774 22.5000019073
      vertex -16.4297370911 -4.28264522552 22.5000019073
      vertex -16.5991897583 -4.41266965866 22.5000019073
    endloop
  endfacet
  facet normal 0 -1 0
    outer loop
      vertex -19.4503059387 -2.47333049774 22.5000019073
      vertex -16.2885284424 -4.17429161072 22.5000019073
      vertex -16.4297370911 -4.28264522552 22.5000019073
    endloop
  endfacet
  facet normal -0 -1 0
    outer loop
      vertex -16.0925521851 -11.3644580841 22.5000019073
      vertex -16.5896110535 -11.8150129318 22.5000019073
      vertex -20.6204586029 -7.71547937393 22.5000019073
    endloop
  endfacet
  facet normal 0 -1 0
    outer loop
      vertex -16.5896110535 -11.8150129318 22.5000019073
      vertex -20.8558063507 -8.08625984192 22.5000019073
      vertex -20.6204586029 -7.71547937393 22.5000019073
    endloop
  endfacet
  facet normal 0 -1 0
    outer loop
      vertex -16.5896110535 -11.8150129318 22.5000019073
      vertex -21.074136734 -8.4129486084 22.5000019073
      vertex -20.8558063507 -8.08625984192 22.5000019073
    endloop
  endfacet
  facet normal -0 -1 0
    outer loop
      vertex -16.5896110535 -11.8150129318 22.5000019073
      vertex -16.7098464966 -11.9306001663 22.5000019073
      vertex -21.074136734 -8.4129486084 22.5000019073
    endloop
  endfacet
  facet normal -0 -1 0
    outer loop
      vertex -16.7098464966 -11.9306001663 22.5000019073
      vertex -16.9674835205 -12.2014684677 22.5000019073
      vertex -21.074136734 -8.4129486084 22.5000019073
    endloop
  endfacet
  facet normal -0 -1 0
    outer loop
      vertex -16.9674835205 -12.2014684677 22.5000019073
      vertex -17.2104740143 -12.4855527878 22.5000019073
      vertex -21.074136734 -8.4129486084 22.5000019073
    endloop
  endfacet
  facet normal 0 -1 0
    outer loop
      vertex -17.2104740143 -12.4855527878 22.5000019073
      vertex -21.80427742 -9.41770076752 22.5000019073
      vertex -21.074136734 -8.4129486084 22.5000019073
    endloop
  endfacet
  facet normal -0 -1 0
    outer loop
      vertex -17.2104740143 -12.4855527878 22.5000019073
      vertex -17.3162918091 -12.6144695282 22.5000019073
      vertex -21.80427742 -9.41770076752 22.5000019073
    endloop
  endfacet
  facet normal -0 -1 0
    outer loop
      vertex -17.3162918091 -12.6144695282 22.5000019073
      vertex -17.5439548492 -12.9109773636 22.5000019073
      vertex -21.80427742 -9.41770076752 22.5000019073
    endloop
  endfacet
  facet normal -0 -1 0
    outer loop
      vertex -17.5439548492 -12.9109773636 22.5000019073
      vertex -22.9172897339 -15.6272916794 22.5000019073
      vertex -21.80427742 -9.41770076752 22.5000019073
    endloop
  endfacet
  facet normal 0 -1 0
    outer loop
      vertex -21.80427742 -9.41770076752 22.5000019073
      vertex -22.9172897339 -15.6272916794 22.5000019073
      vertex -28.308511734 -18.3682231903 22.5000019073
    endloop
  endfacet
  facet normal 0 -1 0
    outer loop
      vertex -28.308511734 -18.3682231903 22.5000019073
      vertex -22.9172897339 -15.6272916794 22.5000019073
      vertex -24.0124092102 -21.8122634888 22.5000019073
    endloop
  endfacet
  facet normal 0 -1 0
    outer loop
      vertex -28.308511734 -18.3682231903 22.5000019073
      vertex -24.0124092102 -21.8122634888 22.5000019073
      vertex -27.0929870605 -21.3735027313 22.5000019073
    endloop
  endfacet
  facet normal 0 -1 0
    outer loop
      vertex -28.308511734 -18.3682231903 22.5000019073
      vertex -27.0929870605 -21.3735027313 22.5000019073
      vertex -30.2501583099 -21.0401363373 22.5000019073
    endloop
  endfacet
  facet normal 0 -1 0
    outer loop
      vertex -25.8008728027 -24.2733802795 22.5000019073
      vertex -30.2501583099 -21.0401363373 22.5000019073
      vertex -27.0929870605 -21.3735027313 22.5000019073
    endloop
  endfacet
  facet normal 0 -1 -0
    outer loop
      vertex -25.8008728027 -24.2733802795 22.5000019073
      vertex -27.0929870605 -21.3735027313 22.5000019073
      vertex -24.0124092102 -21.8122634888 22.5000019073
    endloop
  endfacet
  facet normal -0 -1 0
    outer loop
      vertex -25.8008728027 -24.2733802795 22.5000019073
      vertex -26.3301296234 -25.0016918182 22.5000019073
      vertex -30.2501583099 -21.0401363373 22.5000019073
    endloop
  endfacet
  facet normal 0 -1 0
    outer loop
      vertex -26.3301296234 -25.0016918182 22.5000019073
      vertex -30.779417038 -21.7684497833 22.5000019073
      vertex -30.2501583099 -21.0401363373 22.5000019073
    endloop
  endfacet
  facet normal 0 -1 0
    outer loop
      vertex -26.3301296234 -25.0016918182 22.5000019073
      vertex -31.1489906311 -22.2770252228 22.5000019073
      vertex -30.779417038 -21.7684497833 22.5000019073
    endloop
  endfacet
  facet normal -0 -1 0
    outer loop
      vertex -26.3301296234 -25.0016918182 22.5000019073
      vertex -26.6997032166 -25.5102672577 22.5000019073
      vertex -31.1489906311 -22.2770252228 22.5000019073
    endloop
  endfacet
  facet normal -0 -1 0
    outer loop
      vertex -26.6997032166 -25.5102672577 22.5000019073
      vertex -26.973449707 -25.8869667053 22.5000019073
      vertex -31.1489906311 -22.2770252228 22.5000019073
    endloop
  endfacet
  facet normal 0 -1 0
    outer loop
      vertex -26.973449707 -25.8869667053 22.5000019073
      vertex -31.4227333069 -22.6537265778 22.5000019073
      vertex -31.1489906311 -22.2770252228 22.5000019073
    endloop
  endfacet
  facet normal 0 -1 0
    outer loop
      vertex -26.973449707 -25.8869667053 22.5000019073
      vertex -31.634595871 -22.9452705383 22.5000019073
      vertex -31.4227333069 -22.6537265778 22.5000019073
    endloop
  endfacet
  facet normal -0 -1 0
    outer loop
      vertex -26.973449707 -25.8869667053 22.5000019073
      vertex -27.1853103638 -26.1785125732 22.5000019073
      vertex -31.634595871 -22.9452705383 22.5000019073
    endloop
  endfacet
  facet normal 0 -1 0
    outer loop
      vertex -27.1853103638 -26.1785125732 22.5000019073
      vertex -31.804315567 -23.1788234711 22.5000019073
      vertex -31.634595871 -22.9452705383 22.5000019073
    endloop
  endfacet
  facet normal -0 -1 0
    outer loop
      vertex -27.1853103638 -26.1785125732 22.5000019073
      vertex -27.3550300598 -26.4120674133 22.5000019073
      vertex -31.804315567 -23.1788234711 22.5000019073
    endloop
  endfacet
  facet normal -0 -1 0
    outer loop
      vertex -27.3550300598 -26.4120674133 22.5000019073
      vertex -28.2746696472 -27.6775856018 22.5000019073
      vertex -31.804315567 -23.1788234711 22.5000019073
    endloop
  endfacet
  facet normal 0 -1 0
    outer loop
      vertex -28.2746696472 -27.6775856018 22.5000019073
      vertex -32.7248382568 -24.4455661774 22.5000019073
      vertex -31.804315567 -23.1788234711 22.5000019073
    endloop
  endfacet
  facet normal -0 -1 0
    outer loop
      vertex -28.2746696472 -27.6775856018 22.5000019073
      vertex -28.4990940094 -27.9267864227 22.5000019073
      vertex -32.7248382568 -24.4455661774 22.5000019073
    endloop
  endfacet
  facet normal 0 -1 0
    outer loop
      vertex -28.4990940094 -27.9267864227 22.5000019073
      vertex -32.9493331909 -24.8340091705 22.5000019073
      vertex -32.7248382568 -24.4455661774 22.5000019073
    endloop
  endfacet
  facet normal 0 -1 0
    outer loop
      vertex -28.4990940094 -27.9267864227 22.5000019073
      vertex -33.154510498 -25.3786067963 22.5000019073
      vertex -32.9493331909 -24.8340091705 22.5000019073
    endloop
  endfacet
  facet normal 0 -1 0
    outer loop
      vertex -33.154510498 -25.3786067963 22.5000019073
      vertex -33.016292572 -24.9533538818 22.5000019073
      vertex -32.9493331909 -24.8340091705 22.5000019073
    endloop
  endfacet
  facet normal 0 -1 0
    outer loop
      vertex -28.4990940094 -27.9267864227 22.5000019073
      vertex -33.2400131226 -25.9545631409 22.5000019073
      vertex -33.154510498 -25.3786067963 22.5000019073
    endloop
  endfacet
  facet normal 0 -1 0
    outer loop
      vertex -33.2400131226 -25.9545631409 22.5000019073
      vertex -33.19323349 -25.5098667145 22.5000019073
      vertex -33.154510498 -25.3786067963 22.5000019073
    endloop
  endfacet
  facet normal 0 -1 0
    outer loop
      vertex -28.4990940094 -27.9267864227 22.5000019073
      vertex -33.2018585205 -26.5358371735 22.5000019073
      vertex -33.2400131226 -25.9545631409 22.5000019073
    endloop
  endfacet
  facet normal 0 -1 0
    outer loop
      vertex -33.2018585205 -26.5358371735 22.5000019073
      vertex -33.2485542297 -26.091135025 22.5000019073
      vertex -33.2400131226 -25.9545631409 22.5000019073
    endloop
  endfacet
  facet normal 0 -1 0
    outer loop
      vertex -28.4990940094 -27.9267864227 22.5000019073
      vertex -33.0416603088 -27.0961704254 22.5000019073
      vertex -33.2018585205 -26.5358371735 22.5000019073
    endloop
  endfacet
  facet normal 0 -1 0
    outer loop
      vertex -33.0416603088 -27.0961704254 22.5000019073
      vertex -33.1797943115 -26.6708927155 22.5000019073
      vertex -33.2018585205 -26.5358371735 22.5000019073
    endloop
  endfacet
  facet normal 0 -1 0
    outer loop
      vertex -28.4990940094 -27.9267864227 22.5000019073
      vertex -32.7665634155 -27.6101932526 22.5000019073
      vertex -33.0416603088 -27.0961704254 22.5000019073
    endloop
  endfacet
  facet normal 0 -1 0
    outer loop
      vertex -32.7665634155 -27.6101932526 22.5000019073
      vertex -32.9901008606 -27.2229309082 22.5000019073
      vertex -33.0416603088 -27.0961704254 22.5000019073
    endloop
  endfacet
  facet normal -0 -1 0
    outer loop
      vertex -28.4990940094 -27.9267864227 22.5000019073
      vertex -30.6927146912 -28.7984695435 22.5000019073
      vertex -32.7665634155 -27.6101932526 22.5000019073
    endloop
  endfacet
  facet normal 0 -1 0
    outer loop
      vertex -30.6927146912 -28.7984695435 22.5000019073
      vertex -31.8063907623 -28.4762859344 22.5000019073
      vertex -32.7665634155 -27.6101932526 22.5000019073
    endloop
  endfacet
  facet normal 0 -1 0
    outer loop
      vertex -31.8063907623 -28.4762859344 22.5000019073
      vertex -32.3889160156 -28.0546283722 22.5000019073
      vertex -32.7665634155 -27.6101932526 22.5000019073
    endloop
  endfacet
  facet normal 0 -1 0
    outer loop
      vertex -32.3889160156 -28.0546283722 22.5000019073
      vertex -32.6880874634 -27.7223033905 22.5000019073
      vertex -32.7665634155 -27.6101932526 22.5000019073
    endloop
  endfacet
  facet normal 0 -1 0
    outer loop
      vertex -31.8063907623 -28.4762859344 22.5000019073
      vertex -32.2874641418 -28.1464653015 22.5000019073
      vertex -32.3889160156 -28.0546283722 22.5000019073
    endloop
  endfacet
  facet normal 0 -1 0
    outer loop
      vertex -31.8063907623 -28.4762859344 22.5000019073
      vertex -31.925737381 -28.4093284607 22.5000019073
      vertex -32.2874641418 -28.1464653015 22.5000019073
    endloop
  endfacet
  facet normal 0 -1 0
    outer loop
      vertex -30.6927146912 -28.7984695435 22.5000019073
      vertex -31.3028411865 -28.6878910065 22.5000019073
      vertex -31.8063907623 -28.4762859344 22.5000019073
    endloop
  endfacet
  facet normal 0 -1 0
    outer loop
      vertex -31.3028411865 -28.6878910065 22.5000019073
      vertex -31.3979148865 -28.6581954956 22.5000019073
      vertex -31.8063907623 -28.4762859344 22.5000019073
    endloop
  endfacet
  facet normal 0 -1 0
    outer loop
      vertex -30.6927146912 -28.7984695435 22.5000019073
      vertex -30.810798645 -28.7925262451 22.5000019073
      vertex -31.3028411865 -28.6878910065 22.5000019073
    endloop
  endfacet
  facet normal 0 -1 0
    outer loop
      vertex -28.4990940094 -27.9267864227 22.5000019073
      vertex -30.1105117798 -28.7764530182 22.5000019073
      vertex -30.6927146912 -28.7984695435 22.5000019073
    endloop
  endfacet
  facet normal 0 -1 0
    outer loop
      vertex -30.1105117798 -28.7764530182 22.5000019073
      vertex -30.2455654144 -28.7985134125 22.5000019073
      vertex -30.6927146912 -28.7984695435 22.5000019073
    endloop
  endfacet
  facet normal 0 -1 0
    outer loop
      vertex -28.4990940094 -27.9267864227 22.5000019073
      vertex -29.5463638306 -28.6319656372 22.5000019073
      vertex -30.1105117798 -28.7764530182 22.5000019073
    endloop
  endfacet
  facet normal 0 -1 0
    outer loop
      vertex -29.5463638306 -28.6319656372 22.5000019073
      vertex -29.6731243134 -28.6835250854 22.5000019073
      vertex -30.1105117798 -28.7764530182 22.5000019073
    endloop
  endfacet
  facet normal 0 -1 0
    outer loop
      vertex -28.4990940094 -27.9267864227 22.5000019073
      vertex -29.0257472992 -28.3716583252 22.5000019073
      vertex -29.5463638306 -28.6319656372 22.5000019073
    endloop
  endfacet
  facet normal 0 -1 0
    outer loop
      vertex -29.0257472992 -28.3716583252 22.5000019073
      vertex -29.1378536224 -28.45013237 22.5000019073
      vertex -29.5463638306 -28.6319656372 22.5000019073
    endloop
  endfacet
  facet normal 0 -1 0
    outer loop
      vertex -28.4990940094 -27.9267864227 22.5000019073
      vertex -28.5721340179 -28.0074119568 22.5000019073
      vertex -29.0257472992 -28.3716583252 22.5000019073
    endloop
  endfacet
  facet normal 0 -1 0
    outer loop
      vertex -28.5721340179 -28.0074119568 22.5000019073
      vertex -28.6639709473 -28.1088657379 22.5000019073
      vertex -29.0257472992 -28.3716583252 22.5000019073
    endloop
  endfacet
  facet normal 0 -1 0
    outer loop
      vertex -17.5439548492 -12.9109773636 22.5000019073
      vertex -24.0124092102 -21.8122634888 22.5000019073
      vertex -22.9172897339 -15.6272916794 22.5000019073
    endloop
  endfacet
  facet normal 0 -1 0
    outer loop
      vertex -12.9454221725 -3.9647564888 22.5000019073
      vertex -10.6677846909 -9.40780544281 22.5000019073
      vertex -11.0499582291 -9.42654705048 22.5000019073
    endloop
  endfacet
  facet normal 0 0 -1
    outer loop
      vertex -16.9503059387 40.3665237427 25
      vertex -12.5385322571 40.3665237427 22.5000019073
      vertex -16.9503059387 40.3665237427 22.5000019073
    endloop
  endfacet
  facet normal -0.10565199703 -0 -0.99440318346
    outer loop
      vertex -16.9503059387 40.3665237427 25
      vertex -16.9503059387 40.3665237427 22.5000019073
      vertex -17.1890888214 40.3411521912 22.5000019073
    endloop
  endfacet
  facet normal -0.111961320043 0.000609634618741 -0.993712365627
    outer loop
      vertex -17.5066070557 40.3038444519 25
      vertex -16.9503059387 40.3665237427 25
      vertex -17.1890888214 40.3411521912 22.5000019073
    endloop
  endfacet
  facet normal -0.111961945891 0.000609554175753 -0.993712306023
    outer loop
      vertex -17.5066070557 40.3038444519 25
      vertex -17.1890888214 40.3411521912 22.5000019073
      vertex -17.4925251007 40.3069648743 22.5000019073
    endloop
  endfacet
  facet normal -0.312246143818 -0.000573064724449 -0.950001060963
    outer loop
      vertex -17.5066070557 40.3038444519 25
      vertex -17.4925251007 40.3069648743 22.5000019073
      vertex -17.7206459045 40.2319869995 22.5000019073
    endloop
  endfacet
  facet normal -0.330279171467 0.00114671932533 -0.943882584572
    outer loop
      vertex -18.0350151062 40.1189460754 25
      vertex -17.5066070557 40.3038444519 25
      vertex -17.7206459045 40.2319869995 22.5000019073
    endloop
  endfacet
  facet normal -0.330280631781 0.00114651245531 -0.943882107735
    outer loop
      vertex -18.0350151062 40.1189460754 25
      vertex -17.7206459045 40.2319869995 22.5000019073
      vertex -18.0088691711 40.1311302185 22.5000019073
    endloop
  endfacet
  facet normal -0.504900097847 -0.0010730343638 -0.863177120686
    outer loop
      vertex -18.0350151062 40.1189460754 25
      vertex -18.0088691711 40.1311302185 22.5000019073
      vertex -18.2161407471 40.00989151 22.5000019073
    endloop
  endfacet
  facet normal -0.53202944994 0.00161020690575 -0.846724331379
    outer loop
      vertex -18.5090293884 39.821105957 25
      vertex -18.0350151062 40.1189460754 25
      vertex -18.2161407471 40.00989151 22.5000019073
    endloop
  endfacet
  facet normal -0.532033920288 0.00160947081167 -0.846721529961
    outer loop
      vertex -18.5090293884 39.821105957 25
      vertex -18.2161407471 40.00989151 22.5000019073
      vertex -18.4746952057 39.8474311829 22.5000019073
    endloop
  endfacet
  facet normal -0.675005733967 -0.00150095531717 -0.737810969353
    outer loop
      vertex -18.5090293884 39.821105957 25
      vertex -18.4746952057 39.8474311829 22.5000019073
      vertex -18.6518630981 39.685344696 22.5000019073
    endloop
  endfacet
  facet normal -0.707104325294 0.00200035655871 -0.707106411457
    outer loop
      vertex -18.9048843384 39.4252510071 25
      vertex -18.5090293884 39.821105957 25
      vertex -18.6518630981 39.685344696 22.5000019073
    endloop
  endfacet
  facet normal -0.707105338573 0.00200013699941 -0.707105338573
    outer loop
      vertex -18.9048843384 39.4252510071 25
      vertex -18.6518630981 39.685344696 22.5000019073
      vertex -18.8677845001 39.4694213867 22.5000019073
    endloop
  endfacet
  facet normal -0.81496655941 -0.00185504183173 -0.57950502634
    outer loop
      vertex -18.9048843384 39.4252510071 25
      vertex -18.8677845001 39.4694213867 22.5000019073
      vertex -19.0069389343 39.273727417 22.5000019073
    endloop
  endfacet
  facet normal -0.84672242403 0.00231869937852 -0.532029867172
    outer loop
      vertex -19.2027282715 38.9512329102 25
      vertex -18.9048843384 39.4252510071 25
      vertex -19.0069389343 39.273727417 22.5000019073
    endloop
  endfacet
  facet normal -0.846724331379 0.00231816177256 -0.532026827335
    outer loop
      vertex -19.2027282715 38.9512329102 25
      vertex -19.0069389343 39.273727417 22.5000019073
      vertex -19.1693973541 39.015171051 22.5000019073
    endloop
  endfacet
  facet normal -0.91854518652 -0.00213596993126 -0.395310223103
    outer loop
      vertex -19.2027282715 38.9512329102 25
      vertex -19.1693973541 39.015171051 22.5000019073
      vertex -19.2643241882 38.7946014404 22.5000019073
    endloop
  endfacet
  facet normal -0.943880736828 0.00256277550943 -0.330276489258
    outer loop
      vertex -19.3876247406 38.4228286743 25
      vertex -19.2027282715 38.9512329102 25
      vertex -19.2643241882 38.7946014404 22.5000019073
    endloop
  endfacet
  facet normal -0.943881213665 0.00256256456487 -0.33027523756
    outer loop
      vertex -19.3876247406 38.4228286743 25
      vertex -19.2643241882 38.7946014404 22.5000019073
      vertex -19.3651752472 38.5063819885 22.5000019073
    endloop
  endfacet
  facet normal -0.981102347374 -0.00234367582016 -0.193475142121
    outer loop
      vertex -19.3876247406 38.4228286743 25
      vertex -19.3651752472 38.5063819885 22.5000019073
      vertex -19.4116344452 38.2707939148 22.5000019073
    endloop
  endfacet
  facet normal -0.993708193302 0.00273433560506 -0.11196655035
    outer loop
      vertex -19.4503059387 37.8665237427 25
      vertex -19.3876247406 38.4228286743 25
      vertex -19.4116344452 38.2707939148 22.5000019073
    endloop
  endfacet
  facet normal -0.993708431721 0.00273400871083 -0.111964553595
    outer loop
      vertex -19.4503059387 37.8665237427 25
      vertex -19.4116344452 38.2707939148 22.5000019073
      vertex -19.4458236694 37.9673538208 22.5000019073
    endloop
  endfacet
  facet normal -0.997261285782 0.00119442725554 -0.0739490091801
    outer loop
      vertex -19.4503059387 37.8665237427 25
      vertex -19.4458236694 37.9673538208 22.5000019073
      vertex -19.4483127594 37.9337921143 22.5000019073
    endloop
  endfacet
  facet normal -0.999012172222 0.000398908916395 -0.0444353558123
    outer loop
      vertex -19.4503059387 37.8665237427 25
      vertex -19.4483127594 37.9337921143 22.5000019073
      vertex -19.4498081207 37.9001731873 22.5000019073
    endloop
  endfacet
  facet normal -0.999890327454 -0 -0.0148110799491
    outer loop
      vertex -19.4503059387 37.8665237427 25
      vertex -19.4498081207 37.9001731873 22.5000019073
      vertex -19.4503059387 37.8665237427 22.5000019073
    endloop
  endfacet
  facet normal -1 0 0
    outer loop
      vertex -19.4503059387 37.8665237427 25
      vertex -19.4503059387 37.8665237427 22.5000019073
      vertex -19.4503059387 33.5266723633 22.5000019073
    endloop
  endfacet
  facet normal -1 0 -0
    outer loop
      vertex -19.4503059387 33.5266685486 25
      vertex -19.4503059387 37.8665237427 25
      vertex -19.4503059387 33.5266723633 22.5000019073
    endloop
  endfacet
  facet normal -6.12592884863e-07 -9.58531472861e-07 1
    outer loop
      vertex -19.4503059387 33.5266685486 25
      vertex -19.4503059387 33.5266723633 22.5000019073
      vertex -15.5385303497 33.5266685486 22.5000019073
    endloop
  endfacet
  facet normal 0 0 1
    outer loop
      vertex -15.5385293961 33.5266685486 25
      vertex -19.4503059387 33.5266685486 25
      vertex -15.5385303497 33.5266685486 22.5000019073
    endloop
  endfacet
  facet normal 0.0980159565806 -4.69756891164e-08 0.995184838772
    outer loop
      vertex -15.5385303497 33.5266685486 22.5000019073
      vertex -14.9532575607 33.584312439 22.5000019073
      vertex -15.5385293961 33.5266685486 25
    endloop
  endfacet
  facet normal 0.0980161502957 0 0.995184838772
    outer loop
      vertex -14.9532575607 33.584312439 25
      vertex -15.5385293961 33.5266685486 25
      vertex -14.9532575607 33.584312439 22.5000019073
    endloop
  endfacet
  facet normal 0.290287971497 0 0.956939339638
    outer loop
      vertex -14.9532575607 33.584312439 25
      vertex -14.9532575607 33.584312439 22.5000019073
      vertex -14.3904800415 33.7550315857 25
    endloop
  endfacet
  facet normal 0 1 0
    outer loop
      vertex -15.1502990723 35.0777816772 25
      vertex -14.9532575607 33.584312439 25
      vertex -14.3904800415 33.7550315857 25
    endloop
  endfacet
  facet normal -0 1 0
    outer loop
      vertex -15.1502990723 35.0777816772 25
      vertex -14.3904800415 33.7550315857 25
      vertex -14.7885293961 35.2276306152 25
    endloop
  endfacet
  facet normal -0.38268238306 -2.5526694003e-07 -0.923879981041
    outer loop
      vertex -15.1502990723 35.0777816772 25
      vertex -14.7885293961 35.2276306152 25
      vertex -15.0210952759 35.1312980652 22.5000019073
    endloop
  endfacet
  facet normal -0.382678180933 -0 -0.923881709576
    outer loop
      vertex -15.1502990723 35.0777816772 25
      vertex -15.0210952759 35.1312980652 22.5000019073
      vertex -15.1502990723 35.0777816772 22.5000019073
    endloop
  endfacet
  facet normal -0.13053047657 0 -0.991444289684
    outer loop
      vertex -15.1502990723 35.0777816772 22.5000019073
      vertex -15.3998756409 35.044921875 22.5000019073
      vertex -15.1502990723 35.0777816772 25
    endloop
  endfacet
  facet normal -0.130531683564 1.22355913845e-07 -0.99144411087
    outer loop
      vertex -15.5385293961 35.0266685486 25
      vertex -15.1502990723 35.0777816772 25
      vertex -15.3998756409 35.044921875 22.5000019073
    endloop
  endfacet
  facet normal -0.130533859134 -0 -0.991443872452
    outer loop
      vertex -15.5385293961 35.0266685486 25
      vertex -15.3998756409 35.044921875 22.5000019073
      vertex -15.5385293961 35.0266685486 22.5000019073
    endloop
  endfacet
  facet normal 0.13053047657 0 -0.991444289684
    outer loop
      vertex -15.5385293961 35.0266685486 22.5000019073
      vertex -15.7881059647 35.0595245361 22.5000019073
      vertex -15.5385293961 35.0266685486 25
    endloop
  endfacet
  facet normal 0.130532085896 -1.62572732165e-07 -0.99144411087
    outer loop
      vertex -15.9267578125 35.0777816772 25
      vertex -15.5385293961 35.0266685486 25
      vertex -15.7881059647 35.0595245361 22.5000019073
    endloop
  endfacet
  facet normal 0.13053496182 0 -0.991443693638
    outer loop
      vertex -15.9267578125 35.0777816772 25
      vertex -15.7881059647 35.0595245361 22.5000019073
      vertex -15.9267578125 35.0777816772 22.5000019073
    endloop
  endfacet
  facet normal 0.382684737444 0 -0.923878967762
    outer loop
      vertex -15.9267578125 35.0777816772 22.5000019073
      vertex -16.159324646 35.1741142273 22.5000019073
      vertex -15.9267578125 35.0777816772 25
    endloop
  endfacet
  facet normal 0.38268238306 2.5526694003e-07 -0.923879981041
    outer loop
      vertex -16.2885284424 35.2276306152 25
      vertex -15.9267578125 35.0777816772 25
      vertex -16.159324646 35.1741142273 22.5000019073
    endloop
  endfacet
  facet normal 0.382678180933 0 -0.923881709576
    outer loop
      vertex -16.2885284424 35.2276306152 25
      vertex -16.159324646 35.1741142273 22.5000019073
      vertex -16.2885284424 35.2276306152 22.5000019073
    endloop
  endfacet
  facet normal 0.608764946461 0 -0.793350636959
    outer loop
      vertex -16.2885284424 35.2276306152 22.5000019073
      vertex -16.4882392883 35.3808746338 22.5000019073
      vertex -16.2885284424 35.2276306152 25
    endloop
  endfacet
  facet normal 0.608761310577 4.63586701471e-07 -0.793353438377
    outer loop
      vertex -16.5991897583 35.4660110474 25
      vertex -16.2885284424 35.2276306152 25
      vertex -16.4882392883 35.3808746338 22.5000019073
    endloop
  endfacet
  facet normal 0.608754694462 0 -0.793358504772
    outer loop
      vertex -16.5991897583 35.4660110474 25
      vertex -16.4882392883 35.3808746338 22.5000019073
      vertex -16.5991897583 35.4660110474 22.5000019073
    endloop
  endfacet
  facet normal 0.793349981308 0 -0.60876584053
    outer loop
      vertex -16.5991897583 35.4660110474 22.5000019073
      vertex -16.7524318695 35.6657180786 22.5000019073
      vertex -16.5991897583 35.4660110474 25
    endloop
  endfacet
  facet normal 0.793351888657 -3.17035699027e-07 -0.608763337135
    outer loop
      vertex -16.8375663757 35.7766685486 25
      vertex -16.5991897583 35.4660110474 25
      vertex -16.7524318695 35.6657180786 22.5000019073
    endloop
  endfacet
  facet normal 0.793355345726 0 -0.608758866787
    outer loop
      vertex -16.8375663757 35.7766685486 25
      vertex -16.7524318695 35.6657180786 22.5000019073
      vertex -16.8375663757 35.7766685486 22.5000019073
    endloop
  endfacet
  facet normal 0.92388176918 0 -0.382678002119
    outer loop
      vertex -16.8375663757 35.7766685486 22.5000019073
      vertex -16.9338989258 36.0092391968 22.5000019073
      vertex -16.8375663757 35.7766685486 25
    endloop
  endfacet
  facet normal 0.923881113529 1.73484650645e-07 -0.382679581642
    outer loop
      vertex -16.9874172211 36.1384429932 25
      vertex -16.8375663757 35.7766685486 25
      vertex -16.9338989258 36.0092391968 22.5000019073
    endloop
  endfacet
  facet normal 0.923879921436 0 -0.382682442665
    outer loop
      vertex -16.9874172211 36.1384429932 25
      vertex -16.9338989258 36.0092391968 22.5000019073
      vertex -16.9874172211 36.1384429932 22.5000019073
    endloop
  endfacet
  facet normal 0.991444826126 0 -0.130526423454
    outer loop
      vertex -16.9874172211 36.1384429932 22.5000019073
      vertex -17.020275116 36.3880195618 22.5000019073
      vertex -16.9874172211 36.1384429932 25
    endloop
  endfacet
  facet normal 0.991444766521 4.46836097012e-08 -0.130526855588
    outer loop
      vertex -17.0385284424 36.5266685486 25
      vertex -16.9874172211 36.1384429932 25
      vertex -17.020275116 36.3880195618 22.5000019073
    endloop
  endfacet
  facet normal 0.991444647312 0 -0.13052764535
    outer loop
      vertex -17.0385284424 36.5266685486 25
      vertex -17.020275116 36.3880195618 22.5000019073
      vertex -17.0385284424 36.5266685486 22.5000019073
    endloop
  endfacet
  facet normal 0.991444826126 -0 0.130526423454
    outer loop
      vertex -17.0385284424 36.5266685486 22.5000019073
      vertex -17.0056724548 36.7762451172 22.5000019073
      vertex -17.0385284424 36.5266685486 25
    endloop
  endfacet
  facet normal 0.991444885731 3.57466696244e-08 0.130526065826
    outer loop
      vertex -16.9874172211 36.9148979187 25
      vertex -17.0385284424 36.5266685486 25
      vertex -17.0056724548 36.7762451172 22.5000019073
    endloop
  endfacet
  facet normal 0.991444945335 0 0.130525425076
    outer loop
      vertex -16.9874172211 36.9148979187 25
      vertex -17.0056724548 36.7762451172 22.5000019073
      vertex -16.9874172211 36.9148979187 22.5000019073
    endloop
  endfacet
  facet normal 0.923880398273 -0 0.382681369781
    outer loop
      vertex -16.9874172211 36.9148979187 22.5000019073
      vertex -16.891084671 37.1474647522 22.5000019073
      vertex -16.9874172211 36.9148979187 25
    endloop
  endfacet
  facet normal 0.92387932539 -2.78289519429e-07 0.382683902979
    outer loop
      vertex -16.8375663757 37.2766685486 25
      vertex -16.9874172211 36.9148979187 25
      vertex -16.891084671 37.1474647522 22.5000019073
    endloop
  endfacet
  facet normal 0.923877418041 0 0.382688522339
    outer loop
      vertex -16.8375663757 37.2766685486 25
      vertex -16.891084671 37.1474647522 22.5000019073
      vertex -16.8375663757 37.2766685486 22.5000019073
    endloop
  endfacet
  facet normal 0.793353497982 -0 0.608761250973
    outer loop
      vertex -16.8375663757 37.2766685486 22.5000019073
      vertex -16.6843242645 37.4763793945 22.5000019073
      vertex -16.8375663757 37.2766685486 25
    endloop
  endfacet
  facet normal 0.793354153633 1.08636420748e-07 0.608760356903
    outer loop
      vertex -16.5991897583 37.5873298645 25
      vertex -16.8375663757 37.2766685486 25
      vertex -16.6843242645 37.4763793945 22.5000019073
    endloop
  endfacet
  facet normal 0.793355345726 0 0.608758866787
    outer loop
      vertex -16.5991897583 37.5873298645 25
      vertex -16.6843242645 37.4763793945 22.5000019073
      vertex -16.5991897583 37.5873298645 22.5000019073
    endloop
  endfacet
  facet normal 0.608758926392 -0 0.793355226517
    outer loop
      vertex -16.5991897583 37.5873298645 22.5000019073
      vertex -16.3994789124 37.7405700684 22.5000019073
      vertex -16.5991897583 37.5873298645 25
    endloop
  endfacet
  facet normal 0.608757436275 -1.91995766841e-07 0.79335641861
    outer loop
      vertex -16.2885284424 37.8257064819 25
      vertex -16.5991897583 37.5873298645 25
      vertex -16.3994789124 37.7405700684 22.5000019073
    endloop
  endfacet
  facet normal 0.608754694462 0 0.793358504772
    outer loop
      vertex -16.2885284424 37.8257064819 25
      vertex -16.3994789124 37.7405700684 22.5000019073
      vertex -16.2885284424 37.8257064819 22.5000019073
    endloop
  endfacet
  facet normal 0.382692843676 -0 0.923875629902
    outer loop
      vertex -16.2885284424 37.8257064819 22.5000019073
      vertex -16.0559616089 37.922039032 22.5000019073
      vertex -16.2885284424 37.8257064819 25
    endloop
  endfacet
  facet normal 0.382692843676 -2.24956697714e-09 0.923875629902
    outer loop
      vertex -15.9267578125 37.9755592346 25
      vertex -16.2885284424 37.8257064819 25
      vertex -16.0559616089 37.922039032 22.5000019073
    endloop
  endfacet
  facet normal 0.382692784071 0 0.923875629902
    outer loop
      vertex -15.9267578125 37.9755592346 25
      vertex -16.0559616089 37.922039032 22.5000019073
      vertex -15.9267578125 37.9755592346 22.5000019073
    endloop
  endfacet
  facet normal 0.130521118641 -0 0.991445541382
    outer loop
      vertex -15.9267578125 37.9755592346 22.5000019073
      vertex -15.6771821976 38.0084152222 22.5000019073
      vertex -15.9267578125 37.9755592346 25
    endloop
  endfacet
  facet normal 0.130520045757 -1.08952939115e-07 0.991445660591
    outer loop
      vertex -15.5385293961 38.0266685486 25
      vertex -15.9267578125 37.9755592346 25
      vertex -15.6771821976 38.0084152222 22.5000019073
    endloop
  endfacet
  facet normal 0.130518123507 0 0.99144589901
    outer loop
      vertex -15.5385293961 38.0266685486 25
      vertex -15.6771821976 38.0084152222 22.5000019073
      vertex -15.5385293961 38.0266685486 22.5000019073
    endloop
  endfacet
  facet normal -0.130521118641 0 0.991445541382
    outer loop
      vertex -15.5385293961 38.0266685486 22.5000019073
      vertex -15.2889528275 37.993812561 22.5000019073
      vertex -15.5385293961 38.0266685486 25
    endloop
  endfacet
  facet normal -0.130519658327 1.49166055508e-07 0.991445720196
    outer loop
      vertex -15.1502990723 37.9755592346 25
      vertex -15.5385293961 38.0266685486 25
      vertex -15.2889528275 37.993812561 22.5000019073
    endloop
  endfacet
  facet normal -0.13051700592 0 0.991446077824
    outer loop
      vertex -15.1502990723 37.9755592346 25
      vertex -15.2889528275 37.993812561 22.5000019073
      vertex -15.1502990723 37.9755592346 22.5000019073
    endloop
  endfacet
  facet normal -0.382692843676 0 0.923875629902
    outer loop
      vertex -15.1502990723 37.9755592346 22.5000019073
      vertex -14.9177331924 37.8792266846 22.5000019073
      vertex -15.1502990723 37.9755592346 25
    endloop
  endfacet
  facet normal -0.382692843676 2.24956697714e-09 0.923875629902
    outer loop
      vertex -14.7885293961 37.8257064819 25
      vertex -15.1502990723 37.9755592346 25
      vertex -14.9177331924 37.8792266846 22.5000019073
    endloop
  endfacet
  facet normal -0.382692784071 0 0.923875629902
    outer loop
      vertex -14.7885293961 37.8257064819 25
      vertex -14.9177331924 37.8792266846 22.5000019073
      vertex -14.7885293961 37.8257064819 22.5000019073
    endloop
  endfacet
  facet normal -0.608758926392 0 0.793355226517
    outer loop
      vertex -14.7885293961 37.8257064819 22.5000019073
      vertex -14.5888185501 37.6724624634 22.5000019073
      vertex -14.7885293961 37.8257064819 25
    endloop
  endfacet
  facet normal -0.608758926392 4.43754055723e-09 0.793355286121
    outer loop
      vertex -14.4778690338 37.5873298645 25
      vertex -14.7885293961 37.8257064819 25
      vertex -14.5888185501 37.6724624634 22.5000019073
    endloop
  endfacet
  facet normal -0.608758866787 0 0.793355345726
    outer loop
      vertex -14.4778690338 37.5873298645 25
      vertex -14.5888185501 37.6724624634 22.5000019073
      vertex -14.4778690338 37.5873298645 22.5000019073
    endloop
  endfacet
  facet normal -0.793353497982 0 0.608761250973
    outer loop
      vertex -14.4778690338 37.5873298645 22.5000019073
      vertex -14.3246259689 37.3876190186 22.5000019073
      vertex -14.4778690338 37.5873298645 25
    endloop
  endfacet
  facet normal -0.793352663517 1.35795275469e-07 0.608762323856
    outer loop
      vertex -14.239490509 37.2766685486 25
      vertex -14.4778690338 37.5873298645 25
      vertex -14.3246259689 37.3876190186 22.5000019073
    endloop
  endfacet
  facet normal -0.793351173401 0 0.608764231205
    outer loop
      vertex -14.239490509 37.2766685486 25
      vertex -14.3246259689 37.3876190186 22.5000019073
      vertex -14.239490509 37.2766685486 22.5000019073
    endloop
  endfacet
  facet normal -0.923880398273 0 0.382681369781
    outer loop
      vertex -14.239490509 37.2766685486 22.5000019073
      vertex -14.143157959 37.0441017151 22.5000019073
      vertex -14.239490509 37.2766685486 25
    endloop
  endfacet
  facet normal -0.92387932539 2.78289519429e-07 0.382683902979
    outer loop
      vertex -14.0896396637 36.9148979187 25
      vertex -14.239490509 37.2766685486 25
      vertex -14.143157959 37.0441017151 22.5000019073
    endloop
  endfacet
  facet normal -0.923877418041 0 0.382688522339
    outer loop
      vertex -14.0896396637 36.9148979187 25
      vertex -14.143157959 37.0441017151 22.5000019073
      vertex -14.0896396637 36.9148979187 22.5000019073
    endloop
  endfacet
  facet normal -0.991444826126 0 0.130526423454
    outer loop
      vertex -14.0896396637 36.9148979187 22.5000019073
      vertex -14.0567827225 36.6653251648 22.5000019073
      vertex -14.0896396637 36.9148979187 25
    endloop
  endfacet
  facet normal -0.991444885731 -3.57466696244e-08 0.130526065826
    outer loop
      vertex -14.0385284424 36.5266685486 25
      vertex -14.0896396637 36.9148979187 25
      vertex -14.0567827225 36.6653251648 22.5000019073
    endloop
  endfacet
  facet normal -0.991444945335 0 0.130525425076
    outer loop
      vertex -14.0385284424 36.5266685486 25
      vertex -14.0567827225 36.6653251648 22.5000019073
      vertex -14.0385284424 36.5266685486 22.5000019073
    endloop
  endfacet
  facet normal -0.991444826126 0 -0.130526423454
    outer loop
      vertex -14.0385284424 36.5266685486 22.5000019073
      vertex -14.0713863373 36.2770957947 22.5000019073
      vertex -14.0385284424 36.5266685486 25
    endloop
  endfacet
  facet normal -0.991444766521 -4.46836097012e-08 -0.130526855588
    outer loop
      vertex -14.0896396637 36.1384429932 25
      vertex -14.0385284424 36.5266685486 25
      vertex -14.0713863373 36.2770957947 22.5000019073
    endloop
  endfacet
  facet normal -0.991444647312 -0 -0.13052764535
    outer loop
      vertex -14.0896396637 36.1384429932 25
      vertex -14.0713863373 36.2770957947 22.5000019073
      vertex -14.0896396637 36.1384429932 22.5000019073
    endloop
  endfacet
  facet normal -0.92388176918 0 -0.382678002119
    outer loop
      vertex -14.0896396637 36.1384429932 22.5000019073
      vertex -14.1859722137 35.905872345 22.5000019073
      vertex -14.0896396637 36.1384429932 25
    endloop
  endfacet
  facet normal -0.923881113529 -1.73484650645e-07 -0.382679581642
    outer loop
      vertex -14.239490509 35.7766685486 25
      vertex -14.0896396637 36.1384429932 25
      vertex -14.1859722137 35.905872345 22.5000019073
    endloop
  endfacet
  facet normal -0.923879921436 -0 -0.382682442665
    outer loop
      vertex -14.239490509 35.7766685486 25
      vertex -14.1859722137 35.905872345 22.5000019073
      vertex -14.239490509 35.7766685486 22.5000019073
    endloop
  endfacet
  facet normal -0.793349981308 0 -0.60876584053
    outer loop
      vertex -14.239490509 35.7766685486 22.5000019073
      vertex -14.3927335739 35.5769615173 22.5000019073
      vertex -14.239490509 35.7766685486 25
    endloop
  endfacet
  facet normal -0.79335039854 7.26053670519e-08 -0.608765244484
    outer loop
      vertex -14.4778690338 35.4660110474 25
      vertex -14.239490509 35.7766685486 25
      vertex -14.3927335739 35.5769615173 22.5000019073
    endloop
  endfacet
  facet normal -0.793351173401 -0 -0.608764231205
    outer loop
      vertex -14.4778690338 35.4660110474 25
      vertex -14.3927335739 35.5769615173 22.5000019073
      vertex -14.4778690338 35.4660110474 22.5000019073
    endloop
  endfacet
  facet normal -0.608764946461 0 -0.793350636959
    outer loop
      vertex -14.4778690338 35.4660110474 22.5000019073
      vertex -14.6775798798 35.3127670288 22.5000019073
      vertex -14.4778690338 35.4660110474 25
    endloop
  endfacet
  facet normal -0.608762741089 -2.76026895563e-07 -0.793352305889
    outer loop
      vertex -14.7885293961 35.2276306152 25
      vertex -14.4778690338 35.4660110474 25
      vertex -14.6775798798 35.3127670288 22.5000019073
    endloop
  endfacet
  facet normal -0.608758866787 -0 -0.793355345726
    outer loop
      vertex -14.7885293961 35.2276306152 25
      vertex -14.6775798798 35.3127670288 22.5000019073
      vertex -14.7885293961 35.2276306152 22.5000019073
    endloop
  endfacet
  facet normal -0.382684737444 0 -0.923878967762
    outer loop
      vertex -14.7885293961 35.2276306152 22.5000019073
      vertex -15.0210952759 35.1312980652 22.5000019073
      vertex -14.7885293961 35.2276306152 25
    endloop
  endfacet
  facet normal 0 -1 0
    outer loop
      vertex -14.3904800415 33.7550315857 22.5000019073
      vertex -15.0210952759 35.1312980652 22.5000019073
      vertex -14.7885293961 35.2276306152 22.5000019073
    endloop
  endfacet
  facet normal -0 -1 0
    outer loop
      vertex -13.8718185425 34.0322608948 22.5000019073
      vertex -14.3904800415 33.7550315857 22.5000019073
      vertex -14.7885293961 35.2276306152 22.5000019073
    endloop
  endfacet
  facet normal 0 -1 0
    outer loop
      vertex -13.8718185425 34.0322608948 22.5000019073
      vertex -14.7885293961 35.2276306152 22.5000019073
      vertex -14.6775798798 35.3127670288 22.5000019073
    endloop
  endfacet
  facet normal 0 -1 0
    outer loop
      vertex -13.8718185425 34.0322608948 22.5000019073
      vertex -14.6775798798 35.3127670288 22.5000019073
      vertex -14.4778690338 35.4660110474 22.5000019073
    endloop
  endfacet
  facet normal -0 -1 0
    outer loop
      vertex -13.4172086716 34.4053497314 22.5000019073
      vertex -13.8718185425 34.0322608948 22.5000019073
      vertex -14.4778690338 35.4660110474 22.5000019073
    endloop
  endfacet
  facet normal 0 -1 0
    outer loop
      vertex -13.4172086716 34.4053497314 22.5000019073
      vertex -14.4778690338 35.4660110474 22.5000019073
      vertex -14.3927335739 35.5769615173 22.5000019073
    endloop
  endfacet
  facet normal -0 -1 0
    outer loop
      vertex -13.0441198349 34.8599586487 22.5000019073
      vertex -13.4172086716 34.4053497314 22.5000019073
      vertex -14.3927335739 35.5769615173 22.5000019073
    endloop
  endfacet
  facet normal 0 -1 0
    outer loop
      vertex -13.0441198349 34.8599586487 22.5000019073
      vertex -14.3927335739 35.5769615173 22.5000019073
      vertex -14.239490509 35.7766685486 22.5000019073
    endloop
  endfacet
  facet normal -0 -1 0
    outer loop
      vertex -12.7668905258 35.3786201477 22.5000019073
      vertex -13.0441198349 34.8599586487 22.5000019073
      vertex -14.239490509 35.7766685486 22.5000019073
    endloop
  endfacet
  facet normal 0 -1 0
    outer loop
      vertex -12.7668905258 35.3786201477 22.5000019073
      vertex -14.239490509 35.7766685486 22.5000019073
      vertex -14.1859722137 35.905872345 22.5000019073
    endloop
  endfacet
  facet normal 0 -1 0
    outer loop
      vertex -12.7668905258 35.3786201477 22.5000019073
      vertex -14.1859722137 35.905872345 22.5000019073
      vertex -14.0896396637 36.1384429932 22.5000019073
    endloop
  endfacet
  facet normal -0 -1 0
    outer loop
      vertex -12.5961732864 35.9413986206 22.5000019073
      vertex -12.7668905258 35.3786201477 22.5000019073
      vertex -14.0896396637 36.1384429932 22.5000019073
    endloop
  endfacet
  facet normal 0 -1 0
    outer loop
      vertex -12.5961732864 35.9413986206 22.5000019073
      vertex -14.0896396637 36.1384429932 22.5000019073
      vertex -14.0713863373 36.2770957947 22.5000019073
    endloop
  endfacet
  facet normal 0 -1 0
    outer loop
      vertex -12.5961732864 35.9413986206 22.5000019073
      vertex -14.0713863373 36.2770957947 22.5000019073
      vertex -14.0385284424 36.5266685486 22.5000019073
    endloop
  endfacet
  facet normal 0 -1 0
    outer loop
      vertex -12.5385293961 36.5266685486 22.5000019073
      vertex -12.5961732864 35.9413986206 22.5000019073
      vertex -14.0385284424 36.5266685486 22.5000019073
    endloop
  endfacet
  facet normal -0 -1 0
    outer loop
      vertex -12.5385293961 36.5266685486 22.5000019073
      vertex -14.0385284424 36.5266685486 22.5000019073
      vertex -14.0567827225 36.6653251648 22.5000019073
    endloop
  endfacet
  facet normal 0 -1 0
    outer loop
      vertex -12.5385293961 36.5266685486 22.5000019073
      vertex -14.0567827225 36.6653251648 22.5000019073
      vertex -14.0896396637 36.9148979187 22.5000019073
    endloop
  endfacet
  facet normal 0 -1 0
    outer loop
      vertex -12.5385293961 36.5266685486 22.5000019073
      vertex -14.0896396637 36.9148979187 22.5000019073
      vertex -14.143157959 37.0441017151 22.5000019073
    endloop
  endfacet
  facet normal 0 -1 0
    outer loop
      vertex -12.5385293961 36.5266685486 22.5000019073
      vertex -14.143157959 37.0441017151 22.5000019073
      vertex -14.239490509 37.2766685486 22.5000019073
    endloop
  endfacet
  facet normal 0 -1 0
    outer loop
      vertex -12.5385293961 36.5266685486 22.5000019073
      vertex -14.239490509 37.2766685486 22.5000019073
      vertex -12.5385322571 40.3665237427 22.5000019073
    endloop
  endfacet
  facet normal 1 0 -6.24067013177e-07
    outer loop
      vertex -12.5385293961 36.5266685486 22.5000019073
      vertex -12.5385322571 40.3665237427 22.5000019073
      vertex -12.5385293961 36.5266685486 25
    endloop
  endfacet
  facet normal 0.995184838772 -0 0.0980161502957
    outer loop
      vertex -12.5385293961 36.5266685486 22.5000019073
      vertex -12.5385293961 36.5266685486 25
      vertex -12.5961732864 35.9413986206 22.5000019073
    endloop
  endfacet
  facet normal 0.995184838772 0 0.0980161502957
    outer loop
      vertex -12.5961732864 35.9413986206 25
      vertex -12.5961732864 35.9413986206 22.5000019073
      vertex -12.5385293961 36.5266685486 25
    endloop
  endfacet
  facet normal 0 1 0
    outer loop
      vertex -14.0385284424 36.5266685486 25
      vertex -12.5961732864 35.9413986206 25
      vertex -12.5385293961 36.5266685486 25
    endloop
  endfacet
  facet normal -0 1 0
    outer loop
      vertex -14.0385284424 36.5266685486 25
      vertex -12.5385293961 36.5266685486 25
      vertex -14.0896396637 36.9148979187 25
    endloop
  endfacet
  facet normal -0 1 0
    outer loop
      vertex -14.0896396637 36.9148979187 25
      vertex -12.5385293961 36.5266685486 25
      vertex -14.239490509 37.2766685486 25
    endloop
  endfacet
  facet normal -0 1 0
    outer loop
      vertex -14.239490509 37.2766685486 25
      vertex -12.5385293961 36.5266685486 25
      vertex -12.5385293961 40.3665237427 25
    endloop
  endfacet
  facet normal 0 1 0
    outer loop
      vertex -14.239490509 37.2766685486 25
      vertex -12.5385293961 40.3665237427 25
      vertex -14.4778690338 37.5873298645 25
    endloop
  endfacet
  facet normal 0 1 0
    outer loop
      vertex -14.4778690338 37.5873298645 25
      vertex -12.5385293961 40.3665237427 25
      vertex -14.7885293961 37.8257064819 25
    endloop
  endfacet
  facet normal 0 1 0
    outer loop
      vertex -14.7885293961 37.8257064819 25
      vertex -12.5385293961 40.3665237427 25
      vertex -15.1502990723 37.9755592346 25
    endloop
  endfacet
  facet normal 0 1 0
    outer loop
      vertex -15.1502990723 37.9755592346 25
      vertex -12.5385293961 40.3665237427 25
      vertex -16.9503059387 40.3665237427 25
    endloop
  endfacet
  facet normal 0 1 0
    outer loop
      vertex -15.1502990723 37.9755592346 25
      vertex -16.9503059387 40.3665237427 25
      vertex -15.5385293961 38.0266685486 25
    endloop
  endfacet
  facet normal 0 1 0
    outer loop
      vertex -15.5385293961 38.0266685486 25
      vertex -16.9503059387 40.3665237427 25
      vertex -15.9267578125 37.9755592346 25
    endloop
  endfacet
  facet normal 0 1 0
    outer loop
      vertex -15.9267578125 37.9755592346 25
      vertex -16.9503059387 40.3665237427 25
      vertex -16.2885284424 37.8257064819 25
    endloop
  endfacet
  facet normal 0 1 0
    outer loop
      vertex -16.2885284424 37.8257064819 25
      vertex -16.9503059387 40.3665237427 25
      vertex -17.5066070557 40.3038444519 25
    endloop
  endfacet
  facet normal 0 1 0
    outer loop
      vertex -16.2885284424 37.8257064819 25
      vertex -17.5066070557 40.3038444519 25
      vertex -18.0350151062 40.1189460754 25
    endloop
  endfacet
  facet normal 0 1 0
    outer loop
      vertex -16.2885284424 37.8257064819 25
      vertex -18.0350151062 40.1189460754 25
      vertex -16.5991897583 37.5873298645 25
    endloop
  endfacet
  facet normal 0 1 0
    outer loop
      vertex -16.5991897583 37.5873298645 25
      vertex -18.0350151062 40.1189460754 25
      vertex -18.5090293884 39.821105957 25
    endloop
  endfacet
  facet normal 0 1 0
    outer loop
      vertex -16.5991897583 37.5873298645 25
      vertex -18.5090293884 39.821105957 25
      vertex -18.9048843384 39.4252510071 25
    endloop
  endfacet
  facet normal 0 1 -0
    outer loop
      vertex -18.9048843384 39.4252510071 25
      vertex -19.2027282715 38.9512329102 25
      vertex -16.5991897583 37.5873298645 25
    endloop
  endfacet
  facet normal 0 1 0
    outer loop
      vertex -16.5991897583 37.5873298645 25
      vertex -19.2027282715 38.9512329102 25
      vertex -16.8375663757 37.2766685486 25
    endloop
  endfacet
  facet normal 0 1 0
    outer loop
      vertex -16.8375663757 37.2766685486 25
      vertex -19.2027282715 38.9512329102 25
      vertex -19.3876247406 38.4228286743 25
    endloop
  endfacet
  facet normal 0 1 0
    outer loop
      vertex -16.8375663757 37.2766685486 25
      vertex -19.3876247406 38.4228286743 25
      vertex -19.4503059387 37.8665237427 25
    endloop
  endfacet
  facet normal 0 1 0
    outer loop
      vertex -16.9874172211 36.9148979187 25
      vertex -16.8375663757 37.2766685486 25
      vertex -19.4503059387 37.8665237427 25
    endloop
  endfacet
  facet normal 0 1 0
    outer loop
      vertex -19.4503059387 37.8665237427 25
      vertex -17.0385284424 36.5266685486 25
      vertex -16.9874172211 36.9148979187 25
    endloop
  endfacet
  facet normal 0 1 0
    outer loop
      vertex -19.4503059387 37.8665237427 25
      vertex -16.9874172211 36.1384429932 25
      vertex -17.0385284424 36.5266685486 25
    endloop
  endfacet
  facet normal 0 1 0
    outer loop
      vertex -19.4503059387 33.5266685486 25
      vertex -16.9874172211 36.1384429932 25
      vertex -19.4503059387 37.8665237427 25
    endloop
  endfacet
  facet normal 0 1 0
    outer loop
      vertex -16.8375663757 35.7766685486 25
      vertex -16.9874172211 36.1384429932 25
      vertex -19.4503059387 33.5266685486 25
    endloop
  endfacet
  facet normal 0 1 0
    outer loop
      vertex -19.4503059387 33.5266685486 25
      vertex -16.5991897583 35.4660110474 25
      vertex -16.8375663757 35.7766685486 25
    endloop
  endfacet
  facet normal 0 1 0
    outer loop
      vertex -19.4503059387 33.5266685486 25
      vertex -16.2885284424 35.2276306152 25
      vertex -16.5991897583 35.4660110474 25
    endloop
  endfacet
  facet normal 0 1 0
    outer loop
      vertex -15.5385293961 33.5266685486 25
      vertex -16.2885284424 35.2276306152 25
      vertex -19.4503059387 33.5266685486 25
    endloop
  endfacet
  facet normal 0 1 0
    outer loop
      vertex -15.5385293961 33.5266685486 25
      vertex -15.9267578125 35.0777816772 25
      vertex -16.2885284424 35.2276306152 25
    endloop
  endfacet
  facet normal 0 1 0
    outer loop
      vertex -15.5385293961 33.5266685486 25
      vertex -15.5385293961 35.0266685486 25
      vertex -15.9267578125 35.0777816772 25
    endloop
  endfacet
  facet normal 0 1 0
    outer loop
      vertex -14.9532575607 33.584312439 25
      vertex -15.5385293961 35.0266685486 25
      vertex -15.5385293961 33.5266685486 25
    endloop
  endfacet
  facet normal -0 1 0
    outer loop
      vertex -15.5385293961 35.0266685486 25
      vertex -14.9532575607 33.584312439 25
      vertex -15.1502990723 35.0777816772 25
    endloop
  endfacet
  facet normal 0 0 -1
    outer loop
      vertex -16.9503059387 40.3665237427 25
      vertex -12.5385293961 40.3665237427 25
      vertex -12.5385322571 40.3665237427 22.5000019073
    endloop
  endfacet
  facet normal 1 -9.58531472861e-07 0
    outer loop
      vertex -12.5385293961 40.3665237427 25
      vertex -12.5385293961 36.5266685486 25
      vertex -12.5385322571 40.3665237427 22.5000019073
    endloop
  endfacet
  facet normal -0 1 0
    outer loop
      vertex -14.0896396637 36.1384429932 25
      vertex -12.5961732864 35.9413986206 25
      vertex -14.0385284424 36.5266685486 25
    endloop
  endfacet
  facet normal 0 1 0
    outer loop
      vertex -14.0896396637 36.1384429932 25
      vertex -12.7668905258 35.3786201477 25
      vertex -12.5961732864 35.9413986206 25
    endloop
  endfacet
  facet normal 0.95693975687 0 0.290286660194
    outer loop
      vertex -12.7668905258 35.3786201477 25
      vertex -12.7668905258 35.3786201477 22.5000019073
      vertex -12.5961732864 35.9413986206 25
    endloop
  endfacet
  facet normal 0.95693975687 -0 0.290286660194
    outer loop
      vertex -12.5961732864 35.9413986206 22.5000019073
      vertex -12.5961732864 35.9413986206 25
      vertex -12.7668905258 35.3786201477 22.5000019073
    endloop
  endfacet
  facet normal 0.8819231987 -0 0.471393167973
    outer loop
      vertex -12.7668905258 35.3786201477 22.5000019073
      vertex -12.7668905258 35.3786201477 25
      vertex -13.0441198349 34.8599586487 22.5000019073
    endloop
  endfacet
  facet normal 0.8819231987 0 0.471393167973
    outer loop
      vertex -13.0441198349 34.8599586487 25
      vertex -13.0441198349 34.8599586487 22.5000019073
      vertex -12.7668905258 35.3786201477 25
    endloop
  endfacet
  facet normal 0 1 0
    outer loop
      vertex -14.239490509 35.7766685486 25
      vertex -13.0441198349 34.8599586487 25
      vertex -12.7668905258 35.3786201477 25
    endloop
  endfacet
  facet normal -0 1 0
    outer loop
      vertex -14.239490509 35.7766685486 25
      vertex -12.7668905258 35.3786201477 25
      vertex -14.0896396637 36.1384429932 25
    endloop
  endfacet
  facet normal -0 1 0
    outer loop
      vertex -14.4778690338 35.4660110474 25
      vertex -13.0441198349 34.8599586487 25
      vertex -14.239490509 35.7766685486 25
    endloop
  endfacet
  facet normal 0 1 0
    outer loop
      vertex -14.4778690338 35.4660110474 25
      vertex -13.4172086716 34.4053497314 25
      vertex -13.0441198349 34.8599586487 25
    endloop
  endfacet
  facet normal 0.773008406162 0 0.634395778179
    outer loop
      vertex -13.4172086716 34.4053497314 25
      vertex -13.4172086716 34.4053497314 22.5000019073
      vertex -13.0441198349 34.8599586487 25
    endloop
  endfacet
  facet normal 0.773008406162 -0 0.634395778179
    outer loop
      vertex -13.0441198349 34.8599586487 22.5000019073
      vertex -13.0441198349 34.8599586487 25
      vertex -13.4172086716 34.4053497314 22.5000019073
    endloop
  endfacet
  facet normal 0.634392797947 -0 0.773010849953
    outer loop
      vertex -13.4172086716 34.4053497314 22.5000019073
      vertex -13.4172086716 34.4053497314 25
      vertex -13.8718185425 34.0322608948 22.5000019073
    endloop
  endfacet
  facet normal 0.634392797947 0 0.773010849953
    outer loop
      vertex -13.8718185425 34.0322608948 25
      vertex -13.8718185425 34.0322608948 22.5000019073
      vertex -13.4172086716 34.4053497314 25
    endloop
  endfacet
  facet normal 0 1 0
    outer loop
      vertex -14.4778690338 35.4660110474 25
      vertex -13.8718185425 34.0322608948 25
      vertex -13.4172086716 34.4053497314 25
    endloop
  endfacet
  facet normal -0 1 0
    outer loop
      vertex -14.7885293961 35.2276306152 25
      vertex -13.8718185425 34.0322608948 25
      vertex -14.4778690338 35.4660110474 25
    endloop
  endfacet
  facet normal 0 1 0
    outer loop
      vertex -14.7885293961 35.2276306152 25
      vertex -14.3904800415 33.7550315857 25
      vertex -13.8718185425 34.0322608948 25
    endloop
  endfacet
  facet normal 0.471398025751 0 0.881920576096
    outer loop
      vertex -14.3904800415 33.7550315857 25
      vertex -14.3904800415 33.7550315857 22.5000019073
      vertex -13.8718185425 34.0322608948 25
    endloop
  endfacet
  facet normal 0.471398025751 -0 0.881920576096
    outer loop
      vertex -13.8718185425 34.0322608948 22.5000019073
      vertex -13.8718185425 34.0322608948 25
      vertex -14.3904800415 33.7550315857 22.5000019073
    endloop
  endfacet
  facet normal 0.290287971497 -0 0.956939339638
    outer loop
      vertex -14.3904800415 33.7550315857 22.5000019073
      vertex -14.3904800415 33.7550315857 25
      vertex -14.9532575607 33.584312439 22.5000019073
    endloop
  endfacet
  facet normal -0 -1 0
    outer loop
      vertex -14.3904800415 33.7550315857 22.5000019073
      vertex -14.9532575607 33.584312439 22.5000019073
      vertex -15.1502990723 35.0777816772 22.5000019073
    endloop
  endfacet
  facet normal 0 -1 0
    outer loop
      vertex -14.3904800415 33.7550315857 22.5000019073
      vertex -15.1502990723 35.0777816772 22.5000019073
      vertex -15.0210952759 35.1312980652 22.5000019073
    endloop
  endfacet
  facet normal 0 -1 0
    outer loop
      vertex -14.9532575607 33.584312439 22.5000019073
      vertex -15.3998756409 35.044921875 22.5000019073
      vertex -15.1502990723 35.0777816772 22.5000019073
    endloop
  endfacet
  facet normal -0 -1 0
    outer loop
      vertex -14.9532575607 33.584312439 22.5000019073
      vertex -15.5385303497 33.5266685486 22.5000019073
      vertex -15.3998756409 35.044921875 22.5000019073
    endloop
  endfacet
  facet normal 0 -1 0
    outer loop
      vertex -15.5385303497 33.5266685486 22.5000019073
      vertex -15.5385293961 35.0266685486 22.5000019073
      vertex -15.3998756409 35.044921875 22.5000019073
    endloop
  endfacet
  facet normal 0 -1 -0
    outer loop
      vertex -15.5385303497 33.5266685486 22.5000019073
      vertex -15.7881059647 35.0595245361 22.5000019073
      vertex -15.5385293961 35.0266685486 22.5000019073
    endloop
  endfacet
  facet normal 0 -1 0
    outer loop
      vertex -15.5385303497 33.5266685486 22.5000019073
      vertex -15.9267578125 35.0777816772 22.5000019073
      vertex -15.7881059647 35.0595245361 22.5000019073
    endloop
  endfacet
  facet normal 0 -1 0
    outer loop
      vertex -15.5385303497 33.5266685486 22.5000019073
      vertex -16.159324646 35.1741142273 22.5000019073
      vertex -15.9267578125 35.0777816772 22.5000019073
    endloop
  endfacet
  facet normal 0 -1 0
    outer loop
      vertex -15.5385303497 33.5266685486 22.5000019073
      vertex -16.2885284424 35.2276306152 22.5000019073
      vertex -16.159324646 35.1741142273 22.5000019073
    endloop
  endfacet
  facet normal 0 -1 0
    outer loop
      vertex -15.5385303497 33.5266685486 22.5000019073
      vertex -19.4503059387 33.5266723633 22.5000019073
      vertex -16.2885284424 35.2276306152 22.5000019073
    endloop
  endfacet
  facet normal 0 -1 0
    outer loop
      vertex -19.4503059387 33.5266723633 22.5000019073
      vertex -16.4882392883 35.3808746338 22.5000019073
      vertex -16.2885284424 35.2276306152 22.5000019073
    endloop
  endfacet
  facet normal 0 -1 0
    outer loop
      vertex -19.4503059387 33.5266723633 22.5000019073
      vertex -16.5991897583 35.4660110474 22.5000019073
      vertex -16.4882392883 35.3808746338 22.5000019073
    endloop
  endfacet
  facet normal 0 -1 0
    outer loop
      vertex -19.4503059387 33.5266723633 22.5000019073
      vertex -16.7524318695 35.6657180786 22.5000019073
      vertex -16.5991897583 35.4660110474 22.5000019073
    endloop
  endfacet
  facet normal 0 -1 0
    outer loop
      vertex -19.4503059387 33.5266723633 22.5000019073
      vertex -16.8375663757 35.7766685486 22.5000019073
      vertex -16.7524318695 35.6657180786 22.5000019073
    endloop
  endfacet
  facet normal 0 -1 0
    outer loop
      vertex -19.4503059387 33.5266723633 22.5000019073
      vertex -16.9338989258 36.0092391968 22.5000019073
      vertex -16.8375663757 35.7766685486 22.5000019073
    endloop
  endfacet
  facet normal 0 -1 0
    outer loop
      vertex -19.4503059387 33.5266723633 22.5000019073
      vertex -16.9874172211 36.1384429932 22.5000019073
      vertex -16.9338989258 36.0092391968 22.5000019073
    endloop
  endfacet
  facet normal 0 -1 0
    outer loop
      vertex -19.4503059387 33.5266723633 22.5000019073
      vertex -19.4503059387 37.8665237427 22.5000019073
      vertex -16.9874172211 36.1384429932 22.5000019073
    endloop
  endfacet
  facet normal 0 -1 0
    outer loop
      vertex -19.4503059387 37.8665237427 22.5000019073
      vertex -17.020275116 36.3880195618 22.5000019073
      vertex -16.9874172211 36.1384429932 22.5000019073
    endloop
  endfacet
  facet normal 0 -1 0
    outer loop
      vertex -19.4503059387 37.8665237427 22.5000019073
      vertex -17.0385284424 36.5266685486 22.5000019073
      vertex -17.020275116 36.3880195618 22.5000019073
    endloop
  endfacet
  facet normal 0 -1 0
    outer loop
      vertex -19.4503059387 37.8665237427 22.5000019073
      vertex -17.0056724548 36.7762451172 22.5000019073
      vertex -17.0385284424 36.5266685486 22.5000019073
    endloop
  endfacet
  facet normal 0 -1 0
    outer loop
      vertex -19.4503059387 37.8665237427 22.5000019073
      vertex -16.9874172211 36.9148979187 22.5000019073
      vertex -17.0056724548 36.7762451172 22.5000019073
    endloop
  endfacet
  facet normal 0 -1 0
    outer loop
      vertex -19.4503059387 37.8665237427 22.5000019073
      vertex -16.891084671 37.1474647522 22.5000019073
      vertex -16.9874172211 36.9148979187 22.5000019073
    endloop
  endfacet
  facet normal 0 -1 0
    outer loop
      vertex -19.4503059387 37.8665237427 22.5000019073
      vertex -16.8375663757 37.2766685486 22.5000019073
      vertex -16.891084671 37.1474647522 22.5000019073
    endloop
  endfacet
  facet normal 0 -1 0
    outer loop
      vertex -19.4503059387 37.8665237427 22.5000019073
      vertex -19.4458236694 37.9673538208 22.5000019073
      vertex -16.8375663757 37.2766685486 22.5000019073
    endloop
  endfacet
  facet normal 0 -1 0
    outer loop
      vertex -19.4458236694 37.9673538208 22.5000019073
      vertex -19.4116344452 38.2707939148 22.5000019073
      vertex -16.8375663757 37.2766685486 22.5000019073
    endloop
  endfacet
  facet normal 0 -1 0
    outer loop
      vertex -19.4116344452 38.2707939148 22.5000019073
      vertex -19.3651752472 38.5063819885 22.5000019073
      vertex -16.8375663757 37.2766685486 22.5000019073
    endloop
  endfacet
  facet normal 0 -1 0
    outer loop
      vertex -19.3651752472 38.5063819885 22.5000019073
      vertex -19.2643241882 38.7946014404 22.5000019073
      vertex -16.8375663757 37.2766685486 22.5000019073
    endloop
  endfacet
  facet normal 0 -1 0
    outer loop
      vertex -19.2643241882 38.7946014404 22.5000019073
      vertex -16.6843242645 37.4763793945 22.5000019073
      vertex -16.8375663757 37.2766685486 22.5000019073
    endloop
  endfacet
  facet normal 0 -1 0
    outer loop
      vertex -19.2643241882 38.7946014404 22.5000019073
      vertex -19.1693973541 39.015171051 22.5000019073
      vertex -16.6843242645 37.4763793945 22.5000019073
    endloop
  endfacet
  facet normal 0 -1 0
    outer loop
      vertex -19.1693973541 39.015171051 22.5000019073
      vertex -19.0069389343 39.273727417 22.5000019073
      vertex -16.6843242645 37.4763793945 22.5000019073
    endloop
  endfacet
  facet normal 0 -1 0
    outer loop
      vertex -19.0069389343 39.273727417 22.5000019073
      vertex -16.5991897583 37.5873298645 22.5000019073
      vertex -16.6843242645 37.4763793945 22.5000019073
    endloop
  endfacet
  facet normal 0 -1 0
    outer loop
      vertex -19.0069389343 39.273727417 22.5000019073
      vertex -18.8677845001 39.4694213867 22.5000019073
      vertex -16.5991897583 37.5873298645 22.5000019073
    endloop
  endfacet
  facet normal 0 -1 0
    outer loop
      vertex -18.8677845001 39.4694213867 22.5000019073
      vertex -18.6518630981 39.685344696 22.5000019073
      vertex -16.5991897583 37.5873298645 22.5000019073
    endloop
  endfacet
  facet normal 0 -1 0
    outer loop
      vertex -18.6518630981 39.685344696 22.5000019073
      vertex -18.4746952057 39.8474311829 22.5000019073
      vertex -16.5991897583 37.5873298645 22.5000019073
    endloop
  endfacet
  facet normal 0 -1 0
    outer loop
      vertex -18.4746952057 39.8474311829 22.5000019073
      vertex -18.2161407471 40.00989151 22.5000019073
      vertex -16.5991897583 37.5873298645 22.5000019073
    endloop
  endfacet
  facet normal 0 -1 0
    outer loop
      vertex -18.2161407471 40.00989151 22.5000019073
      vertex -17.7206459045 40.2319869995 22.5000019073
      vertex -16.5991897583 37.5873298645 22.5000019073
    endloop
  endfacet
  facet normal 0 -1 0
    outer loop
      vertex -17.7206459045 40.2319869995 22.5000019073
      vertex -16.3994789124 37.7405700684 22.5000019073
      vertex -16.5991897583 37.5873298645 22.5000019073
    endloop
  endfacet
  facet normal 0 -1 0
    outer loop
      vertex -17.7206459045 40.2319869995 22.5000019073
      vertex -16.2885284424 37.8257064819 22.5000019073
      vertex -16.3994789124 37.7405700684 22.5000019073
    endloop
  endfacet
  facet normal 0 -1 0
    outer loop
      vertex -17.7206459045 40.2319869995 22.5000019073
      vertex -17.1890888214 40.3411521912 22.5000019073
      vertex -16.2885284424 37.8257064819 22.5000019073
    endloop
  endfacet
  facet normal 0 -1 0
    outer loop
      vertex -17.1890888214 40.3411521912 22.5000019073
      vertex -16.9503059387 40.3665237427 22.5000019073
      vertex -16.2885284424 37.8257064819 22.5000019073
    endloop
  endfacet
  facet normal 0 -1 0
    outer loop
      vertex -16.9503059387 40.3665237427 22.5000019073
      vertex -16.0559616089 37.922039032 22.5000019073
      vertex -16.2885284424 37.8257064819 22.5000019073
    endloop
  endfacet
  facet normal 0 -1 0
    outer loop
      vertex -16.9503059387 40.3665237427 22.5000019073
      vertex -15.9267578125 37.9755592346 22.5000019073
      vertex -16.0559616089 37.922039032 22.5000019073
    endloop
  endfacet
  facet normal 0 -1 0
    outer loop
      vertex -16.9503059387 40.3665237427 22.5000019073
      vertex -15.6771821976 38.0084152222 22.5000019073
      vertex -15.9267578125 37.9755592346 22.5000019073
    endloop
  endfacet
  facet normal 0 -1 0
    outer loop
      vertex -16.9503059387 40.3665237427 22.5000019073
      vertex -15.5385293961 38.0266685486 22.5000019073
      vertex -15.6771821976 38.0084152222 22.5000019073
    endloop
  endfacet
  facet normal 0 -1 0
    outer loop
      vertex -16.9503059387 40.3665237427 22.5000019073
      vertex -15.2889528275 37.993812561 22.5000019073
      vertex -15.5385293961 38.0266685486 22.5000019073
    endloop
  endfacet
  facet normal 0 -1 0
    outer loop
      vertex -16.9503059387 40.3665237427 22.5000019073
      vertex -15.1502990723 37.9755592346 22.5000019073
      vertex -15.2889528275 37.993812561 22.5000019073
    endloop
  endfacet
  facet normal 0 -1 0
    outer loop
      vertex -16.9503059387 40.3665237427 22.5000019073
      vertex -12.5385322571 40.3665237427 22.5000019073
      vertex -15.1502990723 37.9755592346 22.5000019073
    endloop
  endfacet
  facet normal 0 -1 0
    outer loop
      vertex -12.5385322571 40.3665237427 22.5000019073
      vertex -14.9177331924 37.8792266846 22.5000019073
      vertex -15.1502990723 37.9755592346 22.5000019073
    endloop
  endfacet
  facet normal 0 -1 0
    outer loop
      vertex -12.5385322571 40.3665237427 22.5000019073
      vertex -14.7885293961 37.8257064819 22.5000019073
      vertex -14.9177331924 37.8792266846 22.5000019073
    endloop
  endfacet
  facet normal 0 -1 0
    outer loop
      vertex -12.5385322571 40.3665237427 22.5000019073
      vertex -14.5888185501 37.6724624634 22.5000019073
      vertex -14.7885293961 37.8257064819 22.5000019073
    endloop
  endfacet
  facet normal 0 -1 0
    outer loop
      vertex -12.5385322571 40.3665237427 22.5000019073
      vertex -14.4778690338 37.5873298645 22.5000019073
      vertex -14.5888185501 37.6724624634 22.5000019073
    endloop
  endfacet
  facet normal 0 -1 0
    outer loop
      vertex -12.5385322571 40.3665237427 22.5000019073
      vertex -14.3246259689 37.3876190186 22.5000019073
      vertex -14.4778690338 37.5873298645 22.5000019073
    endloop
  endfacet
  facet normal 0 -1 0
    outer loop
      vertex -12.5385322571 40.3665237427 22.5000019073
      vertex -14.239490509 37.2766685486 22.5000019073
      vertex -14.3246259689 37.3876190186 22.5000019073
    endloop
  endfacet
  facet normal 0 -1 0
    outer loop
      vertex -17.7206459045 40.2319869995 22.5000019073
      vertex -17.4925251007 40.3069648743 22.5000019073
      vertex -17.1890888214 40.3411521912 22.5000019073
    endloop
  endfacet
  facet normal 0 -1 0
    outer loop
      vertex -18.2161407471 40.00989151 22.5000019073
      vertex -18.0088691711 40.1311302185 22.5000019073
      vertex -17.7206459045 40.2319869995 22.5000019073
    endloop
  endfacet
  facet normal 0 -1 0
    outer loop
      vertex -19.4503059387 37.8665237427 22.5000019073
      vertex -19.4483127594 37.9337921143 22.5000019073
      vertex -19.4458236694 37.9673538208 22.5000019073
    endloop
  endfacet
  facet normal 0 -1 0
    outer loop
      vertex -19.4503059387 37.8665237427 22.5000019073
      vertex -19.4498081207 37.9001731873 22.5000019073
      vertex -19.4483127594 37.9337921143 22.5000019073
    endloop
  endfacet
endsolid "bust_2"
