ISO-10303-21;
HEADER;
/* Generated by software containing ST-Developer
 * from STEP Tools, Inc. (www.steptools.com) 
 */

FILE_DESCRIPTION(
/* description */ (''),
/* implementation_level */ '2;1');

FILE_NAME(
/* name */ 'Enclosure Base.step',
/* time_stamp */ '2026-08-26T12:48:29-05:00',
/* author */ (''),
/* organization */ (''),
/* preprocessor_version */ 'ST-DEVELOPER v20.1',
/* originating_system */ 'Autodesk Translation Framework v15.8.0.0',
/* authorisation */ '');

FILE_SCHEMA (('AUTOMOTIVE_DESIGN { 1 0 10303 214 3 1 1 }'));
ENDSEC;

DATA;
#10=MECHANICAL_DESIGN_GEOMETRIC_PRESENTATION_REPRESENTATION('',(#13),#9339);
#11=SHAPE_REPRESENTATION_RELATIONSHIP('SRR','None',#9346,#12);
#12=ADVANCED_BREP_SHAPE_REPRESENTATION('',(#14),#9338);
#13=STYLED_ITEM('',(#9355),#14);
#14=MANIFOLD_SOLID_BREP('Body1',#5420);
#15=CONICAL_SURFACE('',#5674,2.25,0.785398163397448);
#16=(
BOUNDED_CURVE()
B_SPLINE_CURVE(2,(#8468,#8469,#8470),.UNSPECIFIED.,.F.,.F.)
B_SPLINE_CURVE_WITH_KNOTS((3,3),(0.,0.0354578858046939),.UNSPECIFIED.)
CURVE()
GEOMETRIC_REPRESENTATION_ITEM()
RATIONAL_B_SPLINE_CURVE((1.,1.00095753501075,1.))
REPRESENTATION_ITEM('')
);
#17=(
BOUNDED_CURVE()
B_SPLINE_CURVE(2,(#8816,#8817,#8818),.UNSPECIFIED.,.F.,.F.)
B_SPLINE_CURVE_WITH_KNOTS((3,3),(0.,0.0540912940865113),.UNSPECIFIED.)
CURVE()
GEOMETRIC_REPRESENTATION_ITEM()
RATIONAL_B_SPLINE_CURVE((1.,1.00349528226562,1.))
REPRESENTATION_ITEM('')
);
#18=B_SPLINE_SURFACE_WITH_KNOTS('',3,1,((#7940,#7941),(#7942,#7943),(#7944,
#7945),(#7946,#7947),(#7948,#7949)),.UNSPECIFIED.,.F.,.F.,.F.,(4,1,4),(2,
2),(0.,0.050594327066384,0.118139578602902),(0.,0.0250000000000004),
 .UNSPECIFIED.);
#19=B_SPLINE_SURFACE_WITH_KNOTS('',3,1,((#7963,#7964),(#7965,#7966),(#7967,
#7968),(#7969,#7970),(#7971,#7972)),.UNSPECIFIED.,.F.,.F.,.F.,(4,1,4),(2,
2),(0.,0.0392176494501559,0.0797905386954016),(0.,0.0250000000000004),
 .UNSPECIFIED.);
#20=B_SPLINE_SURFACE_WITH_KNOTS('',3,1,((#7986,#7987),(#7988,#7989),(#7990,
#7991),(#7992,#7993),(#7994,#7995)),.UNSPECIFIED.,.F.,.F.,.F.,(4,1,4),(2,
2),(0.,0.0422052029961482,0.0820518228773383),(0.,0.0250000000000004),
 .UNSPECIFIED.);
#21=B_SPLINE_SURFACE_WITH_KNOTS('',3,1,((#8009,#8010),(#8011,#8012),(#8013,
#8014),(#8015,#8016),(#8017,#8018)),.UNSPECIFIED.,.F.,.F.,.F.,(4,1,4),(2,
2),(0.,0.0336114869033021,0.0697766976085925),(0.,0.0250000000000004),
 .UNSPECIFIED.);
#22=B_SPLINE_SURFACE_WITH_KNOTS('',3,1,((#8032,#8033),(#8034,#8035),(#8036,
#8037),(#8038,#8039),(#8040,#8041)),.UNSPECIFIED.,.F.,.F.,.F.,(4,1,4),(2,
2),(0.,0.0291971238730248,0.0605916679269886),(0.,0.0250000000000004),
 .UNSPECIFIED.);
#23=B_SPLINE_SURFACE_WITH_KNOTS('',3,1,((#8055,#8056),(#8057,#8058),(#8059,
#8060),(#8061,#8062),(#8063,#8064)),.UNSPECIFIED.,.F.,.F.,.F.,(4,1,4),(2,
2),(0.,0.0346778855830408,0.0651896806455779),(0.,0.0250000000000004),
 .UNSPECIFIED.);
#24=B_SPLINE_SURFACE_WITH_KNOTS('',3,1,((#8078,#8079),(#8080,#8081),(#8082,
#8083),(#8084,#8085),(#8086,#8087)),.UNSPECIFIED.,.F.,.F.,.F.,(4,1,4),(2,
2),(0.,0.0436666441447011,0.0721874530096238),(0.,0.0250000000000004),
 .UNSPECIFIED.);
#25=B_SPLINE_SURFACE_WITH_KNOTS('',3,1,((#8119,#8120),(#8121,#8122),(#8123,
#8124),(#8125,#8126),(#8127,#8128)),.UNSPECIFIED.,.F.,.F.,.F.,(4,1,4),(2,
2),(0.,0.0488836740767578,0.122470285442257),(0.,0.0250000000000004),
 .UNSPECIFIED.);
#26=B_SPLINE_SURFACE_WITH_KNOTS('',3,1,((#8142,#8143),(#8144,#8145),(#8146,
#8147),(#8148,#8149),(#8150,#8151)),.UNSPECIFIED.,.F.,.F.,.F.,(4,1,4),(2,
2),(0.,0.0344779099683057,0.0696823718674978),(0.,0.0250000000000004),
 .UNSPECIFIED.);
#27=B_SPLINE_SURFACE_WITH_KNOTS('',3,1,((#8165,#8166),(#8167,#8168),(#8169,
#8170),(#8171,#8172),(#8173,#8174)),.UNSPECIFIED.,.F.,.F.,.F.,(4,1,4),(2,
2),(0.,0.0377520032186297,0.0734280927230093),(0.,0.0250000000000004),
 .UNSPECIFIED.);
#28=B_SPLINE_SURFACE_WITH_KNOTS('',3,1,((#8188,#8189),(#8190,#8191),(#8192,
#8193),(#8194,#8195),(#8196,#8197)),.UNSPECIFIED.,.F.,.F.,.F.,(4,1,4),(2,
2),(0.,0.0349303518155378,0.0737410184935274),(0.,0.0250000000000004),
 .UNSPECIFIED.);
#29=B_SPLINE_SURFACE_WITH_KNOTS('',3,1,((#8211,#8212),(#8213,#8214),(#8215,
#8216),(#8217,#8218),(#8219,#8220)),.UNSPECIFIED.,.F.,.F.,.F.,(4,1,4),(2,
2),(0.,0.0388343806953226,0.0737250834009038),(0.,0.0250000000000004),
 .UNSPECIFIED.);
#30=B_SPLINE_SURFACE_WITH_KNOTS('',3,1,((#8234,#8235),(#8236,#8237),(#8238,
#8239),(#8240,#8241),(#8242,#8243)),.UNSPECIFIED.,.F.,.F.,.F.,(4,1,4),(2,
2),(0.,0.0604810594975442,0.101592512171067),(0.,0.0250000000000004),
 .UNSPECIFIED.);
#31=B_SPLINE_SURFACE_WITH_KNOTS('',3,1,((#8266,#8267),(#8268,#8269),(#8270,
#8271),(#8272,#8273),(#8274,#8275)),.UNSPECIFIED.,.F.,.F.,.F.,(4,1,4),(2,
2),(0.,0.0594465836592865,0.129989646977815),(0.,0.0250000000000004),
 .UNSPECIFIED.);
#32=B_SPLINE_SURFACE_WITH_KNOTS('',3,1,((#8285,#8286),(#8287,#8288),(#8289,
#8290),(#8291,#8292),(#8293,#8294)),.UNSPECIFIED.,.F.,.F.,.F.,(4,1,4),(2,
2),(0.,0.045580120709346,0.0965757704781053),(0.,0.0250000000000004),
 .UNSPECIFIED.);
#33=B_SPLINE_SURFACE_WITH_KNOTS('',3,1,((#8302,#8303),(#8304,#8305),(#8306,
#8307),(#8308,#8309),(#8310,#8311)),.UNSPECIFIED.,.F.,.F.,.F.,(4,1,4),(2,
2),(0.,0.0503320941894133,0.0954797985039281),(0.,0.0250000000000004),
 .UNSPECIFIED.);
#34=B_SPLINE_SURFACE_WITH_KNOTS('',3,1,((#8319,#8320),(#8321,#8322),(#8323,
#8324),(#8325,#8326),(#8327,#8328)),.UNSPECIFIED.,.F.,.F.,.F.,(4,1,4),(2,
2),(0.,0.0545529480030414,0.107885143292072),(0.,0.0250000000000004),
 .UNSPECIFIED.);
#35=B_SPLINE_SURFACE_WITH_KNOTS('',3,1,((#8336,#8337),(#8338,#8339),(#8340,
#8341),(#8342,#8343),(#8344,#8345)),.UNSPECIFIED.,.F.,.F.,.F.,(4,1,4),(2,
2),(0.,0.0631268984028194,0.129063877060066),(0.,0.0250000000000004),
 .UNSPECIFIED.);
#36=B_SPLINE_SURFACE_WITH_KNOTS('',3,1,((#8353,#8354),(#8355,#8356),(#8357,
#8358),(#8359,#8360),(#8361,#8362)),.UNSPECIFIED.,.F.,.F.,.F.,(4,1,4),(2,
2),(0.,0.0703473573222264,0.134886605262654),(0.,0.0250000000000004),
 .UNSPECIFIED.);
#37=B_SPLINE_SURFACE_WITH_KNOTS('',3,1,((#8370,#8371),(#8372,#8373),(#8374,
#8375),(#8376,#8377),(#8378,#8379)),.UNSPECIFIED.,.F.,.F.,.F.,(4,1,4),(2,
2),(0.,0.0538036411426649,0.11252949423133),(0.,0.0250000000000004),
 .UNSPECIFIED.);
#38=B_SPLINE_SURFACE_WITH_KNOTS('',3,1,((#8387,#8388),(#8389,#8390),(#8391,
#8392),(#8393,#8394),(#8395,#8396)),.UNSPECIFIED.,.F.,.F.,.F.,(4,1,4),(2,
2),(0.,0.0502791177251823,0.101517416130815),(0.,0.0250000000000004),
 .UNSPECIFIED.);
#39=B_SPLINE_SURFACE_WITH_KNOTS('',3,1,((#8404,#8405),(#8406,#8407),(#8408,
#8409),(#8410,#8411),(#8412,#8413)),.UNSPECIFIED.,.F.,.F.,.F.,(4,1,4),(2,
2),(0.,0.0567468919077549,0.111270472987405),(0.,0.0250000000000004),
 .UNSPECIFIED.);
#40=B_SPLINE_SURFACE_WITH_KNOTS('',3,1,((#8421,#8422),(#8423,#8424),(#8425,
#8426),(#8427,#8428),(#8429,#8430)),.UNSPECIFIED.,.F.,.F.,.F.,(4,1,4),(2,
2),(0.,0.0582203566992348,0.115901160610544),(0.,0.0250000000000004),
 .UNSPECIFIED.);
#41=B_SPLINE_SURFACE_WITH_KNOTS('',3,1,((#8438,#8439),(#8440,#8441),(#8442,
#8443),(#8444,#8445),(#8446,#8447)),.UNSPECIFIED.,.F.,.F.,.F.,(4,1,4),(2,
2),(0.,0.0828285049849153,0.149813202074575),(0.,0.0250000000000004),
 .UNSPECIFIED.);
#42=B_SPLINE_SURFACE_WITH_KNOTS('',3,1,((#8483,#8484),(#8485,#8486),(#8487,
#8488),(#8489,#8490),(#8491,#8492)),.UNSPECIFIED.,.F.,.F.,.F.,(4,1,4),(2,
2),(0.,0.0597960345411868,0.137348878179459),(0.,0.0250000000000004),
 .UNSPECIFIED.);
#43=B_SPLINE_SURFACE_WITH_KNOTS('',3,1,((#8506,#8507),(#8508,#8509),(#8510,
#8511),(#8512,#8513),(#8514,#8515)),.UNSPECIFIED.,.F.,.F.,.F.,(4,1,4),(2,
2),(0.,0.0527212615215706,0.10454995346052),(0.,0.0250000000000004),
 .UNSPECIFIED.);
#44=B_SPLINE_SURFACE_WITH_KNOTS('',3,1,((#8529,#8530),(#8531,#8532),(#8533,
#8534),(#8535,#8536),(#8537,#8538)),.UNSPECIFIED.,.F.,.F.,.F.,(4,1,4),(2,
2),(0.,0.0379658995972254,0.0756557875466871),(0.,0.0250000000000004),
 .UNSPECIFIED.);
#45=B_SPLINE_SURFACE_WITH_KNOTS('',3,1,((#8552,#8553),(#8554,#8555),(#8556,
#8557),(#8558,#8559),(#8560,#8561)),.UNSPECIFIED.,.F.,.F.,.F.,(4,1,4),(2,
2),(0.,0.0409606401469606,0.0796788391584723),(0.,0.0250000000000004),
 .UNSPECIFIED.);
#46=B_SPLINE_SURFACE_WITH_KNOTS('',3,1,((#8575,#8576),(#8577,#8578),(#8579,
#8580),(#8581,#8582),(#8583,#8584)),.UNSPECIFIED.,.F.,.F.,.F.,(4,1,4),(2,
2),(0.,0.0647745036568981,0.114894991585551),(0.,0.0250000000000004),
 .UNSPECIFIED.);
#47=B_SPLINE_SURFACE_WITH_KNOTS('',3,1,((#8617,#8618),(#8619,#8620),(#8621,
#8622),(#8623,#8624),(#8625,#8626)),.UNSPECIFIED.,.F.,.F.,.F.,(4,1,4),(2,
2),(0.,0.0239103142949119,0.0591210914624596),(0.,0.0250000000000004),
 .UNSPECIFIED.);
#48=B_SPLINE_SURFACE_WITH_KNOTS('',3,1,((#8634,#8635),(#8636,#8637),(#8638,
#8639),(#8640,#8641),(#8642,#8643)),.UNSPECIFIED.,.F.,.F.,.F.,(4,1,4),(2,
2),(0.,0.0272254689805393,0.0529601602332304),(0.,0.0250000000000004),
 .UNSPECIFIED.);
#49=B_SPLINE_SURFACE_WITH_KNOTS('',3,1,((#8651,#8652),(#8653,#8654),(#8655,
#8656),(#8657,#8658),(#8659,#8660)),.UNSPECIFIED.,.F.,.F.,.F.,(4,1,4),(2,
2),(0.,0.0431666804871647,0.0760580625258485),(0.,0.0250000000000004),
 .UNSPECIFIED.);
#50=B_SPLINE_SURFACE_WITH_KNOTS('',3,1,((#8668,#8669),(#8670,#8671),(#8672,
#8673),(#8674,#8675),(#8676,#8677)),.UNSPECIFIED.,.F.,.F.,.F.,(4,1,4),(2,
2),(0.,0.0763564277749412,0.134150673867888),(0.,0.0250000000000004),
 .UNSPECIFIED.);
#51=B_SPLINE_SURFACE_WITH_KNOTS('',3,1,((#8697,#8698),(#8699,#8700),(#8701,
#8702),(#8703,#8704),(#8705,#8706)),.UNSPECIFIED.,.F.,.F.,.F.,(4,1,4),(2,
2),(0.,0.0658191348910128,0.138267435884248),(0.,0.0250000000000004),
 .UNSPECIFIED.);
#52=B_SPLINE_SURFACE_WITH_KNOTS('',3,1,((#8714,#8715),(#8716,#8717),(#8718,
#8719),(#8720,#8721),(#8722,#8723)),.UNSPECIFIED.,.F.,.F.,.F.,(4,1,4),(2,
2),(0.,0.0420602593855569,0.0754313172531395),(0.,0.0250000000000004),
 .UNSPECIFIED.);
#53=B_SPLINE_SURFACE_WITH_KNOTS('',3,1,((#8731,#8732),(#8733,#8734),(#8735,
#8736),(#8737,#8738),(#8739,#8740)),.UNSPECIFIED.,.F.,.F.,.F.,(4,1,4),(2,
2),(0.,0.0848361159840806,0.188411104386632),(0.,0.0250000000000004),
 .UNSPECIFIED.);
#54=B_SPLINE_SURFACE_WITH_KNOTS('',3,1,((#8748,#8749),(#8750,#8751),(#8752,
#8753),(#8754,#8755),(#8756,#8757)),.UNSPECIFIED.,.F.,.F.,.F.,(4,1,4),(2,
2),(0.,0.0796457390876777,0.156739898900429),(0.,0.0250000000000004),
 .UNSPECIFIED.);
#55=B_SPLINE_SURFACE_WITH_KNOTS('',3,1,((#8765,#8766),(#8767,#8768),(#8769,
#8770),(#8771,#8772),(#8773,#8774)),.UNSPECIFIED.,.F.,.F.,.F.,(4,1,4),(2,
2),(0.,0.062626637484223,0.12633752997545),(0.,0.0250000000000004),
 .UNSPECIFIED.);
#56=B_SPLINE_SURFACE_WITH_KNOTS('',3,1,((#8782,#8783),(#8784,#8785),(#8786,
#8787),(#8788,#8789),(#8790,#8791)),.UNSPECIFIED.,.F.,.F.,.F.,(4,1,4),(2,
2),(0.,0.0582700693567696,0.118742990759471),(0.,0.0250000000000004),
 .UNSPECIFIED.);
#57=B_SPLINE_SURFACE_WITH_KNOTS('',3,1,((#8799,#8800),(#8801,#8802),(#8803,
#8804),(#8805,#8806),(#8807,#8808)),.UNSPECIFIED.,.F.,.F.,.F.,(4,1,4),(2,
2),(0.,0.0942878542349216,0.16465576603458),(0.,0.0250000000000004),
 .UNSPECIFIED.);
#58=B_SPLINE_CURVE_WITH_KNOTS('',3,(#7573,#7574,#7575,#7576,#7577),
 .UNSPECIFIED.,.F.,.F.,(4,1,4),(0.,0.0942878542349216,0.16465576603458),
 .UNSPECIFIED.);
#59=B_SPLINE_CURVE_WITH_KNOTS('',3,(#7579,#7580,#7581,#7582,#7583),
 .UNSPECIFIED.,.F.,.F.,(4,1,4),(0.,0.0582700693567696,0.118742990759471),
 .UNSPECIFIED.);
#60=B_SPLINE_CURVE_WITH_KNOTS('',3,(#7585,#7586,#7587,#7588,#7589),
 .UNSPECIFIED.,.F.,.F.,(4,1,4),(0.,0.062626637484223,0.12633752997545),
 .UNSPECIFIED.);
#61=B_SPLINE_CURVE_WITH_KNOTS('',3,(#7591,#7592,#7593,#7594,#7595),
 .UNSPECIFIED.,.F.,.F.,(4,1,4),(0.,0.0796457390876777,0.156739898900429),
 .UNSPECIFIED.);
#62=B_SPLINE_CURVE_WITH_KNOTS('',3,(#7597,#7598,#7599,#7600,#7601),
 .UNSPECIFIED.,.F.,.F.,(4,1,4),(0.,0.0848361159840806,0.188411104386632),
 .UNSPECIFIED.);
#63=B_SPLINE_CURVE_WITH_KNOTS('',3,(#7603,#7604,#7605,#7606,#7607),
 .UNSPECIFIED.,.F.,.F.,(4,1,4),(0.,0.0420602593855569,0.0754313172531395),
 .UNSPECIFIED.);
#64=B_SPLINE_CURVE_WITH_KNOTS('',3,(#7609,#7610,#7611,#7612,#7613),
 .UNSPECIFIED.,.F.,.F.,(4,1,4),(0.,0.0658191348910128,0.138267435884248),
 .UNSPECIFIED.);
#65=B_SPLINE_CURVE_WITH_KNOTS('',3,(#7621,#7622,#7623,#7624,#7625),
 .UNSPECIFIED.,.F.,.F.,(4,1,4),(0.,0.0763564277749412,0.134150673867888),
 .UNSPECIFIED.);
#66=B_SPLINE_CURVE_WITH_KNOTS('',3,(#7627,#7628,#7629,#7630,#7631),
 .UNSPECIFIED.,.F.,.F.,(4,1,4),(0.,0.0431666804871647,0.0760580625258485),
 .UNSPECIFIED.);
#67=B_SPLINE_CURVE_WITH_KNOTS('',3,(#7633,#7634,#7635,#7636,#7637),
 .UNSPECIFIED.,.F.,.F.,(4,1,4),(0.,0.0272254689805393,0.0529601602332304),
 .UNSPECIFIED.);
#68=B_SPLINE_CURVE_WITH_KNOTS('',3,(#7639,#7640,#7641,#7642,#7643),
 .UNSPECIFIED.,.F.,.F.,(4,1,4),(0.,0.0239103142949119,0.0591210914624596),
 .UNSPECIFIED.);
#69=B_SPLINE_CURVE_WITH_KNOTS('',3,(#7657,#7658,#7659,#7660,#7661),
 .UNSPECIFIED.,.F.,.F.,(4,1,4),(0.,0.0594465836592865,0.129989646977815),
 .UNSPECIFIED.);
#70=B_SPLINE_CURVE_WITH_KNOTS('',3,(#7669,#7670,#7671,#7672,#7673),
 .UNSPECIFIED.,.F.,.F.,(4,1,4),(0.,0.0828285049849153,0.149813202074575),
 .UNSPECIFIED.);
#71=B_SPLINE_CURVE_WITH_KNOTS('',3,(#7675,#7676,#7677,#7678,#7679),
 .UNSPECIFIED.,.F.,.F.,(4,1,4),(0.,0.0582203566992348,0.115901160610544),
 .UNSPECIFIED.);
#72=B_SPLINE_CURVE_WITH_KNOTS('',3,(#7681,#7682,#7683,#7684,#7685),
 .UNSPECIFIED.,.F.,.F.,(4,1,4),(0.,0.0567468919077549,0.111270472987405),
 .UNSPECIFIED.);
#73=B_SPLINE_CURVE_WITH_KNOTS('',3,(#7687,#7688,#7689,#7690,#7691),
 .UNSPECIFIED.,.F.,.F.,(4,1,4),(0.,0.0502791177251823,0.101517416130815),
 .UNSPECIFIED.);
#74=B_SPLINE_CURVE_WITH_KNOTS('',3,(#7693,#7694,#7695,#7696,#7697),
 .UNSPECIFIED.,.F.,.F.,(4,1,4),(0.,0.0538036411426649,0.11252949423133),
 .UNSPECIFIED.);
#75=B_SPLINE_CURVE_WITH_KNOTS('',3,(#7699,#7700,#7701,#7702,#7703),
 .UNSPECIFIED.,.F.,.F.,(4,1,4),(0.,0.0703473573222264,0.134886605262654),
 .UNSPECIFIED.);
#76=B_SPLINE_CURVE_WITH_KNOTS('',3,(#7705,#7706,#7707,#7708,#7709),
 .UNSPECIFIED.,.F.,.F.,(4,1,4),(0.,0.0631268984028194,0.129063877060066),
 .UNSPECIFIED.);
#77=B_SPLINE_CURVE_WITH_KNOTS('',3,(#7711,#7712,#7713,#7714,#7715),
 .UNSPECIFIED.,.F.,.F.,(4,1,4),(0.,0.0545529480030414,0.107885143292072),
 .UNSPECIFIED.);
#78=B_SPLINE_CURVE_WITH_KNOTS('',3,(#7717,#7718,#7719,#7720,#7721),
 .UNSPECIFIED.,.F.,.F.,(4,1,4),(0.,0.0503320941894133,0.0954797985039281),
 .UNSPECIFIED.);
#79=B_SPLINE_CURVE_WITH_KNOTS('',3,(#7722,#7723,#7724,#7725,#7726),
 .UNSPECIFIED.,.F.,.F.,(4,1,4),(0.,0.045580120709346,0.0965757704781053),
 .UNSPECIFIED.);
#80=B_SPLINE_CURVE_WITH_KNOTS('',3,(#7951,#7952,#7953,#7954,#7955),
 .UNSPECIFIED.,.F.,.F.,(4,1,4),(0.,0.050594327066384,0.118139578602902),
 .UNSPECIFIED.);
#81=B_SPLINE_CURVE_WITH_KNOTS('',3,(#7958,#7959,#7960,#7961,#7962),
 .UNSPECIFIED.,.F.,.F.,(4,1,4),(0.,0.050594327066384,0.118139578602902),
 .UNSPECIFIED.);
#82=B_SPLINE_CURVE_WITH_KNOTS('',3,(#7974,#7975,#7976,#7977,#7978),
 .UNSPECIFIED.,.F.,.F.,(4,1,4),(0.,0.0392176494501559,0.0797905386954016),
 .UNSPECIFIED.);
#83=B_SPLINE_CURVE_WITH_KNOTS('',3,(#7981,#7982,#7983,#7984,#7985),
 .UNSPECIFIED.,.F.,.F.,(4,1,4),(0.,0.0392176494501559,0.0797905386954016),
 .UNSPECIFIED.);
#84=B_SPLINE_CURVE_WITH_KNOTS('',3,(#7997,#7998,#7999,#8000,#8001),
 .UNSPECIFIED.,.F.,.F.,(4,1,4),(0.,0.0422052029961482,0.0820518228773383),
 .UNSPECIFIED.);
#85=B_SPLINE_CURVE_WITH_KNOTS('',3,(#8004,#8005,#8006,#8007,#8008),
 .UNSPECIFIED.,.F.,.F.,(4,1,4),(0.,0.0422052029961482,0.0820518228773383),
 .UNSPECIFIED.);
#86=B_SPLINE_CURVE_WITH_KNOTS('',3,(#8020,#8021,#8022,#8023,#8024),
 .UNSPECIFIED.,.F.,.F.,(4,1,4),(0.,0.0336114869033021,0.0697766976085925),
 .UNSPECIFIED.);
#87=B_SPLINE_CURVE_WITH_KNOTS('',3,(#8027,#8028,#8029,#8030,#8031),
 .UNSPECIFIED.,.F.,.F.,(4,1,4),(0.,0.0336114869033021,0.0697766976085925),
 .UNSPECIFIED.);
#88=B_SPLINE_CURVE_WITH_KNOTS('',3,(#8043,#8044,#8045,#8046,#8047),
 .UNSPECIFIED.,.F.,.F.,(4,1,4),(0.,0.0291971238730248,0.0605916679269886),
 .UNSPECIFIED.);
#89=B_SPLINE_CURVE_WITH_KNOTS('',3,(#8050,#8051,#8052,#8053,#8054),
 .UNSPECIFIED.,.F.,.F.,(4,1,4),(0.,0.0291971238730248,0.0605916679269886),
 .UNSPECIFIED.);
#90=B_SPLINE_CURVE_WITH_KNOTS('',3,(#8066,#8067,#8068,#8069,#8070),
 .UNSPECIFIED.,.F.,.F.,(4,1,4),(0.,0.0346778855830408,0.0651896806455779),
 .UNSPECIFIED.);
#91=B_SPLINE_CURVE_WITH_KNOTS('',3,(#8073,#8074,#8075,#8076,#8077),
 .UNSPECIFIED.,.F.,.F.,(4,1,4),(0.,0.0346778855830408,0.0651896806455779),
 .UNSPECIFIED.);
#92=B_SPLINE_CURVE_WITH_KNOTS('',3,(#8089,#8090,#8091,#8092,#8093),
 .UNSPECIFIED.,.F.,.F.,(4,1,4),(0.,0.0436666441447011,0.0721874530096238),
 .UNSPECIFIED.);
#93=B_SPLINE_CURVE_WITH_KNOTS('',3,(#8096,#8097,#8098,#8099,#8100),
 .UNSPECIFIED.,.F.,.F.,(4,1,4),(0.,0.0436666441447011,0.0721874530096238),
 .UNSPECIFIED.);
#94=B_SPLINE_CURVE_WITH_KNOTS('',3,(#8130,#8131,#8132,#8133,#8134),
 .UNSPECIFIED.,.F.,.F.,(4,1,4),(0.,0.0488836740767578,0.122470285442257),
 .UNSPECIFIED.);
#95=B_SPLINE_CURVE_WITH_KNOTS('',3,(#8137,#8138,#8139,#8140,#8141),
 .UNSPECIFIED.,.F.,.F.,(4,1,4),(0.,0.0488836740767578,0.122470285442257),
 .UNSPECIFIED.);
#96=B_SPLINE_CURVE_WITH_KNOTS('',3,(#8153,#8154,#8155,#8156,#8157),
 .UNSPECIFIED.,.F.,.F.,(4,1,4),(0.,0.0344779099683057,0.0696823718674978),
 .UNSPECIFIED.);
#97=B_SPLINE_CURVE_WITH_KNOTS('',3,(#8160,#8161,#8162,#8163,#8164),
 .UNSPECIFIED.,.F.,.F.,(4,1,4),(0.,0.0344779099683057,0.0696823718674978),
 .UNSPECIFIED.);
#98=B_SPLINE_CURVE_WITH_KNOTS('',3,(#8176,#8177,#8178,#8179,#8180),
 .UNSPECIFIED.,.F.,.F.,(4,1,4),(0.,0.0377520032186297,0.0734280927230093),
 .UNSPECIFIED.);
#99=B_SPLINE_CURVE_WITH_KNOTS('',3,(#8183,#8184,#8185,#8186,#8187),
 .UNSPECIFIED.,.F.,.F.,(4,1,4),(0.,0.0377520032186297,0.0734280927230093),
 .UNSPECIFIED.);
#100=B_SPLINE_CURVE_WITH_KNOTS('',3,(#8199,#8200,#8201,#8202,#8203),
 .UNSPECIFIED.,.F.,.F.,(4,1,4),(0.,0.0349303518155378,0.0737410184935274),
 .UNSPECIFIED.);
#101=B_SPLINE_CURVE_WITH_KNOTS('',3,(#8206,#8207,#8208,#8209,#8210),
 .UNSPECIFIED.,.F.,.F.,(4,1,4),(0.,0.0349303518155378,0.0737410184935274),
 .UNSPECIFIED.);
#102=B_SPLINE_CURVE_WITH_KNOTS('',3,(#8222,#8223,#8224,#8225,#8226),
 .UNSPECIFIED.,.F.,.F.,(4,1,4),(0.,0.0388343806953226,0.0737250834009038),
 .UNSPECIFIED.);
#103=B_SPLINE_CURVE_WITH_KNOTS('',3,(#8229,#8230,#8231,#8232,#8233),
 .UNSPECIFIED.,.F.,.F.,(4,1,4),(0.,0.0388343806953226,0.0737250834009038),
 .UNSPECIFIED.);
#104=B_SPLINE_CURVE_WITH_KNOTS('',3,(#8245,#8246,#8247,#8248,#8249),
 .UNSPECIFIED.,.F.,.F.,(4,1,4),(0.,0.0604810594975442,0.101592512171067),
 .UNSPECIFIED.);
#105=B_SPLINE_CURVE_WITH_KNOTS('',3,(#8252,#8253,#8254,#8255,#8256),
 .UNSPECIFIED.,.F.,.F.,(4,1,4),(0.,0.0604810594975442,0.101592512171067),
 .UNSPECIFIED.);
#106=B_SPLINE_CURVE_WITH_KNOTS('',3,(#8279,#8280,#8281,#8282,#8283),
 .UNSPECIFIED.,.F.,.F.,(4,1,4),(0.,0.0594465836592865,0.129989646977815),
 .UNSPECIFIED.);
#107=B_SPLINE_CURVE_WITH_KNOTS('',3,(#8297,#8298,#8299,#8300,#8301),
 .UNSPECIFIED.,.F.,.F.,(4,1,4),(0.,0.045580120709346,0.0965757704781053),
 .UNSPECIFIED.);
#108=B_SPLINE_CURVE_WITH_KNOTS('',3,(#8314,#8315,#8316,#8317,#8318),
 .UNSPECIFIED.,.F.,.F.,(4,1,4),(0.,0.0503320941894133,0.0954797985039281),
 .UNSPECIFIED.);
#109=B_SPLINE_CURVE_WITH_KNOTS('',3,(#8331,#8332,#8333,#8334,#8335),
 .UNSPECIFIED.,.F.,.F.,(4,1,4),(0.,0.0545529480030414,0.107885143292072),
 .UNSPECIFIED.);
#110=B_SPLINE_CURVE_WITH_KNOTS('',3,(#8348,#8349,#8350,#8351,#8352),
 .UNSPECIFIED.,.F.,.F.,(4,1,4),(0.,0.0631268984028194,0.129063877060066),
 .UNSPECIFIED.);
#111=B_SPLINE_CURVE_WITH_KNOTS('',3,(#8365,#8366,#8367,#8368,#8369),
 .UNSPECIFIED.,.F.,.F.,(4,1,4),(0.,0.0703473573222264,0.134886605262654),
 .UNSPECIFIED.);
#112=B_SPLINE_CURVE_WITH_KNOTS('',3,(#8382,#8383,#8384,#8385,#8386),
 .UNSPECIFIED.,.F.,.F.,(4,1,4),(0.,0.0538036411426649,0.11252949423133),
 .UNSPECIFIED.);
#113=B_SPLINE_CURVE_WITH_KNOTS('',3,(#8399,#8400,#8401,#8402,#8403),
 .UNSPECIFIED.,.F.,.F.,(4,1,4),(0.,0.0502791177251823,0.101517416130815),
 .UNSPECIFIED.);
#114=B_SPLINE_CURVE_WITH_KNOTS('',3,(#8416,#8417,#8418,#8419,#8420),
 .UNSPECIFIED.,.F.,.F.,(4,1,4),(0.,0.0567468919077549,0.111270472987405),
 .UNSPECIFIED.);
#115=B_SPLINE_CURVE_WITH_KNOTS('',3,(#8433,#8434,#8435,#8436,#8437),
 .UNSPECIFIED.,.F.,.F.,(4,1,4),(0.,0.0582203566992348,0.115901160610544),
 .UNSPECIFIED.);
#116=B_SPLINE_CURVE_WITH_KNOTS('',3,(#8450,#8451,#8452,#8453,#8454),
 .UNSPECIFIED.,.F.,.F.,(4,1,4),(0.,0.0828285049849153,0.149813202074575),
 .UNSPECIFIED.);
#117=B_SPLINE_CURVE_WITH_KNOTS('',3,(#8494,#8495,#8496,#8497,#8498),
 .UNSPECIFIED.,.F.,.F.,(4,1,4),(0.,0.0597960345411868,0.137348878179459),
 .UNSPECIFIED.);
#118=B_SPLINE_CURVE_WITH_KNOTS('',3,(#8501,#8502,#8503,#8504,#8505),
 .UNSPECIFIED.,.F.,.F.,(4,1,4),(0.,0.0597960345411868,0.137348878179459),
 .UNSPECIFIED.);
#119=B_SPLINE_CURVE_WITH_KNOTS('',3,(#8517,#8518,#8519,#8520,#8521),
 .UNSPECIFIED.,.F.,.F.,(4,1,4),(0.,0.0527212615215706,0.10454995346052),
 .UNSPECIFIED.);
#120=B_SPLINE_CURVE_WITH_KNOTS('',3,(#8524,#8525,#8526,#8527,#8528),
 .UNSPECIFIED.,.F.,.F.,(4,1,4),(0.,0.0527212615215706,0.10454995346052),
 .UNSPECIFIED.);
#121=B_SPLINE_CURVE_WITH_KNOTS('',3,(#8540,#8541,#8542,#8543,#8544),
 .UNSPECIFIED.,.F.,.F.,(4,1,4),(0.,0.0379658995972254,0.0756557875466871),
 .UNSPECIFIED.);
#122=B_SPLINE_CURVE_WITH_KNOTS('',3,(#8547,#8548,#8549,#8550,#8551),
 .UNSPECIFIED.,.F.,.F.,(4,1,4),(0.,0.0379658995972254,0.0756557875466871),
 .UNSPECIFIED.);
#123=B_SPLINE_CURVE_WITH_KNOTS('',3,(#8563,#8564,#8565,#8566,#8567),
 .UNSPECIFIED.,.F.,.F.,(4,1,4),(0.,0.0409606401469606,0.0796788391584723),
 .UNSPECIFIED.);
#124=B_SPLINE_CURVE_WITH_KNOTS('',3,(#8570,#8571,#8572,#8573,#8574),
 .UNSPECIFIED.,.F.,.F.,(4,1,4),(0.,0.0409606401469606,0.0796788391584723),
 .UNSPECIFIED.);
#125=B_SPLINE_CURVE_WITH_KNOTS('',3,(#8586,#8587,#8588,#8589,#8590),
 .UNSPECIFIED.,.F.,.F.,(4,1,4),(0.,0.0647745036568981,0.114894991585551),
 .UNSPECIFIED.);
#126=B_SPLINE_CURVE_WITH_KNOTS('',3,(#8593,#8594,#8595,#8596,#8597),
 .UNSPECIFIED.,.F.,.F.,(4,1,4),(0.,0.0647745036568981,0.114894991585551),
 .UNSPECIFIED.);
#127=B_SPLINE_CURVE_WITH_KNOTS('',3,(#8629,#8630,#8631,#8632,#8633),
 .UNSPECIFIED.,.F.,.F.,(4,1,4),(0.,0.0239103142949119,0.0591210914624596),
 .UNSPECIFIED.);
#128=B_SPLINE_CURVE_WITH_KNOTS('',3,(#8646,#8647,#8648,#8649,#8650),
 .UNSPECIFIED.,.F.,.F.,(4,1,4),(0.,0.0272254689805393,0.0529601602332304),
 .UNSPECIFIED.);
#129=B_SPLINE_CURVE_WITH_KNOTS('',3,(#8663,#8664,#8665,#8666,#8667),
 .UNSPECIFIED.,.F.,.F.,(4,1,4),(0.,0.0431666804871647,0.0760580625258485),
 .UNSPECIFIED.);
#130=B_SPLINE_CURVE_WITH_KNOTS('',3,(#8680,#8681,#8682,#8683,#8684),
 .UNSPECIFIED.,.F.,.F.,(4,1,4),(0.,0.0763564277749412,0.134150673867888),
 .UNSPECIFIED.);
#131=B_SPLINE_CURVE_WITH_KNOTS('',3,(#8709,#8710,#8711,#8712,#8713),
 .UNSPECIFIED.,.F.,.F.,(4,1,4),(0.,0.0658191348910128,0.138267435884248),
 .UNSPECIFIED.);
#132=B_SPLINE_CURVE_WITH_KNOTS('',3,(#8726,#8727,#8728,#8729,#8730),
 .UNSPECIFIED.,.F.,.F.,(4,1,4),(0.,0.0420602593855569,0.0754313172531395),
 .UNSPECIFIED.);
#133=B_SPLINE_CURVE_WITH_KNOTS('',3,(#8743,#8744,#8745,#8746,#8747),
 .UNSPECIFIED.,.F.,.F.,(4,1,4),(0.,0.0848361159840806,0.188411104386632),
 .UNSPECIFIED.);
#134=B_SPLINE_CURVE_WITH_KNOTS('',3,(#8760,#8761,#8762,#8763,#8764),
 .UNSPECIFIED.,.F.,.F.,(4,1,4),(0.,0.0796457390876777,0.156739898900429),
 .UNSPECIFIED.);
#135=B_SPLINE_CURVE_WITH_KNOTS('',3,(#8777,#8778,#8779,#8780,#8781),
 .UNSPECIFIED.,.F.,.F.,(4,1,4),(0.,0.062626637484223,0.12633752997545),
 .UNSPECIFIED.);
#136=B_SPLINE_CURVE_WITH_KNOTS('',3,(#8794,#8795,#8796,#8797,#8798),
 .UNSPECIFIED.,.F.,.F.,(4,1,4),(0.,0.0582700693567696,0.118742990759471),
 .UNSPECIFIED.);
#137=B_SPLINE_CURVE_WITH_KNOTS('',3,(#8809,#8810,#8811,#8812,#8813),
 .UNSPECIFIED.,.F.,.F.,(4,1,4),(0.,0.0942878542349216,0.16465576603458),
 .UNSPECIFIED.);
#138=FACE_BOUND('',#686,.T.);
#139=FACE_BOUND('',#703,.T.);
#140=FACE_BOUND('',#704,.T.);
#141=FACE_BOUND('',#705,.T.);
#142=FACE_BOUND('',#708,.T.);
#143=FACE_BOUND('',#711,.T.);
#144=FACE_BOUND('',#725,.T.);
#145=FACE_BOUND('',#733,.T.);
#146=FACE_BOUND('',#738,.T.);
#147=FACE_BOUND('',#742,.T.);
#148=FACE_BOUND('',#746,.T.);
#149=FACE_BOUND('',#747,.T.);
#150=FACE_BOUND('',#748,.T.);
#151=FACE_BOUND('',#749,.T.);
#152=FACE_BOUND('',#752,.T.);
#153=FACE_BOUND('',#753,.T.);
#154=FACE_BOUND('',#754,.T.);
#155=FACE_BOUND('',#755,.T.);
#156=FACE_BOUND('',#825,.T.);
#157=FACE_BOUND('',#826,.T.);
#158=FACE_BOUND('',#855,.T.);
#159=FACE_BOUND('',#862,.T.);
#160=FACE_BOUND('',#863,.T.);
#161=FACE_BOUND('',#868,.T.);
#162=FACE_BOUND('',#875,.T.);
#163=FACE_BOUND('',#876,.T.);
#164=FACE_BOUND('',#877,.T.);
#165=FACE_BOUND('',#878,.T.);
#166=FACE_BOUND('',#879,.T.);
#167=FACE_BOUND('',#880,.T.);
#168=FACE_BOUND('',#881,.T.);
#169=FACE_BOUND('',#882,.T.);
#170=FACE_BOUND('',#883,.T.);
#171=FACE_BOUND('',#892,.T.);
#172=FACE_BOUND('',#933,.T.);
#173=FACE_BOUND('',#938,.T.);
#174=FACE_BOUND('',#943,.T.);
#175=FACE_BOUND('',#948,.T.);
#176=FACE_BOUND('',#959,.T.);
#177=FACE_BOUND('',#964,.T.);
#178=FACE_BOUND('',#969,.T.);
#179=FACE_BOUND('',#974,.T.);
#180=FACE_BOUND('',#1013,.T.);
#181=FACE_BOUND('',#1014,.T.);
#182=FACE_BOUND('',#1015,.T.);
#183=FACE_BOUND('',#1016,.T.);
#184=FACE_BOUND('',#1017,.T.);
#185=FACE_BOUND('',#1018,.T.);
#186=PLANE('',#5439);
#187=PLANE('',#5441);
#188=PLANE('',#5444);
#189=PLANE('',#5445);
#190=PLANE('',#5448);
#191=PLANE('',#5449);
#192=PLANE('',#5450);
#193=PLANE('',#5451);
#194=PLANE('',#5452);
#195=PLANE('',#5453);
#196=PLANE('',#5460);
#197=PLANE('',#5461);
#198=PLANE('',#5462);
#199=PLANE('',#5463);
#200=PLANE('',#5464);
#201=PLANE('',#5465);
#202=PLANE('',#5466);
#203=PLANE('',#5467);
#204=PLANE('',#5468);
#205=PLANE('',#5473);
#206=PLANE('',#5476);
#207=PLANE('',#5477);
#208=PLANE('',#5478);
#209=PLANE('',#5479);
#210=PLANE('',#5480);
#211=PLANE('',#5481);
#212=PLANE('',#5482);
#213=PLANE('',#5483);
#214=PLANE('',#5484);
#215=PLANE('',#5488);
#216=PLANE('',#5489);
#217=PLANE('',#5490);
#218=PLANE('',#5491);
#219=PLANE('',#5497);
#220=PLANE('',#5498);
#221=PLANE('',#5499);
#222=PLANE('',#5500);
#223=PLANE('',#5501);
#224=PLANE('',#5504);
#225=PLANE('',#5508);
#226=PLANE('',#5512);
#227=PLANE('',#5513);
#228=PLANE('',#5514);
#229=PLANE('',#5515);
#230=PLANE('',#5516);
#231=PLANE('',#5517);
#232=PLANE('',#5518);
#233=PLANE('',#5529);
#234=PLANE('',#5530);
#235=PLANE('',#5537);
#236=PLANE('',#5538);
#237=PLANE('',#5539);
#238=PLANE('',#5540);
#239=PLANE('',#5541);
#240=PLANE('',#5542);
#241=PLANE('',#5543);
#242=PLANE('',#5544);
#243=PLANE('',#5545);
#244=PLANE('',#5546);
#245=PLANE('',#5547);
#246=PLANE('',#5548);
#247=PLANE('',#5549);
#248=PLANE('',#5550);
#249=PLANE('',#5551);
#250=PLANE('',#5552);
#251=PLANE('',#5553);
#252=PLANE('',#5558);
#253=PLANE('',#5559);
#254=PLANE('',#5560);
#255=PLANE('',#5561);
#256=PLANE('',#5562);
#257=PLANE('',#5563);
#258=PLANE('',#5564);
#259=PLANE('',#5565);
#260=PLANE('',#5566);
#261=PLANE('',#5567);
#262=PLANE('',#5568);
#263=PLANE('',#5569);
#264=PLANE('',#5570);
#265=PLANE('',#5571);
#266=PLANE('',#5572);
#267=PLANE('',#5573);
#268=PLANE('',#5574);
#269=PLANE('',#5575);
#270=PLANE('',#5576);
#271=PLANE('',#5577);
#272=PLANE('',#5578);
#273=PLANE('',#5579);
#274=PLANE('',#5580);
#275=PLANE('',#5581);
#276=PLANE('',#5582);
#277=PLANE('',#5583);
#278=PLANE('',#5584);
#279=PLANE('',#5585);
#280=PLANE('',#5586);
#281=PLANE('',#5587);
#282=PLANE('',#5588);
#283=PLANE('',#5589);
#284=PLANE('',#5590);
#285=PLANE('',#5591);
#286=PLANE('',#5592);
#287=PLANE('',#5593);
#288=PLANE('',#5594);
#289=PLANE('',#5595);
#290=PLANE('',#5596);
#291=PLANE('',#5597);
#292=PLANE('',#5599);
#293=PLANE('',#5600);
#294=PLANE('',#5601);
#295=PLANE('',#5602);
#296=PLANE('',#5603);
#297=PLANE('',#5604);
#298=PLANE('',#5605);
#299=PLANE('',#5606);
#300=PLANE('',#5607);
#301=PLANE('',#5608);
#302=PLANE('',#5609);
#303=PLANE('',#5610);
#304=PLANE('',#5611);
#305=PLANE('',#5612);
#306=PLANE('',#5616);
#307=PLANE('',#5629);
#308=PLANE('',#5634);
#309=PLANE('',#5635);
#310=PLANE('',#5640);
#311=PLANE('',#5646);
#312=PLANE('',#5647);
#313=PLANE('',#5648);
#314=PLANE('',#5649);
#315=PLANE('',#5650);
#316=PLANE('',#5651);
#317=PLANE('',#5652);
#318=PLANE('',#5653);
#319=PLANE('',#5654);
#320=PLANE('',#5655);
#321=PLANE('',#5656);
#322=PLANE('',#5657);
#323=PLANE('',#5658);
#324=PLANE('',#5659);
#325=PLANE('',#5660);
#326=PLANE('',#5661);
#327=PLANE('',#5662);
#328=PLANE('',#5663);
#329=PLANE('',#5664);
#330=PLANE('',#5665);
#331=PLANE('',#5666);
#332=PLANE('',#5667);
#333=PLANE('',#5668);
#334=PLANE('',#5669);
#335=PLANE('',#5670);
#336=PLANE('',#5671);
#337=PLANE('',#5672);
#338=PLANE('',#5673);
#339=PLANE('',#5677);
#340=PLANE('',#5679);
#341=PLANE('',#5681);
#342=PLANE('',#5689);
#343=PLANE('',#5690);
#344=PLANE('',#5696);
#345=PLANE('',#5697);
#346=PLANE('',#5703);
#347=PLANE('',#5704);
#348=PLANE('',#5710);
#349=PLANE('',#5715);
#350=PLANE('',#5716);
#351=PLANE('',#5717);
#352=PLANE('',#5723);
#353=PLANE('',#5724);
#354=PLANE('',#5730);
#355=PLANE('',#5731);
#356=PLANE('',#5737);
#357=PLANE('',#5738);
#358=PLANE('',#5744);
#359=PLANE('',#5745);
#360=PLANE('',#5746);
#361=PLANE('',#5747);
#362=PLANE('',#5748);
#363=PLANE('',#5749);
#364=PLANE('',#5750);
#365=PLANE('',#5753);
#366=PLANE('',#5756);
#367=PLANE('',#5759);
#368=PLANE('',#5762);
#369=PLANE('',#5763);
#370=PLANE('',#5764);
#371=PLANE('',#5765);
#372=PLANE('',#5766);
#373=PLANE('',#5767);
#374=PLANE('',#5768);
#375=PLANE('',#5769);
#376=PLANE('',#5770);
#377=PLANE('',#5771);
#378=PLANE('',#5774);
#379=PLANE('',#5775);
#380=PLANE('',#5778);
#381=PLANE('',#5781);
#382=PLANE('',#5784);
#383=PLANE('',#5787);
#384=PLANE('',#5788);
#385=PLANE('',#5791);
#386=PLANE('',#5792);
#387=FACE_OUTER_BOUND('',#679,.T.);
#388=FACE_OUTER_BOUND('',#680,.T.);
#389=FACE_OUTER_BOUND('',#681,.T.);
#390=FACE_OUTER_BOUND('',#682,.T.);
#391=FACE_OUTER_BOUND('',#683,.T.);
#392=FACE_OUTER_BOUND('',#684,.T.);
#393=FACE_OUTER_BOUND('',#685,.T.);
#394=FACE_OUTER_BOUND('',#687,.T.);
#395=FACE_OUTER_BOUND('',#688,.T.);
#396=FACE_OUTER_BOUND('',#689,.T.);
#397=FACE_OUTER_BOUND('',#690,.T.);
#398=FACE_OUTER_BOUND('',#691,.T.);
#399=FACE_OUTER_BOUND('',#692,.T.);
#400=FACE_OUTER_BOUND('',#693,.T.);
#401=FACE_OUTER_BOUND('',#694,.T.);
#402=FACE_OUTER_BOUND('',#695,.T.);
#403=FACE_OUTER_BOUND('',#696,.T.);
#404=FACE_OUTER_BOUND('',#697,.T.);
#405=FACE_OUTER_BOUND('',#698,.T.);
#406=FACE_OUTER_BOUND('',#699,.T.);
#407=FACE_OUTER_BOUND('',#700,.T.);
#408=FACE_OUTER_BOUND('',#701,.T.);
#409=FACE_OUTER_BOUND('',#702,.T.);
#410=FACE_OUTER_BOUND('',#706,.T.);
#411=FACE_OUTER_BOUND('',#707,.T.);
#412=FACE_OUTER_BOUND('',#709,.T.);
#413=FACE_OUTER_BOUND('',#710,.T.);
#414=FACE_OUTER_BOUND('',#712,.T.);
#415=FACE_OUTER_BOUND('',#713,.T.);
#416=FACE_OUTER_BOUND('',#714,.T.);
#417=FACE_OUTER_BOUND('',#715,.T.);
#418=FACE_OUTER_BOUND('',#716,.T.);
#419=FACE_OUTER_BOUND('',#717,.T.);
#420=FACE_OUTER_BOUND('',#718,.T.);
#421=FACE_OUTER_BOUND('',#719,.T.);
#422=FACE_OUTER_BOUND('',#720,.T.);
#423=FACE_OUTER_BOUND('',#721,.T.);
#424=FACE_OUTER_BOUND('',#722,.T.);
#425=FACE_OUTER_BOUND('',#723,.T.);
#426=FACE_OUTER_BOUND('',#724,.T.);
#427=FACE_OUTER_BOUND('',#726,.T.);
#428=FACE_OUTER_BOUND('',#727,.T.);
#429=FACE_OUTER_BOUND('',#728,.T.);
#430=FACE_OUTER_BOUND('',#729,.T.);
#431=FACE_OUTER_BOUND('',#730,.T.);
#432=FACE_OUTER_BOUND('',#731,.T.);
#433=FACE_OUTER_BOUND('',#732,.T.);
#434=FACE_OUTER_BOUND('',#734,.T.);
#435=FACE_OUTER_BOUND('',#735,.T.);
#436=FACE_OUTER_BOUND('',#736,.T.);
#437=FACE_OUTER_BOUND('',#737,.T.);
#438=FACE_OUTER_BOUND('',#739,.T.);
#439=FACE_OUTER_BOUND('',#740,.T.);
#440=FACE_OUTER_BOUND('',#741,.T.);
#441=FACE_OUTER_BOUND('',#743,.T.);
#442=FACE_OUTER_BOUND('',#744,.T.);
#443=FACE_OUTER_BOUND('',#745,.T.);
#444=FACE_OUTER_BOUND('',#750,.T.);
#445=FACE_OUTER_BOUND('',#751,.T.);
#446=FACE_OUTER_BOUND('',#756,.T.);
#447=FACE_OUTER_BOUND('',#757,.T.);
#448=FACE_OUTER_BOUND('',#758,.T.);
#449=FACE_OUTER_BOUND('',#759,.T.);
#450=FACE_OUTER_BOUND('',#760,.T.);
#451=FACE_OUTER_BOUND('',#761,.T.);
#452=FACE_OUTER_BOUND('',#762,.T.);
#453=FACE_OUTER_BOUND('',#763,.T.);
#454=FACE_OUTER_BOUND('',#764,.T.);
#455=FACE_OUTER_BOUND('',#765,.T.);
#456=FACE_OUTER_BOUND('',#766,.T.);
#457=FACE_OUTER_BOUND('',#767,.T.);
#458=FACE_OUTER_BOUND('',#768,.T.);
#459=FACE_OUTER_BOUND('',#769,.T.);
#460=FACE_OUTER_BOUND('',#770,.T.);
#461=FACE_OUTER_BOUND('',#771,.T.);
#462=FACE_OUTER_BOUND('',#772,.T.);
#463=FACE_OUTER_BOUND('',#773,.T.);
#464=FACE_OUTER_BOUND('',#774,.T.);
#465=FACE_OUTER_BOUND('',#775,.T.);
#466=FACE_OUTER_BOUND('',#776,.T.);
#467=FACE_OUTER_BOUND('',#777,.T.);
#468=FACE_OUTER_BOUND('',#778,.T.);
#469=FACE_OUTER_BOUND('',#779,.T.);
#470=FACE_OUTER_BOUND('',#780,.T.);
#471=FACE_OUTER_BOUND('',#781,.T.);
#472=FACE_OUTER_BOUND('',#782,.T.);
#473=FACE_OUTER_BOUND('',#783,.T.);
#474=FACE_OUTER_BOUND('',#784,.T.);
#475=FACE_OUTER_BOUND('',#785,.T.);
#476=FACE_OUTER_BOUND('',#786,.T.);
#477=FACE_OUTER_BOUND('',#787,.T.);
#478=FACE_OUTER_BOUND('',#788,.T.);
#479=FACE_OUTER_BOUND('',#789,.T.);
#480=FACE_OUTER_BOUND('',#790,.T.);
#481=FACE_OUTER_BOUND('',#791,.T.);
#482=FACE_OUTER_BOUND('',#792,.T.);
#483=FACE_OUTER_BOUND('',#793,.T.);
#484=FACE_OUTER_BOUND('',#794,.T.);
#485=FACE_OUTER_BOUND('',#795,.T.);
#486=FACE_OUTER_BOUND('',#796,.T.);
#487=FACE_OUTER_BOUND('',#797,.T.);
#488=FACE_OUTER_BOUND('',#798,.T.);
#489=FACE_OUTER_BOUND('',#799,.T.);
#490=FACE_OUTER_BOUND('',#800,.T.);
#491=FACE_OUTER_BOUND('',#801,.T.);
#492=FACE_OUTER_BOUND('',#802,.T.);
#493=FACE_OUTER_BOUND('',#803,.T.);
#494=FACE_OUTER_BOUND('',#804,.T.);
#495=FACE_OUTER_BOUND('',#805,.T.);
#496=FACE_OUTER_BOUND('',#806,.T.);
#497=FACE_OUTER_BOUND('',#807,.T.);
#498=FACE_OUTER_BOUND('',#808,.T.);
#499=FACE_OUTER_BOUND('',#809,.T.);
#500=FACE_OUTER_BOUND('',#810,.T.);
#501=FACE_OUTER_BOUND('',#811,.T.);
#502=FACE_OUTER_BOUND('',#812,.T.);
#503=FACE_OUTER_BOUND('',#813,.T.);
#504=FACE_OUTER_BOUND('',#814,.T.);
#505=FACE_OUTER_BOUND('',#815,.T.);
#506=FACE_OUTER_BOUND('',#816,.T.);
#507=FACE_OUTER_BOUND('',#817,.T.);
#508=FACE_OUTER_BOUND('',#818,.T.);
#509=FACE_OUTER_BOUND('',#819,.T.);
#510=FACE_OUTER_BOUND('',#820,.T.);
#511=FACE_OUTER_BOUND('',#821,.T.);
#512=FACE_OUTER_BOUND('',#822,.T.);
#513=FACE_OUTER_BOUND('',#823,.T.);
#514=FACE_OUTER_BOUND('',#824,.T.);
#515=FACE_OUTER_BOUND('',#827,.T.);
#516=FACE_OUTER_BOUND('',#828,.T.);
#517=FACE_OUTER_BOUND('',#829,.T.);
#518=FACE_OUTER_BOUND('',#830,.T.);
#519=FACE_OUTER_BOUND('',#831,.T.);
#520=FACE_OUTER_BOUND('',#832,.T.);
#521=FACE_OUTER_BOUND('',#833,.T.);
#522=FACE_OUTER_BOUND('',#834,.T.);
#523=FACE_OUTER_BOUND('',#835,.T.);
#524=FACE_OUTER_BOUND('',#836,.T.);
#525=FACE_OUTER_BOUND('',#837,.T.);
#526=FACE_OUTER_BOUND('',#838,.T.);
#527=FACE_OUTER_BOUND('',#839,.T.);
#528=FACE_OUTER_BOUND('',#840,.T.);
#529=FACE_OUTER_BOUND('',#841,.T.);
#530=FACE_OUTER_BOUND('',#842,.T.);
#531=FACE_OUTER_BOUND('',#843,.T.);
#532=FACE_OUTER_BOUND('',#844,.T.);
#533=FACE_OUTER_BOUND('',#845,.T.);
#534=FACE_OUTER_BOUND('',#846,.T.);
#535=FACE_OUTER_BOUND('',#847,.T.);
#536=FACE_OUTER_BOUND('',#848,.T.);
#537=FACE_OUTER_BOUND('',#849,.T.);
#538=FACE_OUTER_BOUND('',#850,.T.);
#539=FACE_OUTER_BOUND('',#851,.T.);
#540=FACE_OUTER_BOUND('',#852,.T.);
#541=FACE_OUTER_BOUND('',#853,.T.);
#542=FACE_OUTER_BOUND('',#854,.T.);
#543=FACE_OUTER_BOUND('',#856,.T.);
#544=FACE_OUTER_BOUND('',#857,.T.);
#545=FACE_OUTER_BOUND('',#858,.T.);
#546=FACE_OUTER_BOUND('',#859,.T.);
#547=FACE_OUTER_BOUND('',#860,.T.);
#548=FACE_OUTER_BOUND('',#861,.T.);
#549=FACE_OUTER_BOUND('',#864,.T.);
#550=FACE_OUTER_BOUND('',#865,.T.);
#551=FACE_OUTER_BOUND('',#866,.T.);
#552=FACE_OUTER_BOUND('',#867,.T.);
#553=FACE_OUTER_BOUND('',#869,.T.);
#554=FACE_OUTER_BOUND('',#870,.T.);
#555=FACE_OUTER_BOUND('',#871,.T.);
#556=FACE_OUTER_BOUND('',#872,.T.);
#557=FACE_OUTER_BOUND('',#873,.T.);
#558=FACE_OUTER_BOUND('',#874,.T.);
#559=FACE_OUTER_BOUND('',#884,.T.);
#560=FACE_OUTER_BOUND('',#885,.T.);
#561=FACE_OUTER_BOUND('',#886,.T.);
#562=FACE_OUTER_BOUND('',#887,.T.);
#563=FACE_OUTER_BOUND('',#888,.T.);
#564=FACE_OUTER_BOUND('',#889,.T.);
#565=FACE_OUTER_BOUND('',#890,.T.);
#566=FACE_OUTER_BOUND('',#891,.T.);
#567=FACE_OUTER_BOUND('',#893,.T.);
#568=FACE_OUTER_BOUND('',#894,.T.);
#569=FACE_OUTER_BOUND('',#895,.T.);
#570=FACE_OUTER_BOUND('',#896,.T.);
#571=FACE_OUTER_BOUND('',#897,.T.);
#572=FACE_OUTER_BOUND('',#898,.T.);
#573=FACE_OUTER_BOUND('',#899,.T.);
#574=FACE_OUTER_BOUND('',#900,.T.);
#575=FACE_OUTER_BOUND('',#901,.T.);
#576=FACE_OUTER_BOUND('',#902,.T.);
#577=FACE_OUTER_BOUND('',#903,.T.);
#578=FACE_OUTER_BOUND('',#904,.T.);
#579=FACE_OUTER_BOUND('',#905,.T.);
#580=FACE_OUTER_BOUND('',#906,.T.);
#581=FACE_OUTER_BOUND('',#907,.T.);
#582=FACE_OUTER_BOUND('',#908,.T.);
#583=FACE_OUTER_BOUND('',#909,.T.);
#584=FACE_OUTER_BOUND('',#910,.T.);
#585=FACE_OUTER_BOUND('',#911,.T.);
#586=FACE_OUTER_BOUND('',#912,.T.);
#587=FACE_OUTER_BOUND('',#913,.T.);
#588=FACE_OUTER_BOUND('',#914,.T.);
#589=FACE_OUTER_BOUND('',#915,.T.);
#590=FACE_OUTER_BOUND('',#916,.T.);
#591=FACE_OUTER_BOUND('',#917,.T.);
#592=FACE_OUTER_BOUND('',#918,.T.);
#593=FACE_OUTER_BOUND('',#919,.T.);
#594=FACE_OUTER_BOUND('',#920,.T.);
#595=FACE_OUTER_BOUND('',#921,.T.);
#596=FACE_OUTER_BOUND('',#922,.T.);
#597=FACE_OUTER_BOUND('',#923,.T.);
#598=FACE_OUTER_BOUND('',#924,.T.);
#599=FACE_OUTER_BOUND('',#925,.T.);
#600=FACE_OUTER_BOUND('',#926,.T.);
#601=FACE_OUTER_BOUND('',#927,.T.);
#602=FACE_OUTER_BOUND('',#928,.T.);
#603=FACE_OUTER_BOUND('',#929,.T.);
#604=FACE_OUTER_BOUND('',#930,.T.);
#605=FACE_OUTER_BOUND('',#931,.T.);
#606=FACE_OUTER_BOUND('',#932,.T.);
#607=FACE_OUTER_BOUND('',#934,.T.);
#608=FACE_OUTER_BOUND('',#935,.T.);
#609=FACE_OUTER_BOUND('',#936,.T.);
#610=FACE_OUTER_BOUND('',#937,.T.);
#611=FACE_OUTER_BOUND('',#939,.T.);
#612=FACE_OUTER_BOUND('',#940,.T.);
#613=FACE_OUTER_BOUND('',#941,.T.);
#614=FACE_OUTER_BOUND('',#942,.T.);
#615=FACE_OUTER_BOUND('',#944,.T.);
#616=FACE_OUTER_BOUND('',#945,.T.);
#617=FACE_OUTER_BOUND('',#946,.T.);
#618=FACE_OUTER_BOUND('',#947,.T.);
#619=FACE_OUTER_BOUND('',#949,.T.);
#620=FACE_OUTER_BOUND('',#950,.T.);
#621=FACE_OUTER_BOUND('',#951,.T.);
#622=FACE_OUTER_BOUND('',#952,.T.);
#623=FACE_OUTER_BOUND('',#953,.T.);
#624=FACE_OUTER_BOUND('',#954,.T.);
#625=FACE_OUTER_BOUND('',#955,.T.);
#626=FACE_OUTER_BOUND('',#956,.T.);
#627=FACE_OUTER_BOUND('',#957,.T.);
#628=FACE_OUTER_BOUND('',#958,.T.);
#629=FACE_OUTER_BOUND('',#960,.T.);
#630=FACE_OUTER_BOUND('',#961,.T.);
#631=FACE_OUTER_BOUND('',#962,.T.);
#632=FACE_OUTER_BOUND('',#963,.T.);
#633=FACE_OUTER_BOUND('',#965,.T.);
#634=FACE_OUTER_BOUND('',#966,.T.);
#635=FACE_OUTER_BOUND('',#967,.T.);
#636=FACE_OUTER_BOUND('',#968,.T.);
#637=FACE_OUTER_BOUND('',#970,.T.);
#638=FACE_OUTER_BOUND('',#971,.T.);
#639=FACE_OUTER_BOUND('',#972,.T.);
#640=FACE_OUTER_BOUND('',#973,.T.);
#641=FACE_OUTER_BOUND('',#975,.T.);
#642=FACE_OUTER_BOUND('',#976,.T.);
#643=FACE_OUTER_BOUND('',#977,.T.);
#644=FACE_OUTER_BOUND('',#978,.T.);
#645=FACE_OUTER_BOUND('',#979,.T.);
#646=FACE_OUTER_BOUND('',#980,.T.);
#647=FACE_OUTER_BOUND('',#981,.T.);
#648=FACE_OUTER_BOUND('',#982,.T.);
#649=FACE_OUTER_BOUND('',#983,.T.);
#650=FACE_OUTER_BOUND('',#984,.T.);
#651=FACE_OUTER_BOUND('',#985,.T.);
#652=FACE_OUTER_BOUND('',#986,.T.);
#653=FACE_OUTER_BOUND('',#987,.T.);
#654=FACE_OUTER_BOUND('',#988,.T.);
#655=FACE_OUTER_BOUND('',#989,.T.);
#656=FACE_OUTER_BOUND('',#990,.T.);
#657=FACE_OUTER_BOUND('',#991,.T.);
#658=FACE_OUTER_BOUND('',#992,.T.);
#659=FACE_OUTER_BOUND('',#993,.T.);
#660=FACE_OUTER_BOUND('',#994,.T.);
#661=FACE_OUTER_BOUND('',#995,.T.);
#662=FACE_OUTER_BOUND('',#996,.T.);
#663=FACE_OUTER_BOUND('',#997,.T.);
#664=FACE_OUTER_BOUND('',#998,.T.);
#665=FACE_OUTER_BOUND('',#999,.T.);
#666=FACE_OUTER_BOUND('',#1000,.T.);
#667=FACE_OUTER_BOUND('',#1001,.T.);
#668=FACE_OUTER_BOUND('',#1002,.T.);
#669=FACE_OUTER_BOUND('',#1003,.T.);
#670=FACE_OUTER_BOUND('',#1004,.T.);
#671=FACE_OUTER_BOUND('',#1005,.T.);
#672=FACE_OUTER_BOUND('',#1006,.T.);
#673=FACE_OUTER_BOUND('',#1007,.T.);
#674=FACE_OUTER_BOUND('',#1008,.T.);
#675=FACE_OUTER_BOUND('',#1009,.T.);
#676=FACE_OUTER_BOUND('',#1010,.T.);
#677=FACE_OUTER_BOUND('',#1011,.T.);
#678=FACE_OUTER_BOUND('',#1012,.T.);
#679=EDGE_LOOP('',(#3548,#3549,#3550,#3551,#3552,#3553));
#680=EDGE_LOOP('',(#3554,#3555,#3556,#3557));
#681=EDGE_LOOP('',(#3558,#3559,#3560,#3561,#3562,#3563,#3564,#3565,#3566));
#682=EDGE_LOOP('',(#3567,#3568,#3569));
#683=EDGE_LOOP('',(#3570,#3571,#3572));
#684=EDGE_LOOP('',(#3573,#3574,#3575,#3576,#3577,#3578));
#685=EDGE_LOOP('',(#3579,#3580,#3581,#3582,#3583,#3584,#3585,#3586));
#686=EDGE_LOOP('',(#3587));
#687=EDGE_LOOP('',(#3588,#3589,#3590,#3591));
#688=EDGE_LOOP('',(#3592,#3593,#3594,#3595));
#689=EDGE_LOOP('',(#3596,#3597,#3598,#3599));
#690=EDGE_LOOP('',(#3600,#3601,#3602,#3603,#3604,#3605,#3606));
#691=EDGE_LOOP('',(#3607,#3608,#3609,#3610,#3611,#3612,#3613));
#692=EDGE_LOOP('',(#3614,#3615,#3616,#3617));
#693=EDGE_LOOP('',(#3618,#3619,#3620,#3621));
#694=EDGE_LOOP('',(#3622,#3623,#3624,#3625));
#695=EDGE_LOOP('',(#3626,#3627,#3628,#3629,#3630));
#696=EDGE_LOOP('',(#3631,#3632,#3633,#3634));
#697=EDGE_LOOP('',(#3635,#3636,#3637,#3638));
#698=EDGE_LOOP('',(#3639,#3640,#3641,#3642,#3643));
#699=EDGE_LOOP('',(#3644,#3645,#3646,#3647));
#700=EDGE_LOOP('',(#3648,#3649,#3650,#3651,#3652));
#701=EDGE_LOOP('',(#3653,#3654,#3655,#3656,#3657));
#702=EDGE_LOOP('',(#3658,#3659,#3660,#3661));
#703=EDGE_LOOP('',(#3662,#3663,#3664,#3665));
#704=EDGE_LOOP('',(#3666,#3667,#3668,#3669));
#705=EDGE_LOOP('',(#3670,#3671,#3672,#3673));
#706=EDGE_LOOP('',(#3674,#3675,#3676,#3677));
#707=EDGE_LOOP('',(#3678,#3679,#3680,#3681));
#708=EDGE_LOOP('',(#3682));
#709=EDGE_LOOP('',(#3683,#3684,#3685,#3686));
#710=EDGE_LOOP('',(#3687,#3688,#3689,#3690));
#711=EDGE_LOOP('',(#3691));
#712=EDGE_LOOP('',(#3692,#3693,#3694,#3695));
#713=EDGE_LOOP('',(#3696,#3697,#3698,#3699));
#714=EDGE_LOOP('',(#3700,#3701,#3702,#3703));
#715=EDGE_LOOP('',(#3704,#3705,#3706,#3707));
#716=EDGE_LOOP('',(#3708,#3709,#3710,#3711));
#717=EDGE_LOOP('',(#3712,#3713,#3714,#3715));
#718=EDGE_LOOP('',(#3716,#3717,#3718,#3719,#3720,#3721,#3722));
#719=EDGE_LOOP('',(#3723,#3724,#3725,#3726));
#720=EDGE_LOOP('',(#3727,#3728,#3729,#3730));
#721=EDGE_LOOP('',(#3731,#3732,#3733,#3734));
#722=EDGE_LOOP('',(#3735,#3736,#3737,#3738));
#723=EDGE_LOOP('',(#3739,#3740,#3741,#3742));
#724=EDGE_LOOP('',(#3743,#3744,#3745,#3746,#3747,#3748,#3749,#3750,#3751,
#3752,#3753,#3754,#3755,#3756,#3757,#3758));
#725=EDGE_LOOP('',(#3759,#3760,#3761,#3762));
#726=EDGE_LOOP('',(#3763,#3764,#3765,#3766));
#727=EDGE_LOOP('',(#3767,#3768,#3769,#3770));
#728=EDGE_LOOP('',(#3771,#3772,#3773,#3774));
#729=EDGE_LOOP('',(#3775,#3776,#3777,#3778,#3779,#3780,#3781));
#730=EDGE_LOOP('',(#3782,#3783,#3784,#3785));
#731=EDGE_LOOP('',(#3786,#3787,#3788,#3789));
#732=EDGE_LOOP('',(#3790,#3791,#3792,#3793));
#733=EDGE_LOOP('',(#3794));
#734=EDGE_LOOP('',(#3795,#3796,#3797,#3798));
#735=EDGE_LOOP('',(#3799));
#736=EDGE_LOOP('',(#3800,#3801,#3802,#3803));
#737=EDGE_LOOP('',(#3804));
#738=EDGE_LOOP('',(#3805));
#739=EDGE_LOOP('',(#3806,#3807,#3808,#3809,#3810));
#740=EDGE_LOOP('',(#3811,#3812,#3813,#3814,#3815,#3816));
#741=EDGE_LOOP('',(#3817,#3818,#3819,#3820,#3821,#3822,#3823,#3824,#3825,
#3826,#3827,#3828));
#742=EDGE_LOOP('',(#3829,#3830,#3831,#3832));
#743=EDGE_LOOP('',(#3833,#3834,#3835,#3836,#3837));
#744=EDGE_LOOP('',(#3838,#3839,#3840,#3841));
#745=EDGE_LOOP('',(#3842,#3843,#3844,#3845,#3846,#3847,#3848,#3849,#3850,
#3851));
#746=EDGE_LOOP('',(#3852,#3853,#3854,#3855));
#747=EDGE_LOOP('',(#3856,#3857,#3858,#3859,#3860,#3861,#3862,#3863,#3864,
#3865,#3866,#3867,#3868,#3869));
#748=EDGE_LOOP('',(#3870,#3871,#3872,#3873));
#749=EDGE_LOOP('',(#3874,#3875,#3876,#3877,#3878,#3879,#3880,#3881));
#750=EDGE_LOOP('',(#3882,#3883,#3884,#3885,#3886));
#751=EDGE_LOOP('',(#3887,#3888,#3889,#3890,#3891,#3892,#3893,#3894,#3895,
#3896,#3897,#3898,#3899,#3900,#3901));
#752=EDGE_LOOP('',(#3902,#3903,#3904,#3905,#3906,#3907,#3908,#3909,#3910,
#3911,#3912,#3913,#3914,#3915,#3916,#3917,#3918,#3919,#3920,#3921,#3922));
#753=EDGE_LOOP('',(#3923,#3924,#3925,#3926,#3927,#3928,#3929,#3930,#3931,
#3932,#3933,#3934,#3935,#3936));
#754=EDGE_LOOP('',(#3937,#3938,#3939,#3940,#3941,#3942,#3943,#3944,#3945,
#3946));
#755=EDGE_LOOP('',(#3947,#3948,#3949,#3950,#3951,#3952));
#756=EDGE_LOOP('',(#3953,#3954,#3955,#3956,#3957));
#757=EDGE_LOOP('',(#3958,#3959,#3960,#3961));
#758=EDGE_LOOP('',(#3962,#3963,#3964,#3965));
#759=EDGE_LOOP('',(#3966,#3967,#3968,#3969));
#760=EDGE_LOOP('',(#3970,#3971,#3972,#3973));
#761=EDGE_LOOP('',(#3974,#3975,#3976,#3977));
#762=EDGE_LOOP('',(#3978,#3979,#3980,#3981));
#763=EDGE_LOOP('',(#3982,#3983,#3984,#3985));
#764=EDGE_LOOP('',(#3986,#3987,#3988,#3989));
#765=EDGE_LOOP('',(#3990,#3991,#3992,#3993));
#766=EDGE_LOOP('',(#3994,#3995,#3996,#3997));
#767=EDGE_LOOP('',(#3998,#3999,#4000,#4001));
#768=EDGE_LOOP('',(#4002,#4003,#4004,#4005));
#769=EDGE_LOOP('',(#4006,#4007,#4008,#4009,#4010,#4011,#4012));
#770=EDGE_LOOP('',(#4013,#4014,#4015,#4016,#4017));
#771=EDGE_LOOP('',(#4018,#4019,#4020,#4021,#4022,#4023));
#772=EDGE_LOOP('',(#4024,#4025,#4026,#4027,#4028,#4029,#4030,#4031,#4032,
#4033,#4034,#4035,#4036,#4037,#4038,#4039));
#773=EDGE_LOOP('',(#4040,#4041,#4042,#4043));
#774=EDGE_LOOP('',(#4044,#4045,#4046,#4047));
#775=EDGE_LOOP('',(#4048,#4049,#4050,#4051));
#776=EDGE_LOOP('',(#4052,#4053,#4054,#4055));
#777=EDGE_LOOP('',(#4056,#4057,#4058,#4059));
#778=EDGE_LOOP('',(#4060,#4061,#4062,#4063));
#779=EDGE_LOOP('',(#4064,#4065,#4066,#4067,#4068,#4069));
#780=EDGE_LOOP('',(#4070,#4071,#4072,#4073));
#781=EDGE_LOOP('',(#4074,#4075,#4076,#4077));
#782=EDGE_LOOP('',(#4078,#4079,#4080,#4081));
#783=EDGE_LOOP('',(#4082,#4083,#4084,#4085));
#784=EDGE_LOOP('',(#4086,#4087,#4088,#4089));
#785=EDGE_LOOP('',(#4090,#4091,#4092,#4093));
#786=EDGE_LOOP('',(#4094,#4095,#4096,#4097));
#787=EDGE_LOOP('',(#4098,#4099,#4100,#4101));
#788=EDGE_LOOP('',(#4102,#4103,#4104,#4105));
#789=EDGE_LOOP('',(#4106,#4107,#4108,#4109));
#790=EDGE_LOOP('',(#4110,#4111,#4112,#4113,#4114,#4115,#4116,#4117,#4118,
#4119));
#791=EDGE_LOOP('',(#4120,#4121,#4122,#4123));
#792=EDGE_LOOP('',(#4124,#4125,#4126,#4127));
#793=EDGE_LOOP('',(#4128,#4129,#4130,#4131));
#794=EDGE_LOOP('',(#4132,#4133,#4134,#4135));
#795=EDGE_LOOP('',(#4136,#4137,#4138,#4139));
#796=EDGE_LOOP('',(#4140,#4141,#4142,#4143));
#797=EDGE_LOOP('',(#4144,#4145,#4146,#4147));
#798=EDGE_LOOP('',(#4148,#4149,#4150,#4151));
#799=EDGE_LOOP('',(#4152,#4153,#4154,#4155));
#800=EDGE_LOOP('',(#4156,#4157,#4158,#4159));
#801=EDGE_LOOP('',(#4160,#4161,#4162,#4163));
#802=EDGE_LOOP('',(#4164,#4165,#4166,#4167));
#803=EDGE_LOOP('',(#4168,#4169,#4170,#4171));
#804=EDGE_LOOP('',(#4172,#4173,#4174,#4175));
#805=EDGE_LOOP('',(#4176,#4177,#4178,#4179));
#806=EDGE_LOOP('',(#4180,#4181,#4182,#4183));
#807=EDGE_LOOP('',(#4184,#4185,#4186,#4187));
#808=EDGE_LOOP('',(#4188,#4189,#4190,#4191));
#809=EDGE_LOOP('',(#4192,#4193,#4194,#4195));
#810=EDGE_LOOP('',(#4196,#4197,#4198,#4199));
#811=EDGE_LOOP('',(#4200,#4201,#4202,#4203));
#812=EDGE_LOOP('',(#4204,#4205,#4206,#4207));
#813=EDGE_LOOP('',(#4208,#4209,#4210,#4211));
#814=EDGE_LOOP('',(#4212,#4213,#4214,#4215));
#815=EDGE_LOOP('',(#4216,#4217,#4218,#4219));
#816=EDGE_LOOP('',(#4220,#4221,#4222,#4223));
#817=EDGE_LOOP('',(#4224,#4225,#4226,#4227));
#818=EDGE_LOOP('',(#4228,#4229,#4230,#4231));
#819=EDGE_LOOP('',(#4232,#4233,#4234,#4235));
#820=EDGE_LOOP('',(#4236,#4237,#4238,#4239));
#821=EDGE_LOOP('',(#4240,#4241,#4242,#4243));
#822=EDGE_LOOP('',(#4244,#4245,#4246,#4247));
#823=EDGE_LOOP('',(#4248,#4249,#4250,#4251));
#824=EDGE_LOOP('',(#4252,#4253,#4254,#4255,#4256,#4257,#4258,#4259,#4260,
#4261,#4262,#4263,#4264,#4265));
#825=EDGE_LOOP('',(#4266,#4267,#4268,#4269,#4270,#4271,#4272,#4273,#4274));
#826=EDGE_LOOP('',(#4275,#4276,#4277,#4278,#4279,#4280,#4281,#4282,#4283,
#4284));
#827=EDGE_LOOP('',(#4285,#4286,#4287,#4288));
#828=EDGE_LOOP('',(#4289,#4290,#4291,#4292));
#829=EDGE_LOOP('',(#4293,#4294,#4295,#4296));
#830=EDGE_LOOP('',(#4297,#4298,#4299,#4300));
#831=EDGE_LOOP('',(#4301,#4302,#4303,#4304));
#832=EDGE_LOOP('',(#4305,#4306,#4307,#4308));
#833=EDGE_LOOP('',(#4309,#4310,#4311,#4312));
#834=EDGE_LOOP('',(#4313,#4314,#4315,#4316));
#835=EDGE_LOOP('',(#4317,#4318,#4319,#4320));
#836=EDGE_LOOP('',(#4321,#4322,#4323,#4324));
#837=EDGE_LOOP('',(#4325,#4326,#4327,#4328));
#838=EDGE_LOOP('',(#4329,#4330,#4331,#4332));
#839=EDGE_LOOP('',(#4333,#4334,#4335,#4336));
#840=EDGE_LOOP('',(#4337,#4338,#4339,#4340));
#841=EDGE_LOOP('',(#4341,#4342,#4343,#4344));
#842=EDGE_LOOP('',(#4345,#4346,#4347,#4348));
#843=EDGE_LOOP('',(#4349,#4350,#4351,#4352));
#844=EDGE_LOOP('',(#4353,#4354,#4355,#4356));
#845=EDGE_LOOP('',(#4357,#4358,#4359,#4360));
#846=EDGE_LOOP('',(#4361,#4362,#4363,#4364));
#847=EDGE_LOOP('',(#4365,#4366,#4367,#4368));
#848=EDGE_LOOP('',(#4369,#4370,#4371,#4372));
#849=EDGE_LOOP('',(#4373,#4374,#4375,#4376));
#850=EDGE_LOOP('',(#4377,#4378,#4379,#4380));
#851=EDGE_LOOP('',(#4381,#4382,#4383,#4384));
#852=EDGE_LOOP('',(#4385,#4386,#4387,#4388));
#853=EDGE_LOOP('',(#4389,#4390,#4391,#4392));
#854=EDGE_LOOP('',(#4393,#4394,#4395,#4396,#4397,#4398,#4399,#4400,#4401,
#4402,#4403,#4404,#4405,#4406,#4407,#4408,#4409,#4410,#4411,#4412));
#855=EDGE_LOOP('',(#4413,#4414,#4415,#4416,#4417,#4418,#4419,#4420));
#856=EDGE_LOOP('',(#4421,#4422,#4423,#4424,#4425,#4426,#4427,#4428));
#857=EDGE_LOOP('',(#4429,#4430,#4431,#4432,#4433,#4434,#4435,#4436,#4437));
#858=EDGE_LOOP('',(#4438,#4439,#4440,#4441,#4442,#4443,#4444,#4445,#4446,
#4447));
#859=EDGE_LOOP('',(#4448,#4449,#4450,#4451));
#860=EDGE_LOOP('',(#4452,#4453,#4454,#4455));
#861=EDGE_LOOP('',(#4456,#4457,#4458,#4459,#4460,#4461,#4462,#4463,#4464,
#4465,#4466,#4467));
#862=EDGE_LOOP('',(#4468));
#863=EDGE_LOOP('',(#4469));
#864=EDGE_LOOP('',(#4470,#4471,#4472,#4473));
#865=EDGE_LOOP('',(#4474,#4475,#4476,#4477));
#866=EDGE_LOOP('',(#4478,#4479,#4480,#4481,#4482,#4483,#4484,#4485,#4486,
#4487));
#867=EDGE_LOOP('',(#4488,#4489,#4490,#4491,#4492,#4493,#4494,#4495));
#868=EDGE_LOOP('',(#4496));
#869=EDGE_LOOP('',(#4497,#4498,#4499,#4500));
#870=EDGE_LOOP('',(#4501,#4502,#4503,#4504));
#871=EDGE_LOOP('',(#4505,#4506,#4507,#4508));
#872=EDGE_LOOP('',(#4509,#4510,#4511,#4512,#4513,#4514));
#873=EDGE_LOOP('',(#4515,#4516,#4517,#4518));
#874=EDGE_LOOP('',(#4519,#4520,#4521,#4522,#4523,#4524,#4525,#4526,#4527,
#4528,#4529,#4530,#4531,#4532,#4533,#4534,#4535,#4536,#4537));
#875=EDGE_LOOP('',(#4538));
#876=EDGE_LOOP('',(#4539));
#877=EDGE_LOOP('',(#4540));
#878=EDGE_LOOP('',(#4541));
#879=EDGE_LOOP('',(#4542));
#880=EDGE_LOOP('',(#4543));
#881=EDGE_LOOP('',(#4544));
#882=EDGE_LOOP('',(#4545));
#883=EDGE_LOOP('',(#4546));
#884=EDGE_LOOP('',(#4547,#4548,#4549,#4550));
#885=EDGE_LOOP('',(#4551,#4552,#4553,#4554));
#886=EDGE_LOOP('',(#4555,#4556,#4557,#4558));
#887=EDGE_LOOP('',(#4559,#4560,#4561,#4562));
#888=EDGE_LOOP('',(#4563,#4564,#4565,#4566,#4567,#4568,#4569,#4570,#4571));
#889=EDGE_LOOP('',(#4572,#4573,#4574,#4575));
#890=EDGE_LOOP('',(#4576,#4577,#4578,#4579));
#891=EDGE_LOOP('',(#4580,#4581,#4582,#4583,#4584,#4585,#4586,#4587,#4588,
#4589,#4590,#4591,#4592,#4593,#4594,#4595,#4596,#4597,#4598,#4599,#4600,
#4601,#4602,#4603,#4604,#4605));
#892=EDGE_LOOP('',(#4606));
#893=EDGE_LOOP('',(#4607,#4608,#4609,#4610));
#894=EDGE_LOOP('',(#4611,#4612,#4613,#4614));
#895=EDGE_LOOP('',(#4615,#4616,#4617,#4618));
#896=EDGE_LOOP('',(#4619,#4620,#4621,#4622));
#897=EDGE_LOOP('',(#4623,#4624,#4625,#4626));
#898=EDGE_LOOP('',(#4627,#4628,#4629,#4630));
#899=EDGE_LOOP('',(#4631,#4632,#4633,#4634));
#900=EDGE_LOOP('',(#4635,#4636,#4637,#4638,#4639,#4640,#4641,#4642));
#901=EDGE_LOOP('',(#4643,#4644,#4645,#4646));
#902=EDGE_LOOP('',(#4647,#4648,#4649,#4650));
#903=EDGE_LOOP('',(#4651,#4652,#4653,#4654,#4655,#4656));
#904=EDGE_LOOP('',(#4657,#4658,#4659,#4660));
#905=EDGE_LOOP('',(#4661,#4662,#4663,#4664));
#906=EDGE_LOOP('',(#4665,#4666,#4667,#4668));
#907=EDGE_LOOP('',(#4669,#4670,#4671,#4672));
#908=EDGE_LOOP('',(#4673,#4674,#4675,#4676));
#909=EDGE_LOOP('',(#4677,#4678,#4679,#4680));
#910=EDGE_LOOP('',(#4681,#4682,#4683,#4684));
#911=EDGE_LOOP('',(#4685,#4686,#4687,#4688));
#912=EDGE_LOOP('',(#4689,#4690,#4691,#4692));
#913=EDGE_LOOP('',(#4693,#4694,#4695,#4696,#4697));
#914=EDGE_LOOP('',(#4698,#4699,#4700,#4701));
#915=EDGE_LOOP('',(#4702,#4703,#4704,#4705));
#916=EDGE_LOOP('',(#4706,#4707,#4708,#4709,#4710,#4711));
#917=EDGE_LOOP('',(#4712,#4713,#4714,#4715));
#918=EDGE_LOOP('',(#4716,#4717,#4718,#4719));
#919=EDGE_LOOP('',(#4720,#4721,#4722,#4723));
#920=EDGE_LOOP('',(#4724,#4725,#4726,#4727));
#921=EDGE_LOOP('',(#4728,#4729,#4730,#4731,#4732,#4733,#4734,#4735));
#922=EDGE_LOOP('',(#4736,#4737,#4738,#4739));
#923=EDGE_LOOP('',(#4740,#4741,#4742,#4743));
#924=EDGE_LOOP('',(#4744,#4745,#4746,#4747));
#925=EDGE_LOOP('',(#4748,#4749,#4750,#4751));
#926=EDGE_LOOP('',(#4752,#4753,#4754,#4755));
#927=EDGE_LOOP('',(#4756,#4757,#4758,#4759));
#928=EDGE_LOOP('',(#4760,#4761,#4762,#4763,#4764));
#929=EDGE_LOOP('',(#4765,#4766,#4767,#4768,#4769));
#930=EDGE_LOOP('',(#4770,#4771,#4772,#4773));
#931=EDGE_LOOP('',(#4774,#4775,#4776,#4777));
#932=EDGE_LOOP('',(#4778));
#933=EDGE_LOOP('',(#4779));
#934=EDGE_LOOP('',(#4780));
#935=EDGE_LOOP('',(#4781,#4782,#4783,#4784));
#936=EDGE_LOOP('',(#4785,#4786,#4787,#4788));
#937=EDGE_LOOP('',(#4789));
#938=EDGE_LOOP('',(#4790));
#939=EDGE_LOOP('',(#4791));
#940=EDGE_LOOP('',(#4792,#4793,#4794,#4795));
#941=EDGE_LOOP('',(#4796,#4797,#4798,#4799));
#942=EDGE_LOOP('',(#4800));
#943=EDGE_LOOP('',(#4801));
#944=EDGE_LOOP('',(#4802));
#945=EDGE_LOOP('',(#4803,#4804,#4805,#4806));
#946=EDGE_LOOP('',(#4807,#4808,#4809,#4810));
#947=EDGE_LOOP('',(#4811));
#948=EDGE_LOOP('',(#4812));
#949=EDGE_LOOP('',(#4813,#4814,#4815,#4816,#4817,#4818));
#950=EDGE_LOOP('',(#4819,#4820,#4821,#4822,#4823,#4824));
#951=EDGE_LOOP('',(#4825,#4826,#4827,#4828,#4829,#4830));
#952=EDGE_LOOP('',(#4831,#4832,#4833,#4834,#4835,#4836));
#953=EDGE_LOOP('',(#4837,#4838,#4839,#4840));
#954=EDGE_LOOP('',(#4841,#4842,#4843,#4844));
#955=EDGE_LOOP('',(#4845,#4846,#4847,#4848));
#956=EDGE_LOOP('',(#4849,#4850,#4851,#4852));
#957=EDGE_LOOP('',(#4853,#4854,#4855,#4856));
#958=EDGE_LOOP('',(#4857));
#959=EDGE_LOOP('',(#4858));
#960=EDGE_LOOP('',(#4859));
#961=EDGE_LOOP('',(#4860,#4861,#4862,#4863));
#962=EDGE_LOOP('',(#4864,#4865,#4866,#4867));
#963=EDGE_LOOP('',(#4868));
#964=EDGE_LOOP('',(#4869));
#965=EDGE_LOOP('',(#4870));
#966=EDGE_LOOP('',(#4871,#4872,#4873,#4874));
#967=EDGE_LOOP('',(#4875,#4876,#4877,#4878));
#968=EDGE_LOOP('',(#4879));
#969=EDGE_LOOP('',(#4880));
#970=EDGE_LOOP('',(#4881));
#971=EDGE_LOOP('',(#4882,#4883,#4884,#4885));
#972=EDGE_LOOP('',(#4886,#4887,#4888,#4889));
#973=EDGE_LOOP('',(#4890));
#974=EDGE_LOOP('',(#4891));
#975=EDGE_LOOP('',(#4892));
#976=EDGE_LOOP('',(#4893,#4894,#4895,#4896));
#977=EDGE_LOOP('',(#4897,#4898,#4899,#4900));
#978=EDGE_LOOP('',(#4901,#4902,#4903,#4904));
#979=EDGE_LOOP('',(#4905,#4906,#4907,#4908));
#980=EDGE_LOOP('',(#4909));
#981=EDGE_LOOP('',(#4910,#4911,#4912,#4913));
#982=EDGE_LOOP('',(#4914,#4915,#4916,#4917));
#983=EDGE_LOOP('',(#4918,#4919,#4920,#4921));
#984=EDGE_LOOP('',(#4922,#4923,#4924,#4925));
#985=EDGE_LOOP('',(#4926,#4927,#4928,#4929));
#986=EDGE_LOOP('',(#4930,#4931,#4932,#4933));
#987=EDGE_LOOP('',(#4934,#4935,#4936,#4937));
#988=EDGE_LOOP('',(#4938,#4939,#4940,#4941));
#989=EDGE_LOOP('',(#4942,#4943,#4944,#4945));
#990=EDGE_LOOP('',(#4946,#4947,#4948,#4949));
#991=EDGE_LOOP('',(#4950,#4951,#4952,#4953));
#992=EDGE_LOOP('',(#4954,#4955,#4956,#4957));
#993=EDGE_LOOP('',(#4958,#4959,#4960,#4961));
#994=EDGE_LOOP('',(#4962,#4963,#4964,#4965));
#995=EDGE_LOOP('',(#4966,#4967,#4968,#4969));
#996=EDGE_LOOP('',(#4970,#4971,#4972,#4973));
#997=EDGE_LOOP('',(#4974,#4975,#4976,#4977));
#998=EDGE_LOOP('',(#4978,#4979,#4980,#4981));
#999=EDGE_LOOP('',(#4982,#4983,#4984,#4985));
#1000=EDGE_LOOP('',(#4986,#4987,#4988,#4989));
#1001=EDGE_LOOP('',(#4990,#4991,#4992,#4993));
#1002=EDGE_LOOP('',(#4994,#4995,#4996,#4997));
#1003=EDGE_LOOP('',(#4998,#4999,#5000,#5001));
#1004=EDGE_LOOP('',(#5002,#5003,#5004,#5005));
#1005=EDGE_LOOP('',(#5006,#5007,#5008,#5009));
#1006=EDGE_LOOP('',(#5010,#5011,#5012,#5013));
#1007=EDGE_LOOP('',(#5014,#5015,#5016,#5017));
#1008=EDGE_LOOP('',(#5018,#5019,#5020,#5021));
#1009=EDGE_LOOP('',(#5022,#5023,#5024,#5025));
#1010=EDGE_LOOP('',(#5026,#5027,#5028,#5029));
#1011=EDGE_LOOP('',(#5030,#5031,#5032,#5033,#5034,#5035));
#1012=EDGE_LOOP('',(#5036,#5037,#5038,#5039));
#1013=EDGE_LOOP('',(#5040,#5041,#5042,#5043));
#1014=EDGE_LOOP('',(#5044,#5045,#5046,#5047));
#1015=EDGE_LOOP('',(#5048,#5049,#5050,#5051,#5052,#5053,#5054,#5055,#5056,
#5057,#5058,#5059,#5060,#5061));
#1016=EDGE_LOOP('',(#5062,#5063,#5064,#5065));
#1017=EDGE_LOOP('',(#5066,#5067,#5068,#5069));
#1018=EDGE_LOOP('',(#5070,#5071,#5072,#5073,#5074,#5075,#5076,#5077));
#1019=ELLIPSE('',#5436,2.12132034355964,1.5);
#1020=ELLIPSE('',#5438,2.12132034355964,1.5);
#1021=ELLIPSE('',#5442,4.24264068711929,3.);
#1022=ELLIPSE('',#5443,4.24264068711929,3.);
#1023=LINE('',#7094,#1599);
#1024=LINE('',#7102,#1600);
#1025=LINE('',#7105,#1601);
#1026=LINE('',#7110,#1602);
#1027=LINE('',#7112,#1603);
#1028=LINE('',#7114,#1604);
#1029=LINE('',#7118,#1605);
#1030=LINE('',#7119,#1606);
#1031=LINE('',#7122,#1607);
#1032=LINE('',#7123,#1608);
#1033=LINE('',#7129,#1609);
#1034=LINE('',#7131,#1610);
#1035=LINE('',#7133,#1611);
#1036=LINE('',#7135,#1612);
#1037=LINE('',#7137,#1613);
#1038=LINE('',#7139,#1614);
#1039=LINE('',#7141,#1615);
#1040=LINE('',#7142,#1616);
#1041=LINE('',#7146,#1617);
#1042=LINE('',#7147,#1618);
#1043=LINE('',#7148,#1619);
#1044=LINE('',#7151,#1620);
#1045=LINE('',#7152,#1621);
#1046=LINE('',#7155,#1622);
#1047=LINE('',#7156,#1623);
#1048=LINE('',#7159,#1624);
#1049=LINE('',#7161,#1625);
#1050=LINE('',#7163,#1626);
#1051=LINE('',#7165,#1627);
#1052=LINE('',#7166,#1628);
#1053=LINE('',#7169,#1629);
#1054=LINE('',#7171,#1630);
#1055=LINE('',#7173,#1631);
#1056=LINE('',#7175,#1632);
#1057=LINE('',#7176,#1633);
#1058=LINE('',#7181,#1634);
#1059=LINE('',#7187,#1635);
#1060=LINE('',#7192,#1636);
#1061=LINE('',#7194,#1637);
#1062=LINE('',#7196,#1638);
#1063=LINE('',#7197,#1639);
#1064=LINE('',#7200,#1640);
#1065=LINE('',#7202,#1641);
#1066=LINE('',#7204,#1642);
#1067=LINE('',#7205,#1643);
#1068=LINE('',#7208,#1644);
#1069=LINE('',#7209,#1645);
#1070=LINE('',#7213,#1646);
#1071=LINE('',#7215,#1647);
#1072=LINE('',#7217,#1648);
#1073=LINE('',#7218,#1649);
#1074=LINE('',#7221,#1650);
#1075=LINE('',#7223,#1651);
#1076=LINE('',#7225,#1652);
#1077=LINE('',#7226,#1653);
#1078=LINE('',#7229,#1654);
#1079=LINE('',#7230,#1655);
#1080=LINE('',#7233,#1656);
#1081=LINE('',#7235,#1657);
#1082=LINE('',#7236,#1658);
#1083=LINE('',#7239,#1659);
#1084=LINE('',#7241,#1660);
#1085=LINE('',#7242,#1661);
#1086=LINE('',#7246,#1662);
#1087=LINE('',#7248,#1663);
#1088=LINE('',#7250,#1664);
#1089=LINE('',#7251,#1665);
#1090=LINE('',#7255,#1666);
#1091=LINE('',#7257,#1667);
#1092=LINE('',#7259,#1668);
#1093=LINE('',#7260,#1669);
#1094=LINE('',#7271,#1670);
#1095=LINE('',#7273,#1671);
#1096=LINE('',#7275,#1672);
#1097=LINE('',#7276,#1673);
#1098=LINE('',#7279,#1674);
#1099=LINE('',#7281,#1675);
#1100=LINE('',#7282,#1676);
#1101=LINE('',#7285,#1677);
#1102=LINE('',#7287,#1678);
#1103=LINE('',#7288,#1679);
#1104=LINE('',#7291,#1680);
#1105=LINE('',#7293,#1681);
#1106=LINE('',#7294,#1682);
#1107=LINE('',#7297,#1683);
#1108=LINE('',#7299,#1684);
#1109=LINE('',#7300,#1685);
#1110=LINE('',#7303,#1686);
#1111=LINE('',#7305,#1687);
#1112=LINE('',#7306,#1688);
#1113=LINE('',#7309,#1689);
#1114=LINE('',#7311,#1690);
#1115=LINE('',#7313,#1691);
#1116=LINE('',#7315,#1692);
#1117=LINE('',#7317,#1693);
#1118=LINE('',#7318,#1694);
#1119=LINE('',#7320,#1695);
#1120=LINE('',#7321,#1696);
#1121=LINE('',#7326,#1697);
#1122=LINE('',#7331,#1698);
#1123=LINE('',#7333,#1699);
#1124=LINE('',#7335,#1700);
#1125=LINE('',#7336,#1701);
#1126=LINE('',#7339,#1702);
#1127=LINE('',#7341,#1703);
#1128=LINE('',#7342,#1704);
#1129=LINE('',#7345,#1705);
#1130=LINE('',#7347,#1706);
#1131=LINE('',#7348,#1707);
#1132=LINE('',#7352,#1708);
#1133=LINE('',#7353,#1709);
#1134=LINE('',#7355,#1710);
#1135=LINE('',#7357,#1711);
#1136=LINE('',#7361,#1712);
#1137=LINE('',#7365,#1713);
#1138=LINE('',#7369,#1714);
#1139=LINE('',#7373,#1715);
#1140=LINE('',#7375,#1716);
#1141=LINE('',#7377,#1717);
#1142=LINE('',#7378,#1718);
#1143=LINE('',#7383,#1719);
#1144=LINE('',#7385,#1720);
#1145=LINE('',#7387,#1721);
#1146=LINE('',#7388,#1722);
#1147=LINE('',#7392,#1723);
#1148=LINE('',#7394,#1724);
#1149=LINE('',#7396,#1725);
#1150=LINE('',#7397,#1726);
#1151=LINE('',#7399,#1727);
#1152=LINE('',#7400,#1728);
#1153=LINE('',#7403,#1729);
#1154=LINE('',#7405,#1730);
#1155=LINE('',#7407,#1731);
#1156=LINE('',#7409,#1732);
#1157=LINE('',#7411,#1733);
#1158=LINE('',#7412,#1734);
#1159=LINE('',#7415,#1735);
#1160=LINE('',#7417,#1736);
#1161=LINE('',#7418,#1737);
#1162=LINE('',#7426,#1738);
#1163=LINE('',#7433,#1739);
#1164=LINE('',#7439,#1740);
#1165=LINE('',#7440,#1741);
#1166=LINE('',#7442,#1742);
#1167=LINE('',#7443,#1743);
#1168=LINE('',#7446,#1744);
#1169=LINE('',#7448,#1745);
#1170=LINE('',#7450,#1746);
#1171=LINE('',#7452,#1747);
#1172=LINE('',#7453,#1748);
#1173=LINE('',#7455,#1749);
#1174=LINE('',#7458,#1750);
#1175=LINE('',#7460,#1751);
#1176=LINE('',#7462,#1752);
#1177=LINE('',#7463,#1753);
#1178=LINE('',#7466,#1754);
#1179=LINE('',#7467,#1755);
#1180=LINE('',#7470,#1756);
#1181=LINE('',#7472,#1757);
#1182=LINE('',#7473,#1758);
#1183=LINE('',#7476,#1759);
#1184=LINE('',#7478,#1760);
#1185=LINE('',#7479,#1761);
#1186=LINE('',#7482,#1762);
#1187=LINE('',#7484,#1763);
#1188=LINE('',#7486,#1764);
#1189=LINE('',#7487,#1765);
#1190=LINE('',#7492,#1766);
#1191=LINE('',#7494,#1767);
#1192=LINE('',#7498,#1768);
#1193=LINE('',#7502,#1769);
#1194=LINE('',#7506,#1770);
#1195=LINE('',#7510,#1771);
#1196=LINE('',#7512,#1772);
#1197=LINE('',#7515,#1773);
#1198=LINE('',#7518,#1774);
#1199=LINE('',#7520,#1775);
#1200=LINE('',#7522,#1776);
#1201=LINE('',#7523,#1777);
#1202=LINE('',#7526,#1778);
#1203=LINE('',#7530,#1779);
#1204=LINE('',#7534,#1780);
#1205=LINE('',#7538,#1781);
#1206=LINE('',#7542,#1782);
#1207=LINE('',#7544,#1783);
#1208=LINE('',#7546,#1784);
#1209=LINE('',#7547,#1785);
#1210=LINE('',#7552,#1786);
#1211=LINE('',#7556,#1787);
#1212=LINE('',#7560,#1788);
#1213=LINE('',#7563,#1789);
#1214=LINE('',#7565,#1790);
#1215=LINE('',#7567,#1791);
#1216=LINE('',#7568,#1792);
#1217=LINE('',#7571,#1793);
#1218=LINE('',#7615,#1794);
#1219=LINE('',#7617,#1795);
#1220=LINE('',#7619,#1796);
#1221=LINE('',#7645,#1797);
#1222=LINE('',#7647,#1798);
#1223=LINE('',#7649,#1799);
#1224=LINE('',#7651,#1800);
#1225=LINE('',#7663,#1801);
#1226=LINE('',#7665,#1802);
#1227=LINE('',#7667,#1803);
#1228=LINE('',#7729,#1804);
#1229=LINE('',#7731,#1805);
#1230=LINE('',#7733,#1806);
#1231=LINE('',#7735,#1807);
#1232=LINE('',#7737,#1808);
#1233=LINE('',#7739,#1809);
#1234=LINE('',#7741,#1810);
#1235=LINE('',#7743,#1811);
#1236=LINE('',#7745,#1812);
#1237=LINE('',#7746,#1813);
#1238=LINE('',#7749,#1814);
#1239=LINE('',#7751,#1815);
#1240=LINE('',#7753,#1816);
#1241=LINE('',#7755,#1817);
#1242=LINE('',#7757,#1818);
#1243=LINE('',#7758,#1819);
#1244=LINE('',#7761,#1820);
#1245=LINE('',#7763,#1821);
#1246=LINE('',#7764,#1822);
#1247=LINE('',#7768,#1823);
#1248=LINE('',#7770,#1824);
#1249=LINE('',#7772,#1825);
#1250=LINE('',#7773,#1826);
#1251=LINE('',#7776,#1827);
#1252=LINE('',#7778,#1828);
#1253=LINE('',#7779,#1829);
#1254=LINE('',#7782,#1830);
#1255=LINE('',#7784,#1831);
#1256=LINE('',#7785,#1832);
#1257=LINE('',#7787,#1833);
#1258=LINE('',#7791,#1834);
#1259=LINE('',#7793,#1835);
#1260=LINE('',#7795,#1836);
#1261=LINE('',#7796,#1837);
#1262=LINE('',#7799,#1838);
#1263=LINE('',#7801,#1839);
#1264=LINE('',#7802,#1840);
#1265=LINE('',#7805,#1841);
#1266=LINE('',#7807,#1842);
#1267=LINE('',#7808,#1843);
#1268=LINE('',#7810,#1844);
#1269=LINE('',#7814,#1845);
#1270=LINE('',#7816,#1846);
#1271=LINE('',#7818,#1847);
#1272=LINE('',#7819,#1848);
#1273=LINE('',#7822,#1849);
#1274=LINE('',#7824,#1850);
#1275=LINE('',#7825,#1851);
#1276=LINE('',#7828,#1852);
#1277=LINE('',#7830,#1853);
#1278=LINE('',#7831,#1854);
#1279=LINE('',#7833,#1855);
#1280=LINE('',#7836,#1856);
#1281=LINE('',#7838,#1857);
#1282=LINE('',#7840,#1858);
#1283=LINE('',#7842,#1859);
#1284=LINE('',#7843,#1860);
#1285=LINE('',#7846,#1861);
#1286=LINE('',#7847,#1862);
#1287=LINE('',#7849,#1863);
#1288=LINE('',#7850,#1864);
#1289=LINE('',#7855,#1865);
#1290=LINE('',#7859,#1866);
#1291=LINE('',#7863,#1867);
#1292=LINE('',#7867,#1868);
#1293=LINE('',#7869,#1869);
#1294=LINE('',#7870,#1870);
#1295=LINE('',#7873,#1871);
#1296=LINE('',#7874,#1872);
#1297=LINE('',#7877,#1873);
#1298=LINE('',#7878,#1874);
#1299=LINE('',#7881,#1875);
#1300=LINE('',#7882,#1876);
#1301=LINE('',#7885,#1877);
#1302=LINE('',#7886,#1878);
#1303=LINE('',#7888,#1879);
#1304=LINE('',#7892,#1880);
#1305=LINE('',#7894,#1881);
#1306=LINE('',#7895,#1882);
#1307=LINE('',#7898,#1883);
#1308=LINE('',#7899,#1884);
#1309=LINE('',#7902,#1885);
#1310=LINE('',#7903,#1886);
#1311=LINE('',#7906,#1887);
#1312=LINE('',#7907,#1888);
#1313=LINE('',#7910,#1889);
#1314=LINE('',#7911,#1890);
#1315=LINE('',#7914,#1891);
#1316=LINE('',#7915,#1892);
#1317=LINE('',#7918,#1893);
#1318=LINE('',#7919,#1894);
#1319=LINE('',#7922,#1895);
#1320=LINE('',#7923,#1896);
#1321=LINE('',#7926,#1897);
#1322=LINE('',#7927,#1898);
#1323=LINE('',#7929,#1899);
#1324=LINE('',#7934,#1900);
#1325=LINE('',#7936,#1901);
#1326=LINE('',#7938,#1902);
#1327=LINE('',#7939,#1903);
#1328=LINE('',#7957,#1904);
#1329=LINE('',#7980,#1905);
#1330=LINE('',#8003,#1906);
#1331=LINE('',#8026,#1907);
#1332=LINE('',#8049,#1908);
#1333=LINE('',#8072,#1909);
#1334=LINE('',#8095,#1910);
#1335=LINE('',#8103,#1911);
#1336=LINE('',#8105,#1912);
#1337=LINE('',#8106,#1913);
#1338=LINE('',#8108,#1914);
#1339=LINE('',#8109,#1915);
#1340=LINE('',#8113,#1916);
#1341=LINE('',#8115,#1917);
#1342=LINE('',#8117,#1918);
#1343=LINE('',#8118,#1919);
#1344=LINE('',#8136,#1920);
#1345=LINE('',#8159,#1921);
#1346=LINE('',#8182,#1922);
#1347=LINE('',#8205,#1923);
#1348=LINE('',#8228,#1924);
#1349=LINE('',#8251,#1925);
#1350=LINE('',#8259,#1926);
#1351=LINE('',#8261,#1927);
#1352=LINE('',#8262,#1928);
#1353=LINE('',#8264,#1929);
#1354=LINE('',#8265,#1930);
#1355=LINE('',#8277,#1931);
#1356=LINE('',#8284,#1932);
#1357=LINE('',#8296,#1933);
#1358=LINE('',#8313,#1934);
#1359=LINE('',#8330,#1935);
#1360=LINE('',#8347,#1936);
#1361=LINE('',#8364,#1937);
#1362=LINE('',#8381,#1938);
#1363=LINE('',#8398,#1939);
#1364=LINE('',#8415,#1940);
#1365=LINE('',#8432,#1941);
#1366=LINE('',#8449,#1942);
#1367=LINE('',#8457,#1943);
#1368=LINE('',#8458,#1944);
#1369=LINE('',#8461,#1945);
#1370=LINE('',#8462,#1946);
#1371=LINE('',#8464,#1947);
#1372=LINE('',#8472,#1948);
#1373=LINE('',#8473,#1949);
#1374=LINE('',#8477,#1950);
#1375=LINE('',#8479,#1951);
#1376=LINE('',#8481,#1952);
#1377=LINE('',#8482,#1953);
#1378=LINE('',#8500,#1954);
#1379=LINE('',#8523,#1955);
#1380=LINE('',#8546,#1956);
#1381=LINE('',#8569,#1957);
#1382=LINE('',#8592,#1958);
#1383=LINE('',#8600,#1959);
#1384=LINE('',#8602,#1960);
#1385=LINE('',#8603,#1961);
#1386=LINE('',#8605,#1962);
#1387=LINE('',#8606,#1963);
#1388=LINE('',#8609,#1964);
#1389=LINE('',#8611,#1965);
#1390=LINE('',#8612,#1966);
#1391=LINE('',#8615,#1967);
#1392=LINE('',#8616,#1968);
#1393=LINE('',#8628,#1969);
#1394=LINE('',#8645,#1970);
#1395=LINE('',#8662,#1971);
#1396=LINE('',#8679,#1972);
#1397=LINE('',#8687,#1973);
#1398=LINE('',#8688,#1974);
#1399=LINE('',#8691,#1975);
#1400=LINE('',#8692,#1976);
#1401=LINE('',#8695,#1977);
#1402=LINE('',#8696,#1978);
#1403=LINE('',#8708,#1979);
#1404=LINE('',#8725,#1980);
#1405=LINE('',#8742,#1981);
#1406=LINE('',#8759,#1982);
#1407=LINE('',#8776,#1983);
#1408=LINE('',#8793,#1984);
#1409=LINE('',#8820,#1985);
#1410=LINE('',#8821,#1986);
#1411=LINE('',#8823,#1987);
#1412=LINE('',#8830,#1988);
#1413=LINE('',#8832,#1989);
#1414=LINE('',#8833,#1990);
#1415=LINE('',#8836,#1991);
#1416=LINE('',#8837,#1992);
#1417=LINE('',#8839,#1993);
#1418=LINE('',#8842,#1994);
#1419=LINE('',#8843,#1995);
#1420=LINE('',#8846,#1996);
#1421=LINE('',#8848,#1997);
#1422=LINE('',#8849,#1998);
#1423=LINE('',#8852,#1999);
#1424=LINE('',#8853,#2000);
#1425=LINE('',#8856,#2001);
#1426=LINE('',#8858,#2002);
#1427=LINE('',#8859,#2003);
#1428=LINE('',#8861,#2004);
#1429=LINE('',#8862,#2005);
#1430=LINE('',#8865,#2006);
#1431=LINE('',#8867,#2007);
#1432=LINE('',#8869,#2008);
#1433=LINE('',#8870,#2009);
#1434=LINE('',#8872,#2010);
#1435=LINE('',#8874,#2011);
#1436=LINE('',#8880,#2012);
#1437=LINE('',#8883,#2013);
#1438=LINE('',#8887,#2014);
#1439=LINE('',#8889,#2015);
#1440=LINE('',#8891,#2016);
#1441=LINE('',#8893,#2017);
#1442=LINE('',#8895,#2018);
#1443=LINE('',#8897,#2019);
#1444=LINE('',#8899,#2020);
#1445=LINE('',#8903,#2021);
#1446=LINE('',#8907,#2022);
#1447=LINE('',#8911,#2023);
#1448=LINE('',#8912,#2024);
#1449=LINE('',#8931,#2025);
#1450=LINE('',#8932,#2026);
#1451=LINE('',#8936,#2027);
#1452=LINE('',#8941,#2028);
#1453=LINE('',#8942,#2029);
#1454=LINE('',#8945,#2030);
#1455=LINE('',#8946,#2031);
#1456=LINE('',#8949,#2032);
#1457=LINE('',#8951,#2033);
#1458=LINE('',#8953,#2034);
#1459=LINE('',#8955,#2035);
#1460=LINE('',#8959,#2036);
#1461=LINE('',#8962,#2037);
#1462=LINE('',#8964,#2038);
#1463=LINE('',#8965,#2039);
#1464=LINE('',#8967,#2040);
#1465=LINE('',#8969,#2041);
#1466=LINE('',#8970,#2042);
#1467=LINE('',#8975,#2043);
#1468=LINE('',#8979,#2044);
#1469=LINE('',#8981,#2045);
#1470=LINE('',#8986,#2046);
#1471=LINE('',#8987,#2047);
#1472=LINE('',#8990,#2048);
#1473=LINE('',#8991,#2049);
#1474=LINE('',#8993,#2050);
#1475=LINE('',#8998,#2051);
#1476=LINE('',#9000,#2052);
#1477=LINE('',#9002,#2053);
#1478=LINE('',#9003,#2054);
#1479=LINE('',#9006,#2055);
#1480=LINE('',#9008,#2056);
#1481=LINE('',#9009,#2057);
#1482=LINE('',#9012,#2058);
#1483=LINE('',#9014,#2059);
#1484=LINE('',#9015,#2060);
#1485=LINE('',#9016,#2061);
#1486=LINE('',#9018,#2062);
#1487=LINE('',#9019,#2063);
#1488=LINE('',#9021,#2064);
#1489=LINE('',#9023,#2065);
#1490=LINE('',#9028,#2066);
#1491=LINE('',#9030,#2067);
#1492=LINE('',#9032,#2068);
#1493=LINE('',#9033,#2069);
#1494=LINE('',#9038,#2070);
#1495=LINE('',#9040,#2071);
#1496=LINE('',#9041,#2072);
#1497=LINE('',#9042,#2073);
#1498=LINE('',#9044,#2074);
#1499=LINE('',#9045,#2075);
#1500=LINE('',#9047,#2076);
#1501=LINE('',#9049,#2077);
#1502=LINE('',#9054,#2078);
#1503=LINE('',#9056,#2079);
#1504=LINE('',#9058,#2080);
#1505=LINE('',#9059,#2081);
#1506=LINE('',#9061,#2082);
#1507=LINE('',#9064,#2083);
#1508=LINE('',#9066,#2084);
#1509=LINE('',#9067,#2085);
#1510=LINE('',#9070,#2086);
#1511=LINE('',#9071,#2087);
#1512=LINE('',#9074,#2088);
#1513=LINE('',#9075,#2089);
#1514=LINE('',#9077,#2090);
#1515=LINE('',#9080,#2091);
#1516=LINE('',#9083,#2092);
#1517=LINE('',#9085,#2093);
#1518=LINE('',#9086,#2094);
#1519=LINE('',#9088,#2095);
#1520=LINE('',#9090,#2096);
#1521=LINE('',#9092,#2097);
#1522=LINE('',#9094,#2098);
#1523=LINE('',#9101,#2099);
#1524=LINE('',#9106,#2100);
#1525=LINE('',#9113,#2101);
#1526=LINE('',#9118,#2102);
#1527=LINE('',#9125,#2103);
#1528=LINE('',#9130,#2104);
#1529=LINE('',#9137,#2105);
#1530=LINE('',#9142,#2106);
#1531=LINE('',#9145,#2107);
#1532=LINE('',#9146,#2108);
#1533=LINE('',#9148,#2109);
#1534=LINE('',#9149,#2110);
#1535=LINE('',#9151,#2111);
#1536=LINE('',#9153,#2112);
#1537=LINE('',#9161,#2113);
#1538=LINE('',#9166,#2114);
#1539=LINE('',#9173,#2115);
#1540=LINE('',#9178,#2116);
#1541=LINE('',#9185,#2117);
#1542=LINE('',#9190,#2118);
#1543=LINE('',#9197,#2119);
#1544=LINE('',#9202,#2120);
#1545=LINE('',#9206,#2121);
#1546=LINE('',#9207,#2122);
#1547=LINE('',#9209,#2123);
#1548=LINE('',#9211,#2124);
#1549=LINE('',#9218,#2125);
#1550=LINE('',#9219,#2126);
#1551=LINE('',#9222,#2127);
#1552=LINE('',#9223,#2128);
#1553=LINE('',#9227,#2129);
#1554=LINE('',#9230,#2130);
#1555=LINE('',#9231,#2131);
#1556=LINE('',#9235,#2132);
#1557=LINE('',#9238,#2133);
#1558=LINE('',#9239,#2134);
#1559=LINE('',#9243,#2135);
#1560=LINE('',#9245,#2136);
#1561=LINE('',#9249,#2137);
#1562=LINE('',#9250,#2138);
#1563=LINE('',#9251,#2139);
#1564=LINE('',#9254,#2140);
#1565=LINE('',#9255,#2141);
#1566=LINE('',#9258,#2142);
#1567=LINE('',#9259,#2143);
#1568=LINE('',#9261,#2144);
#1569=LINE('',#9265,#2145);
#1570=LINE('',#9266,#2146);
#1571=LINE('',#9267,#2147);
#1572=LINE('',#9270,#2148);
#1573=LINE('',#9271,#2149);
#1574=LINE('',#9274,#2150);
#1575=LINE('',#9275,#2151);
#1576=LINE('',#9277,#2152);
#1577=LINE('',#9281,#2153);
#1578=LINE('',#9282,#2154);
#1579=LINE('',#9283,#2155);
#1580=LINE('',#9287,#2156);
#1581=LINE('',#9290,#2157);
#1582=LINE('',#9291,#2158);
#1583=LINE('',#9294,#2159);
#1584=LINE('',#9295,#2160);
#1585=LINE('',#9299,#2161);
#1586=LINE('',#9302,#2162);
#1587=LINE('',#9303,#2163);
#1588=LINE('',#9307,#2164);
#1589=LINE('',#9310,#2165);
#1590=LINE('',#9311,#2166);
#1591=LINE('',#9315,#2167);
#1592=LINE('',#9318,#2168);
#1593=LINE('',#9319,#2169);
#1594=LINE('',#9323,#2170);
#1595=LINE('',#9326,#2171);
#1596=LINE('',#9327,#2172);
#1597=LINE('',#9330,#2173);
#1598=LINE('',#9331,#2174);
#1599=VECTOR('',#5799,1.5);
#1600=VECTOR('',#5808,10.);
#1601=VECTOR('',#5811,10.);
#1602=VECTOR('',#5816,10.);
#1603=VECTOR('',#5817,10.);
#1604=VECTOR('',#5818,10.);
#1605=VECTOR('',#5823,10.);
#1606=VECTOR('',#5824,10.);
#1607=VECTOR('',#5827,10.);
#1608=VECTOR('',#5828,10.);
#1609=VECTOR('',#5835,10.);
#1610=VECTOR('',#5836,10.);
#1611=VECTOR('',#5837,10.);
#1612=VECTOR('',#5838,10.);
#1613=VECTOR('',#5839,10.);
#1614=VECTOR('',#5840,10.);
#1615=VECTOR('',#5841,10.);
#1616=VECTOR('',#5842,10.);
#1617=VECTOR('',#5845,10.);
#1618=VECTOR('',#5846,10.);
#1619=VECTOR('',#5847,10.);
#1620=VECTOR('',#5850,10.);
#1621=VECTOR('',#5851,10.);
#1622=VECTOR('',#5854,10.);
#1623=VECTOR('',#5855,10.);
#1624=VECTOR('',#5858,10.);
#1625=VECTOR('',#5859,10.);
#1626=VECTOR('',#5860,10.);
#1627=VECTOR('',#5861,10.);
#1628=VECTOR('',#5862,10.);
#1629=VECTOR('',#5865,10.);
#1630=VECTOR('',#5866,10.);
#1631=VECTOR('',#5867,10.);
#1632=VECTOR('',#5868,10.);
#1633=VECTOR('',#5869,10.);
#1634=VECTOR('',#5874,1.5);
#1635=VECTOR('',#5881,1.5);
#1636=VECTOR('',#5886,10.);
#1637=VECTOR('',#5887,10.);
#1638=VECTOR('',#5888,10.);
#1639=VECTOR('',#5889,10.);
#1640=VECTOR('',#5892,10.);
#1641=VECTOR('',#5893,10.);
#1642=VECTOR('',#5894,10.);
#1643=VECTOR('',#5895,10.);
#1644=VECTOR('',#5898,10.);
#1645=VECTOR('',#5899,10.);
#1646=VECTOR('',#5902,10.);
#1647=VECTOR('',#5903,10.);
#1648=VECTOR('',#5904,10.);
#1649=VECTOR('',#5905,10.);
#1650=VECTOR('',#5908,10.);
#1651=VECTOR('',#5909,10.);
#1652=VECTOR('',#5910,10.);
#1653=VECTOR('',#5911,10.);
#1654=VECTOR('',#5914,10.);
#1655=VECTOR('',#5915,10.);
#1656=VECTOR('',#5918,10.);
#1657=VECTOR('',#5919,10.);
#1658=VECTOR('',#5920,10.);
#1659=VECTOR('',#5923,10.);
#1660=VECTOR('',#5924,10.);
#1661=VECTOR('',#5925,10.);
#1662=VECTOR('',#5928,10.);
#1663=VECTOR('',#5929,10.);
#1664=VECTOR('',#5930,10.);
#1665=VECTOR('',#5931,10.);
#1666=VECTOR('',#5934,10.);
#1667=VECTOR('',#5935,10.);
#1668=VECTOR('',#5936,10.);
#1669=VECTOR('',#5937,10.);
#1670=VECTOR('',#5954,10.);
#1671=VECTOR('',#5955,10.);
#1672=VECTOR('',#5956,10.);
#1673=VECTOR('',#5957,10.);
#1674=VECTOR('',#5960,10.);
#1675=VECTOR('',#5961,10.);
#1676=VECTOR('',#5962,10.);
#1677=VECTOR('',#5965,10.);
#1678=VECTOR('',#5966,10.);
#1679=VECTOR('',#5967,10.);
#1680=VECTOR('',#5970,10.);
#1681=VECTOR('',#5971,10.);
#1682=VECTOR('',#5972,10.);
#1683=VECTOR('',#5975,10.);
#1684=VECTOR('',#5976,10.);
#1685=VECTOR('',#5977,10.);
#1686=VECTOR('',#5980,10.);
#1687=VECTOR('',#5981,10.);
#1688=VECTOR('',#5982,10.);
#1689=VECTOR('',#5985,10.);
#1690=VECTOR('',#5986,10.);
#1691=VECTOR('',#5987,10.);
#1692=VECTOR('',#5988,10.);
#1693=VECTOR('',#5989,10.);
#1694=VECTOR('',#5990,10.);
#1695=VECTOR('',#5993,10.);
#1696=VECTOR('',#5994,10.);
#1697=VECTOR('',#5999,1.5);
#1698=VECTOR('',#6004,10.);
#1699=VECTOR('',#6005,10.);
#1700=VECTOR('',#6006,10.);
#1701=VECTOR('',#6007,10.);
#1702=VECTOR('',#6010,10.);
#1703=VECTOR('',#6011,10.);
#1704=VECTOR('',#6012,10.);
#1705=VECTOR('',#6015,10.);
#1706=VECTOR('',#6016,10.);
#1707=VECTOR('',#6017,10.);
#1708=VECTOR('',#6020,10.);
#1709=VECTOR('',#6021,10.);
#1710=VECTOR('',#6022,10.);
#1711=VECTOR('',#6023,10.);
#1712=VECTOR('',#6026,10.);
#1713=VECTOR('',#6029,10.);
#1714=VECTOR('',#6032,10.);
#1715=VECTOR('',#6035,10.);
#1716=VECTOR('',#6036,10.);
#1717=VECTOR('',#6037,10.);
#1718=VECTOR('',#6038,10.);
#1719=VECTOR('',#6043,10.);
#1720=VECTOR('',#6044,10.);
#1721=VECTOR('',#6045,10.);
#1722=VECTOR('',#6046,10.);
#1723=VECTOR('',#6049,10.);
#1724=VECTOR('',#6050,10.);
#1725=VECTOR('',#6051,10.);
#1726=VECTOR('',#6052,10.);
#1727=VECTOR('',#6055,10.);
#1728=VECTOR('',#6056,10.);
#1729=VECTOR('',#6059,10.);
#1730=VECTOR('',#6060,10.);
#1731=VECTOR('',#6061,10.);
#1732=VECTOR('',#6062,10.);
#1733=VECTOR('',#6063,10.);
#1734=VECTOR('',#6064,10.);
#1735=VECTOR('',#6067,10.);
#1736=VECTOR('',#6068,10.);
#1737=VECTOR('',#6069,10.);
#1738=VECTOR('',#6080,1.5);
#1739=VECTOR('',#6089,3.);
#1740=VECTOR('',#6096,10.);
#1741=VECTOR('',#6097,10.);
#1742=VECTOR('',#6098,10.);
#1743=VECTOR('',#6099,10.);
#1744=VECTOR('',#6102,10.);
#1745=VECTOR('',#6103,10.);
#1746=VECTOR('',#6104,10.);
#1747=VECTOR('',#6105,10.);
#1748=VECTOR('',#6106,10.);
#1749=VECTOR('',#6109,10.);
#1750=VECTOR('',#6110,10.);
#1751=VECTOR('',#6111,10.);
#1752=VECTOR('',#6112,10.);
#1753=VECTOR('',#6113,10.);
#1754=VECTOR('',#6116,10.);
#1755=VECTOR('',#6117,10.);
#1756=VECTOR('',#6120,10.);
#1757=VECTOR('',#6121,10.);
#1758=VECTOR('',#6122,10.);
#1759=VECTOR('',#6125,10.);
#1760=VECTOR('',#6126,10.);
#1761=VECTOR('',#6127,10.);
#1762=VECTOR('',#6128,10.);
#1763=VECTOR('',#6129,10.);
#1764=VECTOR('',#6130,10.);
#1765=VECTOR('',#6131,10.);
#1766=VECTOR('',#6134,10.);
#1767=VECTOR('',#6135,10.);
#1768=VECTOR('',#6138,10.);
#1769=VECTOR('',#6141,10.);
#1770=VECTOR('',#6144,10.);
#1771=VECTOR('',#6147,10.);
#1772=VECTOR('',#6148,10.);
#1773=VECTOR('',#6151,10.);
#1774=VECTOR('',#6152,10.);
#1775=VECTOR('',#6153,10.);
#1776=VECTOR('',#6154,10.);
#1777=VECTOR('',#6155,10.);
#1778=VECTOR('',#6156,10.);
#1779=VECTOR('',#6159,10.);
#1780=VECTOR('',#6162,10.);
#1781=VECTOR('',#6165,10.);
#1782=VECTOR('',#6170,10.);
#1783=VECTOR('',#6171,10.);
#1784=VECTOR('',#6172,10.);
#1785=VECTOR('',#6173,10.);
#1786=VECTOR('',#6178,10.);
#1787=VECTOR('',#6181,10.);
#1788=VECTOR('',#6184,10.);
#1789=VECTOR('',#6187,10.);
#1790=VECTOR('',#6188,10.);
#1791=VECTOR('',#6189,10.);
#1792=VECTOR('',#6190,10.);
#1793=VECTOR('',#6191,10.);
#1794=VECTOR('',#6192,10.);
#1795=VECTOR('',#6193,10.);
#1796=VECTOR('',#6194,10.);
#1797=VECTOR('',#6195,10.);
#1798=VECTOR('',#6196,10.);
#1799=VECTOR('',#6197,10.);
#1800=VECTOR('',#6198,10.);
#1801=VECTOR('',#6203,10.);
#1802=VECTOR('',#6204,10.);
#1803=VECTOR('',#6205,10.);
#1804=VECTOR('',#6206,10.);
#1805=VECTOR('',#6207,10.);
#1806=VECTOR('',#6208,10.);
#1807=VECTOR('',#6209,10.);
#1808=VECTOR('',#6210,10.);
#1809=VECTOR('',#6211,10.);
#1810=VECTOR('',#6212,10.);
#1811=VECTOR('',#6213,10.);
#1812=VECTOR('',#6214,10.);
#1813=VECTOR('',#6215,10.);
#1814=VECTOR('',#6216,10.);
#1815=VECTOR('',#6217,10.);
#1816=VECTOR('',#6218,10.);
#1817=VECTOR('',#6219,10.);
#1818=VECTOR('',#6220,10.);
#1819=VECTOR('',#6221,10.);
#1820=VECTOR('',#6224,10.);
#1821=VECTOR('',#6225,10.);
#1822=VECTOR('',#6226,10.);
#1823=VECTOR('',#6229,10.);
#1824=VECTOR('',#6230,10.);
#1825=VECTOR('',#6231,10.);
#1826=VECTOR('',#6232,10.);
#1827=VECTOR('',#6235,10.);
#1828=VECTOR('',#6236,10.);
#1829=VECTOR('',#6237,10.);
#1830=VECTOR('',#6240,10.);
#1831=VECTOR('',#6241,10.);
#1832=VECTOR('',#6242,10.);
#1833=VECTOR('',#6245,10.);
#1834=VECTOR('',#6248,10.);
#1835=VECTOR('',#6249,10.);
#1836=VECTOR('',#6250,10.);
#1837=VECTOR('',#6251,10.);
#1838=VECTOR('',#6254,10.);
#1839=VECTOR('',#6255,10.);
#1840=VECTOR('',#6256,10.);
#1841=VECTOR('',#6259,10.);
#1842=VECTOR('',#6260,10.);
#1843=VECTOR('',#6261,10.);
#1844=VECTOR('',#6264,10.);
#1845=VECTOR('',#6267,10.);
#1846=VECTOR('',#6268,10.);
#1847=VECTOR('',#6269,10.);
#1848=VECTOR('',#6270,10.);
#1849=VECTOR('',#6273,10.);
#1850=VECTOR('',#6274,10.);
#1851=VECTOR('',#6275,10.);
#1852=VECTOR('',#6278,10.);
#1853=VECTOR('',#6279,10.);
#1854=VECTOR('',#6280,10.);
#1855=VECTOR('',#6283,10.);
#1856=VECTOR('',#6286,10.);
#1857=VECTOR('',#6287,10.);
#1858=VECTOR('',#6288,10.);
#1859=VECTOR('',#6289,10.);
#1860=VECTOR('',#6290,10.);
#1861=VECTOR('',#6293,10.);
#1862=VECTOR('',#6294,10.);
#1863=VECTOR('',#6297,10.);
#1864=VECTOR('',#6298,10.);
#1865=VECTOR('',#6303,10.);
#1866=VECTOR('',#6306,10.);
#1867=VECTOR('',#6309,10.);
#1868=VECTOR('',#6314,10.);
#1869=VECTOR('',#6315,10.);
#1870=VECTOR('',#6316,10.);
#1871=VECTOR('',#6319,10.);
#1872=VECTOR('',#6320,10.);
#1873=VECTOR('',#6323,10.);
#1874=VECTOR('',#6324,10.);
#1875=VECTOR('',#6327,10.);
#1876=VECTOR('',#6328,10.);
#1877=VECTOR('',#6331,10.);
#1878=VECTOR('',#6332,10.);
#1879=VECTOR('',#6335,10.);
#1880=VECTOR('',#6340,10.);
#1881=VECTOR('',#6341,10.);
#1882=VECTOR('',#6342,10.);
#1883=VECTOR('',#6345,10.);
#1884=VECTOR('',#6346,10.);
#1885=VECTOR('',#6349,10.);
#1886=VECTOR('',#6350,10.);
#1887=VECTOR('',#6353,10.);
#1888=VECTOR('',#6354,10.);
#1889=VECTOR('',#6357,10.);
#1890=VECTOR('',#6358,10.);
#1891=VECTOR('',#6361,10.);
#1892=VECTOR('',#6362,10.);
#1893=VECTOR('',#6365,10.);
#1894=VECTOR('',#6366,10.);
#1895=VECTOR('',#6369,10.);
#1896=VECTOR('',#6370,10.);
#1897=VECTOR('',#6373,10.);
#1898=VECTOR('',#6374,10.);
#1899=VECTOR('',#6377,10.);
#1900=VECTOR('',#6382,10.);
#1901=VECTOR('',#6383,10.);
#1902=VECTOR('',#6384,10.);
#1903=VECTOR('',#6385,10.);
#1904=VECTOR('',#6386,10.);
#1905=VECTOR('',#6387,10.);
#1906=VECTOR('',#6388,10.);
#1907=VECTOR('',#6389,10.);
#1908=VECTOR('',#6390,10.);
#1909=VECTOR('',#6391,10.);
#1910=VECTOR('',#6392,10.);
#1911=VECTOR('',#6395,10.);
#1912=VECTOR('',#6396,10.);
#1913=VECTOR('',#6397,10.);
#1914=VECTOR('',#6400,10.);
#1915=VECTOR('',#6401,10.);
#1916=VECTOR('',#6404,10.);
#1917=VECTOR('',#6405,10.);
#1918=VECTOR('',#6406,10.);
#1919=VECTOR('',#6407,10.);
#1920=VECTOR('',#6408,10.);
#1921=VECTOR('',#6409,10.);
#1922=VECTOR('',#6410,10.);
#1923=VECTOR('',#6411,10.);
#1924=VECTOR('',#6412,10.);
#1925=VECTOR('',#6413,10.);
#1926=VECTOR('',#6416,10.);
#1927=VECTOR('',#6417,10.);
#1928=VECTOR('',#6418,10.);
#1929=VECTOR('',#6421,10.);
#1930=VECTOR('',#6422,10.);
#1931=VECTOR('',#6423,10.);
#1932=VECTOR('',#6424,10.);
#1933=VECTOR('',#6425,10.);
#1934=VECTOR('',#6426,10.);
#1935=VECTOR('',#6427,10.);
#1936=VECTOR('',#6428,10.);
#1937=VECTOR('',#6429,10.);
#1938=VECTOR('',#6430,10.);
#1939=VECTOR('',#6431,10.);
#1940=VECTOR('',#6432,10.);
#1941=VECTOR('',#6433,10.);
#1942=VECTOR('',#6434,10.);
#1943=VECTOR('',#6437,10.);
#1944=VECTOR('',#6438,10.);
#1945=VECTOR('',#6441,10.);
#1946=VECTOR('',#6442,10.);
#1947=VECTOR('',#6445,10.);
#1948=VECTOR('',#6450,10.);
#1949=VECTOR('',#6451,10.);
#1950=VECTOR('',#6454,10.);
#1951=VECTOR('',#6455,10.);
#1952=VECTOR('',#6456,10.);
#1953=VECTOR('',#6457,10.);
#1954=VECTOR('',#6458,10.);
#1955=VECTOR('',#6459,10.);
#1956=VECTOR('',#6460,10.);
#1957=VECTOR('',#6461,10.);
#1958=VECTOR('',#6462,10.);
#1959=VECTOR('',#6465,10.);
#1960=VECTOR('',#6466,10.);
#1961=VECTOR('',#6467,10.);
#1962=VECTOR('',#6470,10.);
#1963=VECTOR('',#6471,10.);
#1964=VECTOR('',#6474,10.);
#1965=VECTOR('',#6475,10.);
#1966=VECTOR('',#6476,10.);
#1967=VECTOR('',#6479,10.);
#1968=VECTOR('',#6480,10.);
#1969=VECTOR('',#6481,10.);
#1970=VECTOR('',#6482,10.);
#1971=VECTOR('',#6483,10.);
#1972=VECTOR('',#6484,10.);
#1973=VECTOR('',#6487,10.);
#1974=VECTOR('',#6488,10.);
#1975=VECTOR('',#6491,10.);
#1976=VECTOR('',#6492,10.);
#1977=VECTOR('',#6495,10.);
#1978=VECTOR('',#6496,10.);
#1979=VECTOR('',#6497,10.);
#1980=VECTOR('',#6498,10.);
#1981=VECTOR('',#6499,10.);
#1982=VECTOR('',#6500,10.);
#1983=VECTOR('',#6501,10.);
#1984=VECTOR('',#6502,10.);
#1985=VECTOR('',#6505,10.);
#1986=VECTOR('',#6506,10.);
#1987=VECTOR('',#6509,10.);
#1988=VECTOR('',#6522,10.);
#1989=VECTOR('',#6523,10.);
#1990=VECTOR('',#6524,10.);
#1991=VECTOR('',#6527,10.);
#1992=VECTOR('',#6528,10.);
#1993=VECTOR('',#6531,10.);
#1994=VECTOR('',#6534,10.);
#1995=VECTOR('',#6535,10.);
#1996=VECTOR('',#6538,10.);
#1997=VECTOR('',#6539,10.);
#1998=VECTOR('',#6540,10.);
#1999=VECTOR('',#6543,10.);
#2000=VECTOR('',#6544,10.);
#2001=VECTOR('',#6547,10.);
#2002=VECTOR('',#6548,10.);
#2003=VECTOR('',#6549,10.);
#2004=VECTOR('',#6552,10.);
#2005=VECTOR('',#6553,10.);
#2006=VECTOR('',#6556,10.);
#2007=VECTOR('',#6557,10.);
#2008=VECTOR('',#6558,10.);
#2009=VECTOR('',#6559,10.);
#2010=VECTOR('',#6562,10.);
#2011=VECTOR('',#6565,10.);
#2012=VECTOR('',#6572,10.);
#2013=VECTOR('',#6575,10.);
#2014=VECTOR('',#6578,10.);
#2015=VECTOR('',#6579,10.);
#2016=VECTOR('',#6580,10.);
#2017=VECTOR('',#6581,10.);
#2018=VECTOR('',#6582,10.);
#2019=VECTOR('',#6583,10.);
#2020=VECTOR('',#6584,10.);
#2021=VECTOR('',#6587,10.);
#2022=VECTOR('',#6590,10.);
#2023=VECTOR('',#6593,10.);
#2024=VECTOR('',#6594,10.);
#2025=VECTOR('',#6613,10.);
#2026=VECTOR('',#6614,10.);
#2027=VECTOR('',#6619,10.);
#2028=VECTOR('',#6624,10.);
#2029=VECTOR('',#6625,10.);
#2030=VECTOR('',#6628,10.);
#2031=VECTOR('',#6629,10.);
#2032=VECTOR('',#6632,10.);
#2033=VECTOR('',#6633,10.);
#2034=VECTOR('',#6634,10.);
#2035=VECTOR('',#6635,10.);
#2036=VECTOR('',#6638,10.);
#2037=VECTOR('',#6643,10.);
#2038=VECTOR('',#6646,10.);
#2039=VECTOR('',#6647,10.);
#2040=VECTOR('',#6650,10.);
#2041=VECTOR('',#6651,10.);
#2042=VECTOR('',#6652,10.);
#2043=VECTOR('',#6661,10.);
#2044=VECTOR('',#6666,10.);
#2045=VECTOR('',#6669,10.);
#2046=VECTOR('',#6676,10.);
#2047=VECTOR('',#6677,10.);
#2048=VECTOR('',#6680,10.);
#2049=VECTOR('',#6681,10.);
#2050=VECTOR('',#6684,10.);
#2051=VECTOR('',#6689,10.);
#2052=VECTOR('',#6690,10.);
#2053=VECTOR('',#6691,10.);
#2054=VECTOR('',#6692,10.);
#2055=VECTOR('',#6695,10.);
#2056=VECTOR('',#6696,10.);
#2057=VECTOR('',#6697,10.);
#2058=VECTOR('',#6700,10.);
#2059=VECTOR('',#6701,10.);
#2060=VECTOR('',#6702,10.);
#2061=VECTOR('',#6703,10.);
#2062=VECTOR('',#6706,10.);
#2063=VECTOR('',#6707,10.);
#2064=VECTOR('',#6710,10.);
#2065=VECTOR('',#6713,10.);
#2066=VECTOR('',#6718,10.);
#2067=VECTOR('',#6719,10.);
#2068=VECTOR('',#6720,10.);
#2069=VECTOR('',#6721,10.);
#2070=VECTOR('',#6726,10.);
#2071=VECTOR('',#6727,10.);
#2072=VECTOR('',#6728,10.);
#2073=VECTOR('',#6729,10.);
#2074=VECTOR('',#6732,10.);
#2075=VECTOR('',#6733,10.);
#2076=VECTOR('',#6736,10.);
#2077=VECTOR('',#6739,10.);
#2078=VECTOR('',#6744,10.);
#2079=VECTOR('',#6745,10.);
#2080=VECTOR('',#6746,10.);
#2081=VECTOR('',#6747,10.);
#2082=VECTOR('',#6750,10.);
#2083=VECTOR('',#6753,10.);
#2084=VECTOR('',#6754,10.);
#2085=VECTOR('',#6755,10.);
#2086=VECTOR('',#6758,10.);
#2087=VECTOR('',#6759,10.);
#2088=VECTOR('',#6762,10.);
#2089=VECTOR('',#6763,10.);
#2090=VECTOR('',#6766,10.);
#2091=VECTOR('',#6769,2.25);
#2092=VECTOR('',#6774,1.5);
#2093=VECTOR('',#6777,10.);
#2094=VECTOR('',#6778,10.);
#2095=VECTOR('',#6781,10.);
#2096=VECTOR('',#6784,10.);
#2097=VECTOR('',#6787,10.);
#2098=VECTOR('',#6790,10.);
#2099=VECTOR('',#6799,1.625);
#2100=VECTOR('',#6806,3.00000000000001);
#2101=VECTOR('',#6815,1.65);
#2102=VECTOR('',#6822,3.);
#2103=VECTOR('',#6831,1.65);
#2104=VECTOR('',#6838,3.);
#2105=VECTOR('',#6847,1.625);
#2106=VECTOR('',#6854,3.);
#2107=VECTOR('',#6859,10.);
#2108=VECTOR('',#6860,10.);
#2109=VECTOR('',#6863,10.);
#2110=VECTOR('',#6864,10.);
#2111=VECTOR('',#6867,10.);
#2112=VECTOR('',#6870,10.);
#2113=VECTOR('',#6881,1.562481);
#2114=VECTOR('',#6888,3.);
#2115=VECTOR('',#6897,1.562481);
#2116=VECTOR('',#6904,3.);
#2117=VECTOR('',#6913,1.562481);
#2118=VECTOR('',#6920,3.);
#2119=VECTOR('',#6929,1.562481);
#2120=VECTOR('',#6936,3.);
#2121=VECTOR('',#6943,10.);
#2122=VECTOR('',#6944,10.);
#2123=VECTOR('',#6947,10.);
#2124=VECTOR('',#6950,10.);
#2125=VECTOR('',#6959,10.);
#2126=VECTOR('',#6960,10.);
#2127=VECTOR('',#6963,10.);
#2128=VECTOR('',#6964,10.);
#2129=VECTOR('',#6969,10.);
#2130=VECTOR('',#6972,10.);
#2131=VECTOR('',#6973,10.);
#2132=VECTOR('',#6978,10.);
#2133=VECTOR('',#6981,10.);
#2134=VECTOR('',#6982,10.);
#2135=VECTOR('',#6987,10.);
#2136=VECTOR('',#6990,10.);
#2137=VECTOR('',#6993,10.);
#2138=VECTOR('',#6994,10.);
#2139=VECTOR('',#6995,10.);
#2140=VECTOR('',#6998,10.);
#2141=VECTOR('',#6999,10.);
#2142=VECTOR('',#7002,10.);
#2143=VECTOR('',#7003,10.);
#2144=VECTOR('',#7006,10.);
#2145=VECTOR('',#7009,10.);
#2146=VECTOR('',#7010,10.);
#2147=VECTOR('',#7011,10.);
#2148=VECTOR('',#7014,10.);
#2149=VECTOR('',#7015,10.);
#2150=VECTOR('',#7018,10.);
#2151=VECTOR('',#7019,10.);
#2152=VECTOR('',#7022,10.);
#2153=VECTOR('',#7025,10.);
#2154=VECTOR('',#7026,10.);
#2155=VECTOR('',#7027,10.);
#2156=VECTOR('',#7032,10.);
#2157=VECTOR('',#7035,10.);
#2158=VECTOR('',#7036,10.);
#2159=VECTOR('',#7039,10.);
#2160=VECTOR('',#7040,10.);
#2161=VECTOR('',#7045,10.);
#2162=VECTOR('',#7048,10.);
#2163=VECTOR('',#7049,10.);
#2164=VECTOR('',#7054,10.);
#2165=VECTOR('',#7057,10.);
#2166=VECTOR('',#7058,10.);
#2167=VECTOR('',#7063,10.);
#2168=VECTOR('',#7066,10.);
#2169=VECTOR('',#7067,10.);
#2170=VECTOR('',#7072,10.);
#2171=VECTOR('',#7075,10.);
#2172=VECTOR('',#7076,10.);
#2173=VECTOR('',#7079,10.);
#2174=VECTOR('',#7080,10.);
#2175=CIRCLE('',#5435,1.5);
#2176=CIRCLE('',#5437,1.5);
#2177=CIRCLE('',#5440,3.);
#2178=CIRCLE('',#5447,3.);
#2179=CIRCLE('',#5455,1.5);
#2180=CIRCLE('',#5456,1.5);
#2181=CIRCLE('',#5458,1.5);
#2182=CIRCLE('',#5459,1.5);
#2183=CIRCLE('',#5469,3.);
#2184=CIRCLE('',#5470,3.00000000000001);
#2185=CIRCLE('',#5472,3.00000000000001);
#2186=CIRCLE('',#5475,3.);
#2187=CIRCLE('',#5486,1.5);
#2188=CIRCLE('',#5487,1.5);
#2189=CIRCLE('',#5492,4.96505119191756);
#2190=CIRCLE('',#5493,4.75);
#2191=CIRCLE('',#5494,4.74999999999996);
#2192=CIRCLE('',#5495,4.88648667503124);
#2193=CIRCLE('',#5496,3.);
#2194=CIRCLE('',#5503,3.);
#2195=CIRCLE('',#5506,1.5);
#2196=CIRCLE('',#5507,1.5);
#2197=CIRCLE('',#5510,3.);
#2198=CIRCLE('',#5511,3.);
#2199=CIRCLE('',#5519,1.40000000000051);
#2200=CIRCLE('',#5520,1.4);
#2201=CIRCLE('',#5521,1.4);
#2202=CIRCLE('',#5522,1.4);
#2203=CIRCLE('',#5523,1.39999999999948);
#2204=CIRCLE('',#5524,1.4);
#2205=CIRCLE('',#5525,0.999999999999994);
#2206=CIRCLE('',#5526,1.00000000000001);
#2207=CIRCLE('',#5527,1.);
#2208=CIRCLE('',#5528,0.999999999999996);
#2209=CIRCLE('',#5531,4.25);
#2210=CIRCLE('',#5532,4.25);
#2211=CIRCLE('',#5533,4.25);
#2212=CIRCLE('',#5534,4.25);
#2213=CIRCLE('',#5535,2.99999999999983);
#2214=CIRCLE('',#5536,2.99999999999983);
#2215=CIRCLE('',#5554,4.88648667503124);
#2216=CIRCLE('',#5555,4.74999999999996);
#2217=CIRCLE('',#5556,4.75);
#2218=CIRCLE('',#5557,4.96505119191756);
#2219=CIRCLE('',#5598,2.75000000000003);
#2220=CIRCLE('',#5614,1.);
#2221=CIRCLE('',#5615,1.);
#2222=CIRCLE('',#5617,1.);
#2223=CIRCLE('',#5618,1.);
#2224=CIRCLE('',#5619,1.);
#2225=CIRCLE('',#5620,1.);
#2226=CIRCLE('',#5621,3.);
#2227=CIRCLE('',#5622,3.);
#2228=CIRCLE('',#5623,3.);
#2229=CIRCLE('',#5624,3.);
#2230=CIRCLE('',#5625,3.);
#2231=CIRCLE('',#5626,3.);
#2232=CIRCLE('',#5627,3.);
#2233=CIRCLE('',#5628,3.00000000000001);
#2234=CIRCLE('',#5631,1.);
#2235=CIRCLE('',#5633,1.);
#2236=CIRCLE('',#5636,1.);
#2237=CIRCLE('',#5637,1.);
#2238=CIRCLE('',#5641,4.25);
#2239=CIRCLE('',#5642,4.25);
#2240=CIRCLE('',#5643,4.25);
#2241=CIRCLE('',#5644,4.25);
#2242=CIRCLE('',#5645,1.5);
#2243=CIRCLE('',#5675,1.5);
#2244=CIRCLE('',#5685,1.625);
#2245=CIRCLE('',#5686,1.625);
#2246=CIRCLE('',#5688,3.00000000000001);
#2247=CIRCLE('',#5692,1.65);
#2248=CIRCLE('',#5693,1.65);
#2249=CIRCLE('',#5695,3.);
#2250=CIRCLE('',#5699,1.65);
#2251=CIRCLE('',#5700,1.65);
#2252=CIRCLE('',#5702,3.);
#2253=CIRCLE('',#5706,1.625);
#2254=CIRCLE('',#5707,1.625);
#2255=CIRCLE('',#5709,3.);
#2256=CIRCLE('',#5719,1.562481);
#2257=CIRCLE('',#5720,1.562481);
#2258=CIRCLE('',#5722,3.);
#2259=CIRCLE('',#5726,1.562481);
#2260=CIRCLE('',#5727,1.562481);
#2261=CIRCLE('',#5729,3.);
#2262=CIRCLE('',#5733,1.562481);
#2263=CIRCLE('',#5734,1.562481);
#2264=CIRCLE('',#5736,3.);
#2265=CIRCLE('',#5740,1.562481);
#2266=CIRCLE('',#5741,1.562481);
#2267=CIRCLE('',#5743,3.);
#2268=CIRCLE('',#5752,0.999999999999996);
#2269=CIRCLE('',#5755,1.);
#2270=CIRCLE('',#5758,1.00000000000001);
#2271=CIRCLE('',#5761,0.999999999999994);
#2272=CIRCLE('',#5773,1.4);
#2273=CIRCLE('',#5777,1.39999999999948);
#2274=CIRCLE('',#5780,1.4);
#2275=CIRCLE('',#5783,1.4);
#2276=CIRCLE('',#5786,1.4);
#2277=CIRCLE('',#5790,1.40000000000051);
#2278=VERTEX_POINT('',#7091);
#2279=VERTEX_POINT('',#7093);
#2280=VERTEX_POINT('',#7095);
#2281=VERTEX_POINT('',#7097);
#2282=VERTEX_POINT('',#7101);
#2283=VERTEX_POINT('',#7103);
#2284=VERTEX_POINT('',#7107);
#2285=VERTEX_POINT('',#7109);
#2286=VERTEX_POINT('',#7111);
#2287=VERTEX_POINT('',#7113);
#2288=VERTEX_POINT('',#7117);
#2289=VERTEX_POINT('',#7121);
#2290=VERTEX_POINT('',#7127);
#2291=VERTEX_POINT('',#7128);
#2292=VERTEX_POINT('',#7130);
#2293=VERTEX_POINT('',#7132);
#2294=VERTEX_POINT('',#7134);
#2295=VERTEX_POINT('',#7136);
#2296=VERTEX_POINT('',#7138);
#2297=VERTEX_POINT('',#7140);
#2298=VERTEX_POINT('',#7144);
#2299=VERTEX_POINT('',#7145);
#2300=VERTEX_POINT('',#7150);
#2301=VERTEX_POINT('',#7154);
#2302=VERTEX_POINT('',#7158);
#2303=VERTEX_POINT('',#7160);
#2304=VERTEX_POINT('',#7162);
#2305=VERTEX_POINT('',#7164);
#2306=VERTEX_POINT('',#7168);
#2307=VERTEX_POINT('',#7170);
#2308=VERTEX_POINT('',#7172);
#2309=VERTEX_POINT('',#7174);
#2310=VERTEX_POINT('',#7178);
#2311=VERTEX_POINT('',#7180);
#2312=VERTEX_POINT('',#7184);
#2313=VERTEX_POINT('',#7186);
#2314=VERTEX_POINT('',#7190);
#2315=VERTEX_POINT('',#7191);
#2316=VERTEX_POINT('',#7193);
#2317=VERTEX_POINT('',#7195);
#2318=VERTEX_POINT('',#7199);
#2319=VERTEX_POINT('',#7201);
#2320=VERTEX_POINT('',#7203);
#2321=VERTEX_POINT('',#7207);
#2322=VERTEX_POINT('',#7211);
#2323=VERTEX_POINT('',#7212);
#2324=VERTEX_POINT('',#7214);
#2325=VERTEX_POINT('',#7216);
#2326=VERTEX_POINT('',#7220);
#2327=VERTEX_POINT('',#7222);
#2328=VERTEX_POINT('',#7224);
#2329=VERTEX_POINT('',#7228);
#2330=VERTEX_POINT('',#7232);
#2331=VERTEX_POINT('',#7234);
#2332=VERTEX_POINT('',#7238);
#2333=VERTEX_POINT('',#7240);
#2334=VERTEX_POINT('',#7244);
#2335=VERTEX_POINT('',#7245);
#2336=VERTEX_POINT('',#7247);
#2337=VERTEX_POINT('',#7249);
#2338=VERTEX_POINT('',#7253);
#2339=VERTEX_POINT('',#7254);
#2340=VERTEX_POINT('',#7256);
#2341=VERTEX_POINT('',#7258);
#2342=VERTEX_POINT('',#7269);
#2343=VERTEX_POINT('',#7270);
#2344=VERTEX_POINT('',#7272);
#2345=VERTEX_POINT('',#7274);
#2346=VERTEX_POINT('',#7278);
#2347=VERTEX_POINT('',#7280);
#2348=VERTEX_POINT('',#7284);
#2349=VERTEX_POINT('',#7286);
#2350=VERTEX_POINT('',#7290);
#2351=VERTEX_POINT('',#7292);
#2352=VERTEX_POINT('',#7296);
#2353=VERTEX_POINT('',#7298);
#2354=VERTEX_POINT('',#7302);
#2355=VERTEX_POINT('',#7304);
#2356=VERTEX_POINT('',#7308);
#2357=VERTEX_POINT('',#7310);
#2358=VERTEX_POINT('',#7312);
#2359=VERTEX_POINT('',#7314);
#2360=VERTEX_POINT('',#7316);
#2361=VERTEX_POINT('',#7323);
#2362=VERTEX_POINT('',#7325);
#2363=VERTEX_POINT('',#7329);
#2364=VERTEX_POINT('',#7330);
#2365=VERTEX_POINT('',#7332);
#2366=VERTEX_POINT('',#7334);
#2367=VERTEX_POINT('',#7338);
#2368=VERTEX_POINT('',#7340);
#2369=VERTEX_POINT('',#7344);
#2370=VERTEX_POINT('',#7346);
#2371=VERTEX_POINT('',#7350);
#2372=VERTEX_POINT('',#7351);
#2373=VERTEX_POINT('',#7354);
#2374=VERTEX_POINT('',#7356);
#2375=VERTEX_POINT('',#7358);
#2376=VERTEX_POINT('',#7360);
#2377=VERTEX_POINT('',#7362);
#2378=VERTEX_POINT('',#7364);
#2379=VERTEX_POINT('',#7366);
#2380=VERTEX_POINT('',#7368);
#2381=VERTEX_POINT('',#7370);
#2382=VERTEX_POINT('',#7372);
#2383=VERTEX_POINT('',#7374);
#2384=VERTEX_POINT('',#7376);
#2385=VERTEX_POINT('',#7381);
#2386=VERTEX_POINT('',#7382);
#2387=VERTEX_POINT('',#7384);
#2388=VERTEX_POINT('',#7386);
#2389=VERTEX_POINT('',#7390);
#2390=VERTEX_POINT('',#7391);
#2391=VERTEX_POINT('',#7393);
#2392=VERTEX_POINT('',#7395);
#2393=VERTEX_POINT('',#7402);
#2394=VERTEX_POINT('',#7404);
#2395=VERTEX_POINT('',#7406);
#2396=VERTEX_POINT('',#7408);
#2397=VERTEX_POINT('',#7410);
#2398=VERTEX_POINT('',#7414);
#2399=VERTEX_POINT('',#7416);
#2400=VERTEX_POINT('',#7423);
#2401=VERTEX_POINT('',#7425);
#2402=VERTEX_POINT('',#7430);
#2403=VERTEX_POINT('',#7432);
#2404=VERTEX_POINT('',#7437);
#2405=VERTEX_POINT('',#7438);
#2406=VERTEX_POINT('',#7441);
#2407=VERTEX_POINT('',#7445);
#2408=VERTEX_POINT('',#7447);
#2409=VERTEX_POINT('',#7449);
#2410=VERTEX_POINT('',#7451);
#2411=VERTEX_POINT('',#7456);
#2412=VERTEX_POINT('',#7457);
#2413=VERTEX_POINT('',#7459);
#2414=VERTEX_POINT('',#7461);
#2415=VERTEX_POINT('',#7465);
#2416=VERTEX_POINT('',#7469);
#2417=VERTEX_POINT('',#7471);
#2418=VERTEX_POINT('',#7475);
#2419=VERTEX_POINT('',#7477);
#2420=VERTEX_POINT('',#7480);
#2421=VERTEX_POINT('',#7481);
#2422=VERTEX_POINT('',#7483);
#2423=VERTEX_POINT('',#7485);
#2424=VERTEX_POINT('',#7488);
#2425=VERTEX_POINT('',#7489);
#2426=VERTEX_POINT('',#7491);
#2427=VERTEX_POINT('',#7493);
#2428=VERTEX_POINT('',#7495);
#2429=VERTEX_POINT('',#7497);
#2430=VERTEX_POINT('',#7499);
#2431=VERTEX_POINT('',#7501);
#2432=VERTEX_POINT('',#7503);
#2433=VERTEX_POINT('',#7505);
#2434=VERTEX_POINT('',#7507);
#2435=VERTEX_POINT('',#7509);
#2436=VERTEX_POINT('',#7511);
#2437=VERTEX_POINT('',#7513);
#2438=VERTEX_POINT('',#7516);
#2439=VERTEX_POINT('',#7517);
#2440=VERTEX_POINT('',#7519);
#2441=VERTEX_POINT('',#7521);
#2442=VERTEX_POINT('',#7524);
#2443=VERTEX_POINT('',#7525);
#2444=VERTEX_POINT('',#7527);
#2445=VERTEX_POINT('',#7529);
#2446=VERTEX_POINT('',#7531);
#2447=VERTEX_POINT('',#7533);
#2448=VERTEX_POINT('',#7535);
#2449=VERTEX_POINT('',#7537);
#2450=VERTEX_POINT('',#7541);
#2451=VERTEX_POINT('',#7543);
#2452=VERTEX_POINT('',#7545);
#2453=VERTEX_POINT('',#7549);
#2454=VERTEX_POINT('',#7551);
#2455=VERTEX_POINT('',#7553);
#2456=VERTEX_POINT('',#7555);
#2457=VERTEX_POINT('',#7557);
#2458=VERTEX_POINT('',#7559);
#2459=VERTEX_POINT('',#7562);
#2460=VERTEX_POINT('',#7564);
#2461=VERTEX_POINT('',#7566);
#2462=VERTEX_POINT('',#7569);
#2463=VERTEX_POINT('',#7570);
#2464=VERTEX_POINT('',#7572);
#2465=VERTEX_POINT('',#7578);
#2466=VERTEX_POINT('',#7584);
#2467=VERTEX_POINT('',#7590);
#2468=VERTEX_POINT('',#7596);
#2469=VERTEX_POINT('',#7602);
#2470=VERTEX_POINT('',#7608);
#2471=VERTEX_POINT('',#7614);
#2472=VERTEX_POINT('',#7616);
#2473=VERTEX_POINT('',#7618);
#2474=VERTEX_POINT('',#7620);
#2475=VERTEX_POINT('',#7626);
#2476=VERTEX_POINT('',#7632);
#2477=VERTEX_POINT('',#7638);
#2478=VERTEX_POINT('',#7644);
#2479=VERTEX_POINT('',#7646);
#2480=VERTEX_POINT('',#7648);
#2481=VERTEX_POINT('',#7650);
#2482=VERTEX_POINT('',#7652);
#2483=VERTEX_POINT('',#7655);
#2484=VERTEX_POINT('',#7656);
#2485=VERTEX_POINT('',#7662);
#2486=VERTEX_POINT('',#7664);
#2487=VERTEX_POINT('',#7666);
#2488=VERTEX_POINT('',#7668);
#2489=VERTEX_POINT('',#7674);
#2490=VERTEX_POINT('',#7680);
#2491=VERTEX_POINT('',#7686);
#2492=VERTEX_POINT('',#7692);
#2493=VERTEX_POINT('',#7698);
#2494=VERTEX_POINT('',#7704);
#2495=VERTEX_POINT('',#7710);
#2496=VERTEX_POINT('',#7716);
#2497=VERTEX_POINT('',#7727);
#2498=VERTEX_POINT('',#7728);
#2499=VERTEX_POINT('',#7730);
#2500=VERTEX_POINT('',#7732);
#2501=VERTEX_POINT('',#7734);
#2502=VERTEX_POINT('',#7736);
#2503=VERTEX_POINT('',#7738);
#2504=VERTEX_POINT('',#7740);
#2505=VERTEX_POINT('',#7742);
#2506=VERTEX_POINT('',#7744);
#2507=VERTEX_POINT('',#7747);
#2508=VERTEX_POINT('',#7748);
#2509=VERTEX_POINT('',#7750);
#2510=VERTEX_POINT('',#7752);
#2511=VERTEX_POINT('',#7754);
#2512=VERTEX_POINT('',#7756);
#2513=VERTEX_POINT('',#7760);
#2514=VERTEX_POINT('',#7762);
#2515=VERTEX_POINT('',#7766);
#2516=VERTEX_POINT('',#7767);
#2517=VERTEX_POINT('',#7769);
#2518=VERTEX_POINT('',#7771);
#2519=VERTEX_POINT('',#7775);
#2520=VERTEX_POINT('',#7777);
#2521=VERTEX_POINT('',#7781);
#2522=VERTEX_POINT('',#7783);
#2523=VERTEX_POINT('',#7789);
#2524=VERTEX_POINT('',#7790);
#2525=VERTEX_POINT('',#7792);
#2526=VERTEX_POINT('',#7794);
#2527=VERTEX_POINT('',#7798);
#2528=VERTEX_POINT('',#7800);
#2529=VERTEX_POINT('',#7804);
#2530=VERTEX_POINT('',#7806);
#2531=VERTEX_POINT('',#7812);
#2532=VERTEX_POINT('',#7813);
#2533=VERTEX_POINT('',#7815);
#2534=VERTEX_POINT('',#7817);
#2535=VERTEX_POINT('',#7821);
#2536=VERTEX_POINT('',#7823);
#2537=VERTEX_POINT('',#7827);
#2538=VERTEX_POINT('',#7829);
#2539=VERTEX_POINT('',#7835);
#2540=VERTEX_POINT('',#7837);
#2541=VERTEX_POINT('',#7839);
#2542=VERTEX_POINT('',#7841);
#2543=VERTEX_POINT('',#7845);
#2544=VERTEX_POINT('',#7852);
#2545=VERTEX_POINT('',#7854);
#2546=VERTEX_POINT('',#7856);
#2547=VERTEX_POINT('',#7858);
#2548=VERTEX_POINT('',#7860);
#2549=VERTEX_POINT('',#7862);
#2550=VERTEX_POINT('',#7866);
#2551=VERTEX_POINT('',#7868);
#2552=VERTEX_POINT('',#7872);
#2553=VERTEX_POINT('',#7876);
#2554=VERTEX_POINT('',#7880);
#2555=VERTEX_POINT('',#7884);
#2556=VERTEX_POINT('',#7891);
#2557=VERTEX_POINT('',#7893);
#2558=VERTEX_POINT('',#7897);
#2559=VERTEX_POINT('',#7901);
#2560=VERTEX_POINT('',#7905);
#2561=VERTEX_POINT('',#7909);
#2562=VERTEX_POINT('',#7913);
#2563=VERTEX_POINT('',#7917);
#2564=VERTEX_POINT('',#7921);
#2565=VERTEX_POINT('',#7925);
#2566=VERTEX_POINT('',#7932);
#2567=VERTEX_POINT('',#7933);
#2568=VERTEX_POINT('',#7935);
#2569=VERTEX_POINT('',#7937);
#2570=VERTEX_POINT('',#7950);
#2571=VERTEX_POINT('',#7956);
#2572=VERTEX_POINT('',#7973);
#2573=VERTEX_POINT('',#7979);
#2574=VERTEX_POINT('',#7996);
#2575=VERTEX_POINT('',#8002);
#2576=VERTEX_POINT('',#8019);
#2577=VERTEX_POINT('',#8025);
#2578=VERTEX_POINT('',#8042);
#2579=VERTEX_POINT('',#8048);
#2580=VERTEX_POINT('',#8065);
#2581=VERTEX_POINT('',#8071);
#2582=VERTEX_POINT('',#8088);
#2583=VERTEX_POINT('',#8094);
#2584=VERTEX_POINT('',#8102);
#2585=VERTEX_POINT('',#8104);
#2586=VERTEX_POINT('',#8111);
#2587=VERTEX_POINT('',#8112);
#2588=VERTEX_POINT('',#8114);
#2589=VERTEX_POINT('',#8116);
#2590=VERTEX_POINT('',#8129);
#2591=VERTEX_POINT('',#8135);
#2592=VERTEX_POINT('',#8152);
#2593=VERTEX_POINT('',#8158);
#2594=VERTEX_POINT('',#8175);
#2595=VERTEX_POINT('',#8181);
#2596=VERTEX_POINT('',#8198);
#2597=VERTEX_POINT('',#8204);
#2598=VERTEX_POINT('',#8221);
#2599=VERTEX_POINT('',#8227);
#2600=VERTEX_POINT('',#8244);
#2601=VERTEX_POINT('',#8250);
#2602=VERTEX_POINT('',#8258);
#2603=VERTEX_POINT('',#8260);
#2604=VERTEX_POINT('',#8276);
#2605=VERTEX_POINT('',#8278);
#2606=VERTEX_POINT('',#8295);
#2607=VERTEX_POINT('',#8312);
#2608=VERTEX_POINT('',#8329);
#2609=VERTEX_POINT('',#8346);
#2610=VERTEX_POINT('',#8363);
#2611=VERTEX_POINT('',#8380);
#2612=VERTEX_POINT('',#8397);
#2613=VERTEX_POINT('',#8414);
#2614=VERTEX_POINT('',#8431);
#2615=VERTEX_POINT('',#8448);
#2616=VERTEX_POINT('',#8456);
#2617=VERTEX_POINT('',#8460);
#2618=VERTEX_POINT('',#8467);
#2619=VERTEX_POINT('',#8471);
#2620=VERTEX_POINT('',#8475);
#2621=VERTEX_POINT('',#8476);
#2622=VERTEX_POINT('',#8478);
#2623=VERTEX_POINT('',#8480);
#2624=VERTEX_POINT('',#8493);
#2625=VERTEX_POINT('',#8499);
#2626=VERTEX_POINT('',#8516);
#2627=VERTEX_POINT('',#8522);
#2628=VERTEX_POINT('',#8539);
#2629=VERTEX_POINT('',#8545);
#2630=VERTEX_POINT('',#8562);
#2631=VERTEX_POINT('',#8568);
#2632=VERTEX_POINT('',#8585);
#2633=VERTEX_POINT('',#8591);
#2634=VERTEX_POINT('',#8599);
#2635=VERTEX_POINT('',#8601);
#2636=VERTEX_POINT('',#8608);
#2637=VERTEX_POINT('',#8610);
#2638=VERTEX_POINT('',#8614);
#2639=VERTEX_POINT('',#8627);
#2640=VERTEX_POINT('',#8644);
#2641=VERTEX_POINT('',#8661);
#2642=VERTEX_POINT('',#8678);
#2643=VERTEX_POINT('',#8686);
#2644=VERTEX_POINT('',#8690);
#2645=VERTEX_POINT('',#8694);
#2646=VERTEX_POINT('',#8707);
#2647=VERTEX_POINT('',#8724);
#2648=VERTEX_POINT('',#8741);
#2649=VERTEX_POINT('',#8758);
#2650=VERTEX_POINT('',#8775);
#2651=VERTEX_POINT('',#8792);
#2652=VERTEX_POINT('',#8815);
#2653=VERTEX_POINT('',#8819);
#2654=VERTEX_POINT('',#8831);
#2655=VERTEX_POINT('',#8835);
#2656=VERTEX_POINT('',#8841);
#2657=VERTEX_POINT('',#8845);
#2658=VERTEX_POINT('',#8847);
#2659=VERTEX_POINT('',#8851);
#2660=VERTEX_POINT('',#8855);
#2661=VERTEX_POINT('',#8857);
#2662=VERTEX_POINT('',#8864);
#2663=VERTEX_POINT('',#8866);
#2664=VERTEX_POINT('',#8868);
#2665=VERTEX_POINT('',#8876);
#2666=VERTEX_POINT('',#8878);
#2667=VERTEX_POINT('',#8882);
#2668=VERTEX_POINT('',#8884);
#2669=VERTEX_POINT('',#8886);
#2670=VERTEX_POINT('',#8888);
#2671=VERTEX_POINT('',#8890);
#2672=VERTEX_POINT('',#8892);
#2673=VERTEX_POINT('',#8894);
#2674=VERTEX_POINT('',#8896);
#2675=VERTEX_POINT('',#8898);
#2676=VERTEX_POINT('',#8900);
#2677=VERTEX_POINT('',#8902);
#2678=VERTEX_POINT('',#8904);
#2679=VERTEX_POINT('',#8906);
#2680=VERTEX_POINT('',#8908);
#2681=VERTEX_POINT('',#8910);
#2682=VERTEX_POINT('',#8913);
#2683=VERTEX_POINT('',#8915);
#2684=VERTEX_POINT('',#8917);
#2685=VERTEX_POINT('',#8919);
#2686=VERTEX_POINT('',#8921);
#2687=VERTEX_POINT('',#8923);
#2688=VERTEX_POINT('',#8925);
#2689=VERTEX_POINT('',#8927);
#2690=VERTEX_POINT('',#8930);
#2691=VERTEX_POINT('',#8934);
#2692=VERTEX_POINT('',#8938);
#2693=VERTEX_POINT('',#8939);
#2694=VERTEX_POINT('',#8944);
#2695=VERTEX_POINT('',#8948);
#2696=VERTEX_POINT('',#8950);
#2697=VERTEX_POINT('',#8952);
#2698=VERTEX_POINT('',#8954);
#2699=VERTEX_POINT('',#8956);
#2700=VERTEX_POINT('',#8958);
#2701=VERTEX_POINT('',#8968);
#2702=VERTEX_POINT('',#8976);
#2703=VERTEX_POINT('',#8985);
#2704=VERTEX_POINT('',#8989);
#2705=VERTEX_POINT('',#8996);
#2706=VERTEX_POINT('',#8997);
#2707=VERTEX_POINT('',#8999);
#2708=VERTEX_POINT('',#9001);
#2709=VERTEX_POINT('',#9005);
#2710=VERTEX_POINT('',#9007);
#2711=VERTEX_POINT('',#9011);
#2712=VERTEX_POINT('',#9013);
#2713=VERTEX_POINT('',#9026);
#2714=VERTEX_POINT('',#9027);
#2715=VERTEX_POINT('',#9029);
#2716=VERTEX_POINT('',#9031);
#2717=VERTEX_POINT('',#9036);
#2718=VERTEX_POINT('',#9037);
#2719=VERTEX_POINT('',#9039);
#2720=VERTEX_POINT('',#9052);
#2721=VERTEX_POINT('',#9053);
#2722=VERTEX_POINT('',#9055);
#2723=VERTEX_POINT('',#9057);
#2724=VERTEX_POINT('',#9063);
#2725=VERTEX_POINT('',#9065);
#2726=VERTEX_POINT('',#9069);
#2727=VERTEX_POINT('',#9073);
#2728=VERTEX_POINT('',#9079);
#2729=VERTEX_POINT('',#9098);
#2730=VERTEX_POINT('',#9100);
#2731=VERTEX_POINT('',#9104);
#2732=VERTEX_POINT('',#9110);
#2733=VERTEX_POINT('',#9112);
#2734=VERTEX_POINT('',#9116);
#2735=VERTEX_POINT('',#9122);
#2736=VERTEX_POINT('',#9124);
#2737=VERTEX_POINT('',#9128);
#2738=VERTEX_POINT('',#9134);
#2739=VERTEX_POINT('',#9136);
#2740=VERTEX_POINT('',#9140);
#2741=VERTEX_POINT('',#9158);
#2742=VERTEX_POINT('',#9160);
#2743=VERTEX_POINT('',#9164);
#2744=VERTEX_POINT('',#9170);
#2745=VERTEX_POINT('',#9172);
#2746=VERTEX_POINT('',#9176);
#2747=VERTEX_POINT('',#9182);
#2748=VERTEX_POINT('',#9184);
#2749=VERTEX_POINT('',#9188);
#2750=VERTEX_POINT('',#9194);
#2751=VERTEX_POINT('',#9196);
#2752=VERTEX_POINT('',#9200);
#2753=VERTEX_POINT('',#9215);
#2754=VERTEX_POINT('',#9216);
#2755=VERTEX_POINT('',#9221);
#2756=VERTEX_POINT('',#9225);
#2757=VERTEX_POINT('',#9229);
#2758=VERTEX_POINT('',#9233);
#2759=VERTEX_POINT('',#9237);
#2760=VERTEX_POINT('',#9241);
#2761=VERTEX_POINT('',#9247);
#2762=VERTEX_POINT('',#9248);
#2763=VERTEX_POINT('',#9253);
#2764=VERTEX_POINT('',#9257);
#2765=VERTEX_POINT('',#9263);
#2766=VERTEX_POINT('',#9264);
#2767=VERTEX_POINT('',#9269);
#2768=VERTEX_POINT('',#9273);
#2769=VERTEX_POINT('',#9279);
#2770=VERTEX_POINT('',#9280);
#2771=VERTEX_POINT('',#9285);
#2772=VERTEX_POINT('',#9289);
#2773=VERTEX_POINT('',#9293);
#2774=VERTEX_POINT('',#9297);
#2775=VERTEX_POINT('',#9301);
#2776=VERTEX_POINT('',#9305);
#2777=VERTEX_POINT('',#9309);
#2778=VERTEX_POINT('',#9313);
#2779=VERTEX_POINT('',#9317);
#2780=VERTEX_POINT('',#9321);
#2781=VERTEX_POINT('',#9325);
#2782=VERTEX_POINT('',#9329);
#2783=EDGE_CURVE('',#2278,#2278,#2175,.T.);
#2784=EDGE_CURVE('',#2278,#2279,#1023,.T.);
#2785=EDGE_CURVE('',#2280,#2279,#1019,.T.);
#2786=EDGE_CURVE('',#2281,#2280,#2176,.T.);
#2787=EDGE_CURVE('',#2279,#2281,#1020,.T.);
#2788=EDGE_CURVE('',#2282,#2280,#1024,.T.);
#2789=EDGE_CURVE('',#2282,#2283,#2177,.T.);
#2790=EDGE_CURVE('',#2281,#2283,#1025,.T.);
#2791=EDGE_CURVE('',#2283,#2284,#1021,.T.);
#2792=EDGE_CURVE('',#2284,#2285,#1026,.T.);
#2793=EDGE_CURVE('',#2286,#2285,#1027,.T.);
#2794=EDGE_CURVE('',#2286,#2287,#1028,.T.);
#2795=EDGE_CURVE('',#2287,#2282,#1022,.T.);
#2796=EDGE_CURVE('',#2288,#2286,#1029,.T.);
#2797=EDGE_CURVE('',#2288,#2287,#1030,.T.);
#2798=EDGE_CURVE('',#2289,#2284,#1031,.T.);
#2799=EDGE_CURVE('',#2285,#2289,#1032,.T.);
#2800=EDGE_CURVE('',#2289,#2288,#2178,.T.);
#2801=EDGE_CURVE('',#2290,#2291,#1033,.T.);
#2802=EDGE_CURVE('',#2292,#2290,#1034,.T.);
#2803=EDGE_CURVE('',#2293,#2292,#1035,.T.);
#2804=EDGE_CURVE('',#2293,#2294,#1036,.T.);
#2805=EDGE_CURVE('',#2295,#2294,#1037,.T.);
#2806=EDGE_CURVE('',#2296,#2295,#1038,.T.);
#2807=EDGE_CURVE('',#2297,#2296,#1039,.T.);
#2808=EDGE_CURVE('',#2291,#2297,#1040,.T.);
#2809=EDGE_CURVE('',#2298,#2299,#1041,.T.);
#2810=EDGE_CURVE('',#2298,#2291,#1042,.T.);
#2811=EDGE_CURVE('',#2299,#2297,#1043,.T.);
#2812=EDGE_CURVE('',#2300,#2298,#1044,.T.);
#2813=EDGE_CURVE('',#2300,#2290,#1045,.T.);
#2814=EDGE_CURVE('',#2301,#2300,#1046,.T.);
#2815=EDGE_CURVE('',#2292,#2301,#1047,.T.);
#2816=EDGE_CURVE('',#2302,#2301,#1048,.T.);
#2817=EDGE_CURVE('',#2303,#2302,#1049,.T.);
#2818=EDGE_CURVE('',#2304,#2303,#1050,.T.);
#2819=EDGE_CURVE('',#2304,#2305,#1051,.T.);
#2820=EDGE_CURVE('',#2305,#2293,#1052,.T.);
#2821=EDGE_CURVE('',#2296,#2306,#1053,.T.);
#2822=EDGE_CURVE('',#2306,#2307,#1054,.T.);
#2823=EDGE_CURVE('',#2307,#2308,#1055,.T.);
#2824=EDGE_CURVE('',#2309,#2308,#1056,.T.);
#2825=EDGE_CURVE('',#2299,#2309,#1057,.T.);
#2826=EDGE_CURVE('',#2310,#2310,#2179,.T.);
#2827=EDGE_CURVE('',#2310,#2311,#1058,.T.);
#2828=EDGE_CURVE('',#2311,#2311,#2180,.T.);
#2829=EDGE_CURVE('',#2312,#2312,#2181,.T.);
#2830=EDGE_CURVE('',#2312,#2313,#1059,.T.);
#2831=EDGE_CURVE('',#2313,#2313,#2182,.T.);
#2832=EDGE_CURVE('',#2314,#2315,#1060,.T.);
#2833=EDGE_CURVE('',#2315,#2316,#1061,.T.);
#2834=EDGE_CURVE('',#2316,#2317,#1062,.T.);
#2835=EDGE_CURVE('',#2317,#2314,#1063,.T.);
#2836=EDGE_CURVE('',#2318,#2316,#1064,.T.);
#2837=EDGE_CURVE('',#2319,#2318,#1065,.T.);
#2838=EDGE_CURVE('',#2319,#2320,#1066,.T.);
#2839=EDGE_CURVE('',#2320,#2317,#1067,.T.);
#2840=EDGE_CURVE('',#2321,#2315,#1068,.T.);
#2841=EDGE_CURVE('',#2318,#2321,#1069,.T.);
#2842=EDGE_CURVE('',#2322,#2323,#1070,.T.);
#2843=EDGE_CURVE('',#2323,#2324,#1071,.T.);
#2844=EDGE_CURVE('',#2324,#2325,#1072,.T.);
#2845=EDGE_CURVE('',#2325,#2322,#1073,.T.);
#2846=EDGE_CURVE('',#2326,#2324,#1074,.T.);
#2847=EDGE_CURVE('',#2327,#2326,#1075,.T.);
#2848=EDGE_CURVE('',#2327,#2328,#1076,.T.);
#2849=EDGE_CURVE('',#2328,#2325,#1077,.T.);
#2850=EDGE_CURVE('',#2329,#2323,#1078,.T.);
#2851=EDGE_CURVE('',#2326,#2329,#1079,.T.);
#2852=EDGE_CURVE('',#2314,#2330,#1080,.T.);
#2853=EDGE_CURVE('',#2331,#2330,#1081,.T.);
#2854=EDGE_CURVE('',#2321,#2331,#1082,.T.);
#2855=EDGE_CURVE('',#2322,#2332,#1083,.T.);
#2856=EDGE_CURVE('',#2333,#2332,#1084,.T.);
#2857=EDGE_CURVE('',#2329,#2333,#1085,.T.);
#2858=EDGE_CURVE('',#2334,#2335,#1086,.T.);
#2859=EDGE_CURVE('',#2336,#2334,#1087,.T.);
#2860=EDGE_CURVE('',#2337,#2336,#1088,.T.);
#2861=EDGE_CURVE('',#2335,#2337,#1089,.T.);
#2862=EDGE_CURVE('',#2331,#2319,#2183,.T.);
#2863=EDGE_CURVE('',#2338,#2339,#1090,.T.);
#2864=EDGE_CURVE('',#2339,#2340,#1091,.T.);
#2865=EDGE_CURVE('',#2340,#2341,#1092,.T.);
#2866=EDGE_CURVE('',#2341,#2338,#1093,.T.);
#2867=EDGE_CURVE('',#2333,#2327,#2184,.T.);
#2868=EDGE_CURVE('',#2328,#2332,#2185,.T.);
#2869=EDGE_CURVE('',#2320,#2330,#2186,.T.);
#2870=EDGE_CURVE('',#2342,#2343,#1094,.T.);
#2871=EDGE_CURVE('',#2342,#2344,#1095,.T.);
#2872=EDGE_CURVE('',#2344,#2345,#1096,.T.);
#2873=EDGE_CURVE('',#2343,#2345,#1097,.T.);
#2874=EDGE_CURVE('',#2346,#2342,#1098,.T.);
#2875=EDGE_CURVE('',#2346,#2347,#1099,.T.);
#2876=EDGE_CURVE('',#2347,#2344,#1100,.T.);
#2877=EDGE_CURVE('',#2348,#2346,#1101,.T.);
#2878=EDGE_CURVE('',#2349,#2348,#1102,.T.);
#2879=EDGE_CURVE('',#2349,#2347,#1103,.T.);
#2880=EDGE_CURVE('',#2350,#2304,#1104,.T.);
#2881=EDGE_CURVE('',#2350,#2351,#1105,.T.);
#2882=EDGE_CURVE('',#2351,#2305,#1106,.T.);
#2883=EDGE_CURVE('',#2352,#2350,#1107,.T.);
#2884=EDGE_CURVE('',#2352,#2353,#1108,.T.);
#2885=EDGE_CURVE('',#2353,#2351,#1109,.T.);
#2886=EDGE_CURVE('',#2354,#2352,#1110,.T.);
#2887=EDGE_CURVE('',#2355,#2354,#1111,.T.);
#2888=EDGE_CURVE('',#2355,#2353,#1112,.T.);
#2889=EDGE_CURVE('',#2356,#2348,#1113,.T.);
#2890=EDGE_CURVE('',#2357,#2356,#1114,.T.);
#2891=EDGE_CURVE('',#2358,#2357,#1115,.T.);
#2892=EDGE_CURVE('',#2358,#2359,#1116,.T.);
#2893=EDGE_CURVE('',#2359,#2360,#1117,.T.);
#2894=EDGE_CURVE('',#2360,#2349,#1118,.T.);
#2895=EDGE_CURVE('',#2345,#2355,#1119,.T.);
#2896=EDGE_CURVE('',#2343,#2354,#1120,.T.);
#2897=EDGE_CURVE('',#2361,#2361,#2187,.T.);
#2898=EDGE_CURVE('',#2361,#2362,#1121,.T.);
#2899=EDGE_CURVE('',#2362,#2362,#2188,.T.);
#2900=EDGE_CURVE('',#2363,#2364,#1122,.T.);
#2901=EDGE_CURVE('',#2365,#2363,#1123,.T.);
#2902=EDGE_CURVE('',#2366,#2365,#1124,.T.);
#2903=EDGE_CURVE('',#2364,#2366,#1125,.T.);
#2904=EDGE_CURVE('',#2367,#2365,#1126,.T.);
#2905=EDGE_CURVE('',#2368,#2367,#1127,.T.);
#2906=EDGE_CURVE('',#2368,#2366,#1128,.T.);
#2907=EDGE_CURVE('',#2363,#2369,#1129,.T.);
#2908=EDGE_CURVE('',#2364,#2370,#1130,.T.);
#2909=EDGE_CURVE('',#2369,#2370,#1131,.T.);
#2910=EDGE_CURVE('',#2371,#2372,#1132,.T.);
#2911=EDGE_CURVE('',#2371,#2337,#1133,.T.);
#2912=EDGE_CURVE('',#2373,#2336,#1134,.T.);
#2913=EDGE_CURVE('',#2374,#2373,#1135,.T.);
#2914=EDGE_CURVE('',#2374,#2375,#2189,.T.);
#2915=EDGE_CURVE('',#2375,#2376,#1136,.T.);
#2916=EDGE_CURVE('',#2376,#2377,#2190,.T.);
#2917=EDGE_CURVE('',#2377,#2378,#1137,.T.);
#2918=EDGE_CURVE('',#2378,#2379,#2191,.T.);
#2919=EDGE_CURVE('',#2379,#2380,#1138,.T.);
#2920=EDGE_CURVE('',#2380,#2381,#2192,.T.);
#2921=EDGE_CURVE('',#2381,#2382,#1139,.T.);
#2922=EDGE_CURVE('',#2383,#2382,#1140,.T.);
#2923=EDGE_CURVE('',#2384,#2383,#1141,.T.);
#2924=EDGE_CURVE('',#2384,#2372,#1142,.T.);
#2925=EDGE_CURVE('',#2369,#2367,#2193,.T.);
#2926=EDGE_CURVE('',#2385,#2386,#1143,.T.);
#2927=EDGE_CURVE('',#2387,#2385,#1144,.T.);
#2928=EDGE_CURVE('',#2387,#2388,#1145,.T.);
#2929=EDGE_CURVE('',#2386,#2388,#1146,.T.);
#2930=EDGE_CURVE('',#2389,#2390,#1147,.T.);
#2931=EDGE_CURVE('',#2389,#2391,#1148,.T.);
#2932=EDGE_CURVE('',#2391,#2392,#1149,.T.);
#2933=EDGE_CURVE('',#2390,#2392,#1150,.T.);
#2934=EDGE_CURVE('',#2386,#2389,#1151,.T.);
#2935=EDGE_CURVE('',#2388,#2391,#1152,.T.);
#2936=EDGE_CURVE('',#2393,#2385,#1153,.T.);
#2937=EDGE_CURVE('',#2394,#2393,#1154,.T.);
#2938=EDGE_CURVE('',#2394,#2395,#1155,.T.);
#2939=EDGE_CURVE('',#2395,#2396,#1156,.T.);
#2940=EDGE_CURVE('',#2396,#2397,#1157,.T.);
#2941=EDGE_CURVE('',#2397,#2387,#1158,.T.);
#2942=EDGE_CURVE('',#2392,#2398,#1159,.T.);
#2943=EDGE_CURVE('',#2398,#2399,#1160,.T.);
#2944=EDGE_CURVE('',#2390,#2399,#1161,.T.);
#2945=EDGE_CURVE('',#2368,#2370,#2194,.T.);
#2946=EDGE_CURVE('',#2400,#2400,#2195,.T.);
#2947=EDGE_CURVE('',#2400,#2401,#1162,.T.);
#2948=EDGE_CURVE('',#2401,#2401,#2196,.T.);
#2949=EDGE_CURVE('',#2402,#2402,#2197,.T.);
#2950=EDGE_CURVE('',#2402,#2403,#1163,.T.);
#2951=EDGE_CURVE('',#2403,#2403,#2198,.T.);
#2952=EDGE_CURVE('',#2404,#2405,#1164,.T.);
#2953=EDGE_CURVE('',#2405,#2357,#1165,.T.);
#2954=EDGE_CURVE('',#2356,#2406,#1166,.T.);
#2955=EDGE_CURVE('',#2406,#2404,#1167,.T.);
#2956=EDGE_CURVE('',#2406,#2407,#1168,.T.);
#2957=EDGE_CURVE('',#2408,#2407,#1169,.T.);
#2958=EDGE_CURVE('',#2408,#2409,#1170,.T.);
#2959=EDGE_CURVE('',#2409,#2410,#1171,.T.);
#2960=EDGE_CURVE('',#2410,#2404,#1172,.T.);
#2961=EDGE_CURVE('',#2407,#2303,#1173,.T.);
#2962=EDGE_CURVE('',#2411,#2412,#1174,.T.);
#2963=EDGE_CURVE('',#2412,#2413,#1175,.T.);
#2964=EDGE_CURVE('',#2413,#2414,#1176,.T.);
#2965=EDGE_CURVE('',#2414,#2411,#1177,.T.);
#2966=EDGE_CURVE('',#2302,#2415,#1178,.T.);
#2967=EDGE_CURVE('',#2415,#2408,#1179,.T.);
#2968=EDGE_CURVE('',#2308,#2416,#1180,.T.);
#2969=EDGE_CURVE('',#2416,#2417,#1181,.F.);
#2970=EDGE_CURVE('',#2417,#2309,#1182,.T.);
#2971=EDGE_CURVE('',#2417,#2418,#1183,.T.);
#2972=EDGE_CURVE('',#2418,#2419,#1184,.T.);
#2973=EDGE_CURVE('',#2415,#2419,#1185,.T.);
#2974=EDGE_CURVE('',#2420,#2421,#1186,.T.);
#2975=EDGE_CURVE('',#2421,#2422,#1187,.T.);
#2976=EDGE_CURVE('',#2422,#2423,#1188,.T.);
#2977=EDGE_CURVE('',#2420,#2423,#1189,.T.);
#2978=EDGE_CURVE('',#2424,#2425,#2199,.T.);
#2979=EDGE_CURVE('',#2425,#2426,#1190,.T.);
#2980=EDGE_CURVE('',#2426,#2427,#1191,.T.);
#2981=EDGE_CURVE('',#2427,#2428,#2200,.T.);
#2982=EDGE_CURVE('',#2428,#2429,#1192,.T.);
#2983=EDGE_CURVE('',#2429,#2430,#2201,.T.);
#2984=EDGE_CURVE('',#2430,#2431,#1193,.T.);
#2985=EDGE_CURVE('',#2431,#2432,#2202,.T.);
#2986=EDGE_CURVE('',#2432,#2433,#1194,.T.);
#2987=EDGE_CURVE('',#2433,#2434,#2203,.T.);
#2988=EDGE_CURVE('',#2434,#2435,#1195,.T.);
#2989=EDGE_CURVE('',#2435,#2436,#1196,.T.);
#2990=EDGE_CURVE('',#2436,#2437,#2204,.T.);
#2991=EDGE_CURVE('',#2437,#2424,#1197,.T.);
#2992=EDGE_CURVE('',#2438,#2439,#1198,.T.);
#2993=EDGE_CURVE('',#2439,#2440,#1199,.T.);
#2994=EDGE_CURVE('',#2440,#2441,#1200,.T.);
#2995=EDGE_CURVE('',#2441,#2438,#1201,.T.);
#2996=EDGE_CURVE('',#2442,#2443,#1202,.T.);
#2997=EDGE_CURVE('',#2443,#2444,#2205,.T.);
#2998=EDGE_CURVE('',#2444,#2445,#1203,.T.);
#2999=EDGE_CURVE('',#2445,#2446,#2206,.T.);
#3000=EDGE_CURVE('',#2446,#2447,#1204,.T.);
#3001=EDGE_CURVE('',#2447,#2448,#2207,.T.);
#3002=EDGE_CURVE('',#2448,#2449,#1205,.T.);
#3003=EDGE_CURVE('',#2449,#2442,#2208,.T.);
#3004=EDGE_CURVE('',#2393,#2450,#1206,.T.);
#3005=EDGE_CURVE('',#2450,#2451,#1207,.T.);
#3006=EDGE_CURVE('',#2451,#2452,#1208,.T.);
#3007=EDGE_CURVE('',#2452,#2394,#1209,.T.);
#3008=EDGE_CURVE('',#2307,#2453,#2209,.T.);
#3009=EDGE_CURVE('',#2454,#2453,#1210,.T.);
#3010=EDGE_CURVE('',#2454,#2455,#2210,.T.);
#3011=EDGE_CURVE('',#2456,#2455,#1211,.T.);
#3012=EDGE_CURVE('',#2456,#2457,#2211,.T.);
#3013=EDGE_CURVE('',#2458,#2457,#1212,.T.);
#3014=EDGE_CURVE('',#2458,#2395,#2212,.T.);
#3015=EDGE_CURVE('',#2459,#2452,#1213,.T.);
#3016=EDGE_CURVE('',#2460,#2459,#1214,.T.);
#3017=EDGE_CURVE('',#2461,#2460,#1215,.T.);
#3018=EDGE_CURVE('',#2416,#2461,#1216,.T.);
#3019=EDGE_CURVE('',#2462,#2463,#1217,.T.);
#3020=EDGE_CURVE('',#2463,#2464,#58,.T.);
#3021=EDGE_CURVE('',#2464,#2465,#59,.T.);
#3022=EDGE_CURVE('',#2465,#2466,#60,.T.);
#3023=EDGE_CURVE('',#2466,#2467,#61,.T.);
#3024=EDGE_CURVE('',#2467,#2468,#62,.T.);
#3025=EDGE_CURVE('',#2468,#2469,#63,.T.);
#3026=EDGE_CURVE('',#2469,#2470,#64,.T.);
#3027=EDGE_CURVE('',#2470,#2471,#1218,.T.);
#3028=EDGE_CURVE('',#2471,#2472,#1219,.T.);
#3029=EDGE_CURVE('',#2472,#2473,#1220,.T.);
#3030=EDGE_CURVE('',#2473,#2474,#65,.T.);
#3031=EDGE_CURVE('',#2474,#2475,#66,.T.);
#3032=EDGE_CURVE('',#2475,#2476,#67,.T.);
#3033=EDGE_CURVE('',#2476,#2477,#68,.T.);
#3034=EDGE_CURVE('',#2477,#2478,#1221,.T.);
#3035=EDGE_CURVE('',#2478,#2479,#1222,.T.);
#3036=EDGE_CURVE('',#2479,#2480,#1223,.T.);
#3037=EDGE_CURVE('',#2480,#2481,#1224,.T.);
#3038=EDGE_CURVE('',#2481,#2482,#2213,.T.);
#3039=EDGE_CURVE('',#2482,#2462,#2214,.T.);
#3040=EDGE_CURVE('',#2483,#2484,#69,.T.);
#3041=EDGE_CURVE('',#2484,#2485,#1225,.T.);
#3042=EDGE_CURVE('',#2485,#2486,#1226,.T.);
#3043=EDGE_CURVE('',#2486,#2487,#1227,.T.);
#3044=EDGE_CURVE('',#2487,#2488,#70,.T.);
#3045=EDGE_CURVE('',#2488,#2489,#71,.T.);
#3046=EDGE_CURVE('',#2489,#2490,#72,.T.);
#3047=EDGE_CURVE('',#2490,#2491,#73,.T.);
#3048=EDGE_CURVE('',#2491,#2492,#74,.T.);
#3049=EDGE_CURVE('',#2492,#2493,#75,.T.);
#3050=EDGE_CURVE('',#2493,#2494,#76,.T.);
#3051=EDGE_CURVE('',#2494,#2495,#77,.T.);
#3052=EDGE_CURVE('',#2495,#2496,#78,.T.);
#3053=EDGE_CURVE('',#2496,#2483,#79,.T.);
#3054=EDGE_CURVE('',#2497,#2498,#1228,.T.);
#3055=EDGE_CURVE('',#2498,#2499,#1229,.T.);
#3056=EDGE_CURVE('',#2499,#2500,#1230,.T.);
#3057=EDGE_CURVE('',#2500,#2501,#1231,.T.);
#3058=EDGE_CURVE('',#2501,#2502,#1232,.T.);
#3059=EDGE_CURVE('',#2502,#2503,#1233,.T.);
#3060=EDGE_CURVE('',#2503,#2504,#1234,.T.);
#3061=EDGE_CURVE('',#2504,#2505,#1235,.T.);
#3062=EDGE_CURVE('',#2505,#2506,#1236,.T.);
#3063=EDGE_CURVE('',#2506,#2497,#1237,.T.);
#3064=EDGE_CURVE('',#2507,#2508,#1238,.T.);
#3065=EDGE_CURVE('',#2508,#2509,#1239,.T.);
#3066=EDGE_CURVE('',#2509,#2510,#1240,.T.);
#3067=EDGE_CURVE('',#2510,#2511,#1241,.T.);
#3068=EDGE_CURVE('',#2511,#2512,#1242,.T.);
#3069=EDGE_CURVE('',#2512,#2507,#1243,.T.);
#3070=EDGE_CURVE('',#2451,#2513,#1244,.T.);
#3071=EDGE_CURVE('',#2513,#2514,#1245,.T.);
#3072=EDGE_CURVE('',#2514,#2459,#1246,.T.);
#3073=EDGE_CURVE('',#2515,#2516,#1247,.T.);
#3074=EDGE_CURVE('',#2516,#2517,#1248,.T.);
#3075=EDGE_CURVE('',#2518,#2517,#1249,.T.);
#3076=EDGE_CURVE('',#2515,#2518,#1250,.T.);
#3077=EDGE_CURVE('',#2515,#2519,#1251,.T.);
#3078=EDGE_CURVE('',#2520,#2518,#1252,.T.);
#3079=EDGE_CURVE('',#2519,#2520,#1253,.T.);
#3080=EDGE_CURVE('',#2521,#2519,#1254,.T.);
#3081=EDGE_CURVE('',#2522,#2520,#1255,.T.);
#3082=EDGE_CURVE('',#2521,#2522,#1256,.T.);
#3083=EDGE_CURVE('',#2517,#2522,#1257,.T.);
#3084=EDGE_CURVE('',#2523,#2524,#1258,.T.);
#3085=EDGE_CURVE('',#2524,#2525,#1259,.T.);
#3086=EDGE_CURVE('',#2526,#2525,#1260,.T.);
#3087=EDGE_CURVE('',#2523,#2526,#1261,.T.);
#3088=EDGE_CURVE('',#2523,#2527,#1262,.T.);
#3089=EDGE_CURVE('',#2528,#2526,#1263,.T.);
#3090=EDGE_CURVE('',#2527,#2528,#1264,.T.);
#3091=EDGE_CURVE('',#2529,#2527,#1265,.T.);
#3092=EDGE_CURVE('',#2530,#2528,#1266,.T.);
#3093=EDGE_CURVE('',#2529,#2530,#1267,.T.);
#3094=EDGE_CURVE('',#2525,#2530,#1268,.T.);
#3095=EDGE_CURVE('',#2531,#2532,#1269,.T.);
#3096=EDGE_CURVE('',#2532,#2533,#1270,.T.);
#3097=EDGE_CURVE('',#2534,#2533,#1271,.T.);
#3098=EDGE_CURVE('',#2531,#2534,#1272,.T.);
#3099=EDGE_CURVE('',#2531,#2535,#1273,.T.);
#3100=EDGE_CURVE('',#2536,#2534,#1274,.T.);
#3101=EDGE_CURVE('',#2535,#2536,#1275,.T.);
#3102=EDGE_CURVE('',#2537,#2535,#1276,.T.);
#3103=EDGE_CURVE('',#2538,#2536,#1277,.T.);
#3104=EDGE_CURVE('',#2537,#2538,#1278,.T.);
#3105=EDGE_CURVE('',#2533,#2538,#1279,.T.);
#3106=EDGE_CURVE('',#2514,#2539,#1280,.T.);
#3107=EDGE_CURVE('',#2539,#2540,#1281,.F.);
#3108=EDGE_CURVE('',#2541,#2540,#1282,.T.);
#3109=EDGE_CURVE('',#2541,#2542,#1283,.T.);
#3110=EDGE_CURVE('',#2542,#2460,#1284,.T.);
#3111=EDGE_CURVE('',#2543,#2419,#1285,.T.);
#3112=EDGE_CURVE('',#2543,#2409,#1286,.T.);
#3113=EDGE_CURVE('',#2410,#2513,#1287,.T.);
#3114=EDGE_CURVE('',#2450,#2405,#1288,.T.);
#3115=EDGE_CURVE('',#2399,#2544,#2215,.T.);
#3116=EDGE_CURVE('',#2544,#2545,#1289,.T.);
#3117=EDGE_CURVE('',#2545,#2546,#2216,.T.);
#3118=EDGE_CURVE('',#2546,#2547,#1290,.T.);
#3119=EDGE_CURVE('',#2547,#2548,#2217,.T.);
#3120=EDGE_CURVE('',#2548,#2549,#1291,.T.);
#3121=EDGE_CURVE('',#2549,#2358,#2218,.T.);
#3122=EDGE_CURVE('',#2507,#2550,#1292,.T.);
#3123=EDGE_CURVE('',#2550,#2551,#1293,.T.);
#3124=EDGE_CURVE('',#2508,#2551,#1294,.T.);
#3125=EDGE_CURVE('',#2512,#2552,#1295,.T.);
#3126=EDGE_CURVE('',#2552,#2550,#1296,.T.);
#3127=EDGE_CURVE('',#2511,#2553,#1297,.T.);
#3128=EDGE_CURVE('',#2553,#2552,#1298,.T.);
#3129=EDGE_CURVE('',#2510,#2554,#1299,.T.);
#3130=EDGE_CURVE('',#2554,#2553,#1300,.T.);
#3131=EDGE_CURVE('',#2509,#2555,#1301,.T.);
#3132=EDGE_CURVE('',#2555,#2554,#1302,.T.);
#3133=EDGE_CURVE('',#2551,#2555,#1303,.T.);
#3134=EDGE_CURVE('',#2497,#2556,#1304,.T.);
#3135=EDGE_CURVE('',#2556,#2557,#1305,.T.);
#3136=EDGE_CURVE('',#2498,#2557,#1306,.T.);
#3137=EDGE_CURVE('',#2506,#2558,#1307,.T.);
#3138=EDGE_CURVE('',#2558,#2556,#1308,.T.);
#3139=EDGE_CURVE('',#2505,#2559,#1309,.T.);
#3140=EDGE_CURVE('',#2559,#2558,#1310,.T.);
#3141=EDGE_CURVE('',#2504,#2560,#1311,.T.);
#3142=EDGE_CURVE('',#2560,#2559,#1312,.T.);
#3143=EDGE_CURVE('',#2503,#2561,#1313,.T.);
#3144=EDGE_CURVE('',#2561,#2560,#1314,.T.);
#3145=EDGE_CURVE('',#2502,#2562,#1315,.T.);
#3146=EDGE_CURVE('',#2562,#2561,#1316,.T.);
#3147=EDGE_CURVE('',#2501,#2563,#1317,.T.);
#3148=EDGE_CURVE('',#2563,#2562,#1318,.T.);
#3149=EDGE_CURVE('',#2500,#2564,#1319,.T.);
#3150=EDGE_CURVE('',#2564,#2563,#1320,.T.);
#3151=EDGE_CURVE('',#2499,#2565,#1321,.T.);
#3152=EDGE_CURVE('',#2565,#2564,#1322,.T.);
#3153=EDGE_CURVE('',#2557,#2565,#1323,.T.);
#3154=EDGE_CURVE('',#2566,#2567,#1324,.T.);
#3155=EDGE_CURVE('',#2566,#2568,#1325,.T.);
#3156=EDGE_CURVE('',#2568,#2569,#1326,.T.);
#3157=EDGE_CURVE('',#2567,#2569,#1327,.T.);
#3158=EDGE_CURVE('',#2570,#2566,#80,.T.);
#3159=EDGE_CURVE('',#2570,#2571,#1328,.T.);
#3160=EDGE_CURVE('',#2571,#2568,#81,.T.);
#3161=EDGE_CURVE('',#2572,#2570,#82,.T.);
#3162=EDGE_CURVE('',#2572,#2573,#1329,.T.);
#3163=EDGE_CURVE('',#2573,#2571,#83,.T.);
#3164=EDGE_CURVE('',#2574,#2572,#84,.T.);
#3165=EDGE_CURVE('',#2574,#2575,#1330,.T.);
#3166=EDGE_CURVE('',#2575,#2573,#85,.T.);
#3167=EDGE_CURVE('',#2576,#2574,#86,.T.);
#3168=EDGE_CURVE('',#2576,#2577,#1331,.T.);
#3169=EDGE_CURVE('',#2577,#2575,#87,.T.);
#3170=EDGE_CURVE('',#2578,#2576,#88,.T.);
#3171=EDGE_CURVE('',#2578,#2579,#1332,.T.);
#3172=EDGE_CURVE('',#2579,#2577,#89,.T.);
#3173=EDGE_CURVE('',#2580,#2578,#90,.T.);
#3174=EDGE_CURVE('',#2580,#2581,#1333,.T.);
#3175=EDGE_CURVE('',#2581,#2579,#91,.T.);
#3176=EDGE_CURVE('',#2582,#2580,#92,.T.);
#3177=EDGE_CURVE('',#2582,#2583,#1334,.T.);
#3178=EDGE_CURVE('',#2583,#2581,#93,.T.);
#3179=EDGE_CURVE('',#2584,#2582,#1335,.T.);
#3180=EDGE_CURVE('',#2584,#2585,#1336,.T.);
#3181=EDGE_CURVE('',#2585,#2583,#1337,.T.);
#3182=EDGE_CURVE('',#2567,#2584,#1338,.T.);
#3183=EDGE_CURVE('',#2569,#2585,#1339,.T.);
#3184=EDGE_CURVE('',#2586,#2587,#1340,.T.);
#3185=EDGE_CURVE('',#2586,#2588,#1341,.T.);
#3186=EDGE_CURVE('',#2588,#2589,#1342,.T.);
#3187=EDGE_CURVE('',#2587,#2589,#1343,.T.);
#3188=EDGE_CURVE('',#2590,#2586,#94,.T.);
#3189=EDGE_CURVE('',#2590,#2591,#1344,.T.);
#3190=EDGE_CURVE('',#2591,#2588,#95,.T.);
#3191=EDGE_CURVE('',#2592,#2590,#96,.T.);
#3192=EDGE_CURVE('',#2592,#2593,#1345,.T.);
#3193=EDGE_CURVE('',#2593,#2591,#97,.T.);
#3194=EDGE_CURVE('',#2594,#2592,#98,.T.);
#3195=EDGE_CURVE('',#2594,#2595,#1346,.T.);
#3196=EDGE_CURVE('',#2595,#2593,#99,.T.);
#3197=EDGE_CURVE('',#2596,#2594,#100,.T.);
#3198=EDGE_CURVE('',#2596,#2597,#1347,.T.);
#3199=EDGE_CURVE('',#2597,#2595,#101,.T.);
#3200=EDGE_CURVE('',#2598,#2596,#102,.T.);
#3201=EDGE_CURVE('',#2598,#2599,#1348,.T.);
#3202=EDGE_CURVE('',#2599,#2597,#103,.T.);
#3203=EDGE_CURVE('',#2600,#2598,#104,.T.);
#3204=EDGE_CURVE('',#2600,#2601,#1349,.T.);
#3205=EDGE_CURVE('',#2601,#2599,#105,.T.);
#3206=EDGE_CURVE('',#2602,#2600,#1350,.T.);
#3207=EDGE_CURVE('',#2602,#2603,#1351,.T.);
#3208=EDGE_CURVE('',#2603,#2601,#1352,.T.);
#3209=EDGE_CURVE('',#2587,#2602,#1353,.T.);
#3210=EDGE_CURVE('',#2589,#2603,#1354,.T.);
#3211=EDGE_CURVE('',#2483,#2604,#1355,.T.);
#3212=EDGE_CURVE('',#2604,#2605,#106,.T.);
#3213=EDGE_CURVE('',#2484,#2605,#1356,.T.);
#3214=EDGE_CURVE('',#2496,#2606,#1357,.T.);
#3215=EDGE_CURVE('',#2606,#2604,#107,.T.);
#3216=EDGE_CURVE('',#2495,#2607,#1358,.T.);
#3217=EDGE_CURVE('',#2607,#2606,#108,.T.);
#3218=EDGE_CURVE('',#2494,#2608,#1359,.T.);
#3219=EDGE_CURVE('',#2608,#2607,#109,.T.);
#3220=EDGE_CURVE('',#2493,#2609,#1360,.T.);
#3221=EDGE_CURVE('',#2609,#2608,#110,.T.);
#3222=EDGE_CURVE('',#2492,#2610,#1361,.T.);
#3223=EDGE_CURVE('',#2610,#2609,#111,.T.);
#3224=EDGE_CURVE('',#2491,#2611,#1362,.T.);
#3225=EDGE_CURVE('',#2611,#2610,#112,.T.);
#3226=EDGE_CURVE('',#2490,#2612,#1363,.T.);
#3227=EDGE_CURVE('',#2612,#2611,#113,.T.);
#3228=EDGE_CURVE('',#2489,#2613,#1364,.T.);
#3229=EDGE_CURVE('',#2613,#2612,#114,.T.);
#3230=EDGE_CURVE('',#2488,#2614,#1365,.T.);
#3231=EDGE_CURVE('',#2614,#2613,#115,.T.);
#3232=EDGE_CURVE('',#2487,#2615,#1366,.T.);
#3233=EDGE_CURVE('',#2615,#2614,#116,.T.);
#3234=EDGE_CURVE('',#2486,#2616,#1367,.T.);
#3235=EDGE_CURVE('',#2616,#2615,#1368,.T.);
#3236=EDGE_CURVE('',#2485,#2617,#1369,.T.);
#3237=EDGE_CURVE('',#2617,#2616,#1370,.T.);
#3238=EDGE_CURVE('',#2605,#2617,#1371,.T.);
#3239=EDGE_CURVE('',#2618,#2462,#16,.T.);
#3240=EDGE_CURVE('',#2618,#2619,#1372,.T.);
#3241=EDGE_CURVE('',#2463,#2619,#1373,.T.);
#3242=EDGE_CURVE('',#2620,#2621,#1374,.T.);
#3243=EDGE_CURVE('',#2620,#2622,#1375,.T.);
#3244=EDGE_CURVE('',#2622,#2623,#1376,.T.);
#3245=EDGE_CURVE('',#2621,#2623,#1377,.T.);
#3246=EDGE_CURVE('',#2624,#2620,#117,.T.);
#3247=EDGE_CURVE('',#2624,#2625,#1378,.T.);
#3248=EDGE_CURVE('',#2625,#2622,#118,.T.);
#3249=EDGE_CURVE('',#2626,#2624,#119,.T.);
#3250=EDGE_CURVE('',#2626,#2627,#1379,.T.);
#3251=EDGE_CURVE('',#2627,#2625,#120,.T.);
#3252=EDGE_CURVE('',#2628,#2626,#121,.T.);
#3253=EDGE_CURVE('',#2628,#2629,#1380,.T.);
#3254=EDGE_CURVE('',#2629,#2627,#122,.T.);
#3255=EDGE_CURVE('',#2630,#2628,#123,.T.);
#3256=EDGE_CURVE('',#2630,#2631,#1381,.T.);
#3257=EDGE_CURVE('',#2631,#2629,#124,.T.);
#3258=EDGE_CURVE('',#2632,#2630,#125,.T.);
#3259=EDGE_CURVE('',#2632,#2633,#1382,.T.);
#3260=EDGE_CURVE('',#2633,#2631,#126,.T.);
#3261=EDGE_CURVE('',#2634,#2632,#1383,.T.);
#3262=EDGE_CURVE('',#2634,#2635,#1384,.T.);
#3263=EDGE_CURVE('',#2635,#2633,#1385,.T.);
#3264=EDGE_CURVE('',#2621,#2634,#1386,.T.);
#3265=EDGE_CURVE('',#2623,#2635,#1387,.T.);
#3266=EDGE_CURVE('',#2478,#2636,#1388,.T.);
#3267=EDGE_CURVE('',#2636,#2637,#1389,.T.);
#3268=EDGE_CURVE('',#2479,#2637,#1390,.T.);
#3269=EDGE_CURVE('',#2477,#2638,#1391,.T.);
#3270=EDGE_CURVE('',#2638,#2636,#1392,.T.);
#3271=EDGE_CURVE('',#2476,#2639,#1393,.T.);
#3272=EDGE_CURVE('',#2639,#2638,#127,.T.);
#3273=EDGE_CURVE('',#2475,#2640,#1394,.T.);
#3274=EDGE_CURVE('',#2640,#2639,#128,.T.);
#3275=EDGE_CURVE('',#2474,#2641,#1395,.T.);
#3276=EDGE_CURVE('',#2641,#2640,#129,.T.);
#3277=EDGE_CURVE('',#2473,#2642,#1396,.T.);
#3278=EDGE_CURVE('',#2642,#2641,#130,.T.);
#3279=EDGE_CURVE('',#2472,#2643,#1397,.T.);
#3280=EDGE_CURVE('',#2643,#2642,#1398,.T.);
#3281=EDGE_CURVE('',#2471,#2644,#1399,.T.);
#3282=EDGE_CURVE('',#2644,#2643,#1400,.T.);
#3283=EDGE_CURVE('',#2470,#2645,#1401,.T.);
#3284=EDGE_CURVE('',#2645,#2644,#1402,.T.);
#3285=EDGE_CURVE('',#2469,#2646,#1403,.T.);
#3286=EDGE_CURVE('',#2646,#2645,#131,.T.);
#3287=EDGE_CURVE('',#2468,#2647,#1404,.T.);
#3288=EDGE_CURVE('',#2647,#2646,#132,.T.);
#3289=EDGE_CURVE('',#2467,#2648,#1405,.T.);
#3290=EDGE_CURVE('',#2648,#2647,#133,.T.);
#3291=EDGE_CURVE('',#2466,#2649,#1406,.T.);
#3292=EDGE_CURVE('',#2649,#2648,#134,.T.);
#3293=EDGE_CURVE('',#2465,#2650,#1407,.T.);
#3294=EDGE_CURVE('',#2650,#2649,#135,.T.);
#3295=EDGE_CURVE('',#2464,#2651,#1408,.T.);
#3296=EDGE_CURVE('',#2651,#2650,#136,.T.);
#3297=EDGE_CURVE('',#2619,#2651,#137,.T.);
#3298=EDGE_CURVE('',#2481,#2652,#17,.T.);
#3299=EDGE_CURVE('',#2480,#2653,#1409,.T.);
#3300=EDGE_CURVE('',#2653,#2652,#1410,.T.);
#3301=EDGE_CURVE('',#2637,#2653,#1411,.T.);
#3302=EDGE_CURVE('',#2652,#2618,#2219,.T.);
#3303=EDGE_CURVE('',#2359,#2374,#1412,.T.);
#3304=EDGE_CURVE('',#2654,#2373,#1413,.T.);
#3305=EDGE_CURVE('',#2359,#2654,#1414,.T.);
#3306=EDGE_CURVE('',#2655,#2654,#1415,.T.);
#3307=EDGE_CURVE('',#2360,#2655,#1416,.T.);
#3308=EDGE_CURVE('',#2294,#2655,#1417,.T.);
#3309=EDGE_CURVE('',#2656,#2295,#1418,.T.);
#3310=EDGE_CURVE('',#2306,#2656,#1419,.T.);
#3311=EDGE_CURVE('',#2657,#2306,#1420,.T.);
#3312=EDGE_CURVE('',#2658,#2656,#1421,.T.);
#3313=EDGE_CURVE('',#2657,#2658,#1422,.T.);
#3314=EDGE_CURVE('',#2334,#2659,#1423,.T.);
#3315=EDGE_CURVE('',#2659,#2658,#1424,.T.);
#3316=EDGE_CURVE('',#2397,#2660,#1425,.T.);
#3317=EDGE_CURVE('',#2661,#2660,#1426,.T.);
#3318=EDGE_CURVE('',#2398,#2661,#1427,.T.);
#3319=EDGE_CURVE('',#2381,#2398,#1428,.T.);
#3320=EDGE_CURVE('',#2382,#2661,#1429,.T.);
#3321=EDGE_CURVE('',#2396,#2662,#1430,.T.);
#3322=EDGE_CURVE('',#2662,#2663,#1431,.T.);
#3323=EDGE_CURVE('',#2664,#2663,#1432,.T.);
#3324=EDGE_CURVE('',#2396,#2664,#1433,.T.);
#3325=EDGE_CURVE('',#2660,#2664,#1434,.T.);
#3326=EDGE_CURVE('',#2663,#2383,#1435,.T.);
#3327=EDGE_CURVE('',#2371,#2665,#2220,.T.);
#3328=EDGE_CURVE('',#2372,#2666,#2221,.T.);
#3329=EDGE_CURVE('',#2666,#2665,#1436,.T.);
#3330=EDGE_CURVE('',#2665,#2667,#1437,.T.);
#3331=EDGE_CURVE('',#2668,#2667,#2222,.F.);
#3332=EDGE_CURVE('',#2668,#2669,#1438,.T.);
#3333=EDGE_CURVE('',#2669,#2670,#1439,.T.);
#3334=EDGE_CURVE('',#2670,#2671,#1440,.T.);
#3335=EDGE_CURVE('',#2672,#2671,#1441,.T.);
#3336=EDGE_CURVE('',#2672,#2673,#1442,.T.);
#3337=EDGE_CURVE('',#2673,#2674,#1443,.T.);
#3338=EDGE_CURVE('',#2674,#2675,#1444,.T.);
#3339=EDGE_CURVE('',#2676,#2675,#2223,.F.);
#3340=EDGE_CURVE('',#2676,#2677,#1445,.T.);
#3341=EDGE_CURVE('',#2678,#2677,#2224,.F.);
#3342=EDGE_CURVE('',#2678,#2679,#1446,.T.);
#3343=EDGE_CURVE('',#2679,#2680,#2225,.T.);
#3344=EDGE_CURVE('',#2681,#2680,#1447,.T.);
#3345=EDGE_CURVE('',#2335,#2681,#1448,.T.);
#3346=EDGE_CURVE('',#2682,#2682,#2226,.T.);
#3347=EDGE_CURVE('',#2683,#2683,#2227,.T.);
#3348=EDGE_CURVE('',#2684,#2684,#2228,.T.);
#3349=EDGE_CURVE('',#2685,#2685,#2229,.T.);
#3350=EDGE_CURVE('',#2686,#2686,#2230,.T.);
#3351=EDGE_CURVE('',#2687,#2687,#2231,.T.);
#3352=EDGE_CURVE('',#2688,#2688,#2232,.T.);
#3353=EDGE_CURVE('',#2689,#2689,#2233,.T.);
#3354=EDGE_CURVE('',#2690,#2666,#1449,.T.);
#3355=EDGE_CURVE('',#2667,#2690,#1450,.T.);
#3356=EDGE_CURVE('',#2690,#2691,#2234,.T.);
#3357=EDGE_CURVE('',#2691,#2668,#1451,.T.);
#3358=EDGE_CURVE('',#2692,#2693,#2235,.T.);
#3359=EDGE_CURVE('',#2693,#2676,#1452,.T.);
#3360=EDGE_CURVE('',#2675,#2692,#1453,.T.);
#3361=EDGE_CURVE('',#2694,#2693,#1454,.T.);
#3362=EDGE_CURVE('',#2677,#2694,#1455,.T.);
#3363=EDGE_CURVE('',#2692,#2695,#1456,.T.);
#3364=EDGE_CURVE('',#2695,#2696,#1457,.T.);
#3365=EDGE_CURVE('',#2696,#2697,#1458,.T.);
#3366=EDGE_CURVE('',#2698,#2697,#1459,.T.);
#3367=EDGE_CURVE('',#2699,#2698,#2236,.T.);
#3368=EDGE_CURVE('',#2699,#2700,#1460,.T.);
#3369=EDGE_CURVE('',#2694,#2700,#2237,.T.);
#3370=EDGE_CURVE('',#2700,#2678,#1461,.T.);
#3371=EDGE_CURVE('',#2679,#2699,#1462,.T.);
#3372=EDGE_CURVE('',#2698,#2680,#1463,.T.);
#3373=EDGE_CURVE('',#2697,#2672,#1464,.T.);
#3374=EDGE_CURVE('',#2671,#2701,#1465,.T.);
#3375=EDGE_CURVE('',#2701,#2384,#1466,.T.);
#3376=EDGE_CURVE('',#2662,#2537,#2238,.T.);
#3377=EDGE_CURVE('',#2532,#2529,#2239,.T.);
#3378=EDGE_CURVE('',#2524,#2521,#2240,.T.);
#3379=EDGE_CURVE('',#2516,#2657,#2241,.T.);
#3380=EDGE_CURVE('',#2681,#2659,#1467,.T.);
#3381=EDGE_CURVE('',#2702,#2702,#2242,.T.);
#3382=EDGE_CURVE('',#2673,#2696,#1468,.T.);
#3383=EDGE_CURVE('',#2674,#2695,#1469,.T.);
#3384=EDGE_CURVE('',#2703,#2691,#1470,.T.);
#3385=EDGE_CURVE('',#2669,#2703,#1471,.T.);
#3386=EDGE_CURVE('',#2704,#2703,#1472,.T.);
#3387=EDGE_CURVE('',#2670,#2704,#1473,.T.);
#3388=EDGE_CURVE('',#2701,#2704,#1474,.T.);
#3389=EDGE_CURVE('',#2705,#2706,#1475,.T.);
#3390=EDGE_CURVE('',#2706,#2707,#1476,.T.);
#3391=EDGE_CURVE('',#2707,#2708,#1477,.T.);
#3392=EDGE_CURVE('',#2705,#2708,#1478,.T.);
#3393=EDGE_CURVE('',#2706,#2709,#1479,.T.);
#3394=EDGE_CURVE('',#2709,#2710,#1480,.T.);
#3395=EDGE_CURVE('',#2710,#2707,#1481,.T.);
#3396=EDGE_CURVE('',#2709,#2711,#1482,.T.);
#3397=EDGE_CURVE('',#2711,#2712,#1483,.T.);
#3398=EDGE_CURVE('',#2712,#2420,#1484,.T.);
#3399=EDGE_CURVE('',#2423,#2710,#1485,.T.);
#3400=EDGE_CURVE('',#2708,#2712,#1486,.T.);
#3401=EDGE_CURVE('',#2711,#2705,#1487,.T.);
#3402=EDGE_CURVE('',#2421,#2708,#1488,.T.);
#3403=EDGE_CURVE('',#2422,#2707,#1489,.T.);
#3404=EDGE_CURVE('',#2713,#2714,#1490,.T.);
#3405=EDGE_CURVE('',#2714,#2715,#1491,.T.);
#3406=EDGE_CURVE('',#2715,#2716,#1492,.T.);
#3407=EDGE_CURVE('',#2716,#2713,#1493,.T.);
#3408=EDGE_CURVE('',#2717,#2718,#1494,.T.);
#3409=EDGE_CURVE('',#2718,#2719,#1495,.T.);
#3410=EDGE_CURVE('',#2719,#2461,#1496,.T.);
#3411=EDGE_CURVE('',#2717,#2461,#1497,.T.);
#3412=EDGE_CURVE('',#2718,#2541,#1498,.T.);
#3413=EDGE_CURVE('',#2540,#2719,#1499,.T.);
#3414=EDGE_CURVE('',#2542,#2717,#1500,.T.);
#3415=EDGE_CURVE('',#2418,#2719,#1501,.T.);
#3416=EDGE_CURVE('',#2720,#2721,#1502,.T.);
#3417=EDGE_CURVE('',#2721,#2722,#1503,.T.);
#3418=EDGE_CURVE('',#2722,#2723,#1504,.T.);
#3419=EDGE_CURVE('',#2723,#2720,#1505,.T.);
#3420=EDGE_CURVE('',#2539,#2543,#1506,.T.);
#3421=EDGE_CURVE('',#2720,#2724,#1507,.T.);
#3422=EDGE_CURVE('',#2725,#2724,#1508,.T.);
#3423=EDGE_CURVE('',#2725,#2721,#1509,.T.);
#3424=EDGE_CURVE('',#2723,#2726,#1510,.T.);
#3425=EDGE_CURVE('',#2724,#2726,#1511,.T.);
#3426=EDGE_CURVE('',#2722,#2727,#1512,.T.);
#3427=EDGE_CURVE('',#2726,#2727,#1513,.T.);
#3428=EDGE_CURVE('',#2727,#2725,#1514,.T.);
#3429=EDGE_CURVE('',#2482,#2728,#1515,.T.);
#3430=EDGE_CURVE('',#2728,#2728,#2243,.T.);
#3431=EDGE_CURVE('',#2728,#2702,#1516,.T.);
#3432=EDGE_CURVE('',#2549,#2375,#1517,.T.);
#3433=EDGE_CURVE('',#2548,#2376,#1518,.T.);
#3434=EDGE_CURVE('',#2547,#2377,#1519,.T.);
#3435=EDGE_CURVE('',#2546,#2378,#1520,.T.);
#3436=EDGE_CURVE('',#2545,#2379,#1521,.T.);
#3437=EDGE_CURVE('',#2544,#2380,#1522,.T.);
#3438=EDGE_CURVE('',#2729,#2729,#2244,.T.);
#3439=EDGE_CURVE('',#2729,#2730,#1523,.T.);
#3440=EDGE_CURVE('',#2730,#2730,#2245,.T.);
#3441=EDGE_CURVE('',#2731,#2731,#2246,.T.);
#3442=EDGE_CURVE('',#2731,#2689,#1524,.T.);
#3443=EDGE_CURVE('',#2732,#2732,#2247,.T.);
#3444=EDGE_CURVE('',#2732,#2733,#1525,.T.);
#3445=EDGE_CURVE('',#2733,#2733,#2248,.T.);
#3446=EDGE_CURVE('',#2734,#2734,#2249,.T.);
#3447=EDGE_CURVE('',#2734,#2682,#1526,.T.);
#3448=EDGE_CURVE('',#2735,#2735,#2250,.T.);
#3449=EDGE_CURVE('',#2735,#2736,#1527,.T.);
#3450=EDGE_CURVE('',#2736,#2736,#2251,.T.);
#3451=EDGE_CURVE('',#2737,#2737,#2252,.T.);
#3452=EDGE_CURVE('',#2737,#2688,#1528,.T.);
#3453=EDGE_CURVE('',#2738,#2738,#2253,.T.);
#3454=EDGE_CURVE('',#2738,#2739,#1529,.T.);
#3455=EDGE_CURVE('',#2739,#2739,#2254,.T.);
#3456=EDGE_CURVE('',#2740,#2740,#2255,.T.);
#3457=EDGE_CURVE('',#2740,#2683,#1530,.T.);
#3458=EDGE_CURVE('',#2527,#2456,#1531,.T.);
#3459=EDGE_CURVE('',#2457,#2531,#1532,.T.);
#3460=EDGE_CURVE('',#2519,#2454,#1533,.T.);
#3461=EDGE_CURVE('',#2455,#2523,#1534,.T.);
#3462=EDGE_CURVE('',#2535,#2458,#1535,.T.);
#3463=EDGE_CURVE('',#2453,#2515,#1536,.T.);
#3464=EDGE_CURVE('',#2741,#2741,#2256,.T.);
#3465=EDGE_CURVE('',#2741,#2742,#1537,.T.);
#3466=EDGE_CURVE('',#2742,#2742,#2257,.T.);
#3467=EDGE_CURVE('',#2743,#2743,#2258,.T.);
#3468=EDGE_CURVE('',#2743,#2687,#1538,.T.);
#3469=EDGE_CURVE('',#2744,#2744,#2259,.T.);
#3470=EDGE_CURVE('',#2744,#2745,#1539,.T.);
#3471=EDGE_CURVE('',#2745,#2745,#2260,.T.);
#3472=EDGE_CURVE('',#2746,#2746,#2261,.T.);
#3473=EDGE_CURVE('',#2746,#2684,#1540,.T.);
#3474=EDGE_CURVE('',#2747,#2747,#2262,.T.);
#3475=EDGE_CURVE('',#2747,#2748,#1541,.T.);
#3476=EDGE_CURVE('',#2748,#2748,#2263,.T.);
#3477=EDGE_CURVE('',#2749,#2749,#2264,.T.);
#3478=EDGE_CURVE('',#2749,#2686,#1542,.T.);
#3479=EDGE_CURVE('',#2750,#2750,#2265,.T.);
#3480=EDGE_CURVE('',#2750,#2751,#1543,.T.);
#3481=EDGE_CURVE('',#2751,#2751,#2266,.T.);
#3482=EDGE_CURVE('',#2752,#2752,#2267,.T.);
#3483=EDGE_CURVE('',#2752,#2685,#1544,.T.);
#3484=EDGE_CURVE('',#2411,#2339,#1545,.T.);
#3485=EDGE_CURVE('',#2412,#2338,#1546,.T.);
#3486=EDGE_CURVE('',#2414,#2340,#1547,.T.);
#3487=EDGE_CURVE('',#2413,#2341,#1548,.T.);
#3488=EDGE_CURVE('',#2753,#2754,#2268,.T.);
#3489=EDGE_CURVE('',#2754,#2442,#1549,.T.);
#3490=EDGE_CURVE('',#2753,#2449,#1550,.T.);
#3491=EDGE_CURVE('',#2755,#2753,#1551,.T.);
#3492=EDGE_CURVE('',#2755,#2448,#1552,.T.);
#3493=EDGE_CURVE('',#2756,#2755,#2269,.T.);
#3494=EDGE_CURVE('',#2756,#2447,#1553,.T.);
#3495=EDGE_CURVE('',#2757,#2756,#1554,.T.);
#3496=EDGE_CURVE('',#2757,#2446,#1555,.T.);
#3497=EDGE_CURVE('',#2758,#2757,#2270,.T.);
#3498=EDGE_CURVE('',#2758,#2445,#1556,.T.);
#3499=EDGE_CURVE('',#2759,#2758,#1557,.T.);
#3500=EDGE_CURVE('',#2759,#2444,#1558,.T.);
#3501=EDGE_CURVE('',#2760,#2759,#2271,.T.);
#3502=EDGE_CURVE('',#2760,#2443,#1559,.T.);
#3503=EDGE_CURVE('',#2754,#2760,#1560,.T.);
#3504=EDGE_CURVE('',#2761,#2762,#1561,.T.);
#3505=EDGE_CURVE('',#2762,#2438,#1562,.T.);
#3506=EDGE_CURVE('',#2761,#2441,#1563,.T.);
#3507=EDGE_CURVE('',#2763,#2761,#1564,.T.);
#3508=EDGE_CURVE('',#2763,#2440,#1565,.T.);
#3509=EDGE_CURVE('',#2764,#2763,#1566,.T.);
#3510=EDGE_CURVE('',#2764,#2439,#1567,.T.);
#3511=EDGE_CURVE('',#2762,#2764,#1568,.T.);
#3512=EDGE_CURVE('',#2765,#2766,#1569,.T.);
#3513=EDGE_CURVE('',#2766,#2714,#1570,.T.);
#3514=EDGE_CURVE('',#2765,#2713,#1571,.T.);
#3515=EDGE_CURVE('',#2767,#2765,#1572,.T.);
#3516=EDGE_CURVE('',#2767,#2716,#1573,.T.);
#3517=EDGE_CURVE('',#2768,#2767,#1574,.T.);
#3518=EDGE_CURVE('',#2768,#2715,#1575,.T.);
#3519=EDGE_CURVE('',#2766,#2768,#1576,.T.);
#3520=EDGE_CURVE('',#2769,#2770,#1577,.T.);
#3521=EDGE_CURVE('',#2770,#2424,#1578,.T.);
#3522=EDGE_CURVE('',#2769,#2437,#1579,.T.);
#3523=EDGE_CURVE('',#2771,#2769,#2272,.T.);
#3524=EDGE_CURVE('',#2771,#2436,#1580,.T.);
#3525=EDGE_CURVE('',#2772,#2771,#1581,.T.);
#3526=EDGE_CURVE('',#2772,#2435,#1582,.T.);
#3527=EDGE_CURVE('',#2773,#2772,#1583,.T.);
#3528=EDGE_CURVE('',#2773,#2434,#1584,.T.);
#3529=EDGE_CURVE('',#2774,#2773,#2273,.T.);
#3530=EDGE_CURVE('',#2774,#2433,#1585,.T.);
#3531=EDGE_CURVE('',#2775,#2774,#1586,.T.);
#3532=EDGE_CURVE('',#2775,#2432,#1587,.T.);
#3533=EDGE_CURVE('',#2776,#2775,#2274,.T.);
#3534=EDGE_CURVE('',#2776,#2431,#1588,.T.);
#3535=EDGE_CURVE('',#2777,#2776,#1589,.T.);
#3536=EDGE_CURVE('',#2777,#2430,#1590,.T.);
#3537=EDGE_CURVE('',#2778,#2777,#2275,.T.);
#3538=EDGE_CURVE('',#2778,#2429,#1591,.T.);
#3539=EDGE_CURVE('',#2779,#2778,#1592,.T.);
#3540=EDGE_CURVE('',#2779,#2428,#1593,.T.);
#3541=EDGE_CURVE('',#2780,#2779,#2276,.T.);
#3542=EDGE_CURVE('',#2780,#2427,#1594,.T.);
#3543=EDGE_CURVE('',#2781,#2780,#1595,.T.);
#3544=EDGE_CURVE('',#2781,#2426,#1596,.T.);
#3545=EDGE_CURVE('',#2782,#2781,#1597,.T.);
#3546=EDGE_CURVE('',#2782,#2425,#1598,.T.);
#3547=EDGE_CURVE('',#2770,#2782,#2277,.T.);
#3548=ORIENTED_EDGE('',*,*,#2783,.F.);
#3549=ORIENTED_EDGE('',*,*,#2784,.T.);
#3550=ORIENTED_EDGE('',*,*,#2785,.F.);
#3551=ORIENTED_EDGE('',*,*,#2786,.F.);
#3552=ORIENTED_EDGE('',*,*,#2787,.F.);
#3553=ORIENTED_EDGE('',*,*,#2784,.F.);
#3554=ORIENTED_EDGE('',*,*,#2786,.T.);
#3555=ORIENTED_EDGE('',*,*,#2788,.F.);
#3556=ORIENTED_EDGE('',*,*,#2789,.T.);
#3557=ORIENTED_EDGE('',*,*,#2790,.F.);
#3558=ORIENTED_EDGE('',*,*,#2785,.T.);
#3559=ORIENTED_EDGE('',*,*,#2787,.T.);
#3560=ORIENTED_EDGE('',*,*,#2790,.T.);
#3561=ORIENTED_EDGE('',*,*,#2791,.T.);
#3562=ORIENTED_EDGE('',*,*,#2792,.T.);
#3563=ORIENTED_EDGE('',*,*,#2793,.F.);
#3564=ORIENTED_EDGE('',*,*,#2794,.T.);
#3565=ORIENTED_EDGE('',*,*,#2795,.T.);
#3566=ORIENTED_EDGE('',*,*,#2788,.T.);
#3567=ORIENTED_EDGE('',*,*,#2794,.F.);
#3568=ORIENTED_EDGE('',*,*,#2796,.F.);
#3569=ORIENTED_EDGE('',*,*,#2797,.T.);
#3570=ORIENTED_EDGE('',*,*,#2792,.F.);
#3571=ORIENTED_EDGE('',*,*,#2798,.F.);
#3572=ORIENTED_EDGE('',*,*,#2799,.F.);
#3573=ORIENTED_EDGE('',*,*,#2791,.F.);
#3574=ORIENTED_EDGE('',*,*,#2789,.F.);
#3575=ORIENTED_EDGE('',*,*,#2795,.F.);
#3576=ORIENTED_EDGE('',*,*,#2797,.F.);
#3577=ORIENTED_EDGE('',*,*,#2800,.F.);
#3578=ORIENTED_EDGE('',*,*,#2798,.T.);
#3579=ORIENTED_EDGE('',*,*,#2801,.F.);
#3580=ORIENTED_EDGE('',*,*,#2802,.F.);
#3581=ORIENTED_EDGE('',*,*,#2803,.F.);
#3582=ORIENTED_EDGE('',*,*,#2804,.T.);
#3583=ORIENTED_EDGE('',*,*,#2805,.F.);
#3584=ORIENTED_EDGE('',*,*,#2806,.F.);
#3585=ORIENTED_EDGE('',*,*,#2807,.F.);
#3586=ORIENTED_EDGE('',*,*,#2808,.F.);
#3587=ORIENTED_EDGE('',*,*,#2783,.T.);
#3588=ORIENTED_EDGE('',*,*,#2809,.F.);
#3589=ORIENTED_EDGE('',*,*,#2810,.T.);
#3590=ORIENTED_EDGE('',*,*,#2808,.T.);
#3591=ORIENTED_EDGE('',*,*,#2811,.F.);
#3592=ORIENTED_EDGE('',*,*,#2812,.F.);
#3593=ORIENTED_EDGE('',*,*,#2813,.T.);
#3594=ORIENTED_EDGE('',*,*,#2801,.T.);
#3595=ORIENTED_EDGE('',*,*,#2810,.F.);
#3596=ORIENTED_EDGE('',*,*,#2814,.F.);
#3597=ORIENTED_EDGE('',*,*,#2815,.F.);
#3598=ORIENTED_EDGE('',*,*,#2802,.T.);
#3599=ORIENTED_EDGE('',*,*,#2813,.F.);
#3600=ORIENTED_EDGE('',*,*,#2815,.T.);
#3601=ORIENTED_EDGE('',*,*,#2816,.F.);
#3602=ORIENTED_EDGE('',*,*,#2817,.F.);
#3603=ORIENTED_EDGE('',*,*,#2818,.F.);
#3604=ORIENTED_EDGE('',*,*,#2819,.T.);
#3605=ORIENTED_EDGE('',*,*,#2820,.T.);
#3606=ORIENTED_EDGE('',*,*,#2803,.T.);
#3607=ORIENTED_EDGE('',*,*,#2811,.T.);
#3608=ORIENTED_EDGE('',*,*,#2807,.T.);
#3609=ORIENTED_EDGE('',*,*,#2821,.T.);
#3610=ORIENTED_EDGE('',*,*,#2822,.T.);
#3611=ORIENTED_EDGE('',*,*,#2823,.T.);
#3612=ORIENTED_EDGE('',*,*,#2824,.F.);
#3613=ORIENTED_EDGE('',*,*,#2825,.F.);
#3614=ORIENTED_EDGE('',*,*,#2826,.F.);
#3615=ORIENTED_EDGE('',*,*,#2827,.T.);
#3616=ORIENTED_EDGE('',*,*,#2828,.F.);
#3617=ORIENTED_EDGE('',*,*,#2827,.F.);
#3618=ORIENTED_EDGE('',*,*,#2829,.F.);
#3619=ORIENTED_EDGE('',*,*,#2830,.T.);
#3620=ORIENTED_EDGE('',*,*,#2831,.F.);
#3621=ORIENTED_EDGE('',*,*,#2830,.F.);
#3622=ORIENTED_EDGE('',*,*,#2832,.T.);
#3623=ORIENTED_EDGE('',*,*,#2833,.T.);
#3624=ORIENTED_EDGE('',*,*,#2834,.T.);
#3625=ORIENTED_EDGE('',*,*,#2835,.T.);
#3626=ORIENTED_EDGE('',*,*,#2834,.F.);
#3627=ORIENTED_EDGE('',*,*,#2836,.F.);
#3628=ORIENTED_EDGE('',*,*,#2837,.F.);
#3629=ORIENTED_EDGE('',*,*,#2838,.T.);
#3630=ORIENTED_EDGE('',*,*,#2839,.T.);
#3631=ORIENTED_EDGE('',*,*,#2833,.F.);
#3632=ORIENTED_EDGE('',*,*,#2840,.F.);
#3633=ORIENTED_EDGE('',*,*,#2841,.F.);
#3634=ORIENTED_EDGE('',*,*,#2836,.T.);
#3635=ORIENTED_EDGE('',*,*,#2842,.T.);
#3636=ORIENTED_EDGE('',*,*,#2843,.T.);
#3637=ORIENTED_EDGE('',*,*,#2844,.T.);
#3638=ORIENTED_EDGE('',*,*,#2845,.T.);
#3639=ORIENTED_EDGE('',*,*,#2844,.F.);
#3640=ORIENTED_EDGE('',*,*,#2846,.F.);
#3641=ORIENTED_EDGE('',*,*,#2847,.F.);
#3642=ORIENTED_EDGE('',*,*,#2848,.T.);
#3643=ORIENTED_EDGE('',*,*,#2849,.T.);
#3644=ORIENTED_EDGE('',*,*,#2843,.F.);
#3645=ORIENTED_EDGE('',*,*,#2850,.F.);
#3646=ORIENTED_EDGE('',*,*,#2851,.F.);
#3647=ORIENTED_EDGE('',*,*,#2846,.T.);
#3648=ORIENTED_EDGE('',*,*,#2832,.F.);
#3649=ORIENTED_EDGE('',*,*,#2852,.T.);
#3650=ORIENTED_EDGE('',*,*,#2853,.F.);
#3651=ORIENTED_EDGE('',*,*,#2854,.F.);
#3652=ORIENTED_EDGE('',*,*,#2840,.T.);
#3653=ORIENTED_EDGE('',*,*,#2842,.F.);
#3654=ORIENTED_EDGE('',*,*,#2855,.T.);
#3655=ORIENTED_EDGE('',*,*,#2856,.F.);
#3656=ORIENTED_EDGE('',*,*,#2857,.F.);
#3657=ORIENTED_EDGE('',*,*,#2850,.T.);
#3658=ORIENTED_EDGE('',*,*,#2858,.F.);
#3659=ORIENTED_EDGE('',*,*,#2859,.F.);
#3660=ORIENTED_EDGE('',*,*,#2860,.F.);
#3661=ORIENTED_EDGE('',*,*,#2861,.F.);
#3662=ORIENTED_EDGE('',*,*,#2854,.T.);
#3663=ORIENTED_EDGE('',*,*,#2862,.T.);
#3664=ORIENTED_EDGE('',*,*,#2837,.T.);
#3665=ORIENTED_EDGE('',*,*,#2841,.T.);
#3666=ORIENTED_EDGE('',*,*,#2863,.T.);
#3667=ORIENTED_EDGE('',*,*,#2864,.T.);
#3668=ORIENTED_EDGE('',*,*,#2865,.T.);
#3669=ORIENTED_EDGE('',*,*,#2866,.T.);
#3670=ORIENTED_EDGE('',*,*,#2847,.T.);
#3671=ORIENTED_EDGE('',*,*,#2851,.T.);
#3672=ORIENTED_EDGE('',*,*,#2857,.T.);
#3673=ORIENTED_EDGE('',*,*,#2867,.T.);
#3674=ORIENTED_EDGE('',*,*,#2848,.F.);
#3675=ORIENTED_EDGE('',*,*,#2867,.F.);
#3676=ORIENTED_EDGE('',*,*,#2856,.T.);
#3677=ORIENTED_EDGE('',*,*,#2868,.F.);
#3678=ORIENTED_EDGE('',*,*,#2845,.F.);
#3679=ORIENTED_EDGE('',*,*,#2849,.F.);
#3680=ORIENTED_EDGE('',*,*,#2868,.T.);
#3681=ORIENTED_EDGE('',*,*,#2855,.F.);
#3682=ORIENTED_EDGE('',*,*,#2826,.T.);
#3683=ORIENTED_EDGE('',*,*,#2853,.T.);
#3684=ORIENTED_EDGE('',*,*,#2869,.F.);
#3685=ORIENTED_EDGE('',*,*,#2838,.F.);
#3686=ORIENTED_EDGE('',*,*,#2862,.F.);
#3687=ORIENTED_EDGE('',*,*,#2835,.F.);
#3688=ORIENTED_EDGE('',*,*,#2839,.F.);
#3689=ORIENTED_EDGE('',*,*,#2869,.T.);
#3690=ORIENTED_EDGE('',*,*,#2852,.F.);
#3691=ORIENTED_EDGE('',*,*,#2829,.T.);
#3692=ORIENTED_EDGE('',*,*,#2870,.F.);
#3693=ORIENTED_EDGE('',*,*,#2871,.T.);
#3694=ORIENTED_EDGE('',*,*,#2872,.T.);
#3695=ORIENTED_EDGE('',*,*,#2873,.F.);
#3696=ORIENTED_EDGE('',*,*,#2874,.F.);
#3697=ORIENTED_EDGE('',*,*,#2875,.T.);
#3698=ORIENTED_EDGE('',*,*,#2876,.T.);
#3699=ORIENTED_EDGE('',*,*,#2871,.F.);
#3700=ORIENTED_EDGE('',*,*,#2877,.F.);
#3701=ORIENTED_EDGE('',*,*,#2878,.F.);
#3702=ORIENTED_EDGE('',*,*,#2879,.T.);
#3703=ORIENTED_EDGE('',*,*,#2875,.F.);
#3704=ORIENTED_EDGE('',*,*,#2880,.F.);
#3705=ORIENTED_EDGE('',*,*,#2881,.T.);
#3706=ORIENTED_EDGE('',*,*,#2882,.T.);
#3707=ORIENTED_EDGE('',*,*,#2819,.F.);
#3708=ORIENTED_EDGE('',*,*,#2883,.F.);
#3709=ORIENTED_EDGE('',*,*,#2884,.T.);
#3710=ORIENTED_EDGE('',*,*,#2885,.T.);
#3711=ORIENTED_EDGE('',*,*,#2881,.F.);
#3712=ORIENTED_EDGE('',*,*,#2886,.F.);
#3713=ORIENTED_EDGE('',*,*,#2887,.F.);
#3714=ORIENTED_EDGE('',*,*,#2888,.T.);
#3715=ORIENTED_EDGE('',*,*,#2884,.F.);
#3716=ORIENTED_EDGE('',*,*,#2878,.T.);
#3717=ORIENTED_EDGE('',*,*,#2889,.F.);
#3718=ORIENTED_EDGE('',*,*,#2890,.F.);
#3719=ORIENTED_EDGE('',*,*,#2891,.F.);
#3720=ORIENTED_EDGE('',*,*,#2892,.T.);
#3721=ORIENTED_EDGE('',*,*,#2893,.T.);
#3722=ORIENTED_EDGE('',*,*,#2894,.T.);
#3723=ORIENTED_EDGE('',*,*,#2873,.T.);
#3724=ORIENTED_EDGE('',*,*,#2895,.T.);
#3725=ORIENTED_EDGE('',*,*,#2887,.T.);
#3726=ORIENTED_EDGE('',*,*,#2896,.F.);
#3727=ORIENTED_EDGE('',*,*,#2897,.F.);
#3728=ORIENTED_EDGE('',*,*,#2898,.T.);
#3729=ORIENTED_EDGE('',*,*,#2899,.F.);
#3730=ORIENTED_EDGE('',*,*,#2898,.F.);
#3731=ORIENTED_EDGE('',*,*,#2900,.F.);
#3732=ORIENTED_EDGE('',*,*,#2901,.F.);
#3733=ORIENTED_EDGE('',*,*,#2902,.F.);
#3734=ORIENTED_EDGE('',*,*,#2903,.F.);
#3735=ORIENTED_EDGE('',*,*,#2904,.F.);
#3736=ORIENTED_EDGE('',*,*,#2905,.F.);
#3737=ORIENTED_EDGE('',*,*,#2906,.T.);
#3738=ORIENTED_EDGE('',*,*,#2902,.T.);
#3739=ORIENTED_EDGE('',*,*,#2907,.F.);
#3740=ORIENTED_EDGE('',*,*,#2900,.T.);
#3741=ORIENTED_EDGE('',*,*,#2908,.T.);
#3742=ORIENTED_EDGE('',*,*,#2909,.F.);
#3743=ORIENTED_EDGE('',*,*,#2910,.F.);
#3744=ORIENTED_EDGE('',*,*,#2911,.T.);
#3745=ORIENTED_EDGE('',*,*,#2860,.T.);
#3746=ORIENTED_EDGE('',*,*,#2912,.F.);
#3747=ORIENTED_EDGE('',*,*,#2913,.F.);
#3748=ORIENTED_EDGE('',*,*,#2914,.T.);
#3749=ORIENTED_EDGE('',*,*,#2915,.T.);
#3750=ORIENTED_EDGE('',*,*,#2916,.T.);
#3751=ORIENTED_EDGE('',*,*,#2917,.T.);
#3752=ORIENTED_EDGE('',*,*,#2918,.T.);
#3753=ORIENTED_EDGE('',*,*,#2919,.T.);
#3754=ORIENTED_EDGE('',*,*,#2920,.T.);
#3755=ORIENTED_EDGE('',*,*,#2921,.T.);
#3756=ORIENTED_EDGE('',*,*,#2922,.F.);
#3757=ORIENTED_EDGE('',*,*,#2923,.F.);
#3758=ORIENTED_EDGE('',*,*,#2924,.T.);
#3759=ORIENTED_EDGE('',*,*,#2904,.T.);
#3760=ORIENTED_EDGE('',*,*,#2901,.T.);
#3761=ORIENTED_EDGE('',*,*,#2907,.T.);
#3762=ORIENTED_EDGE('',*,*,#2925,.T.);
#3763=ORIENTED_EDGE('',*,*,#2926,.F.);
#3764=ORIENTED_EDGE('',*,*,#2927,.F.);
#3765=ORIENTED_EDGE('',*,*,#2928,.T.);
#3766=ORIENTED_EDGE('',*,*,#2929,.F.);
#3767=ORIENTED_EDGE('',*,*,#2930,.F.);
#3768=ORIENTED_EDGE('',*,*,#2931,.T.);
#3769=ORIENTED_EDGE('',*,*,#2932,.T.);
#3770=ORIENTED_EDGE('',*,*,#2933,.F.);
#3771=ORIENTED_EDGE('',*,*,#2934,.F.);
#3772=ORIENTED_EDGE('',*,*,#2929,.T.);
#3773=ORIENTED_EDGE('',*,*,#2935,.T.);
#3774=ORIENTED_EDGE('',*,*,#2931,.F.);
#3775=ORIENTED_EDGE('',*,*,#2927,.T.);
#3776=ORIENTED_EDGE('',*,*,#2936,.F.);
#3777=ORIENTED_EDGE('',*,*,#2937,.F.);
#3778=ORIENTED_EDGE('',*,*,#2938,.T.);
#3779=ORIENTED_EDGE('',*,*,#2939,.T.);
#3780=ORIENTED_EDGE('',*,*,#2940,.T.);
#3781=ORIENTED_EDGE('',*,*,#2941,.T.);
#3782=ORIENTED_EDGE('',*,*,#2933,.T.);
#3783=ORIENTED_EDGE('',*,*,#2942,.T.);
#3784=ORIENTED_EDGE('',*,*,#2943,.T.);
#3785=ORIENTED_EDGE('',*,*,#2944,.F.);
#3786=ORIENTED_EDGE('',*,*,#2905,.T.);
#3787=ORIENTED_EDGE('',*,*,#2925,.F.);
#3788=ORIENTED_EDGE('',*,*,#2909,.T.);
#3789=ORIENTED_EDGE('',*,*,#2945,.F.);
#3790=ORIENTED_EDGE('',*,*,#2945,.T.);
#3791=ORIENTED_EDGE('',*,*,#2908,.F.);
#3792=ORIENTED_EDGE('',*,*,#2903,.T.);
#3793=ORIENTED_EDGE('',*,*,#2906,.F.);
#3794=ORIENTED_EDGE('',*,*,#2897,.T.);
#3795=ORIENTED_EDGE('',*,*,#2946,.F.);
#3796=ORIENTED_EDGE('',*,*,#2947,.T.);
#3797=ORIENTED_EDGE('',*,*,#2948,.T.);
#3798=ORIENTED_EDGE('',*,*,#2947,.F.);
#3799=ORIENTED_EDGE('',*,*,#2948,.F.);
#3800=ORIENTED_EDGE('',*,*,#2949,.F.);
#3801=ORIENTED_EDGE('',*,*,#2950,.T.);
#3802=ORIENTED_EDGE('',*,*,#2951,.F.);
#3803=ORIENTED_EDGE('',*,*,#2950,.F.);
#3804=ORIENTED_EDGE('',*,*,#2949,.T.);
#3805=ORIENTED_EDGE('',*,*,#2946,.T.);
#3806=ORIENTED_EDGE('',*,*,#2952,.T.);
#3807=ORIENTED_EDGE('',*,*,#2953,.T.);
#3808=ORIENTED_EDGE('',*,*,#2890,.T.);
#3809=ORIENTED_EDGE('',*,*,#2954,.T.);
#3810=ORIENTED_EDGE('',*,*,#2955,.T.);
#3811=ORIENTED_EDGE('',*,*,#2955,.F.);
#3812=ORIENTED_EDGE('',*,*,#2956,.T.);
#3813=ORIENTED_EDGE('',*,*,#2957,.F.);
#3814=ORIENTED_EDGE('',*,*,#2958,.T.);
#3815=ORIENTED_EDGE('',*,*,#2959,.T.);
#3816=ORIENTED_EDGE('',*,*,#2960,.T.);
#3817=ORIENTED_EDGE('',*,*,#2870,.T.);
#3818=ORIENTED_EDGE('',*,*,#2896,.T.);
#3819=ORIENTED_EDGE('',*,*,#2886,.T.);
#3820=ORIENTED_EDGE('',*,*,#2883,.T.);
#3821=ORIENTED_EDGE('',*,*,#2880,.T.);
#3822=ORIENTED_EDGE('',*,*,#2818,.T.);
#3823=ORIENTED_EDGE('',*,*,#2961,.F.);
#3824=ORIENTED_EDGE('',*,*,#2956,.F.);
#3825=ORIENTED_EDGE('',*,*,#2954,.F.);
#3826=ORIENTED_EDGE('',*,*,#2889,.T.);
#3827=ORIENTED_EDGE('',*,*,#2877,.T.);
#3828=ORIENTED_EDGE('',*,*,#2874,.T.);
#3829=ORIENTED_EDGE('',*,*,#2962,.T.);
#3830=ORIENTED_EDGE('',*,*,#2963,.T.);
#3831=ORIENTED_EDGE('',*,*,#2964,.T.);
#3832=ORIENTED_EDGE('',*,*,#2965,.T.);
#3833=ORIENTED_EDGE('',*,*,#2817,.T.);
#3834=ORIENTED_EDGE('',*,*,#2966,.T.);
#3835=ORIENTED_EDGE('',*,*,#2967,.T.);
#3836=ORIENTED_EDGE('',*,*,#2957,.T.);
#3837=ORIENTED_EDGE('',*,*,#2961,.T.);
#3838=ORIENTED_EDGE('',*,*,#2824,.T.);
#3839=ORIENTED_EDGE('',*,*,#2968,.T.);
#3840=ORIENTED_EDGE('',*,*,#2969,.T.);
#3841=ORIENTED_EDGE('',*,*,#2970,.T.);
#3842=ORIENTED_EDGE('',*,*,#2809,.T.);
#3843=ORIENTED_EDGE('',*,*,#2825,.T.);
#3844=ORIENTED_EDGE('',*,*,#2970,.F.);
#3845=ORIENTED_EDGE('',*,*,#2971,.T.);
#3846=ORIENTED_EDGE('',*,*,#2972,.T.);
#3847=ORIENTED_EDGE('',*,*,#2973,.F.);
#3848=ORIENTED_EDGE('',*,*,#2966,.F.);
#3849=ORIENTED_EDGE('',*,*,#2816,.T.);
#3850=ORIENTED_EDGE('',*,*,#2814,.T.);
#3851=ORIENTED_EDGE('',*,*,#2812,.T.);
#3852=ORIENTED_EDGE('',*,*,#2974,.T.);
#3853=ORIENTED_EDGE('',*,*,#2975,.T.);
#3854=ORIENTED_EDGE('',*,*,#2976,.T.);
#3855=ORIENTED_EDGE('',*,*,#2977,.F.);
#3856=ORIENTED_EDGE('',*,*,#2978,.T.);
#3857=ORIENTED_EDGE('',*,*,#2979,.T.);
#3858=ORIENTED_EDGE('',*,*,#2980,.T.);
#3859=ORIENTED_EDGE('',*,*,#2981,.T.);
#3860=ORIENTED_EDGE('',*,*,#2982,.T.);
#3861=ORIENTED_EDGE('',*,*,#2983,.T.);
#3862=ORIENTED_EDGE('',*,*,#2984,.T.);
#3863=ORIENTED_EDGE('',*,*,#2985,.T.);
#3864=ORIENTED_EDGE('',*,*,#2986,.T.);
#3865=ORIENTED_EDGE('',*,*,#2987,.T.);
#3866=ORIENTED_EDGE('',*,*,#2988,.T.);
#3867=ORIENTED_EDGE('',*,*,#2989,.T.);
#3868=ORIENTED_EDGE('',*,*,#2990,.T.);
#3869=ORIENTED_EDGE('',*,*,#2991,.T.);
#3870=ORIENTED_EDGE('',*,*,#2992,.T.);
#3871=ORIENTED_EDGE('',*,*,#2993,.T.);
#3872=ORIENTED_EDGE('',*,*,#2994,.T.);
#3873=ORIENTED_EDGE('',*,*,#2995,.T.);
#3874=ORIENTED_EDGE('',*,*,#2996,.T.);
#3875=ORIENTED_EDGE('',*,*,#2997,.T.);
#3876=ORIENTED_EDGE('',*,*,#2998,.T.);
#3877=ORIENTED_EDGE('',*,*,#2999,.T.);
#3878=ORIENTED_EDGE('',*,*,#3000,.T.);
#3879=ORIENTED_EDGE('',*,*,#3001,.T.);
#3880=ORIENTED_EDGE('',*,*,#3002,.T.);
#3881=ORIENTED_EDGE('',*,*,#3003,.T.);
#3882=ORIENTED_EDGE('',*,*,#2937,.T.);
#3883=ORIENTED_EDGE('',*,*,#3004,.T.);
#3884=ORIENTED_EDGE('',*,*,#3005,.T.);
#3885=ORIENTED_EDGE('',*,*,#3006,.T.);
#3886=ORIENTED_EDGE('',*,*,#3007,.T.);
#3887=ORIENTED_EDGE('',*,*,#2968,.F.);
#3888=ORIENTED_EDGE('',*,*,#2823,.F.);
#3889=ORIENTED_EDGE('',*,*,#3008,.T.);
#3890=ORIENTED_EDGE('',*,*,#3009,.F.);
#3891=ORIENTED_EDGE('',*,*,#3010,.T.);
#3892=ORIENTED_EDGE('',*,*,#3011,.F.);
#3893=ORIENTED_EDGE('',*,*,#3012,.T.);
#3894=ORIENTED_EDGE('',*,*,#3013,.F.);
#3895=ORIENTED_EDGE('',*,*,#3014,.T.);
#3896=ORIENTED_EDGE('',*,*,#2938,.F.);
#3897=ORIENTED_EDGE('',*,*,#3007,.F.);
#3898=ORIENTED_EDGE('',*,*,#3015,.F.);
#3899=ORIENTED_EDGE('',*,*,#3016,.F.);
#3900=ORIENTED_EDGE('',*,*,#3017,.F.);
#3901=ORIENTED_EDGE('',*,*,#3018,.F.);
#3902=ORIENTED_EDGE('',*,*,#3019,.T.);
#3903=ORIENTED_EDGE('',*,*,#3020,.T.);
#3904=ORIENTED_EDGE('',*,*,#3021,.T.);
#3905=ORIENTED_EDGE('',*,*,#3022,.T.);
#3906=ORIENTED_EDGE('',*,*,#3023,.T.);
#3907=ORIENTED_EDGE('',*,*,#3024,.T.);
#3908=ORIENTED_EDGE('',*,*,#3025,.T.);
#3909=ORIENTED_EDGE('',*,*,#3026,.T.);
#3910=ORIENTED_EDGE('',*,*,#3027,.T.);
#3911=ORIENTED_EDGE('',*,*,#3028,.T.);
#3912=ORIENTED_EDGE('',*,*,#3029,.T.);
#3913=ORIENTED_EDGE('',*,*,#3030,.T.);
#3914=ORIENTED_EDGE('',*,*,#3031,.T.);
#3915=ORIENTED_EDGE('',*,*,#3032,.T.);
#3916=ORIENTED_EDGE('',*,*,#3033,.T.);
#3917=ORIENTED_EDGE('',*,*,#3034,.T.);
#3918=ORIENTED_EDGE('',*,*,#3035,.T.);
#3919=ORIENTED_EDGE('',*,*,#3036,.T.);
#3920=ORIENTED_EDGE('',*,*,#3037,.T.);
#3921=ORIENTED_EDGE('',*,*,#3038,.T.);
#3922=ORIENTED_EDGE('',*,*,#3039,.T.);
#3923=ORIENTED_EDGE('',*,*,#3040,.T.);
#3924=ORIENTED_EDGE('',*,*,#3041,.T.);
#3925=ORIENTED_EDGE('',*,*,#3042,.T.);
#3926=ORIENTED_EDGE('',*,*,#3043,.T.);
#3927=ORIENTED_EDGE('',*,*,#3044,.T.);
#3928=ORIENTED_EDGE('',*,*,#3045,.T.);
#3929=ORIENTED_EDGE('',*,*,#3046,.T.);
#3930=ORIENTED_EDGE('',*,*,#3047,.T.);
#3931=ORIENTED_EDGE('',*,*,#3048,.T.);
#3932=ORIENTED_EDGE('',*,*,#3049,.T.);
#3933=ORIENTED_EDGE('',*,*,#3050,.T.);
#3934=ORIENTED_EDGE('',*,*,#3051,.T.);
#3935=ORIENTED_EDGE('',*,*,#3052,.T.);
#3936=ORIENTED_EDGE('',*,*,#3053,.T.);
#3937=ORIENTED_EDGE('',*,*,#3054,.T.);
#3938=ORIENTED_EDGE('',*,*,#3055,.T.);
#3939=ORIENTED_EDGE('',*,*,#3056,.T.);
#3940=ORIENTED_EDGE('',*,*,#3057,.T.);
#3941=ORIENTED_EDGE('',*,*,#3058,.T.);
#3942=ORIENTED_EDGE('',*,*,#3059,.T.);
#3943=ORIENTED_EDGE('',*,*,#3060,.T.);
#3944=ORIENTED_EDGE('',*,*,#3061,.T.);
#3945=ORIENTED_EDGE('',*,*,#3062,.T.);
#3946=ORIENTED_EDGE('',*,*,#3063,.T.);
#3947=ORIENTED_EDGE('',*,*,#3064,.T.);
#3948=ORIENTED_EDGE('',*,*,#3065,.T.);
#3949=ORIENTED_EDGE('',*,*,#3066,.T.);
#3950=ORIENTED_EDGE('',*,*,#3067,.T.);
#3951=ORIENTED_EDGE('',*,*,#3068,.T.);
#3952=ORIENTED_EDGE('',*,*,#3069,.T.);
#3953=ORIENTED_EDGE('',*,*,#3006,.F.);
#3954=ORIENTED_EDGE('',*,*,#3070,.T.);
#3955=ORIENTED_EDGE('',*,*,#3071,.T.);
#3956=ORIENTED_EDGE('',*,*,#3072,.T.);
#3957=ORIENTED_EDGE('',*,*,#3015,.T.);
#3958=ORIENTED_EDGE('',*,*,#3073,.T.);
#3959=ORIENTED_EDGE('',*,*,#3074,.T.);
#3960=ORIENTED_EDGE('',*,*,#3075,.F.);
#3961=ORIENTED_EDGE('',*,*,#3076,.F.);
#3962=ORIENTED_EDGE('',*,*,#3077,.F.);
#3963=ORIENTED_EDGE('',*,*,#3076,.T.);
#3964=ORIENTED_EDGE('',*,*,#3078,.F.);
#3965=ORIENTED_EDGE('',*,*,#3079,.F.);
#3966=ORIENTED_EDGE('',*,*,#3080,.T.);
#3967=ORIENTED_EDGE('',*,*,#3079,.T.);
#3968=ORIENTED_EDGE('',*,*,#3081,.F.);
#3969=ORIENTED_EDGE('',*,*,#3082,.F.);
#3970=ORIENTED_EDGE('',*,*,#3083,.T.);
#3971=ORIENTED_EDGE('',*,*,#3081,.T.);
#3972=ORIENTED_EDGE('',*,*,#3078,.T.);
#3973=ORIENTED_EDGE('',*,*,#3075,.T.);
#3974=ORIENTED_EDGE('',*,*,#3084,.T.);
#3975=ORIENTED_EDGE('',*,*,#3085,.T.);
#3976=ORIENTED_EDGE('',*,*,#3086,.F.);
#3977=ORIENTED_EDGE('',*,*,#3087,.F.);
#3978=ORIENTED_EDGE('',*,*,#3088,.F.);
#3979=ORIENTED_EDGE('',*,*,#3087,.T.);
#3980=ORIENTED_EDGE('',*,*,#3089,.F.);
#3981=ORIENTED_EDGE('',*,*,#3090,.F.);
#3982=ORIENTED_EDGE('',*,*,#3091,.T.);
#3983=ORIENTED_EDGE('',*,*,#3090,.T.);
#3984=ORIENTED_EDGE('',*,*,#3092,.F.);
#3985=ORIENTED_EDGE('',*,*,#3093,.F.);
#3986=ORIENTED_EDGE('',*,*,#3094,.T.);
#3987=ORIENTED_EDGE('',*,*,#3092,.T.);
#3988=ORIENTED_EDGE('',*,*,#3089,.T.);
#3989=ORIENTED_EDGE('',*,*,#3086,.T.);
#3990=ORIENTED_EDGE('',*,*,#3095,.T.);
#3991=ORIENTED_EDGE('',*,*,#3096,.T.);
#3992=ORIENTED_EDGE('',*,*,#3097,.F.);
#3993=ORIENTED_EDGE('',*,*,#3098,.F.);
#3994=ORIENTED_EDGE('',*,*,#3099,.F.);
#3995=ORIENTED_EDGE('',*,*,#3098,.T.);
#3996=ORIENTED_EDGE('',*,*,#3100,.F.);
#3997=ORIENTED_EDGE('',*,*,#3101,.F.);
#3998=ORIENTED_EDGE('',*,*,#3102,.T.);
#3999=ORIENTED_EDGE('',*,*,#3101,.T.);
#4000=ORIENTED_EDGE('',*,*,#3103,.F.);
#4001=ORIENTED_EDGE('',*,*,#3104,.F.);
#4002=ORIENTED_EDGE('',*,*,#3105,.T.);
#4003=ORIENTED_EDGE('',*,*,#3103,.T.);
#4004=ORIENTED_EDGE('',*,*,#3100,.T.);
#4005=ORIENTED_EDGE('',*,*,#3097,.T.);
#4006=ORIENTED_EDGE('',*,*,#3072,.F.);
#4007=ORIENTED_EDGE('',*,*,#3106,.T.);
#4008=ORIENTED_EDGE('',*,*,#3107,.T.);
#4009=ORIENTED_EDGE('',*,*,#3108,.F.);
#4010=ORIENTED_EDGE('',*,*,#3109,.T.);
#4011=ORIENTED_EDGE('',*,*,#3110,.T.);
#4012=ORIENTED_EDGE('',*,*,#3016,.T.);
#4013=ORIENTED_EDGE('',*,*,#2967,.F.);
#4014=ORIENTED_EDGE('',*,*,#2973,.T.);
#4015=ORIENTED_EDGE('',*,*,#3111,.F.);
#4016=ORIENTED_EDGE('',*,*,#3112,.T.);
#4017=ORIENTED_EDGE('',*,*,#2958,.F.);
#4018=ORIENTED_EDGE('',*,*,#2952,.F.);
#4019=ORIENTED_EDGE('',*,*,#2960,.F.);
#4020=ORIENTED_EDGE('',*,*,#3113,.T.);
#4021=ORIENTED_EDGE('',*,*,#3070,.F.);
#4022=ORIENTED_EDGE('',*,*,#3005,.F.);
#4023=ORIENTED_EDGE('',*,*,#3114,.T.);
#4024=ORIENTED_EDGE('',*,*,#2930,.T.);
#4025=ORIENTED_EDGE('',*,*,#2944,.T.);
#4026=ORIENTED_EDGE('',*,*,#3115,.T.);
#4027=ORIENTED_EDGE('',*,*,#3116,.T.);
#4028=ORIENTED_EDGE('',*,*,#3117,.T.);
#4029=ORIENTED_EDGE('',*,*,#3118,.T.);
#4030=ORIENTED_EDGE('',*,*,#3119,.T.);
#4031=ORIENTED_EDGE('',*,*,#3120,.T.);
#4032=ORIENTED_EDGE('',*,*,#3121,.T.);
#4033=ORIENTED_EDGE('',*,*,#2891,.T.);
#4034=ORIENTED_EDGE('',*,*,#2953,.F.);
#4035=ORIENTED_EDGE('',*,*,#3114,.F.);
#4036=ORIENTED_EDGE('',*,*,#3004,.F.);
#4037=ORIENTED_EDGE('',*,*,#2936,.T.);
#4038=ORIENTED_EDGE('',*,*,#2926,.T.);
#4039=ORIENTED_EDGE('',*,*,#2934,.T.);
#4040=ORIENTED_EDGE('',*,*,#3064,.F.);
#4041=ORIENTED_EDGE('',*,*,#3122,.T.);
#4042=ORIENTED_EDGE('',*,*,#3123,.T.);
#4043=ORIENTED_EDGE('',*,*,#3124,.F.);
#4044=ORIENTED_EDGE('',*,*,#3069,.F.);
#4045=ORIENTED_EDGE('',*,*,#3125,.T.);
#4046=ORIENTED_EDGE('',*,*,#3126,.T.);
#4047=ORIENTED_EDGE('',*,*,#3122,.F.);
#4048=ORIENTED_EDGE('',*,*,#3068,.F.);
#4049=ORIENTED_EDGE('',*,*,#3127,.T.);
#4050=ORIENTED_EDGE('',*,*,#3128,.T.);
#4051=ORIENTED_EDGE('',*,*,#3125,.F.);
#4052=ORIENTED_EDGE('',*,*,#3067,.F.);
#4053=ORIENTED_EDGE('',*,*,#3129,.T.);
#4054=ORIENTED_EDGE('',*,*,#3130,.T.);
#4055=ORIENTED_EDGE('',*,*,#3127,.F.);
#4056=ORIENTED_EDGE('',*,*,#3066,.F.);
#4057=ORIENTED_EDGE('',*,*,#3131,.T.);
#4058=ORIENTED_EDGE('',*,*,#3132,.T.);
#4059=ORIENTED_EDGE('',*,*,#3129,.F.);
#4060=ORIENTED_EDGE('',*,*,#3065,.F.);
#4061=ORIENTED_EDGE('',*,*,#3124,.T.);
#4062=ORIENTED_EDGE('',*,*,#3133,.T.);
#4063=ORIENTED_EDGE('',*,*,#3131,.F.);
#4064=ORIENTED_EDGE('',*,*,#3133,.F.);
#4065=ORIENTED_EDGE('',*,*,#3123,.F.);
#4066=ORIENTED_EDGE('',*,*,#3126,.F.);
#4067=ORIENTED_EDGE('',*,*,#3128,.F.);
#4068=ORIENTED_EDGE('',*,*,#3130,.F.);
#4069=ORIENTED_EDGE('',*,*,#3132,.F.);
#4070=ORIENTED_EDGE('',*,*,#3054,.F.);
#4071=ORIENTED_EDGE('',*,*,#3134,.T.);
#4072=ORIENTED_EDGE('',*,*,#3135,.T.);
#4073=ORIENTED_EDGE('',*,*,#3136,.F.);
#4074=ORIENTED_EDGE('',*,*,#3063,.F.);
#4075=ORIENTED_EDGE('',*,*,#3137,.T.);
#4076=ORIENTED_EDGE('',*,*,#3138,.T.);
#4077=ORIENTED_EDGE('',*,*,#3134,.F.);
#4078=ORIENTED_EDGE('',*,*,#3062,.F.);
#4079=ORIENTED_EDGE('',*,*,#3139,.T.);
#4080=ORIENTED_EDGE('',*,*,#3140,.T.);
#4081=ORIENTED_EDGE('',*,*,#3137,.F.);
#4082=ORIENTED_EDGE('',*,*,#3061,.F.);
#4083=ORIENTED_EDGE('',*,*,#3141,.T.);
#4084=ORIENTED_EDGE('',*,*,#3142,.T.);
#4085=ORIENTED_EDGE('',*,*,#3139,.F.);
#4086=ORIENTED_EDGE('',*,*,#3060,.F.);
#4087=ORIENTED_EDGE('',*,*,#3143,.T.);
#4088=ORIENTED_EDGE('',*,*,#3144,.T.);
#4089=ORIENTED_EDGE('',*,*,#3141,.F.);
#4090=ORIENTED_EDGE('',*,*,#3059,.F.);
#4091=ORIENTED_EDGE('',*,*,#3145,.T.);
#4092=ORIENTED_EDGE('',*,*,#3146,.T.);
#4093=ORIENTED_EDGE('',*,*,#3143,.F.);
#4094=ORIENTED_EDGE('',*,*,#3058,.F.);
#4095=ORIENTED_EDGE('',*,*,#3147,.T.);
#4096=ORIENTED_EDGE('',*,*,#3148,.T.);
#4097=ORIENTED_EDGE('',*,*,#3145,.F.);
#4098=ORIENTED_EDGE('',*,*,#3057,.F.);
#4099=ORIENTED_EDGE('',*,*,#3149,.T.);
#4100=ORIENTED_EDGE('',*,*,#3150,.T.);
#4101=ORIENTED_EDGE('',*,*,#3147,.F.);
#4102=ORIENTED_EDGE('',*,*,#3056,.F.);
#4103=ORIENTED_EDGE('',*,*,#3151,.T.);
#4104=ORIENTED_EDGE('',*,*,#3152,.T.);
#4105=ORIENTED_EDGE('',*,*,#3149,.F.);
#4106=ORIENTED_EDGE('',*,*,#3055,.F.);
#4107=ORIENTED_EDGE('',*,*,#3136,.T.);
#4108=ORIENTED_EDGE('',*,*,#3153,.T.);
#4109=ORIENTED_EDGE('',*,*,#3151,.F.);
#4110=ORIENTED_EDGE('',*,*,#3153,.F.);
#4111=ORIENTED_EDGE('',*,*,#3135,.F.);
#4112=ORIENTED_EDGE('',*,*,#3138,.F.);
#4113=ORIENTED_EDGE('',*,*,#3140,.F.);
#4114=ORIENTED_EDGE('',*,*,#3142,.F.);
#4115=ORIENTED_EDGE('',*,*,#3144,.F.);
#4116=ORIENTED_EDGE('',*,*,#3146,.F.);
#4117=ORIENTED_EDGE('',*,*,#3148,.F.);
#4118=ORIENTED_EDGE('',*,*,#3150,.F.);
#4119=ORIENTED_EDGE('',*,*,#3152,.F.);
#4120=ORIENTED_EDGE('',*,*,#3154,.F.);
#4121=ORIENTED_EDGE('',*,*,#3155,.T.);
#4122=ORIENTED_EDGE('',*,*,#3156,.T.);
#4123=ORIENTED_EDGE('',*,*,#3157,.F.);
#4124=ORIENTED_EDGE('',*,*,#3158,.F.);
#4125=ORIENTED_EDGE('',*,*,#3159,.T.);
#4126=ORIENTED_EDGE('',*,*,#3160,.T.);
#4127=ORIENTED_EDGE('',*,*,#3155,.F.);
#4128=ORIENTED_EDGE('',*,*,#3161,.F.);
#4129=ORIENTED_EDGE('',*,*,#3162,.T.);
#4130=ORIENTED_EDGE('',*,*,#3163,.T.);
#4131=ORIENTED_EDGE('',*,*,#3159,.F.);
#4132=ORIENTED_EDGE('',*,*,#3164,.F.);
#4133=ORIENTED_EDGE('',*,*,#3165,.T.);
#4134=ORIENTED_EDGE('',*,*,#3166,.T.);
#4135=ORIENTED_EDGE('',*,*,#3162,.F.);
#4136=ORIENTED_EDGE('',*,*,#3167,.F.);
#4137=ORIENTED_EDGE('',*,*,#3168,.T.);
#4138=ORIENTED_EDGE('',*,*,#3169,.T.);
#4139=ORIENTED_EDGE('',*,*,#3165,.F.);
#4140=ORIENTED_EDGE('',*,*,#3170,.F.);
#4141=ORIENTED_EDGE('',*,*,#3171,.T.);
#4142=ORIENTED_EDGE('',*,*,#3172,.T.);
#4143=ORIENTED_EDGE('',*,*,#3168,.F.);
#4144=ORIENTED_EDGE('',*,*,#3173,.F.);
#4145=ORIENTED_EDGE('',*,*,#3174,.T.);
#4146=ORIENTED_EDGE('',*,*,#3175,.T.);
#4147=ORIENTED_EDGE('',*,*,#3171,.F.);
#4148=ORIENTED_EDGE('',*,*,#3176,.F.);
#4149=ORIENTED_EDGE('',*,*,#3177,.T.);
#4150=ORIENTED_EDGE('',*,*,#3178,.T.);
#4151=ORIENTED_EDGE('',*,*,#3174,.F.);
#4152=ORIENTED_EDGE('',*,*,#3179,.F.);
#4153=ORIENTED_EDGE('',*,*,#3180,.T.);
#4154=ORIENTED_EDGE('',*,*,#3181,.T.);
#4155=ORIENTED_EDGE('',*,*,#3177,.F.);
#4156=ORIENTED_EDGE('',*,*,#3182,.F.);
#4157=ORIENTED_EDGE('',*,*,#3157,.T.);
#4158=ORIENTED_EDGE('',*,*,#3183,.T.);
#4159=ORIENTED_EDGE('',*,*,#3180,.F.);
#4160=ORIENTED_EDGE('',*,*,#3184,.F.);
#4161=ORIENTED_EDGE('',*,*,#3185,.T.);
#4162=ORIENTED_EDGE('',*,*,#3186,.T.);
#4163=ORIENTED_EDGE('',*,*,#3187,.F.);
#4164=ORIENTED_EDGE('',*,*,#3188,.F.);
#4165=ORIENTED_EDGE('',*,*,#3189,.T.);
#4166=ORIENTED_EDGE('',*,*,#3190,.T.);
#4167=ORIENTED_EDGE('',*,*,#3185,.F.);
#4168=ORIENTED_EDGE('',*,*,#3191,.F.);
#4169=ORIENTED_EDGE('',*,*,#3192,.T.);
#4170=ORIENTED_EDGE('',*,*,#3193,.T.);
#4171=ORIENTED_EDGE('',*,*,#3189,.F.);
#4172=ORIENTED_EDGE('',*,*,#3194,.F.);
#4173=ORIENTED_EDGE('',*,*,#3195,.T.);
#4174=ORIENTED_EDGE('',*,*,#3196,.T.);
#4175=ORIENTED_EDGE('',*,*,#3192,.F.);
#4176=ORIENTED_EDGE('',*,*,#3197,.F.);
#4177=ORIENTED_EDGE('',*,*,#3198,.T.);
#4178=ORIENTED_EDGE('',*,*,#3199,.T.);
#4179=ORIENTED_EDGE('',*,*,#3195,.F.);
#4180=ORIENTED_EDGE('',*,*,#3200,.F.);
#4181=ORIENTED_EDGE('',*,*,#3201,.T.);
#4182=ORIENTED_EDGE('',*,*,#3202,.T.);
#4183=ORIENTED_EDGE('',*,*,#3198,.F.);
#4184=ORIENTED_EDGE('',*,*,#3203,.F.);
#4185=ORIENTED_EDGE('',*,*,#3204,.T.);
#4186=ORIENTED_EDGE('',*,*,#3205,.T.);
#4187=ORIENTED_EDGE('',*,*,#3201,.F.);
#4188=ORIENTED_EDGE('',*,*,#3206,.F.);
#4189=ORIENTED_EDGE('',*,*,#3207,.T.);
#4190=ORIENTED_EDGE('',*,*,#3208,.T.);
#4191=ORIENTED_EDGE('',*,*,#3204,.F.);
#4192=ORIENTED_EDGE('',*,*,#3209,.F.);
#4193=ORIENTED_EDGE('',*,*,#3187,.T.);
#4194=ORIENTED_EDGE('',*,*,#3210,.T.);
#4195=ORIENTED_EDGE('',*,*,#3207,.F.);
#4196=ORIENTED_EDGE('',*,*,#3040,.F.);
#4197=ORIENTED_EDGE('',*,*,#3211,.T.);
#4198=ORIENTED_EDGE('',*,*,#3212,.T.);
#4199=ORIENTED_EDGE('',*,*,#3213,.F.);
#4200=ORIENTED_EDGE('',*,*,#3053,.F.);
#4201=ORIENTED_EDGE('',*,*,#3214,.T.);
#4202=ORIENTED_EDGE('',*,*,#3215,.T.);
#4203=ORIENTED_EDGE('',*,*,#3211,.F.);
#4204=ORIENTED_EDGE('',*,*,#3052,.F.);
#4205=ORIENTED_EDGE('',*,*,#3216,.T.);
#4206=ORIENTED_EDGE('',*,*,#3217,.T.);
#4207=ORIENTED_EDGE('',*,*,#3214,.F.);
#4208=ORIENTED_EDGE('',*,*,#3051,.F.);
#4209=ORIENTED_EDGE('',*,*,#3218,.T.);
#4210=ORIENTED_EDGE('',*,*,#3219,.T.);
#4211=ORIENTED_EDGE('',*,*,#3216,.F.);
#4212=ORIENTED_EDGE('',*,*,#3050,.F.);
#4213=ORIENTED_EDGE('',*,*,#3220,.T.);
#4214=ORIENTED_EDGE('',*,*,#3221,.T.);
#4215=ORIENTED_EDGE('',*,*,#3218,.F.);
#4216=ORIENTED_EDGE('',*,*,#3049,.F.);
#4217=ORIENTED_EDGE('',*,*,#3222,.T.);
#4218=ORIENTED_EDGE('',*,*,#3223,.T.);
#4219=ORIENTED_EDGE('',*,*,#3220,.F.);
#4220=ORIENTED_EDGE('',*,*,#3048,.F.);
#4221=ORIENTED_EDGE('',*,*,#3224,.T.);
#4222=ORIENTED_EDGE('',*,*,#3225,.T.);
#4223=ORIENTED_EDGE('',*,*,#3222,.F.);
#4224=ORIENTED_EDGE('',*,*,#3047,.F.);
#4225=ORIENTED_EDGE('',*,*,#3226,.T.);
#4226=ORIENTED_EDGE('',*,*,#3227,.T.);
#4227=ORIENTED_EDGE('',*,*,#3224,.F.);
#4228=ORIENTED_EDGE('',*,*,#3046,.F.);
#4229=ORIENTED_EDGE('',*,*,#3228,.T.);
#4230=ORIENTED_EDGE('',*,*,#3229,.T.);
#4231=ORIENTED_EDGE('',*,*,#3226,.F.);
#4232=ORIENTED_EDGE('',*,*,#3045,.F.);
#4233=ORIENTED_EDGE('',*,*,#3230,.T.);
#4234=ORIENTED_EDGE('',*,*,#3231,.T.);
#4235=ORIENTED_EDGE('',*,*,#3228,.F.);
#4236=ORIENTED_EDGE('',*,*,#3044,.F.);
#4237=ORIENTED_EDGE('',*,*,#3232,.T.);
#4238=ORIENTED_EDGE('',*,*,#3233,.T.);
#4239=ORIENTED_EDGE('',*,*,#3230,.F.);
#4240=ORIENTED_EDGE('',*,*,#3043,.F.);
#4241=ORIENTED_EDGE('',*,*,#3234,.T.);
#4242=ORIENTED_EDGE('',*,*,#3235,.T.);
#4243=ORIENTED_EDGE('',*,*,#3232,.F.);
#4244=ORIENTED_EDGE('',*,*,#3042,.F.);
#4245=ORIENTED_EDGE('',*,*,#3236,.T.);
#4246=ORIENTED_EDGE('',*,*,#3237,.T.);
#4247=ORIENTED_EDGE('',*,*,#3234,.F.);
#4248=ORIENTED_EDGE('',*,*,#3041,.F.);
#4249=ORIENTED_EDGE('',*,*,#3213,.T.);
#4250=ORIENTED_EDGE('',*,*,#3238,.T.);
#4251=ORIENTED_EDGE('',*,*,#3236,.F.);
#4252=ORIENTED_EDGE('',*,*,#3238,.F.);
#4253=ORIENTED_EDGE('',*,*,#3212,.F.);
#4254=ORIENTED_EDGE('',*,*,#3215,.F.);
#4255=ORIENTED_EDGE('',*,*,#3217,.F.);
#4256=ORIENTED_EDGE('',*,*,#3219,.F.);
#4257=ORIENTED_EDGE('',*,*,#3221,.F.);
#4258=ORIENTED_EDGE('',*,*,#3223,.F.);
#4259=ORIENTED_EDGE('',*,*,#3225,.F.);
#4260=ORIENTED_EDGE('',*,*,#3227,.F.);
#4261=ORIENTED_EDGE('',*,*,#3229,.F.);
#4262=ORIENTED_EDGE('',*,*,#3231,.F.);
#4263=ORIENTED_EDGE('',*,*,#3233,.F.);
#4264=ORIENTED_EDGE('',*,*,#3235,.F.);
#4265=ORIENTED_EDGE('',*,*,#3237,.F.);
#4266=ORIENTED_EDGE('',*,*,#3210,.F.);
#4267=ORIENTED_EDGE('',*,*,#3186,.F.);
#4268=ORIENTED_EDGE('',*,*,#3190,.F.);
#4269=ORIENTED_EDGE('',*,*,#3193,.F.);
#4270=ORIENTED_EDGE('',*,*,#3196,.F.);
#4271=ORIENTED_EDGE('',*,*,#3199,.F.);
#4272=ORIENTED_EDGE('',*,*,#3202,.F.);
#4273=ORIENTED_EDGE('',*,*,#3205,.F.);
#4274=ORIENTED_EDGE('',*,*,#3208,.F.);
#4275=ORIENTED_EDGE('',*,*,#3183,.F.);
#4276=ORIENTED_EDGE('',*,*,#3156,.F.);
#4277=ORIENTED_EDGE('',*,*,#3160,.F.);
#4278=ORIENTED_EDGE('',*,*,#3163,.F.);
#4279=ORIENTED_EDGE('',*,*,#3166,.F.);
#4280=ORIENTED_EDGE('',*,*,#3169,.F.);
#4281=ORIENTED_EDGE('',*,*,#3172,.F.);
#4282=ORIENTED_EDGE('',*,*,#3175,.F.);
#4283=ORIENTED_EDGE('',*,*,#3178,.F.);
#4284=ORIENTED_EDGE('',*,*,#3181,.F.);
#4285=ORIENTED_EDGE('',*,*,#3239,.F.);
#4286=ORIENTED_EDGE('',*,*,#3240,.T.);
#4287=ORIENTED_EDGE('',*,*,#3241,.F.);
#4288=ORIENTED_EDGE('',*,*,#3019,.F.);
#4289=ORIENTED_EDGE('',*,*,#3242,.F.);
#4290=ORIENTED_EDGE('',*,*,#3243,.T.);
#4291=ORIENTED_EDGE('',*,*,#3244,.T.);
#4292=ORIENTED_EDGE('',*,*,#3245,.F.);
#4293=ORIENTED_EDGE('',*,*,#3246,.F.);
#4294=ORIENTED_EDGE('',*,*,#3247,.T.);
#4295=ORIENTED_EDGE('',*,*,#3248,.T.);
#4296=ORIENTED_EDGE('',*,*,#3243,.F.);
#4297=ORIENTED_EDGE('',*,*,#3249,.F.);
#4298=ORIENTED_EDGE('',*,*,#3250,.T.);
#4299=ORIENTED_EDGE('',*,*,#3251,.T.);
#4300=ORIENTED_EDGE('',*,*,#3247,.F.);
#4301=ORIENTED_EDGE('',*,*,#3252,.F.);
#4302=ORIENTED_EDGE('',*,*,#3253,.T.);
#4303=ORIENTED_EDGE('',*,*,#3254,.T.);
#4304=ORIENTED_EDGE('',*,*,#3250,.F.);
#4305=ORIENTED_EDGE('',*,*,#3255,.F.);
#4306=ORIENTED_EDGE('',*,*,#3256,.T.);
#4307=ORIENTED_EDGE('',*,*,#3257,.T.);
#4308=ORIENTED_EDGE('',*,*,#3253,.F.);
#4309=ORIENTED_EDGE('',*,*,#3258,.F.);
#4310=ORIENTED_EDGE('',*,*,#3259,.T.);
#4311=ORIENTED_EDGE('',*,*,#3260,.T.);
#4312=ORIENTED_EDGE('',*,*,#3256,.F.);
#4313=ORIENTED_EDGE('',*,*,#3261,.F.);
#4314=ORIENTED_EDGE('',*,*,#3262,.T.);
#4315=ORIENTED_EDGE('',*,*,#3263,.T.);
#4316=ORIENTED_EDGE('',*,*,#3259,.F.);
#4317=ORIENTED_EDGE('',*,*,#3264,.F.);
#4318=ORIENTED_EDGE('',*,*,#3245,.T.);
#4319=ORIENTED_EDGE('',*,*,#3265,.T.);
#4320=ORIENTED_EDGE('',*,*,#3262,.F.);
#4321=ORIENTED_EDGE('',*,*,#3035,.F.);
#4322=ORIENTED_EDGE('',*,*,#3266,.T.);
#4323=ORIENTED_EDGE('',*,*,#3267,.T.);
#4324=ORIENTED_EDGE('',*,*,#3268,.F.);
#4325=ORIENTED_EDGE('',*,*,#3034,.F.);
#4326=ORIENTED_EDGE('',*,*,#3269,.T.);
#4327=ORIENTED_EDGE('',*,*,#3270,.T.);
#4328=ORIENTED_EDGE('',*,*,#3266,.F.);
#4329=ORIENTED_EDGE('',*,*,#3033,.F.);
#4330=ORIENTED_EDGE('',*,*,#3271,.T.);
#4331=ORIENTED_EDGE('',*,*,#3272,.T.);
#4332=ORIENTED_EDGE('',*,*,#3269,.F.);
#4333=ORIENTED_EDGE('',*,*,#3032,.F.);
#4334=ORIENTED_EDGE('',*,*,#3273,.T.);
#4335=ORIENTED_EDGE('',*,*,#3274,.T.);
#4336=ORIENTED_EDGE('',*,*,#3271,.F.);
#4337=ORIENTED_EDGE('',*,*,#3031,.F.);
#4338=ORIENTED_EDGE('',*,*,#3275,.T.);
#4339=ORIENTED_EDGE('',*,*,#3276,.T.);
#4340=ORIENTED_EDGE('',*,*,#3273,.F.);
#4341=ORIENTED_EDGE('',*,*,#3030,.F.);
#4342=ORIENTED_EDGE('',*,*,#3277,.T.);
#4343=ORIENTED_EDGE('',*,*,#3278,.T.);
#4344=ORIENTED_EDGE('',*,*,#3275,.F.);
#4345=ORIENTED_EDGE('',*,*,#3029,.F.);
#4346=ORIENTED_EDGE('',*,*,#3279,.T.);
#4347=ORIENTED_EDGE('',*,*,#3280,.T.);
#4348=ORIENTED_EDGE('',*,*,#3277,.F.);
#4349=ORIENTED_EDGE('',*,*,#3028,.F.);
#4350=ORIENTED_EDGE('',*,*,#3281,.T.);
#4351=ORIENTED_EDGE('',*,*,#3282,.T.);
#4352=ORIENTED_EDGE('',*,*,#3279,.F.);
#4353=ORIENTED_EDGE('',*,*,#3027,.F.);
#4354=ORIENTED_EDGE('',*,*,#3283,.T.);
#4355=ORIENTED_EDGE('',*,*,#3284,.T.);
#4356=ORIENTED_EDGE('',*,*,#3281,.F.);
#4357=ORIENTED_EDGE('',*,*,#3026,.F.);
#4358=ORIENTED_EDGE('',*,*,#3285,.T.);
#4359=ORIENTED_EDGE('',*,*,#3286,.T.);
#4360=ORIENTED_EDGE('',*,*,#3283,.F.);
#4361=ORIENTED_EDGE('',*,*,#3025,.F.);
#4362=ORIENTED_EDGE('',*,*,#3287,.T.);
#4363=ORIENTED_EDGE('',*,*,#3288,.T.);
#4364=ORIENTED_EDGE('',*,*,#3285,.F.);
#4365=ORIENTED_EDGE('',*,*,#3024,.F.);
#4366=ORIENTED_EDGE('',*,*,#3289,.T.);
#4367=ORIENTED_EDGE('',*,*,#3290,.T.);
#4368=ORIENTED_EDGE('',*,*,#3287,.F.);
#4369=ORIENTED_EDGE('',*,*,#3023,.F.);
#4370=ORIENTED_EDGE('',*,*,#3291,.T.);
#4371=ORIENTED_EDGE('',*,*,#3292,.T.);
#4372=ORIENTED_EDGE('',*,*,#3289,.F.);
#4373=ORIENTED_EDGE('',*,*,#3022,.F.);
#4374=ORIENTED_EDGE('',*,*,#3293,.T.);
#4375=ORIENTED_EDGE('',*,*,#3294,.T.);
#4376=ORIENTED_EDGE('',*,*,#3291,.F.);
#4377=ORIENTED_EDGE('',*,*,#3021,.F.);
#4378=ORIENTED_EDGE('',*,*,#3295,.T.);
#4379=ORIENTED_EDGE('',*,*,#3296,.T.);
#4380=ORIENTED_EDGE('',*,*,#3293,.F.);
#4381=ORIENTED_EDGE('',*,*,#3020,.F.);
#4382=ORIENTED_EDGE('',*,*,#3241,.T.);
#4383=ORIENTED_EDGE('',*,*,#3297,.T.);
#4384=ORIENTED_EDGE('',*,*,#3295,.F.);
#4385=ORIENTED_EDGE('',*,*,#3298,.F.);
#4386=ORIENTED_EDGE('',*,*,#3037,.F.);
#4387=ORIENTED_EDGE('',*,*,#3299,.T.);
#4388=ORIENTED_EDGE('',*,*,#3300,.T.);
#4389=ORIENTED_EDGE('',*,*,#3036,.F.);
#4390=ORIENTED_EDGE('',*,*,#3268,.T.);
#4391=ORIENTED_EDGE('',*,*,#3301,.T.);
#4392=ORIENTED_EDGE('',*,*,#3299,.F.);
#4393=ORIENTED_EDGE('',*,*,#3302,.F.);
#4394=ORIENTED_EDGE('',*,*,#3300,.F.);
#4395=ORIENTED_EDGE('',*,*,#3301,.F.);
#4396=ORIENTED_EDGE('',*,*,#3267,.F.);
#4397=ORIENTED_EDGE('',*,*,#3270,.F.);
#4398=ORIENTED_EDGE('',*,*,#3272,.F.);
#4399=ORIENTED_EDGE('',*,*,#3274,.F.);
#4400=ORIENTED_EDGE('',*,*,#3276,.F.);
#4401=ORIENTED_EDGE('',*,*,#3278,.F.);
#4402=ORIENTED_EDGE('',*,*,#3280,.F.);
#4403=ORIENTED_EDGE('',*,*,#3282,.F.);
#4404=ORIENTED_EDGE('',*,*,#3284,.F.);
#4405=ORIENTED_EDGE('',*,*,#3286,.F.);
#4406=ORIENTED_EDGE('',*,*,#3288,.F.);
#4407=ORIENTED_EDGE('',*,*,#3290,.F.);
#4408=ORIENTED_EDGE('',*,*,#3292,.F.);
#4409=ORIENTED_EDGE('',*,*,#3294,.F.);
#4410=ORIENTED_EDGE('',*,*,#3296,.F.);
#4411=ORIENTED_EDGE('',*,*,#3297,.F.);
#4412=ORIENTED_EDGE('',*,*,#3240,.F.);
#4413=ORIENTED_EDGE('',*,*,#3265,.F.);
#4414=ORIENTED_EDGE('',*,*,#3244,.F.);
#4415=ORIENTED_EDGE('',*,*,#3248,.F.);
#4416=ORIENTED_EDGE('',*,*,#3251,.F.);
#4417=ORIENTED_EDGE('',*,*,#3254,.F.);
#4418=ORIENTED_EDGE('',*,*,#3257,.F.);
#4419=ORIENTED_EDGE('',*,*,#3260,.F.);
#4420=ORIENTED_EDGE('',*,*,#3263,.F.);
#4421=ORIENTED_EDGE('',*,*,#3242,.T.);
#4422=ORIENTED_EDGE('',*,*,#3264,.T.);
#4423=ORIENTED_EDGE('',*,*,#3261,.T.);
#4424=ORIENTED_EDGE('',*,*,#3258,.T.);
#4425=ORIENTED_EDGE('',*,*,#3255,.T.);
#4426=ORIENTED_EDGE('',*,*,#3252,.T.);
#4427=ORIENTED_EDGE('',*,*,#3249,.T.);
#4428=ORIENTED_EDGE('',*,*,#3246,.T.);
#4429=ORIENTED_EDGE('',*,*,#3184,.T.);
#4430=ORIENTED_EDGE('',*,*,#3209,.T.);
#4431=ORIENTED_EDGE('',*,*,#3206,.T.);
#4432=ORIENTED_EDGE('',*,*,#3203,.T.);
#4433=ORIENTED_EDGE('',*,*,#3200,.T.);
#4434=ORIENTED_EDGE('',*,*,#3197,.T.);
#4435=ORIENTED_EDGE('',*,*,#3194,.T.);
#4436=ORIENTED_EDGE('',*,*,#3191,.T.);
#4437=ORIENTED_EDGE('',*,*,#3188,.T.);
#4438=ORIENTED_EDGE('',*,*,#3154,.T.);
#4439=ORIENTED_EDGE('',*,*,#3182,.T.);
#4440=ORIENTED_EDGE('',*,*,#3179,.T.);
#4441=ORIENTED_EDGE('',*,*,#3176,.T.);
#4442=ORIENTED_EDGE('',*,*,#3173,.T.);
#4443=ORIENTED_EDGE('',*,*,#3170,.T.);
#4444=ORIENTED_EDGE('',*,*,#3167,.T.);
#4445=ORIENTED_EDGE('',*,*,#3164,.T.);
#4446=ORIENTED_EDGE('',*,*,#3161,.T.);
#4447=ORIENTED_EDGE('',*,*,#3158,.T.);
#4448=ORIENTED_EDGE('',*,*,#3303,.T.);
#4449=ORIENTED_EDGE('',*,*,#2913,.T.);
#4450=ORIENTED_EDGE('',*,*,#3304,.F.);
#4451=ORIENTED_EDGE('',*,*,#3305,.F.);
#4452=ORIENTED_EDGE('',*,*,#2893,.F.);
#4453=ORIENTED_EDGE('',*,*,#3305,.T.);
#4454=ORIENTED_EDGE('',*,*,#3306,.F.);
#4455=ORIENTED_EDGE('',*,*,#3307,.F.);
#4456=ORIENTED_EDGE('',*,*,#2894,.F.);
#4457=ORIENTED_EDGE('',*,*,#3307,.T.);
#4458=ORIENTED_EDGE('',*,*,#3308,.F.);
#4459=ORIENTED_EDGE('',*,*,#2804,.F.);
#4460=ORIENTED_EDGE('',*,*,#2820,.F.);
#4461=ORIENTED_EDGE('',*,*,#2882,.F.);
#4462=ORIENTED_EDGE('',*,*,#2885,.F.);
#4463=ORIENTED_EDGE('',*,*,#2888,.F.);
#4464=ORIENTED_EDGE('',*,*,#2895,.F.);
#4465=ORIENTED_EDGE('',*,*,#2872,.F.);
#4466=ORIENTED_EDGE('',*,*,#2876,.F.);
#4467=ORIENTED_EDGE('',*,*,#2879,.F.);
#4468=ORIENTED_EDGE('',*,*,#2828,.T.);
#4469=ORIENTED_EDGE('',*,*,#2831,.T.);
#4470=ORIENTED_EDGE('',*,*,#2821,.F.);
#4471=ORIENTED_EDGE('',*,*,#2806,.T.);
#4472=ORIENTED_EDGE('',*,*,#3309,.F.);
#4473=ORIENTED_EDGE('',*,*,#3310,.F.);
#4474=ORIENTED_EDGE('',*,*,#3311,.T.);
#4475=ORIENTED_EDGE('',*,*,#3310,.T.);
#4476=ORIENTED_EDGE('',*,*,#3312,.F.);
#4477=ORIENTED_EDGE('',*,*,#3313,.F.);
#4478=ORIENTED_EDGE('',*,*,#2912,.T.);
#4479=ORIENTED_EDGE('',*,*,#2859,.T.);
#4480=ORIENTED_EDGE('',*,*,#3314,.T.);
#4481=ORIENTED_EDGE('',*,*,#3315,.T.);
#4482=ORIENTED_EDGE('',*,*,#3312,.T.);
#4483=ORIENTED_EDGE('',*,*,#3309,.T.);
#4484=ORIENTED_EDGE('',*,*,#2805,.T.);
#4485=ORIENTED_EDGE('',*,*,#3308,.T.);
#4486=ORIENTED_EDGE('',*,*,#3306,.T.);
#4487=ORIENTED_EDGE('',*,*,#3304,.T.);
#4488=ORIENTED_EDGE('',*,*,#2941,.F.);
#4489=ORIENTED_EDGE('',*,*,#3316,.T.);
#4490=ORIENTED_EDGE('',*,*,#3317,.F.);
#4491=ORIENTED_EDGE('',*,*,#3318,.F.);
#4492=ORIENTED_EDGE('',*,*,#2942,.F.);
#4493=ORIENTED_EDGE('',*,*,#2932,.F.);
#4494=ORIENTED_EDGE('',*,*,#2935,.F.);
#4495=ORIENTED_EDGE('',*,*,#2928,.F.);
#4496=ORIENTED_EDGE('',*,*,#2899,.T.);
#4497=ORIENTED_EDGE('',*,*,#3319,.T.);
#4498=ORIENTED_EDGE('',*,*,#3318,.T.);
#4499=ORIENTED_EDGE('',*,*,#3320,.F.);
#4500=ORIENTED_EDGE('',*,*,#2921,.F.);
#4501=ORIENTED_EDGE('',*,*,#3321,.T.);
#4502=ORIENTED_EDGE('',*,*,#3322,.T.);
#4503=ORIENTED_EDGE('',*,*,#3323,.F.);
#4504=ORIENTED_EDGE('',*,*,#3324,.F.);
#4505=ORIENTED_EDGE('',*,*,#2940,.F.);
#4506=ORIENTED_EDGE('',*,*,#3324,.T.);
#4507=ORIENTED_EDGE('',*,*,#3325,.F.);
#4508=ORIENTED_EDGE('',*,*,#3316,.F.);
#4509=ORIENTED_EDGE('',*,*,#3325,.T.);
#4510=ORIENTED_EDGE('',*,*,#3323,.T.);
#4511=ORIENTED_EDGE('',*,*,#3326,.T.);
#4512=ORIENTED_EDGE('',*,*,#2922,.T.);
#4513=ORIENTED_EDGE('',*,*,#3320,.T.);
#4514=ORIENTED_EDGE('',*,*,#3317,.T.);
#4515=ORIENTED_EDGE('',*,*,#3327,.F.);
#4516=ORIENTED_EDGE('',*,*,#2910,.T.);
#4517=ORIENTED_EDGE('',*,*,#3328,.T.);
#4518=ORIENTED_EDGE('',*,*,#3329,.T.);
#4519=ORIENTED_EDGE('',*,*,#3327,.T.);
#4520=ORIENTED_EDGE('',*,*,#3330,.T.);
#4521=ORIENTED_EDGE('',*,*,#3331,.F.);
#4522=ORIENTED_EDGE('',*,*,#3332,.T.);
#4523=ORIENTED_EDGE('',*,*,#3333,.T.);
#4524=ORIENTED_EDGE('',*,*,#3334,.T.);
#4525=ORIENTED_EDGE('',*,*,#3335,.F.);
#4526=ORIENTED_EDGE('',*,*,#3336,.T.);
#4527=ORIENTED_EDGE('',*,*,#3337,.T.);
#4528=ORIENTED_EDGE('',*,*,#3338,.T.);
#4529=ORIENTED_EDGE('',*,*,#3339,.F.);
#4530=ORIENTED_EDGE('',*,*,#3340,.T.);
#4531=ORIENTED_EDGE('',*,*,#3341,.F.);
#4532=ORIENTED_EDGE('',*,*,#3342,.T.);
#4533=ORIENTED_EDGE('',*,*,#3343,.T.);
#4534=ORIENTED_EDGE('',*,*,#3344,.F.);
#4535=ORIENTED_EDGE('',*,*,#3345,.F.);
#4536=ORIENTED_EDGE('',*,*,#2861,.T.);
#4537=ORIENTED_EDGE('',*,*,#2911,.F.);
#4538=ORIENTED_EDGE('',*,*,#3346,.T.);
#4539=ORIENTED_EDGE('',*,*,#3347,.T.);
#4540=ORIENTED_EDGE('',*,*,#3348,.T.);
#4541=ORIENTED_EDGE('',*,*,#3349,.T.);
#4542=ORIENTED_EDGE('',*,*,#3350,.T.);
#4543=ORIENTED_EDGE('',*,*,#3351,.T.);
#4544=ORIENTED_EDGE('',*,*,#3352,.T.);
#4545=ORIENTED_EDGE('',*,*,#3353,.T.);
#4546=ORIENTED_EDGE('',*,*,#2951,.T.);
#4547=ORIENTED_EDGE('',*,*,#3329,.F.);
#4548=ORIENTED_EDGE('',*,*,#3354,.F.);
#4549=ORIENTED_EDGE('',*,*,#3355,.F.);
#4550=ORIENTED_EDGE('',*,*,#3330,.F.);
#4551=ORIENTED_EDGE('',*,*,#3356,.T.);
#4552=ORIENTED_EDGE('',*,*,#3357,.T.);
#4553=ORIENTED_EDGE('',*,*,#3331,.T.);
#4554=ORIENTED_EDGE('',*,*,#3355,.T.);
#4555=ORIENTED_EDGE('',*,*,#3358,.T.);
#4556=ORIENTED_EDGE('',*,*,#3359,.T.);
#4557=ORIENTED_EDGE('',*,*,#3339,.T.);
#4558=ORIENTED_EDGE('',*,*,#3360,.T.);
#4559=ORIENTED_EDGE('',*,*,#3359,.F.);
#4560=ORIENTED_EDGE('',*,*,#3361,.F.);
#4561=ORIENTED_EDGE('',*,*,#3362,.F.);
#4562=ORIENTED_EDGE('',*,*,#3340,.F.);
#4563=ORIENTED_EDGE('',*,*,#3358,.F.);
#4564=ORIENTED_EDGE('',*,*,#3363,.T.);
#4565=ORIENTED_EDGE('',*,*,#3364,.T.);
#4566=ORIENTED_EDGE('',*,*,#3365,.T.);
#4567=ORIENTED_EDGE('',*,*,#3366,.F.);
#4568=ORIENTED_EDGE('',*,*,#3367,.F.);
#4569=ORIENTED_EDGE('',*,*,#3368,.T.);
#4570=ORIENTED_EDGE('',*,*,#3369,.F.);
#4571=ORIENTED_EDGE('',*,*,#3361,.T.);
#4572=ORIENTED_EDGE('',*,*,#3369,.T.);
#4573=ORIENTED_EDGE('',*,*,#3370,.T.);
#4574=ORIENTED_EDGE('',*,*,#3341,.T.);
#4575=ORIENTED_EDGE('',*,*,#3362,.T.);
#4576=ORIENTED_EDGE('',*,*,#3343,.F.);
#4577=ORIENTED_EDGE('',*,*,#3371,.T.);
#4578=ORIENTED_EDGE('',*,*,#3367,.T.);
#4579=ORIENTED_EDGE('',*,*,#3372,.T.);
#4580=ORIENTED_EDGE('',*,*,#3372,.F.);
#4581=ORIENTED_EDGE('',*,*,#3366,.T.);
#4582=ORIENTED_EDGE('',*,*,#3373,.T.);
#4583=ORIENTED_EDGE('',*,*,#3335,.T.);
#4584=ORIENTED_EDGE('',*,*,#3374,.T.);
#4585=ORIENTED_EDGE('',*,*,#3375,.T.);
#4586=ORIENTED_EDGE('',*,*,#2923,.T.);
#4587=ORIENTED_EDGE('',*,*,#3326,.F.);
#4588=ORIENTED_EDGE('',*,*,#3322,.F.);
#4589=ORIENTED_EDGE('',*,*,#3376,.T.);
#4590=ORIENTED_EDGE('',*,*,#3104,.T.);
#4591=ORIENTED_EDGE('',*,*,#3105,.F.);
#4592=ORIENTED_EDGE('',*,*,#3096,.F.);
#4593=ORIENTED_EDGE('',*,*,#3377,.T.);
#4594=ORIENTED_EDGE('',*,*,#3093,.T.);
#4595=ORIENTED_EDGE('',*,*,#3094,.F.);
#4596=ORIENTED_EDGE('',*,*,#3085,.F.);
#4597=ORIENTED_EDGE('',*,*,#3378,.T.);
#4598=ORIENTED_EDGE('',*,*,#3082,.T.);
#4599=ORIENTED_EDGE('',*,*,#3083,.F.);
#4600=ORIENTED_EDGE('',*,*,#3074,.F.);
#4601=ORIENTED_EDGE('',*,*,#3379,.T.);
#4602=ORIENTED_EDGE('',*,*,#3313,.T.);
#4603=ORIENTED_EDGE('',*,*,#3315,.F.);
#4604=ORIENTED_EDGE('',*,*,#3380,.F.);
#4605=ORIENTED_EDGE('',*,*,#3344,.T.);
#4606=ORIENTED_EDGE('',*,*,#3381,.T.);
#4607=ORIENTED_EDGE('',*,*,#3336,.F.);
#4608=ORIENTED_EDGE('',*,*,#3373,.F.);
#4609=ORIENTED_EDGE('',*,*,#3365,.F.);
#4610=ORIENTED_EDGE('',*,*,#3382,.F.);
#4611=ORIENTED_EDGE('',*,*,#3337,.F.);
#4612=ORIENTED_EDGE('',*,*,#3382,.T.);
#4613=ORIENTED_EDGE('',*,*,#3364,.F.);
#4614=ORIENTED_EDGE('',*,*,#3383,.F.);
#4615=ORIENTED_EDGE('',*,*,#3360,.F.);
#4616=ORIENTED_EDGE('',*,*,#3338,.F.);
#4617=ORIENTED_EDGE('',*,*,#3383,.T.);
#4618=ORIENTED_EDGE('',*,*,#3363,.F.);
#4619=ORIENTED_EDGE('',*,*,#3370,.F.);
#4620=ORIENTED_EDGE('',*,*,#3368,.F.);
#4621=ORIENTED_EDGE('',*,*,#3371,.F.);
#4622=ORIENTED_EDGE('',*,*,#3342,.F.);
#4623=ORIENTED_EDGE('',*,*,#3357,.F.);
#4624=ORIENTED_EDGE('',*,*,#3384,.F.);
#4625=ORIENTED_EDGE('',*,*,#3385,.F.);
#4626=ORIENTED_EDGE('',*,*,#3332,.F.);
#4627=ORIENTED_EDGE('',*,*,#3333,.F.);
#4628=ORIENTED_EDGE('',*,*,#3385,.T.);
#4629=ORIENTED_EDGE('',*,*,#3386,.F.);
#4630=ORIENTED_EDGE('',*,*,#3387,.F.);
#4631=ORIENTED_EDGE('',*,*,#3334,.F.);
#4632=ORIENTED_EDGE('',*,*,#3387,.T.);
#4633=ORIENTED_EDGE('',*,*,#3388,.F.);
#4634=ORIENTED_EDGE('',*,*,#3374,.F.);
#4635=ORIENTED_EDGE('',*,*,#3356,.F.);
#4636=ORIENTED_EDGE('',*,*,#3354,.T.);
#4637=ORIENTED_EDGE('',*,*,#3328,.F.);
#4638=ORIENTED_EDGE('',*,*,#2924,.F.);
#4639=ORIENTED_EDGE('',*,*,#3375,.F.);
#4640=ORIENTED_EDGE('',*,*,#3388,.T.);
#4641=ORIENTED_EDGE('',*,*,#3386,.T.);
#4642=ORIENTED_EDGE('',*,*,#3384,.T.);
#4643=ORIENTED_EDGE('',*,*,#3389,.T.);
#4644=ORIENTED_EDGE('',*,*,#3390,.T.);
#4645=ORIENTED_EDGE('',*,*,#3391,.T.);
#4646=ORIENTED_EDGE('',*,*,#3392,.F.);
#4647=ORIENTED_EDGE('',*,*,#3393,.T.);
#4648=ORIENTED_EDGE('',*,*,#3394,.T.);
#4649=ORIENTED_EDGE('',*,*,#3395,.T.);
#4650=ORIENTED_EDGE('',*,*,#3390,.F.);
#4651=ORIENTED_EDGE('',*,*,#3396,.T.);
#4652=ORIENTED_EDGE('',*,*,#3397,.T.);
#4653=ORIENTED_EDGE('',*,*,#3398,.T.);
#4654=ORIENTED_EDGE('',*,*,#2977,.T.);
#4655=ORIENTED_EDGE('',*,*,#3399,.T.);
#4656=ORIENTED_EDGE('',*,*,#3394,.F.);
#4657=ORIENTED_EDGE('',*,*,#3400,.T.);
#4658=ORIENTED_EDGE('',*,*,#3397,.F.);
#4659=ORIENTED_EDGE('',*,*,#3401,.T.);
#4660=ORIENTED_EDGE('',*,*,#3392,.T.);
#4661=ORIENTED_EDGE('',*,*,#3400,.F.);
#4662=ORIENTED_EDGE('',*,*,#3402,.F.);
#4663=ORIENTED_EDGE('',*,*,#2974,.F.);
#4664=ORIENTED_EDGE('',*,*,#3398,.F.);
#4665=ORIENTED_EDGE('',*,*,#3391,.F.);
#4666=ORIENTED_EDGE('',*,*,#3403,.F.);
#4667=ORIENTED_EDGE('',*,*,#2975,.F.);
#4668=ORIENTED_EDGE('',*,*,#3402,.T.);
#4669=ORIENTED_EDGE('',*,*,#3389,.F.);
#4670=ORIENTED_EDGE('',*,*,#3401,.F.);
#4671=ORIENTED_EDGE('',*,*,#3396,.F.);
#4672=ORIENTED_EDGE('',*,*,#3393,.F.);
#4673=ORIENTED_EDGE('',*,*,#3404,.T.);
#4674=ORIENTED_EDGE('',*,*,#3405,.T.);
#4675=ORIENTED_EDGE('',*,*,#3406,.T.);
#4676=ORIENTED_EDGE('',*,*,#3407,.T.);
#4677=ORIENTED_EDGE('',*,*,#3395,.F.);
#4678=ORIENTED_EDGE('',*,*,#3399,.F.);
#4679=ORIENTED_EDGE('',*,*,#2976,.F.);
#4680=ORIENTED_EDGE('',*,*,#3403,.T.);
#4681=ORIENTED_EDGE('',*,*,#3408,.T.);
#4682=ORIENTED_EDGE('',*,*,#3409,.T.);
#4683=ORIENTED_EDGE('',*,*,#3410,.T.);
#4684=ORIENTED_EDGE('',*,*,#3411,.F.);
#4685=ORIENTED_EDGE('',*,*,#3412,.T.);
#4686=ORIENTED_EDGE('',*,*,#3108,.T.);
#4687=ORIENTED_EDGE('',*,*,#3413,.T.);
#4688=ORIENTED_EDGE('',*,*,#3409,.F.);
#4689=ORIENTED_EDGE('',*,*,#3017,.T.);
#4690=ORIENTED_EDGE('',*,*,#3110,.F.);
#4691=ORIENTED_EDGE('',*,*,#3414,.T.);
#4692=ORIENTED_EDGE('',*,*,#3411,.T.);
#4693=ORIENTED_EDGE('',*,*,#3410,.F.);
#4694=ORIENTED_EDGE('',*,*,#3415,.F.);
#4695=ORIENTED_EDGE('',*,*,#2971,.F.);
#4696=ORIENTED_EDGE('',*,*,#2969,.F.);
#4697=ORIENTED_EDGE('',*,*,#3018,.T.);
#4698=ORIENTED_EDGE('',*,*,#3408,.F.);
#4699=ORIENTED_EDGE('',*,*,#3414,.F.);
#4700=ORIENTED_EDGE('',*,*,#3109,.F.);
#4701=ORIENTED_EDGE('',*,*,#3412,.F.);
#4702=ORIENTED_EDGE('',*,*,#3416,.T.);
#4703=ORIENTED_EDGE('',*,*,#3417,.T.);
#4704=ORIENTED_EDGE('',*,*,#3418,.T.);
#4705=ORIENTED_EDGE('',*,*,#3419,.T.);
#4706=ORIENTED_EDGE('',*,*,#3413,.F.);
#4707=ORIENTED_EDGE('',*,*,#3107,.F.);
#4708=ORIENTED_EDGE('',*,*,#3420,.T.);
#4709=ORIENTED_EDGE('',*,*,#3111,.T.);
#4710=ORIENTED_EDGE('',*,*,#2972,.F.);
#4711=ORIENTED_EDGE('',*,*,#3415,.T.);
#4712=ORIENTED_EDGE('',*,*,#3421,.T.);
#4713=ORIENTED_EDGE('',*,*,#3422,.F.);
#4714=ORIENTED_EDGE('',*,*,#3423,.T.);
#4715=ORIENTED_EDGE('',*,*,#3416,.F.);
#4716=ORIENTED_EDGE('',*,*,#3424,.T.);
#4717=ORIENTED_EDGE('',*,*,#3425,.F.);
#4718=ORIENTED_EDGE('',*,*,#3421,.F.);
#4719=ORIENTED_EDGE('',*,*,#3419,.F.);
#4720=ORIENTED_EDGE('',*,*,#3426,.T.);
#4721=ORIENTED_EDGE('',*,*,#3427,.F.);
#4722=ORIENTED_EDGE('',*,*,#3424,.F.);
#4723=ORIENTED_EDGE('',*,*,#3418,.F.);
#4724=ORIENTED_EDGE('',*,*,#3423,.F.);
#4725=ORIENTED_EDGE('',*,*,#3428,.F.);
#4726=ORIENTED_EDGE('',*,*,#3426,.F.);
#4727=ORIENTED_EDGE('',*,*,#3417,.F.);
#4728=ORIENTED_EDGE('',*,*,#3239,.T.);
#4729=ORIENTED_EDGE('',*,*,#3039,.F.);
#4730=ORIENTED_EDGE('',*,*,#3429,.T.);
#4731=ORIENTED_EDGE('',*,*,#3430,.T.);
#4732=ORIENTED_EDGE('',*,*,#3429,.F.);
#4733=ORIENTED_EDGE('',*,*,#3038,.F.);
#4734=ORIENTED_EDGE('',*,*,#3298,.T.);
#4735=ORIENTED_EDGE('',*,*,#3302,.T.);
#4736=ORIENTED_EDGE('',*,*,#3430,.F.);
#4737=ORIENTED_EDGE('',*,*,#3431,.T.);
#4738=ORIENTED_EDGE('',*,*,#3381,.F.);
#4739=ORIENTED_EDGE('',*,*,#3431,.F.);
#4740=ORIENTED_EDGE('',*,*,#2915,.F.);
#4741=ORIENTED_EDGE('',*,*,#3432,.F.);
#4742=ORIENTED_EDGE('',*,*,#3120,.F.);
#4743=ORIENTED_EDGE('',*,*,#3433,.T.);
#4744=ORIENTED_EDGE('',*,*,#2916,.F.);
#4745=ORIENTED_EDGE('',*,*,#3433,.F.);
#4746=ORIENTED_EDGE('',*,*,#3119,.F.);
#4747=ORIENTED_EDGE('',*,*,#3434,.T.);
#4748=ORIENTED_EDGE('',*,*,#2917,.F.);
#4749=ORIENTED_EDGE('',*,*,#3434,.F.);
#4750=ORIENTED_EDGE('',*,*,#3118,.F.);
#4751=ORIENTED_EDGE('',*,*,#3435,.T.);
#4752=ORIENTED_EDGE('',*,*,#2918,.F.);
#4753=ORIENTED_EDGE('',*,*,#3435,.F.);
#4754=ORIENTED_EDGE('',*,*,#3117,.F.);
#4755=ORIENTED_EDGE('',*,*,#3436,.T.);
#4756=ORIENTED_EDGE('',*,*,#2919,.F.);
#4757=ORIENTED_EDGE('',*,*,#3436,.F.);
#4758=ORIENTED_EDGE('',*,*,#3116,.F.);
#4759=ORIENTED_EDGE('',*,*,#3437,.T.);
#4760=ORIENTED_EDGE('',*,*,#2920,.F.);
#4761=ORIENTED_EDGE('',*,*,#3437,.F.);
#4762=ORIENTED_EDGE('',*,*,#3115,.F.);
#4763=ORIENTED_EDGE('',*,*,#2943,.F.);
#4764=ORIENTED_EDGE('',*,*,#3319,.F.);
#4765=ORIENTED_EDGE('',*,*,#2914,.F.);
#4766=ORIENTED_EDGE('',*,*,#3303,.F.);
#4767=ORIENTED_EDGE('',*,*,#2892,.F.);
#4768=ORIENTED_EDGE('',*,*,#3121,.F.);
#4769=ORIENTED_EDGE('',*,*,#3432,.T.);
#4770=ORIENTED_EDGE('',*,*,#3438,.F.);
#4771=ORIENTED_EDGE('',*,*,#3439,.T.);
#4772=ORIENTED_EDGE('',*,*,#3440,.F.);
#4773=ORIENTED_EDGE('',*,*,#3439,.F.);
#4774=ORIENTED_EDGE('',*,*,#3441,.F.);
#4775=ORIENTED_EDGE('',*,*,#3442,.T.);
#4776=ORIENTED_EDGE('',*,*,#3353,.F.);
#4777=ORIENTED_EDGE('',*,*,#3442,.F.);
#4778=ORIENTED_EDGE('',*,*,#3441,.T.);
#4779=ORIENTED_EDGE('',*,*,#3438,.T.);
#4780=ORIENTED_EDGE('',*,*,#3440,.T.);
#4781=ORIENTED_EDGE('',*,*,#3443,.F.);
#4782=ORIENTED_EDGE('',*,*,#3444,.T.);
#4783=ORIENTED_EDGE('',*,*,#3445,.F.);
#4784=ORIENTED_EDGE('',*,*,#3444,.F.);
#4785=ORIENTED_EDGE('',*,*,#3446,.F.);
#4786=ORIENTED_EDGE('',*,*,#3447,.T.);
#4787=ORIENTED_EDGE('',*,*,#3346,.F.);
#4788=ORIENTED_EDGE('',*,*,#3447,.F.);
#4789=ORIENTED_EDGE('',*,*,#3446,.T.);
#4790=ORIENTED_EDGE('',*,*,#3443,.T.);
#4791=ORIENTED_EDGE('',*,*,#3445,.T.);
#4792=ORIENTED_EDGE('',*,*,#3448,.F.);
#4793=ORIENTED_EDGE('',*,*,#3449,.T.);
#4794=ORIENTED_EDGE('',*,*,#3450,.F.);
#4795=ORIENTED_EDGE('',*,*,#3449,.F.);
#4796=ORIENTED_EDGE('',*,*,#3451,.F.);
#4797=ORIENTED_EDGE('',*,*,#3452,.T.);
#4798=ORIENTED_EDGE('',*,*,#3352,.F.);
#4799=ORIENTED_EDGE('',*,*,#3452,.F.);
#4800=ORIENTED_EDGE('',*,*,#3451,.T.);
#4801=ORIENTED_EDGE('',*,*,#3448,.T.);
#4802=ORIENTED_EDGE('',*,*,#3450,.T.);
#4803=ORIENTED_EDGE('',*,*,#3453,.F.);
#4804=ORIENTED_EDGE('',*,*,#3454,.T.);
#4805=ORIENTED_EDGE('',*,*,#3455,.F.);
#4806=ORIENTED_EDGE('',*,*,#3454,.F.);
#4807=ORIENTED_EDGE('',*,*,#3456,.F.);
#4808=ORIENTED_EDGE('',*,*,#3457,.T.);
#4809=ORIENTED_EDGE('',*,*,#3347,.F.);
#4810=ORIENTED_EDGE('',*,*,#3457,.F.);
#4811=ORIENTED_EDGE('',*,*,#3456,.T.);
#4812=ORIENTED_EDGE('',*,*,#3453,.T.);
#4813=ORIENTED_EDGE('',*,*,#3012,.F.);
#4814=ORIENTED_EDGE('',*,*,#3458,.F.);
#4815=ORIENTED_EDGE('',*,*,#3091,.F.);
#4816=ORIENTED_EDGE('',*,*,#3377,.F.);
#4817=ORIENTED_EDGE('',*,*,#3095,.F.);
#4818=ORIENTED_EDGE('',*,*,#3459,.F.);
#4819=ORIENTED_EDGE('',*,*,#3010,.F.);
#4820=ORIENTED_EDGE('',*,*,#3460,.F.);
#4821=ORIENTED_EDGE('',*,*,#3080,.F.);
#4822=ORIENTED_EDGE('',*,*,#3378,.F.);
#4823=ORIENTED_EDGE('',*,*,#3084,.F.);
#4824=ORIENTED_EDGE('',*,*,#3461,.F.);
#4825=ORIENTED_EDGE('',*,*,#3014,.F.);
#4826=ORIENTED_EDGE('',*,*,#3462,.F.);
#4827=ORIENTED_EDGE('',*,*,#3102,.F.);
#4828=ORIENTED_EDGE('',*,*,#3376,.F.);
#4829=ORIENTED_EDGE('',*,*,#3321,.F.);
#4830=ORIENTED_EDGE('',*,*,#2939,.F.);
#4831=ORIENTED_EDGE('',*,*,#3008,.F.);
#4832=ORIENTED_EDGE('',*,*,#2822,.F.);
#4833=ORIENTED_EDGE('',*,*,#3311,.F.);
#4834=ORIENTED_EDGE('',*,*,#3379,.F.);
#4835=ORIENTED_EDGE('',*,*,#3073,.F.);
#4836=ORIENTED_EDGE('',*,*,#3463,.F.);
#4837=ORIENTED_EDGE('',*,*,#3077,.T.);
#4838=ORIENTED_EDGE('',*,*,#3460,.T.);
#4839=ORIENTED_EDGE('',*,*,#3009,.T.);
#4840=ORIENTED_EDGE('',*,*,#3463,.T.);
#4841=ORIENTED_EDGE('',*,*,#3088,.T.);
#4842=ORIENTED_EDGE('',*,*,#3458,.T.);
#4843=ORIENTED_EDGE('',*,*,#3011,.T.);
#4844=ORIENTED_EDGE('',*,*,#3461,.T.);
#4845=ORIENTED_EDGE('',*,*,#3099,.T.);
#4846=ORIENTED_EDGE('',*,*,#3462,.T.);
#4847=ORIENTED_EDGE('',*,*,#3013,.T.);
#4848=ORIENTED_EDGE('',*,*,#3459,.T.);
#4849=ORIENTED_EDGE('',*,*,#3464,.F.);
#4850=ORIENTED_EDGE('',*,*,#3465,.T.);
#4851=ORIENTED_EDGE('',*,*,#3466,.F.);
#4852=ORIENTED_EDGE('',*,*,#3465,.F.);
#4853=ORIENTED_EDGE('',*,*,#3467,.F.);
#4854=ORIENTED_EDGE('',*,*,#3468,.T.);
#4855=ORIENTED_EDGE('',*,*,#3351,.F.);
#4856=ORIENTED_EDGE('',*,*,#3468,.F.);
#4857=ORIENTED_EDGE('',*,*,#3467,.T.);
#4858=ORIENTED_EDGE('',*,*,#3464,.T.);
#4859=ORIENTED_EDGE('',*,*,#3455,.T.);
#4860=ORIENTED_EDGE('',*,*,#3469,.F.);
#4861=ORIENTED_EDGE('',*,*,#3470,.T.);
#4862=ORIENTED_EDGE('',*,*,#3471,.F.);
#4863=ORIENTED_EDGE('',*,*,#3470,.F.);
#4864=ORIENTED_EDGE('',*,*,#3472,.F.);
#4865=ORIENTED_EDGE('',*,*,#3473,.T.);
#4866=ORIENTED_EDGE('',*,*,#3348,.F.);
#4867=ORIENTED_EDGE('',*,*,#3473,.F.);
#4868=ORIENTED_EDGE('',*,*,#3472,.T.);
#4869=ORIENTED_EDGE('',*,*,#3469,.T.);
#4870=ORIENTED_EDGE('',*,*,#3466,.T.);
#4871=ORIENTED_EDGE('',*,*,#3474,.F.);
#4872=ORIENTED_EDGE('',*,*,#3475,.T.);
#4873=ORIENTED_EDGE('',*,*,#3476,.F.);
#4874=ORIENTED_EDGE('',*,*,#3475,.F.);
#4875=ORIENTED_EDGE('',*,*,#3477,.F.);
#4876=ORIENTED_EDGE('',*,*,#3478,.T.);
#4877=ORIENTED_EDGE('',*,*,#3350,.F.);
#4878=ORIENTED_EDGE('',*,*,#3478,.F.);
#4879=ORIENTED_EDGE('',*,*,#3477,.T.);
#4880=ORIENTED_EDGE('',*,*,#3474,.T.);
#4881=ORIENTED_EDGE('',*,*,#3471,.T.);
#4882=ORIENTED_EDGE('',*,*,#3479,.F.);
#4883=ORIENTED_EDGE('',*,*,#3480,.T.);
#4884=ORIENTED_EDGE('',*,*,#3481,.F.);
#4885=ORIENTED_EDGE('',*,*,#3480,.F.);
#4886=ORIENTED_EDGE('',*,*,#3482,.F.);
#4887=ORIENTED_EDGE('',*,*,#3483,.T.);
#4888=ORIENTED_EDGE('',*,*,#3349,.F.);
#4889=ORIENTED_EDGE('',*,*,#3483,.F.);
#4890=ORIENTED_EDGE('',*,*,#3482,.T.);
#4891=ORIENTED_EDGE('',*,*,#3479,.T.);
#4892=ORIENTED_EDGE('',*,*,#3476,.T.);
#4893=ORIENTED_EDGE('',*,*,#2962,.F.);
#4894=ORIENTED_EDGE('',*,*,#3484,.T.);
#4895=ORIENTED_EDGE('',*,*,#2863,.F.);
#4896=ORIENTED_EDGE('',*,*,#3485,.F.);
#4897=ORIENTED_EDGE('',*,*,#2965,.F.);
#4898=ORIENTED_EDGE('',*,*,#3486,.T.);
#4899=ORIENTED_EDGE('',*,*,#2864,.F.);
#4900=ORIENTED_EDGE('',*,*,#3484,.F.);
#4901=ORIENTED_EDGE('',*,*,#2964,.F.);
#4902=ORIENTED_EDGE('',*,*,#3487,.T.);
#4903=ORIENTED_EDGE('',*,*,#2865,.F.);
#4904=ORIENTED_EDGE('',*,*,#3486,.F.);
#4905=ORIENTED_EDGE('',*,*,#2963,.F.);
#4906=ORIENTED_EDGE('',*,*,#3485,.T.);
#4907=ORIENTED_EDGE('',*,*,#2866,.F.);
#4908=ORIENTED_EDGE('',*,*,#3487,.F.);
#4909=ORIENTED_EDGE('',*,*,#3481,.T.);
#4910=ORIENTED_EDGE('',*,*,#3488,.T.);
#4911=ORIENTED_EDGE('',*,*,#3489,.T.);
#4912=ORIENTED_EDGE('',*,*,#3003,.F.);
#4913=ORIENTED_EDGE('',*,*,#3490,.F.);
#4914=ORIENTED_EDGE('',*,*,#3491,.T.);
#4915=ORIENTED_EDGE('',*,*,#3490,.T.);
#4916=ORIENTED_EDGE('',*,*,#3002,.F.);
#4917=ORIENTED_EDGE('',*,*,#3492,.F.);
#4918=ORIENTED_EDGE('',*,*,#3493,.T.);
#4919=ORIENTED_EDGE('',*,*,#3492,.T.);
#4920=ORIENTED_EDGE('',*,*,#3001,.F.);
#4921=ORIENTED_EDGE('',*,*,#3494,.F.);
#4922=ORIENTED_EDGE('',*,*,#3495,.T.);
#4923=ORIENTED_EDGE('',*,*,#3494,.T.);
#4924=ORIENTED_EDGE('',*,*,#3000,.F.);
#4925=ORIENTED_EDGE('',*,*,#3496,.F.);
#4926=ORIENTED_EDGE('',*,*,#3497,.T.);
#4927=ORIENTED_EDGE('',*,*,#3496,.T.);
#4928=ORIENTED_EDGE('',*,*,#2999,.F.);
#4929=ORIENTED_EDGE('',*,*,#3498,.F.);
#4930=ORIENTED_EDGE('',*,*,#3499,.T.);
#4931=ORIENTED_EDGE('',*,*,#3498,.T.);
#4932=ORIENTED_EDGE('',*,*,#2998,.F.);
#4933=ORIENTED_EDGE('',*,*,#3500,.F.);
#4934=ORIENTED_EDGE('',*,*,#3501,.T.);
#4935=ORIENTED_EDGE('',*,*,#3500,.T.);
#4936=ORIENTED_EDGE('',*,*,#2997,.F.);
#4937=ORIENTED_EDGE('',*,*,#3502,.F.);
#4938=ORIENTED_EDGE('',*,*,#3503,.T.);
#4939=ORIENTED_EDGE('',*,*,#3502,.T.);
#4940=ORIENTED_EDGE('',*,*,#2996,.F.);
#4941=ORIENTED_EDGE('',*,*,#3489,.F.);
#4942=ORIENTED_EDGE('',*,*,#3504,.T.);
#4943=ORIENTED_EDGE('',*,*,#3505,.T.);
#4944=ORIENTED_EDGE('',*,*,#2995,.F.);
#4945=ORIENTED_EDGE('',*,*,#3506,.F.);
#4946=ORIENTED_EDGE('',*,*,#3507,.T.);
#4947=ORIENTED_EDGE('',*,*,#3506,.T.);
#4948=ORIENTED_EDGE('',*,*,#2994,.F.);
#4949=ORIENTED_EDGE('',*,*,#3508,.F.);
#4950=ORIENTED_EDGE('',*,*,#3509,.T.);
#4951=ORIENTED_EDGE('',*,*,#3508,.T.);
#4952=ORIENTED_EDGE('',*,*,#2993,.F.);
#4953=ORIENTED_EDGE('',*,*,#3510,.F.);
#4954=ORIENTED_EDGE('',*,*,#3511,.T.);
#4955=ORIENTED_EDGE('',*,*,#3510,.T.);
#4956=ORIENTED_EDGE('',*,*,#2992,.F.);
#4957=ORIENTED_EDGE('',*,*,#3505,.F.);
#4958=ORIENTED_EDGE('',*,*,#3512,.T.);
#4959=ORIENTED_EDGE('',*,*,#3513,.T.);
#4960=ORIENTED_EDGE('',*,*,#3404,.F.);
#4961=ORIENTED_EDGE('',*,*,#3514,.F.);
#4962=ORIENTED_EDGE('',*,*,#3515,.T.);
#4963=ORIENTED_EDGE('',*,*,#3514,.T.);
#4964=ORIENTED_EDGE('',*,*,#3407,.F.);
#4965=ORIENTED_EDGE('',*,*,#3516,.F.);
#4966=ORIENTED_EDGE('',*,*,#3517,.T.);
#4967=ORIENTED_EDGE('',*,*,#3516,.T.);
#4968=ORIENTED_EDGE('',*,*,#3406,.F.);
#4969=ORIENTED_EDGE('',*,*,#3518,.F.);
#4970=ORIENTED_EDGE('',*,*,#3519,.T.);
#4971=ORIENTED_EDGE('',*,*,#3518,.T.);
#4972=ORIENTED_EDGE('',*,*,#3405,.F.);
#4973=ORIENTED_EDGE('',*,*,#3513,.F.);
#4974=ORIENTED_EDGE('',*,*,#3520,.T.);
#4975=ORIENTED_EDGE('',*,*,#3521,.T.);
#4976=ORIENTED_EDGE('',*,*,#2991,.F.);
#4977=ORIENTED_EDGE('',*,*,#3522,.F.);
#4978=ORIENTED_EDGE('',*,*,#3523,.T.);
#4979=ORIENTED_EDGE('',*,*,#3522,.T.);
#4980=ORIENTED_EDGE('',*,*,#2990,.F.);
#4981=ORIENTED_EDGE('',*,*,#3524,.F.);
#4982=ORIENTED_EDGE('',*,*,#3525,.T.);
#4983=ORIENTED_EDGE('',*,*,#3524,.T.);
#4984=ORIENTED_EDGE('',*,*,#2989,.F.);
#4985=ORIENTED_EDGE('',*,*,#3526,.F.);
#4986=ORIENTED_EDGE('',*,*,#3527,.T.);
#4987=ORIENTED_EDGE('',*,*,#3526,.T.);
#4988=ORIENTED_EDGE('',*,*,#2988,.F.);
#4989=ORIENTED_EDGE('',*,*,#3528,.F.);
#4990=ORIENTED_EDGE('',*,*,#3529,.T.);
#4991=ORIENTED_EDGE('',*,*,#3528,.T.);
#4992=ORIENTED_EDGE('',*,*,#2987,.F.);
#4993=ORIENTED_EDGE('',*,*,#3530,.F.);
#4994=ORIENTED_EDGE('',*,*,#3531,.T.);
#4995=ORIENTED_EDGE('',*,*,#3530,.T.);
#4996=ORIENTED_EDGE('',*,*,#2986,.F.);
#4997=ORIENTED_EDGE('',*,*,#3532,.F.);
#4998=ORIENTED_EDGE('',*,*,#3533,.T.);
#4999=ORIENTED_EDGE('',*,*,#3532,.T.);
#5000=ORIENTED_EDGE('',*,*,#2985,.F.);
#5001=ORIENTED_EDGE('',*,*,#3534,.F.);
#5002=ORIENTED_EDGE('',*,*,#3535,.T.);
#5003=ORIENTED_EDGE('',*,*,#3534,.T.);
#5004=ORIENTED_EDGE('',*,*,#2984,.F.);
#5005=ORIENTED_EDGE('',*,*,#3536,.F.);
#5006=ORIENTED_EDGE('',*,*,#3537,.T.);
#5007=ORIENTED_EDGE('',*,*,#3536,.T.);
#5008=ORIENTED_EDGE('',*,*,#2983,.F.);
#5009=ORIENTED_EDGE('',*,*,#3538,.F.);
#5010=ORIENTED_EDGE('',*,*,#3539,.T.);
#5011=ORIENTED_EDGE('',*,*,#3538,.T.);
#5012=ORIENTED_EDGE('',*,*,#2982,.F.);
#5013=ORIENTED_EDGE('',*,*,#3540,.F.);
#5014=ORIENTED_EDGE('',*,*,#3541,.T.);
#5015=ORIENTED_EDGE('',*,*,#3540,.T.);
#5016=ORIENTED_EDGE('',*,*,#2981,.F.);
#5017=ORIENTED_EDGE('',*,*,#3542,.F.);
#5018=ORIENTED_EDGE('',*,*,#3543,.T.);
#5019=ORIENTED_EDGE('',*,*,#3542,.T.);
#5020=ORIENTED_EDGE('',*,*,#2980,.F.);
#5021=ORIENTED_EDGE('',*,*,#3544,.F.);
#5022=ORIENTED_EDGE('',*,*,#3545,.T.);
#5023=ORIENTED_EDGE('',*,*,#3544,.T.);
#5024=ORIENTED_EDGE('',*,*,#2979,.F.);
#5025=ORIENTED_EDGE('',*,*,#3546,.F.);
#5026=ORIENTED_EDGE('',*,*,#3547,.T.);
#5027=ORIENTED_EDGE('',*,*,#3546,.T.);
#5028=ORIENTED_EDGE('',*,*,#2978,.F.);
#5029=ORIENTED_EDGE('',*,*,#3521,.F.);
#5030=ORIENTED_EDGE('',*,*,#3071,.F.);
#5031=ORIENTED_EDGE('',*,*,#3113,.F.);
#5032=ORIENTED_EDGE('',*,*,#2959,.F.);
#5033=ORIENTED_EDGE('',*,*,#3112,.F.);
#5034=ORIENTED_EDGE('',*,*,#3420,.F.);
#5035=ORIENTED_EDGE('',*,*,#3106,.F.);
#5036=ORIENTED_EDGE('',*,*,#3380,.T.);
#5037=ORIENTED_EDGE('',*,*,#3314,.F.);
#5038=ORIENTED_EDGE('',*,*,#2858,.T.);
#5039=ORIENTED_EDGE('',*,*,#3345,.T.);
#5040=ORIENTED_EDGE('',*,*,#2796,.T.);
#5041=ORIENTED_EDGE('',*,*,#2793,.T.);
#5042=ORIENTED_EDGE('',*,*,#2799,.T.);
#5043=ORIENTED_EDGE('',*,*,#2800,.T.);
#5044=ORIENTED_EDGE('',*,*,#3422,.T.);
#5045=ORIENTED_EDGE('',*,*,#3425,.T.);
#5046=ORIENTED_EDGE('',*,*,#3427,.T.);
#5047=ORIENTED_EDGE('',*,*,#3428,.T.);
#5048=ORIENTED_EDGE('',*,*,#3547,.F.);
#5049=ORIENTED_EDGE('',*,*,#3520,.F.);
#5050=ORIENTED_EDGE('',*,*,#3523,.F.);
#5051=ORIENTED_EDGE('',*,*,#3525,.F.);
#5052=ORIENTED_EDGE('',*,*,#3527,.F.);
#5053=ORIENTED_EDGE('',*,*,#3529,.F.);
#5054=ORIENTED_EDGE('',*,*,#3531,.F.);
#5055=ORIENTED_EDGE('',*,*,#3533,.F.);
#5056=ORIENTED_EDGE('',*,*,#3535,.F.);
#5057=ORIENTED_EDGE('',*,*,#3537,.F.);
#5058=ORIENTED_EDGE('',*,*,#3539,.F.);
#5059=ORIENTED_EDGE('',*,*,#3541,.F.);
#5060=ORIENTED_EDGE('',*,*,#3543,.F.);
#5061=ORIENTED_EDGE('',*,*,#3545,.F.);
#5062=ORIENTED_EDGE('',*,*,#3519,.F.);
#5063=ORIENTED_EDGE('',*,*,#3512,.F.);
#5064=ORIENTED_EDGE('',*,*,#3515,.F.);
#5065=ORIENTED_EDGE('',*,*,#3517,.F.);
#5066=ORIENTED_EDGE('',*,*,#3511,.F.);
#5067=ORIENTED_EDGE('',*,*,#3504,.F.);
#5068=ORIENTED_EDGE('',*,*,#3507,.F.);
#5069=ORIENTED_EDGE('',*,*,#3509,.F.);
#5070=ORIENTED_EDGE('',*,*,#3503,.F.);
#5071=ORIENTED_EDGE('',*,*,#3488,.F.);
#5072=ORIENTED_EDGE('',*,*,#3491,.F.);
#5073=ORIENTED_EDGE('',*,*,#3493,.F.);
#5074=ORIENTED_EDGE('',*,*,#3495,.F.);
#5075=ORIENTED_EDGE('',*,*,#3497,.F.);
#5076=ORIENTED_EDGE('',*,*,#3499,.F.);
#5077=ORIENTED_EDGE('',*,*,#3501,.F.);
#5078=CYLINDRICAL_SURFACE('',#5434,1.5);
#5079=CYLINDRICAL_SURFACE('',#5446,3.);
#5080=CYLINDRICAL_SURFACE('',#5454,1.5);
#5081=CYLINDRICAL_SURFACE('',#5457,1.5);
#5082=CYLINDRICAL_SURFACE('',#5471,3.00000000000001);
#5083=CYLINDRICAL_SURFACE('',#5474,3.);
#5084=CYLINDRICAL_SURFACE('',#5485,1.5);
#5085=CYLINDRICAL_SURFACE('',#5502,3.);
#5086=CYLINDRICAL_SURFACE('',#5505,1.5);
#5087=CYLINDRICAL_SURFACE('',#5509,3.);
#5088=CYLINDRICAL_SURFACE('',#5613,1.);
#5089=CYLINDRICAL_SURFACE('',#5630,1.);
#5090=CYLINDRICAL_SURFACE('',#5632,1.);
#5091=CYLINDRICAL_SURFACE('',#5638,1.);
#5092=CYLINDRICAL_SURFACE('',#5639,1.);
#5093=CYLINDRICAL_SURFACE('',#5676,1.5);
#5094=CYLINDRICAL_SURFACE('',#5678,4.75);
#5095=CYLINDRICAL_SURFACE('',#5680,4.74999999999996);
#5096=CYLINDRICAL_SURFACE('',#5682,4.88648667503124);
#5097=CYLINDRICAL_SURFACE('',#5683,4.96505119191756);
#5098=CYLINDRICAL_SURFACE('',#5684,1.625);
#5099=CYLINDRICAL_SURFACE('',#5687,3.00000000000001);
#5100=CYLINDRICAL_SURFACE('',#5691,1.65);
#5101=CYLINDRICAL_SURFACE('',#5694,3.);
#5102=CYLINDRICAL_SURFACE('',#5698,1.65);
#5103=CYLINDRICAL_SURFACE('',#5701,3.);
#5104=CYLINDRICAL_SURFACE('',#5705,1.625);
#5105=CYLINDRICAL_SURFACE('',#5708,3.);
#5106=CYLINDRICAL_SURFACE('',#5711,4.25);
#5107=CYLINDRICAL_SURFACE('',#5712,4.25);
#5108=CYLINDRICAL_SURFACE('',#5713,4.25);
#5109=CYLINDRICAL_SURFACE('',#5714,4.25);
#5110=CYLINDRICAL_SURFACE('',#5718,1.562481);
#5111=CYLINDRICAL_SURFACE('',#5721,3.);
#5112=CYLINDRICAL_SURFACE('',#5725,1.562481);
#5113=CYLINDRICAL_SURFACE('',#5728,3.);
#5114=CYLINDRICAL_SURFACE('',#5732,1.562481);
#5115=CYLINDRICAL_SURFACE('',#5735,3.);
#5116=CYLINDRICAL_SURFACE('',#5739,1.562481);
#5117=CYLINDRICAL_SURFACE('',#5742,3.);
#5118=CYLINDRICAL_SURFACE('',#5751,0.999999999999996);
#5119=CYLINDRICAL_SURFACE('',#5754,1.);
#5120=CYLINDRICAL_SURFACE('',#5757,1.00000000000001);
#5121=CYLINDRICAL_SURFACE('',#5760,0.999999999999994);
#5122=CYLINDRICAL_SURFACE('',#5772,1.4);
#5123=CYLINDRICAL_SURFACE('',#5776,1.39999999999948);
#5124=CYLINDRICAL_SURFACE('',#5779,1.4);
#5125=CYLINDRICAL_SURFACE('',#5782,1.4);
#5126=CYLINDRICAL_SURFACE('',#5785,1.4);
#5127=CYLINDRICAL_SURFACE('',#5789,1.40000000000051);
#5128=ADVANCED_FACE('',(#387),#5078,.F.);
#5129=ADVANCED_FACE('',(#388),#186,.F.);
#5130=ADVANCED_FACE('',(#389),#187,.T.);
#5131=ADVANCED_FACE('',(#390),#188,.T.);
#5132=ADVANCED_FACE('',(#391),#189,.T.);
#5133=ADVANCED_FACE('',(#392),#5079,.T.);
#5134=ADVANCED_FACE('',(#393,#138),#190,.T.);
#5135=ADVANCED_FACE('',(#394),#191,.F.);
#5136=ADVANCED_FACE('',(#395),#192,.F.);
#5137=ADVANCED_FACE('',(#396),#193,.F.);
#5138=ADVANCED_FACE('',(#397),#194,.T.);
#5139=ADVANCED_FACE('',(#398),#195,.T.);
#5140=ADVANCED_FACE('',(#399),#5080,.F.);
#5141=ADVANCED_FACE('',(#400),#5081,.F.);
#5142=ADVANCED_FACE('',(#401),#196,.T.);
#5143=ADVANCED_FACE('',(#402),#197,.T.);
#5144=ADVANCED_FACE('',(#403),#198,.T.);
#5145=ADVANCED_FACE('',(#404),#199,.T.);
#5146=ADVANCED_FACE('',(#405),#200,.T.);
#5147=ADVANCED_FACE('',(#406),#201,.T.);
#5148=ADVANCED_FACE('',(#407),#202,.T.);
#5149=ADVANCED_FACE('',(#408),#203,.T.);
#5150=ADVANCED_FACE('',(#409,#139,#140,#141),#204,.T.);
#5151=ADVANCED_FACE('',(#410),#5082,.T.);
#5152=ADVANCED_FACE('',(#411,#142),#205,.F.);
#5153=ADVANCED_FACE('',(#412),#5083,.T.);
#5154=ADVANCED_FACE('',(#413,#143),#206,.F.);
#5155=ADVANCED_FACE('',(#414),#207,.F.);
#5156=ADVANCED_FACE('',(#415),#208,.F.);
#5157=ADVANCED_FACE('',(#416),#209,.F.);
#5158=ADVANCED_FACE('',(#417),#210,.F.);
#5159=ADVANCED_FACE('',(#418),#211,.F.);
#5160=ADVANCED_FACE('',(#419),#212,.F.);
#5161=ADVANCED_FACE('',(#420),#213,.T.);
#5162=ADVANCED_FACE('',(#421),#214,.T.);
#5163=ADVANCED_FACE('',(#422),#5084,.F.);
#5164=ADVANCED_FACE('',(#423),#215,.T.);
#5165=ADVANCED_FACE('',(#424),#216,.T.);
#5166=ADVANCED_FACE('',(#425),#217,.F.);
#5167=ADVANCED_FACE('',(#426,#144),#218,.F.);
#5168=ADVANCED_FACE('',(#427),#219,.F.);
#5169=ADVANCED_FACE('',(#428),#220,.F.);
#5170=ADVANCED_FACE('',(#429),#221,.F.);
#5171=ADVANCED_FACE('',(#430),#222,.T.);
#5172=ADVANCED_FACE('',(#431),#223,.T.);
#5173=ADVANCED_FACE('',(#432),#5085,.T.);
#5174=ADVANCED_FACE('',(#433,#145),#224,.F.);
#5175=ADVANCED_FACE('',(#434),#5086,.F.);
#5176=ADVANCED_FACE('',(#435),#225,.T.);
#5177=ADVANCED_FACE('',(#436),#5087,.T.);
#5178=ADVANCED_FACE('',(#437,#146),#226,.T.);
#5179=ADVANCED_FACE('',(#438),#227,.T.);
#5180=ADVANCED_FACE('',(#439),#228,.T.);
#5181=ADVANCED_FACE('',(#440,#147),#229,.T.);
#5182=ADVANCED_FACE('',(#441),#230,.T.);
#5183=ADVANCED_FACE('',(#442),#231,.T.);
#5184=ADVANCED_FACE('',(#443,#148,#149,#150,#151),#232,.T.);
#5185=ADVANCED_FACE('',(#444),#233,.T.);
#5186=ADVANCED_FACE('',(#445,#152,#153,#154,#155),#234,.T.);
#5187=ADVANCED_FACE('',(#446),#235,.T.);
#5188=ADVANCED_FACE('',(#447),#236,.T.);
#5189=ADVANCED_FACE('',(#448),#237,.T.);
#5190=ADVANCED_FACE('',(#449),#238,.T.);
#5191=ADVANCED_FACE('',(#450),#239,.T.);
#5192=ADVANCED_FACE('',(#451),#240,.T.);
#5193=ADVANCED_FACE('',(#452),#241,.T.);
#5194=ADVANCED_FACE('',(#453),#242,.T.);
#5195=ADVANCED_FACE('',(#454),#243,.T.);
#5196=ADVANCED_FACE('',(#455),#244,.T.);
#5197=ADVANCED_FACE('',(#456),#245,.T.);
#5198=ADVANCED_FACE('',(#457),#246,.T.);
#5199=ADVANCED_FACE('',(#458),#247,.T.);
#5200=ADVANCED_FACE('',(#459),#248,.T.);
#5201=ADVANCED_FACE('',(#460),#249,.T.);
#5202=ADVANCED_FACE('',(#461),#250,.T.);
#5203=ADVANCED_FACE('',(#462),#251,.T.);
#5204=ADVANCED_FACE('',(#463),#252,.F.);
#5205=ADVANCED_FACE('',(#464),#253,.F.);
#5206=ADVANCED_FACE('',(#465),#254,.F.);
#5207=ADVANCED_FACE('',(#466),#255,.F.);
#5208=ADVANCED_FACE('',(#467),#256,.F.);
#5209=ADVANCED_FACE('',(#468),#257,.F.);
#5210=ADVANCED_FACE('',(#469),#258,.F.);
#5211=ADVANCED_FACE('',(#470),#259,.F.);
#5212=ADVANCED_FACE('',(#471),#260,.F.);
#5213=ADVANCED_FACE('',(#472),#261,.F.);
#5214=ADVANCED_FACE('',(#473),#262,.F.);
#5215=ADVANCED_FACE('',(#474),#263,.F.);
#5216=ADVANCED_FACE('',(#475),#264,.F.);
#5217=ADVANCED_FACE('',(#476),#265,.F.);
#5218=ADVANCED_FACE('',(#477),#266,.F.);
#5219=ADVANCED_FACE('',(#478),#267,.F.);
#5220=ADVANCED_FACE('',(#479),#268,.F.);
#5221=ADVANCED_FACE('',(#480),#269,.F.);
#5222=ADVANCED_FACE('',(#481),#270,.F.);
#5223=ADVANCED_FACE('',(#482),#18,.F.);
#5224=ADVANCED_FACE('',(#483),#19,.F.);
#5225=ADVANCED_FACE('',(#484),#20,.F.);
#5226=ADVANCED_FACE('',(#485),#21,.F.);
#5227=ADVANCED_FACE('',(#486),#22,.F.);
#5228=ADVANCED_FACE('',(#487),#23,.F.);
#5229=ADVANCED_FACE('',(#488),#24,.F.);
#5230=ADVANCED_FACE('',(#489),#271,.F.);
#5231=ADVANCED_FACE('',(#490),#272,.F.);
#5232=ADVANCED_FACE('',(#491),#273,.F.);
#5233=ADVANCED_FACE('',(#492),#25,.F.);
#5234=ADVANCED_FACE('',(#493),#26,.F.);
#5235=ADVANCED_FACE('',(#494),#27,.F.);
#5236=ADVANCED_FACE('',(#495),#28,.F.);
#5237=ADVANCED_FACE('',(#496),#29,.F.);
#5238=ADVANCED_FACE('',(#497),#30,.F.);
#5239=ADVANCED_FACE('',(#498),#274,.F.);
#5240=ADVANCED_FACE('',(#499),#275,.F.);
#5241=ADVANCED_FACE('',(#500),#31,.F.);
#5242=ADVANCED_FACE('',(#501),#32,.F.);
#5243=ADVANCED_FACE('',(#502),#33,.F.);
#5244=ADVANCED_FACE('',(#503),#34,.F.);
#5245=ADVANCED_FACE('',(#504),#35,.F.);
#5246=ADVANCED_FACE('',(#505),#36,.F.);
#5247=ADVANCED_FACE('',(#506),#37,.F.);
#5248=ADVANCED_FACE('',(#507),#38,.F.);
#5249=ADVANCED_FACE('',(#508),#39,.F.);
#5250=ADVANCED_FACE('',(#509),#40,.F.);
#5251=ADVANCED_FACE('',(#510),#41,.F.);
#5252=ADVANCED_FACE('',(#511),#276,.F.);
#5253=ADVANCED_FACE('',(#512),#277,.F.);
#5254=ADVANCED_FACE('',(#513),#278,.F.);
#5255=ADVANCED_FACE('',(#514,#156,#157),#279,.T.);
#5256=ADVANCED_FACE('',(#515),#280,.F.);
#5257=ADVANCED_FACE('',(#516),#281,.F.);
#5258=ADVANCED_FACE('',(#517),#42,.F.);
#5259=ADVANCED_FACE('',(#518),#43,.F.);
#5260=ADVANCED_FACE('',(#519),#44,.F.);
#5261=ADVANCED_FACE('',(#520),#45,.F.);
#5262=ADVANCED_FACE('',(#521),#46,.F.);
#5263=ADVANCED_FACE('',(#522),#282,.F.);
#5264=ADVANCED_FACE('',(#523),#283,.F.);
#5265=ADVANCED_FACE('',(#524),#284,.F.);
#5266=ADVANCED_FACE('',(#525),#285,.F.);
#5267=ADVANCED_FACE('',(#526),#47,.F.);
#5268=ADVANCED_FACE('',(#527),#48,.F.);
#5269=ADVANCED_FACE('',(#528),#49,.F.);
#5270=ADVANCED_FACE('',(#529),#50,.F.);
#5271=ADVANCED_FACE('',(#530),#286,.F.);
#5272=ADVANCED_FACE('',(#531),#287,.F.);
#5273=ADVANCED_FACE('',(#532),#288,.F.);
#5274=ADVANCED_FACE('',(#533),#51,.F.);
#5275=ADVANCED_FACE('',(#534),#52,.F.);
#5276=ADVANCED_FACE('',(#535),#53,.F.);
#5277=ADVANCED_FACE('',(#536),#54,.F.);
#5278=ADVANCED_FACE('',(#537),#55,.F.);
#5279=ADVANCED_FACE('',(#538),#56,.F.);
#5280=ADVANCED_FACE('',(#539),#57,.F.);
#5281=ADVANCED_FACE('',(#540),#289,.F.);
#5282=ADVANCED_FACE('',(#541),#290,.F.);
#5283=ADVANCED_FACE('',(#542,#158),#291,.T.);
#5284=ADVANCED_FACE('',(#543),#292,.T.);
#5285=ADVANCED_FACE('',(#544),#293,.T.);
#5286=ADVANCED_FACE('',(#545),#294,.T.);
#5287=ADVANCED_FACE('',(#546),#295,.T.);
#5288=ADVANCED_FACE('',(#547),#296,.T.);
#5289=ADVANCED_FACE('',(#548,#159,#160),#297,.T.);
#5290=ADVANCED_FACE('',(#549),#298,.T.);
#5291=ADVANCED_FACE('',(#550),#299,.T.);
#5292=ADVANCED_FACE('',(#551),#300,.T.);
#5293=ADVANCED_FACE('',(#552,#161),#301,.T.);
#5294=ADVANCED_FACE('',(#553),#302,.T.);
#5295=ADVANCED_FACE('',(#554),#303,.T.);
#5296=ADVANCED_FACE('',(#555),#304,.T.);
#5297=ADVANCED_FACE('',(#556),#305,.T.);
#5298=ADVANCED_FACE('',(#557),#5088,.F.);
#5299=ADVANCED_FACE('',(#558,#162,#163,#164,#165,#166,#167,#168,#169,#170),
#306,.T.);
#5300=ADVANCED_FACE('',(#559),#307,.T.);
#5301=ADVANCED_FACE('',(#560),#5089,.T.);
#5302=ADVANCED_FACE('',(#561),#5090,.T.);
#5303=ADVANCED_FACE('',(#562),#308,.T.);
#5304=ADVANCED_FACE('',(#563),#309,.T.);
#5305=ADVANCED_FACE('',(#564),#5091,.T.);
#5306=ADVANCED_FACE('',(#565),#5092,.F.);
#5307=ADVANCED_FACE('',(#566,#171),#310,.T.);
#5308=ADVANCED_FACE('',(#567),#311,.T.);
#5309=ADVANCED_FACE('',(#568),#312,.T.);
#5310=ADVANCED_FACE('',(#569),#313,.T.);
#5311=ADVANCED_FACE('',(#570),#314,.T.);
#5312=ADVANCED_FACE('',(#571),#315,.T.);
#5313=ADVANCED_FACE('',(#572),#316,.T.);
#5314=ADVANCED_FACE('',(#573),#317,.T.);
#5315=ADVANCED_FACE('',(#574),#318,.T.);
#5316=ADVANCED_FACE('',(#575),#319,.T.);
#5317=ADVANCED_FACE('',(#576),#320,.T.);
#5318=ADVANCED_FACE('',(#577),#321,.T.);
#5319=ADVANCED_FACE('',(#578),#322,.T.);
#5320=ADVANCED_FACE('',(#579),#323,.T.);
#5321=ADVANCED_FACE('',(#580),#324,.T.);
#5322=ADVANCED_FACE('',(#581),#325,.T.);
#5323=ADVANCED_FACE('',(#582),#326,.F.);
#5324=ADVANCED_FACE('',(#583),#327,.T.);
#5325=ADVANCED_FACE('',(#584),#328,.T.);
#5326=ADVANCED_FACE('',(#585),#329,.T.);
#5327=ADVANCED_FACE('',(#586),#330,.T.);
#5328=ADVANCED_FACE('',(#587),#331,.T.);
#5329=ADVANCED_FACE('',(#588),#332,.T.);
#5330=ADVANCED_FACE('',(#589),#333,.F.);
#5331=ADVANCED_FACE('',(#590),#334,.T.);
#5332=ADVANCED_FACE('',(#591),#335,.F.);
#5333=ADVANCED_FACE('',(#592),#336,.F.);
#5334=ADVANCED_FACE('',(#593),#337,.F.);
#5335=ADVANCED_FACE('',(#594),#338,.F.);
#5336=ADVANCED_FACE('',(#595),#15,.F.);
#5337=ADVANCED_FACE('',(#596),#5093,.F.);
#5338=ADVANCED_FACE('',(#597),#339,.F.);
#5339=ADVANCED_FACE('',(#598),#5094,.F.);
#5340=ADVANCED_FACE('',(#599),#340,.F.);
#5341=ADVANCED_FACE('',(#600),#5095,.F.);
#5342=ADVANCED_FACE('',(#601),#341,.F.);
#5343=ADVANCED_FACE('',(#602),#5096,.F.);
#5344=ADVANCED_FACE('',(#603),#5097,.F.);
#5345=ADVANCED_FACE('',(#604),#5098,.F.);
#5346=ADVANCED_FACE('',(#605),#5099,.T.);
#5347=ADVANCED_FACE('',(#606,#172),#342,.T.);
#5348=ADVANCED_FACE('',(#607),#343,.T.);
#5349=ADVANCED_FACE('',(#608),#5100,.F.);
#5350=ADVANCED_FACE('',(#609),#5101,.T.);
#5351=ADVANCED_FACE('',(#610,#173),#344,.T.);
#5352=ADVANCED_FACE('',(#611),#345,.T.);
#5353=ADVANCED_FACE('',(#612),#5102,.F.);
#5354=ADVANCED_FACE('',(#613),#5103,.T.);
#5355=ADVANCED_FACE('',(#614,#174),#346,.T.);
#5356=ADVANCED_FACE('',(#615),#347,.T.);
#5357=ADVANCED_FACE('',(#616),#5104,.F.);
#5358=ADVANCED_FACE('',(#617),#5105,.T.);
#5359=ADVANCED_FACE('',(#618,#175),#348,.T.);
#5360=ADVANCED_FACE('',(#619),#5106,.F.);
#5361=ADVANCED_FACE('',(#620),#5107,.F.);
#5362=ADVANCED_FACE('',(#621),#5108,.F.);
#5363=ADVANCED_FACE('',(#622),#5109,.F.);
#5364=ADVANCED_FACE('',(#623),#349,.T.);
#5365=ADVANCED_FACE('',(#624),#350,.T.);
#5366=ADVANCED_FACE('',(#625),#351,.T.);
#5367=ADVANCED_FACE('',(#626),#5110,.F.);
#5368=ADVANCED_FACE('',(#627),#5111,.T.);
#5369=ADVANCED_FACE('',(#628,#176),#352,.T.);
#5370=ADVANCED_FACE('',(#629),#353,.T.);
#5371=ADVANCED_FACE('',(#630),#5112,.F.);
#5372=ADVANCED_FACE('',(#631),#5113,.T.);
#5373=ADVANCED_FACE('',(#632,#177),#354,.T.);
#5374=ADVANCED_FACE('',(#633),#355,.T.);
#5375=ADVANCED_FACE('',(#634),#5114,.F.);
#5376=ADVANCED_FACE('',(#635),#5115,.T.);
#5377=ADVANCED_FACE('',(#636,#178),#356,.T.);
#5378=ADVANCED_FACE('',(#637),#357,.T.);
#5379=ADVANCED_FACE('',(#638),#5116,.F.);
#5380=ADVANCED_FACE('',(#639),#5117,.T.);
#5381=ADVANCED_FACE('',(#640,#179),#358,.T.);
#5382=ADVANCED_FACE('',(#641),#359,.T.);
#5383=ADVANCED_FACE('',(#642),#360,.F.);
#5384=ADVANCED_FACE('',(#643),#361,.F.);
#5385=ADVANCED_FACE('',(#644),#362,.F.);
#5386=ADVANCED_FACE('',(#645),#363,.F.);
#5387=ADVANCED_FACE('',(#646),#364,.T.);
#5388=ADVANCED_FACE('',(#647),#5118,.F.);
#5389=ADVANCED_FACE('',(#648),#365,.T.);
#5390=ADVANCED_FACE('',(#649),#5119,.F.);
#5391=ADVANCED_FACE('',(#650),#366,.T.);
#5392=ADVANCED_FACE('',(#651),#5120,.F.);
#5393=ADVANCED_FACE('',(#652),#367,.T.);
#5394=ADVANCED_FACE('',(#653),#5121,.F.);
#5395=ADVANCED_FACE('',(#654),#368,.T.);
#5396=ADVANCED_FACE('',(#655),#369,.T.);
#5397=ADVANCED_FACE('',(#656),#370,.T.);
#5398=ADVANCED_FACE('',(#657),#371,.T.);
#5399=ADVANCED_FACE('',(#658),#372,.T.);
#5400=ADVANCED_FACE('',(#659),#373,.T.);
#5401=ADVANCED_FACE('',(#660),#374,.T.);
#5402=ADVANCED_FACE('',(#661),#375,.T.);
#5403=ADVANCED_FACE('',(#662),#376,.T.);
#5404=ADVANCED_FACE('',(#663),#377,.T.);
#5405=ADVANCED_FACE('',(#664),#5122,.F.);
#5406=ADVANCED_FACE('',(#665),#378,.T.);
#5407=ADVANCED_FACE('',(#666),#379,.T.);
#5408=ADVANCED_FACE('',(#667),#5123,.F.);
#5409=ADVANCED_FACE('',(#668),#380,.T.);
#5410=ADVANCED_FACE('',(#669),#5124,.F.);
#5411=ADVANCED_FACE('',(#670),#381,.T.);
#5412=ADVANCED_FACE('',(#671),#5125,.F.);
#5413=ADVANCED_FACE('',(#672),#382,.T.);
#5414=ADVANCED_FACE('',(#673),#5126,.F.);
#5415=ADVANCED_FACE('',(#674),#383,.T.);
#5416=ADVANCED_FACE('',(#675),#384,.T.);
#5417=ADVANCED_FACE('',(#676),#5127,.F.);
#5418=ADVANCED_FACE('',(#677),#385,.T.);
#5419=ADVANCED_FACE('',(#678,#180,#181,#182,#183,#184,#185),#386,.F.);
#5420=CLOSED_SHELL('',(#5128,#5129,#5130,#5131,#5132,#5133,#5134,#5135,
#5136,#5137,#5138,#5139,#5140,#5141,#5142,#5143,#5144,#5145,#5146,#5147,
#5148,#5149,#5150,#5151,#5152,#5153,#5154,#5155,#5156,#5157,#5158,#5159,
#5160,#5161,#5162,#5163,#5164,#5165,#5166,#5167,#5168,#5169,#5170,#5171,
#5172,#5173,#5174,#5175,#5176,#5177,#5178,#5179,#5180,#5181,#5182,#5183,
#5184,#5185,#5186,#5187,#5188,#5189,#5190,#5191,#5192,#5193,#5194,#5195,
#5196,#5197,#5198,#5199,#5200,#5201,#5202,#5203,#5204,#5205,#5206,#5207,
#5208,#5209,#5210,#5211,#5212,#5213,#5214,#5215,#5216,#5217,#5218,#5219,
#5220,#5221,#5222,#5223,#5224,#5225,#5226,#5227,#5228,#5229,#5230,#5231,
#5232,#5233,#5234,#5235,#5236,#5237,#5238,#5239,#5240,#5241,#5242,#5243,
#5244,#5245,#5246,#5247,#5248,#5249,#5250,#5251,#5252,#5253,#5254,#5255,
#5256,#5257,#5258,#5259,#5260,#5261,#5262,#5263,#5264,#5265,#5266,#5267,
#5268,#5269,#5270,#5271,#5272,#5273,#5274,#5275,#5276,#5277,#5278,#5279,
#5280,#5281,#5282,#5283,#5284,#5285,#5286,#5287,#5288,#5289,#5290,#5291,
#5292,#5293,#5294,#5295,#5296,#5297,#5298,#5299,#5300,#5301,#5302,#5303,
#5304,#5305,#5306,#5307,#5308,#5309,#5310,#5311,#5312,#5313,#5314,#5315,
#5316,#5317,#5318,#5319,#5320,#5321,#5322,#5323,#5324,#5325,#5326,#5327,
#5328,#5329,#5330,#5331,#5332,#5333,#5334,#5335,#5336,#5337,#5338,#5339,
#5340,#5341,#5342,#5343,#5344,#5345,#5346,#5347,#5348,#5349,#5350,#5351,
#5352,#5353,#5354,#5355,#5356,#5357,#5358,#5359,#5360,#5361,#5362,#5363,
#5364,#5365,#5366,#5367,#5368,#5369,#5370,#5371,#5372,#5373,#5374,#5375,
#5376,#5377,#5378,#5379,#5380,#5381,#5382,#5383,#5384,#5385,#5386,#5387,
#5388,#5389,#5390,#5391,#5392,#5393,#5394,#5395,#5396,#5397,#5398,#5399,
#5400,#5401,#5402,#5403,#5404,#5405,#5406,#5407,#5408,#5409,#5410,#5411,
#5412,#5413,#5414,#5415,#5416,#5417,#5418,#5419));
#5421=DERIVED_UNIT_ELEMENT(#5423,1.);
#5422=DERIVED_UNIT_ELEMENT(#9341,-3.);
#5423=(
MASS_UNIT()
NAMED_UNIT(*)
SI_UNIT(.KILO.,.GRAM.)
);
#5424=DERIVED_UNIT((#5421,#5422));
#5425=MEASURE_REPRESENTATION_ITEM('density measure',
POSITIVE_RATIO_MEASURE(7850.),#5424);
#5426=PROPERTY_DEFINITION_REPRESENTATION(#5431,#5428);
#5427=PROPERTY_DEFINITION_REPRESENTATION(#5432,#5429);
#5428=REPRESENTATION('material name',(#5430),#9338);
#5429=REPRESENTATION('density',(#5425),#9338);
#5430=DESCRIPTIVE_REPRESENTATION_ITEM('Steel','Steel');
#5431=PROPERTY_DEFINITION('material property','material name',#9348);
#5432=PROPERTY_DEFINITION('material property','density of part',#9348);
#5433=AXIS2_PLACEMENT_3D('',#7089,#5793,#5794);
#5434=AXIS2_PLACEMENT_3D('',#7090,#5795,#5796);
#5435=AXIS2_PLACEMENT_3D('',#7092,#5797,#5798);
#5436=AXIS2_PLACEMENT_3D('',#7096,#5800,#5801);
#5437=AXIS2_PLACEMENT_3D('',#7098,#5802,#5803);
#5438=AXIS2_PLACEMENT_3D('',#7099,#5804,#5805);
#5439=AXIS2_PLACEMENT_3D('',#7100,#5806,#5807);
#5440=AXIS2_PLACEMENT_3D('',#7104,#5809,#5810);
#5441=AXIS2_PLACEMENT_3D('',#7106,#5812,#5813);
#5442=AXIS2_PLACEMENT_3D('',#7108,#5814,#5815);
#5443=AXIS2_PLACEMENT_3D('',#7115,#5819,#5820);
#5444=AXIS2_PLACEMENT_3D('',#7116,#5821,#5822);
#5445=AXIS2_PLACEMENT_3D('',#7120,#5825,#5826);
#5446=AXIS2_PLACEMENT_3D('',#7124,#5829,#5830);
#5447=AXIS2_PLACEMENT_3D('',#7125,#5831,#5832);
#5448=AXIS2_PLACEMENT_3D('',#7126,#5833,#5834);
#5449=AXIS2_PLACEMENT_3D('',#7143,#5843,#5844);
#5450=AXIS2_PLACEMENT_3D('',#7149,#5848,#5849);
#5451=AXIS2_PLACEMENT_3D('',#7153,#5852,#5853);
#5452=AXIS2_PLACEMENT_3D('',#7157,#5856,#5857);
#5453=AXIS2_PLACEMENT_3D('',#7167,#5863,#5864);
#5454=AXIS2_PLACEMENT_3D('',#7177,#5870,#5871);
#5455=AXIS2_PLACEMENT_3D('',#7179,#5872,#5873);
#5456=AXIS2_PLACEMENT_3D('',#7182,#5875,#5876);
#5457=AXIS2_PLACEMENT_3D('',#7183,#5877,#5878);
#5458=AXIS2_PLACEMENT_3D('',#7185,#5879,#5880);
#5459=AXIS2_PLACEMENT_3D('',#7188,#5882,#5883);
#5460=AXIS2_PLACEMENT_3D('',#7189,#5884,#5885);
#5461=AXIS2_PLACEMENT_3D('',#7198,#5890,#5891);
#5462=AXIS2_PLACEMENT_3D('',#7206,#5896,#5897);
#5463=AXIS2_PLACEMENT_3D('',#7210,#5900,#5901);
#5464=AXIS2_PLACEMENT_3D('',#7219,#5906,#5907);
#5465=AXIS2_PLACEMENT_3D('',#7227,#5912,#5913);
#5466=AXIS2_PLACEMENT_3D('',#7231,#5916,#5917);
#5467=AXIS2_PLACEMENT_3D('',#7237,#5921,#5922);
#5468=AXIS2_PLACEMENT_3D('',#7243,#5926,#5927);
#5469=AXIS2_PLACEMENT_3D('',#7252,#5932,#5933);
#5470=AXIS2_PLACEMENT_3D('',#7261,#5938,#5939);
#5471=AXIS2_PLACEMENT_3D('',#7262,#5940,#5941);
#5472=AXIS2_PLACEMENT_3D('',#7263,#5942,#5943);
#5473=AXIS2_PLACEMENT_3D('',#7264,#5944,#5945);
#5474=AXIS2_PLACEMENT_3D('',#7265,#5946,#5947);
#5475=AXIS2_PLACEMENT_3D('',#7266,#5948,#5949);
#5476=AXIS2_PLACEMENT_3D('',#7267,#5950,#5951);
#5477=AXIS2_PLACEMENT_3D('',#7268,#5952,#5953);
#5478=AXIS2_PLACEMENT_3D('',#7277,#5958,#5959);
#5479=AXIS2_PLACEMENT_3D('',#7283,#5963,#5964);
#5480=AXIS2_PLACEMENT_3D('',#7289,#5968,#5969);
#5481=AXIS2_PLACEMENT_3D('',#7295,#5973,#5974);
#5482=AXIS2_PLACEMENT_3D('',#7301,#5978,#5979);
#5483=AXIS2_PLACEMENT_3D('',#7307,#5983,#5984);
#5484=AXIS2_PLACEMENT_3D('',#7319,#5991,#5992);
#5485=AXIS2_PLACEMENT_3D('',#7322,#5995,#5996);
#5486=AXIS2_PLACEMENT_3D('',#7324,#5997,#5998);
#5487=AXIS2_PLACEMENT_3D('',#7327,#6000,#6001);
#5488=AXIS2_PLACEMENT_3D('',#7328,#6002,#6003);
#5489=AXIS2_PLACEMENT_3D('',#7337,#6008,#6009);
#5490=AXIS2_PLACEMENT_3D('',#7343,#6013,#6014);
#5491=AXIS2_PLACEMENT_3D('',#7349,#6018,#6019);
#5492=AXIS2_PLACEMENT_3D('',#7359,#6024,#6025);
#5493=AXIS2_PLACEMENT_3D('',#7363,#6027,#6028);
#5494=AXIS2_PLACEMENT_3D('',#7367,#6030,#6031);
#5495=AXIS2_PLACEMENT_3D('',#7371,#6033,#6034);
#5496=AXIS2_PLACEMENT_3D('',#7379,#6039,#6040);
#5497=AXIS2_PLACEMENT_3D('',#7380,#6041,#6042);
#5498=AXIS2_PLACEMENT_3D('',#7389,#6047,#6048);
#5499=AXIS2_PLACEMENT_3D('',#7398,#6053,#6054);
#5500=AXIS2_PLACEMENT_3D('',#7401,#6057,#6058);
#5501=AXIS2_PLACEMENT_3D('',#7413,#6065,#6066);
#5502=AXIS2_PLACEMENT_3D('',#7419,#6070,#6071);
#5503=AXIS2_PLACEMENT_3D('',#7420,#6072,#6073);
#5504=AXIS2_PLACEMENT_3D('',#7421,#6074,#6075);
#5505=AXIS2_PLACEMENT_3D('',#7422,#6076,#6077);
#5506=AXIS2_PLACEMENT_3D('',#7424,#6078,#6079);
#5507=AXIS2_PLACEMENT_3D('',#7427,#6081,#6082);
#5508=AXIS2_PLACEMENT_3D('',#7428,#6083,#6084);
#5509=AXIS2_PLACEMENT_3D('',#7429,#6085,#6086);
#5510=AXIS2_PLACEMENT_3D('',#7431,#6087,#6088);
#5511=AXIS2_PLACEMENT_3D('',#7434,#6090,#6091);
#5512=AXIS2_PLACEMENT_3D('',#7435,#6092,#6093);
#5513=AXIS2_PLACEMENT_3D('',#7436,#6094,#6095);
#5514=AXIS2_PLACEMENT_3D('',#7444,#6100,#6101);
#5515=AXIS2_PLACEMENT_3D('',#7454,#6107,#6108);
#5516=AXIS2_PLACEMENT_3D('',#7464,#6114,#6115);
#5517=AXIS2_PLACEMENT_3D('',#7468,#6118,#6119);
#5518=AXIS2_PLACEMENT_3D('',#7474,#6123,#6124);
#5519=AXIS2_PLACEMENT_3D('',#7490,#6132,#6133);
#5520=AXIS2_PLACEMENT_3D('',#7496,#6136,#6137);
#5521=AXIS2_PLACEMENT_3D('',#7500,#6139,#6140);
#5522=AXIS2_PLACEMENT_3D('',#7504,#6142,#6143);
#5523=AXIS2_PLACEMENT_3D('',#7508,#6145,#6146);
#5524=AXIS2_PLACEMENT_3D('',#7514,#6149,#6150);
#5525=AXIS2_PLACEMENT_3D('',#7528,#6157,#6158);
#5526=AXIS2_PLACEMENT_3D('',#7532,#6160,#6161);
#5527=AXIS2_PLACEMENT_3D('',#7536,#6163,#6164);
#5528=AXIS2_PLACEMENT_3D('',#7539,#6166,#6167);
#5529=AXIS2_PLACEMENT_3D('',#7540,#6168,#6169);
#5530=AXIS2_PLACEMENT_3D('',#7548,#6174,#6175);
#5531=AXIS2_PLACEMENT_3D('',#7550,#6176,#6177);
#5532=AXIS2_PLACEMENT_3D('',#7554,#6179,#6180);
#5533=AXIS2_PLACEMENT_3D('',#7558,#6182,#6183);
#5534=AXIS2_PLACEMENT_3D('',#7561,#6185,#6186);
#5535=AXIS2_PLACEMENT_3D('',#7653,#6199,#6200);
#5536=AXIS2_PLACEMENT_3D('',#7654,#6201,#6202);
#5537=AXIS2_PLACEMENT_3D('',#7759,#6222,#6223);
#5538=AXIS2_PLACEMENT_3D('',#7765,#6227,#6228);
#5539=AXIS2_PLACEMENT_3D('',#7774,#6233,#6234);
#5540=AXIS2_PLACEMENT_3D('',#7780,#6238,#6239);
#5541=AXIS2_PLACEMENT_3D('',#7786,#6243,#6244);
#5542=AXIS2_PLACEMENT_3D('',#7788,#6246,#6247);
#5543=AXIS2_PLACEMENT_3D('',#7797,#6252,#6253);
#5544=AXIS2_PLACEMENT_3D('',#7803,#6257,#6258);
#5545=AXIS2_PLACEMENT_3D('',#7809,#6262,#6263);
#5546=AXIS2_PLACEMENT_3D('',#7811,#6265,#6266);
#5547=AXIS2_PLACEMENT_3D('',#7820,#6271,#6272);
#5548=AXIS2_PLACEMENT_3D('',#7826,#6276,#6277);
#5549=AXIS2_PLACEMENT_3D('',#7832,#6281,#6282);
#5550=AXIS2_PLACEMENT_3D('',#7834,#6284,#6285);
#5551=AXIS2_PLACEMENT_3D('',#7844,#6291,#6292);
#5552=AXIS2_PLACEMENT_3D('',#7848,#6295,#6296);
#5553=AXIS2_PLACEMENT_3D('',#7851,#6299,#6300);
#5554=AXIS2_PLACEMENT_3D('',#7853,#6301,#6302);
#5555=AXIS2_PLACEMENT_3D('',#7857,#6304,#6305);
#5556=AXIS2_PLACEMENT_3D('',#7861,#6307,#6308);
#5557=AXIS2_PLACEMENT_3D('',#7864,#6310,#6311);
#5558=AXIS2_PLACEMENT_3D('',#7865,#6312,#6313);
#5559=AXIS2_PLACEMENT_3D('',#7871,#6317,#6318);
#5560=AXIS2_PLACEMENT_3D('',#7875,#6321,#6322);
#5561=AXIS2_PLACEMENT_3D('',#7879,#6325,#6326);
#5562=AXIS2_PLACEMENT_3D('',#7883,#6329,#6330);
#5563=AXIS2_PLACEMENT_3D('',#7887,#6333,#6334);
#5564=AXIS2_PLACEMENT_3D('',#7889,#6336,#6337);
#5565=AXIS2_PLACEMENT_3D('',#7890,#6338,#6339);
#5566=AXIS2_PLACEMENT_3D('',#7896,#6343,#6344);
#5567=AXIS2_PLACEMENT_3D('',#7900,#6347,#6348);
#5568=AXIS2_PLACEMENT_3D('',#7904,#6351,#6352);
#5569=AXIS2_PLACEMENT_3D('',#7908,#6355,#6356);
#5570=AXIS2_PLACEMENT_3D('',#7912,#6359,#6360);
#5571=AXIS2_PLACEMENT_3D('',#7916,#6363,#6364);
#5572=AXIS2_PLACEMENT_3D('',#7920,#6367,#6368);
#5573=AXIS2_PLACEMENT_3D('',#7924,#6371,#6372);
#5574=AXIS2_PLACEMENT_3D('',#7928,#6375,#6376);
#5575=AXIS2_PLACEMENT_3D('',#7930,#6378,#6379);
#5576=AXIS2_PLACEMENT_3D('',#7931,#6380,#6381);
#5577=AXIS2_PLACEMENT_3D('',#8101,#6393,#6394);
#5578=AXIS2_PLACEMENT_3D('',#8107,#6398,#6399);
#5579=AXIS2_PLACEMENT_3D('',#8110,#6402,#6403);
#5580=AXIS2_PLACEMENT_3D('',#8257,#6414,#6415);
#5581=AXIS2_PLACEMENT_3D('',#8263,#6419,#6420);
#5582=AXIS2_PLACEMENT_3D('',#8455,#6435,#6436);
#5583=AXIS2_PLACEMENT_3D('',#8459,#6439,#6440);
#5584=AXIS2_PLACEMENT_3D('',#8463,#6443,#6444);
#5585=AXIS2_PLACEMENT_3D('',#8465,#6446,#6447);
#5586=AXIS2_PLACEMENT_3D('',#8466,#6448,#6449);
#5587=AXIS2_PLACEMENT_3D('',#8474,#6452,#6453);
#5588=AXIS2_PLACEMENT_3D('',#8598,#6463,#6464);
#5589=AXIS2_PLACEMENT_3D('',#8604,#6468,#6469);
#5590=AXIS2_PLACEMENT_3D('',#8607,#6472,#6473);
#5591=AXIS2_PLACEMENT_3D('',#8613,#6477,#6478);
#5592=AXIS2_PLACEMENT_3D('',#8685,#6485,#6486);
#5593=AXIS2_PLACEMENT_3D('',#8689,#6489,#6490);
#5594=AXIS2_PLACEMENT_3D('',#8693,#6493,#6494);
#5595=AXIS2_PLACEMENT_3D('',#8814,#6503,#6504);
#5596=AXIS2_PLACEMENT_3D('',#8822,#6507,#6508);
#5597=AXIS2_PLACEMENT_3D('',#8824,#6510,#6511);
#5598=AXIS2_PLACEMENT_3D('',#8825,#6512,#6513);
#5599=AXIS2_PLACEMENT_3D('',#8826,#6514,#6515);
#5600=AXIS2_PLACEMENT_3D('',#8827,#6516,#6517);
#5601=AXIS2_PLACEMENT_3D('',#8828,#6518,#6519);
#5602=AXIS2_PLACEMENT_3D('',#8829,#6520,#6521);
#5603=AXIS2_PLACEMENT_3D('',#8834,#6525,#6526);
#5604=AXIS2_PLACEMENT_3D('',#8838,#6529,#6530);
#5605=AXIS2_PLACEMENT_3D('',#8840,#6532,#6533);
#5606=AXIS2_PLACEMENT_3D('',#8844,#6536,#6537);
#5607=AXIS2_PLACEMENT_3D('',#8850,#6541,#6542);
#5608=AXIS2_PLACEMENT_3D('',#8854,#6545,#6546);
#5609=AXIS2_PLACEMENT_3D('',#8860,#6550,#6551);
#5610=AXIS2_PLACEMENT_3D('',#8863,#6554,#6555);
#5611=AXIS2_PLACEMENT_3D('',#8871,#6560,#6561);
#5612=AXIS2_PLACEMENT_3D('',#8873,#6563,#6564);
#5613=AXIS2_PLACEMENT_3D('',#8875,#6566,#6567);
#5614=AXIS2_PLACEMENT_3D('',#8877,#6568,#6569);
#5615=AXIS2_PLACEMENT_3D('',#8879,#6570,#6571);
#5616=AXIS2_PLACEMENT_3D('',#8881,#6573,#6574);
#5617=AXIS2_PLACEMENT_3D('',#8885,#6576,#6577);
#5618=AXIS2_PLACEMENT_3D('',#8901,#6585,#6586);
#5619=AXIS2_PLACEMENT_3D('',#8905,#6588,#6589);
#5620=AXIS2_PLACEMENT_3D('',#8909,#6591,#6592);
#5621=AXIS2_PLACEMENT_3D('',#8914,#6595,#6596);
#5622=AXIS2_PLACEMENT_3D('',#8916,#6597,#6598);
#5623=AXIS2_PLACEMENT_3D('',#8918,#6599,#6600);
#5624=AXIS2_PLACEMENT_3D('',#8920,#6601,#6602);
#5625=AXIS2_PLACEMENT_3D('',#8922,#6603,#6604);
#5626=AXIS2_PLACEMENT_3D('',#8924,#6605,#6606);
#5627=AXIS2_PLACEMENT_3D('',#8926,#6607,#6608);
#5628=AXIS2_PLACEMENT_3D('',#8928,#6609,#6610);
#5629=AXIS2_PLACEMENT_3D('',#8929,#6611,#6612);
#5630=AXIS2_PLACEMENT_3D('',#8933,#6615,#6616);
#5631=AXIS2_PLACEMENT_3D('',#8935,#6617,#6618);
#5632=AXIS2_PLACEMENT_3D('',#8937,#6620,#6621);
#5633=AXIS2_PLACEMENT_3D('',#8940,#6622,#6623);
#5634=AXIS2_PLACEMENT_3D('',#8943,#6626,#6627);
#5635=AXIS2_PLACEMENT_3D('',#8947,#6630,#6631);
#5636=AXIS2_PLACEMENT_3D('',#8957,#6636,#6637);
#5637=AXIS2_PLACEMENT_3D('',#8960,#6639,#6640);
#5638=AXIS2_PLACEMENT_3D('',#8961,#6641,#6642);
#5639=AXIS2_PLACEMENT_3D('',#8963,#6644,#6645);
#5640=AXIS2_PLACEMENT_3D('',#8966,#6648,#6649);
#5641=AXIS2_PLACEMENT_3D('',#8971,#6653,#6654);
#5642=AXIS2_PLACEMENT_3D('',#8972,#6655,#6656);
#5643=AXIS2_PLACEMENT_3D('',#8973,#6657,#6658);
#5644=AXIS2_PLACEMENT_3D('',#8974,#6659,#6660);
#5645=AXIS2_PLACEMENT_3D('',#8977,#6662,#6663);
#5646=AXIS2_PLACEMENT_3D('',#8978,#6664,#6665);
#5647=AXIS2_PLACEMENT_3D('',#8980,#6667,#6668);
#5648=AXIS2_PLACEMENT_3D('',#8982,#6670,#6671);
#5649=AXIS2_PLACEMENT_3D('',#8983,#6672,#6673);
#5650=AXIS2_PLACEMENT_3D('',#8984,#6674,#6675);
#5651=AXIS2_PLACEMENT_3D('',#8988,#6678,#6679);
#5652=AXIS2_PLACEMENT_3D('',#8992,#6682,#6683);
#5653=AXIS2_PLACEMENT_3D('',#8994,#6685,#6686);
#5654=AXIS2_PLACEMENT_3D('',#8995,#6687,#6688);
#5655=AXIS2_PLACEMENT_3D('',#9004,#6693,#6694);
#5656=AXIS2_PLACEMENT_3D('',#9010,#6698,#6699);
#5657=AXIS2_PLACEMENT_3D('',#9017,#6704,#6705);
#5658=AXIS2_PLACEMENT_3D('',#9020,#6708,#6709);
#5659=AXIS2_PLACEMENT_3D('',#9022,#6711,#6712);
#5660=AXIS2_PLACEMENT_3D('',#9024,#6714,#6715);
#5661=AXIS2_PLACEMENT_3D('',#9025,#6716,#6717);
#5662=AXIS2_PLACEMENT_3D('',#9034,#6722,#6723);
#5663=AXIS2_PLACEMENT_3D('',#9035,#6724,#6725);
#5664=AXIS2_PLACEMENT_3D('',#9043,#6730,#6731);
#5665=AXIS2_PLACEMENT_3D('',#9046,#6734,#6735);
#5666=AXIS2_PLACEMENT_3D('',#9048,#6737,#6738);
#5667=AXIS2_PLACEMENT_3D('',#9050,#6740,#6741);
#5668=AXIS2_PLACEMENT_3D('',#9051,#6742,#6743);
#5669=AXIS2_PLACEMENT_3D('',#9060,#6748,#6749);
#5670=AXIS2_PLACEMENT_3D('',#9062,#6751,#6752);
#5671=AXIS2_PLACEMENT_3D('',#9068,#6756,#6757);
#5672=AXIS2_PLACEMENT_3D('',#9072,#6760,#6761);
#5673=AXIS2_PLACEMENT_3D('',#9076,#6764,#6765);
#5674=AXIS2_PLACEMENT_3D('',#9078,#6767,#6768);
#5675=AXIS2_PLACEMENT_3D('',#9081,#6770,#6771);
#5676=AXIS2_PLACEMENT_3D('',#9082,#6772,#6773);
#5677=AXIS2_PLACEMENT_3D('',#9084,#6775,#6776);
#5678=AXIS2_PLACEMENT_3D('',#9087,#6779,#6780);
#5679=AXIS2_PLACEMENT_3D('',#9089,#6782,#6783);
#5680=AXIS2_PLACEMENT_3D('',#9091,#6785,#6786);
#5681=AXIS2_PLACEMENT_3D('',#9093,#6788,#6789);
#5682=AXIS2_PLACEMENT_3D('',#9095,#6791,#6792);
#5683=AXIS2_PLACEMENT_3D('',#9096,#6793,#6794);
#5684=AXIS2_PLACEMENT_3D('',#9097,#6795,#6796);
#5685=AXIS2_PLACEMENT_3D('',#9099,#6797,#6798);
#5686=AXIS2_PLACEMENT_3D('',#9102,#6800,#6801);
#5687=AXIS2_PLACEMENT_3D('',#9103,#6802,#6803);
#5688=AXIS2_PLACEMENT_3D('',#9105,#6804,#6805);
#5689=AXIS2_PLACEMENT_3D('',#9107,#6807,#6808);
#5690=AXIS2_PLACEMENT_3D('',#9108,#6809,#6810);
#5691=AXIS2_PLACEMENT_3D('',#9109,#6811,#6812);
#5692=AXIS2_PLACEMENT_3D('',#9111,#6813,#6814);
#5693=AXIS2_PLACEMENT_3D('',#9114,#6816,#6817);
#5694=AXIS2_PLACEMENT_3D('',#9115,#6818,#6819);
#5695=AXIS2_PLACEMENT_3D('',#9117,#6820,#6821);
#5696=AXIS2_PLACEMENT_3D('',#9119,#6823,#6824);
#5697=AXIS2_PLACEMENT_3D('',#9120,#6825,#6826);
#5698=AXIS2_PLACEMENT_3D('',#9121,#6827,#6828);
#5699=AXIS2_PLACEMENT_3D('',#9123,#6829,#6830);
#5700=AXIS2_PLACEMENT_3D('',#9126,#6832,#6833);
#5701=AXIS2_PLACEMENT_3D('',#9127,#6834,#6835);
#5702=AXIS2_PLACEMENT_3D('',#9129,#6836,#6837);
#5703=AXIS2_PLACEMENT_3D('',#9131,#6839,#6840);
#5704=AXIS2_PLACEMENT_3D('',#9132,#6841,#6842);
#5705=AXIS2_PLACEMENT_3D('',#9133,#6843,#6844);
#5706=AXIS2_PLACEMENT_3D('',#9135,#6845,#6846);
#5707=AXIS2_PLACEMENT_3D('',#9138,#6848,#6849);
#5708=AXIS2_PLACEMENT_3D('',#9139,#6850,#6851);
#5709=AXIS2_PLACEMENT_3D('',#9141,#6852,#6853);
#5710=AXIS2_PLACEMENT_3D('',#9143,#6855,#6856);
#5711=AXIS2_PLACEMENT_3D('',#9144,#6857,#6858);
#5712=AXIS2_PLACEMENT_3D('',#9147,#6861,#6862);
#5713=AXIS2_PLACEMENT_3D('',#9150,#6865,#6866);
#5714=AXIS2_PLACEMENT_3D('',#9152,#6868,#6869);
#5715=AXIS2_PLACEMENT_3D('',#9154,#6871,#6872);
#5716=AXIS2_PLACEMENT_3D('',#9155,#6873,#6874);
#5717=AXIS2_PLACEMENT_3D('',#9156,#6875,#6876);
#5718=AXIS2_PLACEMENT_3D('',#9157,#6877,#6878);
#5719=AXIS2_PLACEMENT_3D('',#9159,#6879,#6880);
#5720=AXIS2_PLACEMENT_3D('',#9162,#6882,#6883);
#5721=AXIS2_PLACEMENT_3D('',#9163,#6884,#6885);
#5722=AXIS2_PLACEMENT_3D('',#9165,#6886,#6887);
#5723=AXIS2_PLACEMENT_3D('',#9167,#6889,#6890);
#5724=AXIS2_PLACEMENT_3D('',#9168,#6891,#6892);
#5725=AXIS2_PLACEMENT_3D('',#9169,#6893,#6894);
#5726=AXIS2_PLACEMENT_3D('',#9171,#6895,#6896);
#5727=AXIS2_PLACEMENT_3D('',#9174,#6898,#6899);
#5728=AXIS2_PLACEMENT_3D('',#9175,#6900,#6901);
#5729=AXIS2_PLACEMENT_3D('',#9177,#6902,#6903);
#5730=AXIS2_PLACEMENT_3D('',#9179,#6905,#6906);
#5731=AXIS2_PLACEMENT_3D('',#9180,#6907,#6908);
#5732=AXIS2_PLACEMENT_3D('',#9181,#6909,#6910);
#5733=AXIS2_PLACEMENT_3D('',#9183,#6911,#6912);
#5734=AXIS2_PLACEMENT_3D('',#9186,#6914,#6915);
#5735=AXIS2_PLACEMENT_3D('',#9187,#6916,#6917);
#5736=AXIS2_PLACEMENT_3D('',#9189,#6918,#6919);
#5737=AXIS2_PLACEMENT_3D('',#9191,#6921,#6922);
#5738=AXIS2_PLACEMENT_3D('',#9192,#6923,#6924);
#5739=AXIS2_PLACEMENT_3D('',#9193,#6925,#6926);
#5740=AXIS2_PLACEMENT_3D('',#9195,#6927,#6928);
#5741=AXIS2_PLACEMENT_3D('',#9198,#6930,#6931);
#5742=AXIS2_PLACEMENT_3D('',#9199,#6932,#6933);
#5743=AXIS2_PLACEMENT_3D('',#9201,#6934,#6935);
#5744=AXIS2_PLACEMENT_3D('',#9203,#6937,#6938);
#5745=AXIS2_PLACEMENT_3D('',#9204,#6939,#6940);
#5746=AXIS2_PLACEMENT_3D('',#9205,#6941,#6942);
#5747=AXIS2_PLACEMENT_3D('',#9208,#6945,#6946);
#5748=AXIS2_PLACEMENT_3D('',#9210,#6948,#6949);
#5749=AXIS2_PLACEMENT_3D('',#9212,#6951,#6952);
#5750=AXIS2_PLACEMENT_3D('',#9213,#6953,#6954);
#5751=AXIS2_PLACEMENT_3D('',#9214,#6955,#6956);
#5752=AXIS2_PLACEMENT_3D('',#9217,#6957,#6958);
#5753=AXIS2_PLACEMENT_3D('',#9220,#6961,#6962);
#5754=AXIS2_PLACEMENT_3D('',#9224,#6965,#6966);
#5755=AXIS2_PLACEMENT_3D('',#9226,#6967,#6968);
#5756=AXIS2_PLACEMENT_3D('',#9228,#6970,#6971);
#5757=AXIS2_PLACEMENT_3D('',#9232,#6974,#6975);
#5758=AXIS2_PLACEMENT_3D('',#9234,#6976,#6977);
#5759=AXIS2_PLACEMENT_3D('',#9236,#6979,#6980);
#5760=AXIS2_PLACEMENT_3D('',#9240,#6983,#6984);
#5761=AXIS2_PLACEMENT_3D('',#9242,#6985,#6986);
#5762=AXIS2_PLACEMENT_3D('',#9244,#6988,#6989);
#5763=AXIS2_PLACEMENT_3D('',#9246,#6991,#6992);
#5764=AXIS2_PLACEMENT_3D('',#9252,#6996,#6997);
#5765=AXIS2_PLACEMENT_3D('',#9256,#7000,#7001);
#5766=AXIS2_PLACEMENT_3D('',#9260,#7004,#7005);
#5767=AXIS2_PLACEMENT_3D('',#9262,#7007,#7008);
#5768=AXIS2_PLACEMENT_3D('',#9268,#7012,#7013);
#5769=AXIS2_PLACEMENT_3D('',#9272,#7016,#7017);
#5770=AXIS2_PLACEMENT_3D('',#9276,#7020,#7021);
#5771=AXIS2_PLACEMENT_3D('',#9278,#7023,#7024);
#5772=AXIS2_PLACEMENT_3D('',#9284,#7028,#7029);
#5773=AXIS2_PLACEMENT_3D('',#9286,#7030,#7031);
#5774=AXIS2_PLACEMENT_3D('',#9288,#7033,#7034);
#5775=AXIS2_PLACEMENT_3D('',#9292,#7037,#7038);
#5776=AXIS2_PLACEMENT_3D('',#9296,#7041,#7042);
#5777=AXIS2_PLACEMENT_3D('',#9298,#7043,#7044);
#5778=AXIS2_PLACEMENT_3D('',#9300,#7046,#7047);
#5779=AXIS2_PLACEMENT_3D('',#9304,#7050,#7051);
#5780=AXIS2_PLACEMENT_3D('',#9306,#7052,#7053);
#5781=AXIS2_PLACEMENT_3D('',#9308,#7055,#7056);
#5782=AXIS2_PLACEMENT_3D('',#9312,#7059,#7060);
#5783=AXIS2_PLACEMENT_3D('',#9314,#7061,#7062);
#5784=AXIS2_PLACEMENT_3D('',#9316,#7064,#7065);
#5785=AXIS2_PLACEMENT_3D('',#9320,#7068,#7069);
#5786=AXIS2_PLACEMENT_3D('',#9322,#7070,#7071);
#5787=AXIS2_PLACEMENT_3D('',#9324,#7073,#7074);
#5788=AXIS2_PLACEMENT_3D('',#9328,#7077,#7078);
#5789=AXIS2_PLACEMENT_3D('',#9332,#7081,#7082);
#5790=AXIS2_PLACEMENT_3D('',#9333,#7083,#7084);
#5791=AXIS2_PLACEMENT_3D('',#9334,#7085,#7086);
#5792=AXIS2_PLACEMENT_3D('',#9335,#7087,#7088);
#5793=DIRECTION('axis',(0.,0.,1.));
#5794=DIRECTION('refdir',(1.,0.,0.));
#5795=DIRECTION('center_axis',(0.,1.,0.));
#5796=DIRECTION('ref_axis',(1.,0.,0.));
#5797=DIRECTION('center_axis',(1.07264841868087E-16,1.,0.));
#5798=DIRECTION('ref_axis',(1.,0.,0.));
#5799=DIRECTION('',(0.,1.,0.));
#5800=DIRECTION('center_axis',(0.,-0.707106781186547,0.707106781186548));
#5801=DIRECTION('ref_axis',(0.,-0.707106781186548,-0.707106781186547));
#5802=DIRECTION('center_axis',(0.,-1.,0.));
#5803=DIRECTION('ref_axis',(1.,0.,0.));
#5804=DIRECTION('center_axis',(0.,-0.707106781186547,0.707106781186548));
#5805=DIRECTION('ref_axis',(0.,-0.707106781186548,-0.707106781186547));
#5806=DIRECTION('center_axis',(0.,-1.,0.));
#5807=DIRECTION('ref_axis',(1.,0.,0.));
#5808=DIRECTION('',(1.,0.,0.));
#5809=DIRECTION('center_axis',(0.,1.,0.));
#5810=DIRECTION('ref_axis',(1.,0.,0.));
#5811=DIRECTION('',(1.,0.,0.));
#5812=DIRECTION('center_axis',(0.,0.707106781186547,-0.707106781186548));
#5813=DIRECTION('ref_axis',(-1.,0.,0.));
#5814=DIRECTION('center_axis',(0.,0.707106781186547,-0.707106781186548));
#5815=DIRECTION('ref_axis',(0.,-0.707106781186548,-0.707106781186547));
#5816=DIRECTION('',(0.,-0.707106781186548,-0.707106781186547));
#5817=DIRECTION('',(1.,2.60902410786912E-15,0.));
#5818=DIRECTION('',(0.,0.707106781186548,0.707106781186547));
#5819=DIRECTION('center_axis',(0.,0.707106781186547,-0.707106781186548));
#5820=DIRECTION('ref_axis',(0.,-0.707106781186548,-0.707106781186547));
#5821=DIRECTION('center_axis',(-1.,0.,0.));
#5822=DIRECTION('ref_axis',(0.,-1.00346455453938E-31,1.));
#5823=DIRECTION('',(0.,-8.32667268468868E-17,-1.));
#5824=DIRECTION('',(0.,1.,0.));
#5825=DIRECTION('center_axis',(1.,0.,0.));
#5826=DIRECTION('ref_axis',(0.,0.,-1.));
#5827=DIRECTION('',(0.,1.,0.));
#5828=DIRECTION('',(0.,8.32667268468868E-17,1.));
#5829=DIRECTION('center_axis',(0.,1.,0.));
#5830=DIRECTION('ref_axis',(1.,0.,0.));
#5831=DIRECTION('center_axis',(2.60902410786912E-15,-1.,8.32667268468868E-17));
#5832=DIRECTION('ref_axis',(1.,0.,0.));
#5833=DIRECTION('center_axis',(-1.07264841868087E-16,-1.,0.));
#5834=DIRECTION('ref_axis',(1.,-1.07264841868087E-16,0.));
#5835=DIRECTION('',(-1.,1.84889274661175E-32,0.));
#5836=DIRECTION('',(0.,-6.34413156928661E-16,-1.));
#5837=DIRECTION('',(-1.,1.07264841868087E-16,0.));
#5838=DIRECTION('',(0.,0.,1.));
#5839=DIRECTION('',(1.,-1.07264841868087E-16,0.));
#5840=DIRECTION('',(0.,0.,1.));
#5841=DIRECTION('',(-1.,1.07264841868087E-16,0.));
#5842=DIRECTION('',(0.,-2.6412753523025E-32,1.));
#5843=DIRECTION('center_axis',(-1.,0.,0.));
#5844=DIRECTION('ref_axis',(0.,-2.6412753523025E-32,1.));
#5845=DIRECTION('',(0.,8.32667268468868E-17,1.));
#5846=DIRECTION('',(0.,1.,0.));
#5847=DIRECTION('',(0.,1.,0.));
#5848=DIRECTION('center_axis',(0.,0.,-1.));
#5849=DIRECTION('ref_axis',(-1.,1.84889274661175E-32,0.));
#5850=DIRECTION('',(-1.,-2.60902410786912E-15,0.));
#5851=DIRECTION('',(0.,1.,0.));
#5852=DIRECTION('center_axis',(1.,0.,0.));
#5853=DIRECTION('ref_axis',(0.,-6.34413156928661E-16,-1.));
#5854=DIRECTION('',(0.,-8.32667268468868E-17,-1.));
#5855=DIRECTION('',(0.,-1.,0.));
#5856=DIRECTION('center_axis',(0.,0.,1.));
#5857=DIRECTION('ref_axis',(-1.,-2.60902410786912E-15,0.));
#5858=DIRECTION('',(-1.,-2.60902410786912E-15,0.));
#5859=DIRECTION('',(-0.707106781186538,-0.707106781186557,0.));
#5860=DIRECTION('',(2.77555756156289E-15,-1.,0.));
#5861=DIRECTION('',(-1.,0.,0.));
#5862=DIRECTION('',(0.,-1.,0.));
#5863=DIRECTION('center_axis',(0.,0.,1.));
#5864=DIRECTION('ref_axis',(-1.,-2.60902410786912E-15,0.));
#5865=DIRECTION('',(-2.65788125207173E-15,1.,0.));
#5866=DIRECTION('',(-1.,0.,0.));
#5867=DIRECTION('',(2.77555756156289E-15,-1.,0.));
#5868=DIRECTION('',(-0.707106781186557,0.707106781186538,0.));
#5869=DIRECTION('',(-1.,-2.60902410786912E-15,0.));
#5870=DIRECTION('center_axis',(1.,0.,0.));
#5871=DIRECTION('ref_axis',(0.,-1.,0.));
#5872=DIRECTION('center_axis',(1.,0.,0.));
#5873=DIRECTION('ref_axis',(0.,-1.,0.));
#5874=DIRECTION('',(1.,0.,0.));
#5875=DIRECTION('center_axis',(-1.,0.,0.));
#5876=DIRECTION('ref_axis',(0.,-1.,0.));
#5877=DIRECTION('center_axis',(1.,0.,0.));
#5878=DIRECTION('ref_axis',(0.,-1.,0.));
#5879=DIRECTION('center_axis',(1.,0.,0.));
#5880=DIRECTION('ref_axis',(0.,-1.,0.));
#5881=DIRECTION('',(1.,0.,0.));
#5882=DIRECTION('center_axis',(-1.,0.,0.));
#5883=DIRECTION('ref_axis',(0.,-1.,0.));
#5884=DIRECTION('center_axis',(-0.707106781186547,0.,-0.707106781186548));
#5885=DIRECTION('ref_axis',(-0.707106781186548,0.,0.707106781186547));
#5886=DIRECTION('',(0.707106781186548,0.,-0.707106781186547));
#5887=DIRECTION('',(0.,-1.,0.));
#5888=DIRECTION('',(-0.707106781186548,0.,0.707106781186547));
#5889=DIRECTION('',(0.,1.,0.));
#5890=DIRECTION('center_axis',(0.,-1.,0.));
#5891=DIRECTION('ref_axis',(0.,0.,1.));
#5892=DIRECTION('',(-1.,0.,0.));
#5893=DIRECTION('',(0.,0.,-1.));
#5894=DIRECTION('',(-1.,0.,0.));
#5895=DIRECTION('',(0.,0.,-1.));
#5896=DIRECTION('center_axis',(0.,0.,-1.));
#5897=DIRECTION('ref_axis',(0.,-1.,0.));
#5898=DIRECTION('',(-1.,0.,0.));
#5899=DIRECTION('',(0.,1.,0.));
#5900=DIRECTION('center_axis',(-0.707106781186547,0.,-0.707106781186548));
#5901=DIRECTION('ref_axis',(-0.707106781186548,0.,0.707106781186547));
#5902=DIRECTION('',(0.707106781186548,0.,-0.707106781186547));
#5903=DIRECTION('',(0.,-1.,0.));
#5904=DIRECTION('',(-0.707106781186548,0.,0.707106781186547));
#5905=DIRECTION('',(0.,1.,0.));
#5906=DIRECTION('center_axis',(0.,-1.,0.));
#5907=DIRECTION('ref_axis',(0.,0.,1.));
#5908=DIRECTION('',(-1.,0.,0.));
#5909=DIRECTION('',(0.,0.,-1.));
#5910=DIRECTION('',(-1.,0.,0.));
#5911=DIRECTION('',(0.,0.,-1.));
#5912=DIRECTION('center_axis',(0.,0.,-1.));
#5913=DIRECTION('ref_axis',(0.,-1.,0.));
#5914=DIRECTION('',(-1.,0.,0.));
#5915=DIRECTION('',(0.,1.,0.));
#5916=DIRECTION('center_axis',(0.,1.,0.));
#5917=DIRECTION('ref_axis',(0.,0.,-1.));
#5918=DIRECTION('',(0.,0.,1.));
#5919=DIRECTION('',(-1.,0.,0.));
#5920=DIRECTION('',(0.,0.,1.));
#5921=DIRECTION('center_axis',(0.,1.,0.));
#5922=DIRECTION('ref_axis',(0.,0.,-1.));
#5923=DIRECTION('',(0.,0.,1.));
#5924=DIRECTION('',(-1.,0.,0.));
#5925=DIRECTION('',(0.,0.,1.));
#5926=DIRECTION('center_axis',(-1.,0.,0.));
#5927=DIRECTION('ref_axis',(0.,0.,1.));
#5928=DIRECTION('',(0.,-8.32667268468868E-17,-1.));
#5929=DIRECTION('',(-5.9211894646675E-17,-1.,0.));
#5930=DIRECTION('',(0.,0.,1.));
#5931=DIRECTION('',(0.,1.,0.));
#5932=DIRECTION('center_axis',(1.,0.,0.));
#5933=DIRECTION('ref_axis',(0.,1.,0.));
#5934=DIRECTION('',(0.,1.,0.));
#5935=DIRECTION('',(0.,0.,1.));
#5936=DIRECTION('',(0.,-1.,0.));
#5937=DIRECTION('',(0.,0.,-1.));
#5938=DIRECTION('center_axis',(1.,0.,0.));
#5939=DIRECTION('ref_axis',(0.,1.,0.));
#5940=DIRECTION('center_axis',(-1.,0.,0.));
#5941=DIRECTION('ref_axis',(0.,1.,0.));
#5942=DIRECTION('center_axis',(-1.,0.,0.));
#5943=DIRECTION('ref_axis',(0.,1.,0.));
#5944=DIRECTION('center_axis',(1.,0.,0.));
#5945=DIRECTION('ref_axis',(0.,1.,0.));
#5946=DIRECTION('center_axis',(-1.,0.,0.));
#5947=DIRECTION('ref_axis',(0.,1.,0.));
#5948=DIRECTION('center_axis',(-1.,0.,0.));
#5949=DIRECTION('ref_axis',(0.,1.,0.));
#5950=DIRECTION('center_axis',(1.,0.,0.));
#5951=DIRECTION('ref_axis',(0.,1.,0.));
#5952=DIRECTION('center_axis',(0.,-1.,0.));
#5953=DIRECTION('ref_axis',(0.,0.,1.));
#5954=DIRECTION('',(1.38666955995876E-32,0.,1.));
#5955=DIRECTION('',(-1.,0.,0.));
#5956=DIRECTION('',(0.,0.,1.));
#5957=DIRECTION('',(-1.,0.,0.));
#5958=DIRECTION('center_axis',(0.,4.44089209850062E-16,-1.));
#5959=DIRECTION('ref_axis',(0.,-1.,-4.44089209850062E-16));
#5960=DIRECTION('',(2.77555756156289E-15,-1.,-4.44089209850062E-16));
#5961=DIRECTION('',(-1.,0.,0.));
#5962=DIRECTION('',(0.,-1.,-4.44089209850062E-16));
#5963=DIRECTION('center_axis',(0.,1.,0.));
#5964=DIRECTION('ref_axis',(-5.60383709419738E-80,0.,-1.));
#5965=DIRECTION('',(-1.38666955995876E-32,0.,-1.));
#5966=DIRECTION('',(1.,0.,0.));
#5967=DIRECTION('',(-5.60383709419738E-80,0.,-1.));
#5968=DIRECTION('center_axis',(0.,-1.,0.));
#5969=DIRECTION('ref_axis',(0.,0.,1.));
#5970=DIRECTION('',(1.38666955995876E-32,0.,1.));
#5971=DIRECTION('',(-1.,0.,0.));
#5972=DIRECTION('',(0.,0.,1.));
#5973=DIRECTION('center_axis',(0.,0.,-1.));
#5974=DIRECTION('ref_axis',(0.,-1.,0.));
#5975=DIRECTION('',(2.77555756156289E-15,-1.,0.));
#5976=DIRECTION('',(-1.,0.,0.));
#5977=DIRECTION('',(0.,-1.,0.));
#5978=DIRECTION('center_axis',(0.,1.,0.));
#5979=DIRECTION('ref_axis',(-5.60383709419738E-80,0.,-1.));
#5980=DIRECTION('',(-1.38666955995876E-32,0.,-1.));
#5981=DIRECTION('',(1.,0.,0.));
#5982=DIRECTION('',(-5.60383709419738E-80,0.,-1.));
#5983=DIRECTION('center_axis',(0.,0.,1.));
#5984=DIRECTION('ref_axis',(-1.,-2.60902410786912E-15,0.));
#5985=DIRECTION('',(2.77555756156289E-15,-1.,0.));
#5986=DIRECTION('',(0.707106781186438,-0.707106781186657,0.));
#5987=DIRECTION('',(1.,0.,0.));
#5988=DIRECTION('',(0.,-1.,0.));
#5989=DIRECTION('',(1.,0.,0.));
#5990=DIRECTION('',(0.,-1.,0.));
#5991=DIRECTION('center_axis',(0.,0.,1.));
#5992=DIRECTION('ref_axis',(-1.,-2.60902410786912E-15,0.));
#5993=DIRECTION('',(0.,-1.,0.));
#5994=DIRECTION('',(2.77555756156289E-15,-1.,0.));
#5995=DIRECTION('center_axis',(0.,1.,0.));
#5996=DIRECTION('ref_axis',(1.,0.,0.));
#5997=DIRECTION('center_axis',(0.,1.,0.));
#5998=DIRECTION('ref_axis',(1.,0.,0.));
#5999=DIRECTION('',(0.,1.,0.));
#6000=DIRECTION('center_axis',(-4.28888299410473E-16,-1.,0.));
#6001=DIRECTION('ref_axis',(1.,0.,0.));
#6002=DIRECTION('center_axis',(0.,-0.700220402774169,-0.71392673821533));
#6003=DIRECTION('ref_axis',(0.,0.71392673821533,-0.700220402774169));
#6004=DIRECTION('',(0.,-0.71392673821533,0.700220402774169));
#6005=DIRECTION('',(-1.,0.,0.));
#6006=DIRECTION('',(0.,0.71392673821533,-0.700220402774169));
#6007=DIRECTION('',(1.,0.,0.));
#6008=DIRECTION('center_axis',(1.,0.,0.));
#6009=DIRECTION('ref_axis',(0.,0.,-1.));
#6010=DIRECTION('',(0.,0.,-1.));
#6011=DIRECTION('',(0.,1.,0.));
#6012=DIRECTION('',(0.,0.,-1.));
#6013=DIRECTION('center_axis',(1.,0.,0.));
#6014=DIRECTION('ref_axis',(0.,1.,0.));
#6015=DIRECTION('',(0.,0.,1.));
#6016=DIRECTION('',(0.,0.,1.));
#6017=DIRECTION('',(0.,-1.,0.));
#6018=DIRECTION('center_axis',(0.,1.,0.));
#6019=DIRECTION('ref_axis',(-1.,0.,0.));
#6020=DIRECTION('',(0.,0.,1.));
#6021=DIRECTION('',(1.,0.,0.));
#6022=DIRECTION('',(1.,0.,0.));
#6023=DIRECTION('',(0.,0.,1.));
#6024=DIRECTION('center_axis',(0.,1.,0.));
#6025=DIRECTION('ref_axis',(-0.25341118534778,0.,0.967358656931664));
#6026=DIRECTION('',(9.48132223266035E-15,0.,-1.));
#6027=DIRECTION('center_axis',(0.,1.,0.));
#6028=DIRECTION('ref_axis',(1.,0.,2.3373116307898E-16));
#6029=DIRECTION('',(-1.,0.,1.52655665885959E-15));
#6030=DIRECTION('center_axis',(0.,1.,0.));
#6031=DIRECTION('ref_axis',(2.33731163078982E-16,0.,-1.));
#6032=DIRECTION('',(-1.72347117760049E-16,0.,1.));
#6033=DIRECTION('center_axis',(0.,1.,0.));
#6034=DIRECTION('ref_axis',(-0.944362125170035,0.,0.328907550147962));
#6035=DIRECTION('',(0.,0.,1.));
#6036=DIRECTION('',(1.,0.,0.));
#6037=DIRECTION('',(0.,0.,1.));
#6038=DIRECTION('',(1.,0.,0.));
#6039=DIRECTION('center_axis',(0.,1.,0.));
#6040=DIRECTION('ref_axis',(-1.,0.,0.));
#6041=DIRECTION('center_axis',(-1.,0.,0.));
#6042=DIRECTION('ref_axis',(0.,0.,-1.));
#6043=DIRECTION('',(0.,0.,-1.));
#6044=DIRECTION('',(0.,1.,0.));
#6045=DIRECTION('',(0.,0.,-1.));
#6046=DIRECTION('',(0.,-1.,0.));
#6047=DIRECTION('center_axis',(1.,0.,0.));
#6048=DIRECTION('ref_axis',(0.,0.,1.));
#6049=DIRECTION('',(0.,0.,1.));
#6050=DIRECTION('',(0.,-1.,0.));
#6051=DIRECTION('',(0.,0.,1.));
#6052=DIRECTION('',(0.,-1.,0.));
#6053=DIRECTION('center_axis',(0.,0.,-1.));
#6054=DIRECTION('ref_axis',(1.,0.,0.));
#6055=DIRECTION('',(1.,0.,0.));
#6056=DIRECTION('',(1.,0.,0.));
#6057=DIRECTION('center_axis',(0.,0.,1.));
#6058=DIRECTION('ref_axis',(-1.,-2.60902410786912E-15,0.));
#6059=DIRECTION('',(1.,0.,0.));
#6060=DIRECTION('',(0.707106781186657,0.707106781186438,0.));
#6061=DIRECTION('',(2.77555756156289E-15,-1.,0.));
#6062=DIRECTION('',(1.,0.,0.));
#6063=DIRECTION('',(0.00130048776026136,0.999999154365435,0.));
#6064=DIRECTION('',(1.,-4.28888299410473E-16,0.));
#6065=DIRECTION('center_axis',(0.,0.,1.));
#6066=DIRECTION('ref_axis',(-1.,-2.60902410786912E-15,0.));
#6067=DIRECTION('',(1.,-4.28888299410473E-16,0.));
#6068=DIRECTION('',(0.,1.,0.));
#6069=DIRECTION('',(1.,0.,0.));
#6070=DIRECTION('center_axis',(0.,-1.,0.));
#6071=DIRECTION('ref_axis',(-1.,0.,0.));
#6072=DIRECTION('center_axis',(0.,-1.,0.));
#6073=DIRECTION('ref_axis',(-1.,0.,0.));
#6074=DIRECTION('center_axis',(0.,1.,0.));
#6075=DIRECTION('ref_axis',(-1.,0.,0.));
#6076=DIRECTION('center_axis',(0.,0.,-1.));
#6077=DIRECTION('ref_axis',(-1.,0.,0.));
#6078=DIRECTION('center_axis',(0.,0.,-1.));
#6079=DIRECTION('ref_axis',(-1.,0.,0.));
#6080=DIRECTION('',(0.,0.,-1.));
#6081=DIRECTION('center_axis',(0.,0.,-1.));
#6082=DIRECTION('ref_axis',(-1.,0.,0.));
#6083=DIRECTION('center_axis',(0.,0.,1.));
#6084=DIRECTION('ref_axis',(-1.,0.,0.));
#6085=DIRECTION('center_axis',(0.,0.,1.));
#6086=DIRECTION('ref_axis',(-1.,0.,0.));
#6087=DIRECTION('center_axis',(0.,0.,1.));
#6088=DIRECTION('ref_axis',(-1.,0.,0.));
#6089=DIRECTION('',(0.,0.,-1.));
#6090=DIRECTION('center_axis',(0.,0.,-1.));
#6091=DIRECTION('ref_axis',(-1.,0.,0.));
#6092=DIRECTION('center_axis',(0.,0.,1.));
#6093=DIRECTION('ref_axis',(-1.,0.,0.));
#6094=DIRECTION('center_axis',(0.707106781186657,0.707106781186438,-9.80523449111955E-33));
#6095=DIRECTION('ref_axis',(-1.38666955995876E-32,0.,-1.));
#6096=DIRECTION('',(-0.577350269189506,0.577350269189685,0.577350269189686));
#6097=DIRECTION('',(1.38666955995876E-32,0.,1.));
#6098=DIRECTION('',(-1.38666955995876E-32,0.,-1.));
#6099=DIRECTION('',(-0.577350269189564,0.577350269189744,-0.577350269189569));
#6100=DIRECTION('center_axis',(0.707106781186551,1.96261557335473E-15,-0.707106781186544));
#6101=DIRECTION('ref_axis',(-0.707106781186544,0.,-0.707106781186551));
#6102=DIRECTION('',(2.77555756156289E-15,-1.,0.));
#6103=DIRECTION('',(0.577350269189618,0.577350269189634,0.577350269189626));
#6104=DIRECTION('',(-0.577350269189626,0.577350269189626,-0.577350269189625));
#6105=DIRECTION('',(-2.77555756156289E-15,1.,0.));
#6106=DIRECTION('',(0.577350269189784,0.577350269189545,0.577350269189548));
#6107=DIRECTION('center_axis',(1.,2.77555756156289E-15,-1.38666955995876E-32));
#6108=DIRECTION('ref_axis',(-2.17244897726881E-31,8.32667268468868E-17,
1.));
#6109=DIRECTION('',(-2.17244897726881E-31,8.32667268468868E-17,1.));
#6110=DIRECTION('',(2.77555756156289E-15,-1.,0.));
#6111=DIRECTION('',(1.38666955995876E-32,0.,1.));
#6112=DIRECTION('',(-2.77555756156289E-15,1.,0.));
#6113=DIRECTION('',(-1.38666955995876E-32,0.,-1.));
#6114=DIRECTION('center_axis',(0.707106781186557,-0.707106781186538,5.8878467200641E-17));
#6115=DIRECTION('ref_axis',(8.32667268468848E-17,0.,-1.));
#6116=DIRECTION('',(2.17244897726881E-31,-8.32667268468868E-17,-1.));
#6117=DIRECTION('',(0.577350269189616,0.577350269189632,-0.577350269189629));
#6118=DIRECTION('center_axis',(-0.707106781186538,-0.707106781186557,5.88784672006423E-17));
#6119=DIRECTION('ref_axis',(8.32667268468888E-17,0.,1.));
#6120=DIRECTION('',(2.17244897726881E-31,-8.32667268468868E-17,-1.));
#6121=DIRECTION('',(-0.707106781186557,0.707106781186538,0.));
#6122=DIRECTION('',(-2.17244897726881E-31,8.32667268468868E-17,1.));
#6123=DIRECTION('center_axis',(2.60902410786912E-15,-1.,8.32667268468868E-17));
#6124=DIRECTION('ref_axis',(1.,2.60902410786912E-15,0.));
#6125=DIRECTION('',(1.,2.60902410786912E-15,0.));
#6126=DIRECTION('',(0.,-8.32667268468868E-17,-1.));
#6127=DIRECTION('',(-1.,-2.60902410786912E-15,0.));
#6128=DIRECTION('',(0.,8.32667268468868E-17,1.));
#6129=DIRECTION('',(1.,2.60902410786912E-15,0.));
#6130=DIRECTION('',(0.,-8.32667268468868E-17,-1.));
#6131=DIRECTION('',(1.,2.60902410786912E-15,0.));
#6132=DIRECTION('center_axis',(-2.60902410778063E-15,1.,-8.32667269434184E-17));
#6133=DIRECTION('ref_axis',(-0.675724628517303,-1.70160143351545E-15,0.737154140200781));
#6134=DIRECTION('',(0.737154140200936,-1.82561228875552E-15,0.675724628517134));
#6135=DIRECTION('',(0.301131367936093,6.2134131618929E-15,0.953582665134459));
#6136=DIRECTION('center_axis',(-2.60902410786912E-15,1.,-3.25533251149019E-15));
#6137=DIRECTION('ref_axis',(-7.93016446160835E-16,3.25533251149019E-15,
1.));
#6138=DIRECTION('',(1.,2.60902410778074E-15,7.35953753567374E-42));
#6139=DIRECTION('center_axis',(5.63041675592495E-16,1.,-8.32667268468919E-17));
#6140=DIRECTION('ref_axis',(1.,-5.63041675592495E-16,-1.58603289232165E-15));
#6141=DIRECTION('',(1.28102656687518E-16,-8.32667269741452E-17,-1.));
#6142=DIRECTION('center_axis',(-2.60902410786912E-15,1.,-8.32667268468875E-17));
#6143=DIRECTION('ref_axis',(2.17244897726883E-31,-8.32667268468875E-17,
-1.));
#6144=DIRECTION('',(-1.,-1.65634346473664E-15,2.40559062945558E-13));
#6145=DIRECTION('center_axis',(4.15802837067227E-16,1.,8.71941782081358E-16));
#6146=DIRECTION('ref_axis',(-0.953582665134053,6.59071399140782E-16,-0.301131367937377));
#6147=DIRECTION('',(-0.301131367938343,-1.21239538348449E-14,0.953582665133748));
#6148=DIRECTION('',(-0.737154140200707,-1.86698754387742E-15,0.675724628517383));
#6149=DIRECTION('center_axis',(-2.60902410715009E-15,1.,-8.32667268468868E-17));
#6150=DIRECTION('ref_axis',(-1.,-2.60902410715009E-15,7.93016446160826E-16));
#6151=DIRECTION('',(-5.37501968829127E-14,5.52700760673448E-16,1.));
#6152=DIRECTION('',(-4.0109213317383E-17,8.32667268059099E-17,1.));
#6153=DIRECTION('',(1.,2.60902410783719E-15,-1.3481761076201E-16));
#6154=DIRECTION('',(2.17244897619973E-31,-8.32667268059106E-17,-1.));
#6155=DIRECTION('',(-1.,-2.60902410783719E-15,1.17965409416759E-16));
#6156=DIRECTION('',(-1.7948966463718E-9,8.32667221639582E-17,1.));
#6157=DIRECTION('center_axis',(-2.60902410786912E-15,1.,-8.32667262786831E-17));
#6158=DIRECTION('ref_axis',(-1.7948931230194E-9,8.32667215957637E-17,1.));
#6159=DIRECTION('',(1.,2.60902410814484E-15,1.79489657704658E-9));
#6160=DIRECTION('center_axis',(-2.60902410786912E-15,1.,-8.32667268468868E-17));
#6161=DIRECTION('ref_axis',(1.,2.60902410801858E-15,1.79489978435753E-9));
#6162=DIRECTION('',(1.79489682987974E-9,-8.32667221464014E-17,-1.));
#6163=DIRECTION('center_axis',(-2.60902410786912E-15,1.,-8.32667262786831E-17));
#6164=DIRECTION('ref_axis',(1.79489534346544E-9,-8.32667215957579E-17,-1.));
#6165=DIRECTION('',(-1.,-2.60902410814484E-15,-1.79489670040469E-9));
#6166=DIRECTION('center_axis',(-2.60902410808155E-15,1.,-8.32667268468868E-17));
#6167=DIRECTION('ref_axis',(-1.,-2.60902410823101E-15,-1.79489173524062E-9));
#6168=DIRECTION('center_axis',(-0.707106781186438,0.707106781186657,9.80523449111651E-33));
#6169=DIRECTION('ref_axis',(1.38666955995876E-32,0.,1.));
#6170=DIRECTION('',(-1.38666955995876E-32,0.,-1.));
#6171=DIRECTION('',(-0.577350269189745,-0.577350269189566,-0.577350269189567));
#6172=DIRECTION('',(-0.577350269189714,-0.577350269189534,0.577350269189629));
#6173=DIRECTION('',(1.38666955995876E-32,0.,1.));
#6174=DIRECTION('center_axis',(-1.,-2.77555756156289E-15,1.38666955995876E-32));
#6175=DIRECTION('ref_axis',(2.17244897726881E-31,-8.32667268468868E-17,
-1.));
#6176=DIRECTION('center_axis',(1.,2.77555756156289E-15,-1.38666955995876E-32));
#6177=DIRECTION('ref_axis',(0.,-1.,0.));
#6178=DIRECTION('',(2.77555756156289E-15,-1.,0.));
#6179=DIRECTION('center_axis',(1.,2.77555756156289E-15,-1.38666955995876E-32));
#6180=DIRECTION('ref_axis',(0.,-1.,0.));
#6181=DIRECTION('',(2.77555756156289E-15,-1.,0.));
#6182=DIRECTION('center_axis',(1.,2.77555756156289E-15,-1.38666955995876E-32));
#6183=DIRECTION('ref_axis',(0.,-1.,0.));
#6184=DIRECTION('',(2.77555756156289E-15,-1.,0.));
#6185=DIRECTION('center_axis',(1.,2.77555756156289E-15,-1.38666955995876E-32));
#6186=DIRECTION('ref_axis',(0.,-1.,0.));
#6187=DIRECTION('',(-2.77555756156289E-15,1.,0.));
#6188=DIRECTION('',(-1.96261557335472E-15,0.707106781186548,-0.707106781186547));
#6189=DIRECTION('',(-1.38666955995876E-32,0.,-1.));
#6190=DIRECTION('',(0.,-1.,0.));
#6191=DIRECTION('',(2.77555756156289E-15,-1.,6.25995013218605E-16));
#6192=DIRECTION('',(1.49467701722684E-15,-0.538514148625765,-0.842616467753786));
#6193=DIRECTION('',(-2.77555756156289E-15,1.,-8.33804920176264E-16));
#6194=DIRECTION('',(-1.48963202772321E-15,0.536696499597874,0.84377536543762));
#6195=DIRECTION('',(-2.77555756156289E-15,1.,0.));
#6196=DIRECTION('',(6.36689368185144E-31,-2.34387523715563E-16,-1.));
#6197=DIRECTION('',(-2.77555756156289E-15,1.,-1.04870290794251E-15));
#6198=DIRECTION('',(-7.56505270675869E-31,2.77555752020386E-16,1.));
#6199=DIRECTION('center_axis',(1.,2.77555756156289E-15,-1.38666955995876E-32));
#6200=DIRECTION('ref_axis',(0.,-1.,0.));
#6201=DIRECTION('center_axis',(1.,2.77555756156289E-15,-1.38666955995876E-32));
#6202=DIRECTION('ref_axis',(0.,-1.,0.));
#6203=DIRECTION('',(-2.77555756156289E-15,1.,-7.27901138692935E-16));
#6204=DIRECTION('',(-1.52687723695133E-30,5.55111504040772E-16,1.));
#6205=DIRECTION('',(2.77555756156289E-15,-1.,7.39812272809572E-16));
#6206=DIRECTION('',(3.37762107964146E-30,-1.22191224646457E-15,-1.));
#6207=DIRECTION('',(-2.77555756156289E-15,1.,-1.04870290794251E-15));
#6208=DIRECTION('',(-3.06762116950224E-30,1.11022300808154E-15,1.));
#6209=DIRECTION('',(2.77555756156289E-15,-1.,8.22844843247235E-16));
#6210=DIRECTION('',(-1.38666955995876E-32,0.,-1.));
#6211=DIRECTION('',(-2.77555756156289E-15,1.,-5.1181985708519E-16));
#6212=DIRECTION('',(4.96131103977193E-30,-1.7924966876097E-15,-1.));
#6213=DIRECTION('',(2.77555756156289E-15,-1.,5.91419700466791E-16));
#6214=DIRECTION('',(-1.38666955995876E-32,0.,-1.));
#6215=DIRECTION('',(-2.77555756156289E-15,1.,-5.91419700466791E-16));
#6216=DIRECTION('',(-1.38666955995876E-32,0.,-1.));
#6217=DIRECTION('',(-2.77555756156289E-15,1.,-6.66315672090545E-16));
#6218=DIRECTION('',(-7.56505270675869E-31,2.77555752020386E-16,1.));
#6219=DIRECTION('',(2.77555756156289E-15,-1.,0.));
#6220=DIRECTION('',(8.5957900824882E-31,-3.14691979710404E-16,-1.));
#6221=DIRECTION('',(2.77555756156289E-15,-1.,5.63568917815955E-16));
#6222=DIRECTION('center_axis',(-0.707106781186495,-1.96261557335457E-15,
-0.7071067811866));
#6223=DIRECTION('ref_axis',(-0.7071067811866,0.,0.707106781186495));
#6224=DIRECTION('',(0.577350269189685,-0.577350269189596,-0.577350269189597));
#6225=DIRECTION('',(2.77555756156289E-15,-1.,0.));
#6226=DIRECTION('',(-0.577350269189682,-0.577350269189598,0.577350269189597));
#6227=DIRECTION('center_axis',(0.,-1.,0.));
#6228=DIRECTION('ref_axis',(1.,0.,0.));
#6229=DIRECTION('',(1.,0.,0.));
#6230=DIRECTION('',(0.,0.,1.));
#6231=DIRECTION('',(1.,0.,0.));
#6232=DIRECTION('',(0.,0.,1.));
#6233=DIRECTION('center_axis',(-1.,0.,0.));
#6234=DIRECTION('ref_axis',(0.,-1.,0.));
#6235=DIRECTION('',(0.,1.,0.));
#6236=DIRECTION('',(0.,-1.,0.));
#6237=DIRECTION('',(0.,0.,1.));
#6238=DIRECTION('center_axis',(0.,1.,0.));
#6239=DIRECTION('ref_axis',(-1.,0.,0.));
#6240=DIRECTION('',(-1.,0.,0.));
#6241=DIRECTION('',(-1.,0.,0.));
#6242=DIRECTION('',(0.,0.,1.));
#6243=DIRECTION('center_axis',(0.,0.,1.));
#6244=DIRECTION('ref_axis',(1.,0.,0.));
#6245=DIRECTION('',(0.,1.,0.));
#6246=DIRECTION('center_axis',(0.,-1.,0.));
#6247=DIRECTION('ref_axis',(1.,0.,0.));
#6248=DIRECTION('',(1.,0.,0.));
#6249=DIRECTION('',(0.,0.,1.));
#6250=DIRECTION('',(1.,0.,0.));
#6251=DIRECTION('',(0.,0.,1.));
#6252=DIRECTION('center_axis',(-1.,0.,0.));
#6253=DIRECTION('ref_axis',(0.,-1.,0.));
#6254=DIRECTION('',(0.,1.,0.));
#6255=DIRECTION('',(0.,-1.,0.));
#6256=DIRECTION('',(0.,0.,1.));
#6257=DIRECTION('center_axis',(0.,1.,0.));
#6258=DIRECTION('ref_axis',(-1.,0.,0.));
#6259=DIRECTION('',(-1.,0.,0.));
#6260=DIRECTION('',(-1.,0.,0.));
#6261=DIRECTION('',(0.,0.,1.));
#6262=DIRECTION('center_axis',(0.,0.,1.));
#6263=DIRECTION('ref_axis',(1.,0.,0.));
#6264=DIRECTION('',(0.,1.,0.));
#6265=DIRECTION('center_axis',(0.,-1.,0.));
#6266=DIRECTION('ref_axis',(1.,0.,0.));
#6267=DIRECTION('',(1.,0.,0.));
#6268=DIRECTION('',(0.,0.,1.));
#6269=DIRECTION('',(1.,0.,0.));
#6270=DIRECTION('',(0.,0.,1.));
#6271=DIRECTION('center_axis',(-1.,0.,0.));
#6272=DIRECTION('ref_axis',(0.,-1.,0.));
#6273=DIRECTION('',(0.,1.,0.));
#6274=DIRECTION('',(0.,-1.,0.));
#6275=DIRECTION('',(0.,0.,1.));
#6276=DIRECTION('center_axis',(0.,1.,0.));
#6277=DIRECTION('ref_axis',(-1.,0.,0.));
#6278=DIRECTION('',(-1.,0.,0.));
#6279=DIRECTION('',(-1.,0.,0.));
#6280=DIRECTION('',(0.,0.,1.));
#6281=DIRECTION('center_axis',(0.,0.,1.));
#6282=DIRECTION('ref_axis',(1.,0.,0.));
#6283=DIRECTION('',(0.,1.,0.));
#6284=DIRECTION('center_axis',(0.,-0.707106781186547,-0.707106781186548));
#6285=DIRECTION('ref_axis',(-1.,0.,0.));
#6286=DIRECTION('',(1.,0.,0.));
#6287=DIRECTION('',(0.,0.707106781186548,-0.707106781186547));
#6288=DIRECTION('',(0.577350269189626,0.577350269189626,-0.577350269189625));
#6289=DIRECTION('',(-1.,0.,0.));
#6290=DIRECTION('',(-0.577350269189626,0.577350269189626,-0.577350269189625));
#6291=DIRECTION('center_axis',(1.84485863895344E-15,-0.707106781186547,
-0.707106781186548));
#6292=DIRECTION('ref_axis',(-1.,0.,-2.60902410786912E-15));
#6293=DIRECTION('',(0.,-0.707106781186548,0.707106781186547));
#6294=DIRECTION('',(1.,2.60902410786912E-15,0.));
#6295=DIRECTION('center_axis',(0.,0.707106781186548,-0.707106781186547));
#6296=DIRECTION('ref_axis',(-1.,0.,0.));
#6297=DIRECTION('',(-1.,0.,0.));
#6298=DIRECTION('',(1.,0.,0.));
#6299=DIRECTION('center_axis',(0.,1.,0.));
#6300=DIRECTION('ref_axis',(0.,0.,1.));
#6301=DIRECTION('center_axis',(0.,-1.,0.));
#6302=DIRECTION('ref_axis',(-0.944362125170035,0.,0.328907550147962));
#6303=DIRECTION('',(1.72347117760049E-16,0.,-1.));
#6304=DIRECTION('center_axis',(0.,-1.,0.));
#6305=DIRECTION('ref_axis',(2.33731163078982E-16,0.,-1.));
#6306=DIRECTION('',(1.,0.,-1.52655665885959E-15));
#6307=DIRECTION('center_axis',(0.,-1.,0.));
#6308=DIRECTION('ref_axis',(1.,0.,2.3373116307898E-16));
#6309=DIRECTION('',(-9.48132223266035E-15,0.,1.));
#6310=DIRECTION('center_axis',(0.,-1.,0.));
#6311=DIRECTION('ref_axis',(-0.25341118534778,0.,0.967358656931664));
#6312=DIRECTION('center_axis',(0.,-1.,0.));
#6313=DIRECTION('ref_axis',(0.,0.,-1.));
#6314=DIRECTION('',(1.,0.,0.));
#6315=DIRECTION('',(0.,0.,-1.));
#6316=DIRECTION('',(1.,0.,0.));
#6317=DIRECTION('center_axis',(0.,5.63568917815955E-16,1.));
#6318=DIRECTION('ref_axis',(0.,-1.,5.63568917815955E-16));
#6319=DIRECTION('',(1.,0.,0.));
#6320=DIRECTION('',(0.,-1.,5.63568917815955E-16));
#6321=DIRECTION('center_axis',(0.,-1.,3.14691979710404E-16));
#6322=DIRECTION('ref_axis',(0.,-3.14691979710404E-16,-1.));
#6323=DIRECTION('',(1.,0.,0.));
#6324=DIRECTION('',(0.,-3.14691979710404E-16,-1.));
#6325=DIRECTION('center_axis',(0.,0.,1.));
#6326=DIRECTION('ref_axis',(0.,-1.,0.));
#6327=DIRECTION('',(1.,0.,0.));
#6328=DIRECTION('',(0.,-1.,0.));
#6329=DIRECTION('center_axis',(0.,1.,-2.77555752020386E-16));
#6330=DIRECTION('ref_axis',(0.,2.77555752020386E-16,1.));
#6331=DIRECTION('',(1.,0.,0.));
#6332=DIRECTION('',(0.,2.77555752020386E-16,1.));
#6333=DIRECTION('center_axis',(0.,-6.66315672090545E-16,-1.));
#6334=DIRECTION('ref_axis',(0.,1.,-6.66315672090545E-16));
#6335=DIRECTION('',(0.,1.,-6.66315672090545E-16));
#6336=DIRECTION('center_axis',(1.,0.,0.));
#6337=DIRECTION('ref_axis',(0.,0.,-1.));
#6338=DIRECTION('center_axis',(0.,-1.,1.22191224646457E-15));
#6339=DIRECTION('ref_axis',(0.,-1.22191224646457E-15,-1.));
#6340=DIRECTION('',(1.,0.,0.));
#6341=DIRECTION('',(0.,-1.22191224646457E-15,-1.));
#6342=DIRECTION('',(1.,0.,0.));
#6343=DIRECTION('center_axis',(0.,-5.91419700466791E-16,-1.));
#6344=DIRECTION('ref_axis',(0.,1.,-5.91419700466791E-16));
#6345=DIRECTION('',(1.,0.,0.));
#6346=DIRECTION('',(0.,1.,-5.91419700466791E-16));
#6347=DIRECTION('center_axis',(0.,-1.,0.));
#6348=DIRECTION('ref_axis',(0.,0.,-1.));
#6349=DIRECTION('',(1.,0.,0.));
#6350=DIRECTION('',(0.,0.,-1.));
#6351=DIRECTION('center_axis',(0.,5.91419700466791E-16,1.));
#6352=DIRECTION('ref_axis',(0.,-1.,5.91419700466791E-16));
#6353=DIRECTION('',(1.,0.,0.));
#6354=DIRECTION('',(0.,-1.,5.91419700466791E-16));
#6355=DIRECTION('center_axis',(0.,-1.,1.7924966876097E-15));
#6356=DIRECTION('ref_axis',(0.,-1.7924966876097E-15,-1.));
#6357=DIRECTION('',(1.,0.,0.));
#6358=DIRECTION('',(0.,-1.7924966876097E-15,-1.));
#6359=DIRECTION('center_axis',(0.,-5.1181985708519E-16,-1.));
#6360=DIRECTION('ref_axis',(0.,1.,-5.1181985708519E-16));
#6361=DIRECTION('',(1.,0.,0.));
#6362=DIRECTION('',(0.,1.,-5.1181985708519E-16));
#6363=DIRECTION('center_axis',(0.,-1.,0.));
#6364=DIRECTION('ref_axis',(0.,0.,-1.));
#6365=DIRECTION('',(1.,0.,0.));
#6366=DIRECTION('',(0.,0.,-1.));
#6367=DIRECTION('center_axis',(0.,8.22844843247235E-16,1.));
#6368=DIRECTION('ref_axis',(0.,-1.,8.22844843247235E-16));
#6369=DIRECTION('',(1.,0.,0.));
#6370=DIRECTION('',(0.,-1.,8.22844843247235E-16));
#6371=DIRECTION('center_axis',(0.,1.,-1.11022300808154E-15));
#6372=DIRECTION('ref_axis',(0.,1.11022300808154E-15,1.));
#6373=DIRECTION('',(1.,0.,0.));
#6374=DIRECTION('',(0.,1.11022300808154E-15,1.));
#6375=DIRECTION('center_axis',(0.,-1.04870290794251E-15,-1.));
#6376=DIRECTION('ref_axis',(0.,1.,-1.04870290794251E-15));
#6377=DIRECTION('',(0.,1.,-1.04870290794251E-15));
#6378=DIRECTION('center_axis',(1.,0.,0.));
#6379=DIRECTION('ref_axis',(0.,0.,-1.));
#6380=DIRECTION('center_axis',(0.,-1.20028527460972E-15,-1.));
#6381=DIRECTION('ref_axis',(0.,1.,-1.20028527460972E-15));
#6382=DIRECTION('',(-2.77555756156289E-15,1.,-1.20028527460972E-15));
#6383=DIRECTION('',(1.,0.,0.));
#6384=DIRECTION('',(0.,1.,-1.20028527460972E-15));
#6385=DIRECTION('',(1.,0.,0.));
#6386=DIRECTION('',(1.,0.,0.));
#6387=DIRECTION('',(1.,0.,0.));
#6388=DIRECTION('',(1.,0.,0.));
#6389=DIRECTION('',(1.,0.,0.));
#6390=DIRECTION('',(1.,0.,0.));
#6391=DIRECTION('',(1.,0.,0.));
#6392=DIRECTION('',(1.,0.,0.));
#6393=DIRECTION('center_axis',(0.,1.1147855498429E-15,1.));
#6394=DIRECTION('ref_axis',(0.,-1.,1.1147855498429E-15));
#6395=DIRECTION('',(2.77555756156289E-15,-1.,1.1147855498429E-15));
#6396=DIRECTION('',(1.,0.,0.));
#6397=DIRECTION('',(0.,-1.,1.1147855498429E-15));
#6398=DIRECTION('center_axis',(0.,-1.,0.));
#6399=DIRECTION('ref_axis',(0.,0.,-1.));
#6400=DIRECTION('',(-1.38666955995876E-32,0.,-1.));
#6401=DIRECTION('',(0.,0.,-1.));
#6402=DIRECTION('center_axis',(0.,-1.38872619220054E-15,-1.));
#6403=DIRECTION('ref_axis',(0.,1.,-1.38872619220054E-15));
#6404=DIRECTION('',(-2.77555756156289E-15,1.,-1.38872619220054E-15));
#6405=DIRECTION('',(1.,0.,0.));
#6406=DIRECTION('',(0.,1.,-1.38872619220054E-15));
#6407=DIRECTION('',(1.,0.,0.));
#6408=DIRECTION('',(1.,0.,0.));
#6409=DIRECTION('',(1.,0.,0.));
#6410=DIRECTION('',(1.,0.,0.));
#6411=DIRECTION('',(1.,0.,0.));
#6412=DIRECTION('',(1.,0.,0.));
#6413=DIRECTION('',(1.,0.,0.));
#6414=DIRECTION('center_axis',(0.,1.2835859799788E-15,1.));
#6415=DIRECTION('ref_axis',(0.,-1.,1.2835859799788E-15));
#6416=DIRECTION('',(2.77555756156289E-15,-1.,1.2835859799788E-15));
#6417=DIRECTION('',(1.,0.,0.));
#6418=DIRECTION('',(0.,-1.,1.2835859799788E-15));
#6419=DIRECTION('center_axis',(0.,-1.,0.));
#6420=DIRECTION('ref_axis',(0.,0.,-1.));
#6421=DIRECTION('',(-1.38666955995876E-32,0.,-1.));
#6422=DIRECTION('',(0.,0.,-1.));
#6423=DIRECTION('',(1.,0.,0.));
#6424=DIRECTION('',(1.,0.,0.));
#6425=DIRECTION('',(1.,0.,0.));
#6426=DIRECTION('',(1.,0.,0.));
#6427=DIRECTION('',(1.,0.,0.));
#6428=DIRECTION('',(1.,0.,0.));
#6429=DIRECTION('',(1.,0.,0.));
#6430=DIRECTION('',(1.,0.,0.));
#6431=DIRECTION('',(1.,0.,0.));
#6432=DIRECTION('',(1.,0.,0.));
#6433=DIRECTION('',(1.,0.,0.));
#6434=DIRECTION('',(1.,0.,0.));
#6435=DIRECTION('center_axis',(0.,7.39812272809572E-16,1.));
#6436=DIRECTION('ref_axis',(0.,-1.,7.39812272809572E-16));
#6437=DIRECTION('',(1.,0.,0.));
#6438=DIRECTION('',(0.,-1.,7.39812272809572E-16));
#6439=DIRECTION('center_axis',(0.,1.,-5.55111504040772E-16));
#6440=DIRECTION('ref_axis',(0.,5.55111504040772E-16,1.));
#6441=DIRECTION('',(1.,0.,0.));
#6442=DIRECTION('',(0.,5.55111504040772E-16,1.));
#6443=DIRECTION('center_axis',(0.,-7.27901138692935E-16,-1.));
#6444=DIRECTION('ref_axis',(0.,1.,-7.27901138692935E-16));
#6445=DIRECTION('',(0.,1.,-7.27901138692935E-16));
#6446=DIRECTION('center_axis',(-1.,0.,0.));
#6447=DIRECTION('ref_axis',(0.,-1.,0.));
#6448=DIRECTION('center_axis',(0.,6.25995013218605E-16,1.));
#6449=DIRECTION('ref_axis',(0.,-1.,6.25995013218605E-16));
#6450=DIRECTION('',(0.,-1.,6.25995013218605E-16));
#6451=DIRECTION('',(1.,0.,0.));
#6452=DIRECTION('center_axis',(0.,-8.76932688116985E-16,-1.));
#6453=DIRECTION('ref_axis',(0.,1.,-8.76932688116985E-16));
#6454=DIRECTION('',(-2.77555756156289E-15,1.,-8.76932688116985E-16));
#6455=DIRECTION('',(1.,0.,0.));
#6456=DIRECTION('',(0.,1.,-8.76932688116985E-16));
#6457=DIRECTION('',(1.,0.,0.));
#6458=DIRECTION('',(1.,0.,0.));
#6459=DIRECTION('',(1.,0.,0.));
#6460=DIRECTION('',(1.,0.,0.));
#6461=DIRECTION('',(1.,0.,0.));
#6462=DIRECTION('',(1.,0.,0.));
#6463=DIRECTION('center_axis',(0.,9.75771656962162E-16,1.));
#6464=DIRECTION('ref_axis',(0.,-1.,9.75771656962162E-16));
#6465=DIRECTION('',(2.77555756156289E-15,-1.,9.75771656962162E-16));
#6466=DIRECTION('',(1.,0.,0.));
#6467=DIRECTION('',(0.,-1.,9.75771656962162E-16));
#6468=DIRECTION('center_axis',(0.,-1.,3.14610850241302E-16));
#6469=DIRECTION('ref_axis',(0.,-3.14610850241302E-16,-1.));
#6470=DIRECTION('',(8.59353828737389E-31,-3.14610850241302E-16,-1.));
#6471=DIRECTION('',(0.,-3.14610850241302E-16,-1.));
#6472=DIRECTION('center_axis',(0.,-1.,2.34387523715563E-16));
#6473=DIRECTION('ref_axis',(0.,-2.34387523715563E-16,-1.));
#6474=DIRECTION('',(1.,0.,0.));
#6475=DIRECTION('',(0.,-2.34387523715563E-16,-1.));
#6476=DIRECTION('',(1.,0.,0.));
#6477=DIRECTION('center_axis',(0.,0.,-1.));
#6478=DIRECTION('ref_axis',(0.,1.,0.));
#6479=DIRECTION('',(1.,0.,0.));
#6480=DIRECTION('',(0.,1.,0.));
#6481=DIRECTION('',(1.,0.,0.));
#6482=DIRECTION('',(1.,0.,0.));
#6483=DIRECTION('',(1.,0.,0.));
#6484=DIRECTION('',(1.,0.,0.));
#6485=DIRECTION('center_axis',(0.,0.84377536543762,-0.536696499597874));
#6486=DIRECTION('ref_axis',(0.,0.536696499597874,0.84377536543762));
#6487=DIRECTION('',(1.,0.,0.));
#6488=DIRECTION('',(0.,0.536696499597874,0.84377536543762));
#6489=DIRECTION('center_axis',(0.,-8.33804920176264E-16,-1.));
#6490=DIRECTION('ref_axis',(0.,1.,-8.33804920176264E-16));
#6491=DIRECTION('',(1.,0.,0.));
#6492=DIRECTION('',(0.,1.,-8.33804920176264E-16));
#6493=DIRECTION('center_axis',(0.,-0.842616467753786,0.538514148625765));
#6494=DIRECTION('ref_axis',(0.,-0.538514148625765,-0.842616467753786));
#6495=DIRECTION('',(1.,0.,0.));
#6496=DIRECTION('',(0.,-0.538514148625765,-0.842616467753786));
#6497=DIRECTION('',(1.,0.,0.));
#6498=DIRECTION('',(1.,0.,0.));
#6499=DIRECTION('',(1.,0.,0.));
#6500=DIRECTION('',(1.,0.,0.));
#6501=DIRECTION('',(1.,0.,0.));
#6502=DIRECTION('',(1.,0.,0.));
#6503=DIRECTION('center_axis',(0.,1.,-2.77555752020386E-16));
#6504=DIRECTION('ref_axis',(0.,2.77555752020386E-16,1.));
#6505=DIRECTION('',(1.,0.,0.));
#6506=DIRECTION('',(0.,2.77555752020386E-16,1.));
#6507=DIRECTION('center_axis',(0.,-1.04870290794251E-15,-1.));
#6508=DIRECTION('ref_axis',(0.,1.,-1.04870290794251E-15));
#6509=DIRECTION('',(0.,1.,-1.04870290794251E-15));
#6510=DIRECTION('center_axis',(-1.,0.,0.));
#6511=DIRECTION('ref_axis',(0.,-1.,0.));
#6512=DIRECTION('center_axis',(-1.,0.,0.));
#6513=DIRECTION('ref_axis',(0.,-1.,0.));
#6514=DIRECTION('center_axis',(-1.,-2.77555756156289E-15,1.38666955995876E-32));
#6515=DIRECTION('ref_axis',(2.17244897726881E-31,-8.32667268468868E-17,
-1.));
#6516=DIRECTION('center_axis',(-1.,-2.77555756156289E-15,1.38666955995876E-32));
#6517=DIRECTION('ref_axis',(2.17244897726881E-31,-8.32667268468868E-17,
-1.));
#6518=DIRECTION('center_axis',(-1.,-2.77555756156289E-15,1.38666955995876E-32));
#6519=DIRECTION('ref_axis',(2.17244897726881E-31,-8.32667268468868E-17,
-1.));
#6520=DIRECTION('center_axis',(-1.,0.,0.));
#6521=DIRECTION('ref_axis',(0.,-1.,0.));
#6522=DIRECTION('',(0.,-1.,0.));
#6523=DIRECTION('',(0.,-1.,0.));
#6524=DIRECTION('',(0.,0.,1.));
#6525=DIRECTION('center_axis',(0.,1.,0.));
#6526=DIRECTION('ref_axis',(-1.,0.,0.));
#6527=DIRECTION('',(-1.,0.,0.));
#6528=DIRECTION('',(0.,0.,1.));
#6529=DIRECTION('center_axis',(1.,0.,0.));
#6530=DIRECTION('ref_axis',(0.,1.,0.));
#6531=DIRECTION('',(0.,1.,0.));
#6532=DIRECTION('center_axis',(-1.,-2.65788125207173E-15,0.));
#6533=DIRECTION('ref_axis',(2.65788125207173E-15,-1.,0.));
#6534=DIRECTION('',(2.65788125207173E-15,-1.,0.));
#6535=DIRECTION('',(0.,0.,1.));
#6536=DIRECTION('center_axis',(1.2335811384724E-15,1.,0.));
#6537=DIRECTION('ref_axis',(-1.,1.2335811384724E-15,0.));
#6538=DIRECTION('',(-1.,0.,0.));
#6539=DIRECTION('',(-1.,1.2335811384724E-15,0.));
#6540=DIRECTION('',(0.,0.,1.));
#6541=DIRECTION('center_axis',(0.,0.,1.));
#6542=DIRECTION('ref_axis',(1.,0.,0.));
#6543=DIRECTION('',(-1.,0.,0.));
#6544=DIRECTION('',(-9.93530904689665E-16,1.,0.));
#6545=DIRECTION('center_axis',(4.28888299410473E-16,1.,0.));
#6546=DIRECTION('ref_axis',(-1.,4.28888299410473E-16,0.));
#6547=DIRECTION('',(0.,0.,1.));
#6548=DIRECTION('',(-1.,4.28888299410473E-16,0.));
#6549=DIRECTION('',(0.,0.,1.));
#6550=DIRECTION('center_axis',(1.,6.03382078600627E-17,0.));
#6551=DIRECTION('ref_axis',(-6.03382078600627E-17,1.,0.));
#6552=DIRECTION('',(0.,1.,0.));
#6553=DIRECTION('',(-6.03382078600627E-17,1.,0.));
#6554=DIRECTION('center_axis',(0.,-1.,0.));
#6555=DIRECTION('ref_axis',(1.,0.,0.));
#6556=DIRECTION('',(1.,0.,0.));
#6557=DIRECTION('',(0.,0.,1.));
#6558=DIRECTION('',(1.,0.,0.));
#6559=DIRECTION('',(0.,0.,1.));
#6560=DIRECTION('center_axis',(-0.999999154365435,0.00130048776026136,0.));
#6561=DIRECTION('ref_axis',(-0.00130048776026136,-0.999999154365435,0.));
#6562=DIRECTION('',(-0.00130048776026136,-0.999999154365435,0.));
#6563=DIRECTION('center_axis',(0.,0.,1.));
#6564=DIRECTION('ref_axis',(1.,0.,0.));
#6565=DIRECTION('',(3.51780944954369E-16,1.,0.));
#6566=DIRECTION('center_axis',(0.,0.,-1.));
#6567=DIRECTION('ref_axis',(-0.707106781186541,0.707106781186554,0.));
#6568=DIRECTION('center_axis',(0.,0.,1.));
#6569=DIRECTION('ref_axis',(-0.707106781186541,0.707106781186554,0.));
#6570=DIRECTION('center_axis',(0.,0.,1.));
#6571=DIRECTION('ref_axis',(-0.707106781186541,0.707106781186554,0.));
#6572=DIRECTION('',(0.,0.,-1.));
#6573=DIRECTION('center_axis',(0.,0.,1.));
#6574=DIRECTION('ref_axis',(1.,0.,0.));
#6575=DIRECTION('',(0.,-1.,0.));
#6576=DIRECTION('center_axis',(0.,0.,-1.));
#6577=DIRECTION('ref_axis',(0.707106781186541,-0.707106781186554,0.));
#6578=DIRECTION('',(-1.,0.,0.));
#6579=DIRECTION('',(0.,1.,0.));
#6580=DIRECTION('',(-1.,0.,0.));
#6581=DIRECTION('',(0.,1.,0.));
#6582=DIRECTION('',(1.,0.,0.));
#6583=DIRECTION('',(0.,1.,0.));
#6584=DIRECTION('',(1.,0.,0.));
#6585=DIRECTION('center_axis',(0.,0.,-1.));
#6586=DIRECTION('ref_axis',(0.707106781186548,0.707106781186548,0.));
#6587=DIRECTION('',(0.,-1.,0.));
#6588=DIRECTION('center_axis',(0.,0.,-1.));
#6589=DIRECTION('ref_axis',(0.707106781186548,-0.707106781186548,0.));
#6590=DIRECTION('',(-1.,0.,0.));
#6591=DIRECTION('center_axis',(0.,0.,1.));
#6592=DIRECTION('ref_axis',(-0.707106781186541,0.707106781186554,0.));
#6593=DIRECTION('',(0.,1.,0.));
#6594=DIRECTION('',(-1.,-2.60902410786912E-15,0.));
#6595=DIRECTION('center_axis',(0.,0.,-1.));
#6596=DIRECTION('ref_axis',(-1.,0.,0.));
#6597=DIRECTION('center_axis',(0.,0.,-1.));
#6598=DIRECTION('ref_axis',(-1.,0.,0.));
#6599=DIRECTION('center_axis',(0.,0.,-1.));
#6600=DIRECTION('ref_axis',(-1.,0.,0.));
#6601=DIRECTION('center_axis',(0.,0.,-1.));
#6602=DIRECTION('ref_axis',(-1.,0.,0.));
#6603=DIRECTION('center_axis',(0.,0.,-1.));
#6604=DIRECTION('ref_axis',(-1.,0.,0.));
#6605=DIRECTION('center_axis',(0.,0.,-1.));
#6606=DIRECTION('ref_axis',(-1.,0.,0.));
#6607=DIRECTION('center_axis',(0.,0.,-1.));
#6608=DIRECTION('ref_axis',(-1.,0.,0.));
#6609=DIRECTION('center_axis',(0.,0.,-1.));
#6610=DIRECTION('ref_axis',(-1.,0.,0.));
#6611=DIRECTION('center_axis',(1.,0.,0.));
#6612=DIRECTION('ref_axis',(0.,1.,0.));
#6613=DIRECTION('',(0.,1.,0.));
#6614=DIRECTION('',(0.,0.,1.));
#6615=DIRECTION('center_axis',(0.,0.,1.));
#6616=DIRECTION('ref_axis',(0.707106781186541,-0.707106781186554,0.));
#6617=DIRECTION('center_axis',(0.,0.,-1.));
#6618=DIRECTION('ref_axis',(0.707106781186541,-0.707106781186554,0.));
#6619=DIRECTION('',(0.,0.,-1.));
#6620=DIRECTION('center_axis',(0.,0.,1.));
#6621=DIRECTION('ref_axis',(0.707106781186548,0.707106781186548,0.));
#6622=DIRECTION('center_axis',(0.,0.,-1.));
#6623=DIRECTION('ref_axis',(0.707106781186548,0.707106781186548,0.));
#6624=DIRECTION('',(0.,0.,-1.));
#6625=DIRECTION('',(0.,0.,1.));
#6626=DIRECTION('center_axis',(1.,0.,0.));
#6627=DIRECTION('ref_axis',(0.,1.,0.));
#6628=DIRECTION('',(0.,1.,0.));
#6629=DIRECTION('',(0.,0.,1.));
#6630=DIRECTION('center_axis',(0.,0.,1.));
#6631=DIRECTION('ref_axis',(1.,0.,0.));
#6632=DIRECTION('',(-1.,0.,0.));
#6633=DIRECTION('',(0.,-1.,0.));
#6634=DIRECTION('',(-1.,0.,0.));
#6635=DIRECTION('',(0.,1.,0.));
#6636=DIRECTION('center_axis',(0.,0.,1.));
#6637=DIRECTION('ref_axis',(-0.707106781186541,0.707106781186554,0.));
#6638=DIRECTION('',(1.,0.,0.));
#6639=DIRECTION('center_axis',(0.,0.,-1.));
#6640=DIRECTION('ref_axis',(0.707106781186548,-0.707106781186548,0.));
#6641=DIRECTION('center_axis',(0.,0.,1.));
#6642=DIRECTION('ref_axis',(0.707106781186548,-0.707106781186548,0.));
#6643=DIRECTION('',(0.,0.,-1.));
#6644=DIRECTION('center_axis',(0.,0.,1.));
#6645=DIRECTION('ref_axis',(-0.707106781186541,0.707106781186554,0.));
#6646=DIRECTION('',(0.,0.,1.));
#6647=DIRECTION('',(0.,0.,-1.));
#6648=DIRECTION('center_axis',(1.,0.,0.));
#6649=DIRECTION('ref_axis',(0.,0.,-1.));
#6650=DIRECTION('',(0.,0.,-1.));
#6651=DIRECTION('',(0.,0.,1.));
#6652=DIRECTION('',(0.,1.,0.));
#6653=DIRECTION('center_axis',(-1.,0.,0.));
#6654=DIRECTION('ref_axis',(0.,-1.,0.));
#6655=DIRECTION('center_axis',(-1.,0.,0.));
#6656=DIRECTION('ref_axis',(0.,-1.,0.));
#6657=DIRECTION('center_axis',(-1.,0.,0.));
#6658=DIRECTION('ref_axis',(0.,-1.,0.));
#6659=DIRECTION('center_axis',(-1.,0.,0.));
#6660=DIRECTION('ref_axis',(0.,-1.,0.));
#6661=DIRECTION('',(0.,0.,1.));
#6662=DIRECTION('center_axis',(-1.,0.,0.));
#6663=DIRECTION('ref_axis',(0.,-1.,0.));
#6664=DIRECTION('center_axis',(0.,1.,0.));
#6665=DIRECTION('ref_axis',(-1.,0.,0.));
#6666=DIRECTION('',(0.,0.,1.));
#6667=DIRECTION('center_axis',(-1.,0.,0.));
#6668=DIRECTION('ref_axis',(0.,-1.,0.));
#6669=DIRECTION('',(0.,0.,1.));
#6670=DIRECTION('center_axis',(0.,1.,0.));
#6671=DIRECTION('ref_axis',(-1.,0.,0.));
#6672=DIRECTION('center_axis',(0.,-1.,0.));
#6673=DIRECTION('ref_axis',(1.,0.,0.));
#6674=DIRECTION('center_axis',(0.,-1.,0.));
#6675=DIRECTION('ref_axis',(1.,0.,0.));
#6676=DIRECTION('',(1.,0.,0.));
#6677=DIRECTION('',(0.,0.,1.));
#6678=DIRECTION('center_axis',(-1.,0.,0.));
#6679=DIRECTION('ref_axis',(0.,-1.,0.));
#6680=DIRECTION('',(0.,-1.,0.));
#6681=DIRECTION('',(0.,0.,1.));
#6682=DIRECTION('center_axis',(0.,-1.,0.));
#6683=DIRECTION('ref_axis',(1.,0.,0.));
#6684=DIRECTION('',(1.,0.,0.));
#6685=DIRECTION('center_axis',(0.,0.,1.));
#6686=DIRECTION('ref_axis',(1.,0.,0.));
#6687=DIRECTION('center_axis',(0.,-0.707106781186547,0.707106781186548));
#6688=DIRECTION('ref_axis',(1.,0.,0.));
#6689=DIRECTION('',(1.,0.,0.));
#6690=DIRECTION('',(0.577350269189626,0.577350269189626,0.577350269189625));
#6691=DIRECTION('',(-1.,0.,0.));
#6692=DIRECTION('',(-0.577350269189626,0.577350269189626,0.577350269189625));
#6693=DIRECTION('center_axis',(0.707106781186548,-0.707106781186548,0.));
#6694=DIRECTION('ref_axis',(0.,0.,-1.));
#6695=DIRECTION('',(0.,0.,-1.));
#6696=DIRECTION('',(0.577350269189626,0.577350269189626,-0.577350269189625));
#6697=DIRECTION('',(0.,0.,1.));
#6698=DIRECTION('center_axis',(0.,-0.707106781186547,-0.707106781186548));
#6699=DIRECTION('ref_axis',(-1.,0.,0.));
#6700=DIRECTION('',(-1.,0.,0.));
#6701=DIRECTION('',(-0.577350269189626,0.577350269189626,-0.577350269189625));
#6702=DIRECTION('',(0.,0.707106781186546,-0.707106781186549));
#6703=DIRECTION('',(0.,-0.707106781186546,0.707106781186549));
#6704=DIRECTION('center_axis',(-0.707106781186548,-0.707106781186548,0.));
#6705=DIRECTION('ref_axis',(0.,0.,1.));
#6706=DIRECTION('',(0.,0.,-1.));
#6707=DIRECTION('',(0.,0.,1.));
#6708=DIRECTION('center_axis',(-1.,0.,0.));
#6709=DIRECTION('ref_axis',(0.,0.,-1.));
#6710=DIRECTION('',(0.,-1.,0.));
#6711=DIRECTION('center_axis',(0.,0.,1.));
#6712=DIRECTION('ref_axis',(-1.,0.,0.));
#6713=DIRECTION('',(0.,-1.,0.));
#6714=DIRECTION('center_axis',(0.,-1.,0.));
#6715=DIRECTION('ref_axis',(0.,0.,-1.));
#6716=DIRECTION('center_axis',(0.,-1.,0.));
#6717=DIRECTION('ref_axis',(1.,0.,0.));
#6718=DIRECTION('',(0.,-1.33013866662716E-32,-1.));
#6719=DIRECTION('',(-1.,-9.83577413313951E-49,0.));
#6720=DIRECTION('',(0.,1.01895789580726E-48,1.));
#6721=DIRECTION('',(1.,1.28395329625816E-32,-1.5419764230905E-16));
#6722=DIRECTION('center_axis',(1.,0.,0.));
#6723=DIRECTION('ref_axis',(0.,1.17143849793801E-32,1.));
#6724=DIRECTION('center_axis',(0.,-0.707106781186547,0.707106781186548));
#6725=DIRECTION('ref_axis',(1.,0.,0.));
#6726=DIRECTION('',(1.,0.,0.));
#6727=DIRECTION('',(0.577350269189626,0.577350269189626,0.577350269189625));
#6728=DIRECTION('',(-1.,0.,0.));
#6729=DIRECTION('',(-0.577350269189626,0.577350269189626,0.577350269189625));
#6730=DIRECTION('center_axis',(0.707106781186548,-0.707106781186548,0.));
#6731=DIRECTION('ref_axis',(0.,0.,-1.));
#6732=DIRECTION('',(0.,0.,-1.));
#6733=DIRECTION('',(0.,0.,1.));
#6734=DIRECTION('center_axis',(-0.707106781186568,-0.707106781186527,9.80523449111831E-33));
#6735=DIRECTION('ref_axis',(1.38666955995876E-32,0.,1.));
#6736=DIRECTION('',(1.38666955995876E-32,0.,1.));
#6737=DIRECTION('center_axis',(0.,0.,1.));
#6738=DIRECTION('ref_axis',(-1.,0.,0.));
#6739=DIRECTION('',(0.,-1.,0.));
#6740=DIRECTION('center_axis',(0.,-1.,0.));
#6741=DIRECTION('ref_axis',(0.,0.,-1.));
#6742=DIRECTION('center_axis',(0.,-1.,0.));
#6743=DIRECTION('ref_axis',(1.,0.,0.));
#6744=DIRECTION('',(-1.,6.60318838075621E-33,0.));
#6745=DIRECTION('',(0.,-6.4428213341126E-33,1.));
#6746=DIRECTION('',(1.,-4.8262494193658E-49,0.));
#6747=DIRECTION('',(0.,4.70903765421237E-49,-1.));
#6748=DIRECTION('center_axis',(1.,0.,0.));
#6749=DIRECTION('ref_axis',(0.,0.,1.));
#6750=DIRECTION('',(0.,1.,0.));
#6751=DIRECTION('center_axis',(0.,0.,-1.));
#6752=DIRECTION('ref_axis',(-1.,0.,0.));
#6753=DIRECTION('',(0.,1.,0.));
#6754=DIRECTION('',(1.,2.60902410786912E-15,0.));
#6755=DIRECTION('',(0.,-1.,0.));
#6756=DIRECTION('center_axis',(1.,0.,0.));
#6757=DIRECTION('ref_axis',(0.,0.,-1.));
#6758=DIRECTION('',(0.,1.,0.));
#6759=DIRECTION('',(0.,8.32667268468868E-17,1.));
#6760=DIRECTION('center_axis',(0.,0.,1.));
#6761=DIRECTION('ref_axis',(1.,0.,0.));
#6762=DIRECTION('',(0.,1.,0.));
#6763=DIRECTION('',(-1.,-2.60902410786912E-15,0.));
#6764=DIRECTION('center_axis',(-1.,0.,0.));
#6765=DIRECTION('ref_axis',(0.,0.,1.));
#6766=DIRECTION('',(0.,-8.32667268468868E-17,-1.));
#6767=DIRECTION('center_axis',(-1.,0.,0.));
#6768=DIRECTION('ref_axis',(0.,-1.,0.));
#6769=DIRECTION('',(0.707106781186548,-0.707106781186547,-8.65956056235493E-17));
#6770=DIRECTION('center_axis',(1.,0.,0.));
#6771=DIRECTION('ref_axis',(0.,-1.,0.));
#6772=DIRECTION('center_axis',(1.,0.,0.));
#6773=DIRECTION('ref_axis',(0.,-1.,0.));
#6774=DIRECTION('',(1.,0.,0.));
#6775=DIRECTION('center_axis',(1.,0.,9.48132223266035E-15));
#6776=DIRECTION('ref_axis',(-9.48132223266035E-15,0.,1.));
#6777=DIRECTION('',(0.,-1.,0.));
#6778=DIRECTION('',(0.,-1.,0.));
#6779=DIRECTION('center_axis',(0.,-1.,0.));
#6780=DIRECTION('ref_axis',(1.,0.,2.3373116307898E-16));
#6781=DIRECTION('',(0.,-1.,0.));
#6782=DIRECTION('center_axis',(-1.52655665885959E-15,0.,-1.));
#6783=DIRECTION('ref_axis',(1.,0.,-1.52655665885959E-15));
#6784=DIRECTION('',(0.,-1.,0.));
#6785=DIRECTION('center_axis',(0.,-1.,0.));
#6786=DIRECTION('ref_axis',(2.33731163078982E-16,0.,-1.));
#6787=DIRECTION('',(0.,-1.,0.));
#6788=DIRECTION('center_axis',(-1.,0.,-1.72347117760049E-16));
#6789=DIRECTION('ref_axis',(1.72347117760049E-16,0.,-1.));
#6790=DIRECTION('',(0.,-1.,0.));
#6791=DIRECTION('center_axis',(0.,-1.,0.));
#6792=DIRECTION('ref_axis',(-0.944362125170035,0.,0.328907550147962));
#6793=DIRECTION('center_axis',(0.,-1.,0.));
#6794=DIRECTION('ref_axis',(-0.25341118534778,0.,0.967358656931664));
#6795=DIRECTION('center_axis',(0.,0.,1.));
#6796=DIRECTION('ref_axis',(-1.,0.,0.));
#6797=DIRECTION('center_axis',(0.,0.,-1.));
#6798=DIRECTION('ref_axis',(-1.,0.,0.));
#6799=DIRECTION('',(0.,0.,-1.));
#6800=DIRECTION('center_axis',(0.,0.,1.));
#6801=DIRECTION('ref_axis',(-1.,0.,0.));
#6802=DIRECTION('center_axis',(0.,0.,1.));
#6803=DIRECTION('ref_axis',(-1.,0.,0.));
#6804=DIRECTION('center_axis',(0.,0.,1.));
#6805=DIRECTION('ref_axis',(-1.,0.,0.));
#6806=DIRECTION('',(0.,0.,-1.));
#6807=DIRECTION('center_axis',(0.,0.,1.));
#6808=DIRECTION('ref_axis',(-1.,0.,0.));
#6809=DIRECTION('center_axis',(0.,0.,1.));
#6810=DIRECTION('ref_axis',(1.,0.,0.));
#6811=DIRECTION('center_axis',(0.,0.,1.));
#6812=DIRECTION('ref_axis',(-1.,0.,0.));
#6813=DIRECTION('center_axis',(0.,0.,-1.));
#6814=DIRECTION('ref_axis',(-1.,0.,0.));
#6815=DIRECTION('',(0.,0.,-1.));
#6816=DIRECTION('center_axis',(0.,0.,1.));
#6817=DIRECTION('ref_axis',(-1.,0.,0.));
#6818=DIRECTION('center_axis',(0.,0.,1.));
#6819=DIRECTION('ref_axis',(-1.,0.,0.));
#6820=DIRECTION('center_axis',(0.,0.,1.));
#6821=DIRECTION('ref_axis',(-1.,0.,0.));
#6822=DIRECTION('',(0.,0.,-1.));
#6823=DIRECTION('center_axis',(0.,0.,1.));
#6824=DIRECTION('ref_axis',(-1.,0.,0.));
#6825=DIRECTION('center_axis',(0.,0.,1.));
#6826=DIRECTION('ref_axis',(1.,0.,0.));
#6827=DIRECTION('center_axis',(0.,0.,1.));
#6828=DIRECTION('ref_axis',(-1.,0.,0.));
#6829=DIRECTION('center_axis',(0.,0.,-1.));
#6830=DIRECTION('ref_axis',(-1.,0.,0.));
#6831=DIRECTION('',(0.,0.,-1.));
#6832=DIRECTION('center_axis',(0.,0.,1.));
#6833=DIRECTION('ref_axis',(-1.,0.,0.));
#6834=DIRECTION('center_axis',(0.,0.,1.));
#6835=DIRECTION('ref_axis',(-1.,0.,0.));
#6836=DIRECTION('center_axis',(0.,0.,1.));
#6837=DIRECTION('ref_axis',(-1.,0.,0.));
#6838=DIRECTION('',(0.,0.,-1.));
#6839=DIRECTION('center_axis',(0.,0.,1.));
#6840=DIRECTION('ref_axis',(-1.,0.,0.));
#6841=DIRECTION('center_axis',(0.,0.,1.));
#6842=DIRECTION('ref_axis',(1.,0.,0.));
#6843=DIRECTION('center_axis',(0.,0.,1.));
#6844=DIRECTION('ref_axis',(-1.,0.,0.));
#6845=DIRECTION('center_axis',(0.,0.,-1.));
#6846=DIRECTION('ref_axis',(-1.,0.,0.));
#6847=DIRECTION('',(0.,0.,-1.));
#6848=DIRECTION('center_axis',(0.,0.,1.));
#6849=DIRECTION('ref_axis',(-1.,0.,0.));
#6850=DIRECTION('center_axis',(0.,0.,1.));
#6851=DIRECTION('ref_axis',(-1.,0.,0.));
#6852=DIRECTION('center_axis',(0.,0.,1.));
#6853=DIRECTION('ref_axis',(-1.,0.,0.));
#6854=DIRECTION('',(0.,0.,-1.));
#6855=DIRECTION('center_axis',(0.,0.,1.));
#6856=DIRECTION('ref_axis',(-1.,0.,0.));
#6857=DIRECTION('center_axis',(1.,0.,0.));
#6858=DIRECTION('ref_axis',(0.,-1.,0.));
#6859=DIRECTION('',(-1.,0.,0.));
#6860=DIRECTION('',(1.,0.,0.));
#6861=DIRECTION('center_axis',(1.,0.,0.));
#6862=DIRECTION('ref_axis',(0.,-1.,0.));
#6863=DIRECTION('',(-1.,0.,0.));
#6864=DIRECTION('',(1.,0.,0.));
#6865=DIRECTION('center_axis',(1.,0.,0.));
#6866=DIRECTION('ref_axis',(0.,-1.,0.));
#6867=DIRECTION('',(-1.,0.,0.));
#6868=DIRECTION('center_axis',(1.,0.,0.));
#6869=DIRECTION('ref_axis',(0.,-1.,0.));
#6870=DIRECTION('',(1.,0.,0.));
#6871=DIRECTION('center_axis',(0.,0.,1.));
#6872=DIRECTION('ref_axis',(-1.,-2.60902410786912E-15,0.));
#6873=DIRECTION('center_axis',(0.,0.,1.));
#6874=DIRECTION('ref_axis',(-1.,-2.60902410786912E-15,0.));
#6875=DIRECTION('center_axis',(0.,0.,1.));
#6876=DIRECTION('ref_axis',(-1.,-2.60902410786912E-15,0.));
#6877=DIRECTION('center_axis',(0.,0.,1.));
#6878=DIRECTION('ref_axis',(-1.,0.,0.));
#6879=DIRECTION('center_axis',(0.,0.,-1.));
#6880=DIRECTION('ref_axis',(-1.,0.,0.));
#6881=DIRECTION('',(0.,0.,-1.));
#6882=DIRECTION('center_axis',(0.,0.,1.));
#6883=DIRECTION('ref_axis',(-1.,0.,0.));
#6884=DIRECTION('center_axis',(0.,0.,1.));
#6885=DIRECTION('ref_axis',(-1.,0.,0.));
#6886=DIRECTION('center_axis',(0.,0.,1.));
#6887=DIRECTION('ref_axis',(-1.,0.,0.));
#6888=DIRECTION('',(0.,0.,-1.));
#6889=DIRECTION('center_axis',(0.,0.,1.));
#6890=DIRECTION('ref_axis',(-1.,0.,0.));
#6891=DIRECTION('center_axis',(0.,0.,1.));
#6892=DIRECTION('ref_axis',(1.,0.,0.));
#6893=DIRECTION('center_axis',(0.,0.,1.));
#6894=DIRECTION('ref_axis',(-1.,0.,0.));
#6895=DIRECTION('center_axis',(0.,0.,-1.));
#6896=DIRECTION('ref_axis',(-1.,0.,0.));
#6897=DIRECTION('',(0.,0.,-1.));
#6898=DIRECTION('center_axis',(0.,0.,1.));
#6899=DIRECTION('ref_axis',(-1.,0.,0.));
#6900=DIRECTION('center_axis',(0.,0.,1.));
#6901=DIRECTION('ref_axis',(-1.,0.,0.));
#6902=DIRECTION('center_axis',(0.,0.,1.));
#6903=DIRECTION('ref_axis',(-1.,0.,0.));
#6904=DIRECTION('',(0.,0.,-1.));
#6905=DIRECTION('center_axis',(0.,0.,1.));
#6906=DIRECTION('ref_axis',(-1.,0.,0.));
#6907=DIRECTION('center_axis',(0.,0.,1.));
#6908=DIRECTION('ref_axis',(1.,0.,0.));
#6909=DIRECTION('center_axis',(0.,0.,1.));
#6910=DIRECTION('ref_axis',(-1.,0.,0.));
#6911=DIRECTION('center_axis',(0.,0.,-1.));
#6912=DIRECTION('ref_axis',(-1.,0.,0.));
#6913=DIRECTION('',(0.,0.,-1.));
#6914=DIRECTION('center_axis',(0.,0.,1.));
#6915=DIRECTION('ref_axis',(-1.,0.,0.));
#6916=DIRECTION('center_axis',(0.,0.,1.));
#6917=DIRECTION('ref_axis',(-1.,0.,0.));
#6918=DIRECTION('center_axis',(0.,0.,1.));
#6919=DIRECTION('ref_axis',(-1.,0.,0.));
#6920=DIRECTION('',(0.,0.,-1.));
#6921=DIRECTION('center_axis',(0.,0.,1.));
#6922=DIRECTION('ref_axis',(-1.,0.,0.));
#6923=DIRECTION('center_axis',(0.,0.,1.));
#6924=DIRECTION('ref_axis',(1.,0.,0.));
#6925=DIRECTION('center_axis',(0.,0.,1.));
#6926=DIRECTION('ref_axis',(-1.,0.,0.));
#6927=DIRECTION('center_axis',(0.,0.,-1.));
#6928=DIRECTION('ref_axis',(-1.,0.,0.));
#6929=DIRECTION('',(0.,0.,-1.));
#6930=DIRECTION('center_axis',(0.,0.,1.));
#6931=DIRECTION('ref_axis',(-1.,0.,0.));
#6932=DIRECTION('center_axis',(0.,0.,1.));
#6933=DIRECTION('ref_axis',(-1.,0.,0.));
#6934=DIRECTION('center_axis',(0.,0.,1.));
#6935=DIRECTION('ref_axis',(-1.,0.,0.));
#6936=DIRECTION('',(0.,0.,-1.));
#6937=DIRECTION('center_axis',(0.,0.,1.));
#6938=DIRECTION('ref_axis',(-1.,0.,0.));
#6939=DIRECTION('center_axis',(0.,0.,1.));
#6940=DIRECTION('ref_axis',(1.,0.,0.));
#6941=DIRECTION('center_axis',(0.,0.,-1.));
#6942=DIRECTION('ref_axis',(0.,-1.,0.));
#6943=DIRECTION('',(-1.,0.,0.));
#6944=DIRECTION('',(-1.,0.,0.));
#6945=DIRECTION('center_axis',(0.,1.,0.));
#6946=DIRECTION('ref_axis',(0.,0.,-1.));
#6947=DIRECTION('',(-1.,0.,0.));
#6948=DIRECTION('center_axis',(0.,0.,1.));
#6949=DIRECTION('ref_axis',(0.,1.,0.));
#6950=DIRECTION('',(-1.,0.,0.));
#6951=DIRECTION('center_axis',(0.,-1.,0.));
#6952=DIRECTION('ref_axis',(0.,0.,1.));
#6953=DIRECTION('center_axis',(0.,0.,1.));
#6954=DIRECTION('ref_axis',(1.,0.,0.));
#6955=DIRECTION('center_axis',(2.77555756156289E-15,-1.,0.));
#6956=DIRECTION('ref_axis',(-1.,-2.77555756156289E-15,-1.79489173524062E-9));
#6957=DIRECTION('center_axis',(-2.60902410808155E-15,1.,-8.32667268468868E-17));
#6958=DIRECTION('ref_axis',(-1.,-2.60902410823101E-15,-1.79489173524062E-9));
#6959=DIRECTION('',(2.77555756156289E-15,-1.,0.));
#6960=DIRECTION('',(2.77555756156289E-15,-1.,0.));
#6961=DIRECTION('center_axis',(-1.79489670040469E-9,-4.98183910903253E-24,
1.));
#6962=DIRECTION('ref_axis',(-1.,-2.60902410814484E-15,-1.79489670040469E-9));
#6963=DIRECTION('',(-1.,-2.60902410814484E-15,-1.79489670040469E-9));
#6964=DIRECTION('',(2.77555756156289E-15,-1.,0.));
#6965=DIRECTION('center_axis',(2.77555756156289E-15,-1.,0.));
#6966=DIRECTION('ref_axis',(1.79489534346544E-9,4.98183534276953E-24,-1.));
#6967=DIRECTION('center_axis',(-2.60902410786912E-15,1.,-8.32667262786831E-17));
#6968=DIRECTION('ref_axis',(1.79489534346544E-9,-8.32667215957579E-17,-1.));
#6969=DIRECTION('',(2.77555756156289E-15,-1.,0.));
#6970=DIRECTION('center_axis',(-1.,-2.77555756156289E-15,-1.79489682987974E-9));
#6971=DIRECTION('ref_axis',(1.79489682987974E-9,-8.32667221464014E-17,-1.));
#6972=DIRECTION('',(1.79489682987974E-9,-8.32667221464014E-17,-1.));
#6973=DIRECTION('',(2.77555756156289E-15,-1.,0.));
#6974=DIRECTION('center_axis',(2.77555756156289E-15,-1.,0.));
#6975=DIRECTION('ref_axis',(1.,2.77555756156289E-15,1.79489978435753E-9));
#6976=DIRECTION('center_axis',(-2.60902410786912E-15,1.,-8.32667268468868E-17));
#6977=DIRECTION('ref_axis',(1.,2.60902410801858E-15,1.79489978435753E-9));
#6978=DIRECTION('',(2.77555756156289E-15,-1.,0.));
#6979=DIRECTION('center_axis',(1.79489657704658E-9,4.98183876664498E-24,
-1.));
#6980=DIRECTION('ref_axis',(1.,2.60902410814484E-15,1.79489657704658E-9));
#6981=DIRECTION('',(1.,2.60902410814484E-15,1.79489657704658E-9));
#6982=DIRECTION('',(2.77555756156289E-15,-1.,0.));
#6983=DIRECTION('center_axis',(2.77555756156289E-15,-1.,0.));
#6984=DIRECTION('ref_axis',(-1.7948931230194E-9,-4.98182917979374E-24,1.));
#6985=DIRECTION('center_axis',(-2.60902410786912E-15,1.,-8.32667262786831E-17));
#6986=DIRECTION('ref_axis',(-1.7948931230194E-9,8.32667215957637E-17,1.));
#6987=DIRECTION('',(2.77555756156289E-15,-1.,0.));
#6988=DIRECTION('center_axis',(1.,2.77555756156289E-15,1.7948966463718E-9));
#6989=DIRECTION('ref_axis',(-1.7948966463718E-9,8.32667221639582E-17,1.));
#6990=DIRECTION('',(-1.7948966463718E-9,8.32667221639582E-17,1.));
#6991=DIRECTION('center_axis',(1.17965409416759E-16,3.27419784109548E-31,
1.));
#6992=DIRECTION('ref_axis',(-1.,-2.60902410783719E-15,1.17965409416759E-16));
#6993=DIRECTION('',(-1.,-2.60902410783719E-15,1.17965409416759E-16));
#6994=DIRECTION('',(2.77555756156289E-15,-1.,0.));
#6995=DIRECTION('',(2.77555756156289E-15,-1.,0.));
#6996=DIRECTION('center_axis',(-1.,-2.77555756156289E-15,1.38666955927636E-32));
#6997=DIRECTION('ref_axis',(2.17244897619973E-31,-8.32667268059106E-17,
-1.));
#6998=DIRECTION('',(2.17244897619973E-31,-8.32667268059106E-17,-1.));
#6999=DIRECTION('',(2.77555756156289E-15,-1.,0.));
#7000=DIRECTION('center_axis',(-1.3481761076201E-16,-3.74194038982341E-31,
-1.));
#7001=DIRECTION('ref_axis',(1.,2.60902410783719E-15,-1.3481761076201E-16));
#7002=DIRECTION('',(1.,2.60902410783719E-15,-1.3481761076201E-16));
#7003=DIRECTION('',(2.77555756156289E-15,-1.,0.));
#7004=DIRECTION('center_axis',(1.,2.77555756156289E-15,4.01092133173828E-17));
#7005=DIRECTION('ref_axis',(-4.0109213317383E-17,8.32667268059099E-17,1.));
#7006=DIRECTION('',(-4.0109213317383E-17,8.32667268059099E-17,1.));
#7007=DIRECTION('center_axis',(-1.,-2.77555756156289E-15,1.38666956166504E-32));
#7008=DIRECTION('ref_axis',(2.17244897994198E-31,-8.32667269493456E-17,
-1.));
#7009=DIRECTION('',(2.17244897994198E-31,-8.32667269493456E-17,-1.));
#7010=DIRECTION('',(2.77555756156289E-15,-1.,0.));
#7011=DIRECTION('',(2.77555756156289E-15,-1.,0.));
#7012=DIRECTION('center_axis',(-1.5419764230905E-16,-4.27984432086052E-31,
-1.));
#7013=DIRECTION('ref_axis',(1.,2.6090241079609E-15,-1.5419764230905E-16));
#7014=DIRECTION('',(1.,2.6090241079609E-15,-1.5419764230905E-16));
#7015=DIRECTION('',(2.77555756156289E-15,-1.,0.));
#7016=DIRECTION('center_axis',(1.,2.77555756156289E-15,-1.38666956166504E-32));
#7017=DIRECTION('ref_axis',(-2.17244897994197E-31,8.32667269493453E-17,
1.));
#7018=DIRECTION('',(-2.17244897994197E-31,8.32667269493453E-17,1.));
#7019=DIRECTION('',(2.77555756156289E-15,-1.,0.));
#7020=DIRECTION('center_axis',(9.6373526443156E-17,2.67490270053783E-31,
1.));
#7021=DIRECTION('ref_axis',(-1.,-2.6090241079609E-15,9.6373526443156E-17));
#7022=DIRECTION('',(-1.,-2.6090241079609E-15,9.6373526443156E-17));
#7023=DIRECTION('center_axis',(1.,2.77555756156289E-15,5.37501968829127E-14));
#7024=DIRECTION('ref_axis',(-5.37501968829127E-14,5.52700760673448E-16,
1.));
#7025=DIRECTION('',(-5.37501968829127E-14,5.52700760673448E-16,1.));
#7026=DIRECTION('',(2.77555756156289E-15,-1.,0.));
#7027=DIRECTION('',(2.77555756156289E-15,-1.,0.));
#7028=DIRECTION('center_axis',(2.77555756156289E-15,-1.,0.));
#7029=DIRECTION('ref_axis',(-1.,-2.77555756156289E-15,7.93016446160826E-16));
#7030=DIRECTION('center_axis',(-2.60902410715009E-15,1.,-8.32667268468868E-17));
#7031=DIRECTION('ref_axis',(-1.,-2.60902410715009E-15,7.93016446160826E-16));
#7032=DIRECTION('',(2.77555756156289E-15,-1.,0.));
#7033=DIRECTION('center_axis',(0.675724628517383,1.8755126022157E-15,0.737154140200707));
#7034=DIRECTION('ref_axis',(-0.737154140200707,-1.86698754387742E-15,0.675724628517383));
#7035=DIRECTION('',(-0.737154140200707,-1.86698754387742E-15,0.675724628517383));
#7036=DIRECTION('',(2.77555756156289E-15,-1.,0.));
#7037=DIRECTION('center_axis',(0.953582665133748,2.64672357678727E-15,0.301131367938343));
#7038=DIRECTION('ref_axis',(-0.301131367938343,-1.21239538348449E-14,0.953582665133748));
#7039=DIRECTION('',(-0.301131367938343,-1.21239538348449E-14,0.953582665133748));
#7040=DIRECTION('',(2.77555756156289E-15,-1.,0.));
#7041=DIRECTION('center_axis',(2.77555756156289E-15,-1.,0.));
#7042=DIRECTION('ref_axis',(-0.953582665134053,-2.64672357678811E-15,-0.301131367937377));
#7043=DIRECTION('center_axis',(4.15802837067227E-16,1.,8.71941782081358E-16));
#7044=DIRECTION('ref_axis',(-0.953582665134053,6.59071399140782E-16,-0.301131367937377));
#7045=DIRECTION('',(2.77555756156289E-15,-1.,0.));
#7046=DIRECTION('center_axis',(2.40559062945558E-13,6.67685526161026E-28,
1.));
#7047=DIRECTION('ref_axis',(-1.,-1.65634346473664E-15,2.40559062945558E-13));
#7048=DIRECTION('',(-1.,-1.65634346473664E-15,2.40559062945558E-13));
#7049=DIRECTION('',(2.77555756156289E-15,-1.,0.));
#7050=DIRECTION('center_axis',(2.77555756156289E-15,-1.,0.));
#7051=DIRECTION('ref_axis',(-1.38666955995877E-32,0.,-1.));
#7052=DIRECTION('center_axis',(-2.60902410786912E-15,1.,-8.32667268468875E-17));
#7053=DIRECTION('ref_axis',(2.17244897726883E-31,-8.32667268468875E-17,
-1.));
#7054=DIRECTION('',(2.77555756156289E-15,-1.,0.));
#7055=DIRECTION('center_axis',(-1.,-2.77555756156289E-15,-1.28102656687518E-16));
#7056=DIRECTION('ref_axis',(1.28102656687518E-16,-8.32667269741452E-17,
-1.));
#7057=DIRECTION('',(1.28102656687518E-16,-8.32667269741452E-17,-1.));
#7058=DIRECTION('',(2.77555756156289E-15,-1.,0.));
#7059=DIRECTION('center_axis',(2.77555756156289E-15,-1.,0.));
#7060=DIRECTION('ref_axis',(1.,2.77555756156289E-15,-1.58603289232165E-15));
#7061=DIRECTION('center_axis',(5.63041675592495E-16,1.,-8.32667268468919E-17));
#7062=DIRECTION('ref_axis',(1.,-5.63041675592495E-16,-1.58603289232165E-15));
#7063=DIRECTION('',(2.77555756156289E-15,-1.,0.));
#7064=DIRECTION('center_axis',(7.35953753567374E-42,2.04268200567452E-56,
-1.));
#7065=DIRECTION('ref_axis',(1.,2.60902410778074E-15,7.35953753567374E-42));
#7066=DIRECTION('',(1.,2.60902410778074E-15,7.35953753567374E-42));
#7067=DIRECTION('',(2.77555756156289E-15,-1.,0.));
#7068=DIRECTION('center_axis',(2.77555756156289E-15,-1.,0.));
#7069=DIRECTION('ref_axis',(-7.93016446160826E-16,-2.113020281842E-30,1.));
#7070=DIRECTION('center_axis',(-2.60902410786912E-15,1.,-3.25533251149019E-15));
#7071=DIRECTION('ref_axis',(-7.93016446160835E-16,3.25533251149019E-15,
1.));
#7072=DIRECTION('',(2.77555756156289E-15,-1.,0.));
#7073=DIRECTION('center_axis',(0.953582665134459,2.64672357678924E-15,-0.301131367936093));
#7074=DIRECTION('ref_axis',(0.301131367936093,6.2134131618929E-15,0.953582665134459));
#7075=DIRECTION('',(0.301131367936093,6.2134131618929E-15,0.953582665134459));
#7076=DIRECTION('',(2.77555756156289E-15,-1.,0.));
#7077=DIRECTION('center_axis',(0.675724628517134,1.87551260221501E-15,-0.737154140200936));
#7078=DIRECTION('ref_axis',(0.737154140200936,-1.82561228875552E-15,0.675724628517134));
#7079=DIRECTION('',(0.737154140200936,-1.82561228875552E-15,0.675724628517134));
#7080=DIRECTION('',(2.77555756156289E-15,-1.,0.));
#7081=DIRECTION('center_axis',(2.77555756156289E-15,-1.,0.));
#7082=DIRECTION('ref_axis',(-0.675724628517303,-1.87551260221547E-15,0.737154140200781));
#7083=DIRECTION('center_axis',(-2.60902410778063E-15,1.,-8.32667269434184E-17));
#7084=DIRECTION('ref_axis',(-0.675724628517303,-1.70160143351545E-15,0.737154140200781));
#7085=DIRECTION('center_axis',(0.,0.,-1.));
#7086=DIRECTION('ref_axis',(1.,2.60902410786912E-15,0.));
#7087=DIRECTION('center_axis',(2.60902410786912E-15,-1.,8.32667268468868E-17));
#7088=DIRECTION('ref_axis',(1.,2.60902410786912E-15,0.));
#7089=CARTESIAN_POINT('',(0.,0.,0.));
#7090=CARTESIAN_POINT('Origin',(8.96385093901058,-40.4757099287141,18.8420189560231));
#7091=CARTESIAN_POINT('',(7.46385093901058,-40.4757099287141,18.8420189560231));
#7092=CARTESIAN_POINT('Origin',(8.96385093901058,-40.4757099287141,18.8420189560231));
#7093=CARTESIAN_POINT('',(7.46385093901058,-34.5623518680554,18.8420189560231));
#7094=CARTESIAN_POINT('',(7.46385093901058,-40.4757099287141,18.8420189560231));
#7095=CARTESIAN_POINT('',(7.46635530484427,-34.4757099287141,18.9286608953644));
#7096=CARTESIAN_POINT('Origin',(8.96385093901058,-34.5623518680554,18.8420189560231));
#7097=CARTESIAN_POINT('',(10.4613465731769,-34.4757099287141,18.9286608953644));
#7098=CARTESIAN_POINT('Origin',(8.96385093901058,-34.4757099287141,18.8420189560231));
#7099=CARTESIAN_POINT('Origin',(8.96385093901058,-34.5623518680554,18.8420189560231));
#7100=CARTESIAN_POINT('Origin',(8.96385093901058,-34.4757099287141,17.8853399256938));
#7101=CARTESIAN_POINT('',(5.96510233761913,-34.4757099287141,18.9286608953644));
#7102=CARTESIAN_POINT('',(10.4638509390106,-34.4757099287141,18.9286608953644));
#7103=CARTESIAN_POINT('',(11.962599540402,-34.4757099287141,18.9286608953644));
#7104=CARTESIAN_POINT('Origin',(8.96385093901058,-34.4757099287141,18.8420189560231));
#7105=CARTESIAN_POINT('',(10.4638509390106,-34.4757099287141,18.9286608953644));
#7106=CARTESIAN_POINT('Origin',(10.4638509390106,-36.9757099287141,16.4286608953644));
#7107=CARTESIAN_POINT('',(11.9638509390106,-34.5623518680554,18.8420189560231));
#7108=CARTESIAN_POINT('Origin',(8.96385093901058,-34.5623518680554,18.8420189560231));
#7109=CARTESIAN_POINT('',(11.9638509390106,-39.475709928714,13.9286608953644));
#7110=CARTESIAN_POINT('',(11.9638509390106,-37.2473704135494,16.1570004105291));
#7111=CARTESIAN_POINT('',(5.96385093901058,-39.475709928714,13.9286608953644));
#7112=CARTESIAN_POINT('',(6.2132559390106,-39.475709928714,13.9286608953644));
#7113=CARTESIAN_POINT('',(5.96385093901058,-34.5623518680554,18.8420189560231));
#7114=CARTESIAN_POINT('',(5.96385093901058,-38.4757099287141,14.9286608953644));
#7115=CARTESIAN_POINT('Origin',(8.96385093901058,-34.5623518680554,18.8420189560231));
#7116=CARTESIAN_POINT('Origin',(5.96385093901058,-40.4757099287141,13.9286608953644));
#7117=CARTESIAN_POINT('',(5.96385093901058,-39.475709928714,18.8420189560231));
#7118=CARTESIAN_POINT('',(5.96385093901058,-39.475709928714,10.663501186688));
#7119=CARTESIAN_POINT('',(5.96385093901058,-40.4757099287141,18.8420189560231));
#7120=CARTESIAN_POINT('Origin',(11.9638509390106,-40.4757099287141,18.8420189560231));
#7121=CARTESIAN_POINT('',(11.9638509390106,-39.475709928714,18.8420189560231));
#7122=CARTESIAN_POINT('',(11.9638509390106,-40.4757099287141,18.8420189560231));
#7123=CARTESIAN_POINT('',(11.9638509390106,-39.475709928714,13.1201802170173));
#7124=CARTESIAN_POINT('Origin',(8.96385093901058,-40.4757099287141,18.8420189560231));
#7125=CARTESIAN_POINT('Origin',(8.96385093901058,-39.475709928714,18.8420189560231));
#7126=CARTESIAN_POINT('Origin',(-40.9385290609895,-40.4757099287141,22.3420189560231));
#7127=CARTESIAN_POINT('',(13.9638509390106,-40.475709928714,15.3420189560231));
#7128=CARTESIAN_POINT('',(3.96385093901058,-40.475709928714,15.3420189560231));
#7129=CARTESIAN_POINT('',(3.96385093901058,-40.475709928714,15.3420189560231));
#7130=CARTESIAN_POINT('',(13.9638509390106,-40.475709928714,22.3420189560231));
#7131=CARTESIAN_POINT('',(13.9638509390106,-40.475709928714,15.3420189560231));
#7132=CARTESIAN_POINT('',(41.8638509390105,-40.4757099287141,22.3420189560231));
#7133=CARTESIAN_POINT('',(1.0126609390106,-40.4757099287141,22.3420189560231));
#7134=CARTESIAN_POINT('',(41.8638509390105,-40.4757099287141,23.3420189560231));
#7135=CARTESIAN_POINT('',(41.8638509390105,-40.4757099287141,22.3420189560231));
#7136=CARTESIAN_POINT('',(-40.9385290609895,-40.4757099287141,23.3420189560231));
#7137=CARTESIAN_POINT('',(-40.9385290609895,-40.4757099287141,23.3420189560231));
#7138=CARTESIAN_POINT('',(-40.9385290609895,-40.4757099287141,22.3420189560231));
#7139=CARTESIAN_POINT('',(-40.9385290609895,-40.4757099287141,22.3420189560231));
#7140=CARTESIAN_POINT('',(3.96385093901058,-40.475709928714,22.3420189560231));
#7141=CARTESIAN_POINT('',(1.0126609390106,-40.4757099287141,22.3420189560231));
#7142=CARTESIAN_POINT('',(3.96385093901058,-40.475709928714,22.3420189560231));
#7143=CARTESIAN_POINT('Origin',(3.96385093901058,-41.475709928714,15.3420189560231));
#7144=CARTESIAN_POINT('',(3.96385093901058,-41.475709928714,15.3420189560231));
#7145=CARTESIAN_POINT('',(3.96385093901058,-41.475709928714,22.3420189560231));
#7146=CARTESIAN_POINT('',(3.96385093901058,-41.475709928714,11.3701802170173));
#7147=CARTESIAN_POINT('',(3.96385093901058,-41.475709928714,15.3420189560231));
#7148=CARTESIAN_POINT('',(3.96385093901058,-40.4757099287139,22.3420189560231));
#7149=CARTESIAN_POINT('Origin',(13.9638509390106,-41.475709928714,15.3420189560231));
#7150=CARTESIAN_POINT('',(13.9638509390106,-41.475709928714,15.3420189560231));
#7151=CARTESIAN_POINT('',(7.2132559390106,-41.475709928714,15.3420189560231));
#7152=CARTESIAN_POINT('',(13.9638509390106,-41.475709928714,15.3420189560231));
#7153=CARTESIAN_POINT('Origin',(13.9638509390106,-41.475709928714,22.3420189560231));
#7154=CARTESIAN_POINT('',(13.9638509390106,-41.475709928714,22.3420189560231));
#7155=CARTESIAN_POINT('',(13.9638509390106,-41.4757099287139,14.8701802170173));
#7156=CARTESIAN_POINT('',(13.9638509390106,-40.4757099287139,22.3420189560231));
#7157=CARTESIAN_POINT('Origin',(42.9638509390107,-39.4757099287139,22.3420189560231));
#7158=CARTESIAN_POINT('',(41.9638509390107,-41.4757099287139,22.3420189560231));
#7159=CARTESIAN_POINT('',(-42.0385290609894,-41.4757099287141,22.3420189560231));
#7160=CARTESIAN_POINT('',(42.9638509390107,-40.4757099287139,22.3420189560231));
#7161=CARTESIAN_POINT('',(42.9638509390107,-40.4757099287139,22.3420189560231));
#7162=CARTESIAN_POINT('',(42.9638509390104,17.0242900712859,22.3420189560231));
#7163=CARTESIAN_POINT('',(42.9638509390107,-39.4757099287139,22.3420189560231));
#7164=CARTESIAN_POINT('',(41.8638509390104,17.0242900712859,22.3420189560231));
#7165=CARTESIAN_POINT('',(42.9638509390105,17.0242900712859,22.3420189560231));
#7166=CARTESIAN_POINT('',(41.8638509390106,-39.975709928714,22.3420189560231));
#7167=CARTESIAN_POINT('Origin',(42.9638509390107,-39.4757099287139,22.3420189560231));
#7168=CARTESIAN_POINT('',(-40.9385290609896,-3.71724824391907,22.3420189560231));
#7169=CARTESIAN_POINT('',(-40.9385290609895,-21.5964790863166,22.3420189560231));
#7170=CARTESIAN_POINT('',(-42.0385290609896,-3.71724824391907,22.3420189560231));
#7171=CARTESIAN_POINT('',(-42.0385290609896,-3.71724824391907,22.3420189560231));
#7172=CARTESIAN_POINT('',(-42.0385290609894,-40.4757099287141,22.3420189560231));
#7173=CARTESIAN_POINT('',(-42.0385290609894,-39.4757099287141,22.3420189560231));
#7174=CARTESIAN_POINT('',(-41.0385290609894,-41.4757099287141,22.3420189560231));
#7175=CARTESIAN_POINT('',(-20.7879340609889,-61.7263049287141,22.3420189560231));
#7176=CARTESIAN_POINT('',(-42.0385290609894,-41.4757099287141,22.3420189560231));
#7177=CARTESIAN_POINT('Origin',(34.8638509390106,77.0242900712859,17.3420189560231));
#7178=CARTESIAN_POINT('',(34.8638509390106,78.5242900712859,17.3420189560231));
#7179=CARTESIAN_POINT('Origin',(34.8638509390106,77.0242900712859,17.3420189560231));
#7180=CARTESIAN_POINT('',(41.8638509390105,78.5242900712859,17.3420189560231));
#7181=CARTESIAN_POINT('',(34.8638509390106,78.5242900712859,17.3420189560231));
#7182=CARTESIAN_POINT('Origin',(41.8638509390105,77.0242900712859,17.3420189560231));
#7183=CARTESIAN_POINT('Origin',(34.8638509390106,22.0242900712859,17.3420189560231));
#7184=CARTESIAN_POINT('',(34.8638509390106,23.5242900712859,17.3420189560231));
#7185=CARTESIAN_POINT('Origin',(34.8638509390106,22.0242900712859,17.3420189560231));
#7186=CARTESIAN_POINT('',(41.8638509390105,23.5242900712859,17.3420189560231));
#7187=CARTESIAN_POINT('',(34.8638509390106,23.5242900712859,17.3420189560231));
#7188=CARTESIAN_POINT('Origin',(41.8638509390105,22.0242900712859,17.3420189560231));
#7189=CARTESIAN_POINT('Origin',(37.8638509390106,23.5242900712859,12.3420189560231));
#7190=CARTESIAN_POINT('',(34.8638509390106,25.0242900712859,15.3420189560231));
#7191=CARTESIAN_POINT('',(40.8638509390106,25.0242900712859,9.34201895602313));
#7192=CARTESIAN_POINT('',(37.3888509390106,25.0242900712859,12.8170189560231));
#7193=CARTESIAN_POINT('',(40.8638509390106,19.0242900712859,9.34201895602313));
#7194=CARTESIAN_POINT('',(40.8638509390106,23.5242900712859,9.34201895602313));
#7195=CARTESIAN_POINT('',(34.8638509390106,19.0242900712859,15.3420189560231));
#7196=CARTESIAN_POINT('',(39.3888509390106,19.0242900712859,10.8170189560231));
#7197=CARTESIAN_POINT('',(34.8638509390106,23.5242900712859,15.3420189560231));
#7198=CARTESIAN_POINT('Origin',(40.9638509390105,19.0242900712859,9.34201895602313));
#7199=CARTESIAN_POINT('',(40.9638509390105,19.0242900712859,9.34201895602313));
#7200=CARTESIAN_POINT('',(40.9638509390105,19.0242900712859,9.34201895602313));
#7201=CARTESIAN_POINT('',(40.9638509390105,19.0242900712859,17.3420189560231));
#7202=CARTESIAN_POINT('',(40.9638509390105,19.0242900712859,1.89834147801157));
#7203=CARTESIAN_POINT('',(34.8638509390106,19.0242900712859,17.3420189560231));
#7204=CARTESIAN_POINT('',(41.8638509390106,19.0242900712859,17.3420189560231));
#7205=CARTESIAN_POINT('',(34.8638509390106,19.0242900712859,11.3420189560231));
#7206=CARTESIAN_POINT('Origin',(40.9638509390105,25.0242900712859,9.34201895602313));
#7207=CARTESIAN_POINT('',(40.9638509390105,25.0242900712859,9.34201895602313));
#7208=CARTESIAN_POINT('',(40.9638509390105,25.0242900712859,9.34201895602313));
#7209=CARTESIAN_POINT('',(40.9638509390105,-7.22570992871406,9.34201895602313));
#7210=CARTESIAN_POINT('Origin',(37.8638509390106,78.5242900712859,12.3420189560231));
#7211=CARTESIAN_POINT('',(34.8638509390106,80.0242900712859,15.3420189560231));
#7212=CARTESIAN_POINT('',(40.8638509390106,80.0242900712859,9.34201895602313));
#7213=CARTESIAN_POINT('',(37.3888509390106,80.0242900712859,12.8170189560231));
#7214=CARTESIAN_POINT('',(40.8638509390106,74.0242900712859,9.34201895602313));
#7215=CARTESIAN_POINT('',(40.8638509390106,78.5242900712859,9.34201895602313));
#7216=CARTESIAN_POINT('',(34.8638509390106,74.0242900712859,15.3420189560231));
#7217=CARTESIAN_POINT('',(39.3888509390106,74.0242900712859,10.8170189560231));
#7218=CARTESIAN_POINT('',(34.8638509390106,78.5242900712859,15.3420189560231));
#7219=CARTESIAN_POINT('Origin',(40.9638509390105,74.0242900712859,9.34201895602313));
#7220=CARTESIAN_POINT('',(40.9638509390105,74.0242900712859,9.34201895602313));
#7221=CARTESIAN_POINT('',(40.9638509390105,74.0242900712859,9.34201895602313));
#7222=CARTESIAN_POINT('',(40.9638509390105,74.0242900712859,17.3420189560231));
#7223=CARTESIAN_POINT('',(40.9638509390105,74.0242900712859,1.89834147801157));
#7224=CARTESIAN_POINT('',(34.8638509390106,74.0242900712859,17.3420189560231));
#7225=CARTESIAN_POINT('',(41.8638509390106,74.0242900712859,17.3420189560231));
#7226=CARTESIAN_POINT('',(34.8638509390106,74.0242900712859,11.3420189560231));
#7227=CARTESIAN_POINT('Origin',(40.9638509390105,80.0242900712859,9.34201895602313));
#7228=CARTESIAN_POINT('',(40.9638509390105,80.0242900712859,9.34201895602313));
#7229=CARTESIAN_POINT('',(40.9638509390105,80.0242900712859,9.34201895602313));
#7230=CARTESIAN_POINT('',(40.9638509390105,20.2742900712859,9.34201895602313));
#7231=CARTESIAN_POINT('Origin',(40.9638509390105,25.0242900712859,17.3420189560231));
#7232=CARTESIAN_POINT('',(34.8638509390106,25.0242900712859,17.3420189560231));
#7233=CARTESIAN_POINT('',(34.8638509390106,25.0242900712859,15.3420189560231));
#7234=CARTESIAN_POINT('',(40.9638509390105,25.0242900712859,17.3420189560231));
#7235=CARTESIAN_POINT('',(41.8638509390106,25.0242900712859,17.3420189560231));
#7236=CARTESIAN_POINT('',(40.9638509390105,25.0242900712859,5.89834147801157));
#7237=CARTESIAN_POINT('Origin',(40.9638509390105,80.0242900712859,17.3420189560231));
#7238=CARTESIAN_POINT('',(34.8638509390106,80.0242900712859,17.3420189560231));
#7239=CARTESIAN_POINT('',(34.8638509390106,80.0242900712859,15.3420189560231));
#7240=CARTESIAN_POINT('',(40.9638509390105,80.0242900712859,17.3420189560231));
#7241=CARTESIAN_POINT('',(41.8638509390106,80.0242900712859,17.3420189560231));
#7242=CARTESIAN_POINT('',(40.9638509390105,80.0242900712859,5.89834147801157));
#7243=CARTESIAN_POINT('Origin',(40.9638509390105,-39.475709928714,-5.54533599999999));
#7244=CARTESIAN_POINT('',(40.9638509390105,-39.475709928714,23.3420189560231));
#7245=CARTESIAN_POINT('',(40.9638509390105,-39.475709928714,-5.54533599999999));
#7246=CARTESIAN_POINT('',(40.9638509390105,-39.4757099287139,0.926502739005787));
#7247=CARTESIAN_POINT('',(40.9638509390106,110.524290071286,23.3420189560231));
#7248=CARTESIAN_POINT('',(40.9638509390106,110.524290071286,23.3420189560231));
#7249=CARTESIAN_POINT('',(40.9638509390105,110.524290071286,-5.54533599999999));
#7250=CARTESIAN_POINT('',(40.9638509390105,110.524290071286,22.3420189560231));
#7251=CARTESIAN_POINT('',(40.9638509390105,-39.475709928714,-5.54533599999999));
#7252=CARTESIAN_POINT('Origin',(40.9638509390105,22.0242900712859,17.3420189560231));
#7253=CARTESIAN_POINT('',(40.9638509390105,-3.7890196303175,-0.400000305979992));
#7254=CARTESIAN_POINT('',(40.9638509390105,10.2109803696825,-0.400000305979992));
#7255=CARTESIAN_POINT('',(40.9638509390105,-14.6323647795157,-0.400000305979992));
#7256=CARTESIAN_POINT('',(40.9638509390105,10.2109803696825,3.55000030598001));
#7257=CARTESIAN_POINT('',(40.9638509390105,10.2109803696825,-0.997667847009992));
#7258=CARTESIAN_POINT('',(40.9638509390105,-3.7890196303175,3.55000030598001));
#7259=CARTESIAN_POINT('',(40.9638509390105,-21.6323647795157,3.55000030598001));
#7260=CARTESIAN_POINT('',(40.9638509390105,-3.7890196303175,-2.97266815298999));
#7261=CARTESIAN_POINT('Origin',(40.9638509390105,77.0242900712859,17.3420189560231));
#7262=CARTESIAN_POINT('Origin',(41.8638509390106,77.0242900712859,17.3420189560231));
#7263=CARTESIAN_POINT('Origin',(34.8638509390106,77.0242900712859,17.3420189560231));
#7264=CARTESIAN_POINT('Origin',(34.8638509390106,77.0242900712859,17.3420189560231));
#7265=CARTESIAN_POINT('Origin',(41.8638509390106,22.0242900712859,17.3420189560231));
#7266=CARTESIAN_POINT('Origin',(34.8638509390106,22.0242900712859,17.3420189560231));
#7267=CARTESIAN_POINT('Origin',(34.8638509390106,22.0242900712859,17.3420189560231));
#7268=CARTESIAN_POINT('Origin',(42.9638509390104,72.0242900712859,12.3420189560231));
#7269=CARTESIAN_POINT('',(42.9638509390104,72.0242900712859,12.3420189560231));
#7270=CARTESIAN_POINT('',(42.9638509390104,72.0242900712859,22.3420189560231));
#7271=CARTESIAN_POINT('',(42.9638509390103,72.0242900712859,2.39834147801156));
#7272=CARTESIAN_POINT('',(41.8638509390104,72.0242900712859,12.3420189560231));
#7273=CARTESIAN_POINT('',(42.9638509390104,72.0242900712859,12.3420189560231));
#7274=CARTESIAN_POINT('',(41.8638509390104,72.0242900712859,22.3420189560231));
#7275=CARTESIAN_POINT('',(41.8638509390104,72.0242900712859,22.3420189560231));
#7276=CARTESIAN_POINT('',(42.9638509390105,72.0242900712859,22.3420189560231));
#7277=CARTESIAN_POINT('Origin',(42.9638509390104,82.0242900712859,12.3420189560231));
#7278=CARTESIAN_POINT('',(42.9638509390104,82.0242900712859,12.3420189560231));
#7279=CARTESIAN_POINT('',(42.9638509390105,21.274290071286,12.3420189560231));
#7280=CARTESIAN_POINT('',(41.8638509390104,82.0242900712859,12.3420189560231));
#7281=CARTESIAN_POINT('',(42.9638509390104,82.0242900712859,12.3420189560231));
#7282=CARTESIAN_POINT('',(41.8638509390104,72.0242900712859,12.3420189560231));
#7283=CARTESIAN_POINT('Origin',(42.9638509390104,82.0242900712859,22.3420189560231));
#7284=CARTESIAN_POINT('',(42.9638509390104,82.0242900712859,22.3420189560231));
#7285=CARTESIAN_POINT('',(42.9638509390103,82.0242900712859,7.39834147801157));
#7286=CARTESIAN_POINT('',(41.8638509390104,82.0242900712859,22.3420189560231));
#7287=CARTESIAN_POINT('',(42.9638509390105,82.0242900712859,22.3420189560231));
#7288=CARTESIAN_POINT('',(41.8638509390104,82.0242900712859,12.3420189560231));
#7289=CARTESIAN_POINT('Origin',(42.9638509390104,17.0242900712859,12.3420189560231));
#7290=CARTESIAN_POINT('',(42.9638509390104,17.0242900712859,12.3420189560231));
#7291=CARTESIAN_POINT('',(42.9638509390105,17.0242900712859,2.39834147801157));
#7292=CARTESIAN_POINT('',(41.8638509390104,17.0242900712859,12.3420189560231));
#7293=CARTESIAN_POINT('',(42.9638509390104,17.0242900712859,12.3420189560231));
#7294=CARTESIAN_POINT('',(41.8638509390104,17.0242900712859,22.3420189560231));
#7295=CARTESIAN_POINT('Origin',(42.9638509390104,27.0242900712859,12.3420189560231));
#7296=CARTESIAN_POINT('',(42.9638509390104,27.0242900712859,12.3420189560231));
#7297=CARTESIAN_POINT('',(42.9638509390106,-6.225709928714,12.3420189560231));
#7298=CARTESIAN_POINT('',(41.8638509390104,27.0242900712859,12.3420189560231));
#7299=CARTESIAN_POINT('',(42.9638509390104,27.0242900712859,12.3420189560231));
#7300=CARTESIAN_POINT('',(41.8638509390104,17.0242900712859,12.3420189560231));
#7301=CARTESIAN_POINT('Origin',(42.9638509390104,27.0242900712859,22.3420189560231));
#7302=CARTESIAN_POINT('',(42.9638509390104,27.0242900712859,22.3420189560231));
#7303=CARTESIAN_POINT('',(42.9638509390105,27.0242900712859,7.39834147801157));
#7304=CARTESIAN_POINT('',(41.8638509390104,27.0242900712859,22.3420189560231));
#7305=CARTESIAN_POINT('',(42.9638509390105,27.0242900712859,22.3420189560231));
#7306=CARTESIAN_POINT('',(41.8638509390104,27.0242900712859,12.3420189560231));
#7307=CARTESIAN_POINT('Origin',(42.9638509390107,-39.4757099287139,22.3420189560231));
#7308=CARTESIAN_POINT('',(42.9638509390102,112.024290071286,22.3420189560231));
#7309=CARTESIAN_POINT('',(42.9638509390107,-39.4757099287139,22.3420189560231));
#7310=CARTESIAN_POINT('',(41.9638509390106,113.024290071286,22.3420189560231));
#7311=CARTESIAN_POINT('',(80.5888509390104,74.3992900712742,22.3420189560231));
#7312=CARTESIAN_POINT('',(33.957647307312,113.024290071286,22.3420189560231));
#7313=CARTESIAN_POINT('',(-42.0385290609895,113.024290071286,22.3420189560231));
#7314=CARTESIAN_POINT('',(33.957647307312,111.674290071286,22.3420189560231));
#7315=CARTESIAN_POINT('',(33.957647307312,113.024290071286,22.3420189560231));
#7316=CARTESIAN_POINT('',(41.8638509390105,111.674290071286,22.3420189560231));
#7317=CARTESIAN_POINT('',(42.4138509390106,111.674290071286,22.3420189560231));
#7318=CARTESIAN_POINT('',(41.8638509390106,-39.975709928714,22.3420189560231));
#7319=CARTESIAN_POINT('Origin',(42.9638509390107,-39.4757099287139,22.3420189560231));
#7320=CARTESIAN_POINT('',(41.8638509390106,-39.975709928714,22.3420189560231));
#7321=CARTESIAN_POINT('',(42.9638509390107,-39.4757099287139,22.3420189560231));
#7322=CARTESIAN_POINT('Origin',(-20.0385290609895,105.524290071286,17.3420189560231));
#7323=CARTESIAN_POINT('',(-21.5385290609895,105.524290071286,17.3420189560231));
#7324=CARTESIAN_POINT('Origin',(-20.0385290609895,105.524290071286,17.3420189560231));
#7325=CARTESIAN_POINT('',(-21.5385290609895,111.674290071286,17.3420189560231));
#7326=CARTESIAN_POINT('',(-21.5385290609895,105.524290071286,17.3420189560231));
#7327=CARTESIAN_POINT('Origin',(-20.0385290609895,111.674290071286,17.3420189560231));
#7328=CARTESIAN_POINT('Origin',(-23.0385290609895,105.524290071286,14.3420189560231));
#7329=CARTESIAN_POINT('',(-23.0385290609895,110.524290071286,9.43801154677146));
#7330=CARTESIAN_POINT('',(-23.0385290609895,105.524290071286,14.3420189560231));
#7331=CARTESIAN_POINT('',(-23.0385290609895,110.524290071286,9.43801154677146));
#7332=CARTESIAN_POINT('',(-17.0385290609895,110.524290071286,9.43801154677146));
#7333=CARTESIAN_POINT('',(-11.2879340609895,110.524290071286,9.43801154677146));
#7334=CARTESIAN_POINT('',(-17.0385290609895,105.524290071286,14.3420189560231));
#7335=CARTESIAN_POINT('',(-17.0385290609895,110.524290071286,9.43801154677146));
#7336=CARTESIAN_POINT('',(-23.0385290609895,105.524290071286,14.3420189560231));
#7337=CARTESIAN_POINT('Origin',(-17.0385290609895,108.024290071286,13.3900152513973));
#7338=CARTESIAN_POINT('',(-17.0385290609895,110.524290071286,17.3420189560231));
#7339=CARTESIAN_POINT('',(-17.0385290609895,110.524290071286,10.3941783647044));
#7340=CARTESIAN_POINT('',(-17.0385290609895,105.524290071286,17.3420189560231));
#7341=CARTESIAN_POINT('',(-17.0385290609895,110.524290071286,17.3420189560231));
#7342=CARTESIAN_POINT('',(-17.0385290609895,105.524290071286,14.3420189560231));
#7343=CARTESIAN_POINT('Origin',(-23.0385290609895,108.024290071286,13.3900152513973));
#7344=CARTESIAN_POINT('',(-23.0385290609895,110.524290071286,17.3420189560231));
#7345=CARTESIAN_POINT('',(-23.0385290609895,110.524290071286,10.3941783647044));
#7346=CARTESIAN_POINT('',(-23.0385290609895,105.524290071286,17.3420189560231));
#7347=CARTESIAN_POINT('',(-23.0385290609895,105.524290071286,14.3420189560231));
#7348=CARTESIAN_POINT('',(-23.0385290609895,110.524290071286,17.3420189560231));
#7349=CARTESIAN_POINT('Origin',(0.462660939010515,110.524290071286,7.39834147801156));
#7350=CARTESIAN_POINT('',(-33.0385290609895,110.524290071286,-5.54533599999999));
#7351=CARTESIAN_POINT('',(-33.0385290609895,110.524290071286,21.454664));
#7352=CARTESIAN_POINT('',(-33.0385290609895,110.524290071286,0.926502739005786));
#7353=CARTESIAN_POINT('',(-40.0385290609895,110.524290071286,-5.54533599999999));
#7354=CARTESIAN_POINT('',(33.957647307312,110.524290071286,23.3420189560231));
#7355=CARTESIAN_POINT('',(33.957647307312,110.524290071286,23.3420189560231));
#7356=CARTESIAN_POINT('',(33.957647307312,110.524290071286,22.3420189560231));
#7357=CARTESIAN_POINT('',(33.957647307312,110.524290071286,22.3420189560231));
#7358=CARTESIAN_POINT('',(33.9638509390104,110.524290071286,22.3245433665397));
#7359=CARTESIAN_POINT('Origin',(29.2817760702749,110.524290071286,20.6722999637939));
#7360=CARTESIAN_POINT('',(33.9638509390106,110.524290071286,7.80466399999992));
#7361=CARTESIAN_POINT('',(33.9638509390106,110.524290071286,7.6015027390059));
#7362=CARTESIAN_POINT('',(29.2138509390106,110.524290071286,3.05466399999991));
#7363=CARTESIAN_POINT('Origin',(29.2138509390106,110.524290071286,7.80466399999991));
#7364=CARTESIAN_POINT('',(5.21385093901055,110.524290071286,3.05466399999995));
#7365=CARTESIAN_POINT('',(2.83825593901053,110.524290071286,3.05466399999995));
#7366=CARTESIAN_POINT('',(0.463850939010595,110.524290071286,7.80466399999991));
#7367=CARTESIAN_POINT('Origin',(5.21385093901055,110.524290071286,7.80466399999991));
#7368=CARTESIAN_POINT('',(0.463850939010593,110.524290071286,22.2986795534509));
#7369=CARTESIAN_POINT('',(0.463850939010594,110.524290071286,14.8485105157313));
#7370=CARTESIAN_POINT('',(0.47917437932202,110.524290071286,22.3420189560231));
#7371=CARTESIAN_POINT('Origin',(5.07846388005816,110.524290071286,20.6914771923357));
#7372=CARTESIAN_POINT('',(0.479174379322016,110.524290071286,23.3420189560231));
#7373=CARTESIAN_POINT('',(0.47917437932202,110.524290071286,22.3420189560231));
#7374=CARTESIAN_POINT('',(-40.0385290609895,110.524290071286,23.3420189560231));
#7375=CARTESIAN_POINT('',(-40.0385290609895,110.524290071286,23.3420189560231));
#7376=CARTESIAN_POINT('',(-40.0385290609895,110.524290071286,21.454664));
#7377=CARTESIAN_POINT('',(-40.0385290609895,110.524290071286,22.3420189560231));
#7378=CARTESIAN_POINT('',(-18.2879340609895,110.524290071286,21.454664));
#7379=CARTESIAN_POINT('Origin',(-20.0385290609895,110.524290071286,17.3420189560231));
#7380=CARTESIAN_POINT('Origin',(-25.0385290609895,113.024290071286,22.3420189560231));
#7381=CARTESIAN_POINT('',(-25.0385290609895,113.024290071286,22.3420189560231));
#7382=CARTESIAN_POINT('',(-25.0385290609895,113.024290071286,12.3420189560231));
#7383=CARTESIAN_POINT('',(-25.0385290609895,113.024290071286,14.8701802170173));
#7384=CARTESIAN_POINT('',(-25.0385290609895,111.674290071286,22.3420189560231));
#7385=CARTESIAN_POINT('',(-25.0385290609895,36.7742900712861,22.3420189560231));
#7386=CARTESIAN_POINT('',(-25.0385290609895,111.674290071286,12.3420189560231));
#7387=CARTESIAN_POINT('',(-25.0385290609895,111.674290071286,22.3420189560231));
#7388=CARTESIAN_POINT('',(-25.0385290609895,113.024290071286,12.3420189560231));
#7389=CARTESIAN_POINT('Origin',(-15.0385290609895,113.024290071286,12.3420189560231));
#7390=CARTESIAN_POINT('',(-15.0385290609895,113.024290071286,12.3420189560231));
#7391=CARTESIAN_POINT('',(-15.0385290609895,113.024290071286,22.3420189560231));
#7392=CARTESIAN_POINT('',(-15.0385290609895,113.024290071286,9.87018021701734));
#7393=CARTESIAN_POINT('',(-15.0385290609895,111.674290071286,12.3420189560231));
#7394=CARTESIAN_POINT('',(-15.0385290609895,113.024290071286,12.3420189560231));
#7395=CARTESIAN_POINT('',(-15.0385290609895,111.674290071286,22.3420189560231));
#7396=CARTESIAN_POINT('',(-15.0385290609895,111.674290071286,12.3420189560231));
#7397=CARTESIAN_POINT('',(-15.0385290609895,36.7742900712861,22.3420189560231));
#7398=CARTESIAN_POINT('Origin',(-25.0385290609895,113.024290071286,12.3420189560231));
#7399=CARTESIAN_POINT('',(-12.2879340609895,113.024290071286,12.3420189560231));
#7400=CARTESIAN_POINT('',(-25.0385290609895,111.674290071286,12.3420189560231));
#7401=CARTESIAN_POINT('Origin',(42.9638509390107,-39.4757099287139,22.3420189560231));
#7402=CARTESIAN_POINT('',(-41.0385290609895,113.024290071286,22.3420189560231));
#7403=CARTESIAN_POINT('',(-42.0385290609895,113.024290071286,22.3420189560231));
#7404=CARTESIAN_POINT('',(-42.0385290609898,112.024290071286,22.3420189560231));
#7405=CARTESIAN_POINT('',(-58.412934060983,95.6498850712979,22.3420189560231));
#7406=CARTESIAN_POINT('',(-42.0385290609896,34.7801289017262,22.3420189560231));
#7407=CARTESIAN_POINT('',(-42.0385290609894,-39.4757099287141,22.3420189560231));
#7408=CARTESIAN_POINT('',(-41.0385290609896,34.7801289017262,22.3420189560231));
#7409=CARTESIAN_POINT('',(-42.0385290609896,34.7801289017262,22.3420189560231));
#7410=CARTESIAN_POINT('',(-40.9385290609895,111.674290071286,22.3420189560231));
#7411=CARTESIAN_POINT('',(-41.036742389636,36.1539748518846,22.3420189560231));
#7412=CARTESIAN_POINT('',(21.7215126591664,111.674290071286,22.3420189560231));
#7413=CARTESIAN_POINT('Origin',(42.9638509390107,-39.4757099287139,22.3420189560231));
#7414=CARTESIAN_POINT('',(0.47917437932202,111.674290071286,22.3420189560231));
#7415=CARTESIAN_POINT('',(21.7215126591664,111.674290071286,22.3420189560231));
#7416=CARTESIAN_POINT('',(0.47917437932202,113.024290071286,22.3420189560231));
#7417=CARTESIAN_POINT('',(0.479174379322021,113.024290071286,22.3420189560231));
#7418=CARTESIAN_POINT('',(-42.0385290609895,113.024290071286,22.3420189560231));
#7419=CARTESIAN_POINT('Origin',(-20.0385290609895,110.524290071286,17.3420189560231));
#7420=CARTESIAN_POINT('Origin',(-20.0385290609895,105.524290071286,17.3420189560231));
#7421=CARTESIAN_POINT('Origin',(-20.0385290609895,105.524290071286,17.3420189560231));
#7422=CARTESIAN_POINT('Origin',(-11.4226975145881,65.5726346688404,26.454664));
#7423=CARTESIAN_POINT('',(-9.92269751458812,65.5726346688404,26.454664));
#7424=CARTESIAN_POINT('Origin',(-11.4226975145881,65.5726346688404,26.454664));
#7425=CARTESIAN_POINT('',(-9.92269751458812,65.5726346688404,16.454664));
#7426=CARTESIAN_POINT('',(-9.92269751458812,65.5726346688404,26.454664));
#7427=CARTESIAN_POINT('Origin',(-11.4226975145881,65.5726346688404,16.454664));
#7428=CARTESIAN_POINT('Origin',(-11.4226975145881,65.5726346688404,16.454664));
#7429=CARTESIAN_POINT('Origin',(-11.4226975145881,65.5726346688404,-5.54533599999999));
#7430=CARTESIAN_POINT('',(-8.42269751458812,65.5726346688404,26.454664));
#7431=CARTESIAN_POINT('Origin',(-11.4226975145881,65.5726346688404,26.454664));
#7432=CARTESIAN_POINT('',(-8.42269751458812,65.5726346688404,-5.54533599999999));
#7433=CARTESIAN_POINT('',(-8.42269751458812,65.5726346688404,-5.54533599999999));
#7434=CARTESIAN_POINT('Origin',(-11.4226975145881,65.5726346688404,-5.54533599999999));
#7435=CARTESIAN_POINT('Origin',(-11.4226975145881,65.5726346688404,26.454664));
#7436=CARTESIAN_POINT('Origin',(42.4638509390104,112.524290071286,-0.0734972609942131));
#7437=CARTESIAN_POINT('',(42.4638509390104,112.524290071286,-7.29533599999997));
#7438=CARTESIAN_POINT('',(41.9638509390106,113.024290071286,-6.79533599999999));
#7439=CARTESIAN_POINT('',(30.6765803158473,124.311560694453,4.49193462316679));
#7440=CARTESIAN_POINT('',(41.9638509390106,113.024290071286,-0.0734972609942131));
#7441=CARTESIAN_POINT('',(42.9638509390102,112.024290071286,-6.79533599999999));
#7442=CARTESIAN_POINT('',(42.9638509390102,112.024290071286,-0.0734972609942131));
#7443=CARTESIAN_POINT('',(69.0424907288469,85.9456502814412,19.2833037898369));
#7444=CARTESIAN_POINT('Origin',(42.5888509390107,-39.4757099287139,-7.17033599999999));
#7445=CARTESIAN_POINT('',(42.9638509390107,-40.4757099287139,-6.79533599999999));
#7446=CARTESIAN_POINT('',(42.9638509390107,-39.4757099287139,-6.79533599999999));
#7447=CARTESIAN_POINT('',(42.4638509390107,-40.9757099287139,-7.29533599999998));
#7448=CARTESIAN_POINT('',(43.9591573955116,-39.4804034722129,-5.80002954349902));
#7449=CARTESIAN_POINT('',(42.2138509390107,-40.7257099287139,-7.54533599999999));
#7450=CARTESIAN_POINT('',(42.9638509390107,-41.4757099287139,-6.79533599999999));
#7451=CARTESIAN_POINT('',(42.2138509390102,112.274290071286,-7.54533599999999));
#7452=CARTESIAN_POINT('',(42.2138509390107,-39.4757099287139,-7.54533599999999));
#7453=CARTESIAN_POINT('',(42.2138509390102,112.274290071286,-7.54533599999999));
#7454=CARTESIAN_POINT('Origin',(42.9638509390107,-39.4757099287139,-7.54533599999999));
#7455=CARTESIAN_POINT('',(42.9638509390107,-40.4757099287139,-0.0734972609942113));
#7456=CARTESIAN_POINT('',(42.9638509390105,10.2109803696825,-0.400000305979992));
#7457=CARTESIAN_POINT('',(42.9638509390105,-3.7890196303175,-0.400000305979992));
#7458=CARTESIAN_POINT('',(42.9638509390106,-14.6323647795157,-0.400000305979992));
#7459=CARTESIAN_POINT('',(42.9638509390105,-3.7890196303175,3.55000030598001));
#7460=CARTESIAN_POINT('',(42.9638509390106,-3.7890196303175,-3.97266815298999));
#7461=CARTESIAN_POINT('',(42.9638509390105,10.2109803696825,3.55000030598001));
#7462=CARTESIAN_POINT('',(42.9638509390106,-21.6323647795157,3.55000030598001));
#7463=CARTESIAN_POINT('',(42.9638509390105,10.2109803696825,-1.99766784700999));
#7464=CARTESIAN_POINT('Origin',(42.4638509390107,-40.9757099287139,-0.0734972609942113));
#7465=CARTESIAN_POINT('',(41.9638509390107,-41.4757099287139,-6.79533599999999));
#7466=CARTESIAN_POINT('',(41.9638509390107,-41.4757099287139,-0.0734972609942113));
#7467=CARTESIAN_POINT('',(30.6765803158434,-52.7629805518815,4.4919346231676));
#7468=CARTESIAN_POINT('Origin',(-41.5385290609894,-40.9757099287141,14.8701802170173));
#7469=CARTESIAN_POINT('',(-42.0385290609894,-40.4757099287141,13.5155261622106));
#7470=CARTESIAN_POINT('',(-42.0385290609894,-40.4757099287141,14.8701802170173));
#7471=CARTESIAN_POINT('',(-41.0385290609894,-41.4757099287141,13.5155261622106));
#7472=CARTESIAN_POINT('',(-37.2622943037182,-45.2519446859852,13.5155261622106));
#7473=CARTESIAN_POINT('',(-41.0385290609894,-41.4757099287141,14.8701802170173));
#7474=CARTESIAN_POINT('Origin',(0.462660939010627,-41.475709928714,7.39834147801157));
#7475=CARTESIAN_POINT('',(-24.9335900319049,-41.475709928714,13.5155261622106));
#7476=CARTESIAN_POINT('',(-12.2354645464471,-41.475709928714,13.5155261622106));
#7477=CARTESIAN_POINT('',(-24.9335900319049,-41.4757099287141,-6.79533599999999));
#7478=CARTESIAN_POINT('',(-24.9335900319049,-41.4757099287141,1.28269814473053));
#7479=CARTESIAN_POINT('',(-20.7879340609894,-41.475709928714,-6.79533599999999));
#7480=CARTESIAN_POINT('',(19.0248219402818,-41.4757099287139,-3.29519998099234));
#7481=CARTESIAN_POINT('',(19.0248219402818,-41.475709928714,15.6048000190077));
#7482=CARTESIAN_POINT('',(19.0248219402818,-41.4757099287139,11.5015707485096));
#7483=CARTESIAN_POINT('',(36.8084029390105,-41.475709928714,15.6048000190077));
#7484=CARTESIAN_POINT('',(18.6355319390105,-41.4757099287139,15.6048000190077));
#7485=CARTESIAN_POINT('',(36.8084029390105,-41.4757099287139,-3.29519998099234));
#7486=CARTESIAN_POINT('',(36.8084029390105,-41.4757099287139,2.55157074850961));
#7487=CARTESIAN_POINT('',(9.74374143964622,-41.475709928714,-3.29519998099234));
#7488=CARTESIAN_POINT('',(-9.51598306098982,-41.475709928714,13.6962491418649));
#7489=CARTESIAN_POINT('',(-9.06199754091388,-41.475709928714,14.7282649381464));
#7490=CARTESIAN_POINT('Origin',(-8.11598306098931,-41.475709928714,13.6962491418649));
#7491=CARTESIAN_POINT('',(-8.20167963079677,-41.475709928714,15.5168896890866));
#7492=CARTESIAN_POINT('',(-8.20167963079677,-41.475709928714,15.5168896890866));
#7493=CARTESIAN_POINT('',(-8.08455513835647,-41.475709928714,15.8877839151489));
#7494=CARTESIAN_POINT('',(-8.08455513835647,-41.475709928714,15.8877839151489));
#7495=CARTESIAN_POINT('',(-6.74953940716901,-41.475709928714,16.8662000000359));
#7496=CARTESIAN_POINT('Origin',(-6.74953940716901,-41.475709928714,15.4662000000359));
#7497=CARTESIAN_POINT('',(-4.56598306098931,-41.475709928714,16.8662000000359));
#7498=CARTESIAN_POINT('',(-4.56598306098931,-41.475709928714,16.8662000000359));
#7499=CARTESIAN_POINT('',(-3.16598306098931,-41.475709928714,15.4662000000359));
#7500=CARTESIAN_POINT('Origin',(-4.56598306098931,-41.475709928714,15.4662000000359));
#7501=CARTESIAN_POINT('',(-3.16598306098931,-41.475709928714,2.46620000003588));
#7502=CARTESIAN_POINT('',(-3.16598306098931,-41.475709928714,2.46620000003588));
#7503=CARTESIAN_POINT('',(-4.56598306098931,-41.475709928714,1.06620000003588));
#7504=CARTESIAN_POINT('Origin',(-4.56598306098931,-41.475709928714,2.46620000003588));
#7505=CARTESIAN_POINT('',(-6.74953940716886,-41.475709928714,1.06620000003641));
#7506=CARTESIAN_POINT('',(-6.74953940716886,-41.475709928714,1.06620000003641));
#7507=CARTESIAN_POINT('',(-8.08455513835619,-41.475709928714,2.04461608492371));
#7508=CARTESIAN_POINT('Origin',(-6.74953940716901,-41.475709928714,2.46620000003588));
#7509=CARTESIAN_POINT('',(-8.20167963079742,-41.475709928714,2.41551031098594));
#7510=CARTESIAN_POINT('',(-8.20167963079742,-41.475709928714,2.41551031098594));
#7511=CARTESIAN_POINT('',(-9.06199754091367,-41.475709928714,3.20413506192591));
#7512=CARTESIAN_POINT('',(-9.06199754091367,-41.475709928714,3.20413506192591));
#7513=CARTESIAN_POINT('',(-9.51598306098931,-41.475709928714,4.23615085820689));
#7514=CARTESIAN_POINT('Origin',(-8.11598306098931,-41.475709928714,4.23615085820688));
#7515=CARTESIAN_POINT('',(-9.51598306098982,-41.475709928714,13.6962491418649));
#7516=CARTESIAN_POINT('',(2.40213893901065,-41.475709928714,-0.315999961832012));
#7517=CARTESIAN_POINT('',(2.40213893901065,-41.475709928714,13.524000038168));
#7518=CARTESIAN_POINT('',(2.40213893901065,-41.475709928714,13.524000038168));
#7519=CARTESIAN_POINT('',(18.8721389390107,-41.4757099287139,13.524000038168));
#7520=CARTESIAN_POINT('',(18.8721389390107,-41.4757099287139,13.524000038168));
#7521=CARTESIAN_POINT('',(18.8721389390107,-41.4757099287139,-0.315999961832012));
#7522=CARTESIAN_POINT('',(18.8721389390107,-41.4757099287139,-0.315999961832012));
#7523=CARTESIAN_POINT('',(2.40213893901065,-41.475709928714,-0.31599996183201));
#7524=CARTESIAN_POINT('',(-21.2747290725345,-41.475709928714,1.31719999419637));
#7525=CARTESIAN_POINT('',(-21.2747290942527,-41.475709928714,13.4171999941964));
#7526=CARTESIAN_POINT('',(-21.2747290942527,-41.475709928714,13.4171999941964));
#7527=CARTESIAN_POINT('',(-20.2747290960476,-41.475709928714,14.4171999959913));
#7528=CARTESIAN_POINT('Origin',(-20.2747290942527,-41.475709928714,13.4171999959913));
#7529=CARTESIAN_POINT('',(-15.7747290960476,-41.475709928714,14.4172000040683));
#7530=CARTESIAN_POINT('',(-15.7747290960476,-41.475709928714,14.4172000040683));
#7531=CARTESIAN_POINT('',(-14.7747290942527,-41.475709928714,13.4172000058632));
#7532=CARTESIAN_POINT('Origin',(-15.7747290942527,-41.475709928714,13.4172000040683));
#7533=CARTESIAN_POINT('',(-14.7747290725345,-41.475709928714,1.3172000058632));
#7534=CARTESIAN_POINT('',(-14.7747290725345,-41.475709928714,1.3172000058632));
#7535=CARTESIAN_POINT('',(-15.7747290707396,-41.475709928714,0.317200004068301));
#7536=CARTESIAN_POINT('Origin',(-15.7747290725345,-41.475709928714,1.3172000040683));
#7537=CARTESIAN_POINT('',(-20.2747290707396,-41.475709928714,0.317199995991266));
#7538=CARTESIAN_POINT('',(-20.2747290707396,-41.475709928714,0.317199995991266));
#7539=CARTESIAN_POINT('Origin',(-20.2747290725345,-41.475709928714,1.31719999599126));
#7540=CARTESIAN_POINT('Origin',(-41.5385290609897,112.524290071286,14.8701802170173));
#7541=CARTESIAN_POINT('',(-41.0385290609895,113.024290071286,-6.79533599999999));
#7542=CARTESIAN_POINT('',(-41.0385290609895,113.024290071286,14.8701802170173));
#7543=CARTESIAN_POINT('',(-41.5385290609897,112.524290071286,-7.29533600000004));
#7544=CARTESIAN_POINT('',(-34.3441771914849,119.718641940789,-0.100984130497465));
#7545=CARTESIAN_POINT('',(-42.0385290609898,112.024290071286,-6.79533599999999));
#7546=CARTESIAN_POINT('',(-70.6077817638263,83.4550373684584,21.7739167028323));
#7547=CARTESIAN_POINT('',(-42.0385290609898,112.024290071286,14.8701802170173));
#7548=CARTESIAN_POINT('Origin',(-42.0385290609894,-39.4757099287141,22.3420189560231));
#7549=CARTESIAN_POINT('',(-42.0385290609896,4.7801289018268,22.3420189560231));
#7550=CARTESIAN_POINT('Origin',(-42.0385290609894,0.531440328953861,22.4475907834155));
#7551=CARTESIAN_POINT('',(-42.0385290609896,6.28275175608085,22.3420189560231));
#7552=CARTESIAN_POINT('',(-42.0385290609894,-39.4757099287141,22.3420189560231));
#7553=CARTESIAN_POINT('',(-42.0385290609896,14.7801289018267,22.3420189560231));
#7554=CARTESIAN_POINT('Origin',(-42.0385290609894,10.5314403289538,22.4475907834155));
#7555=CARTESIAN_POINT('',(-42.0385290609896,16.2827517560808,22.3420189560231));
#7556=CARTESIAN_POINT('',(-42.0385290609894,-39.4757099287141,22.3420189560231));
#7557=CARTESIAN_POINT('',(-42.0385290609896,24.7801289018267,22.3420189560231));
#7558=CARTESIAN_POINT('Origin',(-42.0385290609894,20.5314403289537,22.4475907834155));
#7559=CARTESIAN_POINT('',(-42.0385290609896,26.2827517559715,22.3420189560231));
#7560=CARTESIAN_POINT('',(-42.0385290609894,-39.4757099287141,22.3420189560231));
#7561=CARTESIAN_POINT('Origin',(-42.0385290609894,30.5314403288489,22.447590783238));
#7562=CARTESIAN_POINT('',(-42.0385290609894,-41.5133191172645,-6.79533599999999));
#7563=CARTESIAN_POINT('',(-42.0385290609894,-39.4757099287141,-6.79533599999999));
#7564=CARTESIAN_POINT('',(-42.0385290609895,-43.475709928714,-4.8329451885505));
#7565=CARTESIAN_POINT('',(-42.0385290609894,-49.7694509648574,1.46079584759292));
#7566=CARTESIAN_POINT('',(-42.0385290609895,-43.475709928714,13.5155261622106));
#7567=CARTESIAN_POINT('',(-42.0385290609894,-43.475709928714,13.3416547214266));
#7568=CARTESIAN_POINT('',(-42.0385290609895,-41.475709928714,13.5155261622106));
#7569=CARTESIAN_POINT('',(-42.0385290609894,2.85714323903908,16.3078160804178));
#7570=CARTESIAN_POINT('',(-42.0385290609896,-0.150524668096377,16.3078160804178));
#7571=CARTESIAN_POINT('',(-42.0385290609895,-18.039583961587,16.3078160804179));
#7572=CARTESIAN_POINT('',(-42.0385290609896,-1.77671878754981,16.092263035145));
#7573=CARTESIAN_POINT('Ctrl Pts',(-42.0385290609896,-0.150524668096377,
16.3078160804178));
#7574=CARTESIAN_POINT('Ctrl Pts',(-42.0385290609896,-0.466563727979917,
16.305384244128));
#7575=CARTESIAN_POINT('Ctrl Pts',(-42.0385290609896,-1.01846570861381,16.3011375055589));
#7576=CARTESIAN_POINT('Ctrl Pts',(-42.0385290609896,-1.5496919353106,16.1548016714506));
#7577=CARTESIAN_POINT('Ctrl Pts',(-42.0385290609896,-1.77671878754981,16.092263035145));
#7578=CARTESIAN_POINT('',(-42.0385290609896,-2.66621380269416,15.3310080092814));
#7579=CARTESIAN_POINT('Ctrl Pts',(-42.0385290609896,-1.77671878754981,16.092263035145));
#7580=CARTESIAN_POINT('Ctrl Pts',(-42.0385290609896,-1.95392063816239,16.0050208689277));
#7581=CARTESIAN_POINT('Ctrl Pts',(-42.0385290609896,-2.31502330960457,15.8272384181545));
#7582=CARTESIAN_POINT('Ctrl Pts',(-42.0385290609896,-2.54771140617278,15.4984513024096));
#7583=CARTESIAN_POINT('Ctrl Pts',(-42.0385290609896,-2.66621380269416,15.3310080092814));
#7584=CARTESIAN_POINT('',(-42.0385290609896,-2.99909263074286,14.1250057738688));
#7585=CARTESIAN_POINT('Ctrl Pts',(-42.0385290609896,-2.66621380269416,15.3310080092814));
#7586=CARTESIAN_POINT('Ctrl Pts',(-42.0385290609896,-2.76330128693127,15.1434031763998));
#7587=CARTESIAN_POINT('Ctrl Pts',(-42.0385290609896,-2.95915713107008,14.7649455080683));
#7588=CARTESIAN_POINT('Ctrl Pts',(-42.0385290609896,-2.9857048514958,14.3395360029403));
#7589=CARTESIAN_POINT('Ctrl Pts',(-42.0385290609896,-2.99909263074286,14.1250057738688));
#7590=CARTESIAN_POINT('',(-42.0385290609896,-2.44793265282996,12.6898075860407));
#7591=CARTESIAN_POINT('Ctrl Pts',(-42.0385290609896,-2.99909263074286,14.1250057738688));
#7592=CARTESIAN_POINT('Ctrl Pts',(-42.0385290609896,-2.97766022172898,13.8540243933647));
#7593=CARTESIAN_POINT('Ctrl Pts',(-42.0385290609896,-2.93548202537462,13.3207429564589));
#7594=CARTESIAN_POINT('Ctrl Pts',(-42.0385290609896,-2.60867574325234,12.8978244700918));
#7595=CARTESIAN_POINT('Ctrl Pts',(-42.0385290609896,-2.44793265282996,12.6898075860407));
#7596=CARTESIAN_POINT('',(-42.0385290609896,-0.74534087598212,11.9476522725489));
#7597=CARTESIAN_POINT('Ctrl Pts',(-42.0385290609896,-2.44793265282996,12.6898075860407));
#7598=CARTESIAN_POINT('Ctrl Pts',(-42.0385290609896,-2.22311808341383,12.5110795724672));
#7599=CARTESIAN_POINT('Ctrl Pts',(-42.0385290609896,-1.72383118402482,12.1141455305016));
#7600=CARTESIAN_POINT('Ctrl Pts',(-42.0385290609896,-1.09243659324529,12.0067117198562));
#7601=CARTESIAN_POINT('Ctrl Pts',(-42.0385290609896,-0.74534087598212,11.9476522725489));
#7602=CARTESIAN_POINT('',(-42.0385290609896,-1.38381271779425,11.5492893975641));
#7603=CARTESIAN_POINT('Ctrl Pts',(-42.0385290609896,-0.74534087598212,11.9476522725489));
#7604=CARTESIAN_POINT('Ctrl Pts',(-42.0385290609896,-0.871457243486367,
11.8853368623954));
#7605=CARTESIAN_POINT('Ctrl Pts',(-42.0385290609896,-1.09763568049556,11.7735797419754));
#7606=CARTESIAN_POINT('Ctrl Pts',(-42.0385290609896,-1.29603861854806,11.618082069178));
#7607=CARTESIAN_POINT('Ctrl Pts',(-42.0385290609896,-1.38381271779425,11.5492893975641));
#7608=CARTESIAN_POINT('',(-42.0385290609896,-2.26239412248023,10.4851694625284));
#7609=CARTESIAN_POINT('Ctrl Pts',(-42.0385290609896,-1.38381271779425,11.5492893975641));
#7610=CARTESIAN_POINT('Ctrl Pts',(-42.0385290609896,-1.53938390126548,11.3938650291461));
#7611=CARTESIAN_POINT('Ctrl Pts',(-42.0385290609896,-1.86619507360407,11.0673622738202));
#7612=CARTESIAN_POINT('Ctrl Pts',(-42.0385290609896,-2.12617293477225,10.6853390400531));
#7613=CARTESIAN_POINT('Ctrl Pts',(-42.0385290609896,-2.26239412248023,10.4851694625284));
#7614=CARTESIAN_POINT('',(-42.0385290609896,-3.65393548428901,8.30781596120855));
#7615=CARTESIAN_POINT('',(-42.0385290609895,-4.96819089158291,6.25139227791943));
#7616=CARTESIAN_POINT('',(-42.0385290609896,-2.32242136418708,8.30781596120855));
#7617=CARTESIAN_POINT('',(-42.0385290609895,-21.5648227065016,8.30781596120857));
#7618=CARTESIAN_POINT('',(-42.0385290609896,-1.26375823438056,9.97220890935919));
#7619=CARTESIAN_POINT('',(-42.0385290609895,-4.49559274732496,4.89123232531817));
#7620=CARTESIAN_POINT('',(-42.0385290609896,-0.499774507879093,11.0745276730921));
#7621=CARTESIAN_POINT('Ctrl Pts',(-42.0385290609896,-1.26375823438056,9.97220890935919));
#7622=CARTESIAN_POINT('Ctrl Pts',(-42.0385290609896,-1.12541143427723,10.1859555091549));
#7623=CARTESIAN_POINT('Ctrl Pts',(-42.0385290609896,-0.882349821756146,
10.56148709484));
#7624=CARTESIAN_POINT('Ctrl Pts',(-42.0385290609896,-0.614967198802137,
10.9200521420844));
#7625=CARTESIAN_POINT('Ctrl Pts',(-42.0385290609896,-0.499774507879093,
11.0745276730921));
#7626=CARTESIAN_POINT('',(-42.0385290609896,0.0377425628911709,11.609316639271));
#7627=CARTESIAN_POINT('Ctrl Pts',(-42.0385290609896,-0.499774507879093,
11.0745276730921));
#7628=CARTESIAN_POINT('Ctrl Pts',(-42.0385290609896,-0.409468821131007,
11.187390321469));
#7629=CARTESIAN_POINT('Ctrl Pts',(-42.0385290609896,-0.250353607924657,
11.3862500500886));
#7630=CARTESIAN_POINT('Ctrl Pts',(-42.0385290609896,-0.049232467188699,
11.5419737681422));
#7631=CARTESIAN_POINT('Ctrl Pts',(-42.0385290609896,0.0377425628911709,
11.609316639271));
#7632=CARTESIAN_POINT('',(-42.0385290609896,0.520689495206997,11.8221406858828));
#7633=CARTESIAN_POINT('Ctrl Pts',(-42.0385290609896,0.0377425628911709,
11.609316639271));
#7634=CARTESIAN_POINT('Ctrl Pts',(-42.0385290609896,0.115992272329007,11.6560792360699));
#7635=CARTESIAN_POINT('Ctrl Pts',(-42.0385290609896,0.268206992780425,11.7470438626539));
#7636=CARTESIAN_POINT('Ctrl Pts',(-42.0385290609896,0.438122985149893,11.7975826173006));
#7637=CARTESIAN_POINT('Ctrl Pts',(-42.0385290609896,0.520689495206997,11.8221406858828));
#7638=CARTESIAN_POINT('',(-42.0385290609896,1.1100483018171,11.8603398126032));
#7639=CARTESIAN_POINT('Ctrl Pts',(-42.0385290609896,0.520689495206997,11.8221406858828));
#7640=CARTESIAN_POINT('Ctrl Pts',(-42.0385290609896,0.599706168497272,11.8331844270857));
#7641=CARTESIAN_POINT('Ctrl Pts',(-42.0385290609896,0.795084276498461,11.8604913886629));
#7642=CARTESIAN_POINT('Ctrl Pts',(-42.0385290609896,0.992483280871884,11.8603963906286));
#7643=CARTESIAN_POINT('Ctrl Pts',(-42.0385290609896,1.1100483018171,11.8603398126032));
#7644=CARTESIAN_POINT('',(-42.0385290609896,2.33787895023935,11.8603398126032));
#7645=CARTESIAN_POINT('',(-42.0385290609895,-19.1828308134485,11.8603398126032));
#7646=CARTESIAN_POINT('',(-42.0385290609896,2.33787895023935,8.30781596120855));
#7647=CARTESIAN_POINT('',(-42.0385290609895,2.33787895023934,17.1011793843132));
#7648=CARTESIAN_POINT('',(-42.0385290609896,3.39654200554006,8.30781596120855));
#7649=CARTESIAN_POINT('',(-42.0385290609895,-18.5689154892374,8.30781596120857));
#7650=CARTESIAN_POINT('',(-42.0385290609894,3.39654200554006,14.261290395448));
#7651=CARTESIAN_POINT('',(-42.0385290609895,3.39654200554006,15.3249174586158));
#7652=CARTESIAN_POINT('',(-42.0385290609896,8.84130966546962,16.));
#7653=CARTESIAN_POINT('Origin',(-42.0385290609894,5.84130966546962,16.));
#7654=CARTESIAN_POINT('Origin',(-42.0385290609894,5.84130966546962,16.));
#7655=CARTESIAN_POINT('',(-42.0385290609896,19.2983280905887,8.22033875419791));
#7656=CARTESIAN_POINT('',(-42.0385290609896,20.5889143833324,8.08664195968802));
#7657=CARTESIAN_POINT('Ctrl Pts',(-42.0385290609896,19.2983280905887,8.22033875419791));
#7658=CARTESIAN_POINT('Ctrl Pts',(-42.0385290609896,19.4930457235886,8.1814185172737));
#7659=CARTESIAN_POINT('Ctrl Pts',(-42.0385290609896,19.9188275737128,8.09631307392196));
#7660=CARTESIAN_POINT('Ctrl Pts',(-42.0385290609896,20.3531923598777,8.09004404816903));
#7661=CARTESIAN_POINT('Ctrl Pts',(-42.0385290609896,20.5889143833324,8.08664195968802));
#7662=CARTESIAN_POINT('',(-42.0385290609896,23.6393918880626,8.08664195968802));
#7663=CARTESIAN_POINT('',(-42.0385290609895,-9.44339777269087,8.08664195968804));
#7664=CARTESIAN_POINT('',(-42.0385290609896,23.6393918880626,16.0866420788973));
#7665=CARTESIAN_POINT('',(-42.0385290609896,23.6393918880626,15.2143304578556));
#7666=CARTESIAN_POINT('',(-42.0385290609896,20.6380277165576,16.0866420788973));
#7667=CARTESIAN_POINT('',(-42.0385290609895,-7.91815902032575,16.0866420788973));
#7668=CARTESIAN_POINT('',(-42.0385290609896,19.1673588046237,15.8438044114321));
#7669=CARTESIAN_POINT('Ctrl Pts',(-42.0385290609896,20.6380277165576,16.0866420788973));
#7670=CARTESIAN_POINT('Ctrl Pts',(-42.0385290609896,20.3600052588839,16.0815634541826));
#7671=CARTESIAN_POINT('Ctrl Pts',(-42.0385290609896,19.8571417260901,16.0723776668646));
#7672=CARTESIAN_POINT('Ctrl Pts',(-42.0385290609896,19.3804831025536,15.9144273756627));
#7673=CARTESIAN_POINT('Ctrl Pts',(-42.0385290609896,19.1673588046237,15.8438044114321));
#7674=CARTESIAN_POINT('',(-42.0385290609896,18.2996916064426,15.0961916966646));
#7675=CARTESIAN_POINT('Ctrl Pts',(-42.0385290609896,19.1673588046237,15.8438044114321));
#7676=CARTESIAN_POINT('Ctrl Pts',(-42.0385290609896,18.9929801521743,15.7523392981911));
#7677=CARTESIAN_POINT('Ctrl Pts',(-42.0385290609896,18.6458388883548,15.5702567177843));
#7678=CARTESIAN_POINT('Ctrl Pts',(-42.0385290609896,18.4147153852517,15.2537221843494));
#7679=CARTESIAN_POINT('Ctrl Pts',(-42.0385290609896,18.2996916064426,15.0961916966646));
#7680=CARTESIAN_POINT('',(-42.0385290609896,17.9859136828586,14.0402572674959));
#7681=CARTESIAN_POINT('Ctrl Pts',(-42.0385290609896,18.2996916064426,15.0961916966646));
#7682=CARTESIAN_POINT('Ctrl Pts',(-42.0385290609896,18.2081836977908,14.9279094025326));
#7683=CARTESIAN_POINT('Ctrl Pts',(-42.0385290609896,18.0287531081063,14.5979380184801));
#7684=CARTESIAN_POINT('Ctrl Pts',(-42.0385290609896,18.0000019979616,14.2236580041143));
#7685=CARTESIAN_POINT('Ctrl Pts',(-42.0385290609896,17.9859136828586,14.0402572674959));
#7686=CARTESIAN_POINT('',(-42.0385290609896,18.2642208823367,13.0743634028643));
#7687=CARTESIAN_POINT('Ctrl Pts',(-42.0385290609896,17.9859136828586,14.0402572674959));
#7688=CARTESIAN_POINT('Ctrl Pts',(-42.0385290609896,17.9979417761373,13.871072020122));
#7689=CARTESIAN_POINT('Ctrl Pts',(-42.0385290609896,18.022227424054,13.5294739583834));
#7690=CARTESIAN_POINT('Ctrl Pts',(-42.0385290609896,18.1830498893868,13.2270194951225));
#7691=CARTESIAN_POINT('Ctrl Pts',(-42.0385290609896,18.2642208823367,13.0743634028643));
#7692=CARTESIAN_POINT('',(-42.0385290609896,19.1046034583255,12.3431216998308));
#7693=CARTESIAN_POINT('Ctrl Pts',(-42.0385290609896,18.2642208823367,13.0743634028643));
#7694=CARTESIAN_POINT('Ctrl Pts',(-42.0385290609896,18.3726114802475,12.9288294667737));
#7695=CARTESIAN_POINT('Ctrl Pts',(-42.0385290609896,18.599308761385,12.6244474607613));
#7696=CARTESIAN_POINT('Ctrl Pts',(-42.0385290609896,18.931330841713,12.4395922367513));
#7697=CARTESIAN_POINT('Ctrl Pts',(-42.0385290609896,19.1046034583255,12.3431216998308));
#7698=CARTESIAN_POINT('',(-42.0385290609896,17.9886411914035,11.617337398073));
#7699=CARTESIAN_POINT('Ctrl Pts',(-42.0385290609896,19.1046034583255,12.3431216998308));
#7700=CARTESIAN_POINT('Ctrl Pts',(-42.0385290609896,18.8797654137854,12.2636390129279));
#7701=CARTESIAN_POINT('Ctrl Pts',(-42.0385290609896,18.4486526937584,12.1112359913847));
#7702=CARTESIAN_POINT('Ctrl Pts',(-42.0385290609896,18.1375125434829,11.7771754695126));
#7703=CARTESIAN_POINT('Ctrl Pts',(-42.0385290609896,17.9886411914035,11.617337398073));
#7704=CARTESIAN_POINT('',(-42.0385290609896,17.5984644183322,10.4058777613848));
#7705=CARTESIAN_POINT('Ctrl Pts',(-42.0385290609896,17.9886411914035,11.617337398073));
#7706=CARTESIAN_POINT('Ctrl Pts',(-42.0385290609896,17.8748547178881,11.4361860599833));
#7707=CARTESIAN_POINT('Ctrl Pts',(-42.0385290609896,17.6422165905533,11.0658194710961));
#7708=CARTESIAN_POINT('Ctrl Pts',(-42.0385290609896,17.6132586408259,10.6290283843305));
#7709=CARTESIAN_POINT('Ctrl Pts',(-42.0385290609896,17.5984644183322,10.4058777613848));
#7710=CARTESIAN_POINT('',(-42.0385290609896,17.8358446845218,9.36085753872092));
#7711=CARTESIAN_POINT('Ctrl Pts',(-42.0385290609896,17.5984644183322,10.4058777613848));
#7712=CARTESIAN_POINT('Ctrl Pts',(-42.0385290609896,17.6078997558718,10.2227492622472));
#7713=CARTESIAN_POINT('Ctrl Pts',(-42.0385290609896,17.6265592927023,9.86059020222329));
#7714=CARTESIAN_POINT('Ctrl Pts',(-42.0385290609896,17.7666111300797,9.52617375245316));
#7715=CARTESIAN_POINT('Ctrl Pts',(-42.0385290609896,17.8358446845218,9.36085753872092));
#7716=CARTESIAN_POINT('',(-42.0385290609896,18.4224747904941,8.61597352459128));
#7717=CARTESIAN_POINT('Ctrl Pts',(-42.0385290609896,17.8358446845218,9.36085753872092));
#7718=CARTESIAN_POINT('Ctrl Pts',(-42.0385290609896,17.9161383403091,9.21178412672483));
#7719=CARTESIAN_POINT('Ctrl Pts',(-42.0385290609896,18.06845511153,8.9289924096523));
#7720=CARTESIAN_POINT('Ctrl Pts',(-42.0385290609896,18.3088186743926,8.71646655607061));
#7721=CARTESIAN_POINT('Ctrl Pts',(-42.0385290609896,18.4224747904941,8.61597352459128));
#7722=CARTESIAN_POINT('Ctrl Pts',(-42.0385290609896,18.4224747904941,8.61597352459128));
#7723=CARTESIAN_POINT('Ctrl Pts',(-42.0385290609896,18.5507239345734,8.53291974720253));
#7724=CARTESIAN_POINT('Ctrl Pts',(-42.0385290609896,18.822459939434,8.35694429084988));
#7725=CARTESIAN_POINT('Ctrl Pts',(-42.0385290609896,19.1338842875013,8.26754496859853));
#7726=CARTESIAN_POINT('Ctrl Pts',(-42.0385290609896,19.2983280905887,8.22033875419791));
#7727=CARTESIAN_POINT('',(-42.0385290609896,32.424486205808,11.768852047291));
#7728=CARTESIAN_POINT('',(-42.0385290609896,32.424486205808,8.1344731372263));
#7729=CARTESIAN_POINT('',(-42.0385290609896,32.424486205808,17.055435501657));
#7730=CARTESIAN_POINT('',(-42.0385290609896,33.4831492611087,8.1344731372263));
#7731=CARTESIAN_POINT('',(-42.0385290609895,-3.52561186145306,8.13447313722634));
#7732=CARTESIAN_POINT('',(-42.0385290609896,33.4831492611087,16.1344732564356));
#7733=CARTESIAN_POINT('',(-42.0385290609896,33.4831492611087,15.2382460466247));
#7734=CARTESIAN_POINT('',(-42.0385290609896,28.0861511089719,16.1344732564356));
#7735=CARTESIAN_POINT('',(-42.0385290609895,-2.99628033380269,16.1344732564356));
#7736=CARTESIAN_POINT('',(-42.0385290609896,28.0861511089719,15.1904078048136));
#7737=CARTESIAN_POINT('',(-42.0385290609896,28.0861511089719,19.2382461062294));
#7738=CARTESIAN_POINT('',(-42.0385290609896,32.424486205808,15.1904078048136));
#7739=CARTESIAN_POINT('',(-42.0385290609895,-5.69477940987109,15.1904078048136));
#7740=CARTESIAN_POINT('',(-42.0385290609896,32.424486205808,12.7129180949595));
#7741=CARTESIAN_POINT('',(-42.0385290609896,32.424486205808,18.7662133804183));
#7742=CARTESIAN_POINT('',(-42.0385290609896,28.6700525143064,12.7129180949595));
#7743=CARTESIAN_POINT('',(-42.0385290609895,-3.52561186145305,12.7129180949595));
#7744=CARTESIAN_POINT('',(-42.0385290609896,28.6700525143064,11.768852047291));
#7745=CARTESIAN_POINT('',(-42.0385290609896,28.6700525143064,17.5274685254913));
#7746=CARTESIAN_POINT('',(-42.0385290609895,-5.40282870720386,11.768852047291));
#7747=CARTESIAN_POINT('',(-42.0385290609896,8.0273200345814,9.07853817170242));
#7748=CARTESIAN_POINT('',(-42.0385290609896,8.0273200345814,8.13447272008041));
#7749=CARTESIAN_POINT('',(-42.0385290609895,8.0273200345814,15.7102785638628));
#7750=CARTESIAN_POINT('',(-42.0385290609896,13.0259553862393,8.13447272008041));
#7751=CARTESIAN_POINT('',(-42.0385290609895,-15.7241949470663,8.13447272008043));
#7752=CARTESIAN_POINT('',(-42.0385290609896,13.0259553862393,16.1344728392897));
#7753=CARTESIAN_POINT('',(-42.0385290609896,13.0259553862393,15.2382458380518));
#7754=CARTESIAN_POINT('',(-42.0385290609896,11.967292554456,16.1344728392897));
#7755=CARTESIAN_POINT('',(-42.0385290609895,-13.2248772712374,16.1344728392897));
#7756=CARTESIAN_POINT('',(-42.0385290609896,11.967292554456,9.07853817170242));
#7757=CARTESIAN_POINT('',(-42.0385290609896,11.967292554456,19.2382458976564));
#7758=CARTESIAN_POINT('',(-42.0385290609895,-13.7542086871291,9.07853817170244));
#7759=CARTESIAN_POINT('Origin',(-41.6635290609894,-39.4757099287141,-7.17033599999999));
#7760=CARTESIAN_POINT('',(-41.2885290609897,112.274290071286,-7.54533599999999));
#7761=CARTESIAN_POINT('',(-12.8300965609877,83.8158575712883,-36.0037684999977));
#7762=CARTESIAN_POINT('',(-41.2885290609893,-40.7633191172645,-7.54533599999999));
#7763=CARTESIAN_POINT('',(-41.2885290609893,-39.4757099287141,-7.54533599999999));
#7764=CARTESIAN_POINT('',(-41.8486853405022,-41.3234753967773,-6.98517972048717));
#7765=CARTESIAN_POINT('Origin',(-40.9385290609896,4.7801289018268,22.3420189560231));
#7766=CARTESIAN_POINT('',(-40.9385290609896,4.7801289018268,22.3420189560231));
#7767=CARTESIAN_POINT('',(-40.0385290609896,4.7801289018268,22.3420189560231));
#7768=CARTESIAN_POINT('',(-42.0385290609896,4.7801289018268,22.3420189560231));
#7769=CARTESIAN_POINT('',(-40.0385290609896,4.7801289018268,23.3420189560231));
#7770=CARTESIAN_POINT('',(-40.0385290609896,4.7801289018268,22.3420189560231));
#7771=CARTESIAN_POINT('',(-40.9385290609896,4.7801289018268,23.3420189560231));
#7772=CARTESIAN_POINT('',(-40.9385290609896,4.7801289018268,23.3420189560231));
#7773=CARTESIAN_POINT('',(-40.9385290609896,4.7801289018268,22.3420189560231));
#7774=CARTESIAN_POINT('Origin',(-40.9385290609896,6.28275175608085,22.3420189560231));
#7775=CARTESIAN_POINT('',(-40.9385290609896,6.28275175608085,22.3420189560231));
#7776=CARTESIAN_POINT('',(-40.9385290609896,-16.5964790863165,22.3420189560231));
#7777=CARTESIAN_POINT('',(-40.9385290609896,6.28275175608085,23.3420189560231));
#7778=CARTESIAN_POINT('',(-40.9385290609896,6.28275175608085,23.3420189560231));
#7779=CARTESIAN_POINT('',(-40.9385290609896,6.28275175608085,22.3420189560231));
#7780=CARTESIAN_POINT('Origin',(-40.0385290609896,6.28275175608085,22.3420189560231));
#7781=CARTESIAN_POINT('',(-40.0385290609896,6.28275175608085,22.3420189560231));
#7782=CARTESIAN_POINT('',(-42.0385290609896,6.28275175608085,22.3420189560231));
#7783=CARTESIAN_POINT('',(-40.0385290609896,6.28275175608085,23.3420189560231));
#7784=CARTESIAN_POINT('',(-40.0385290609896,6.28275175608085,23.3420189560231));
#7785=CARTESIAN_POINT('',(-40.0385290609896,6.28275175608085,22.3420189560231));
#7786=CARTESIAN_POINT('Origin',(-40.4885290609895,5.53144032895382,23.3420189560231));
#7787=CARTESIAN_POINT('',(-40.0385290609896,4.7801289018268,23.3420189560231));
#7788=CARTESIAN_POINT('Origin',(-40.9385290609896,14.7801289018267,22.3420189560231));
#7789=CARTESIAN_POINT('',(-40.9385290609896,14.7801289018267,22.3420189560231));
#7790=CARTESIAN_POINT('',(-40.0385290609896,14.7801289018267,22.3420189560231));
#7791=CARTESIAN_POINT('',(-42.0385290609896,14.7801289018267,22.3420189560231));
#7792=CARTESIAN_POINT('',(-40.0385290609896,14.7801289018267,23.3420189560231));
#7793=CARTESIAN_POINT('',(-40.0385290609896,14.7801289018267,22.3420189560231));
#7794=CARTESIAN_POINT('',(-40.9385290609896,14.7801289018267,23.3420189560231));
#7795=CARTESIAN_POINT('',(-40.9385290609896,14.7801289018267,23.3420189560231));
#7796=CARTESIAN_POINT('',(-40.9385290609896,14.7801289018267,22.3420189560231));
#7797=CARTESIAN_POINT('Origin',(-40.9385290609896,16.2827517560808,22.3420189560231));
#7798=CARTESIAN_POINT('',(-40.9385290609896,16.2827517560808,22.3420189560231));
#7799=CARTESIAN_POINT('',(-40.9385290609896,-11.5964790863165,22.3420189560231));
#7800=CARTESIAN_POINT('',(-40.9385290609896,16.2827517560808,23.3420189560231));
#7801=CARTESIAN_POINT('',(-40.9385290609896,16.2827517560808,23.3420189560231));
#7802=CARTESIAN_POINT('',(-40.9385290609896,16.2827517560808,22.3420189560231));
#7803=CARTESIAN_POINT('Origin',(-40.0385290609896,16.2827517560808,22.3420189560231));
#7804=CARTESIAN_POINT('',(-40.0385290609896,16.2827517560808,22.3420189560231));
#7805=CARTESIAN_POINT('',(-42.0385290609896,16.2827517560808,22.3420189560231));
#7806=CARTESIAN_POINT('',(-40.0385290609896,16.2827517560808,23.3420189560231));
#7807=CARTESIAN_POINT('',(-40.0385290609896,16.2827517560808,23.3420189560231));
#7808=CARTESIAN_POINT('',(-40.0385290609896,16.2827517560808,22.3420189560231));
#7809=CARTESIAN_POINT('Origin',(-40.4885290609895,15.5314403289538,23.3420189560231));
#7810=CARTESIAN_POINT('',(-40.0385290609896,14.7801289018267,23.3420189560231));
#7811=CARTESIAN_POINT('Origin',(-40.9385290609896,24.7801289018267,22.3420189560231));
#7812=CARTESIAN_POINT('',(-40.9385290609896,24.7801289018267,22.3420189560231));
#7813=CARTESIAN_POINT('',(-40.0385290609896,24.7801289018267,22.3420189560231));
#7814=CARTESIAN_POINT('',(-42.0385290609896,24.7801289018267,22.3420189560231));
#7815=CARTESIAN_POINT('',(-40.0385290609896,24.7801289018267,23.3420189560231));
#7816=CARTESIAN_POINT('',(-40.0385290609896,24.7801289018267,22.3420189560231));
#7817=CARTESIAN_POINT('',(-40.9385290609896,24.7801289018267,23.3420189560231));
#7818=CARTESIAN_POINT('',(-40.9385290609896,24.7801289018267,23.3420189560231));
#7819=CARTESIAN_POINT('',(-40.9385290609896,24.7801289018267,22.3420189560231));
#7820=CARTESIAN_POINT('Origin',(-40.9385290609896,26.2827517559715,22.3420189560231));
#7821=CARTESIAN_POINT('',(-40.9385290609896,26.2827517559715,22.3420189560231));
#7822=CARTESIAN_POINT('',(-40.9385290609896,-6.59647908637116,22.3420189560231));
#7823=CARTESIAN_POINT('',(-40.9385290609896,26.2827517559715,23.3420189560231));
#7824=CARTESIAN_POINT('',(-40.9385290609896,26.2827517559715,23.3420189560231));
#7825=CARTESIAN_POINT('',(-40.9385290609896,26.2827517559715,22.3420189560231));
#7826=CARTESIAN_POINT('Origin',(-40.0385290609896,26.2827517559715,22.3420189560231));
#7827=CARTESIAN_POINT('',(-40.0385290609896,26.2827517559715,22.3420189560231));
#7828=CARTESIAN_POINT('',(-42.0385290609896,26.2827517559715,22.3420189560231));
#7829=CARTESIAN_POINT('',(-40.0385290609896,26.2827517559715,23.3420189560231));
#7830=CARTESIAN_POINT('',(-40.0385290609896,26.2827517559715,23.3420189560231));
#7831=CARTESIAN_POINT('',(-40.0385290609896,26.2827517559715,22.3420189560231));
#7832=CARTESIAN_POINT('Origin',(-40.4885290609895,25.5314403288991,23.3420189560231));
#7833=CARTESIAN_POINT('',(-40.0385290609896,24.7801289018267,23.3420189560231));
#7834=CARTESIAN_POINT('Origin',(-37.7622943037184,-44.475709928714,-3.8329451885505));
#7835=CARTESIAN_POINT('',(-24.9335900319049,-40.7633191172645,-7.54533599999999));
#7836=CARTESIAN_POINT('',(-39.9004116823539,-40.7633191172645,-7.54533599999999));
#7837=CARTESIAN_POINT('',(-24.9335900319049,-43.475709928714,-4.8329451885505));
#7838=CARTESIAN_POINT('',(-24.9335900319049,-43.475709928714,-4.8329451885505));
#7839=CARTESIAN_POINT('',(-26.9335900319049,-45.475709928714,-2.8329451885505));
#7840=CARTESIAN_POINT('',(-26.9335900319049,-45.475709928714,-2.8329451885505));
#7841=CARTESIAN_POINT('',(-40.0385290609895,-45.475709928714,-2.8329451885505));
#7842=CARTESIAN_POINT('',(-37.7622943037184,-45.475709928714,-2.8329451885505));
#7843=CARTESIAN_POINT('',(-40.0385290609895,-45.475709928714,-2.8329451885505));
#7844=CARTESIAN_POINT('Origin',(-20.7879340609894,-41.100709928714,-7.17033599999999));
#7845=CARTESIAN_POINT('',(-24.9335900319049,-40.725709928714,-7.54533599999999));
#7846=CARTESIAN_POINT('',(-24.9335900319049,-41.7788076315764,-6.49223829713763));
#7847=CARTESIAN_POINT('',(-20.7879340609894,-40.725709928714,-7.54533599999999));
#7848=CARTESIAN_POINT('Origin',(-20.7879340609894,112.649290071286,-7.17033599999999));
#7849=CARTESIAN_POINT('',(-20.7879340609894,112.274290071286,-7.54533599999999));
#7850=CARTESIAN_POINT('',(-20.7879340609894,113.024290071286,-6.79533599999999));
#7851=CARTESIAN_POINT('Origin',(0.462660939010515,113.024290071286,7.39834147801156));
#7852=CARTESIAN_POINT('',(0.463850939010593,113.024290071286,22.2986795534509));
#7853=CARTESIAN_POINT('Origin',(5.07846388005816,113.024290071286,20.6914771923357));
#7854=CARTESIAN_POINT('',(0.463850939010595,113.024290071286,7.80466399999991));
#7855=CARTESIAN_POINT('',(0.463850939010594,113.024290071286,14.8485105157313));
#7856=CARTESIAN_POINT('',(5.21385093901055,113.024290071286,3.05466399999995));
#7857=CARTESIAN_POINT('Origin',(5.21385093901055,113.024290071286,7.80466399999991));
#7858=CARTESIAN_POINT('',(29.2138509390106,113.024290071286,3.05466399999991));
#7859=CARTESIAN_POINT('',(2.83825593901053,113.024290071286,3.05466399999995));
#7860=CARTESIAN_POINT('',(33.9638509390106,113.024290071286,7.80466399999992));
#7861=CARTESIAN_POINT('Origin',(29.2138509390106,113.024290071286,7.80466399999991));
#7862=CARTESIAN_POINT('',(33.9638509390104,113.024290071286,22.3245433665397));
#7863=CARTESIAN_POINT('',(33.9638509390106,113.024290071286,7.6015027390059));
#7864=CARTESIAN_POINT('Origin',(29.2817760702749,113.024290071286,20.6722999637939));
#7865=CARTESIAN_POINT('Origin',(-42.0385290609896,8.0273200345814,9.07853817170242));
#7866=CARTESIAN_POINT('',(-41.7885290609896,8.0273200345814,9.07853817170242));
#7867=CARTESIAN_POINT('',(-42.0385290609896,8.0273200345814,9.07853817170242));
#7868=CARTESIAN_POINT('',(-41.7885290609896,8.0273200345814,8.13447272008041));
#7869=CARTESIAN_POINT('',(-41.7885290609896,8.0273200345814,9.07853817170242));
#7870=CARTESIAN_POINT('',(-42.0385290609896,8.0273200345814,8.13447272008041));
#7871=CARTESIAN_POINT('Origin',(-42.0385290609896,11.967292554456,9.07853817170242));
#7872=CARTESIAN_POINT('',(-41.7885290609896,11.967292554456,9.07853817170242));
#7873=CARTESIAN_POINT('',(-42.0385290609896,11.967292554456,9.07853817170242));
#7874=CARTESIAN_POINT('',(-41.7885290609896,11.967292554456,9.07853817170242));
#7875=CARTESIAN_POINT('Origin',(-42.0385290609896,11.967292554456,16.1344728392897));
#7876=CARTESIAN_POINT('',(-41.7885290609896,11.967292554456,16.1344728392897));
#7877=CARTESIAN_POINT('',(-42.0385290609896,11.967292554456,16.1344728392897));
#7878=CARTESIAN_POINT('',(-41.7885290609896,11.967292554456,16.1344728392897));
#7879=CARTESIAN_POINT('Origin',(-42.0385290609896,13.0259553862393,16.1344728392897));
#7880=CARTESIAN_POINT('',(-41.7885290609896,13.0259553862393,16.1344728392897));
#7881=CARTESIAN_POINT('',(-42.0385290609896,13.0259553862393,16.1344728392897));
#7882=CARTESIAN_POINT('',(-41.7885290609896,13.0259553862393,16.1344728392897));
#7883=CARTESIAN_POINT('Origin',(-42.0385290609896,13.0259553862393,8.13447272008041));
#7884=CARTESIAN_POINT('',(-41.7885290609896,13.0259553862393,8.13447272008041));
#7885=CARTESIAN_POINT('',(-42.0385290609896,13.0259553862393,8.13447272008041));
#7886=CARTESIAN_POINT('',(-41.7885290609896,13.0259553862393,8.13447272008041));
#7887=CARTESIAN_POINT('Origin',(-42.0385290609896,8.0273200345814,8.13447272008041));
#7888=CARTESIAN_POINT('',(-41.7885290609896,8.0273200345814,8.13447272008041));
#7889=CARTESIAN_POINT('Origin',(-41.7885290609896,10.5266377104103,12.1344727796851));
#7890=CARTESIAN_POINT('Origin',(-42.0385290609896,32.424486205808,11.768852047291));
#7891=CARTESIAN_POINT('',(-41.7885290609896,32.424486205808,11.768852047291));
#7892=CARTESIAN_POINT('',(-42.0385290609896,32.424486205808,11.768852047291));
#7893=CARTESIAN_POINT('',(-41.7885290609896,32.424486205808,8.1344731372263));
#7894=CARTESIAN_POINT('',(-41.7885290609896,32.424486205808,11.768852047291));
#7895=CARTESIAN_POINT('',(-42.0385290609896,32.424486205808,8.1344731372263));
#7896=CARTESIAN_POINT('Origin',(-42.0385290609896,28.6700525143064,11.768852047291));
#7897=CARTESIAN_POINT('',(-41.7885290609896,28.6700525143064,11.768852047291));
#7898=CARTESIAN_POINT('',(-42.0385290609896,28.6700525143064,11.768852047291));
#7899=CARTESIAN_POINT('',(-41.7885290609896,28.6700525143064,11.768852047291));
#7900=CARTESIAN_POINT('Origin',(-42.0385290609896,28.6700525143064,12.7129180949595));
#7901=CARTESIAN_POINT('',(-41.7885290609896,28.6700525143064,12.7129180949595));
#7902=CARTESIAN_POINT('',(-42.0385290609896,28.6700525143064,12.7129180949595));
#7903=CARTESIAN_POINT('',(-41.7885290609896,28.6700525143064,12.7129180949595));
#7904=CARTESIAN_POINT('Origin',(-42.0385290609896,32.424486205808,12.7129180949595));
#7905=CARTESIAN_POINT('',(-41.7885290609896,32.424486205808,12.7129180949595));
#7906=CARTESIAN_POINT('',(-42.0385290609896,32.424486205808,12.7129180949595));
#7907=CARTESIAN_POINT('',(-41.7885290609896,32.424486205808,12.7129180949595));
#7908=CARTESIAN_POINT('Origin',(-42.0385290609896,32.424486205808,15.1904078048136));
#7909=CARTESIAN_POINT('',(-41.7885290609896,32.424486205808,15.1904078048136));
#7910=CARTESIAN_POINT('',(-42.0385290609896,32.424486205808,15.1904078048136));
#7911=CARTESIAN_POINT('',(-41.7885290609896,32.424486205808,15.1904078048136));
#7912=CARTESIAN_POINT('Origin',(-42.0385290609896,28.0861511089719,15.1904078048136));
#7913=CARTESIAN_POINT('',(-41.7885290609896,28.0861511089719,15.1904078048136));
#7914=CARTESIAN_POINT('',(-42.0385290609896,28.0861511089719,15.1904078048136));
#7915=CARTESIAN_POINT('',(-41.7885290609896,28.0861511089719,15.1904078048136));
#7916=CARTESIAN_POINT('Origin',(-42.0385290609896,28.0861511089719,16.1344732564356));
#7917=CARTESIAN_POINT('',(-41.7885290609896,28.0861511089719,16.1344732564356));
#7918=CARTESIAN_POINT('',(-42.0385290609896,28.0861511089719,16.1344732564356));
#7919=CARTESIAN_POINT('',(-41.7885290609896,28.0861511089719,16.1344732564356));
#7920=CARTESIAN_POINT('Origin',(-42.0385290609896,33.4831492611087,16.1344732564356));
#7921=CARTESIAN_POINT('',(-41.7885290609896,33.4831492611087,16.1344732564356));
#7922=CARTESIAN_POINT('',(-42.0385290609896,33.4831492611087,16.1344732564356));
#7923=CARTESIAN_POINT('',(-41.7885290609896,33.4831492611087,16.1344732564356));
#7924=CARTESIAN_POINT('Origin',(-42.0385290609896,33.4831492611087,8.1344731372263));
#7925=CARTESIAN_POINT('',(-41.7885290609896,33.4831492611087,8.1344731372263));
#7926=CARTESIAN_POINT('',(-42.0385290609896,33.4831492611087,8.1344731372263));
#7927=CARTESIAN_POINT('',(-41.7885290609896,33.4831492611087,8.1344731372263));
#7928=CARTESIAN_POINT('Origin',(-42.0385290609896,32.424486205808,8.1344731372263));
#7929=CARTESIAN_POINT('',(-41.7885290609896,32.424486205808,8.1344731372263));
#7930=CARTESIAN_POINT('Origin',(-41.7885290609896,30.7846501850403,12.1344731968309));
#7931=CARTESIAN_POINT('Origin',(-42.0385290609896,20.7307969817325,11.781048707506));
#7932=CARTESIAN_POINT('',(-42.0385290609896,20.7307969817325,11.781048707506));
#7933=CARTESIAN_POINT('',(-42.0385290609896,22.5807289072677,11.781048707506));
#7934=CARTESIAN_POINT('',(-42.0385290609895,-9.37245647349082,11.7810487075061));
#7935=CARTESIAN_POINT('',(-41.7885290609896,20.7307969817325,11.781048707506));
#7936=CARTESIAN_POINT('',(-42.0385290609896,20.7307969817325,11.781048707506));
#7937=CARTESIAN_POINT('',(-41.7885290609896,22.5807289072677,11.781048707506));
#7938=CARTESIAN_POINT('',(-41.7885290609896,20.7307969817325,11.781048707506));
#7939=CARTESIAN_POINT('',(-42.0385290609896,22.5807289072677,11.781048707506));
#7940=CARTESIAN_POINT('Ctrl Pts',(-42.0385290609896,19.5602648743793,11.6473513169497));
#7941=CARTESIAN_POINT('Ctrl Pts',(-41.7885290609896,19.5602648743793,11.6473513169497));
#7942=CARTESIAN_POINT('Ctrl Pts',(-42.0385290609896,19.7248951218771,11.686146004501));
#7943=CARTESIAN_POINT('Ctrl Pts',(-41.7885290609896,19.7248951218771,11.686146004501));
#7944=CARTESIAN_POINT('Ctrl Pts',(-42.0385290609896,20.1093126878854,11.7767329992313));
#7945=CARTESIAN_POINT('Ctrl Pts',(-41.7885290609896,20.1093126878854,11.7767329992313));
#7946=CARTESIAN_POINT('Ctrl Pts',(-42.0385290609896,20.5047240552453,11.7794788129662));
#7947=CARTESIAN_POINT('Ctrl Pts',(-41.7885290609896,20.5047240552453,11.7794788129662));
#7948=CARTESIAN_POINT('Ctrl Pts',(-42.0385290609896,20.7307969817325,11.781048707506));
#7949=CARTESIAN_POINT('Ctrl Pts',(-41.7885290609896,20.7307969817325,11.781048707506));
#7950=CARTESIAN_POINT('',(-42.0385290609896,19.5602648743793,11.6473513169497));
#7951=CARTESIAN_POINT('Ctrl Pts',(-42.0385290609896,19.5602648743793,11.6473513169497));
#7952=CARTESIAN_POINT('Ctrl Pts',(-42.0385290609896,19.7248951218771,11.686146004501));
#7953=CARTESIAN_POINT('Ctrl Pts',(-42.0385290609896,20.1093126878854,11.7767329992313));
#7954=CARTESIAN_POINT('Ctrl Pts',(-42.0385290609896,20.5047240552453,11.7794788129662));
#7955=CARTESIAN_POINT('Ctrl Pts',(-42.0385290609896,20.7307969817325,11.781048707506));
#7956=CARTESIAN_POINT('',(-41.7885290609896,19.5602648743793,11.6473513169497));
#7957=CARTESIAN_POINT('',(-42.0385290609896,19.5602648743793,11.6473513169497));
#7958=CARTESIAN_POINT('Ctrl Pts',(-41.7885290609896,19.5602648743793,11.6473513169497));
#7959=CARTESIAN_POINT('Ctrl Pts',(-41.7885290609896,19.7248951218771,11.686146004501));
#7960=CARTESIAN_POINT('Ctrl Pts',(-41.7885290609896,20.1093126878854,11.7767329992313));
#7961=CARTESIAN_POINT('Ctrl Pts',(-41.7885290609896,20.5047240552453,11.7794788129662));
#7962=CARTESIAN_POINT('Ctrl Pts',(-41.7885290609896,20.7307969817325,11.781048707506));
#7963=CARTESIAN_POINT('Ctrl Pts',(-42.0385290609896,18.9245211371585,11.1835037989825));
#7964=CARTESIAN_POINT('Ctrl Pts',(-41.7885290609896,18.9245211371585,11.1835037989825));
#7965=CARTESIAN_POINT('Ctrl Pts',(-42.0385290609896,19.0094258440353,11.2857295727366));
#7966=CARTESIAN_POINT('Ctrl Pts',(-41.7885290609896,19.0094258440353,11.2857295727366));
#7967=CARTESIAN_POINT('Ctrl Pts',(-42.0385290609896,19.1821692999653,11.4937137245344));
#7968=CARTESIAN_POINT('Ctrl Pts',(-41.7885290609896,19.1821692999653,11.4937137245344));
#7969=CARTESIAN_POINT('Ctrl Pts',(-42.0385290609896,19.4328139523901,11.5955621553445));
#7970=CARTESIAN_POINT('Ctrl Pts',(-41.7885290609896,19.4328139523901,11.5955621553445));
#7971=CARTESIAN_POINT('Ctrl Pts',(-42.0385290609896,19.5602648743793,11.6473513169497));
#7972=CARTESIAN_POINT('Ctrl Pts',(-41.7885290609896,19.5602648743793,11.6473513169497));
#7973=CARTESIAN_POINT('',(-42.0385290609896,18.9245211371585,11.1835037989825));
#7974=CARTESIAN_POINT('Ctrl Pts',(-42.0385290609896,18.9245211371585,11.1835037989825));
#7975=CARTESIAN_POINT('Ctrl Pts',(-42.0385290609896,19.0094258440353,11.2857295727366));
#7976=CARTESIAN_POINT('Ctrl Pts',(-42.0385290609896,19.1821692999653,11.4937137245344));
#7977=CARTESIAN_POINT('Ctrl Pts',(-42.0385290609896,19.4328139523901,11.5955621553445));
#7978=CARTESIAN_POINT('Ctrl Pts',(-42.0385290609896,19.5602648743793,11.6473513169497));
#7979=CARTESIAN_POINT('',(-41.7885290609896,18.9245211371585,11.1835037989825));
#7980=CARTESIAN_POINT('',(-42.0385290609896,18.9245211371585,11.1835037989825));
#7981=CARTESIAN_POINT('Ctrl Pts',(-41.7885290609896,18.9245211371585,11.1835037989825));
#7982=CARTESIAN_POINT('Ctrl Pts',(-41.7885290609896,19.0094258440353,11.2857295727366));
#7983=CARTESIAN_POINT('Ctrl Pts',(-41.7885290609896,19.1821692999653,11.4937137245344));
#7984=CARTESIAN_POINT('Ctrl Pts',(-41.7885290609896,19.4328139523901,11.5955621553445));
#7985=CARTESIAN_POINT('Ctrl Pts',(-41.7885290609896,19.5602648743793,11.6473513169497));
#7986=CARTESIAN_POINT('Ctrl Pts',(-42.0385290609896,18.6953263768359,10.4058777613848));
#7987=CARTESIAN_POINT('Ctrl Pts',(-41.7885290609896,18.6953263768359,10.4058777613848));
#7988=CARTESIAN_POINT('Ctrl Pts',(-42.0385290609896,18.7037293012126,10.5484641864726));
#7989=CARTESIAN_POINT('Ctrl Pts',(-41.7885290609896,18.7037293012126,10.5484641864726));
#7990=CARTESIAN_POINT('Ctrl Pts',(-42.0385290609896,18.7200655634186,10.8256687789272));
#7991=CARTESIAN_POINT('Ctrl Pts',(-41.7885290609896,18.7200655634186,10.8256687789272));
#7992=CARTESIAN_POINT('Ctrl Pts',(-42.0385290609896,18.857687932853,11.0665333463528));
#7993=CARTESIAN_POINT('Ctrl Pts',(-41.7885290609896,18.857687932853,11.0665333463528));
#7994=CARTESIAN_POINT('Ctrl Pts',(-42.0385290609896,18.9245211371585,11.1835037989825));
#7995=CARTESIAN_POINT('Ctrl Pts',(-41.7885290609896,18.9245211371585,11.1835037989825));
#7996=CARTESIAN_POINT('',(-42.0385290609896,18.6953263768359,10.4058777613848));
#7997=CARTESIAN_POINT('Ctrl Pts',(-42.0385290609896,18.6953263768359,10.4058777613848));
#7998=CARTESIAN_POINT('Ctrl Pts',(-42.0385290609896,18.7037293012126,10.5484641864726));
#7999=CARTESIAN_POINT('Ctrl Pts',(-42.0385290609896,18.7200655634186,10.8256687789272));
#8000=CARTESIAN_POINT('Ctrl Pts',(-42.0385290609896,18.857687932853,11.0665333463528));
#8001=CARTESIAN_POINT('Ctrl Pts',(-42.0385290609896,18.9245211371585,11.1835037989825));
#8002=CARTESIAN_POINT('',(-41.7885290609896,18.6953263768359,10.4058777613848));
#8003=CARTESIAN_POINT('',(-42.0385290609896,18.6953263768359,10.4058777613848));
#8004=CARTESIAN_POINT('Ctrl Pts',(-41.7885290609896,18.6953263768359,10.4058777613848));
#8005=CARTESIAN_POINT('Ctrl Pts',(-41.7885290609896,18.7037293012126,10.5484641864726));
#8006=CARTESIAN_POINT('Ctrl Pts',(-41.7885290609896,18.7200655634186,10.8256687789272));
#8007=CARTESIAN_POINT('Ctrl Pts',(-41.7885290609896,18.857687932853,11.0665333463528));
#8008=CARTESIAN_POINT('Ctrl Pts',(-41.7885290609896,18.9245211371585,11.1835037989825));
#8009=CARTESIAN_POINT('Ctrl Pts',(-42.0385290609896,18.8535802849933,9.73193519546683));
#8010=CARTESIAN_POINT('Ctrl Pts',(-41.7885290609896,18.8535802849933,9.73193519546683));
#8011=CARTESIAN_POINT('Ctrl Pts',(-42.0385290609896,18.8074397903965,9.83517903150945));
#8012=CARTESIAN_POINT('Ctrl Pts',(-41.7885290609896,18.8074397903965,9.83517903150945));
#8013=CARTESIAN_POINT('Ctrl Pts',(-42.0385290609896,18.7116531520888,10.0495109338208));
#8014=CARTESIAN_POINT('Ctrl Pts',(-41.7885290609896,18.7116531520888,10.0495109338208));
#8015=CARTESIAN_POINT('Ctrl Pts',(-42.0385290609896,18.7008998205897,10.2842254180171));
#8016=CARTESIAN_POINT('Ctrl Pts',(-41.7885290609896,18.7008998205897,10.2842254180171));
#8017=CARTESIAN_POINT('Ctrl Pts',(-42.0385290609896,18.6953263768359,10.4058777613848));
#8018=CARTESIAN_POINT('Ctrl Pts',(-41.7885290609896,18.6953263768359,10.4058777613848));
#8019=CARTESIAN_POINT('',(-42.0385290609896,18.8535802849933,9.73193519546683));
#8020=CARTESIAN_POINT('Ctrl Pts',(-42.0385290609896,18.8535802849933,9.73193519546683));
#8021=CARTESIAN_POINT('Ctrl Pts',(-42.0385290609896,18.8074397903965,9.83517903150945));
#8022=CARTESIAN_POINT('Ctrl Pts',(-42.0385290609896,18.7116531520888,10.0495109338208));
#8023=CARTESIAN_POINT('Ctrl Pts',(-42.0385290609896,18.7008998205897,10.2842254180171));
#8024=CARTESIAN_POINT('Ctrl Pts',(-42.0385290609896,18.6953263768359,10.4058777613848));
#8025=CARTESIAN_POINT('',(-41.7885290609896,18.8535802849933,9.73193519546683));
#8026=CARTESIAN_POINT('',(-42.0385290609896,18.8535802849933,9.73193519546683));
#8027=CARTESIAN_POINT('Ctrl Pts',(-41.7885290609896,18.8535802849933,9.73193519546683));
#8028=CARTESIAN_POINT('Ctrl Pts',(-41.7885290609896,18.8074397903965,9.83517903150945));
#8029=CARTESIAN_POINT('Ctrl Pts',(-41.7885290609896,18.7116531520888,10.0495109338208));
#8030=CARTESIAN_POINT('Ctrl Pts',(-41.7885290609896,18.7008998205897,10.2842254180171));
#8031=CARTESIAN_POINT('Ctrl Pts',(-41.7885290609896,18.6953263768359,10.4058777613848));
#8032=CARTESIAN_POINT('Ctrl Pts',(-42.0385290609896,19.2573999652072,9.28718738987143));
#8033=CARTESIAN_POINT('Ctrl Pts',(-41.7885290609896,19.2573999652072,9.28718738987143));
#8034=CARTESIAN_POINT('Ctrl Pts',(-42.0385290609896,19.1783019842517,9.34557360441082));
#8035=CARTESIAN_POINT('Ctrl Pts',(-41.7885290609896,19.1783019842517,9.34557360441082));
#8036=CARTESIAN_POINT('Ctrl Pts',(-42.0385290609896,19.0141529873645,9.46674026926007));
#8037=CARTESIAN_POINT('Ctrl Pts',(-41.7885290609896,19.0141529873645,9.46674026926007));
#8038=CARTESIAN_POINT('Ctrl Pts',(-42.0385290609896,18.9083831371805,9.6414251764717));
#8039=CARTESIAN_POINT('Ctrl Pts',(-41.7885290609896,18.9083831371805,9.6414251764717));
#8040=CARTESIAN_POINT('Ctrl Pts',(-42.0385290609896,18.8535802849933,9.73193519546683));
#8041=CARTESIAN_POINT('Ctrl Pts',(-41.7885290609896,18.8535802849933,9.73193519546683));
#8042=CARTESIAN_POINT('',(-42.0385290609896,19.2573999652072,9.28718738987143));
#8043=CARTESIAN_POINT('Ctrl Pts',(-42.0385290609896,19.2573999652072,9.28718738987143));
#8044=CARTESIAN_POINT('Ctrl Pts',(-42.0385290609896,19.1783019842517,9.34557360441082));
#8045=CARTESIAN_POINT('Ctrl Pts',(-42.0385290609896,19.0141529873645,9.46674026926007));
#8046=CARTESIAN_POINT('Ctrl Pts',(-42.0385290609896,18.9083831371805,9.6414251764717));
#8047=CARTESIAN_POINT('Ctrl Pts',(-42.0385290609896,18.8535802849933,9.73193519546683));
#8048=CARTESIAN_POINT('',(-41.7885290609896,19.2573999652072,9.28718738987143));
#8049=CARTESIAN_POINT('',(-42.0385290609896,19.2573999652072,9.28718738987143));
#8050=CARTESIAN_POINT('Ctrl Pts',(-41.7885290609896,19.2573999652072,9.28718738987143));
#8051=CARTESIAN_POINT('Ctrl Pts',(-41.7885290609896,19.1783019842517,9.34557360441082));
#8052=CARTESIAN_POINT('Ctrl Pts',(-41.7885290609896,19.0141529873645,9.46674026926007));
#8053=CARTESIAN_POINT('Ctrl Pts',(-41.7885290609896,18.9083831371805,9.6414251764717));
#8054=CARTESIAN_POINT('Ctrl Pts',(-41.7885290609896,18.8535802849933,9.73193519546683));
#8055=CARTESIAN_POINT('Ctrl Pts',(-42.0385290609896,19.8685868868037,9.06890683605369));
#8056=CARTESIAN_POINT('Ctrl Pts',(-41.7885290609896,19.8685868868037,9.06890683605369));
#8057=CARTESIAN_POINT('Ctrl Pts',(-42.0385290609896,19.754731867684,9.09255477893547));
#8058=CARTESIAN_POINT('Ctrl Pts',(-41.7885290609896,19.754731867684,9.09255477893547));
#8059=CARTESIAN_POINT('Ctrl Pts',(-42.0385290609896,19.5407000081424,9.1370096762993));
#8060=CARTESIAN_POINT('Ctrl Pts',(-41.7885290609896,19.5407000081424,9.1370096762993));
#8061=CARTESIAN_POINT('Ctrl Pts',(-42.0385290609896,19.3477224266665,9.23930733801676));
#8062=CARTESIAN_POINT('Ctrl Pts',(-41.7885290609896,19.3477224266665,9.23930733801676));
#8063=CARTESIAN_POINT('Ctrl Pts',(-42.0385290609896,19.2573999652072,9.28718738987143));
#8064=CARTESIAN_POINT('Ctrl Pts',(-41.7885290609896,19.2573999652072,9.28718738987143));
#8065=CARTESIAN_POINT('',(-42.0385290609896,19.8685868868037,9.06890683605369));
#8066=CARTESIAN_POINT('Ctrl Pts',(-42.0385290609896,19.8685868868037,9.06890683605369));
#8067=CARTESIAN_POINT('Ctrl Pts',(-42.0385290609896,19.754731867684,9.09255477893547));
#8068=CARTESIAN_POINT('Ctrl Pts',(-42.0385290609896,19.5407000081424,9.1370096762993));
#8069=CARTESIAN_POINT('Ctrl Pts',(-42.0385290609896,19.3477224266665,9.23930733801676));
#8070=CARTESIAN_POINT('Ctrl Pts',(-42.0385290609896,19.2573999652072,9.28718738987143));
#8071=CARTESIAN_POINT('',(-41.7885290609896,19.8685868868037,9.06890683605369));
#8072=CARTESIAN_POINT('',(-42.0385290609896,19.8685868868037,9.06890683605369));
#8073=CARTESIAN_POINT('Ctrl Pts',(-41.7885290609896,19.8685868868037,9.06890683605369));
#8074=CARTESIAN_POINT('Ctrl Pts',(-41.7885290609896,19.754731867684,9.09255477893547));
#8075=CARTESIAN_POINT('Ctrl Pts',(-41.7885290609896,19.5407000081424,9.1370096762993));
#8076=CARTESIAN_POINT('Ctrl Pts',(-41.7885290609896,19.3477224266665,9.23930733801676));
#8077=CARTESIAN_POINT('Ctrl Pts',(-41.7885290609896,19.2573999652072,9.28718738987143));
#8078=CARTESIAN_POINT('Ctrl Pts',(-42.0385290609896,20.5889143833324,9.03070741131003));
#8079=CARTESIAN_POINT('Ctrl Pts',(-41.7885290609896,20.5889143833324,9.03070741131003));
#8080=CARTESIAN_POINT('Ctrl Pts',(-42.0385290609896,20.4431815717887,9.03043124522796));
#8081=CARTESIAN_POINT('Ctrl Pts',(-41.7885290609896,20.4431815717887,9.03043124522796));
#8082=CARTESIAN_POINT('Ctrl Pts',(-42.0385290609896,20.202263573822,9.02997470164731));
#8083=CARTESIAN_POINT('Ctrl Pts',(-41.7885290609896,20.202263573822,9.02997470164731));
#8084=CARTESIAN_POINT('Ctrl Pts',(-42.0385290609896,19.9630848836511,9.05788116702277));
#8085=CARTESIAN_POINT('Ctrl Pts',(-41.7885290609896,19.9630848836511,9.05788116702277));
#8086=CARTESIAN_POINT('Ctrl Pts',(-42.0385290609896,19.8685868868037,9.06890683605369));
#8087=CARTESIAN_POINT('Ctrl Pts',(-41.7885290609896,19.8685868868037,9.06890683605369));
#8088=CARTESIAN_POINT('',(-42.0385290609896,20.5889143833324,9.03070741131003));
#8089=CARTESIAN_POINT('Ctrl Pts',(-42.0385290609896,20.5889143833324,9.03070741131003));
#8090=CARTESIAN_POINT('Ctrl Pts',(-42.0385290609896,20.4431815717887,9.03043124522796));
#8091=CARTESIAN_POINT('Ctrl Pts',(-42.0385290609896,20.202263573822,9.02997470164731));
#8092=CARTESIAN_POINT('Ctrl Pts',(-42.0385290609896,19.9630848836511,9.05788116702277));
#8093=CARTESIAN_POINT('Ctrl Pts',(-42.0385290609896,19.8685868868037,9.06890683605369));
#8094=CARTESIAN_POINT('',(-41.7885290609896,20.5889143833324,9.03070741131003));
#8095=CARTESIAN_POINT('',(-42.0385290609896,20.5889143833324,9.03070741131003));
#8096=CARTESIAN_POINT('Ctrl Pts',(-41.7885290609896,20.5889143833324,9.03070741131003));
#8097=CARTESIAN_POINT('Ctrl Pts',(-41.7885290609896,20.4431815717887,9.03043124522796));
#8098=CARTESIAN_POINT('Ctrl Pts',(-41.7885290609896,20.202263573822,9.02997470164731));
#8099=CARTESIAN_POINT('Ctrl Pts',(-41.7885290609896,19.9630848836511,9.05788116702277));
#8100=CARTESIAN_POINT('Ctrl Pts',(-41.7885290609896,19.8685868868037,9.06890683605369));
#8101=CARTESIAN_POINT('Origin',(-42.0385290609896,22.5807289072677,9.03070741131003));
#8102=CARTESIAN_POINT('',(-42.0385290609896,22.5807289072677,9.03070741131003));
#8103=CARTESIAN_POINT('',(-42.0385290609895,-8.44749051072321,9.03070741131006));
#8104=CARTESIAN_POINT('',(-41.7885290609896,22.5807289072677,9.03070741131003));
#8105=CARTESIAN_POINT('',(-42.0385290609896,22.5807289072677,9.03070741131003));
#8106=CARTESIAN_POINT('',(-41.7885290609896,22.5807289072677,9.03070741131003));
#8107=CARTESIAN_POINT('Origin',(-42.0385290609896,22.5807289072677,11.781048707506));
#8108=CARTESIAN_POINT('',(-42.0385290609896,22.5807289072677,17.0615338317646));
#8109=CARTESIAN_POINT('',(-41.7885290609896,22.5807289072677,11.781048707506));
#8110=CARTESIAN_POINT('Origin',(-42.0385290609896,20.9818204530879,15.1425766272753));
#8111=CARTESIAN_POINT('',(-42.0385290609896,20.9818204530879,15.1425766272753));
#8112=CARTESIAN_POINT('',(-42.0385290609896,22.5807289072677,15.1425766272753));
#8113=CARTESIAN_POINT('',(-42.0385290609895,-9.24694473781309,15.1425766272753));
#8114=CARTESIAN_POINT('',(-41.7885290609896,20.9818204530879,15.1425766272753));
#8115=CARTESIAN_POINT('',(-42.0385290609896,20.9818204530879,15.1425766272753));
#8116=CARTESIAN_POINT('',(-41.7885290609896,22.5807289072677,15.1425766272753));
#8117=CARTESIAN_POINT('',(-41.7885290609896,20.9818204530879,15.1425766272753));
#8118=CARTESIAN_POINT('',(-42.0385290609896,22.5807289072677,15.1425766272753));
#8119=CARTESIAN_POINT('Ctrl Pts',(-42.0385290609896,19.764903415124,15.0307070536822));
#8120=CARTESIAN_POINT('Ctrl Pts',(-41.7885290609896,19.764903415124,15.0307070536822));
#8121=CARTESIAN_POINT('Ctrl Pts',(-42.0385290609896,19.9249718580959,15.0630200564916));
#8122=CARTESIAN_POINT('Ctrl Pts',(-41.7885290609896,19.9249718580959,15.0630200564916));
#8123=CARTESIAN_POINT('Ctrl Pts',(-42.0385290609896,20.3259979321646,15.1439751555572));
#8124=CARTESIAN_POINT('Ctrl Pts',(-41.7885290609896,20.3259979321646,15.1439751555572));
#8125=CARTESIAN_POINT('Ctrl Pts',(-42.0385290609896,20.7356686585951,15.1431015410061));
#8126=CARTESIAN_POINT('Ctrl Pts',(-41.7885290609896,20.7356686585951,15.1431015410061));
#8127=CARTESIAN_POINT('Ctrl Pts',(-42.0385290609896,20.9818204530879,15.1425766272753));
#8128=CARTESIAN_POINT('Ctrl Pts',(-41.7885290609896,20.9818204530879,15.1425766272753));
#8129=CARTESIAN_POINT('',(-42.0385290609896,19.764903415124,15.0307070536822));
#8130=CARTESIAN_POINT('Ctrl Pts',(-42.0385290609896,19.764903415124,15.0307070536822));
#8131=CARTESIAN_POINT('Ctrl Pts',(-42.0385290609896,19.9249718580959,15.0630200564916));
#8132=CARTESIAN_POINT('Ctrl Pts',(-42.0385290609896,20.3259979321646,15.1439751555572));
#8133=CARTESIAN_POINT('Ctrl Pts',(-42.0385290609896,20.7356686585951,15.1431015410061));
#8134=CARTESIAN_POINT('Ctrl Pts',(-42.0385290609896,20.9818204530879,15.1425766272753));
#8135=CARTESIAN_POINT('',(-41.7885290609896,19.764903415124,15.0307070536822));
#8136=CARTESIAN_POINT('',(-42.0385290609896,19.764903415124,15.0307070536822));
#8137=CARTESIAN_POINT('Ctrl Pts',(-41.7885290609896,19.764903415124,15.0307070536822));
#8138=CARTESIAN_POINT('Ctrl Pts',(-41.7885290609896,19.9249718580959,15.0630200564916));
#8139=CARTESIAN_POINT('Ctrl Pts',(-41.7885290609896,20.3259979321646,15.1439751555572));
#8140=CARTESIAN_POINT('Ctrl Pts',(-41.7885290609896,20.7356686585951,15.1431015410061));
#8141=CARTESIAN_POINT('Ctrl Pts',(-41.7885290609896,20.9818204530879,15.1425766272753));
#8142=CARTESIAN_POINT('Ctrl Pts',(-42.0385290609896,19.2192005404636,14.6159731669634));
#8143=CARTESIAN_POINT('Ctrl Pts',(-41.7885290609896,19.2192005404636,14.6159731669634));
#8144=CARTESIAN_POINT('Ctrl Pts',(-42.0385290609896,19.2902921780652,14.7091586509338));
#8145=CARTESIAN_POINT('Ctrl Pts',(-41.7885290609896,19.2902921780652,14.7091586509338));
#8146=CARTESIAN_POINT('Ctrl Pts',(-42.0385290609896,19.4339735651499,14.8974933136976));
#8147=CARTESIAN_POINT('Ctrl Pts',(-41.7885290609896,19.4339735651499,14.8974933136976));
#8148=CARTESIAN_POINT('Ctrl Pts',(-42.0385290609896,19.6538293472326,14.9859948828089));
#8149=CARTESIAN_POINT('Ctrl Pts',(-41.7885290609896,19.6538293472326,14.9859948828089));
#8150=CARTESIAN_POINT('Ctrl Pts',(-42.0385290609896,19.764903415124,15.0307070536822));
#8151=CARTESIAN_POINT('Ctrl Pts',(-41.7885290609896,19.764903415124,15.0307070536822));
#8152=CARTESIAN_POINT('',(-42.0385290609896,19.2192005404636,14.6159731669634));
#8153=CARTESIAN_POINT('Ctrl Pts',(-42.0385290609896,19.2192005404636,14.6159731669634));
#8154=CARTESIAN_POINT('Ctrl Pts',(-42.0385290609896,19.2902921780652,14.7091586509338));
#8155=CARTESIAN_POINT('Ctrl Pts',(-42.0385290609896,19.4339735651499,14.8974933136976));
#8156=CARTESIAN_POINT('Ctrl Pts',(-42.0385290609896,19.6538293472326,14.9859948828089));
#8157=CARTESIAN_POINT('Ctrl Pts',(-42.0385290609896,19.764903415124,15.0307070536822));
#8158=CARTESIAN_POINT('',(-41.7885290609896,19.2192005404636,14.6159731669634));
#8159=CARTESIAN_POINT('',(-42.0385290609896,19.2192005404636,14.6159731669634));
#8160=CARTESIAN_POINT('Ctrl Pts',(-41.7885290609896,19.2192005404636,14.6159731669634));
#8161=CARTESIAN_POINT('Ctrl Pts',(-41.7885290609896,19.2902921780652,14.7091586509338));
#8162=CARTESIAN_POINT('Ctrl Pts',(-41.7885290609896,19.4339735651499,14.8974933136976));
#8163=CARTESIAN_POINT('Ctrl Pts',(-41.7885290609896,19.6538293472326,14.9859948828089));
#8164=CARTESIAN_POINT('Ctrl Pts',(-41.7885290609896,19.764903415124,15.0307070536822));
#8165=CARTESIAN_POINT('Ctrl Pts',(-42.0385290609896,19.0282052048846,13.9147453828066));
#8166=CARTESIAN_POINT('Ctrl Pts',(-41.7885290609896,19.0282052048846,13.9147453828066));
#8167=CARTESIAN_POINT('Ctrl Pts',(-42.0385290609896,19.0352240429338,14.0420371978714));
#8168=CARTESIAN_POINT('Ctrl Pts',(-41.7885290609896,19.0352240429338,14.0420371978714));
#8169=CARTESIAN_POINT('Ctrl Pts',(-42.0385290609896,19.0488757659455,14.289621283551));
#8170=CARTESIAN_POINT('Ctrl Pts',(-41.7885290609896,19.0488757659455,14.289621283551));
#8171=CARTESIAN_POINT('Ctrl Pts',(-42.0385290609896,19.1635058661031,14.5092590267274));
#8172=CARTESIAN_POINT('Ctrl Pts',(-41.7885290609896,19.1635058661031,14.5092590267274));
#8173=CARTESIAN_POINT('Ctrl Pts',(-42.0385290609896,19.2192005404636,14.6159731669634));
#8174=CARTESIAN_POINT('Ctrl Pts',(-41.7885290609896,19.2192005404636,14.6159731669634));
#8175=CARTESIAN_POINT('',(-42.0385290609896,19.0282052048846,13.9147453828066));
#8176=CARTESIAN_POINT('Ctrl Pts',(-42.0385290609896,19.0282052048846,13.9147453828066));
#8177=CARTESIAN_POINT('Ctrl Pts',(-42.0385290609896,19.0352240429338,14.0420371978714));
#8178=CARTESIAN_POINT('Ctrl Pts',(-42.0385290609896,19.0488757659455,14.289621283551));
#8179=CARTESIAN_POINT('Ctrl Pts',(-42.0385290609896,19.1635058661031,14.5092590267274));
#8180=CARTESIAN_POINT('Ctrl Pts',(-42.0385290609896,19.2192005404636,14.6159731669634));
#8181=CARTESIAN_POINT('',(-41.7885290609896,19.0282052048846,13.9147453828066));
#8182=CARTESIAN_POINT('',(-42.0385290609896,19.0282052048846,13.9147453828066));
#8183=CARTESIAN_POINT('Ctrl Pts',(-41.7885290609896,19.0282052048846,13.9147453828066));
#8184=CARTESIAN_POINT('Ctrl Pts',(-41.7885290609896,19.0352240429338,14.0420371978714));
#8185=CARTESIAN_POINT('Ctrl Pts',(-41.7885290609896,19.0488757659455,14.289621283551));
#8186=CARTESIAN_POINT('Ctrl Pts',(-41.7885290609896,19.1635058661031,14.5092590267274));
#8187=CARTESIAN_POINT('Ctrl Pts',(-41.7885290609896,19.2192005404636,14.6159731669634));
#8188=CARTESIAN_POINT('Ctrl Pts',(-42.0385290609896,19.2328434476062,13.2162462992876));
#8189=CARTESIAN_POINT('Ctrl Pts',(-41.7885290609896,19.2328434476062,13.2162462992876));
#8190=CARTESIAN_POINT('Ctrl Pts',(-42.0385290609896,19.1732022964903,13.3182753897632));
#8191=CARTESIAN_POINT('Ctrl Pts',(-41.7885290609896,19.1732022964903,13.3182753897632));
#8192=CARTESIAN_POINT('Ctrl Pts',(-42.0385290609896,19.0472946259738,13.5336676963558));
#8193=CARTESIAN_POINT('Ctrl Pts',(-41.7885290609896,19.0472946259738,13.5336676963558));
#8194=CARTESIAN_POINT('Ctrl Pts',(-42.0385290609896,19.0347877199118,13.7833401617766));
#8195=CARTESIAN_POINT('Ctrl Pts',(-41.7885290609896,19.0347877199118,13.7833401617766));
#8196=CARTESIAN_POINT('Ctrl Pts',(-42.0385290609896,19.0282052048846,13.9147453828066));
#8197=CARTESIAN_POINT('Ctrl Pts',(-41.7885290609896,19.0282052048846,13.9147453828066));
#8198=CARTESIAN_POINT('',(-42.0385290609896,19.2328434476062,13.2162462992876));
#8199=CARTESIAN_POINT('Ctrl Pts',(-42.0385290609896,19.2328434476062,13.2162462992876));
#8200=CARTESIAN_POINT('Ctrl Pts',(-42.0385290609896,19.1732022964903,13.3182753897632));
#8201=CARTESIAN_POINT('Ctrl Pts',(-42.0385290609896,19.0472946259738,13.5336676963558));
#8202=CARTESIAN_POINT('Ctrl Pts',(-42.0385290609896,19.0347877199118,13.7833401617766));
#8203=CARTESIAN_POINT('Ctrl Pts',(-42.0385290609896,19.0282052048846,13.9147453828066));
#8204=CARTESIAN_POINT('',(-41.7885290609896,19.2328434476062,13.2162462992876));
#8205=CARTESIAN_POINT('',(-42.0385290609896,19.2328434476062,13.2162462992876));
#8206=CARTESIAN_POINT('Ctrl Pts',(-41.7885290609896,19.2328434476062,13.2162462992876));
#8207=CARTESIAN_POINT('Ctrl Pts',(-41.7885290609896,19.1732022964903,13.3182753897632));
#8208=CARTESIAN_POINT('Ctrl Pts',(-41.7885290609896,19.0472946259738,13.5336676963558));
#8209=CARTESIAN_POINT('Ctrl Pts',(-41.7885290609896,19.0347877199118,13.7833401617766));
#8210=CARTESIAN_POINT('Ctrl Pts',(-41.7885290609896,19.0282052048846,13.9147453828066));
#8211=CARTESIAN_POINT('Ctrl Pts',(-42.0385290609896,19.8413019665881,12.8178834243029));
#8212=CARTESIAN_POINT('Ctrl Pts',(-41.7885290609896,19.8413019665881,12.8178834243029));
#8213=CARTESIAN_POINT('Ctrl Pts',(-42.0385290609896,19.7170755656209,12.8617735660826));
#8214=CARTESIAN_POINT('Ctrl Pts',(-41.7885290609896,19.7170755656209,12.8617735660826));
#8215=CARTESIAN_POINT('Ctrl Pts',(-42.0385290609896,19.4812381038687,12.9450967530436));
#8216=CARTESIAN_POINT('Ctrl Pts',(-41.7885290609896,19.4812381038687,12.9450967530436));
#8217=CARTESIAN_POINT('Ctrl Pts',(-42.0385290609896,19.3126353859236,13.1291447964041));
#8218=CARTESIAN_POINT('Ctrl Pts',(-41.7885290609896,19.3126353859236,13.1291447964041));
#8219=CARTESIAN_POINT('Ctrl Pts',(-42.0385290609896,19.2328434476062,13.2162462992876));
#8220=CARTESIAN_POINT('Ctrl Pts',(-41.7885290609896,19.2328434476062,13.2162462992876));
#8221=CARTESIAN_POINT('',(-42.0385290609896,19.8413019665881,12.8178834243029));
#8222=CARTESIAN_POINT('Ctrl Pts',(-42.0385290609896,19.8413019665881,12.8178834243029));
#8223=CARTESIAN_POINT('Ctrl Pts',(-42.0385290609896,19.7170755656209,12.8617735660826));
#8224=CARTESIAN_POINT('Ctrl Pts',(-42.0385290609896,19.4812381038687,12.9450967530436));
#8225=CARTESIAN_POINT('Ctrl Pts',(-42.0385290609896,19.3126353859236,13.1291447964041));
#8226=CARTESIAN_POINT('Ctrl Pts',(-42.0385290609896,19.2328434476062,13.2162462992876));
#8227=CARTESIAN_POINT('',(-41.7885290609896,19.8413019665881,12.8178834243029));
#8228=CARTESIAN_POINT('',(-42.0385290609896,19.8413019665881,12.8178834243029));
#8229=CARTESIAN_POINT('Ctrl Pts',(-41.7885290609896,19.8413019665881,12.8178834243029));
#8230=CARTESIAN_POINT('Ctrl Pts',(-41.7885290609896,19.7170755656209,12.8617735660826));
#8231=CARTESIAN_POINT('Ctrl Pts',(-41.7885290609896,19.4812381038687,12.9450967530436));
#8232=CARTESIAN_POINT('Ctrl Pts',(-41.7885290609896,19.3126353859236,13.1291447964041));
#8233=CARTESIAN_POINT('Ctrl Pts',(-41.7885290609896,19.2328434476062,13.2162462992876));
#8234=CARTESIAN_POINT('Ctrl Pts',(-42.0385290609896,20.8508517631694,12.7251135630816));
#8235=CARTESIAN_POINT('Ctrl Pts',(-41.7885290609896,20.8508517631694,12.7251135630816));
#8236=CARTESIAN_POINT('Ctrl Pts',(-42.0385290609896,20.6485749711449,12.7249892086372));
#8237=CARTESIAN_POINT('Ctrl Pts',(-41.7885290609896,20.6485749711449,12.7249892086372));
#8238=CARTESIAN_POINT('Ctrl Pts',(-42.0385290609896,20.308802360903,12.724780325385));
#8239=CARTESIAN_POINT('Ctrl Pts',(-41.7885290609896,20.308802360903,12.724780325385));
#8240=CARTESIAN_POINT('Ctrl Pts',(-42.0385290609896,19.9759837209224,12.7910614390197));
#8241=CARTESIAN_POINT('Ctrl Pts',(-41.7885290609896,19.9759837209224,12.7910614390197));
#8242=CARTESIAN_POINT('Ctrl Pts',(-42.0385290609896,19.8413019665881,12.8178834243029));
#8243=CARTESIAN_POINT('Ctrl Pts',(-41.7885290609896,19.8413019665881,12.8178834243029));
#8244=CARTESIAN_POINT('',(-42.0385290609896,20.8508517631694,12.7251135630816));
#8245=CARTESIAN_POINT('Ctrl Pts',(-42.0385290609896,20.8508517631694,12.7251135630816));
#8246=CARTESIAN_POINT('Ctrl Pts',(-42.0385290609896,20.6485749711449,12.7249892086372));
#8247=CARTESIAN_POINT('Ctrl Pts',(-42.0385290609896,20.308802360903,12.724780325385));
#8248=CARTESIAN_POINT('Ctrl Pts',(-42.0385290609896,19.9759837209224,12.7910614390197));
#8249=CARTESIAN_POINT('Ctrl Pts',(-42.0385290609896,19.8413019665881,12.8178834243029));
#8250=CARTESIAN_POINT('',(-41.7885290609896,20.8508517631694,12.7251135630816));
#8251=CARTESIAN_POINT('',(-42.0385290609896,20.8508517631694,12.7251135630816));
#8252=CARTESIAN_POINT('Ctrl Pts',(-41.7885290609896,20.8508517631694,12.7251135630816));
#8253=CARTESIAN_POINT('Ctrl Pts',(-41.7885290609896,20.6485749711449,12.7249892086372));
#8254=CARTESIAN_POINT('Ctrl Pts',(-41.7885290609896,20.308802360903,12.724780325385));
#8255=CARTESIAN_POINT('Ctrl Pts',(-41.7885290609896,19.9759837209224,12.7910614390197));
#8256=CARTESIAN_POINT('Ctrl Pts',(-41.7885290609896,19.8413019665881,12.8178834243029));
#8257=CARTESIAN_POINT('Origin',(-42.0385290609896,22.5807289072677,12.7251135630816));
#8258=CARTESIAN_POINT('',(-42.0385290609896,22.5807289072677,12.7251135630816));
#8259=CARTESIAN_POINT('',(-42.0385290609895,-8.44749051072321,12.7251135630816));
#8260=CARTESIAN_POINT('',(-41.7885290609896,22.5807289072677,12.7251135630816));
#8261=CARTESIAN_POINT('',(-42.0385290609896,22.5807289072677,12.7251135630816));
#8262=CARTESIAN_POINT('',(-41.7885290609896,22.5807289072677,12.7251135630816));
#8263=CARTESIAN_POINT('Origin',(-42.0385290609896,22.5807289072677,15.1425766272753));
#8264=CARTESIAN_POINT('',(-42.0385290609896,22.5807289072677,18.7422977916492));
#8265=CARTESIAN_POINT('',(-41.7885290609896,22.5807289072677,15.1425766272753));
#8266=CARTESIAN_POINT('Ctrl Pts',(-42.0385290609896,19.2983280905887,8.22033875419791));
#8267=CARTESIAN_POINT('Ctrl Pts',(-41.7885290609896,19.2983280905887,8.22033875419791));
#8268=CARTESIAN_POINT('Ctrl Pts',(-42.0385290609896,19.4930457235886,8.1814185172737));
#8269=CARTESIAN_POINT('Ctrl Pts',(-41.7885290609896,19.4930457235886,8.1814185172737));
#8270=CARTESIAN_POINT('Ctrl Pts',(-42.0385290609896,19.9188275737128,8.09631307392196));
#8271=CARTESIAN_POINT('Ctrl Pts',(-41.7885290609896,19.9188275737128,8.09631307392196));
#8272=CARTESIAN_POINT('Ctrl Pts',(-42.0385290609896,20.3531923598777,8.09004404816903));
#8273=CARTESIAN_POINT('Ctrl Pts',(-41.7885290609896,20.3531923598777,8.09004404816903));
#8274=CARTESIAN_POINT('Ctrl Pts',(-42.0385290609896,20.5889143833324,8.08664195968802));
#8275=CARTESIAN_POINT('Ctrl Pts',(-41.7885290609896,20.5889143833324,8.08664195968802));
#8276=CARTESIAN_POINT('',(-41.7885290609896,19.2983280905887,8.22033875419791));
#8277=CARTESIAN_POINT('',(-42.0385290609896,19.2983280905887,8.22033875419791));
#8278=CARTESIAN_POINT('',(-41.7885290609896,20.5889143833324,8.08664195968802));
#8279=CARTESIAN_POINT('Ctrl Pts',(-41.7885290609896,19.2983280905887,8.22033875419791));
#8280=CARTESIAN_POINT('Ctrl Pts',(-41.7885290609896,19.4930457235886,8.1814185172737));
#8281=CARTESIAN_POINT('Ctrl Pts',(-41.7885290609896,19.9188275737128,8.09631307392196));
#8282=CARTESIAN_POINT('Ctrl Pts',(-41.7885290609896,20.3531923598777,8.09004404816903));
#8283=CARTESIAN_POINT('Ctrl Pts',(-41.7885290609896,20.5889143833324,8.08664195968802));
#8284=CARTESIAN_POINT('',(-42.0385290609896,20.5889143833324,8.08664195968802));
#8285=CARTESIAN_POINT('Ctrl Pts',(-42.0385290609896,18.4224747904941,8.61597352459128));
#8286=CARTESIAN_POINT('Ctrl Pts',(-41.7885290609896,18.4224747904941,8.61597352459128));
#8287=CARTESIAN_POINT('Ctrl Pts',(-42.0385290609896,18.5507239345734,8.53291974720253));
#8288=CARTESIAN_POINT('Ctrl Pts',(-41.7885290609896,18.5507239345734,8.53291974720253));
#8289=CARTESIAN_POINT('Ctrl Pts',(-42.0385290609896,18.822459939434,8.35694429084988));
#8290=CARTESIAN_POINT('Ctrl Pts',(-41.7885290609896,18.822459939434,8.35694429084988));
#8291=CARTESIAN_POINT('Ctrl Pts',(-42.0385290609896,19.1338842875013,8.26754496859853));
#8292=CARTESIAN_POINT('Ctrl Pts',(-41.7885290609896,19.1338842875013,8.26754496859853));
#8293=CARTESIAN_POINT('Ctrl Pts',(-42.0385290609896,19.2983280905887,8.22033875419791));
#8294=CARTESIAN_POINT('Ctrl Pts',(-41.7885290609896,19.2983280905887,8.22033875419791));
#8295=CARTESIAN_POINT('',(-41.7885290609896,18.4224747904941,8.61597352459128));
#8296=CARTESIAN_POINT('',(-42.0385290609896,18.4224747904941,8.61597352459128));
#8297=CARTESIAN_POINT('Ctrl Pts',(-41.7885290609896,18.4224747904941,8.61597352459128));
#8298=CARTESIAN_POINT('Ctrl Pts',(-41.7885290609896,18.5507239345734,8.53291974720253));
#8299=CARTESIAN_POINT('Ctrl Pts',(-41.7885290609896,18.822459939434,8.35694429084988));
#8300=CARTESIAN_POINT('Ctrl Pts',(-41.7885290609896,19.1338842875013,8.26754496859853));
#8301=CARTESIAN_POINT('Ctrl Pts',(-41.7885290609896,19.2983280905887,8.22033875419791));
#8302=CARTESIAN_POINT('Ctrl Pts',(-42.0385290609896,17.8358446845218,9.36085753872092));
#8303=CARTESIAN_POINT('Ctrl Pts',(-41.7885290609896,17.8358446845218,9.36085753872092));
#8304=CARTESIAN_POINT('Ctrl Pts',(-42.0385290609896,17.9161383403091,9.21178412672483));
#8305=CARTESIAN_POINT('Ctrl Pts',(-41.7885290609896,17.9161383403091,9.21178412672483));
#8306=CARTESIAN_POINT('Ctrl Pts',(-42.0385290609896,18.06845511153,8.9289924096523));
#8307=CARTESIAN_POINT('Ctrl Pts',(-41.7885290609896,18.06845511153,8.9289924096523));
#8308=CARTESIAN_POINT('Ctrl Pts',(-42.0385290609896,18.3088186743926,8.71646655607061));
#8309=CARTESIAN_POINT('Ctrl Pts',(-41.7885290609896,18.3088186743926,8.71646655607061));
#8310=CARTESIAN_POINT('Ctrl Pts',(-42.0385290609896,18.4224747904941,8.61597352459128));
#8311=CARTESIAN_POINT('Ctrl Pts',(-41.7885290609896,18.4224747904941,8.61597352459128));
#8312=CARTESIAN_POINT('',(-41.7885290609896,17.8358446845218,9.36085753872092));
#8313=CARTESIAN_POINT('',(-42.0385290609896,17.8358446845218,9.36085753872092));
#8314=CARTESIAN_POINT('Ctrl Pts',(-41.7885290609896,17.8358446845218,9.36085753872092));
#8315=CARTESIAN_POINT('Ctrl Pts',(-41.7885290609896,17.9161383403091,9.21178412672483));
#8316=CARTESIAN_POINT('Ctrl Pts',(-41.7885290609896,18.06845511153,8.9289924096523));
#8317=CARTESIAN_POINT('Ctrl Pts',(-41.7885290609896,18.3088186743926,8.71646655607061));
#8318=CARTESIAN_POINT('Ctrl Pts',(-41.7885290609896,18.4224747904941,8.61597352459128));
#8319=CARTESIAN_POINT('Ctrl Pts',(-42.0385290609896,17.5984644183322,10.4058777613848));
#8320=CARTESIAN_POINT('Ctrl Pts',(-41.7885290609896,17.5984644183322,10.4058777613848));
#8321=CARTESIAN_POINT('Ctrl Pts',(-42.0385290609896,17.6078997558718,10.2227492622472));
#8322=CARTESIAN_POINT('Ctrl Pts',(-41.7885290609896,17.6078997558718,10.2227492622472));
#8323=CARTESIAN_POINT('Ctrl Pts',(-42.0385290609896,17.6265592927023,9.86059020222329));
#8324=CARTESIAN_POINT('Ctrl Pts',(-41.7885290609896,17.6265592927023,9.86059020222329));
#8325=CARTESIAN_POINT('Ctrl Pts',(-42.0385290609896,17.7666111300797,9.52617375245316));
#8326=CARTESIAN_POINT('Ctrl Pts',(-41.7885290609896,17.7666111300797,9.52617375245316));
#8327=CARTESIAN_POINT('Ctrl Pts',(-42.0385290609896,17.8358446845218,9.36085753872092));
#8328=CARTESIAN_POINT('Ctrl Pts',(-41.7885290609896,17.8358446845218,9.36085753872092));
#8329=CARTESIAN_POINT('',(-41.7885290609896,17.5984644183322,10.4058777613848));
#8330=CARTESIAN_POINT('',(-42.0385290609896,17.5984644183322,10.4058777613848));
#8331=CARTESIAN_POINT('Ctrl Pts',(-41.7885290609896,17.5984644183322,10.4058777613848));
#8332=CARTESIAN_POINT('Ctrl Pts',(-41.7885290609896,17.6078997558718,10.2227492622472));
#8333=CARTESIAN_POINT('Ctrl Pts',(-41.7885290609896,17.6265592927023,9.86059020222329));
#8334=CARTESIAN_POINT('Ctrl Pts',(-41.7885290609896,17.7666111300797,9.52617375245316));
#8335=CARTESIAN_POINT('Ctrl Pts',(-41.7885290609896,17.8358446845218,9.36085753872092));
#8336=CARTESIAN_POINT('Ctrl Pts',(-42.0385290609896,17.9886411914035,11.617337398073));
#8337=CARTESIAN_POINT('Ctrl Pts',(-41.7885290609896,17.9886411914035,11.617337398073));
#8338=CARTESIAN_POINT('Ctrl Pts',(-42.0385290609896,17.8748547178881,11.4361860599833));
#8339=CARTESIAN_POINT('Ctrl Pts',(-41.7885290609896,17.8748547178881,11.4361860599833));
#8340=CARTESIAN_POINT('Ctrl Pts',(-42.0385290609896,17.6422165905533,11.0658194710961));
#8341=CARTESIAN_POINT('Ctrl Pts',(-41.7885290609896,17.6422165905533,11.0658194710961));
#8342=CARTESIAN_POINT('Ctrl Pts',(-42.0385290609896,17.6132586408259,10.6290283843305));
#8343=CARTESIAN_POINT('Ctrl Pts',(-41.7885290609896,17.6132586408259,10.6290283843305));
#8344=CARTESIAN_POINT('Ctrl Pts',(-42.0385290609896,17.5984644183322,10.4058777613848));
#8345=CARTESIAN_POINT('Ctrl Pts',(-41.7885290609896,17.5984644183322,10.4058777613848));
#8346=CARTESIAN_POINT('',(-41.7885290609896,17.9886411914035,11.617337398073));
#8347=CARTESIAN_POINT('',(-42.0385290609896,17.9886411914035,11.617337398073));
#8348=CARTESIAN_POINT('Ctrl Pts',(-41.7885290609896,17.9886411914035,11.617337398073));
#8349=CARTESIAN_POINT('Ctrl Pts',(-41.7885290609896,17.8748547178881,11.4361860599833));
#8350=CARTESIAN_POINT('Ctrl Pts',(-41.7885290609896,17.6422165905533,11.0658194710961));
#8351=CARTESIAN_POINT('Ctrl Pts',(-41.7885290609896,17.6132586408259,10.6290283843305));
#8352=CARTESIAN_POINT('Ctrl Pts',(-41.7885290609896,17.5984644183322,10.4058777613848));
#8353=CARTESIAN_POINT('Ctrl Pts',(-42.0385290609896,19.1046034583255,12.3431216998308));
#8354=CARTESIAN_POINT('Ctrl Pts',(-41.7885290609896,19.1046034583255,12.3431216998308));
#8355=CARTESIAN_POINT('Ctrl Pts',(-42.0385290609896,18.8797654137854,12.2636390129279));
#8356=CARTESIAN_POINT('Ctrl Pts',(-41.7885290609896,18.8797654137854,12.2636390129279));
#8357=CARTESIAN_POINT('Ctrl Pts',(-42.0385290609896,18.4486526937584,12.1112359913847));
#8358=CARTESIAN_POINT('Ctrl Pts',(-41.7885290609896,18.4486526937584,12.1112359913847));
#8359=CARTESIAN_POINT('Ctrl Pts',(-42.0385290609896,18.1375125434829,11.7771754695126));
#8360=CARTESIAN_POINT('Ctrl Pts',(-41.7885290609896,18.1375125434829,11.7771754695126));
#8361=CARTESIAN_POINT('Ctrl Pts',(-42.0385290609896,17.9886411914035,11.617337398073));
#8362=CARTESIAN_POINT('Ctrl Pts',(-41.7885290609896,17.9886411914035,11.617337398073));
#8363=CARTESIAN_POINT('',(-41.7885290609896,19.1046034583255,12.3431216998308));
#8364=CARTESIAN_POINT('',(-42.0385290609896,19.1046034583255,12.3431216998308));
#8365=CARTESIAN_POINT('Ctrl Pts',(-41.7885290609896,19.1046034583255,12.3431216998308));
#8366=CARTESIAN_POINT('Ctrl Pts',(-41.7885290609896,18.8797654137854,12.2636390129279));
#8367=CARTESIAN_POINT('Ctrl Pts',(-41.7885290609896,18.4486526937584,12.1112359913847));
#8368=CARTESIAN_POINT('Ctrl Pts',(-41.7885290609896,18.1375125434829,11.7771754695126));
#8369=CARTESIAN_POINT('Ctrl Pts',(-41.7885290609896,17.9886411914035,11.617337398073));
#8370=CARTESIAN_POINT('Ctrl Pts',(-42.0385290609896,18.2642208823367,13.0743634028643));
#8371=CARTESIAN_POINT('Ctrl Pts',(-41.7885290609896,18.2642208823367,13.0743634028643));
#8372=CARTESIAN_POINT('Ctrl Pts',(-42.0385290609896,18.3726114802475,12.9288294667737));
#8373=CARTESIAN_POINT('Ctrl Pts',(-41.7885290609896,18.3726114802475,12.9288294667737));
#8374=CARTESIAN_POINT('Ctrl Pts',(-42.0385290609896,18.599308761385,12.6244474607613));
#8375=CARTESIAN_POINT('Ctrl Pts',(-41.7885290609896,18.599308761385,12.6244474607613));
#8376=CARTESIAN_POINT('Ctrl Pts',(-42.0385290609896,18.931330841713,12.4395922367513));
#8377=CARTESIAN_POINT('Ctrl Pts',(-41.7885290609896,18.931330841713,12.4395922367513));
#8378=CARTESIAN_POINT('Ctrl Pts',(-42.0385290609896,19.1046034583255,12.3431216998308));
#8379=CARTESIAN_POINT('Ctrl Pts',(-41.7885290609896,19.1046034583255,12.3431216998308));
#8380=CARTESIAN_POINT('',(-41.7885290609896,18.2642208823367,13.0743634028643));
#8381=CARTESIAN_POINT('',(-42.0385290609896,18.2642208823367,13.0743634028643));
#8382=CARTESIAN_POINT('Ctrl Pts',(-41.7885290609896,18.2642208823367,13.0743634028643));
#8383=CARTESIAN_POINT('Ctrl Pts',(-41.7885290609896,18.3726114802475,12.9288294667737));
#8384=CARTESIAN_POINT('Ctrl Pts',(-41.7885290609896,18.599308761385,12.6244474607613));
#8385=CARTESIAN_POINT('Ctrl Pts',(-41.7885290609896,18.931330841713,12.4395922367513));
#8386=CARTESIAN_POINT('Ctrl Pts',(-41.7885290609896,19.1046034583255,12.3431216998308));
#8387=CARTESIAN_POINT('Ctrl Pts',(-42.0385290609896,17.9859136828586,14.0402572674959));
#8388=CARTESIAN_POINT('Ctrl Pts',(-41.7885290609896,17.9859136828586,14.0402572674959));
#8389=CARTESIAN_POINT('Ctrl Pts',(-42.0385290609896,17.9979417761373,13.871072020122));
#8390=CARTESIAN_POINT('Ctrl Pts',(-41.7885290609896,17.9979417761373,13.871072020122));
#8391=CARTESIAN_POINT('Ctrl Pts',(-42.0385290609896,18.022227424054,13.5294739583834));
#8392=CARTESIAN_POINT('Ctrl Pts',(-41.7885290609896,18.022227424054,13.5294739583834));
#8393=CARTESIAN_POINT('Ctrl Pts',(-42.0385290609896,18.1830498893868,13.2270194951225));
#8394=CARTESIAN_POINT('Ctrl Pts',(-41.7885290609896,18.1830498893868,13.2270194951225));
#8395=CARTESIAN_POINT('Ctrl Pts',(-42.0385290609896,18.2642208823367,13.0743634028643));
#8396=CARTESIAN_POINT('Ctrl Pts',(-41.7885290609896,18.2642208823367,13.0743634028643));
#8397=CARTESIAN_POINT('',(-41.7885290609896,17.9859136828586,14.0402572674959));
#8398=CARTESIAN_POINT('',(-42.0385290609896,17.9859136828586,14.0402572674959));
#8399=CARTESIAN_POINT('Ctrl Pts',(-41.7885290609896,17.9859136828586,14.0402572674959));
#8400=CARTESIAN_POINT('Ctrl Pts',(-41.7885290609896,17.9979417761373,13.871072020122));
#8401=CARTESIAN_POINT('Ctrl Pts',(-41.7885290609896,18.022227424054,13.5294739583834));
#8402=CARTESIAN_POINT('Ctrl Pts',(-41.7885290609896,18.1830498893868,13.2270194951225));
#8403=CARTESIAN_POINT('Ctrl Pts',(-41.7885290609896,18.2642208823367,13.0743634028643));
#8404=CARTESIAN_POINT('Ctrl Pts',(-42.0385290609896,18.2996916064426,15.0961916966646));
#8405=CARTESIAN_POINT('Ctrl Pts',(-41.7885290609896,18.2996916064426,15.0961916966646));
#8406=CARTESIAN_POINT('Ctrl Pts',(-42.0385290609896,18.2081836977908,14.9279094025326));
#8407=CARTESIAN_POINT('Ctrl Pts',(-41.7885290609896,18.2081836977908,14.9279094025326));
#8408=CARTESIAN_POINT('Ctrl Pts',(-42.0385290609896,18.0287531081063,14.5979380184801));
#8409=CARTESIAN_POINT('Ctrl Pts',(-41.7885290609896,18.0287531081063,14.5979380184801));
#8410=CARTESIAN_POINT('Ctrl Pts',(-42.0385290609896,18.0000019979616,14.2236580041143));
#8411=CARTESIAN_POINT('Ctrl Pts',(-41.7885290609896,18.0000019979616,14.2236580041143));
#8412=CARTESIAN_POINT('Ctrl Pts',(-42.0385290609896,17.9859136828586,14.0402572674959));
#8413=CARTESIAN_POINT('Ctrl Pts',(-41.7885290609896,17.9859136828586,14.0402572674959));
#8414=CARTESIAN_POINT('',(-41.7885290609896,18.2996916064426,15.0961916966646));
#8415=CARTESIAN_POINT('',(-42.0385290609896,18.2996916064426,15.0961916966646));
#8416=CARTESIAN_POINT('Ctrl Pts',(-41.7885290609896,18.2996916064426,15.0961916966646));
#8417=CARTESIAN_POINT('Ctrl Pts',(-41.7885290609896,18.2081836977908,14.9279094025326));
#8418=CARTESIAN_POINT('Ctrl Pts',(-41.7885290609896,18.0287531081063,14.5979380184801));
#8419=CARTESIAN_POINT('Ctrl Pts',(-41.7885290609896,18.0000019979616,14.2236580041143));
#8420=CARTESIAN_POINT('Ctrl Pts',(-41.7885290609896,17.9859136828586,14.0402572674959));
#8421=CARTESIAN_POINT('Ctrl Pts',(-42.0385290609896,19.1673588046237,15.8438044114321));
#8422=CARTESIAN_POINT('Ctrl Pts',(-41.7885290609896,19.1673588046237,15.8438044114321));
#8423=CARTESIAN_POINT('Ctrl Pts',(-42.0385290609896,18.9929801521743,15.7523392981911));
#8424=CARTESIAN_POINT('Ctrl Pts',(-41.7885290609896,18.9929801521743,15.7523392981911));
#8425=CARTESIAN_POINT('Ctrl Pts',(-42.0385290609896,18.6458388883548,15.5702567177843));
#8426=CARTESIAN_POINT('Ctrl Pts',(-41.7885290609896,18.6458388883548,15.5702567177843));
#8427=CARTESIAN_POINT('Ctrl Pts',(-42.0385290609896,18.4147153852517,15.2537221843494));
#8428=CARTESIAN_POINT('Ctrl Pts',(-41.7885290609896,18.4147153852517,15.2537221843494));
#8429=CARTESIAN_POINT('Ctrl Pts',(-42.0385290609896,18.2996916064426,15.0961916966646));
#8430=CARTESIAN_POINT('Ctrl Pts',(-41.7885290609896,18.2996916064426,15.0961916966646));
#8431=CARTESIAN_POINT('',(-41.7885290609896,19.1673588046237,15.8438044114321));
#8432=CARTESIAN_POINT('',(-42.0385290609896,19.1673588046237,15.8438044114321));
#8433=CARTESIAN_POINT('Ctrl Pts',(-41.7885290609896,19.1673588046237,15.8438044114321));
#8434=CARTESIAN_POINT('Ctrl Pts',(-41.7885290609896,18.9929801521743,15.7523392981911));
#8435=CARTESIAN_POINT('Ctrl Pts',(-41.7885290609896,18.6458388883548,15.5702567177843));
#8436=CARTESIAN_POINT('Ctrl Pts',(-41.7885290609896,18.4147153852517,15.2537221843494));
#8437=CARTESIAN_POINT('Ctrl Pts',(-41.7885290609896,18.2996916064426,15.0961916966646));
#8438=CARTESIAN_POINT('Ctrl Pts',(-42.0385290609896,20.6380277165576,16.0866420788973));
#8439=CARTESIAN_POINT('Ctrl Pts',(-41.7885290609896,20.6380277165576,16.0866420788973));
#8440=CARTESIAN_POINT('Ctrl Pts',(-42.0385290609896,20.3600052588839,16.0815634541826));
#8441=CARTESIAN_POINT('Ctrl Pts',(-41.7885290609896,20.3600052588839,16.0815634541826));
#8442=CARTESIAN_POINT('Ctrl Pts',(-42.0385290609896,19.8571417260901,16.0723776668646));
#8443=CARTESIAN_POINT('Ctrl Pts',(-41.7885290609896,19.8571417260901,16.0723776668646));
#8444=CARTESIAN_POINT('Ctrl Pts',(-42.0385290609896,19.3804831025536,15.9144273756627));
#8445=CARTESIAN_POINT('Ctrl Pts',(-41.7885290609896,19.3804831025536,15.9144273756627));
#8446=CARTESIAN_POINT('Ctrl Pts',(-42.0385290609896,19.1673588046237,15.8438044114321));
#8447=CARTESIAN_POINT('Ctrl Pts',(-41.7885290609896,19.1673588046237,15.8438044114321));
#8448=CARTESIAN_POINT('',(-41.7885290609896,20.6380277165576,16.0866420788973));
#8449=CARTESIAN_POINT('',(-42.0385290609896,20.6380277165576,16.0866420788973));
#8450=CARTESIAN_POINT('Ctrl Pts',(-41.7885290609896,20.6380277165576,16.0866420788973));
#8451=CARTESIAN_POINT('Ctrl Pts',(-41.7885290609896,20.3600052588839,16.0815634541826));
#8452=CARTESIAN_POINT('Ctrl Pts',(-41.7885290609896,19.8571417260901,16.0723776668646));
#8453=CARTESIAN_POINT('Ctrl Pts',(-41.7885290609896,19.3804831025536,15.9144273756627));
#8454=CARTESIAN_POINT('Ctrl Pts',(-41.7885290609896,19.1673588046237,15.8438044114321));
#8455=CARTESIAN_POINT('Origin',(-42.0385290609896,23.6393918880626,16.0866420788973));
#8456=CARTESIAN_POINT('',(-41.7885290609896,23.6393918880626,16.0866420788973));
#8457=CARTESIAN_POINT('',(-42.0385290609896,23.6393918880626,16.0866420788973));
#8458=CARTESIAN_POINT('',(-41.7885290609896,23.6393918880626,16.0866420788973));
#8459=CARTESIAN_POINT('Origin',(-42.0385290609896,23.6393918880626,8.08664195968802));
#8460=CARTESIAN_POINT('',(-41.7885290609896,23.6393918880626,8.08664195968802));
#8461=CARTESIAN_POINT('',(-42.0385290609896,23.6393918880626,8.08664195968802));
#8462=CARTESIAN_POINT('',(-41.7885290609896,23.6393918880626,8.08664195968802));
#8463=CARTESIAN_POINT('Origin',(-42.0385290609896,20.5889143833324,8.08664195968802));
#8464=CARTESIAN_POINT('',(-41.7885290609896,20.5889143833324,8.08664195968802));
#8465=CARTESIAN_POINT('Origin',(-41.7885290609896,20.6189281531974,12.0866420192927));
#8466=CARTESIAN_POINT('Origin',(-42.0385290609896,3.39654200554006,16.3078160804178));
#8467=CARTESIAN_POINT('',(-41.7885290609896,3.10859137398102,16.3078160804178));
#8468=CARTESIAN_POINT('Ctrl Pts',(-41.7885290609896,3.10859137398102,16.3078160804178));
#8469=CARTESIAN_POINT('Ctrl Pts',(-41.9080311335506,2.988333570399,16.3078160804178));
#8470=CARTESIAN_POINT('Ctrl Pts',(-42.0385290609896,2.85714323903891,16.3078160804178));
#8471=CARTESIAN_POINT('',(-41.7885290609896,-0.150524668096377,16.3078160804178));
#8472=CARTESIAN_POINT('',(-41.7885290609896,3.39654200554006,16.3078160804178));
#8473=CARTESIAN_POINT('',(-42.0385290609896,-0.150524668096377,16.3078160804178));
#8474=CARTESIAN_POINT('Origin',(-42.0385290609896,-0.194180898069216,15.4237778705027));
#8475=CARTESIAN_POINT('',(-42.0385290609896,-0.194180898069216,15.4237778705027));
#8476=CARTESIAN_POINT('',(-42.0385290609896,2.33787895023935,15.4237778705027));
#8477=CARTESIAN_POINT('',(-42.0385290609895,-19.8349454133917,15.4237778705027));
#8478=CARTESIAN_POINT('',(-41.7885290609896,-0.194180898069216,15.4237778705027));
#8479=CARTESIAN_POINT('',(-42.0385290609896,-0.194180898069216,15.4237778705027));
#8480=CARTESIAN_POINT('',(-41.7885290609896,2.33787895023935,15.4237778705027));
#8481=CARTESIAN_POINT('',(-41.7885290609896,-0.194180898069216,15.4237778705027));
#8482=CARTESIAN_POINT('',(-42.0385290609896,2.33787895023935,15.4237778705027));
#8483=CARTESIAN_POINT('Ctrl Pts',(-42.0385290609896,-1.49568169534094,15.058157018986));
#8484=CARTESIAN_POINT('Ctrl Pts',(-41.7885290609896,-1.49568169534094,15.058157018986));
#8485=CARTESIAN_POINT('Ctrl Pts',(-42.0385290609896,-1.32308456721536,15.164345485745));
#8486=CARTESIAN_POINT('Ctrl Pts',(-41.7885290609896,-1.32308456721536,15.164345485745));
#8487=CARTESIAN_POINT('Ctrl Pts',(-42.0385290609896,-0.926636506621688,
15.4082557533214));
#8488=CARTESIAN_POINT('Ctrl Pts',(-41.7885290609896,-0.926636506621688,
15.4082557533214));
#8489=CARTESIAN_POINT('Ctrl Pts',(-42.0385290609896,-0.458506445587275,
15.4181763131186));
#8490=CARTESIAN_POINT('Ctrl Pts',(-41.7885290609896,-0.458506445587275,
15.4181763131186));
#8491=CARTESIAN_POINT('Ctrl Pts',(-42.0385290609896,-0.194180898069216,
15.4237778705027));
#8492=CARTESIAN_POINT('Ctrl Pts',(-41.7885290609896,-0.194180898069216,
15.4237778705027));
#8493=CARTESIAN_POINT('',(-42.0385290609896,-1.49568169534094,15.058157018986));
#8494=CARTESIAN_POINT('Ctrl Pts',(-42.0385290609896,-1.49568169534094,15.058157018986));
#8495=CARTESIAN_POINT('Ctrl Pts',(-42.0385290609896,-1.32308456721536,15.164345485745));
#8496=CARTESIAN_POINT('Ctrl Pts',(-42.0385290609896,-0.926636506621688,
15.4082557533214));
#8497=CARTESIAN_POINT('Ctrl Pts',(-42.0385290609896,-0.458506445587275,
15.4181763131186));
#8498=CARTESIAN_POINT('Ctrl Pts',(-42.0385290609896,-0.194180898069216,
15.4237778705027));
#8499=CARTESIAN_POINT('',(-41.7885290609896,-1.49568169534094,15.058157018986));
#8500=CARTESIAN_POINT('',(-42.0385290609896,-1.49568169534094,15.058157018986));
#8501=CARTESIAN_POINT('Ctrl Pts',(-41.7885290609896,-1.49568169534094,15.058157018986));
#8502=CARTESIAN_POINT('Ctrl Pts',(-41.7885290609896,-1.32308456721536,15.164345485745));
#8503=CARTESIAN_POINT('Ctrl Pts',(-41.7885290609896,-0.926636506621688,
15.4082557533214));
#8504=CARTESIAN_POINT('Ctrl Pts',(-41.7885290609896,-0.458506445587275,
15.4181763131186));
#8505=CARTESIAN_POINT('Ctrl Pts',(-41.7885290609896,-0.194180898069216,
15.4237778705027));
#8506=CARTESIAN_POINT('Ctrl Pts',(-42.0385290609896,-1.90768747746833,14.1250057738688));
#8507=CARTESIAN_POINT('Ctrl Pts',(-41.7885290609896,-1.90768747746833,14.1250057738688));
#8508=CARTESIAN_POINT('Ctrl Pts',(-42.0385290609896,-1.89111429987118,14.3052392449783));
#8509=CARTESIAN_POINT('Ctrl Pts',(-41.7885290609896,-1.89111429987118,14.3052392449783));
#8510=CARTESIAN_POINT('Ctrl Pts',(-42.0385290609896,-1.8582485281414,14.6626548392318));
#8511=CARTESIAN_POINT('Ctrl Pts',(-41.7885290609896,-1.8582485281414,14.6626548392318));
#8512=CARTESIAN_POINT('Ctrl Pts',(-42.0385290609896,-1.61584749314852,14.9270754343917));
#8513=CARTESIAN_POINT('Ctrl Pts',(-41.7885290609896,-1.61584749314852,14.9270754343917));
#8514=CARTESIAN_POINT('Ctrl Pts',(-42.0385290609896,-1.49568169534094,15.058157018986));
#8515=CARTESIAN_POINT('Ctrl Pts',(-41.7885290609896,-1.49568169534094,15.058157018986));
#8516=CARTESIAN_POINT('',(-42.0385290609896,-1.90768747746833,14.1250057738688));
#8517=CARTESIAN_POINT('Ctrl Pts',(-42.0385290609896,-1.90768747746833,14.1250057738688));
#8518=CARTESIAN_POINT('Ctrl Pts',(-42.0385290609896,-1.89111429987118,14.3052392449783));
#8519=CARTESIAN_POINT('Ctrl Pts',(-42.0385290609896,-1.8582485281414,14.6626548392318));
#8520=CARTESIAN_POINT('Ctrl Pts',(-42.0385290609896,-1.61584749314852,14.9270754343917));
#8521=CARTESIAN_POINT('Ctrl Pts',(-42.0385290609896,-1.49568169534094,15.058157018986));
#8522=CARTESIAN_POINT('',(-41.7885290609896,-1.90768747746833,14.1250057738688));
#8523=CARTESIAN_POINT('',(-42.0385290609896,-1.90768747746833,14.1250057738688));
#8524=CARTESIAN_POINT('Ctrl Pts',(-41.7885290609896,-1.90768747746833,14.1250057738688));
#8525=CARTESIAN_POINT('Ctrl Pts',(-41.7885290609896,-1.89111429987118,14.3052392449783));
#8526=CARTESIAN_POINT('Ctrl Pts',(-41.7885290609896,-1.8582485281414,14.6626548392318));
#8527=CARTESIAN_POINT('Ctrl Pts',(-41.7885290609896,-1.61584749314852,14.9270754343917));
#8528=CARTESIAN_POINT('Ctrl Pts',(-41.7885290609896,-1.49568169534094,15.058157018986));
#8529=CARTESIAN_POINT('Ctrl Pts',(-42.0385290609896,-1.69486313283332,13.4074063819315));
#8530=CARTESIAN_POINT('Ctrl Pts',(-41.7885290609896,-1.69486313283332,13.4074063819315));
#8531=CARTESIAN_POINT('Ctrl Pts',(-42.0385290609896,-1.75693666310063,13.5196066413309));
#8532=CARTESIAN_POINT('Ctrl Pts',(-41.7885290609896,-1.75693666310063,13.5196066413309));
#8533=CARTESIAN_POINT('Ctrl Pts',(-42.0385290609896,-1.88063244979336,13.7431914655511));
#8534=CARTESIAN_POINT('Ctrl Pts',(-41.7885290609896,-1.88063244979336,13.7431914655511));
#8535=CARTESIAN_POINT('Ctrl Pts',(-42.0385290609896,-1.89869109576188,13.9980442604718));
#8536=CARTESIAN_POINT('Ctrl Pts',(-41.7885290609896,-1.89869109576188,13.9980442604718));
#8537=CARTESIAN_POINT('Ctrl Pts',(-42.0385290609896,-1.90768747746833,14.1250057738688));
#8538=CARTESIAN_POINT('Ctrl Pts',(-41.7885290609896,-1.90768747746833,14.1250057738688));
#8539=CARTESIAN_POINT('',(-42.0385290609896,-1.69486313283332,13.4074063819315));
#8540=CARTESIAN_POINT('Ctrl Pts',(-42.0385290609896,-1.69486313283332,13.4074063819315));
#8541=CARTESIAN_POINT('Ctrl Pts',(-42.0385290609896,-1.75693666310063,13.5196066413309));
#8542=CARTESIAN_POINT('Ctrl Pts',(-42.0385290609896,-1.88063244979336,13.7431914655511));
#8543=CARTESIAN_POINT('Ctrl Pts',(-42.0385290609896,-1.89869109576188,13.9980442604718));
#8544=CARTESIAN_POINT('Ctrl Pts',(-42.0385290609896,-1.90768747746833,14.1250057738688));
#8545=CARTESIAN_POINT('',(-41.7885290609896,-1.69486313283332,13.4074063819315));
#8546=CARTESIAN_POINT('',(-42.0385290609896,-1.69486313283332,13.4074063819315));
#8547=CARTESIAN_POINT('Ctrl Pts',(-41.7885290609896,-1.69486313283332,13.4074063819315));
#8548=CARTESIAN_POINT('Ctrl Pts',(-41.7885290609896,-1.75693666310063,13.5196066413309));
#8549=CARTESIAN_POINT('Ctrl Pts',(-41.7885290609896,-1.88063244979336,13.7431914655511));
#8550=CARTESIAN_POINT('Ctrl Pts',(-41.7885290609896,-1.89869109576188,13.9980442604718));
#8551=CARTESIAN_POINT('Ctrl Pts',(-41.7885290609896,-1.90768747746833,14.1250057738688));
#8552=CARTESIAN_POINT('Ctrl Pts',(-42.0385290609896,-1.07276230275519,12.9271884482767));
#8553=CARTESIAN_POINT('Ctrl Pts',(-41.7885290609896,-1.07276230275519,12.9271884482767));
#8554=CARTESIAN_POINT('Ctrl Pts',(-42.0385290609896,-1.19993301466531,12.9830884243679));
#8555=CARTESIAN_POINT('Ctrl Pts',(-41.7885290609896,-1.19993301466531,12.9830884243679));
#8556=CARTESIAN_POINT('Ctrl Pts',(-42.0385290609896,-1.44731231986172,13.0918280629075));
#8557=CARTESIAN_POINT('Ctrl Pts',(-41.7885290609896,-1.44731231986172,13.0918280629075));
#8558=CARTESIAN_POINT('Ctrl Pts',(-42.0385290609896,-1.61390906683434,13.3042059611393));
#8559=CARTESIAN_POINT('Ctrl Pts',(-41.7885290609896,-1.61390906683434,13.3042059611393));
#8560=CARTESIAN_POINT('Ctrl Pts',(-42.0385290609896,-1.69486313283332,13.4074063819315));
#8561=CARTESIAN_POINT('Ctrl Pts',(-41.7885290609896,-1.69486313283332,13.4074063819315));
#8562=CARTESIAN_POINT('',(-42.0385290609896,-1.07276230275519,12.9271884482767));
#8563=CARTESIAN_POINT('Ctrl Pts',(-42.0385290609896,-1.07276230275519,12.9271884482767));
#8564=CARTESIAN_POINT('Ctrl Pts',(-42.0385290609896,-1.19993301466531,12.9830884243679));
#8565=CARTESIAN_POINT('Ctrl Pts',(-42.0385290609896,-1.44731231986172,13.0918280629075));
#8566=CARTESIAN_POINT('Ctrl Pts',(-42.0385290609896,-1.61390906683434,13.3042059611393));
#8567=CARTESIAN_POINT('Ctrl Pts',(-42.0385290609896,-1.69486313283332,13.4074063819315));
#8568=CARTESIAN_POINT('',(-41.7885290609896,-1.07276230275519,12.9271884482767));
#8569=CARTESIAN_POINT('',(-42.0385290609896,-1.07276230275519,12.9271884482767));
#8570=CARTESIAN_POINT('Ctrl Pts',(-41.7885290609896,-1.07276230275519,12.9271884482767));
#8571=CARTESIAN_POINT('Ctrl Pts',(-41.7885290609896,-1.19993301466531,12.9830884243679));
#8572=CARTESIAN_POINT('Ctrl Pts',(-41.7885290609896,-1.44731231986172,13.0918280629075));
#8573=CARTESIAN_POINT('Ctrl Pts',(-41.7885290609896,-1.61390906683434,13.3042059611393));
#8574=CARTESIAN_POINT('Ctrl Pts',(-41.7885290609896,-1.69486313283332,13.4074063819315));
#8575=CARTESIAN_POINT('Ctrl Pts',(-42.0385290609896,0.062299378515408,12.7771200459864));
#8576=CARTESIAN_POINT('Ctrl Pts',(-41.7885290609896,0.062299378515408,12.7771200459864));
#8577=CARTESIAN_POINT('Ctrl Pts',(-42.0385290609896,-0.154705455296411,
12.7794832795074));
#8578=CARTESIAN_POINT('Ctrl Pts',(-41.7885290609896,-0.154705455296411,
12.7794832795074));
#8579=CARTESIAN_POINT('Ctrl Pts',(-42.0385290609896,-0.539621852138268,
12.7836751093198));
#8580=CARTESIAN_POINT('Ctrl Pts',(-41.7885290609896,-0.539621852138268,
12.7836751093198));
#8581=CARTESIAN_POINT('Ctrl Pts',(-42.0385290609896,-0.910830467038397,
12.8835988493254));
#8582=CARTESIAN_POINT('Ctrl Pts',(-41.7885290609896,-0.910830467038397,
12.8835988493254));
#8583=CARTESIAN_POINT('Ctrl Pts',(-42.0385290609896,-1.07276230275519,12.9271884482767));
#8584=CARTESIAN_POINT('Ctrl Pts',(-41.7885290609896,-1.07276230275519,12.9271884482767));
#8585=CARTESIAN_POINT('',(-42.0385290609896,0.062299378515408,12.7771200459864));
#8586=CARTESIAN_POINT('Ctrl Pts',(-42.0385290609896,0.062299378515408,12.7771200459864));
#8587=CARTESIAN_POINT('Ctrl Pts',(-42.0385290609896,-0.154705455296411,
12.7794832795074));
#8588=CARTESIAN_POINT('Ctrl Pts',(-42.0385290609896,-0.539621852138268,
12.7836751093198));
#8589=CARTESIAN_POINT('Ctrl Pts',(-42.0385290609896,-0.910830467038397,
12.8835988493254));
#8590=CARTESIAN_POINT('Ctrl Pts',(-42.0385290609896,-1.07276230275519,12.9271884482767));
#8591=CARTESIAN_POINT('',(-41.7885290609896,0.062299378515408,12.7771200459864));
#8592=CARTESIAN_POINT('',(-42.0385290609896,0.062299378515408,12.7771200459864));
#8593=CARTESIAN_POINT('Ctrl Pts',(-41.7885290609896,0.062299378515408,12.7771200459864));
#8594=CARTESIAN_POINT('Ctrl Pts',(-41.7885290609896,-0.154705455296411,
12.7794832795074));
#8595=CARTESIAN_POINT('Ctrl Pts',(-41.7885290609896,-0.539621852138268,
12.7836751093198));
#8596=CARTESIAN_POINT('Ctrl Pts',(-41.7885290609896,-0.910830467038397,
12.8835988493254));
#8597=CARTESIAN_POINT('Ctrl Pts',(-41.7885290609896,-1.07276230275519,12.9271884482767));
#8598=CARTESIAN_POINT('Origin',(-42.0385290609896,2.33787895023935,12.7771200459864));
#8599=CARTESIAN_POINT('',(-42.0385290609896,2.33787895023935,12.7771200459864));
#8600=CARTESIAN_POINT('',(-42.0385290609895,-18.5689154892374,12.7771200459864));
#8601=CARTESIAN_POINT('',(-41.7885290609896,2.33787895023935,12.7771200459864));
#8602=CARTESIAN_POINT('',(-42.0385290609896,2.33787895023935,12.7771200459864));
#8603=CARTESIAN_POINT('',(-41.7885290609896,2.33787895023935,12.7771200459864));
#8604=CARTESIAN_POINT('Origin',(-42.0385290609896,2.33787895023935,15.4237778705027));
#8605=CARTESIAN_POINT('',(-42.0385290609895,2.33787895023934,18.8828984132629));
#8606=CARTESIAN_POINT('',(-41.7885290609896,2.33787895023935,15.4237778705027));
#8607=CARTESIAN_POINT('Origin',(-42.0385290609896,2.33787895023935,11.8603398126032));
#8608=CARTESIAN_POINT('',(-41.7885290609896,2.33787895023935,11.8603398126032));
#8609=CARTESIAN_POINT('',(-42.0385290609896,2.33787895023935,11.8603398126032));
#8610=CARTESIAN_POINT('',(-41.7885290609896,2.33787895023935,8.30781596120855));
#8611=CARTESIAN_POINT('',(-41.7885290609896,2.33787895023935,11.8603398126032));
#8612=CARTESIAN_POINT('',(-42.0385290609896,2.33787895023935,8.30781596120855));
#8613=CARTESIAN_POINT('Origin',(-42.0385290609896,1.1100483018171,11.8603398126032));
#8614=CARTESIAN_POINT('',(-41.7885290609896,1.1100483018171,11.8603398126032));
#8615=CARTESIAN_POINT('',(-42.0385290609896,1.1100483018171,11.8603398126032));
#8616=CARTESIAN_POINT('',(-41.7885290609896,1.1100483018171,11.8603398126032));
#8617=CARTESIAN_POINT('Ctrl Pts',(-42.0385290609896,0.520689495206997,11.8221406858828));
#8618=CARTESIAN_POINT('Ctrl Pts',(-41.7885290609896,0.520689495206997,11.8221406858828));
#8619=CARTESIAN_POINT('Ctrl Pts',(-42.0385290609896,0.599706168497272,11.8331844270857));
#8620=CARTESIAN_POINT('Ctrl Pts',(-41.7885290609896,0.599706168497272,11.8331844270857));
#8621=CARTESIAN_POINT('Ctrl Pts',(-42.0385290609896,0.795084276498461,11.8604913886629));
#8622=CARTESIAN_POINT('Ctrl Pts',(-41.7885290609896,0.795084276498461,11.8604913886629));
#8623=CARTESIAN_POINT('Ctrl Pts',(-42.0385290609896,0.992483280871884,11.8603963906286));
#8624=CARTESIAN_POINT('Ctrl Pts',(-41.7885290609896,0.992483280871884,11.8603963906286));
#8625=CARTESIAN_POINT('Ctrl Pts',(-42.0385290609896,1.1100483018171,11.8603398126032));
#8626=CARTESIAN_POINT('Ctrl Pts',(-41.7885290609896,1.1100483018171,11.8603398126032));
#8627=CARTESIAN_POINT('',(-41.7885290609896,0.520689495206997,11.8221406858828));
#8628=CARTESIAN_POINT('',(-42.0385290609896,0.520689495206997,11.8221406858828));
#8629=CARTESIAN_POINT('Ctrl Pts',(-41.7885290609896,0.520689495206997,11.8221406858828));
#8630=CARTESIAN_POINT('Ctrl Pts',(-41.7885290609896,0.599706168497272,11.8331844270857));
#8631=CARTESIAN_POINT('Ctrl Pts',(-41.7885290609896,0.795084276498461,11.8604913886629));
#8632=CARTESIAN_POINT('Ctrl Pts',(-41.7885290609896,0.992483280871884,11.8603963906286));
#8633=CARTESIAN_POINT('Ctrl Pts',(-41.7885290609896,1.1100483018171,11.8603398126032));
#8634=CARTESIAN_POINT('Ctrl Pts',(-42.0385290609896,0.0377425628911709,
11.609316639271));
#8635=CARTESIAN_POINT('Ctrl Pts',(-41.7885290609896,0.0377425628911709,
11.609316639271));
#8636=CARTESIAN_POINT('Ctrl Pts',(-42.0385290609896,0.115992272329007,11.6560792360699));
#8637=CARTESIAN_POINT('Ctrl Pts',(-41.7885290609896,0.115992272329007,11.6560792360699));
#8638=CARTESIAN_POINT('Ctrl Pts',(-42.0385290609896,0.268206992780425,11.7470438626539));
#8639=CARTESIAN_POINT('Ctrl Pts',(-41.7885290609896,0.268206992780425,11.7470438626539));
#8640=CARTESIAN_POINT('Ctrl Pts',(-42.0385290609896,0.438122985149893,11.7975826173006));
#8641=CARTESIAN_POINT('Ctrl Pts',(-41.7885290609896,0.438122985149893,11.7975826173006));
#8642=CARTESIAN_POINT('Ctrl Pts',(-42.0385290609896,0.520689495206997,11.8221406858828));
#8643=CARTESIAN_POINT('Ctrl Pts',(-41.7885290609896,0.520689495206997,11.8221406858828));
#8644=CARTESIAN_POINT('',(-41.7885290609896,0.0377425628911709,11.609316639271));
#8645=CARTESIAN_POINT('',(-42.0385290609896,0.0377425628911709,11.609316639271));
#8646=CARTESIAN_POINT('Ctrl Pts',(-41.7885290609896,0.0377425628911709,
11.609316639271));
#8647=CARTESIAN_POINT('Ctrl Pts',(-41.7885290609896,0.115992272329007,11.6560792360699));
#8648=CARTESIAN_POINT('Ctrl Pts',(-41.7885290609896,0.268206992780425,11.7470438626539));
#8649=CARTESIAN_POINT('Ctrl Pts',(-41.7885290609896,0.438122985149893,11.7975826173006));
#8650=CARTESIAN_POINT('Ctrl Pts',(-41.7885290609896,0.520689495206997,11.8221406858828));
#8651=CARTESIAN_POINT('Ctrl Pts',(-42.0385290609896,-0.499774507879093,
11.0745276730921));
#8652=CARTESIAN_POINT('Ctrl Pts',(-41.7885290609896,-0.499774507879093,
11.0745276730921));
#8653=CARTESIAN_POINT('Ctrl Pts',(-42.0385290609896,-0.409468821131007,
11.187390321469));
#8654=CARTESIAN_POINT('Ctrl Pts',(-41.7885290609896,-0.409468821131007,
11.187390321469));
#8655=CARTESIAN_POINT('Ctrl Pts',(-42.0385290609896,-0.250353607924657,
11.3862500500886));
#8656=CARTESIAN_POINT('Ctrl Pts',(-41.7885290609896,-0.250353607924657,
11.3862500500886));
#8657=CARTESIAN_POINT('Ctrl Pts',(-42.0385290609896,-0.049232467188699,
11.5419737681422));
#8658=CARTESIAN_POINT('Ctrl Pts',(-41.7885290609896,-0.049232467188699,
11.5419737681422));
#8659=CARTESIAN_POINT('Ctrl Pts',(-42.0385290609896,0.0377425628911709,
11.609316639271));
#8660=CARTESIAN_POINT('Ctrl Pts',(-41.7885290609896,0.0377425628911709,
11.609316639271));
#8661=CARTESIAN_POINT('',(-41.7885290609896,-0.499774507879094,11.0745276730921));
#8662=CARTESIAN_POINT('',(-42.0385290609896,-0.499774507879093,11.0745276730921));
#8663=CARTESIAN_POINT('Ctrl Pts',(-41.7885290609896,-0.499774507879093,
11.0745276730921));
#8664=CARTESIAN_POINT('Ctrl Pts',(-41.7885290609896,-0.409468821131007,
11.187390321469));
#8665=CARTESIAN_POINT('Ctrl Pts',(-41.7885290609896,-0.250353607924657,
11.3862500500886));
#8666=CARTESIAN_POINT('Ctrl Pts',(-41.7885290609896,-0.049232467188699,
11.5419737681422));
#8667=CARTESIAN_POINT('Ctrl Pts',(-41.7885290609896,0.0377425628911709,
11.609316639271));
#8668=CARTESIAN_POINT('Ctrl Pts',(-42.0385290609896,-1.26375823438056,9.97220890935919));
#8669=CARTESIAN_POINT('Ctrl Pts',(-41.7885290609896,-1.26375823438056,9.97220890935919));
#8670=CARTESIAN_POINT('Ctrl Pts',(-42.0385290609896,-1.12541143427723,10.1859555091549));
#8671=CARTESIAN_POINT('Ctrl Pts',(-41.7885290609896,-1.12541143427723,10.1859555091549));
#8672=CARTESIAN_POINT('Ctrl Pts',(-42.0385290609896,-0.882349821756146,
10.56148709484));
#8673=CARTESIAN_POINT('Ctrl Pts',(-41.7885290609896,-0.882349821756146,
10.56148709484));
#8674=CARTESIAN_POINT('Ctrl Pts',(-42.0385290609896,-0.614967198802137,
10.9200521420844));
#8675=CARTESIAN_POINT('Ctrl Pts',(-41.7885290609896,-0.614967198802137,
10.9200521420844));
#8676=CARTESIAN_POINT('Ctrl Pts',(-42.0385290609896,-0.499774507879093,
11.0745276730921));
#8677=CARTESIAN_POINT('Ctrl Pts',(-41.7885290609896,-0.499774507879093,
11.0745276730921));
#8678=CARTESIAN_POINT('',(-41.7885290609896,-1.26375823438056,9.97220890935919));
#8679=CARTESIAN_POINT('',(-42.0385290609896,-1.26375823438056,9.97220890935919));
#8680=CARTESIAN_POINT('Ctrl Pts',(-41.7885290609896,-1.26375823438056,9.97220890935919));
#8681=CARTESIAN_POINT('Ctrl Pts',(-41.7885290609896,-1.12541143427723,10.1859555091549));
#8682=CARTESIAN_POINT('Ctrl Pts',(-41.7885290609896,-0.882349821756146,
10.56148709484));
#8683=CARTESIAN_POINT('Ctrl Pts',(-41.7885290609896,-0.614967198802137,
10.9200521420844));
#8684=CARTESIAN_POINT('Ctrl Pts',(-41.7885290609896,-0.499774507879093,
11.0745276730921));
#8685=CARTESIAN_POINT('Origin',(-42.0385290609896,-2.32242136418708,8.30781596120855));
#8686=CARTESIAN_POINT('',(-41.7885290609896,-2.32242136418708,8.30781596120855));
#8687=CARTESIAN_POINT('',(-42.0385290609896,-2.32242136418708,8.30781596120855));
#8688=CARTESIAN_POINT('',(-41.7885290609896,-2.32242136418708,8.30781596120855));
#8689=CARTESIAN_POINT('Origin',(-42.0385290609896,-3.65393548428901,8.30781596120855));
#8690=CARTESIAN_POINT('',(-41.7885290609896,-3.65393548428901,8.30781596120855));
#8691=CARTESIAN_POINT('',(-42.0385290609896,-3.65393548428901,8.30781596120855));
#8692=CARTESIAN_POINT('',(-41.7885290609896,-3.65393548428901,8.30781596120855));
#8693=CARTESIAN_POINT('Origin',(-42.0385290609896,-2.26239412248023,10.4851694625284));
#8694=CARTESIAN_POINT('',(-41.7885290609896,-2.26239412248023,10.4851694625284));
#8695=CARTESIAN_POINT('',(-42.0385290609896,-2.26239412248023,10.4851694625284));
#8696=CARTESIAN_POINT('',(-41.7885290609896,-2.26239412248023,10.4851694625284));
#8697=CARTESIAN_POINT('Ctrl Pts',(-42.0385290609896,-1.38381271779425,11.5492893975641));
#8698=CARTESIAN_POINT('Ctrl Pts',(-41.7885290609896,-1.38381271779425,11.5492893975641));
#8699=CARTESIAN_POINT('Ctrl Pts',(-42.0385290609896,-1.53938390126548,11.3938650291461));
#8700=CARTESIAN_POINT('Ctrl Pts',(-41.7885290609896,-1.53938390126548,11.3938650291461));
#8701=CARTESIAN_POINT('Ctrl Pts',(-42.0385290609896,-1.86619507360407,11.0673622738202));
#8702=CARTESIAN_POINT('Ctrl Pts',(-41.7885290609896,-1.86619507360407,11.0673622738202));
#8703=CARTESIAN_POINT('Ctrl Pts',(-42.0385290609896,-2.12617293477225,10.6853390400531));
#8704=CARTESIAN_POINT('Ctrl Pts',(-41.7885290609896,-2.12617293477225,10.6853390400531));
#8705=CARTESIAN_POINT('Ctrl Pts',(-42.0385290609896,-2.26239412248023,10.4851694625284));
#8706=CARTESIAN_POINT('Ctrl Pts',(-41.7885290609896,-2.26239412248023,10.4851694625284));
#8707=CARTESIAN_POINT('',(-41.7885290609896,-1.38381271779425,11.5492893975641));
#8708=CARTESIAN_POINT('',(-42.0385290609896,-1.38381271779425,11.5492893975641));
#8709=CARTESIAN_POINT('Ctrl Pts',(-41.7885290609896,-1.38381271779425,11.5492893975641));
#8710=CARTESIAN_POINT('Ctrl Pts',(-41.7885290609896,-1.53938390126548,11.3938650291461));
#8711=CARTESIAN_POINT('Ctrl Pts',(-41.7885290609896,-1.86619507360407,11.0673622738202));
#8712=CARTESIAN_POINT('Ctrl Pts',(-41.7885290609896,-2.12617293477225,10.6853390400531));
#8713=CARTESIAN_POINT('Ctrl Pts',(-41.7885290609896,-2.26239412248023,10.4851694625284));
#8714=CARTESIAN_POINT('Ctrl Pts',(-42.0385290609896,-0.74534087598212,11.9476522725489));
#8715=CARTESIAN_POINT('Ctrl Pts',(-41.7885290609896,-0.74534087598212,11.9476522725489));
#8716=CARTESIAN_POINT('Ctrl Pts',(-42.0385290609896,-0.871457243486367,
11.8853368623954));
#8717=CARTESIAN_POINT('Ctrl Pts',(-41.7885290609896,-0.871457243486367,
11.8853368623954));
#8718=CARTESIAN_POINT('Ctrl Pts',(-42.0385290609896,-1.09763568049556,11.7735797419754));
#8719=CARTESIAN_POINT('Ctrl Pts',(-41.7885290609896,-1.09763568049556,11.7735797419754));
#8720=CARTESIAN_POINT('Ctrl Pts',(-42.0385290609896,-1.29603861854806,11.618082069178));
#8721=CARTESIAN_POINT('Ctrl Pts',(-41.7885290609896,-1.29603861854806,11.618082069178));
#8722=CARTESIAN_POINT('Ctrl Pts',(-42.0385290609896,-1.38381271779425,11.5492893975641));
#8723=CARTESIAN_POINT('Ctrl Pts',(-41.7885290609896,-1.38381271779425,11.5492893975641));
#8724=CARTESIAN_POINT('',(-41.7885290609896,-0.74534087598212,11.9476522725489));
#8725=CARTESIAN_POINT('',(-42.0385290609896,-0.74534087598212,11.9476522725489));
#8726=CARTESIAN_POINT('Ctrl Pts',(-41.7885290609896,-0.74534087598212,11.9476522725489));
#8727=CARTESIAN_POINT('Ctrl Pts',(-41.7885290609896,-0.871457243486367,
11.8853368623954));
#8728=CARTESIAN_POINT('Ctrl Pts',(-41.7885290609896,-1.09763568049556,11.7735797419754));
#8729=CARTESIAN_POINT('Ctrl Pts',(-41.7885290609896,-1.29603861854806,11.618082069178));
#8730=CARTESIAN_POINT('Ctrl Pts',(-41.7885290609896,-1.38381271779425,11.5492893975641));
#8731=CARTESIAN_POINT('Ctrl Pts',(-42.0385290609896,-2.44793265282996,12.6898075860407));
#8732=CARTESIAN_POINT('Ctrl Pts',(-41.7885290609896,-2.44793265282996,12.6898075860407));
#8733=CARTESIAN_POINT('Ctrl Pts',(-42.0385290609896,-2.22311808341383,12.5110795724672));
#8734=CARTESIAN_POINT('Ctrl Pts',(-41.7885290609896,-2.22311808341383,12.5110795724672));
#8735=CARTESIAN_POINT('Ctrl Pts',(-42.0385290609896,-1.72383118402482,12.1141455305016));
#8736=CARTESIAN_POINT('Ctrl Pts',(-41.7885290609896,-1.72383118402482,12.1141455305016));
#8737=CARTESIAN_POINT('Ctrl Pts',(-42.0385290609896,-1.09243659324529,12.0067117198562));
#8738=CARTESIAN_POINT('Ctrl Pts',(-41.7885290609896,-1.09243659324529,12.0067117198562));
#8739=CARTESIAN_POINT('Ctrl Pts',(-42.0385290609896,-0.74534087598212,11.9476522725489));
#8740=CARTESIAN_POINT('Ctrl Pts',(-41.7885290609896,-0.74534087598212,11.9476522725489));
#8741=CARTESIAN_POINT('',(-41.7885290609896,-2.44793265282996,12.6898075860407));
#8742=CARTESIAN_POINT('',(-42.0385290609896,-2.44793265282996,12.6898075860407));
#8743=CARTESIAN_POINT('Ctrl Pts',(-41.7885290609896,-2.44793265282996,12.6898075860407));
#8744=CARTESIAN_POINT('Ctrl Pts',(-41.7885290609896,-2.22311808341383,12.5110795724672));
#8745=CARTESIAN_POINT('Ctrl Pts',(-41.7885290609896,-1.72383118402482,12.1141455305016));
#8746=CARTESIAN_POINT('Ctrl Pts',(-41.7885290609896,-1.09243659324529,12.0067117198562));
#8747=CARTESIAN_POINT('Ctrl Pts',(-41.7885290609896,-0.74534087598212,11.9476522725489));
#8748=CARTESIAN_POINT('Ctrl Pts',(-42.0385290609896,-2.99909263074286,14.1250057738688));
#8749=CARTESIAN_POINT('Ctrl Pts',(-41.7885290609896,-2.99909263074286,14.1250057738688));
#8750=CARTESIAN_POINT('Ctrl Pts',(-42.0385290609896,-2.97766022172898,13.8540243933647));
#8751=CARTESIAN_POINT('Ctrl Pts',(-41.7885290609896,-2.97766022172898,13.8540243933647));
#8752=CARTESIAN_POINT('Ctrl Pts',(-42.0385290609896,-2.93548202537462,13.3207429564589));
#8753=CARTESIAN_POINT('Ctrl Pts',(-41.7885290609896,-2.93548202537462,13.3207429564589));
#8754=CARTESIAN_POINT('Ctrl Pts',(-42.0385290609896,-2.60867574325234,12.8978244700918));
#8755=CARTESIAN_POINT('Ctrl Pts',(-41.7885290609896,-2.60867574325234,12.8978244700918));
#8756=CARTESIAN_POINT('Ctrl Pts',(-42.0385290609896,-2.44793265282996,12.6898075860407));
#8757=CARTESIAN_POINT('Ctrl Pts',(-41.7885290609896,-2.44793265282996,12.6898075860407));
#8758=CARTESIAN_POINT('',(-41.7885290609896,-2.99909263074286,14.1250057738688));
#8759=CARTESIAN_POINT('',(-42.0385290609896,-2.99909263074286,14.1250057738688));
#8760=CARTESIAN_POINT('Ctrl Pts',(-41.7885290609896,-2.99909263074286,14.1250057738688));
#8761=CARTESIAN_POINT('Ctrl Pts',(-41.7885290609896,-2.97766022172898,13.8540243933647));
#8762=CARTESIAN_POINT('Ctrl Pts',(-41.7885290609896,-2.93548202537462,13.3207429564589));
#8763=CARTESIAN_POINT('Ctrl Pts',(-41.7885290609896,-2.60867574325234,12.8978244700918));
#8764=CARTESIAN_POINT('Ctrl Pts',(-41.7885290609896,-2.44793265282996,12.6898075860407));
#8765=CARTESIAN_POINT('Ctrl Pts',(-42.0385290609896,-2.66621380269416,15.3310080092814));
#8766=CARTESIAN_POINT('Ctrl Pts',(-41.7885290609896,-2.66621380269416,15.3310080092814));
#8767=CARTESIAN_POINT('Ctrl Pts',(-42.0385290609896,-2.76330128693127,15.1434031763998));
#8768=CARTESIAN_POINT('Ctrl Pts',(-41.7885290609896,-2.76330128693127,15.1434031763998));
#8769=CARTESIAN_POINT('Ctrl Pts',(-42.0385290609896,-2.95915713107008,14.7649455080683));
#8770=CARTESIAN_POINT('Ctrl Pts',(-41.7885290609896,-2.95915713107008,14.7649455080683));
#8771=CARTESIAN_POINT('Ctrl Pts',(-42.0385290609896,-2.9857048514958,14.3395360029403));
#8772=CARTESIAN_POINT('Ctrl Pts',(-41.7885290609896,-2.9857048514958,14.3395360029403));
#8773=CARTESIAN_POINT('Ctrl Pts',(-42.0385290609896,-2.99909263074286,14.1250057738688));
#8774=CARTESIAN_POINT('Ctrl Pts',(-41.7885290609896,-2.99909263074286,14.1250057738688));
#8775=CARTESIAN_POINT('',(-41.7885290609896,-2.66621380269416,15.3310080092814));
#8776=CARTESIAN_POINT('',(-42.0385290609896,-2.66621380269416,15.3310080092814));
#8777=CARTESIAN_POINT('Ctrl Pts',(-41.7885290609896,-2.66621380269416,15.3310080092814));
#8778=CARTESIAN_POINT('Ctrl Pts',(-41.7885290609896,-2.76330128693127,15.1434031763998));
#8779=CARTESIAN_POINT('Ctrl Pts',(-41.7885290609896,-2.95915713107008,14.7649455080683));
#8780=CARTESIAN_POINT('Ctrl Pts',(-41.7885290609896,-2.9857048514958,14.3395360029403));
#8781=CARTESIAN_POINT('Ctrl Pts',(-41.7885290609896,-2.99909263074286,14.1250057738688));
#8782=CARTESIAN_POINT('Ctrl Pts',(-42.0385290609896,-1.77671878754981,16.092263035145));
#8783=CARTESIAN_POINT('Ctrl Pts',(-41.7885290609896,-1.77671878754981,16.092263035145));
#8784=CARTESIAN_POINT('Ctrl Pts',(-42.0385290609896,-1.95392063816239,16.0050208689277));
#8785=CARTESIAN_POINT('Ctrl Pts',(-41.7885290609896,-1.95392063816239,16.0050208689277));
#8786=CARTESIAN_POINT('Ctrl Pts',(-42.0385290609896,-2.31502330960457,15.8272384181545));
#8787=CARTESIAN_POINT('Ctrl Pts',(-41.7885290609896,-2.31502330960457,15.8272384181545));
#8788=CARTESIAN_POINT('Ctrl Pts',(-42.0385290609896,-2.54771140617278,15.4984513024096));
#8789=CARTESIAN_POINT('Ctrl Pts',(-41.7885290609896,-2.54771140617278,15.4984513024096));
#8790=CARTESIAN_POINT('Ctrl Pts',(-42.0385290609896,-2.66621380269416,15.3310080092814));
#8791=CARTESIAN_POINT('Ctrl Pts',(-41.7885290609896,-2.66621380269416,15.3310080092814));
#8792=CARTESIAN_POINT('',(-41.7885290609896,-1.77671878754981,16.092263035145));
#8793=CARTESIAN_POINT('',(-42.0385290609896,-1.77671878754981,16.092263035145));
#8794=CARTESIAN_POINT('Ctrl Pts',(-41.7885290609896,-1.77671878754981,16.092263035145));
#8795=CARTESIAN_POINT('Ctrl Pts',(-41.7885290609896,-1.95392063816239,16.0050208689277));
#8796=CARTESIAN_POINT('Ctrl Pts',(-41.7885290609896,-2.31502330960457,15.8272384181545));
#8797=CARTESIAN_POINT('Ctrl Pts',(-41.7885290609896,-2.54771140617278,15.4984513024096));
#8798=CARTESIAN_POINT('Ctrl Pts',(-41.7885290609896,-2.66621380269416,15.3310080092814));
#8799=CARTESIAN_POINT('Ctrl Pts',(-42.0385290609896,-0.150524668096377,
16.3078160804178));
#8800=CARTESIAN_POINT('Ctrl Pts',(-41.7885290609896,-0.150524668096377,
16.3078160804178));
#8801=CARTESIAN_POINT('Ctrl Pts',(-42.0385290609896,-0.466563727979917,
16.305384244128));
#8802=CARTESIAN_POINT('Ctrl Pts',(-41.7885290609896,-0.466563727979917,
16.305384244128));
#8803=CARTESIAN_POINT('Ctrl Pts',(-42.0385290609896,-1.01846570861381,16.3011375055589));
#8804=CARTESIAN_POINT('Ctrl Pts',(-41.7885290609896,-1.01846570861381,16.3011375055589));
#8805=CARTESIAN_POINT('Ctrl Pts',(-42.0385290609896,-1.5496919353106,16.1548016714506));
#8806=CARTESIAN_POINT('Ctrl Pts',(-41.7885290609896,-1.5496919353106,16.1548016714506));
#8807=CARTESIAN_POINT('Ctrl Pts',(-42.0385290609896,-1.77671878754981,16.092263035145));
#8808=CARTESIAN_POINT('Ctrl Pts',(-41.7885290609896,-1.77671878754981,16.092263035145));
#8809=CARTESIAN_POINT('Ctrl Pts',(-41.7885290609896,-0.150524668096377,
16.3078160804178));
#8810=CARTESIAN_POINT('Ctrl Pts',(-41.7885290609896,-0.466563727979917,
16.305384244128));
#8811=CARTESIAN_POINT('Ctrl Pts',(-41.7885290609896,-1.01846570861381,16.3011375055589));
#8812=CARTESIAN_POINT('Ctrl Pts',(-41.7885290609896,-1.5496919353106,16.1548016714506));
#8813=CARTESIAN_POINT('Ctrl Pts',(-41.7885290609896,-1.77671878754981,16.092263035145));
#8814=CARTESIAN_POINT('Origin',(-42.0385290609896,3.39654200554006,8.30781596120855));
#8815=CARTESIAN_POINT('',(-41.7885290609896,3.39654200554006,14.7407894977556));
#8816=CARTESIAN_POINT('Ctrl Pts',(-42.0385290609896,3.39654200554006,14.2612903954477));
#8817=CARTESIAN_POINT('Ctrl Pts',(-41.8935360706318,3.39654200554006,14.5114638401301));
#8818=CARTESIAN_POINT('Ctrl Pts',(-41.7885290609896,3.39654200554006,14.7407894977556));
#8819=CARTESIAN_POINT('',(-41.7885290609896,3.39654200554006,8.30781596120855));
#8820=CARTESIAN_POINT('',(-42.0385290609896,3.39654200554006,8.30781596120855));
#8821=CARTESIAN_POINT('',(-41.7885290609896,3.39654200554006,8.30781596120855));
#8822=CARTESIAN_POINT('Origin',(-42.0385290609896,2.33787895023935,8.30781596120855));
#8823=CARTESIAN_POINT('',(-41.7885290609896,2.33787895023934,8.30781596120855));
#8824=CARTESIAN_POINT('Origin',(-41.7885290609896,-0.128696739374473,12.3078160208132));
#8825=CARTESIAN_POINT('Origin',(-41.7885290609896,5.84130966546962,16.));
#8826=CARTESIAN_POINT('Origin',(-42.0385290609894,-39.4757099287141,22.3420189560231));
#8827=CARTESIAN_POINT('Origin',(-42.0385290609894,-39.4757099287141,22.3420189560231));
#8828=CARTESIAN_POINT('Origin',(-42.0385290609894,-39.4757099287141,22.3420189560231));
#8829=CARTESIAN_POINT('Origin',(33.957647307312,111.674290071286,22.3420189560231));
#8830=CARTESIAN_POINT('',(33.957647307312,113.024290071286,22.3420189560231));
#8831=CARTESIAN_POINT('',(33.957647307312,111.674290071286,23.3420189560231));
#8832=CARTESIAN_POINT('',(33.957647307312,110.524290071286,23.3420189560231));
#8833=CARTESIAN_POINT('',(33.957647307312,111.674290071286,22.3420189560231));
#8834=CARTESIAN_POINT('Origin',(41.8638509390105,111.674290071286,22.3420189560231));
#8835=CARTESIAN_POINT('',(41.8638509390105,111.674290071286,23.3420189560231));
#8836=CARTESIAN_POINT('',(33.957647307312,111.674290071286,23.3420189560231));
#8837=CARTESIAN_POINT('',(41.8638509390105,111.674290071286,22.3420189560231));
#8838=CARTESIAN_POINT('Origin',(41.8638509390105,-40.4757099287141,22.3420189560231));
#8839=CARTESIAN_POINT('',(41.8638509390105,-40.4757099287141,23.3420189560231));
#8840=CARTESIAN_POINT('Origin',(-40.9385290609896,-3.71724824391907,22.3420189560231));
#8841=CARTESIAN_POINT('',(-40.9385290609896,-3.71724824391908,23.3420189560231));
#8842=CARTESIAN_POINT('',(-40.9385290609896,-3.71724824391907,23.3420189560231));
#8843=CARTESIAN_POINT('',(-40.9385290609896,-3.71724824391907,22.3420189560231));
#8844=CARTESIAN_POINT('Origin',(-40.0385290609896,-3.71724824391908,22.3420189560231));
#8845=CARTESIAN_POINT('',(-40.0385290609896,-3.71724824391907,22.3420189560231));
#8846=CARTESIAN_POINT('',(-42.0385290609896,-3.71724824391907,22.3420189560231));
#8847=CARTESIAN_POINT('',(-40.0385290609896,-3.71724824391908,23.3420189560231));
#8848=CARTESIAN_POINT('',(-40.0385290609896,-3.71724824391908,23.3420189560231));
#8849=CARTESIAN_POINT('',(-40.0385290609896,-3.71724824391908,22.3420189560231));
#8850=CARTESIAN_POINT('Origin',(0.462660939010497,35.599290071286,23.3420189560231));
#8851=CARTESIAN_POINT('',(-40.0385290609895,-39.475709928714,23.3420189560231));
#8852=CARTESIAN_POINT('',(40.9638509390105,-39.475709928714,23.3420189560231));
#8853=CARTESIAN_POINT('',(-40.0385290609895,-39.475709928714,23.3420189560231));
#8854=CARTESIAN_POINT('Origin',(0.47917437932202,111.674290071286,22.3420189560231));
#8855=CARTESIAN_POINT('',(-40.9385290609895,111.674290071286,23.3420189560231));
#8856=CARTESIAN_POINT('',(-40.9385290609895,111.674290071286,22.3420189560231));
#8857=CARTESIAN_POINT('',(0.479174379322016,111.674290071286,23.3420189560231));
#8858=CARTESIAN_POINT('',(0.47917437932202,111.674290071286,23.3420189560231));
#8859=CARTESIAN_POINT('',(0.47917437932202,111.674290071286,22.3420189560231));
#8860=CARTESIAN_POINT('Origin',(0.47917437932202,110.524290071286,22.3420189560231));
#8861=CARTESIAN_POINT('',(0.479174379322021,113.024290071286,22.3420189560231));
#8862=CARTESIAN_POINT('',(0.47917437932202,110.524290071286,23.3420189560231));
#8863=CARTESIAN_POINT('Origin',(-41.0385290609896,34.7801289017262,22.3420189560231));
#8864=CARTESIAN_POINT('',(-40.0385290609896,34.7801289017262,22.3420189560231));
#8865=CARTESIAN_POINT('',(-42.0385290609896,34.7801289017262,22.3420189560231));
#8866=CARTESIAN_POINT('',(-40.0385290609896,34.7801289017262,23.3420189560231));
#8867=CARTESIAN_POINT('',(-40.0385290609896,34.7801289017262,22.3420189560231));
#8868=CARTESIAN_POINT('',(-41.0385290609896,34.7801289017262,23.3420189560231));
#8869=CARTESIAN_POINT('',(-42.0385290609896,34.7801289017262,23.3420189560231));
#8870=CARTESIAN_POINT('',(-41.0385290609896,34.7801289017262,22.3420189560231));
#8871=CARTESIAN_POINT('Origin',(-40.9385290609895,111.674290071286,22.3420189560231));
#8872=CARTESIAN_POINT('',(-40.9385290609895,111.674290071286,23.3420189560231));
#8873=CARTESIAN_POINT('Origin',(-20.2796773408338,73.2272094865061,23.3420189560231));
#8874=CARTESIAN_POINT('',(-40.0385290609896,34.7801289017262,23.3420189560231));
#8875=CARTESIAN_POINT('Origin',(-33.0385290609895,109.524290071286,0.926502739005786));
#8876=CARTESIAN_POINT('',(-34.0385290609895,109.524290071286,-5.54533599999999));
#8877=CARTESIAN_POINT('Origin',(-33.0385290609895,109.524290071286,-5.54533599999999));
#8878=CARTESIAN_POINT('',(-34.0385290609895,109.524290071286,21.454664));
#8879=CARTESIAN_POINT('Origin',(-33.0385290609895,109.524290071286,21.454664));
#8880=CARTESIAN_POINT('',(-34.0385290609895,109.524290071286,0.926502739005786));
#8881=CARTESIAN_POINT('Origin',(-40.0385290609895,-39.475709928714,-5.54533599999999));
#8882=CARTESIAN_POINT('',(-34.0385290609895,106.524290071286,-5.54533599999999));
#8883=CARTESIAN_POINT('',(-34.0385290609895,33.024290071286,-5.54533599999999));
#8884=CARTESIAN_POINT('',(-35.0385290609895,105.524290071286,-5.54533599999999));
#8885=CARTESIAN_POINT('Origin',(-35.0385290609895,106.524290071286,-5.54533599999999));
#8886=CARTESIAN_POINT('',(-36.2377513556375,105.524290071286,-5.54533599999999));
#8887=CARTESIAN_POINT('',(-38.1381402083135,105.524290071286,-5.54533599999999));
#8888=CARTESIAN_POINT('',(-36.2377513556375,108.634144231012,-5.54533599999999));
#8889=CARTESIAN_POINT('',(-36.2377513556375,34.5792171511491,-5.54533599999999));
#8890=CARTESIAN_POINT('',(-40.0385290609895,108.634144231012,-5.54533599999999));
#8891=CARTESIAN_POINT('',(-40.0385290609895,108.634144231012,-5.54533599999999));
#8892=CARTESIAN_POINT('',(-40.0385290609895,44.9611547326856,-5.54533599999999));
#8893=CARTESIAN_POINT('',(-40.0385290609895,-39.475709928714,-5.54533599999999));
#8894=CARTESIAN_POINT('',(-36.0385290609895,44.9611547326856,-5.54533599999999));
#8895=CARTESIAN_POINT('',(-38.0385290609895,44.9611547326856,-5.54533599999999));
#8896=CARTESIAN_POINT('',(-36.0385290609895,47.9611547326856,-5.54533599999999));
#8897=CARTESIAN_POINT('',(-36.0385290609895,4.24272240198583,-5.54533599999999));
#8898=CARTESIAN_POINT('',(-35.0385290609895,47.9611547326856,-5.54533599999999));
#8899=CARTESIAN_POINT('',(-37.0385290609895,47.9611547326856,-5.54533599999999));
#8900=CARTESIAN_POINT('',(-34.0385290609895,46.9611547326856,-5.54533599999999));
#8901=CARTESIAN_POINT('Origin',(-35.0385290609895,46.9611547326856,-5.54533599999999));
#8902=CARTESIAN_POINT('',(-34.0385290609895,43.9611547326856,-5.54533599999999));
#8903=CARTESIAN_POINT('',(-34.0385290609895,1.74272240198583,-5.54533599999999));
#8904=CARTESIAN_POINT('',(-35.0385290609895,42.9611547326856,-5.54533599999999));
#8905=CARTESIAN_POINT('Origin',(-35.0385290609895,43.9611547326856,-5.54533599999999));
#8906=CARTESIAN_POINT('',(-39.0385290609895,42.9611547326856,-5.54533599999999));
#8907=CARTESIAN_POINT('',(-40.0385290609895,42.9611547326856,-5.54533599999999));
#8908=CARTESIAN_POINT('',(-40.0385290609895,41.9611547326856,-5.54533599999999));
#8909=CARTESIAN_POINT('Origin',(-39.0385290609895,41.9611547326856,-5.54533599999999));
#8910=CARTESIAN_POINT('',(-40.0385290609895,-39.475709928714,-5.54533599999999));
#8911=CARTESIAN_POINT('',(-40.0385290609895,-39.475709928714,-5.54533599999999));
#8912=CARTESIAN_POINT('',(-19.7879340609894,-39.475709928714,-5.54533599999999));
#8913=CARTESIAN_POINT('',(0.963850939010524,52.5242897136583,-5.54533599999999));
#8914=CARTESIAN_POINT('Origin',(-2.03614906098948,52.5242897136583,-5.54533599999999));
#8915=CARTESIAN_POINT('',(0.963850939010551,100.524290071286,-5.54533599999999));
#8916=CARTESIAN_POINT('Origin',(-2.03614906098945,100.524290071286,-5.54533599999999));
#8917=CARTESIAN_POINT('',(40.6190509390105,31.3826700712859,-5.54533599999999));
#8918=CARTESIAN_POINT('Origin',(37.6190509390105,31.3826700712859,-5.54533599999999));
#8919=CARTESIAN_POINT('',(-33.6683290609895,31.3826700712858,-5.54533599999999));
#8920=CARTESIAN_POINT('Origin',(-36.6683290609895,31.3826700712858,-5.54533599999999));
#8921=CARTESIAN_POINT('',(-33.6683290609894,-24.972309928714,-5.54533599999999));
#8922=CARTESIAN_POINT('Origin',(-36.6683290609894,-24.972309928714,-5.54533599999999));
#8923=CARTESIAN_POINT('',(40.6190509390106,-24.9723099287139,-5.54533599999999));
#8924=CARTESIAN_POINT('Origin',(37.6190509390106,-24.9723099287139,-5.54533599999999));
#8925=CARTESIAN_POINT('',(39.4638509390105,52.5242897136583,-5.54533599999999));
#8926=CARTESIAN_POINT('Origin',(36.4638509390105,52.5242897136583,-5.54533599999999));
#8927=CARTESIAN_POINT('',(39.4638509390106,100.524290071286,-5.54533599999999));
#8928=CARTESIAN_POINT('Origin',(36.4638509390106,100.524290071286,-5.54533599999999));
#8929=CARTESIAN_POINT('Origin',(-34.0385290609895,105.524290071286,-5.54533599999999));
#8930=CARTESIAN_POINT('',(-34.0385290609895,106.524290071286,21.454664));
#8931=CARTESIAN_POINT('',(-34.0385290609895,105.524290071286,21.454664));
#8932=CARTESIAN_POINT('',(-34.0385290609895,106.524290071286,-5.54533599999999));
#8933=CARTESIAN_POINT('Origin',(-35.0385290609895,106.524290071286,-5.54533599999999));
#8934=CARTESIAN_POINT('',(-35.0385290609895,105.524290071286,21.454664));
#8935=CARTESIAN_POINT('Origin',(-35.0385290609895,106.524290071286,21.454664));
#8936=CARTESIAN_POINT('',(-35.0385290609895,105.524290071286,-5.54533599999999));
#8937=CARTESIAN_POINT('Origin',(-35.0385290609895,46.9611547326856,-5.54533599999999));
#8938=CARTESIAN_POINT('',(-35.0385290609895,47.9611547326856,21.454664));
#8939=CARTESIAN_POINT('',(-34.0385290609895,46.9611547326856,21.454664));
#8940=CARTESIAN_POINT('Origin',(-35.0385290609895,46.9611547326856,21.454664));
#8941=CARTESIAN_POINT('',(-34.0385290609895,46.9611547326856,-5.54533599999999));
#8942=CARTESIAN_POINT('',(-35.0385290609895,47.9611547326856,-5.54533599999999));
#8943=CARTESIAN_POINT('Origin',(-34.0385290609895,42.9611547326856,-5.54533599999999));
#8944=CARTESIAN_POINT('',(-34.0385290609895,43.9611547326856,21.454664));
#8945=CARTESIAN_POINT('',(-34.0385290609895,47.9611547326856,21.454664));
#8946=CARTESIAN_POINT('',(-34.0385290609895,43.9611547326856,-5.54533599999999));
#8947=CARTESIAN_POINT('Origin',(-37.0385290609895,45.4611547326856,21.454664));
#8948=CARTESIAN_POINT('',(-36.0385290609895,47.9611547326856,21.454664));
#8949=CARTESIAN_POINT('',(-36.0385290609895,47.9611547326856,21.454664));
#8950=CARTESIAN_POINT('',(-36.0385290609895,44.9611547326856,21.454664));
#8951=CARTESIAN_POINT('',(-36.0385290609895,44.9611547326856,21.454664));
#8952=CARTESIAN_POINT('',(-40.0385290609895,44.9611547326856,21.454664));
#8953=CARTESIAN_POINT('',(-40.0385290609895,44.9611547326856,21.454664));
#8954=CARTESIAN_POINT('',(-40.0385290609895,41.9611547326856,21.454664));
#8955=CARTESIAN_POINT('',(-40.0385290609895,2.99272240198583,21.454664));
#8956=CARTESIAN_POINT('',(-39.0385290609895,42.9611547326856,21.454664));
#8957=CARTESIAN_POINT('Origin',(-39.0385290609895,41.9611547326856,21.454664));
#8958=CARTESIAN_POINT('',(-35.0385290609895,42.9611547326856,21.454664));
#8959=CARTESIAN_POINT('',(-34.0385290609895,42.9611547326856,21.454664));
#8960=CARTESIAN_POINT('Origin',(-35.0385290609895,43.9611547326856,21.454664));
#8961=CARTESIAN_POINT('Origin',(-35.0385290609895,43.9611547326856,-5.54533599999999));
#8962=CARTESIAN_POINT('',(-35.0385290609895,42.9611547326856,-5.54533599999999));
#8963=CARTESIAN_POINT('Origin',(-39.0385290609895,41.9611547326856,8.39834147801156));
#8964=CARTESIAN_POINT('',(-39.0385290609895,42.9611547326856,8.39834147801156));
#8965=CARTESIAN_POINT('',(-40.0385290609895,41.9611547326856,8.39834147801156));
#8966=CARTESIAN_POINT('Origin',(-40.0385290609895,-39.475709928714,22.3420189560231));
#8967=CARTESIAN_POINT('',(-40.0385290609895,44.9611547326856,8.39834147801156));
#8968=CARTESIAN_POINT('',(-40.0385290609895,108.634144231012,21.454664));
#8969=CARTESIAN_POINT('',(-40.0385290609895,108.634144231012,8.39834147801156));
#8970=CARTESIAN_POINT('',(-40.0385290609895,34.274290071286,21.454664));
#8971=CARTESIAN_POINT('Origin',(-40.0385290609895,30.5314403288489,22.447590783238));
#8972=CARTESIAN_POINT('Origin',(-40.0385290609895,20.5314403289537,22.4475907834155));
#8973=CARTESIAN_POINT('Origin',(-40.0385290609895,10.5314403289538,22.4475907834155));
#8974=CARTESIAN_POINT('Origin',(-40.0385290609895,0.531440328953861,22.4475907834155));
#8975=CARTESIAN_POINT('',(-40.0385290609895,-39.475709928714,22.3420189560231));
#8976=CARTESIAN_POINT('',(-40.0385290609895,7.34130966546962,16.));
#8977=CARTESIAN_POINT('Origin',(-40.0385290609895,5.84130966546962,16.));
#8978=CARTESIAN_POINT('Origin',(-36.0385290609895,44.9611547326856,-5.54533599999999));
#8979=CARTESIAN_POINT('',(-36.0385290609895,44.9611547326856,-5.54533599999999));
#8980=CARTESIAN_POINT('Origin',(-36.0385290609895,47.9611547326856,-5.54533599999999));
#8981=CARTESIAN_POINT('',(-36.0385290609895,47.9611547326856,-5.54533599999999));
#8982=CARTESIAN_POINT('Origin',(-34.0385290609895,47.9611547326856,-5.54533599999999));
#8983=CARTESIAN_POINT('Origin',(-40.0385290609895,42.9611547326856,-5.54533599999999));
#8984=CARTESIAN_POINT('Origin',(-36.2377513556375,105.524290071286,-5.54533599999999));
#8985=CARTESIAN_POINT('',(-36.2377513556375,105.524290071286,21.454664));
#8986=CARTESIAN_POINT('',(-36.2377513556375,105.524290071286,21.454664));
#8987=CARTESIAN_POINT('',(-36.2377513556375,105.524290071286,-5.54533599999999));
#8988=CARTESIAN_POINT('Origin',(-36.2377513556375,108.634144231012,-5.54533599999999));
#8989=CARTESIAN_POINT('',(-36.2377513556375,108.634144231012,21.454664));
#8990=CARTESIAN_POINT('',(-36.2377513556375,108.634144231012,21.454664));
#8991=CARTESIAN_POINT('',(-36.2377513556375,108.634144231012,-5.54533599999999));
#8992=CARTESIAN_POINT('Origin',(-40.0385290609895,108.634144231012,-5.54533599999999));
#8993=CARTESIAN_POINT('',(-40.0385290609895,108.634144231012,21.454664));
#8994=CARTESIAN_POINT('Origin',(-37.0385290609895,108.024290071286,21.454664));
#8995=CARTESIAN_POINT('Origin',(32.3625076893283,-43.475709928714,14.6048000190077));
#8996=CARTESIAN_POINT('',(21.0248219402818,-44.475709928714,13.6048000190077));
#8997=CARTESIAN_POINT('',(34.8084029390105,-44.475709928714,13.6048000190077));
#8998=CARTESIAN_POINT('',(32.3625076893283,-44.475709928714,13.6048000190077));
#8999=CARTESIAN_POINT('',(36.8084029390105,-42.475709928714,15.6048000190077));
#9000=CARTESIAN_POINT('',(34.8084029390105,-44.475709928714,13.6048000190077));
#9001=CARTESIAN_POINT('',(19.0248219402818,-42.475709928714,15.6048000190077));
#9002=CARTESIAN_POINT('',(32.3625076893283,-42.475709928714,15.6048000190077));
#9003=CARTESIAN_POINT('',(21.0248219402818,-44.475709928714,13.6048000190077));
#9004=CARTESIAN_POINT('Origin',(35.8084029390105,-43.475709928714,2.17980001900766));
#9005=CARTESIAN_POINT('',(34.8084029390105,-44.475709928714,-0.295199980992339));
#9006=CARTESIAN_POINT('',(34.8084029390105,-44.475709928714,2.17980001900766));
#9007=CARTESIAN_POINT('',(36.8084029390105,-42.475709928714,-2.29519998099234));
#9008=CARTESIAN_POINT('',(34.8084029390105,-44.475709928714,-0.295199980992339));
#9009=CARTESIAN_POINT('',(36.8084029390105,-42.475709928714,2.17980001900766));
#9010=CARTESIAN_POINT('Origin',(23.470717189964,-43.475709928714,-1.29519998099234));
#9011=CARTESIAN_POINT('',(21.0248219402818,-44.475709928714,-0.29519998099234));
#9012=CARTESIAN_POINT('',(23.470717189964,-44.475709928714,-0.295199980992339));
#9013=CARTESIAN_POINT('',(19.0248219402818,-42.475709928714,-2.29519998099234));
#9014=CARTESIAN_POINT('',(21.0248219402818,-44.475709928714,-0.29519998099234));
#9015=CARTESIAN_POINT('',(19.0248219402818,-46.450709928714,1.67980001900769));
#9016=CARTESIAN_POINT('',(36.8084029390105,-41.9757099287139,-2.7951999809923));
#9017=CARTESIAN_POINT('Origin',(20.0248219402818,-43.475709928714,11.1298000190077));
#9018=CARTESIAN_POINT('',(19.0248219402818,-42.475709928714,11.1298000190077));
#9019=CARTESIAN_POINT('',(21.0248219402818,-44.475709928714,11.1298000190077));
#9020=CARTESIAN_POINT('Origin',(19.0248219402818,-41.475709928714,15.6048000190077));
#9021=CARTESIAN_POINT('',(19.0248219402818,-41.475709928714,15.6048000190077));
#9022=CARTESIAN_POINT('Origin',(36.8084029390105,-41.475709928714,15.6048000190077));
#9023=CARTESIAN_POINT('',(36.8084029390105,-41.475709928714,15.6048000190077));
#9024=CARTESIAN_POINT('Origin',(27.9166124396461,-44.475709928714,6.65480001900766));
#9025=CARTESIAN_POINT('Origin',(27.9166124396461,-42.475709928714,6.65480001900766));
#9026=CARTESIAN_POINT('',(34.8084029390105,-42.475709928714,13.6048000190077));
#9027=CARTESIAN_POINT('',(34.8084029390105,-42.475709928714,-0.29519998099234));
#9028=CARTESIAN_POINT('',(34.8084029390105,-42.475709928714,13.6048000190077));
#9029=CARTESIAN_POINT('',(20.4084029390105,-42.475709928714,-0.29519998099234));
#9030=CARTESIAN_POINT('',(34.8084029390105,-42.475709928714,-0.295199980992339));
#9031=CARTESIAN_POINT('',(20.4084029390105,-42.475709928714,13.6048000190077));
#9032=CARTESIAN_POINT('',(20.4084029390105,-42.475709928714,-0.295199980992339));
#9033=CARTESIAN_POINT('',(20.4084029390105,-42.475709928714,13.6048000190077));
#9034=CARTESIAN_POINT('Origin',(36.8084029390105,-41.475709928714,-2.29519998099234));
#9035=CARTESIAN_POINT('Origin',(-29.209824789176,-44.475709928714,12.5155261622106));
#9036=CARTESIAN_POINT('',(-40.0385290609895,-45.475709928714,11.5155261622106));
#9037=CARTESIAN_POINT('',(-26.9335900319049,-45.475709928714,11.5155261622106));
#9038=CARTESIAN_POINT('',(-29.209824789176,-45.475709928714,11.5155261622106));
#9039=CARTESIAN_POINT('',(-24.9335900319049,-43.475709928714,13.5155261622106));
#9040=CARTESIAN_POINT('',(-26.9335900319049,-45.475709928714,11.5155261622106));
#9041=CARTESIAN_POINT('',(-29.209824789176,-43.475709928714,13.5155261622106));
#9042=CARTESIAN_POINT('',(-40.0385290609895,-45.475709928714,11.5155261622106));
#9043=CARTESIAN_POINT('Origin',(-25.9335900319049,-44.475709928714,-0.245827350860234));
#9044=CARTESIAN_POINT('',(-26.9335900319049,-45.475709928714,-0.245827350860234));
#9045=CARTESIAN_POINT('',(-24.9335900319049,-43.475709928714,-0.245827350860234));
#9046=CARTESIAN_POINT('Origin',(-41.0385290609895,-44.475709928714,13.3416547214266));
#9047=CARTESIAN_POINT('',(-40.0385290609895,-45.475709928714,13.3416547214266));
#9048=CARTESIAN_POINT('Origin',(-24.9335900319049,-41.475709928714,13.5155261622106));
#9049=CARTESIAN_POINT('',(-24.9335900319049,-41.475709928714,13.5155261622106));
#9050=CARTESIAN_POINT('Origin',(-33.4860595464472,-45.475709928714,4.34129048683003));
#9051=CARTESIAN_POINT('Origin',(-33.4860595464472,-43.475709928714,4.34129048683003));
#9052=CARTESIAN_POINT('',(-25.9335900319049,-43.475709928714,-2.8329451885505));
#9053=CARTESIAN_POINT('',(-39.9335900319049,-43.475709928714,-2.8329451885505));
#9054=CARTESIAN_POINT('',(-39.9335900319049,-43.475709928714,-2.8329451885505));
#9055=CARTESIAN_POINT('',(-39.9335900319049,-43.475709928714,11.5155261622106));
#9056=CARTESIAN_POINT('',(-39.9335900319049,-43.475709928714,11.5155261622106));
#9057=CARTESIAN_POINT('',(-25.9335900319049,-43.475709928714,11.5155261622106));
#9058=CARTESIAN_POINT('',(-25.9335900319049,-43.475709928714,11.5155261622106));
#9059=CARTESIAN_POINT('',(-25.9335900319049,-43.475709928714,-2.8329451885505));
#9060=CARTESIAN_POINT('Origin',(-24.9335900319049,-41.475709928714,-4.8329451885505));
#9061=CARTESIAN_POINT('',(-24.9335900319049,-40.475709928714,-7.54533599999999));
#9062=CARTESIAN_POINT('Origin',(-25.9335900319048,-41.475709928714,-2.8329451885505));
#9063=CARTESIAN_POINT('',(-25.9335900319048,-39.475709928714,-2.8329451885505));
#9064=CARTESIAN_POINT('',(-25.9335900319048,-41.475709928714,-2.8329451885505));
#9065=CARTESIAN_POINT('',(-39.9335900319048,-39.475709928714,-2.8329451885505));
#9066=CARTESIAN_POINT('',(-12.7354645464471,-39.475709928714,-2.8329451885505));
#9067=CARTESIAN_POINT('',(-39.9335900319049,-41.475709928714,-2.8329451885505));
#9068=CARTESIAN_POINT('Origin',(-25.9335900319048,-41.475709928714,11.5155261622106));
#9069=CARTESIAN_POINT('',(-25.9335900319048,-39.475709928714,11.5155261622106));
#9070=CARTESIAN_POINT('',(-25.9335900319048,-41.475709928714,11.5155261622106));
#9071=CARTESIAN_POINT('',(-25.9335900319048,-39.475709928714,9.45693382011107));
#9072=CARTESIAN_POINT('Origin',(-39.9335900319048,-41.475709928714,11.5155261622106));
#9073=CARTESIAN_POINT('',(-39.9335900319048,-39.475709928714,11.5155261622106));
#9074=CARTESIAN_POINT('',(-39.9335900319048,-41.475709928714,11.5155261622106));
#9075=CARTESIAN_POINT('',(-19.7354645464471,-39.475709928714,11.5155261622106));
#9076=CARTESIAN_POINT('Origin',(-39.9335900319048,-41.475709928714,-2.8329451885505));
#9077=CARTESIAN_POINT('',(-39.9335900319048,-39.4757099287141,2.28269814473053));
#9078=CARTESIAN_POINT('Origin',(-41.2885290609896,5.84130966546962,16.));
#9079=CARTESIAN_POINT('',(-40.5385290609896,7.34130966546962,16.));
#9080=CARTESIAN_POINT('',(-41.2885290609896,8.09130966546962,16.));
#9081=CARTESIAN_POINT('Origin',(-40.5385290609896,5.84130966546962,16.));
#9082=CARTESIAN_POINT('Origin',(-38.5385290609896,5.84130966546962,16.));
#9083=CARTESIAN_POINT('',(-38.5385290609896,7.34130966546962,16.));
#9084=CARTESIAN_POINT('Origin',(33.9638509390106,113.024290071286,7.80466399999992));
#9085=CARTESIAN_POINT('',(33.9638509390104,113.024290071286,22.3245433665397));
#9086=CARTESIAN_POINT('',(33.9638509390106,113.024290071286,7.80466399999992));
#9087=CARTESIAN_POINT('Origin',(29.2138509390106,113.024290071286,7.80466399999991));
#9088=CARTESIAN_POINT('',(29.2138509390106,113.024290071286,3.05466399999991));
#9089=CARTESIAN_POINT('Origin',(5.21385093901055,113.024290071286,3.05466399999995));
#9090=CARTESIAN_POINT('',(5.21385093901055,113.024290071286,3.05466399999995));
#9091=CARTESIAN_POINT('Origin',(5.21385093901055,113.024290071286,7.80466399999991));
#9092=CARTESIAN_POINT('',(0.463850939010595,113.024290071286,7.80466399999991));
#9093=CARTESIAN_POINT('Origin',(0.463850939010592,113.024290071286,22.2986795534509));
#9094=CARTESIAN_POINT('',(0.463850939010593,113.024290071286,22.2986795534509));
#9095=CARTESIAN_POINT('Origin',(5.07846388005816,113.024290071286,20.6914771923357));
#9096=CARTESIAN_POINT('Origin',(29.2817760702749,113.024290071286,20.6722999637939));
#9097=CARTESIAN_POINT('Origin',(36.4638509390106,100.524290071286,-5.54533599999999));
#9098=CARTESIAN_POINT('',(38.0888509390106,100.524290071286,-1.54533599999999));
#9099=CARTESIAN_POINT('Origin',(36.4638509390106,100.524290071286,-1.54533599999999));
#9100=CARTESIAN_POINT('',(38.0888509390106,100.524290071286,-5.54533599999999));
#9101=CARTESIAN_POINT('',(38.0888509390106,100.524290071286,-5.54533599999999));
#9102=CARTESIAN_POINT('Origin',(36.4638509390106,100.524290071286,-5.54533599999999));
#9103=CARTESIAN_POINT('Origin',(36.4638509390106,100.524290071286,-5.54533599999999));
#9104=CARTESIAN_POINT('',(39.4638509390106,100.524290071286,-1.54533599999999));
#9105=CARTESIAN_POINT('Origin',(36.4638509390106,100.524290071286,-1.54533599999999));
#9106=CARTESIAN_POINT('',(39.4638509390106,100.524290071286,-5.54533599999999));
#9107=CARTESIAN_POINT('Origin',(36.4638509390106,100.524290071286,-1.54533599999999));
#9108=CARTESIAN_POINT('Origin',(-40.0385290609895,-39.475709928714,-5.54533599999999));
#9109=CARTESIAN_POINT('Origin',(-2.03614906098948,52.5242897136583,-5.54533599999999));
#9110=CARTESIAN_POINT('',(-0.386149060989476,52.5242897136583,-1.54533599999999));
#9111=CARTESIAN_POINT('Origin',(-2.03614906098948,52.5242897136583,-1.54533599999999));
#9112=CARTESIAN_POINT('',(-0.386149060989476,52.5242897136583,-5.54533599999999));
#9113=CARTESIAN_POINT('',(-0.386149060989476,52.5242897136583,-5.54533599999999));
#9114=CARTESIAN_POINT('Origin',(-2.03614906098948,52.5242897136583,-5.54533599999999));
#9115=CARTESIAN_POINT('Origin',(-2.03614906098948,52.5242897136583,-5.54533599999999));
#9116=CARTESIAN_POINT('',(0.963850939010524,52.5242897136583,-1.54533599999999));
#9117=CARTESIAN_POINT('Origin',(-2.03614906098948,52.5242897136583,-1.54533599999999));
#9118=CARTESIAN_POINT('',(0.963850939010524,52.5242897136583,-5.54533599999999));
#9119=CARTESIAN_POINT('Origin',(-2.03614906098948,52.5242897136583,-1.54533599999999));
#9120=CARTESIAN_POINT('Origin',(-40.0385290609895,-39.475709928714,-5.54533599999999));
#9121=CARTESIAN_POINT('Origin',(36.4638509390105,52.5242897136583,-5.54533599999999));
#9122=CARTESIAN_POINT('',(38.1138509390105,52.5242897136583,-1.54533599999999));
#9123=CARTESIAN_POINT('Origin',(36.4638509390105,52.5242897136583,-1.54533599999999));
#9124=CARTESIAN_POINT('',(38.1138509390105,52.5242897136583,-5.54533599999999));
#9125=CARTESIAN_POINT('',(38.1138509390105,52.5242897136583,-5.54533599999999));
#9126=CARTESIAN_POINT('Origin',(36.4638509390105,52.5242897136583,-5.54533599999999));
#9127=CARTESIAN_POINT('Origin',(36.4638509390105,52.5242897136583,-5.54533599999999));
#9128=CARTESIAN_POINT('',(39.4638509390105,52.5242897136583,-1.54533599999999));
#9129=CARTESIAN_POINT('Origin',(36.4638509390105,52.5242897136583,-1.54533599999999));
#9130=CARTESIAN_POINT('',(39.4638509390105,52.5242897136583,-5.54533599999999));
#9131=CARTESIAN_POINT('Origin',(36.4638509390105,52.5242897136583,-1.54533599999999));
#9132=CARTESIAN_POINT('Origin',(-40.0385290609895,-39.475709928714,-5.54533599999999));
#9133=CARTESIAN_POINT('Origin',(-2.03614906098945,100.524290071286,-5.54533599999999));
#9134=CARTESIAN_POINT('',(-0.41114906098945,100.524290071286,-1.54533599999999));
#9135=CARTESIAN_POINT('Origin',(-2.03614906098945,100.524290071286,-1.54533599999999));
#9136=CARTESIAN_POINT('',(-0.41114906098945,100.524290071286,-5.54533599999999));
#9137=CARTESIAN_POINT('',(-0.41114906098945,100.524290071286,-5.54533599999999));
#9138=CARTESIAN_POINT('Origin',(-2.03614906098945,100.524290071286,-5.54533599999999));
#9139=CARTESIAN_POINT('Origin',(-2.03614906098945,100.524290071286,-5.54533599999999));
#9140=CARTESIAN_POINT('',(0.963850939010551,100.524290071286,-1.54533599999999));
#9141=CARTESIAN_POINT('Origin',(-2.03614906098945,100.524290071286,-1.54533599999999));
#9142=CARTESIAN_POINT('',(0.963850939010551,100.524290071286,-5.54533599999999));
#9143=CARTESIAN_POINT('Origin',(-2.03614906098945,100.524290071286,-1.54533599999999));
#9144=CARTESIAN_POINT('Origin',(-42.0385290609896,20.5314403289537,22.4475907834155));
#9145=CARTESIAN_POINT('',(-42.0385290609896,16.2827517560808,22.3420189560231));
#9146=CARTESIAN_POINT('',(-42.0385290609896,24.7801289018267,22.3420189560231));
#9147=CARTESIAN_POINT('Origin',(-42.0385290609896,10.5314403289538,22.4475907834155));
#9148=CARTESIAN_POINT('',(-42.0385290609896,6.28275175608085,22.3420189560231));
#9149=CARTESIAN_POINT('',(-42.0385290609896,14.7801289018267,22.3420189560231));
#9150=CARTESIAN_POINT('Origin',(-42.0385290609896,30.5314403288489,22.447590783238));
#9151=CARTESIAN_POINT('',(-42.0385290609896,26.2827517559715,22.3420189560231));
#9152=CARTESIAN_POINT('Origin',(-42.0385290609896,0.531440328953861,22.4475907834155));
#9153=CARTESIAN_POINT('',(-42.0385290609896,4.7801289018268,22.3420189560231));
#9154=CARTESIAN_POINT('Origin',(42.9638509390107,-39.4757099287139,22.3420189560231));
#9155=CARTESIAN_POINT('Origin',(42.9638509390107,-39.4757099287139,22.3420189560231));
#9156=CARTESIAN_POINT('Origin',(42.9638509390107,-39.4757099287139,22.3420189560231));
#9157=CARTESIAN_POINT('Origin',(37.6190509390106,-24.9723099287139,-5.54533599999999));
#9158=CARTESIAN_POINT('',(39.1815319390106,-24.9723099287139,-1.54533599999999));
#9159=CARTESIAN_POINT('Origin',(37.6190509390106,-24.9723099287139,-1.54533599999999));
#9160=CARTESIAN_POINT('',(39.1815319390106,-24.9723099287139,-5.54533599999999));
#9161=CARTESIAN_POINT('',(39.1815319390106,-24.9723099287139,-5.54533599999999));
#9162=CARTESIAN_POINT('Origin',(37.6190509390106,-24.9723099287139,-5.54533599999999));
#9163=CARTESIAN_POINT('Origin',(37.6190509390106,-24.9723099287139,-5.54533599999999));
#9164=CARTESIAN_POINT('',(40.6190509390106,-24.9723099287139,-1.54533599999999));
#9165=CARTESIAN_POINT('Origin',(37.6190509390106,-24.9723099287139,-1.54533599999999));
#9166=CARTESIAN_POINT('',(40.6190509390106,-24.9723099287139,-5.54533599999999));
#9167=CARTESIAN_POINT('Origin',(37.6190509390106,-24.9723099287139,-1.54533599999999));
#9168=CARTESIAN_POINT('Origin',(-40.0385290609895,-39.475709928714,-5.54533599999999));
#9169=CARTESIAN_POINT('Origin',(37.6190509390105,31.3826700712859,-5.54533599999999));
#9170=CARTESIAN_POINT('',(39.1815319390105,31.3826700712859,-1.54533599999999));
#9171=CARTESIAN_POINT('Origin',(37.6190509390105,31.3826700712859,-1.54533599999999));
#9172=CARTESIAN_POINT('',(39.1815319390105,31.3826700712859,-5.54533599999999));
#9173=CARTESIAN_POINT('',(39.1815319390105,31.3826700712859,-5.54533599999999));
#9174=CARTESIAN_POINT('Origin',(37.6190509390105,31.3826700712859,-5.54533599999999));
#9175=CARTESIAN_POINT('Origin',(37.6190509390105,31.3826700712859,-5.54533599999999));
#9176=CARTESIAN_POINT('',(40.6190509390105,31.3826700712859,-1.54533599999999));
#9177=CARTESIAN_POINT('Origin',(37.6190509390105,31.3826700712859,-1.54533599999999));
#9178=CARTESIAN_POINT('',(40.6190509390105,31.3826700712859,-5.54533599999999));
#9179=CARTESIAN_POINT('Origin',(37.6190509390105,31.3826700712859,-1.54533599999999));
#9180=CARTESIAN_POINT('Origin',(-40.0385290609895,-39.475709928714,-5.54533599999999));
#9181=CARTESIAN_POINT('Origin',(-36.6683290609894,-24.972309928714,-5.54533599999999));
#9182=CARTESIAN_POINT('',(-35.1058480609894,-24.972309928714,-1.54533599999999));
#9183=CARTESIAN_POINT('Origin',(-36.6683290609894,-24.972309928714,-1.54533599999999));
#9184=CARTESIAN_POINT('',(-35.1058480609894,-24.972309928714,-5.54533599999999));
#9185=CARTESIAN_POINT('',(-35.1058480609894,-24.972309928714,-5.54533599999999));
#9186=CARTESIAN_POINT('Origin',(-36.6683290609894,-24.972309928714,-5.54533599999999));
#9187=CARTESIAN_POINT('Origin',(-36.6683290609894,-24.972309928714,-5.54533599999999));
#9188=CARTESIAN_POINT('',(-33.6683290609894,-24.972309928714,-1.54533599999999));
#9189=CARTESIAN_POINT('Origin',(-36.6683290609894,-24.972309928714,-1.54533599999999));
#9190=CARTESIAN_POINT('',(-33.6683290609894,-24.972309928714,-5.54533599999999));
#9191=CARTESIAN_POINT('Origin',(-36.6683290609894,-24.972309928714,-1.54533599999999));
#9192=CARTESIAN_POINT('Origin',(-40.0385290609895,-39.475709928714,-5.54533599999999));
#9193=CARTESIAN_POINT('Origin',(-36.6683290609895,31.3826700712858,-5.54533599999999));
#9194=CARTESIAN_POINT('',(-35.1058480609895,31.3826700712858,-1.54533599999999));
#9195=CARTESIAN_POINT('Origin',(-36.6683290609895,31.3826700712858,-1.54533599999999));
#9196=CARTESIAN_POINT('',(-35.1058480609895,31.3826700712858,-5.54533599999999));
#9197=CARTESIAN_POINT('',(-35.1058480609895,31.3826700712858,-5.54533599999999));
#9198=CARTESIAN_POINT('Origin',(-36.6683290609895,31.3826700712858,-5.54533599999999));
#9199=CARTESIAN_POINT('Origin',(-36.6683290609895,31.3826700712858,-5.54533599999999));
#9200=CARTESIAN_POINT('',(-33.6683290609895,31.3826700712858,-1.54533599999999));
#9201=CARTESIAN_POINT('Origin',(-36.6683290609895,31.3826700712858,-1.54533599999999));
#9202=CARTESIAN_POINT('',(-33.6683290609895,31.3826700712858,-5.54533599999999));
#9203=CARTESIAN_POINT('Origin',(-36.6683290609895,31.3826700712858,-1.54533599999999));
#9204=CARTESIAN_POINT('Origin',(-40.0385290609895,-39.475709928714,-5.54533599999999));
#9205=CARTESIAN_POINT('Origin',(42.9638509390105,10.2109803696825,-0.400000305979992));
#9206=CARTESIAN_POINT('',(42.9638509390105,10.2109803696825,-0.400000305979992));
#9207=CARTESIAN_POINT('',(42.9638509390105,-3.7890196303175,-0.400000305979992));
#9208=CARTESIAN_POINT('Origin',(42.9638509390105,10.2109803696825,3.55000030598001));
#9209=CARTESIAN_POINT('',(42.9638509390105,10.2109803696825,3.55000030598001));
#9210=CARTESIAN_POINT('Origin',(42.9638509390105,-3.7890196303175,3.55000030598001));
#9211=CARTESIAN_POINT('',(42.9638509390105,-3.7890196303175,3.55000030598001));
#9212=CARTESIAN_POINT('Origin',(42.9638509390105,-3.7890196303175,-0.400000305979992));
#9213=CARTESIAN_POINT('Origin',(-40.0385290609895,-39.475709928714,-5.54533599999999));
#9214=CARTESIAN_POINT('Origin',(-20.2747290725345,-39.475709928714,1.31719999599126));
#9215=CARTESIAN_POINT('',(-20.2747290707396,-39.475709928714,0.317199995991266));
#9216=CARTESIAN_POINT('',(-21.2747290725345,-39.475709928714,1.31719999419637));
#9217=CARTESIAN_POINT('Origin',(-20.2747290725345,-39.475709928714,1.31719999599126));
#9218=CARTESIAN_POINT('',(-21.2747290725345,-39.475709928714,1.31719999419637));
#9219=CARTESIAN_POINT('',(-20.2747290707396,-39.475709928714,0.317199995991266));
#9220=CARTESIAN_POINT('Origin',(-15.7747290707396,-39.475709928714,0.317200004068302));
#9221=CARTESIAN_POINT('',(-15.7747290707396,-39.475709928714,0.317200004068302));
#9222=CARTESIAN_POINT('',(-20.2747290707396,-39.475709928714,0.317199995991266));
#9223=CARTESIAN_POINT('',(-15.7747290707396,-39.475709928714,0.317200004068302));
#9224=CARTESIAN_POINT('Origin',(-15.7747290725345,-39.475709928714,1.3172000040683));
#9225=CARTESIAN_POINT('',(-14.7747290725345,-39.475709928714,1.3172000058632));
#9226=CARTESIAN_POINT('Origin',(-15.7747290725345,-39.475709928714,1.3172000040683));
#9227=CARTESIAN_POINT('',(-14.7747290725345,-39.475709928714,1.3172000058632));
#9228=CARTESIAN_POINT('Origin',(-14.7747290942527,-39.475709928714,13.4172000058632));
#9229=CARTESIAN_POINT('',(-14.7747290942527,-39.475709928714,13.4172000058632));
#9230=CARTESIAN_POINT('',(-14.7747290725345,-39.475709928714,1.3172000058632));
#9231=CARTESIAN_POINT('',(-14.7747290942527,-39.475709928714,13.4172000058632));
#9232=CARTESIAN_POINT('Origin',(-15.7747290942527,-39.475709928714,13.4172000040683));
#9233=CARTESIAN_POINT('',(-15.7747290960476,-39.475709928714,14.4172000040683));
#9234=CARTESIAN_POINT('Origin',(-15.7747290942527,-39.475709928714,13.4172000040683));
#9235=CARTESIAN_POINT('',(-15.7747290960476,-39.475709928714,14.4172000040683));
#9236=CARTESIAN_POINT('Origin',(-20.2747290960476,-39.475709928714,14.4171999959913));
#9237=CARTESIAN_POINT('',(-20.2747290960476,-39.475709928714,14.4171999959913));
#9238=CARTESIAN_POINT('',(-15.7747290960476,-39.475709928714,14.4172000040683));
#9239=CARTESIAN_POINT('',(-20.2747290960476,-39.475709928714,14.4171999959913));
#9240=CARTESIAN_POINT('Origin',(-20.2747290942527,-39.475709928714,13.4171999959913));
#9241=CARTESIAN_POINT('',(-21.2747290942527,-39.475709928714,13.4171999941964));
#9242=CARTESIAN_POINT('Origin',(-20.2747290942527,-39.475709928714,13.4171999959913));
#9243=CARTESIAN_POINT('',(-21.2747290942527,-39.475709928714,13.4171999941964));
#9244=CARTESIAN_POINT('Origin',(-21.2747290725345,-39.475709928714,1.31719999419637));
#9245=CARTESIAN_POINT('',(-21.2747290942527,-39.475709928714,13.4171999941964));
#9246=CARTESIAN_POINT('Origin',(18.8721389390106,-39.4757099287139,-0.315999961832012));
#9247=CARTESIAN_POINT('',(18.8721389390106,-39.4757099287139,-0.315999961832012));
#9248=CARTESIAN_POINT('',(2.40213893901065,-39.475709928714,-0.315999961832011));
#9249=CARTESIAN_POINT('',(2.40213893901065,-39.475709928714,-0.31599996183201));
#9250=CARTESIAN_POINT('',(2.40213893901065,-39.475709928714,-0.315999961832011));
#9251=CARTESIAN_POINT('',(18.8721389390106,-39.4757099287139,-0.315999961832012));
#9252=CARTESIAN_POINT('Origin',(18.8721389390106,-39.4757099287139,13.524000038168));
#9253=CARTESIAN_POINT('',(18.8721389390106,-39.4757099287139,13.524000038168));
#9254=CARTESIAN_POINT('',(18.8721389390106,-39.4757099287139,-0.315999961832012));
#9255=CARTESIAN_POINT('',(18.8721389390106,-39.4757099287139,13.524000038168));
#9256=CARTESIAN_POINT('Origin',(2.40213893901065,-39.475709928714,13.524000038168));
#9257=CARTESIAN_POINT('',(2.40213893901065,-39.475709928714,13.524000038168));
#9258=CARTESIAN_POINT('',(18.8721389390106,-39.4757099287139,13.524000038168));
#9259=CARTESIAN_POINT('',(2.40213893901065,-39.475709928714,13.524000038168));
#9260=CARTESIAN_POINT('Origin',(2.40213893901065,-39.475709928714,-0.315999961832012));
#9261=CARTESIAN_POINT('',(2.40213893901065,-39.475709928714,13.524000038168));
#9262=CARTESIAN_POINT('Origin',(34.8084029390106,-39.4757099287139,13.6048000190077));
#9263=CARTESIAN_POINT('',(34.8084029390106,-39.4757099287139,13.6048000190077));
#9264=CARTESIAN_POINT('',(34.8084029390106,-39.4757099287139,-0.295199980992336));
#9265=CARTESIAN_POINT('',(34.8084029390106,-39.4757099287139,-0.295199980992336));
#9266=CARTESIAN_POINT('',(34.8084029390106,-39.4757099287139,-0.295199980992336));
#9267=CARTESIAN_POINT('',(34.8084029390106,-39.4757099287139,13.6048000190077));
#9268=CARTESIAN_POINT('Origin',(20.4084029390106,-39.4757099287139,13.6048000190077));
#9269=CARTESIAN_POINT('',(20.4084029390106,-39.4757099287139,13.6048000190077));
#9270=CARTESIAN_POINT('',(34.8084029390106,-39.4757099287139,13.6048000190077));
#9271=CARTESIAN_POINT('',(20.4084029390106,-39.4757099287139,13.6048000190077));
#9272=CARTESIAN_POINT('Origin',(20.4084029390106,-39.4757099287139,-0.295199980992336));
#9273=CARTESIAN_POINT('',(20.4084029390106,-39.4757099287139,-0.295199980992335));
#9274=CARTESIAN_POINT('',(20.4084029390106,-39.4757099287139,13.6048000190077));
#9275=CARTESIAN_POINT('',(20.4084029390106,-39.4757099287139,-0.295199980992335));
#9276=CARTESIAN_POINT('Origin',(34.8084029390106,-39.4757099287139,-0.295199980992336));
#9277=CARTESIAN_POINT('',(20.4084029390106,-39.4757099287139,-0.295199980992335));
#9278=CARTESIAN_POINT('Origin',(-9.51598306098932,-39.475709928714,4.23615085820688));
#9279=CARTESIAN_POINT('',(-9.51598306098932,-39.475709928714,4.23615085820689));
#9280=CARTESIAN_POINT('',(-9.51598306098983,-39.475709928714,13.6962491418649));
#9281=CARTESIAN_POINT('',(-9.51598306098983,-39.475709928714,13.6962491418649));
#9282=CARTESIAN_POINT('',(-9.51598306098983,-39.475709928714,13.6962491418649));
#9283=CARTESIAN_POINT('',(-9.51598306098932,-39.475709928714,4.23615085820689));
#9284=CARTESIAN_POINT('Origin',(-8.11598306098932,-39.475709928714,4.23615085820688));
#9285=CARTESIAN_POINT('',(-9.06199754091367,-39.475709928714,3.20413506192591));
#9286=CARTESIAN_POINT('Origin',(-8.11598306098932,-39.475709928714,4.23615085820688));
#9287=CARTESIAN_POINT('',(-9.06199754091367,-39.475709928714,3.20413506192591));
#9288=CARTESIAN_POINT('Origin',(-8.20167963079743,-39.475709928714,2.41551031098594));
#9289=CARTESIAN_POINT('',(-8.20167963079743,-39.475709928714,2.41551031098594));
#9290=CARTESIAN_POINT('',(-9.06199754091367,-39.475709928714,3.20413506192591));
#9291=CARTESIAN_POINT('',(-8.20167963079743,-39.475709928714,2.41551031098594));
#9292=CARTESIAN_POINT('Origin',(-8.08455513835619,-39.475709928714,2.04461608492371));
#9293=CARTESIAN_POINT('',(-8.08455513835619,-39.475709928714,2.04461608492371));
#9294=CARTESIAN_POINT('',(-8.20167963079743,-39.475709928714,2.41551031098594));
#9295=CARTESIAN_POINT('',(-8.08455513835619,-39.475709928714,2.04461608492371));
#9296=CARTESIAN_POINT('Origin',(-6.74953940716902,-39.475709928714,2.46620000003588));
#9297=CARTESIAN_POINT('',(-6.74953940716886,-39.475709928714,1.06620000003641));
#9298=CARTESIAN_POINT('Origin',(-6.74953940716902,-39.475709928714,2.46620000003588));
#9299=CARTESIAN_POINT('',(-6.74953940716886,-39.475709928714,1.06620000003641));
#9300=CARTESIAN_POINT('Origin',(-4.56598306098932,-39.475709928714,1.06620000003588));
#9301=CARTESIAN_POINT('',(-4.56598306098932,-39.475709928714,1.06620000003588));
#9302=CARTESIAN_POINT('',(-6.74953940716886,-39.475709928714,1.06620000003641));
#9303=CARTESIAN_POINT('',(-4.56598306098932,-39.475709928714,1.06620000003588));
#9304=CARTESIAN_POINT('Origin',(-4.56598306098932,-39.475709928714,2.46620000003588));
#9305=CARTESIAN_POINT('',(-3.16598306098932,-39.475709928714,2.46620000003588));
#9306=CARTESIAN_POINT('Origin',(-4.56598306098932,-39.475709928714,2.46620000003588));
#9307=CARTESIAN_POINT('',(-3.16598306098932,-39.475709928714,2.46620000003588));
#9308=CARTESIAN_POINT('Origin',(-3.16598306098932,-39.475709928714,15.4662000000359));
#9309=CARTESIAN_POINT('',(-3.16598306098932,-39.475709928714,15.4662000000359));
#9310=CARTESIAN_POINT('',(-3.16598306098932,-39.475709928714,2.46620000003588));
#9311=CARTESIAN_POINT('',(-3.16598306098932,-39.475709928714,15.4662000000359));
#9312=CARTESIAN_POINT('Origin',(-4.56598306098932,-39.475709928714,15.4662000000359));
#9313=CARTESIAN_POINT('',(-4.56598306098932,-39.475709928714,16.8662000000359));
#9314=CARTESIAN_POINT('Origin',(-4.56598306098932,-39.475709928714,15.4662000000359));
#9315=CARTESIAN_POINT('',(-4.56598306098932,-39.475709928714,16.8662000000359));
#9316=CARTESIAN_POINT('Origin',(-6.74953940716902,-39.475709928714,16.8662000000359));
#9317=CARTESIAN_POINT('',(-6.74953940716902,-39.475709928714,16.8662000000359));
#9318=CARTESIAN_POINT('',(-4.56598306098932,-39.475709928714,16.8662000000359));
#9319=CARTESIAN_POINT('',(-6.74953940716902,-39.475709928714,16.8662000000359));
#9320=CARTESIAN_POINT('Origin',(-6.74953940716902,-39.475709928714,15.4662000000359));
#9321=CARTESIAN_POINT('',(-8.08455513835648,-39.475709928714,15.8877839151489));
#9322=CARTESIAN_POINT('Origin',(-6.74953940716902,-39.475709928714,15.4662000000359));
#9323=CARTESIAN_POINT('',(-8.08455513835648,-39.475709928714,15.8877839151489));
#9324=CARTESIAN_POINT('Origin',(-8.20167963079678,-39.475709928714,15.5168896890866));
#9325=CARTESIAN_POINT('',(-8.20167963079678,-39.475709928714,15.5168896890866));
#9326=CARTESIAN_POINT('',(-8.08455513835648,-39.475709928714,15.8877839151489));
#9327=CARTESIAN_POINT('',(-8.20167963079678,-39.475709928714,15.5168896890866));
#9328=CARTESIAN_POINT('Origin',(-9.06199754091388,-39.475709928714,14.7282649381464));
#9329=CARTESIAN_POINT('',(-9.06199754091388,-39.475709928714,14.7282649381464));
#9330=CARTESIAN_POINT('',(-8.20167963079678,-39.475709928714,15.5168896890866));
#9331=CARTESIAN_POINT('',(-9.06199754091388,-39.475709928714,14.7282649381464));
#9332=CARTESIAN_POINT('Origin',(-8.11598306098932,-39.475709928714,13.6962491418649));
#9333=CARTESIAN_POINT('Origin',(-8.11598306098932,-39.475709928714,13.6962491418649));
#9334=CARTESIAN_POINT('Origin',(-42.0385290609894,-39.4757099287141,-7.54533599999999));
#9335=CARTESIAN_POINT('Origin',(0.462660939010622,-39.475709928714,7.39834147801157));
#9336=UNCERTAINTY_MEASURE_WITH_UNIT(LENGTH_MEASURE(0.01),#9340,
'DISTANCE_ACCURACY_VALUE',
'Maximum model space distance between geometric entities at asserted c
onnectivities');
#9337=UNCERTAINTY_MEASURE_WITH_UNIT(LENGTH_MEASURE(0.01),#9340,
'DISTANCE_ACCURACY_VALUE',
'Maximum model space distance between geometric entities at asserted c
onnectivities');
#9338=(
GEOMETRIC_REPRESENTATION_CONTEXT(3)
GLOBAL_UNCERTAINTY_ASSIGNED_CONTEXT((#9336))
GLOBAL_UNIT_ASSIGNED_CONTEXT((#9340,#9342,#9343))
REPRESENTATION_CONTEXT('','3D')
);
#9339=(
GEOMETRIC_REPRESENTATION_CONTEXT(3)
GLOBAL_UNCERTAINTY_ASSIGNED_CONTEXT((#9337))
GLOBAL_UNIT_ASSIGNED_CONTEXT((#9340,#9342,#9343))
REPRESENTATION_CONTEXT('','3D')
);
#9340=(
LENGTH_UNIT()
NAMED_UNIT(*)
SI_UNIT(.MILLI.,.METRE.)
);
#9341=(
LENGTH_UNIT()
NAMED_UNIT(*)
SI_UNIT($,.METRE.)
);
#9342=(
NAMED_UNIT(*)
PLANE_ANGLE_UNIT()
SI_UNIT($,.RADIAN.)
);
#9343=(
NAMED_UNIT(*)
SI_UNIT($,.STERADIAN.)
SOLID_ANGLE_UNIT()
);
#9344=SHAPE_DEFINITION_REPRESENTATION(#9345,#9346);
#9345=PRODUCT_DEFINITION_SHAPE('',$,#9348);
#9346=SHAPE_REPRESENTATION('',(#5433),#9338);
#9347=PRODUCT_DEFINITION_CONTEXT('part definition',#9352,'design');
#9348=PRODUCT_DEFINITION('2026-08-26-12-48-29-124','Enclosure Base',#9349,
#9347);
#9349=PRODUCT_DEFINITION_FORMATION('',$,#9354);
#9350=PRODUCT_RELATED_PRODUCT_CATEGORY('Enclosure Base',
'Enclosure Base',(#9354));
#9351=APPLICATION_PROTOCOL_DEFINITION('international standard',
'automotive_design',2009,#9352);
#9352=APPLICATION_CONTEXT(
'Core Data for Automotive Mechanical Design Process');
#9353=PRODUCT_CONTEXT('part definition',#9352,'mechanical');
#9354=PRODUCT('2026-08-26-12-48-29-124','Enclosure Base',$,(#9353));
#9355=PRESENTATION_STYLE_ASSIGNMENT((#9356));
#9356=SURFACE_STYLE_USAGE(.BOTH.,#9357);
#9357=SURFACE_SIDE_STYLE('',(#9358));
#9358=SURFACE_STYLE_FILL_AREA(#9359);
#9359=FILL_AREA_STYLE('Steel - Satin',(#9360));
#9360=FILL_AREA_STYLE_COLOUR('Steel - Satin',#9361);
#9361=COLOUR_RGB('Steel - Satin',0.627450980392157,0.627450980392157,0.627450980392157);
ENDSEC;
END-ISO-10303-21;
