ISO-10303-21;
HEADER;
/* Generated by software containing ST-Developer
 * from STEP Tools, Inc. (www.steptools.com) 
 */

FILE_DESCRIPTION(
/* description */ (''),
/* implementation_level */ '2;1');

FILE_NAME(
/* name */ 'MY-CAM Holder bottom.step',
/* time_stamp */ '2026-08-25T12:52:43-05:00',
/* author */ (''),
/* organization */ (''),
/* preprocessor_version */ 'ST-DEVELOPER v20.1',
/* originating_system */ 'Autodesk Translation Framework v15.8.0.0',
/* authorisation */ '');

FILE_SCHEMA (('AUTOMOTIVE_DESIGN { 1 0 10303 214 3 1 1 }'));
ENDSEC;

DATA;
#10=MECHANICAL_DESIGN_GEOMETRIC_PRESENTATION_REPRESENTATION('',(#13),#3168);
#11=SHAPE_REPRESENTATION_RELATIONSHIP('SRR','None',#3175,#12);
#12=ADVANCED_BREP_SHAPE_REPRESENTATION('',(#14),#3167);
#13=STYLED_ITEM('',(#3184),#14);
#14=MANIFOLD_SOLID_BREP('Body1',#1859);
#15=CONICAL_SURFACE('',#1950,0.75,1.02974425867665);
#16=FACE_BOUND('',#283,.T.);
#17=FACE_BOUND('',#284,.T.);
#18=FACE_BOUND('',#285,.T.);
#19=FACE_BOUND('',#286,.T.);
#20=FACE_BOUND('',#287,.T.);
#21=FACE_BOUND('',#289,.T.);
#22=FACE_BOUND('',#290,.T.);
#23=FACE_BOUND('',#291,.T.);
#24=FACE_BOUND('',#292,.T.);
#25=FACE_BOUND('',#306,.T.);
#26=FACE_BOUND('',#323,.T.);
#27=FACE_BOUND('',#332,.T.);
#28=FACE_BOUND('',#338,.T.);
#29=FACE_BOUND('',#347,.T.);
#30=FACE_BOUND('',#355,.T.);
#31=FACE_BOUND('',#357,.T.);
#32=FACE_BOUND('',#367,.T.);
#33=FACE_BOUND('',#376,.T.);
#34=CIRCLE('',#1875,2.74999999999999);
#35=CIRCLE('',#1876,2.74999999999999);
#36=CIRCLE('',#1877,2.74999999999999);
#37=CIRCLE('',#1878,2.74999999484109);
#38=CIRCLE('',#1879,2.74999999484109);
#39=CIRCLE('',#1882,3.);
#40=CIRCLE('',#1883,3.);
#41=CIRCLE('',#1886,0.5);
#42=CIRCLE('',#1887,0.5);
#43=CIRCLE('',#1889,8.5);
#44=CIRCLE('',#1890,8.5);
#45=CIRCLE('',#1893,2.5);
#46=CIRCLE('',#1894,2.5);
#47=CIRCLE('',#1895,2.5);
#48=CIRCLE('',#1899,0.5);
#49=CIRCLE('',#1900,0.5);
#50=CIRCLE('',#1903,8.5);
#51=CIRCLE('',#1904,8.5);
#52=CIRCLE('',#1907,2.75);
#53=CIRCLE('',#1909,2.75);
#54=CIRCLE('',#1910,2.75);
#55=CIRCLE('',#1912,2.75);
#56=CIRCLE('',#1913,2.75000000000001);
#57=CIRCLE('',#1914,2.75);
#58=CIRCLE('',#1915,2.75);
#59=CIRCLE('',#1916,2.75);
#60=CIRCLE('',#1917,2.75000000000001);
#61=CIRCLE('',#1919,2.74999999999999);
#62=CIRCLE('',#1920,2.74999999999999);
#63=CIRCLE('',#1921,2.74999999999999);
#64=CIRCLE('',#1922,2.74999999999999);
#65=CIRCLE('',#1925,8.5);
#66=CIRCLE('',#1926,8.5);
#67=CIRCLE('',#1927,2.75);
#68=CIRCLE('',#1928,2.5);
#69=CIRCLE('',#1929,1.5);
#70=CIRCLE('',#1930,1.5);
#71=CIRCLE('',#1931,1.5);
#72=CIRCLE('',#1932,1.5);
#73=CIRCLE('',#1934,2.5);
#74=CIRCLE('',#1935,2.75);
#75=CIRCLE('',#1936,2.7499325430305);
#76=CIRCLE('',#1937,2.75);
#77=CIRCLE('',#1938,8.5);
#78=CIRCLE('',#1939,8.5);
#79=CIRCLE('',#1940,1.5);
#80=CIRCLE('',#1941,1.5);
#81=CIRCLE('',#1942,1.5);
#82=CIRCLE('',#1951,1.5);
#83=CIRCLE('',#1952,1.25);
#84=CIRCLE('',#1954,1.5);
#85=CIRCLE('',#1956,1.25);
#86=CIRCLE('',#1976,2.75000000000001);
#87=CIRCLE('',#1977,2.75);
#88=CIRCLE('',#1978,1.75);
#89=CIRCLE('',#1981,2.75000000000001);
#90=CIRCLE('',#1985,2.75);
#91=CIRCLE('',#1986,2.75);
#92=CIRCLE('',#1988,2.75);
#93=CIRCLE('',#1990,1.75);
#94=CIRCLE('',#1996,2.7499325430305);
#95=CIRCLE('',#1998,2.75);
#96=CIRCLE('',#1999,2.75);
#97=CIRCLE('',#2000,2.75);
#98=CIRCLE('',#2001,2.75);
#99=CIRCLE('',#2002,1.75);
#100=CIRCLE('',#2004,2.75);
#101=CIRCLE('',#2006,2.75);
#102=CIRCLE('',#2010,2.75);
#103=CIRCLE('',#2012,1.75);
#104=CIRCLE('',#2014,2.75);
#105=CIRCLE('',#2020,2.75);
#106=CIRCLE('',#2022,1.75);
#107=CIRCLE('',#2023,1.75);
#108=CIRCLE('',#2025,2.75);
#109=CIRCLE('',#2026,2.75);
#110=CIRCLE('',#2027,2.75);
#111=CIRCLE('',#2031,1.5);
#112=CIRCLE('',#2034,2.7499765354698);
#113=CIRCLE('',#2035,2.74999999933005);
#114=CIRCLE('',#2036,2.7499765354698);
#115=CIRCLE('',#2037,2.75);
#116=CIRCLE('',#2041,2.75);
#117=CIRCLE('',#2043,2.7499765354698);
#118=CIRCLE('',#2045,2.7499765354698);
#119=CIRCLE('',#2047,2.75);
#120=CIRCLE('',#2048,2.74999999999999);
#121=CIRCLE('',#2049,2.74999999999999);
#122=CIRCLE('',#2050,1.75);
#123=CIRCLE('',#2052,2.74999999999999);
#124=CIRCLE('',#2056,2.74999999999999);
#125=CIRCLE('',#2058,2.75);
#126=CIRCLE('',#2059,2.75);
#127=CIRCLE('',#2061,2.75);
#128=CIRCLE('',#2063,1.75);
#129=CYLINDRICAL_SURFACE('',#1874,2.74999999999999);
#130=CYLINDRICAL_SURFACE('',#1881,3.);
#131=CYLINDRICAL_SURFACE('',#1885,0.5);
#132=CYLINDRICAL_SURFACE('',#1888,8.5);
#133=CYLINDRICAL_SURFACE('',#1892,2.5);
#134=CYLINDRICAL_SURFACE('',#1898,0.5);
#135=CYLINDRICAL_SURFACE('',#1902,8.5);
#136=CYLINDRICAL_SURFACE('',#1908,2.75);
#137=CYLINDRICAL_SURFACE('',#1911,2.75);
#138=CYLINDRICAL_SURFACE('',#1918,2.74999999999999);
#139=CYLINDRICAL_SURFACE('',#1953,1.5);
#140=CYLINDRICAL_SURFACE('',#1955,1.25);
#141=CYLINDRICAL_SURFACE('',#1963,8.5);
#142=CYLINDRICAL_SURFACE('',#1964,8.5);
#143=CYLINDRICAL_SURFACE('',#1965,2.5);
#144=CYLINDRICAL_SURFACE('',#1967,1.5);
#145=CYLINDRICAL_SURFACE('',#1968,1.5);
#146=CYLINDRICAL_SURFACE('',#1969,1.5);
#147=CYLINDRICAL_SURFACE('',#1980,2.75000000000001);
#148=CYLINDRICAL_SURFACE('',#1987,2.75);
#149=CYLINDRICAL_SURFACE('',#1989,1.75);
#150=CYLINDRICAL_SURFACE('',#1994,2.75);
#151=CYLINDRICAL_SURFACE('',#1995,2.7499325430305);
#152=CYLINDRICAL_SURFACE('',#2003,2.75);
#153=CYLINDRICAL_SURFACE('',#2005,2.75);
#154=CYLINDRICAL_SURFACE('',#2011,1.75);
#155=CYLINDRICAL_SURFACE('',#2013,2.75);
#156=CYLINDRICAL_SURFACE('',#2021,1.75);
#157=CYLINDRICAL_SURFACE('',#2024,2.75);
#158=CYLINDRICAL_SURFACE('',#2030,1.5);
#159=CYLINDRICAL_SURFACE('',#2040,2.75);
#160=CYLINDRICAL_SURFACE('',#2044,2.7499765354698);
#161=CYLINDRICAL_SURFACE('',#2051,2.74999999999999);
#162=CYLINDRICAL_SURFACE('',#2055,2.74999999999999);
#163=CYLINDRICAL_SURFACE('',#2060,2.75);
#164=CYLINDRICAL_SURFACE('',#2062,1.75);
#165=FACE_OUTER_BOUND('',#262,.T.);
#166=FACE_OUTER_BOUND('',#263,.T.);
#167=FACE_OUTER_BOUND('',#264,.T.);
#168=FACE_OUTER_BOUND('',#265,.T.);
#169=FACE_OUTER_BOUND('',#266,.T.);
#170=FACE_OUTER_BOUND('',#267,.T.);
#171=FACE_OUTER_BOUND('',#268,.T.);
#172=FACE_OUTER_BOUND('',#269,.T.);
#173=FACE_OUTER_BOUND('',#270,.T.);
#174=FACE_OUTER_BOUND('',#271,.T.);
#175=FACE_OUTER_BOUND('',#272,.T.);
#176=FACE_OUTER_BOUND('',#273,.T.);
#177=FACE_OUTER_BOUND('',#274,.T.);
#178=FACE_OUTER_BOUND('',#275,.T.);
#179=FACE_OUTER_BOUND('',#276,.T.);
#180=FACE_OUTER_BOUND('',#277,.T.);
#181=FACE_OUTER_BOUND('',#278,.T.);
#182=FACE_OUTER_BOUND('',#279,.T.);
#183=FACE_OUTER_BOUND('',#280,.T.);
#184=FACE_OUTER_BOUND('',#281,.T.);
#185=FACE_OUTER_BOUND('',#282,.T.);
#186=FACE_OUTER_BOUND('',#288,.T.);
#187=FACE_OUTER_BOUND('',#293,.T.);
#188=FACE_OUTER_BOUND('',#294,.T.);
#189=FACE_OUTER_BOUND('',#295,.T.);
#190=FACE_OUTER_BOUND('',#296,.T.);
#191=FACE_OUTER_BOUND('',#297,.T.);
#192=FACE_OUTER_BOUND('',#298,.T.);
#193=FACE_OUTER_BOUND('',#299,.T.);
#194=FACE_OUTER_BOUND('',#300,.T.);
#195=FACE_OUTER_BOUND('',#301,.T.);
#196=FACE_OUTER_BOUND('',#302,.T.);
#197=FACE_OUTER_BOUND('',#303,.T.);
#198=FACE_OUTER_BOUND('',#304,.T.);
#199=FACE_OUTER_BOUND('',#305,.T.);
#200=FACE_OUTER_BOUND('',#307,.T.);
#201=FACE_OUTER_BOUND('',#308,.T.);
#202=FACE_OUTER_BOUND('',#309,.T.);
#203=FACE_OUTER_BOUND('',#310,.T.);
#204=FACE_OUTER_BOUND('',#311,.T.);
#205=FACE_OUTER_BOUND('',#312,.T.);
#206=FACE_OUTER_BOUND('',#313,.T.);
#207=FACE_OUTER_BOUND('',#314,.T.);
#208=FACE_OUTER_BOUND('',#315,.T.);
#209=FACE_OUTER_BOUND('',#316,.T.);
#210=FACE_OUTER_BOUND('',#317,.T.);
#211=FACE_OUTER_BOUND('',#318,.T.);
#212=FACE_OUTER_BOUND('',#319,.T.);
#213=FACE_OUTER_BOUND('',#320,.T.);
#214=FACE_OUTER_BOUND('',#321,.T.);
#215=FACE_OUTER_BOUND('',#322,.T.);
#216=FACE_OUTER_BOUND('',#324,.T.);
#217=FACE_OUTER_BOUND('',#325,.T.);
#218=FACE_OUTER_BOUND('',#326,.T.);
#219=FACE_OUTER_BOUND('',#327,.T.);
#220=FACE_OUTER_BOUND('',#328,.T.);
#221=FACE_OUTER_BOUND('',#329,.T.);
#222=FACE_OUTER_BOUND('',#330,.T.);
#223=FACE_OUTER_BOUND('',#331,.T.);
#224=FACE_OUTER_BOUND('',#333,.T.);
#225=FACE_OUTER_BOUND('',#334,.T.);
#226=FACE_OUTER_BOUND('',#335,.T.);
#227=FACE_OUTER_BOUND('',#336,.T.);
#228=FACE_OUTER_BOUND('',#337,.T.);
#229=FACE_OUTER_BOUND('',#339,.T.);
#230=FACE_OUTER_BOUND('',#340,.T.);
#231=FACE_OUTER_BOUND('',#341,.T.);
#232=FACE_OUTER_BOUND('',#342,.T.);
#233=FACE_OUTER_BOUND('',#343,.T.);
#234=FACE_OUTER_BOUND('',#344,.T.);
#235=FACE_OUTER_BOUND('',#345,.T.);
#236=FACE_OUTER_BOUND('',#346,.T.);
#237=FACE_OUTER_BOUND('',#348,.T.);
#238=FACE_OUTER_BOUND('',#349,.T.);
#239=FACE_OUTER_BOUND('',#350,.T.);
#240=FACE_OUTER_BOUND('',#351,.T.);
#241=FACE_OUTER_BOUND('',#352,.T.);
#242=FACE_OUTER_BOUND('',#353,.T.);
#243=FACE_OUTER_BOUND('',#354,.T.);
#244=FACE_OUTER_BOUND('',#356,.T.);
#245=FACE_OUTER_BOUND('',#358,.T.);
#246=FACE_OUTER_BOUND('',#359,.T.);
#247=FACE_OUTER_BOUND('',#360,.T.);
#248=FACE_OUTER_BOUND('',#361,.T.);
#249=FACE_OUTER_BOUND('',#362,.T.);
#250=FACE_OUTER_BOUND('',#363,.T.);
#251=FACE_OUTER_BOUND('',#364,.T.);
#252=FACE_OUTER_BOUND('',#365,.T.);
#253=FACE_OUTER_BOUND('',#366,.T.);
#254=FACE_OUTER_BOUND('',#368,.T.);
#255=FACE_OUTER_BOUND('',#369,.T.);
#256=FACE_OUTER_BOUND('',#370,.T.);
#257=FACE_OUTER_BOUND('',#371,.T.);
#258=FACE_OUTER_BOUND('',#372,.T.);
#259=FACE_OUTER_BOUND('',#373,.T.);
#260=FACE_OUTER_BOUND('',#374,.T.);
#261=FACE_OUTER_BOUND('',#375,.T.);
#262=EDGE_LOOP('',(#1166,#1167,#1168,#1169));
#263=EDGE_LOOP('',(#1170,#1171,#1172,#1173,#1174,#1175,#1176,#1177,#1178,
#1179));
#264=EDGE_LOOP('',(#1180,#1181,#1182,#1183));
#265=EDGE_LOOP('',(#1184,#1185,#1186,#1187));
#266=EDGE_LOOP('',(#1188,#1189,#1190,#1191));
#267=EDGE_LOOP('',(#1192,#1193,#1194,#1195));
#268=EDGE_LOOP('',(#1196,#1197,#1198,#1199));
#269=EDGE_LOOP('',(#1200,#1201,#1202,#1203,#1204,#1205,#1206,#1207));
#270=EDGE_LOOP('',(#1208,#1209,#1210,#1211,#1212));
#271=EDGE_LOOP('',(#1213,#1214,#1215,#1216));
#272=EDGE_LOOP('',(#1217,#1218,#1219,#1220));
#273=EDGE_LOOP('',(#1221,#1222,#1223,#1224));
#274=EDGE_LOOP('',(#1225,#1226,#1227,#1228));
#275=EDGE_LOOP('',(#1229,#1230,#1231,#1232));
#276=EDGE_LOOP('',(#1233,#1234,#1235,#1236,#1237));
#277=EDGE_LOOP('',(#1238,#1239,#1240,#1241,#1242));
#278=EDGE_LOOP('',(#1243,#1244,#1245,#1246));
#279=EDGE_LOOP('',(#1247,#1248,#1249,#1250,#1251,#1252,#1253,#1254,#1255,
#1256,#1257,#1258,#1259));
#280=EDGE_LOOP('',(#1260,#1261,#1262,#1263,#1264,#1265,#1266,#1267));
#281=EDGE_LOOP('',(#1268,#1269,#1270,#1271));
#282=EDGE_LOOP('',(#1272,#1273,#1274,#1275,#1276,#1277,#1278,#1279,#1280,
#1281,#1282,#1283,#1284,#1285,#1286,#1287,#1288,#1289,#1290,#1291,#1292,
#1293,#1294,#1295,#1296,#1297,#1298,#1299,#1300,#1301,#1302));
#283=EDGE_LOOP('',(#1303));
#284=EDGE_LOOP('',(#1304));
#285=EDGE_LOOP('',(#1305));
#286=EDGE_LOOP('',(#1306));
#287=EDGE_LOOP('',(#1307,#1308,#1309,#1310));
#288=EDGE_LOOP('',(#1311,#1312,#1313,#1314,#1315,#1316,#1317,#1318,#1319,
#1320,#1321,#1322,#1323,#1324,#1325,#1326,#1327,#1328,#1329,#1330,#1331,
#1332,#1333,#1334,#1335,#1336,#1337,#1338,#1339,#1340,#1341,#1342,#1343,
#1344,#1345,#1346,#1347,#1348,#1349,#1350,#1351,#1352,#1353));
#289=EDGE_LOOP('',(#1354));
#290=EDGE_LOOP('',(#1355));
#291=EDGE_LOOP('',(#1356,#1357,#1358,#1359));
#292=EDGE_LOOP('',(#1360));
#293=EDGE_LOOP('',(#1361,#1362,#1363,#1364));
#294=EDGE_LOOP('',(#1365,#1366,#1367,#1368));
#295=EDGE_LOOP('',(#1369,#1370,#1371,#1372));
#296=EDGE_LOOP('',(#1373,#1374,#1375,#1376,#1377,#1378));
#297=EDGE_LOOP('',(#1379,#1380,#1381,#1382));
#298=EDGE_LOOP('',(#1383,#1384,#1385,#1386));
#299=EDGE_LOOP('',(#1387,#1388,#1389,#1390));
#300=EDGE_LOOP('',(#1391,#1392,#1393,#1394));
#301=EDGE_LOOP('',(#1395,#1396,#1397,#1398));
#302=EDGE_LOOP('',(#1399,#1400,#1401,#1402));
#303=EDGE_LOOP('',(#1403));
#304=EDGE_LOOP('',(#1404,#1405,#1406,#1407));
#305=EDGE_LOOP('',(#1408,#1409,#1410,#1411));
#306=EDGE_LOOP('',(#1412));
#307=EDGE_LOOP('',(#1413,#1414,#1415,#1416));
#308=EDGE_LOOP('',(#1417,#1418,#1419,#1420));
#309=EDGE_LOOP('',(#1421,#1422,#1423,#1424,#1425,#1426));
#310=EDGE_LOOP('',(#1427,#1428,#1429,#1430));
#311=EDGE_LOOP('',(#1431,#1432,#1433,#1434));
#312=EDGE_LOOP('',(#1435,#1436,#1437,#1438));
#313=EDGE_LOOP('',(#1439,#1440,#1441,#1442));
#314=EDGE_LOOP('',(#1443,#1444,#1445,#1446));
#315=EDGE_LOOP('',(#1447,#1448,#1449,#1450));
#316=EDGE_LOOP('',(#1451,#1452,#1453,#1454));
#317=EDGE_LOOP('',(#1455,#1456,#1457,#1458));
#318=EDGE_LOOP('',(#1459,#1460,#1461,#1462));
#319=EDGE_LOOP('',(#1463,#1464,#1465,#1466));
#320=EDGE_LOOP('',(#1467,#1468,#1469,#1470));
#321=EDGE_LOOP('',(#1471,#1472,#1473,#1474));
#322=EDGE_LOOP('',(#1475,#1476,#1477,#1478,#1479,#1480));
#323=EDGE_LOOP('',(#1481));
#324=EDGE_LOOP('',(#1482,#1483,#1484,#1485));
#325=EDGE_LOOP('',(#1486,#1487,#1488,#1489));
#326=EDGE_LOOP('',(#1490,#1491,#1492,#1493));
#327=EDGE_LOOP('',(#1494,#1495,#1496,#1497));
#328=EDGE_LOOP('',(#1498,#1499,#1500,#1501,#1502,#1503,#1504));
#329=EDGE_LOOP('',(#1505,#1506,#1507,#1508,#1509,#1510,#1511,#1512));
#330=EDGE_LOOP('',(#1513,#1514,#1515,#1516));
#331=EDGE_LOOP('',(#1517));
#332=EDGE_LOOP('',(#1518));
#333=EDGE_LOOP('',(#1519,#1520,#1521,#1522));
#334=EDGE_LOOP('',(#1523,#1524,#1525,#1526));
#335=EDGE_LOOP('',(#1527,#1528,#1529,#1530,#1531));
#336=EDGE_LOOP('',(#1532,#1533,#1534,#1535));
#337=EDGE_LOOP('',(#1536,#1537,#1538,#1539,#1540,#1541,#1542));
#338=EDGE_LOOP('',(#1543));
#339=EDGE_LOOP('',(#1544,#1545,#1546,#1547));
#340=EDGE_LOOP('',(#1548,#1549,#1550,#1551));
#341=EDGE_LOOP('',(#1552,#1553,#1554,#1555));
#342=EDGE_LOOP('',(#1556,#1557,#1558,#1559));
#343=EDGE_LOOP('',(#1560,#1561,#1562,#1563,#1564));
#344=EDGE_LOOP('',(#1565,#1566,#1567,#1568));
#345=EDGE_LOOP('',(#1569,#1570,#1571,#1572,#1573,#1574,#1575,#1576));
#346=EDGE_LOOP('',(#1577));
#347=EDGE_LOOP('',(#1578));
#348=EDGE_LOOP('',(#1579,#1580,#1581));
#349=EDGE_LOOP('',(#1582,#1583,#1584,#1585,#1586,#1587));
#350=EDGE_LOOP('',(#1588,#1589,#1590,#1591));
#351=EDGE_LOOP('',(#1592,#1593,#1594,#1595,#1596));
#352=EDGE_LOOP('',(#1597,#1598,#1599,#1600));
#353=EDGE_LOOP('',(#1601,#1602,#1603,#1604,#1605,#1606,#1607,#1608));
#354=EDGE_LOOP('',(#1609,#1610,#1611,#1612,#1613));
#355=EDGE_LOOP('',(#1614));
#356=EDGE_LOOP('',(#1615));
#357=EDGE_LOOP('',(#1616));
#358=EDGE_LOOP('',(#1617,#1618,#1619,#1620));
#359=EDGE_LOOP('',(#1621));
#360=EDGE_LOOP('',(#1622,#1623,#1624,#1625,#1626,#1627,#1628,#1629));
#361=EDGE_LOOP('',(#1630,#1631,#1632,#1633,#1634,#1635));
#362=EDGE_LOOP('',(#1636,#1637,#1638,#1639,#1640));
#363=EDGE_LOOP('',(#1641,#1642,#1643,#1644,#1645));
#364=EDGE_LOOP('',(#1646,#1647,#1648));
#365=EDGE_LOOP('',(#1649,#1650,#1651,#1652,#1653,#1654));
#366=EDGE_LOOP('',(#1655,#1656,#1657,#1658,#1659,#1660));
#367=EDGE_LOOP('',(#1661));
#368=EDGE_LOOP('',(#1662,#1663,#1664,#1665,#1666,#1667));
#369=EDGE_LOOP('',(#1668,#1669,#1670,#1671,#1672,#1673));
#370=EDGE_LOOP('',(#1674,#1675,#1676,#1677));
#371=EDGE_LOOP('',(#1678,#1679,#1680,#1681));
#372=EDGE_LOOP('',(#1682,#1683,#1684,#1685,#1686,#1687));
#373=EDGE_LOOP('',(#1688,#1689,#1690,#1691,#1692,#1693,#1694,#1695));
#374=EDGE_LOOP('',(#1696,#1697,#1698,#1699));
#375=EDGE_LOOP('',(#1700));
#376=EDGE_LOOP('',(#1701));
#377=LINE('',#2628,#550);
#378=LINE('',#2630,#551);
#379=LINE('',#2632,#552);
#380=LINE('',#2633,#553);
#381=LINE('',#2638,#554);
#382=LINE('',#2642,#555);
#383=LINE('',#2646,#556);
#384=LINE('',#2650,#557);
#385=LINE('',#2654,#558);
#386=LINE('',#2656,#559);
#387=LINE('',#2657,#560);
#388=LINE('',#2662,#561);
#389=LINE('',#2666,#562);
#390=LINE('',#2668,#563);
#391=LINE('',#2669,#564);
#392=LINE('',#2674,#565);
#393=LINE('',#2681,#566);
#394=LINE('',#2684,#567);
#395=LINE('',#2687,#568);
#396=LINE('',#2689,#569);
#397=LINE('',#2691,#570);
#398=LINE('',#2693,#571);
#399=LINE('',#2695,#572);
#400=LINE('',#2697,#573);
#401=LINE('',#2698,#574);
#402=LINE('',#2704,#575);
#403=LINE('',#2709,#576);
#404=LINE('',#2713,#577);
#405=LINE('',#2715,#578);
#406=LINE('',#2717,#579);
#407=LINE('',#2718,#580);
#408=LINE('',#2722,#581);
#409=LINE('',#2724,#582);
#410=LINE('',#2726,#583);
#411=LINE('',#2727,#584);
#412=LINE('',#2732,#585);
#413=LINE('',#2736,#586);
#414=LINE('',#2738,#587);
#415=LINE('',#2739,#588);
#416=LINE('',#2744,#589);
#417=LINE('',#2748,#590);
#418=LINE('',#2750,#591);
#419=LINE('',#2752,#592);
#420=LINE('',#2753,#593);
#421=LINE('',#2756,#594);
#422=LINE('',#2759,#595);
#423=LINE('',#2763,#596);
#424=LINE('',#2767,#597);
#425=LINE('',#2772,#598);
#426=LINE('',#2776,#599);
#427=LINE('',#2778,#600);
#428=LINE('',#2782,#601);
#429=LINE('',#2786,#602);
#430=LINE('',#2790,#603);
#431=LINE('',#2798,#604);
#432=LINE('',#2802,#605);
#433=LINE('',#2807,#606);
#434=LINE('',#2808,#607);
#435=LINE('',#2809,#608);
#436=LINE('',#2812,#609);
#437=LINE('',#2813,#610);
#438=LINE('',#2815,#611);
#439=LINE('',#2820,#612);
#440=LINE('',#2823,#613);
#441=LINE('',#2824,#614);
#442=LINE('',#2826,#615);
#443=LINE('',#2829,#616);
#444=LINE('',#2831,#617);
#445=LINE('',#2832,#618);
#446=LINE('',#2843,#619);
#447=LINE('',#2845,#620);
#448=LINE('',#2847,#621);
#449=LINE('',#2848,#622);
#450=LINE('',#2850,#623);
#451=LINE('',#2851,#624);
#452=LINE('',#2853,#625);
#453=LINE('',#2856,#626);
#454=LINE('',#2857,#627);
#455=LINE('',#2859,#628);
#456=LINE('',#2866,#629);
#457=LINE('',#2870,#630);
#458=LINE('',#2871,#631);
#459=LINE('',#2873,#632);
#460=LINE('',#2875,#633);
#461=LINE('',#2876,#634);
#462=LINE('',#2878,#635);
#463=LINE('',#2880,#636);
#464=LINE('',#2881,#637);
#465=LINE('',#2888,#638);
#466=LINE('',#2890,#639);
#467=LINE('',#2892,#640);
#468=LINE('',#2893,#641);
#469=LINE('',#2897,#642);
#470=LINE('',#2899,#643);
#471=LINE('',#2903,#644);
#472=LINE('',#2905,#645);
#473=LINE('',#2907,#646);
#474=LINE('',#2908,#647);
#475=LINE('',#2910,#648);
#476=LINE('',#2911,#649);
#477=LINE('',#2913,#650);
#478=LINE('',#2915,#651);
#479=LINE('',#2920,#652);
#480=LINE('',#2925,#653);
#481=LINE('',#2928,#654);
#482=LINE('',#2933,#655);
#483=LINE('',#2934,#656);
#484=LINE('',#2937,#657);
#485=LINE('',#2938,#658);
#486=LINE('',#2941,#659);
#487=LINE('',#2942,#660);
#488=LINE('',#2944,#661);
#489=LINE('',#2947,#662);
#490=LINE('',#2949,#663);
#491=LINE('',#2951,#664);
#492=LINE('',#2954,#665);
#493=LINE('',#2956,#666);
#494=LINE('',#2958,#667);
#495=LINE('',#2960,#668);
#496=LINE('',#2969,#669);
#497=LINE('',#2972,#670);
#498=LINE('',#2977,#671);
#499=LINE('',#2978,#672);
#500=LINE('',#2982,#673);
#501=LINE('',#2985,#674);
#502=LINE('',#2986,#675);
#503=LINE('',#2989,#676);
#504=LINE('',#2990,#677);
#505=LINE('',#2997,#678);
#506=LINE('',#3001,#679);
#507=LINE('',#3005,#680);
#508=LINE('',#3007,#681);
#509=LINE('',#3011,#682);
#510=LINE('',#3019,#683);
#511=LINE('',#3024,#684);
#512=LINE('',#3029,#685);
#513=LINE('',#3032,#686);
#514=LINE('',#3036,#687);
#515=LINE('',#3039,#688);
#516=LINE('',#3040,#689);
#517=LINE('',#3043,#690);
#518=LINE('',#3044,#691);
#519=LINE('',#3049,#692);
#520=LINE('',#3053,#693);
#521=LINE('',#3057,#694);
#522=LINE('',#3060,#695);
#523=LINE('',#3062,#696);
#524=LINE('',#3063,#697);
#525=LINE('',#3066,#698);
#526=LINE('',#3068,#699);
#527=LINE('',#3069,#700);
#528=LINE('',#3076,#701);
#529=LINE('',#3082,#702);
#530=LINE('',#3089,#703);
#531=LINE('',#3099,#704);
#532=LINE('',#3102,#705);
#533=LINE('',#3104,#706);
#534=LINE('',#3108,#707);
#535=LINE('',#3109,#708);
#536=LINE('',#3111,#709);
#537=LINE('',#3120,#710);
#538=LINE('',#3121,#711);
#539=LINE('',#3124,#712);
#540=LINE('',#3128,#713);
#541=LINE('',#3136,#714);
#542=LINE('',#3139,#715);
#543=LINE('',#3142,#716);
#544=LINE('',#3143,#717);
#545=LINE('',#3146,#718);
#546=LINE('',#3148,#719);
#547=LINE('',#3149,#720);
#548=LINE('',#3158,#721);
#549=LINE('',#3162,#722);
#550=VECTOR('',#2069,10.);
#551=VECTOR('',#2070,10.);
#552=VECTOR('',#2071,10.);
#553=VECTOR('',#2072,10.);
#554=VECTOR('',#2077,10.);
#555=VECTOR('',#2080,10.);
#556=VECTOR('',#2083,10.);
#557=VECTOR('',#2086,10.);
#558=VECTOR('',#2091,10.);
#559=VECTOR('',#2092,10.);
#560=VECTOR('',#2093,10.);
#561=VECTOR('',#2098,10.);
#562=VECTOR('',#2103,10.);
#563=VECTOR('',#2104,10.);
#564=VECTOR('',#2105,10.);
#565=VECTOR('',#2110,10.);
#566=VECTOR('',#2117,10.);
#567=VECTOR('',#2120,10.);
#568=VECTOR('',#2123,10.);
#569=VECTOR('',#2124,10.);
#570=VECTOR('',#2125,10.);
#571=VECTOR('',#2126,10.);
#572=VECTOR('',#2127,10.);
#573=VECTOR('',#2128,10.);
#574=VECTOR('',#2129,10.);
#575=VECTOR('',#2134,10.);
#576=VECTOR('',#2139,10.);
#577=VECTOR('',#2142,10.);
#578=VECTOR('',#2143,10.);
#579=VECTOR('',#2144,10.);
#580=VECTOR('',#2145,10.);
#581=VECTOR('',#2148,10.);
#582=VECTOR('',#2149,10.);
#583=VECTOR('',#2150,10.);
#584=VECTOR('',#2151,10.);
#585=VECTOR('',#2156,10.);
#586=VECTOR('',#2161,10.);
#587=VECTOR('',#2162,10.);
#588=VECTOR('',#2163,10.);
#589=VECTOR('',#2168,10.);
#590=VECTOR('',#2173,10.);
#591=VECTOR('',#2174,10.);
#592=VECTOR('',#2175,10.);
#593=VECTOR('',#2176,10.);
#594=VECTOR('',#2179,10.);
#595=VECTOR('',#2182,10.);
#596=VECTOR('',#2185,10.);
#597=VECTOR('',#2188,10.);
#598=VECTOR('',#2193,10.);
#599=VECTOR('',#2196,10.);
#600=VECTOR('',#2197,10.);
#601=VECTOR('',#2200,2.75);
#602=VECTOR('',#2203,10.);
#603=VECTOR('',#2206,10.);
#604=VECTOR('',#2217,10.);
#605=VECTOR('',#2220,10.);
#606=VECTOR('',#2225,10.);
#607=VECTOR('',#2226,10.);
#608=VECTOR('',#2227,10.);
#609=VECTOR('',#2230,10.);
#610=VECTOR('',#2231,10.);
#611=VECTOR('',#2232,10.);
#612=VECTOR('',#2237,10.);
#613=VECTOR('',#2240,10.);
#614=VECTOR('',#2241,10.);
#615=VECTOR('',#2242,10.);
#616=VECTOR('',#2245,10.);
#617=VECTOR('',#2246,10.);
#618=VECTOR('',#2247,10.);
#619=VECTOR('',#2256,10.);
#620=VECTOR('',#2257,10.);
#621=VECTOR('',#2258,10.);
#622=VECTOR('',#2259,10.);
#623=VECTOR('',#2262,10.);
#624=VECTOR('',#2263,10.);
#625=VECTOR('',#2264,10.);
#626=VECTOR('',#2267,10.);
#627=VECTOR('',#2268,10.);
#628=VECTOR('',#2269,10.);
#629=VECTOR('',#2276,10.);
#630=VECTOR('',#2281,10.);
#631=VECTOR('',#2282,10.);
#632=VECTOR('',#2283,10.);
#633=VECTOR('',#2284,10.);
#634=VECTOR('',#2285,10.);
#635=VECTOR('',#2286,10.);
#636=VECTOR('',#2287,10.);
#637=VECTOR('',#2288,10.);
#638=VECTOR('',#2293,10.);
#639=VECTOR('',#2294,10.);
#640=VECTOR('',#2295,10.);
#641=VECTOR('',#2296,10.);
#642=VECTOR('',#2301,10.);
#643=VECTOR('',#2304,10.);
#644=VECTOR('',#2309,10.);
#645=VECTOR('',#2310,10.);
#646=VECTOR('',#2311,10.);
#647=VECTOR('',#2312,10.);
#648=VECTOR('',#2315,10.);
#649=VECTOR('',#2316,10.);
#650=VECTOR('',#2319,10.);
#651=VECTOR('',#2322,10.);
#652=VECTOR('',#2327,0.75);
#653=VECTOR('',#2334,1.5);
#654=VECTOR('',#2337,1.25);
#655=VECTOR('',#2344,10.);
#656=VECTOR('',#2345,10.);
#657=VECTOR('',#2348,10.);
#658=VECTOR('',#2349,10.);
#659=VECTOR('',#2352,10.);
#660=VECTOR('',#2353,10.);
#661=VECTOR('',#2356,10.);
#662=VECTOR('',#2361,10.);
#663=VECTOR('',#2364,10.);
#664=VECTOR('',#2367,10.);
#665=VECTOR('',#2372,1.5);
#666=VECTOR('',#2375,1.5);
#667=VECTOR('',#2378,1.5);
#668=VECTOR('',#2381,10.);
#669=VECTOR('',#2394,10.);
#670=VECTOR('',#2397,10.);
#671=VECTOR('',#2402,10.);
#672=VECTOR('',#2403,10.);
#673=VECTOR('',#2408,10.);
#674=VECTOR('',#2411,10.);
#675=VECTOR('',#2412,10.);
#676=VECTOR('',#2415,10.);
#677=VECTOR('',#2416,10.);
#678=VECTOR('',#2425,2.75);
#679=VECTOR('',#2430,1.75);
#680=VECTOR('',#2437,10.);
#681=VECTOR('',#2440,10.);
#682=VECTOR('',#2445,2.7499325430305);
#683=VECTOR('',#2454,10.);
#684=VECTOR('',#2459,10.);
#685=VECTOR('',#2464,10.);
#686=VECTOR('',#2467,10.);
#687=VECTOR('',#2472,10.);
#688=VECTOR('',#2475,10.);
#689=VECTOR('',#2476,10.);
#690=VECTOR('',#2479,10.);
#691=VECTOR('',#2480,10.);
#692=VECTOR('',#2487,1.75);
#693=VECTOR('',#2492,2.75);
#694=VECTOR('',#2499,10.);
#695=VECTOR('',#2502,10.);
#696=VECTOR('',#2503,10.);
#697=VECTOR('',#2504,10.);
#698=VECTOR('',#2507,10.);
#699=VECTOR('',#2508,10.);
#700=VECTOR('',#2509,10.);
#701=VECTOR('',#2518,1.75);
#702=VECTOR('',#2525,2.75);
#703=VECTOR('',#2536,1.5);
#704=VECTOR('',#2547,10.);
#705=VECTOR('',#2550,10.);
#706=VECTOR('',#2551,10.);
#707=VECTOR('',#2556,10.);
#708=VECTOR('',#2557,10.);
#709=VECTOR('',#2560,10.);
#710=VECTOR('',#2573,10.);
#711=VECTOR('',#2574,10.);
#712=VECTOR('',#2577,10.);
#713=VECTOR('',#2580,10.);
#714=VECTOR('',#2589,10.);
#715=VECTOR('',#2592,10.);
#716=VECTOR('',#2595,10.);
#717=VECTOR('',#2596,10.);
#718=VECTOR('',#2599,10.);
#719=VECTOR('',#2600,10.);
#720=VECTOR('',#2601,10.);
#721=VECTOR('',#2614,2.75);
#722=VECTOR('',#2619,1.75);
#723=VERTEX_POINT('',#2626);
#724=VERTEX_POINT('',#2627);
#725=VERTEX_POINT('',#2629);
#726=VERTEX_POINT('',#2631);
#727=VERTEX_POINT('',#2635);
#728=VERTEX_POINT('',#2637);
#729=VERTEX_POINT('',#2639);
#730=VERTEX_POINT('',#2641);
#731=VERTEX_POINT('',#2643);
#732=VERTEX_POINT('',#2645);
#733=VERTEX_POINT('',#2647);
#734=VERTEX_POINT('',#2649);
#735=VERTEX_POINT('',#2653);
#736=VERTEX_POINT('',#2655);
#737=VERTEX_POINT('',#2659);
#738=VERTEX_POINT('',#2661);
#739=VERTEX_POINT('',#2665);
#740=VERTEX_POINT('',#2667);
#741=VERTEX_POINT('',#2671);
#742=VERTEX_POINT('',#2673);
#743=VERTEX_POINT('',#2677);
#744=VERTEX_POINT('',#2678);
#745=VERTEX_POINT('',#2680);
#746=VERTEX_POINT('',#2682);
#747=VERTEX_POINT('',#2686);
#748=VERTEX_POINT('',#2688);
#749=VERTEX_POINT('',#2690);
#750=VERTEX_POINT('',#2692);
#751=VERTEX_POINT('',#2694);
#752=VERTEX_POINT('',#2696);
#753=VERTEX_POINT('',#2700);
#754=VERTEX_POINT('',#2701);
#755=VERTEX_POINT('',#2703);
#756=VERTEX_POINT('',#2705);
#757=VERTEX_POINT('',#2707);
#758=VERTEX_POINT('',#2711);
#759=VERTEX_POINT('',#2712);
#760=VERTEX_POINT('',#2714);
#761=VERTEX_POINT('',#2716);
#762=VERTEX_POINT('',#2720);
#763=VERTEX_POINT('',#2721);
#764=VERTEX_POINT('',#2723);
#765=VERTEX_POINT('',#2725);
#766=VERTEX_POINT('',#2729);
#767=VERTEX_POINT('',#2731);
#768=VERTEX_POINT('',#2735);
#769=VERTEX_POINT('',#2737);
#770=VERTEX_POINT('',#2741);
#771=VERTEX_POINT('',#2743);
#772=VERTEX_POINT('',#2747);
#773=VERTEX_POINT('',#2749);
#774=VERTEX_POINT('',#2751);
#775=VERTEX_POINT('',#2755);
#776=VERTEX_POINT('',#2757);
#777=VERTEX_POINT('',#2761);
#778=VERTEX_POINT('',#2762);
#779=VERTEX_POINT('',#2764);
#780=VERTEX_POINT('',#2766);
#781=VERTEX_POINT('',#2770);
#782=VERTEX_POINT('',#2771);
#783=VERTEX_POINT('',#2773);
#784=VERTEX_POINT('',#2775);
#785=VERTEX_POINT('',#2777);
#786=VERTEX_POINT('',#2779);
#787=VERTEX_POINT('',#2781);
#788=VERTEX_POINT('',#2783);
#789=VERTEX_POINT('',#2785);
#790=VERTEX_POINT('',#2787);
#791=VERTEX_POINT('',#2789);
#792=VERTEX_POINT('',#2795);
#793=VERTEX_POINT('',#2797);
#794=VERTEX_POINT('',#2799);
#795=VERTEX_POINT('',#2801);
#796=VERTEX_POINT('',#2805);
#797=VERTEX_POINT('',#2806);
#798=VERTEX_POINT('',#2811);
#799=VERTEX_POINT('',#2814);
#800=VERTEX_POINT('',#2817);
#801=VERTEX_POINT('',#2819);
#802=VERTEX_POINT('',#2821);
#803=VERTEX_POINT('',#2825);
#804=VERTEX_POINT('',#2827);
#805=VERTEX_POINT('',#2830);
#806=VERTEX_POINT('',#2833);
#807=VERTEX_POINT('',#2835);
#808=VERTEX_POINT('',#2837);
#809=VERTEX_POINT('',#2839);
#810=VERTEX_POINT('',#2841);
#811=VERTEX_POINT('',#2842);
#812=VERTEX_POINT('',#2844);
#813=VERTEX_POINT('',#2846);
#814=VERTEX_POINT('',#2852);
#815=VERTEX_POINT('',#2854);
#816=VERTEX_POINT('',#2858);
#817=VERTEX_POINT('',#2860);
#818=VERTEX_POINT('',#2863);
#819=VERTEX_POINT('',#2865);
#820=VERTEX_POINT('',#2868);
#821=VERTEX_POINT('',#2872);
#822=VERTEX_POINT('',#2874);
#823=VERTEX_POINT('',#2877);
#824=VERTEX_POINT('',#2879);
#825=VERTEX_POINT('',#2882);
#826=VERTEX_POINT('',#2884);
#827=VERTEX_POINT('',#2886);
#828=VERTEX_POINT('',#2887);
#829=VERTEX_POINT('',#2889);
#830=VERTEX_POINT('',#2891);
#831=VERTEX_POINT('',#2894);
#832=VERTEX_POINT('',#2902);
#833=VERTEX_POINT('',#2904);
#834=VERTEX_POINT('',#2906);
#835=VERTEX_POINT('',#2917);
#836=VERTEX_POINT('',#2919);
#837=VERTEX_POINT('',#2923);
#838=VERTEX_POINT('',#2927);
#839=VERTEX_POINT('',#2932);
#840=VERTEX_POINT('',#2936);
#841=VERTEX_POINT('',#2940);
#842=VERTEX_POINT('',#2966);
#843=VERTEX_POINT('',#2968);
#844=VERTEX_POINT('',#2970);
#845=VERTEX_POINT('',#2973);
#846=VERTEX_POINT('',#2976);
#847=VERTEX_POINT('',#2980);
#848=VERTEX_POINT('',#2984);
#849=VERTEX_POINT('',#2988);
#850=VERTEX_POINT('',#2992);
#851=VERTEX_POINT('',#2996);
#852=VERTEX_POINT('',#3000);
#853=VERTEX_POINT('',#3010);
#854=VERTEX_POINT('',#3014);
#855=VERTEX_POINT('',#3015);
#856=VERTEX_POINT('',#3017);
#857=VERTEX_POINT('',#3020);
#858=VERTEX_POINT('',#3022);
#859=VERTEX_POINT('',#3025);
#860=VERTEX_POINT('',#3028);
#861=VERTEX_POINT('',#3030);
#862=VERTEX_POINT('',#3034);
#863=VERTEX_POINT('',#3038);
#864=VERTEX_POINT('',#3042);
#865=VERTEX_POINT('',#3048);
#866=VERTEX_POINT('',#3052);
#867=VERTEX_POINT('',#3059);
#868=VERTEX_POINT('',#3061);
#869=VERTEX_POINT('',#3065);
#870=VERTEX_POINT('',#3067);
#871=VERTEX_POINT('',#3073);
#872=VERTEX_POINT('',#3075);
#873=VERTEX_POINT('',#3079);
#874=VERTEX_POINT('',#3081);
#875=VERTEX_POINT('',#3088);
#876=VERTEX_POINT('',#3093);
#877=VERTEX_POINT('',#3094);
#878=VERTEX_POINT('',#3096);
#879=VERTEX_POINT('',#3098);
#880=VERTEX_POINT('',#3100);
#881=VERTEX_POINT('',#3103);
#882=VERTEX_POINT('',#3107);
#883=VERTEX_POINT('',#3117);
#884=VERTEX_POINT('',#3118);
#885=VERTEX_POINT('',#3123);
#886=VERTEX_POINT('',#3125);
#887=VERTEX_POINT('',#3127);
#888=VERTEX_POINT('',#3129);
#889=VERTEX_POINT('',#3132);
#890=VERTEX_POINT('',#3135);
#891=VERTEX_POINT('',#3137);
#892=VERTEX_POINT('',#3141);
#893=VERTEX_POINT('',#3145);
#894=VERTEX_POINT('',#3147);
#895=VERTEX_POINT('',#3153);
#896=VERTEX_POINT('',#3157);
#897=VERTEX_POINT('',#3161);
#898=EDGE_CURVE('',#723,#724,#377,.T.);
#899=EDGE_CURVE('',#725,#724,#378,.T.);
#900=EDGE_CURVE('',#726,#725,#379,.T.);
#901=EDGE_CURVE('',#726,#723,#380,.T.);
#902=EDGE_CURVE('',#724,#727,#34,.T.);
#903=EDGE_CURVE('',#727,#728,#381,.T.);
#904=EDGE_CURVE('',#728,#729,#35,.T.);
#905=EDGE_CURVE('',#730,#729,#382,.T.);
#906=EDGE_CURVE('',#731,#730,#36,.T.);
#907=EDGE_CURVE('',#731,#732,#383,.T.);
#908=EDGE_CURVE('',#733,#732,#37,.T.);
#909=EDGE_CURVE('',#734,#733,#384,.T.);
#910=EDGE_CURVE('',#725,#734,#38,.T.);
#911=EDGE_CURVE('',#727,#735,#385,.T.);
#912=EDGE_CURVE('',#735,#736,#386,.T.);
#913=EDGE_CURVE('',#728,#736,#387,.T.);
#914=EDGE_CURVE('',#735,#737,#39,.T.);
#915=EDGE_CURVE('',#737,#738,#388,.T.);
#916=EDGE_CURVE('',#736,#738,#40,.T.);
#917=EDGE_CURVE('',#737,#739,#389,.T.);
#918=EDGE_CURVE('',#740,#739,#390,.T.);
#919=EDGE_CURVE('',#738,#740,#391,.T.);
#920=EDGE_CURVE('',#739,#741,#41,.T.);
#921=EDGE_CURVE('',#741,#742,#392,.T.);
#922=EDGE_CURVE('',#740,#742,#42,.T.);
#923=EDGE_CURVE('',#743,#744,#43,.T.);
#924=EDGE_CURVE('',#744,#745,#393,.T.);
#925=EDGE_CURVE('',#746,#745,#44,.T.);
#926=EDGE_CURVE('',#743,#746,#394,.T.);
#927=EDGE_CURVE('',#744,#747,#395,.T.);
#928=EDGE_CURVE('',#747,#748,#396,.T.);
#929=EDGE_CURVE('',#749,#748,#397,.T.);
#930=EDGE_CURVE('',#749,#750,#398,.T.);
#931=EDGE_CURVE('',#750,#751,#399,.T.);
#932=EDGE_CURVE('',#752,#751,#400,.T.);
#933=EDGE_CURVE('',#745,#752,#401,.T.);
#934=EDGE_CURVE('',#753,#754,#45,.T.);
#935=EDGE_CURVE('',#754,#755,#402,.T.);
#936=EDGE_CURVE('',#756,#755,#46,.T.);
#937=EDGE_CURVE('',#757,#756,#47,.T.);
#938=EDGE_CURVE('',#757,#753,#403,.T.);
#939=EDGE_CURVE('',#758,#759,#404,.T.);
#940=EDGE_CURVE('',#760,#759,#405,.T.);
#941=EDGE_CURVE('',#761,#760,#406,.T.);
#942=EDGE_CURVE('',#758,#761,#407,.T.);
#943=EDGE_CURVE('',#762,#763,#408,.T.);
#944=EDGE_CURVE('',#764,#763,#409,.T.);
#945=EDGE_CURVE('',#765,#764,#410,.T.);
#946=EDGE_CURVE('',#762,#765,#411,.T.);
#947=EDGE_CURVE('',#763,#766,#48,.T.);
#948=EDGE_CURVE('',#766,#767,#412,.T.);
#949=EDGE_CURVE('',#764,#767,#49,.T.);
#950=EDGE_CURVE('',#766,#768,#413,.T.);
#951=EDGE_CURVE('',#769,#768,#414,.T.);
#952=EDGE_CURVE('',#767,#769,#415,.T.);
#953=EDGE_CURVE('',#768,#770,#50,.T.);
#954=EDGE_CURVE('',#770,#771,#416,.T.);
#955=EDGE_CURVE('',#769,#771,#51,.T.);
#956=EDGE_CURVE('',#772,#753,#417,.T.);
#957=EDGE_CURVE('',#773,#757,#418,.T.);
#958=EDGE_CURVE('',#774,#773,#419,.T.);
#959=EDGE_CURVE('',#774,#772,#420,.T.);
#960=EDGE_CURVE('',#756,#775,#421,.T.);
#961=EDGE_CURVE('',#775,#776,#52,.T.);
#962=EDGE_CURVE('',#776,#773,#422,.T.);
#963=EDGE_CURVE('',#777,#778,#423,.T.);
#964=EDGE_CURVE('',#777,#779,#53,.T.);
#965=EDGE_CURVE('',#779,#780,#424,.T.);
#966=EDGE_CURVE('',#780,#778,#54,.T.);
#967=EDGE_CURVE('',#781,#782,#425,.T.);
#968=EDGE_CURVE('',#783,#782,#55,.T.);
#969=EDGE_CURVE('',#784,#783,#426,.T.);
#970=EDGE_CURVE('',#785,#784,#427,.T.);
#971=EDGE_CURVE('',#786,#785,#56,.T.);
#972=EDGE_CURVE('',#786,#787,#428,.T.);
#973=EDGE_CURVE('',#787,#788,#57,.T.);
#974=EDGE_CURVE('',#789,#788,#429,.T.);
#975=EDGE_CURVE('',#789,#790,#58,.T.);
#976=EDGE_CURVE('',#790,#791,#430,.T.);
#977=EDGE_CURVE('',#791,#787,#59,.T.);
#978=EDGE_CURVE('',#781,#786,#60,.T.);
#979=EDGE_CURVE('',#729,#734,#61,.T.);
#980=EDGE_CURVE('',#792,#733,#62,.T.);
#981=EDGE_CURVE('',#793,#792,#431,.T.);
#982=EDGE_CURVE('',#794,#793,#63,.T.);
#983=EDGE_CURVE('',#794,#795,#432,.T.);
#984=EDGE_CURVE('',#730,#795,#64,.T.);
#985=EDGE_CURVE('',#796,#797,#433,.T.);
#986=EDGE_CURVE('',#796,#762,#434,.T.);
#987=EDGE_CURVE('',#797,#765,#435,.T.);
#988=EDGE_CURVE('',#798,#747,#436,.T.);
#989=EDGE_CURVE('',#790,#743,#437,.T.);
#990=EDGE_CURVE('',#799,#789,#438,.T.);
#991=EDGE_CURVE('',#759,#799,#65,.T.);
#992=EDGE_CURVE('',#800,#758,#66,.T.);
#993=EDGE_CURVE('',#801,#800,#439,.T.);
#994=EDGE_CURVE('',#802,#801,#67,.T.);
#995=EDGE_CURVE('',#770,#802,#440,.T.);
#996=EDGE_CURVE('',#741,#796,#441,.T.);
#997=EDGE_CURVE('',#803,#723,#442,.T.);
#998=EDGE_CURVE('',#804,#803,#68,.T.);
#999=EDGE_CURVE('',#754,#804,#443,.T.);
#1000=EDGE_CURVE('',#772,#805,#444,.T.);
#1001=EDGE_CURVE('',#805,#798,#445,.T.);
#1002=EDGE_CURVE('',#806,#806,#69,.T.);
#1003=EDGE_CURVE('',#807,#807,#70,.T.);
#1004=EDGE_CURVE('',#808,#808,#71,.T.);
#1005=EDGE_CURVE('',#809,#809,#72,.T.);
#1006=EDGE_CURVE('',#810,#811,#446,.T.);
#1007=EDGE_CURVE('',#812,#810,#447,.T.);
#1008=EDGE_CURVE('',#813,#812,#448,.T.);
#1009=EDGE_CURVE('',#811,#813,#449,.T.);
#1010=EDGE_CURVE('',#773,#778,#450,.T.);
#1011=EDGE_CURVE('',#780,#756,#451,.T.);
#1012=EDGE_CURVE('',#755,#814,#452,.T.);
#1013=EDGE_CURVE('',#814,#815,#73,.T.);
#1014=EDGE_CURVE('',#815,#726,#453,.T.);
#1015=EDGE_CURVE('',#742,#797,#454,.T.);
#1016=EDGE_CURVE('',#771,#816,#455,.T.);
#1017=EDGE_CURVE('',#816,#817,#74,.T.);
#1018=EDGE_CURVE('',#817,#817,#75,.T.);
#1019=EDGE_CURVE('',#817,#818,#76,.T.);
#1020=EDGE_CURVE('',#818,#819,#456,.T.);
#1021=EDGE_CURVE('',#819,#761,#77,.T.);
#1022=EDGE_CURVE('',#760,#820,#78,.T.);
#1023=EDGE_CURVE('',#820,#788,#457,.T.);
#1024=EDGE_CURVE('',#791,#746,#458,.T.);
#1025=EDGE_CURVE('',#821,#752,#459,.T.);
#1026=EDGE_CURVE('',#822,#821,#460,.T.);
#1027=EDGE_CURVE('',#749,#822,#461,.T.);
#1028=EDGE_CURVE('',#748,#823,#462,.T.);
#1029=EDGE_CURVE('',#823,#824,#463,.T.);
#1030=EDGE_CURVE('',#824,#774,#464,.T.);
#1031=EDGE_CURVE('',#825,#825,#79,.T.);
#1032=EDGE_CURVE('',#826,#826,#80,.T.);
#1033=EDGE_CURVE('',#827,#828,#465,.T.);
#1034=EDGE_CURVE('',#828,#829,#466,.T.);
#1035=EDGE_CURVE('',#829,#830,#467,.T.);
#1036=EDGE_CURVE('',#830,#827,#468,.T.);
#1037=EDGE_CURVE('',#831,#831,#81,.T.);
#1038=EDGE_CURVE('',#824,#805,#469,.T.);
#1039=EDGE_CURVE('',#823,#798,#470,.T.);
#1040=EDGE_CURVE('',#832,#822,#471,.T.);
#1041=EDGE_CURVE('',#832,#833,#472,.T.);
#1042=EDGE_CURVE('',#834,#833,#473,.T.);
#1043=EDGE_CURVE('',#750,#834,#474,.T.);
#1044=EDGE_CURVE('',#812,#830,#475,.T.);
#1045=EDGE_CURVE('',#813,#829,#476,.T.);
#1046=EDGE_CURVE('',#810,#827,#477,.T.);
#1047=EDGE_CURVE('',#814,#804,#478,.T.);
#1048=EDGE_CURVE('',#835,#835,#82,.T.);
#1049=EDGE_CURVE('',#835,#836,#479,.T.);
#1050=EDGE_CURVE('',#836,#836,#83,.T.);
#1051=EDGE_CURVE('',#837,#837,#84,.T.);
#1052=EDGE_CURVE('',#837,#835,#480,.T.);
#1053=EDGE_CURVE('',#836,#838,#481,.T.);
#1054=EDGE_CURVE('',#838,#838,#85,.T.);
#1055=EDGE_CURVE('',#839,#834,#482,.T.);
#1056=EDGE_CURVE('',#751,#839,#483,.T.);
#1057=EDGE_CURVE('',#833,#840,#484,.T.);
#1058=EDGE_CURVE('',#840,#839,#485,.T.);
#1059=EDGE_CURVE('',#821,#841,#486,.T.);
#1060=EDGE_CURVE('',#841,#832,#487,.T.);
#1061=EDGE_CURVE('',#841,#840,#488,.T.);
#1062=EDGE_CURVE('',#800,#819,#489,.T.);
#1063=EDGE_CURVE('',#799,#820,#490,.T.);
#1064=EDGE_CURVE('',#803,#815,#491,.T.);
#1065=EDGE_CURVE('',#806,#825,#492,.T.);
#1066=EDGE_CURVE('',#809,#826,#493,.T.);
#1067=EDGE_CURVE('',#807,#831,#494,.T.);
#1068=EDGE_CURVE('',#811,#828,#495,.T.);
#1069=EDGE_CURVE('',#785,#842,#86,.T.);
#1070=EDGE_CURVE('',#843,#842,#496,.T.);
#1071=EDGE_CURVE('',#843,#844,#87,.T.);
#1072=EDGE_CURVE('',#781,#844,#497,.T.);
#1073=EDGE_CURVE('',#845,#845,#88,.T.);
#1074=EDGE_CURVE('',#846,#783,#498,.T.);
#1075=EDGE_CURVE('',#785,#846,#499,.T.);
#1076=EDGE_CURVE('',#847,#846,#89,.T.);
#1077=EDGE_CURVE('',#842,#847,#500,.T.);
#1078=EDGE_CURVE('',#848,#847,#501,.T.);
#1079=EDGE_CURVE('',#843,#848,#502,.T.);
#1080=EDGE_CURVE('',#849,#844,#503,.T.);
#1081=EDGE_CURVE('',#782,#849,#504,.T.);
#1082=EDGE_CURVE('',#850,#849,#90,.T.);
#1083=EDGE_CURVE('',#848,#850,#91,.T.);
#1084=EDGE_CURVE('',#850,#851,#505,.T.);
#1085=EDGE_CURVE('',#851,#851,#92,.T.);
#1086=EDGE_CURVE('',#845,#852,#506,.T.);
#1087=EDGE_CURVE('',#852,#852,#93,.T.);
#1088=EDGE_CURVE('',#801,#818,#507,.T.);
#1089=EDGE_CURVE('',#816,#802,#508,.T.);
#1090=EDGE_CURVE('',#817,#853,#509,.T.);
#1091=EDGE_CURVE('',#853,#853,#94,.T.);
#1092=EDGE_CURVE('',#854,#855,#95,.T.);
#1093=EDGE_CURVE('',#855,#856,#96,.T.);
#1094=EDGE_CURVE('',#856,#853,#510,.T.);
#1095=EDGE_CURVE('',#853,#857,#97,.T.);
#1096=EDGE_CURVE('',#857,#858,#98,.T.);
#1097=EDGE_CURVE('',#858,#854,#511,.T.);
#1098=EDGE_CURVE('',#859,#859,#99,.T.);
#1099=EDGE_CURVE('',#853,#860,#512,.T.);
#1100=EDGE_CURVE('',#861,#860,#100,.T.);
#1101=EDGE_CURVE('',#857,#861,#513,.T.);
#1102=EDGE_CURVE('',#862,#861,#101,.T.);
#1103=EDGE_CURVE('',#858,#862,#514,.T.);
#1104=EDGE_CURVE('',#863,#862,#515,.T.);
#1105=EDGE_CURVE('',#854,#863,#516,.T.);
#1106=EDGE_CURVE('',#864,#856,#517,.T.);
#1107=EDGE_CURVE('',#860,#864,#518,.T.);
#1108=EDGE_CURVE('',#863,#864,#102,.T.);
#1109=EDGE_CURVE('',#859,#865,#519,.T.);
#1110=EDGE_CURVE('',#865,#865,#103,.T.);
#1111=EDGE_CURVE('',#855,#866,#520,.T.);
#1112=EDGE_CURVE('',#866,#866,#104,.T.);
#1113=EDGE_CURVE('',#732,#792,#521,.T.);
#1114=EDGE_CURVE('',#867,#731,#522,.T.);
#1115=EDGE_CURVE('',#868,#867,#523,.T.);
#1116=EDGE_CURVE('',#793,#868,#524,.T.);
#1117=EDGE_CURVE('',#869,#794,#525,.T.);
#1118=EDGE_CURVE('',#870,#869,#526,.T.);
#1119=EDGE_CURVE('',#795,#870,#527,.T.);
#1120=EDGE_CURVE('',#867,#870,#105,.T.);
#1121=EDGE_CURVE('',#871,#871,#106,.T.);
#1122=EDGE_CURVE('',#871,#872,#528,.T.);
#1123=EDGE_CURVE('',#872,#872,#107,.T.);
#1124=EDGE_CURVE('',#873,#869,#108,.T.);
#1125=EDGE_CURVE('',#873,#874,#529,.T.);
#1126=EDGE_CURVE('',#874,#874,#109,.T.);
#1127=EDGE_CURVE('',#868,#873,#110,.T.);
#1128=EDGE_CURVE('',#808,#875,#530,.T.);
#1129=EDGE_CURVE('',#875,#875,#111,.T.);
#1130=EDGE_CURVE('',#876,#877,#112,.T.);
#1131=EDGE_CURVE('',#877,#878,#113,.T.);
#1132=EDGE_CURVE('',#878,#879,#531,.T.);
#1133=EDGE_CURVE('',#879,#880,#114,.T.);
#1134=EDGE_CURVE('',#779,#880,#532,.T.);
#1135=EDGE_CURVE('',#881,#777,#533,.T.);
#1136=EDGE_CURVE('',#876,#881,#115,.T.);
#1137=EDGE_CURVE('',#882,#880,#534,.T.);
#1138=EDGE_CURVE('',#882,#775,#535,.T.);
#1139=EDGE_CURVE('',#881,#776,#536,.T.);
#1140=EDGE_CURVE('',#876,#882,#116,.T.);
#1141=EDGE_CURVE('',#880,#876,#117,.T.);
#1142=EDGE_CURVE('',#883,#884,#118,.T.);
#1143=EDGE_CURVE('',#883,#877,#537,.T.);
#1144=EDGE_CURVE('',#884,#879,#538,.T.);
#1145=EDGE_CURVE('',#885,#884,#539,.T.);
#1146=EDGE_CURVE('',#885,#886,#119,.T.);
#1147=EDGE_CURVE('',#887,#886,#540,.T.);
#1148=EDGE_CURVE('',#887,#888,#120,.T.);
#1149=EDGE_CURVE('',#888,#883,#121,.T.);
#1150=EDGE_CURVE('',#889,#889,#122,.T.);
#1151=EDGE_CURVE('',#888,#890,#541,.T.);
#1152=EDGE_CURVE('',#891,#890,#123,.T.);
#1153=EDGE_CURVE('',#891,#878,#542,.T.);
#1154=EDGE_CURVE('',#892,#891,#543,.T.);
#1155=EDGE_CURVE('',#885,#892,#544,.T.);
#1156=EDGE_CURVE('',#893,#886,#545,.T.);
#1157=EDGE_CURVE('',#894,#893,#546,.T.);
#1158=EDGE_CURVE('',#887,#894,#547,.T.);
#1159=EDGE_CURVE('',#890,#894,#124,.T.);
#1160=EDGE_CURVE('',#895,#893,#125,.T.);
#1161=EDGE_CURVE('',#892,#895,#126,.T.);
#1162=EDGE_CURVE('',#895,#896,#548,.T.);
#1163=EDGE_CURVE('',#896,#896,#127,.T.);
#1164=EDGE_CURVE('',#889,#897,#549,.T.);
#1165=EDGE_CURVE('',#897,#897,#128,.T.);
#1166=ORIENTED_EDGE('',*,*,#898,.T.);
#1167=ORIENTED_EDGE('',*,*,#899,.F.);
#1168=ORIENTED_EDGE('',*,*,#900,.F.);
#1169=ORIENTED_EDGE('',*,*,#901,.T.);
#1170=ORIENTED_EDGE('',*,*,#902,.T.);
#1171=ORIENTED_EDGE('',*,*,#903,.T.);
#1172=ORIENTED_EDGE('',*,*,#904,.T.);
#1173=ORIENTED_EDGE('',*,*,#905,.F.);
#1174=ORIENTED_EDGE('',*,*,#906,.F.);
#1175=ORIENTED_EDGE('',*,*,#907,.T.);
#1176=ORIENTED_EDGE('',*,*,#908,.F.);
#1177=ORIENTED_EDGE('',*,*,#909,.F.);
#1178=ORIENTED_EDGE('',*,*,#910,.F.);
#1179=ORIENTED_EDGE('',*,*,#899,.T.);
#1180=ORIENTED_EDGE('',*,*,#911,.T.);
#1181=ORIENTED_EDGE('',*,*,#912,.T.);
#1182=ORIENTED_EDGE('',*,*,#913,.F.);
#1183=ORIENTED_EDGE('',*,*,#903,.F.);
#1184=ORIENTED_EDGE('',*,*,#914,.T.);
#1185=ORIENTED_EDGE('',*,*,#915,.T.);
#1186=ORIENTED_EDGE('',*,*,#916,.F.);
#1187=ORIENTED_EDGE('',*,*,#912,.F.);
#1188=ORIENTED_EDGE('',*,*,#917,.T.);
#1189=ORIENTED_EDGE('',*,*,#918,.F.);
#1190=ORIENTED_EDGE('',*,*,#919,.F.);
#1191=ORIENTED_EDGE('',*,*,#915,.F.);
#1192=ORIENTED_EDGE('',*,*,#920,.T.);
#1193=ORIENTED_EDGE('',*,*,#921,.T.);
#1194=ORIENTED_EDGE('',*,*,#922,.F.);
#1195=ORIENTED_EDGE('',*,*,#918,.T.);
#1196=ORIENTED_EDGE('',*,*,#923,.T.);
#1197=ORIENTED_EDGE('',*,*,#924,.T.);
#1198=ORIENTED_EDGE('',*,*,#925,.F.);
#1199=ORIENTED_EDGE('',*,*,#926,.F.);
#1200=ORIENTED_EDGE('',*,*,#927,.T.);
#1201=ORIENTED_EDGE('',*,*,#928,.T.);
#1202=ORIENTED_EDGE('',*,*,#929,.F.);
#1203=ORIENTED_EDGE('',*,*,#930,.T.);
#1204=ORIENTED_EDGE('',*,*,#931,.T.);
#1205=ORIENTED_EDGE('',*,*,#932,.F.);
#1206=ORIENTED_EDGE('',*,*,#933,.F.);
#1207=ORIENTED_EDGE('',*,*,#924,.F.);
#1208=ORIENTED_EDGE('',*,*,#934,.T.);
#1209=ORIENTED_EDGE('',*,*,#935,.T.);
#1210=ORIENTED_EDGE('',*,*,#936,.F.);
#1211=ORIENTED_EDGE('',*,*,#937,.F.);
#1212=ORIENTED_EDGE('',*,*,#938,.T.);
#1213=ORIENTED_EDGE('',*,*,#939,.T.);
#1214=ORIENTED_EDGE('',*,*,#940,.F.);
#1215=ORIENTED_EDGE('',*,*,#941,.F.);
#1216=ORIENTED_EDGE('',*,*,#942,.F.);
#1217=ORIENTED_EDGE('',*,*,#943,.T.);
#1218=ORIENTED_EDGE('',*,*,#944,.F.);
#1219=ORIENTED_EDGE('',*,*,#945,.F.);
#1220=ORIENTED_EDGE('',*,*,#946,.F.);
#1221=ORIENTED_EDGE('',*,*,#947,.T.);
#1222=ORIENTED_EDGE('',*,*,#948,.T.);
#1223=ORIENTED_EDGE('',*,*,#949,.F.);
#1224=ORIENTED_EDGE('',*,*,#944,.T.);
#1225=ORIENTED_EDGE('',*,*,#950,.T.);
#1226=ORIENTED_EDGE('',*,*,#951,.F.);
#1227=ORIENTED_EDGE('',*,*,#952,.F.);
#1228=ORIENTED_EDGE('',*,*,#948,.F.);
#1229=ORIENTED_EDGE('',*,*,#953,.T.);
#1230=ORIENTED_EDGE('',*,*,#954,.T.);
#1231=ORIENTED_EDGE('',*,*,#955,.F.);
#1232=ORIENTED_EDGE('',*,*,#951,.T.);
#1233=ORIENTED_EDGE('',*,*,#956,.T.);
#1234=ORIENTED_EDGE('',*,*,#938,.F.);
#1235=ORIENTED_EDGE('',*,*,#957,.F.);
#1236=ORIENTED_EDGE('',*,*,#958,.F.);
#1237=ORIENTED_EDGE('',*,*,#959,.T.);
#1238=ORIENTED_EDGE('',*,*,#957,.T.);
#1239=ORIENTED_EDGE('',*,*,#937,.T.);
#1240=ORIENTED_EDGE('',*,*,#960,.T.);
#1241=ORIENTED_EDGE('',*,*,#961,.T.);
#1242=ORIENTED_EDGE('',*,*,#962,.T.);
#1243=ORIENTED_EDGE('',*,*,#963,.F.);
#1244=ORIENTED_EDGE('',*,*,#964,.T.);
#1245=ORIENTED_EDGE('',*,*,#965,.T.);
#1246=ORIENTED_EDGE('',*,*,#966,.T.);
#1247=ORIENTED_EDGE('',*,*,#967,.T.);
#1248=ORIENTED_EDGE('',*,*,#968,.F.);
#1249=ORIENTED_EDGE('',*,*,#969,.F.);
#1250=ORIENTED_EDGE('',*,*,#970,.F.);
#1251=ORIENTED_EDGE('',*,*,#971,.F.);
#1252=ORIENTED_EDGE('',*,*,#972,.T.);
#1253=ORIENTED_EDGE('',*,*,#973,.T.);
#1254=ORIENTED_EDGE('',*,*,#974,.F.);
#1255=ORIENTED_EDGE('',*,*,#975,.T.);
#1256=ORIENTED_EDGE('',*,*,#976,.T.);
#1257=ORIENTED_EDGE('',*,*,#977,.T.);
#1258=ORIENTED_EDGE('',*,*,#972,.F.);
#1259=ORIENTED_EDGE('',*,*,#978,.F.);
#1260=ORIENTED_EDGE('',*,*,#979,.T.);
#1261=ORIENTED_EDGE('',*,*,#909,.T.);
#1262=ORIENTED_EDGE('',*,*,#980,.F.);
#1263=ORIENTED_EDGE('',*,*,#981,.F.);
#1264=ORIENTED_EDGE('',*,*,#982,.F.);
#1265=ORIENTED_EDGE('',*,*,#983,.T.);
#1266=ORIENTED_EDGE('',*,*,#984,.F.);
#1267=ORIENTED_EDGE('',*,*,#905,.T.);
#1268=ORIENTED_EDGE('',*,*,#985,.F.);
#1269=ORIENTED_EDGE('',*,*,#986,.T.);
#1270=ORIENTED_EDGE('',*,*,#946,.T.);
#1271=ORIENTED_EDGE('',*,*,#987,.F.);
#1272=ORIENTED_EDGE('',*,*,#988,.T.);
#1273=ORIENTED_EDGE('',*,*,#927,.F.);
#1274=ORIENTED_EDGE('',*,*,#923,.F.);
#1275=ORIENTED_EDGE('',*,*,#989,.F.);
#1276=ORIENTED_EDGE('',*,*,#975,.F.);
#1277=ORIENTED_EDGE('',*,*,#990,.F.);
#1278=ORIENTED_EDGE('',*,*,#991,.F.);
#1279=ORIENTED_EDGE('',*,*,#939,.F.);
#1280=ORIENTED_EDGE('',*,*,#992,.F.);
#1281=ORIENTED_EDGE('',*,*,#993,.F.);
#1282=ORIENTED_EDGE('',*,*,#994,.F.);
#1283=ORIENTED_EDGE('',*,*,#995,.F.);
#1284=ORIENTED_EDGE('',*,*,#953,.F.);
#1285=ORIENTED_EDGE('',*,*,#950,.F.);
#1286=ORIENTED_EDGE('',*,*,#947,.F.);
#1287=ORIENTED_EDGE('',*,*,#943,.F.);
#1288=ORIENTED_EDGE('',*,*,#986,.F.);
#1289=ORIENTED_EDGE('',*,*,#996,.F.);
#1290=ORIENTED_EDGE('',*,*,#920,.F.);
#1291=ORIENTED_EDGE('',*,*,#917,.F.);
#1292=ORIENTED_EDGE('',*,*,#914,.F.);
#1293=ORIENTED_EDGE('',*,*,#911,.F.);
#1294=ORIENTED_EDGE('',*,*,#902,.F.);
#1295=ORIENTED_EDGE('',*,*,#898,.F.);
#1296=ORIENTED_EDGE('',*,*,#997,.F.);
#1297=ORIENTED_EDGE('',*,*,#998,.F.);
#1298=ORIENTED_EDGE('',*,*,#999,.F.);
#1299=ORIENTED_EDGE('',*,*,#934,.F.);
#1300=ORIENTED_EDGE('',*,*,#956,.F.);
#1301=ORIENTED_EDGE('',*,*,#1000,.T.);
#1302=ORIENTED_EDGE('',*,*,#1001,.T.);
#1303=ORIENTED_EDGE('',*,*,#1002,.F.);
#1304=ORIENTED_EDGE('',*,*,#1003,.F.);
#1305=ORIENTED_EDGE('',*,*,#1004,.F.);
#1306=ORIENTED_EDGE('',*,*,#1005,.F.);
#1307=ORIENTED_EDGE('',*,*,#1006,.F.);
#1308=ORIENTED_EDGE('',*,*,#1007,.F.);
#1309=ORIENTED_EDGE('',*,*,#1008,.F.);
#1310=ORIENTED_EDGE('',*,*,#1009,.F.);
#1311=ORIENTED_EDGE('',*,*,#1010,.T.);
#1312=ORIENTED_EDGE('',*,*,#966,.F.);
#1313=ORIENTED_EDGE('',*,*,#1011,.T.);
#1314=ORIENTED_EDGE('',*,*,#936,.T.);
#1315=ORIENTED_EDGE('',*,*,#1012,.T.);
#1316=ORIENTED_EDGE('',*,*,#1013,.T.);
#1317=ORIENTED_EDGE('',*,*,#1014,.T.);
#1318=ORIENTED_EDGE('',*,*,#900,.T.);
#1319=ORIENTED_EDGE('',*,*,#910,.T.);
#1320=ORIENTED_EDGE('',*,*,#979,.F.);
#1321=ORIENTED_EDGE('',*,*,#904,.F.);
#1322=ORIENTED_EDGE('',*,*,#913,.T.);
#1323=ORIENTED_EDGE('',*,*,#916,.T.);
#1324=ORIENTED_EDGE('',*,*,#919,.T.);
#1325=ORIENTED_EDGE('',*,*,#922,.T.);
#1326=ORIENTED_EDGE('',*,*,#1015,.T.);
#1327=ORIENTED_EDGE('',*,*,#987,.T.);
#1328=ORIENTED_EDGE('',*,*,#945,.T.);
#1329=ORIENTED_EDGE('',*,*,#949,.T.);
#1330=ORIENTED_EDGE('',*,*,#952,.T.);
#1331=ORIENTED_EDGE('',*,*,#955,.T.);
#1332=ORIENTED_EDGE('',*,*,#1016,.T.);
#1333=ORIENTED_EDGE('',*,*,#1017,.T.);
#1334=ORIENTED_EDGE('',*,*,#1018,.F.);
#1335=ORIENTED_EDGE('',*,*,#1019,.T.);
#1336=ORIENTED_EDGE('',*,*,#1020,.T.);
#1337=ORIENTED_EDGE('',*,*,#1021,.T.);
#1338=ORIENTED_EDGE('',*,*,#941,.T.);
#1339=ORIENTED_EDGE('',*,*,#1022,.T.);
#1340=ORIENTED_EDGE('',*,*,#1023,.T.);
#1341=ORIENTED_EDGE('',*,*,#973,.F.);
#1342=ORIENTED_EDGE('',*,*,#977,.F.);
#1343=ORIENTED_EDGE('',*,*,#1024,.T.);
#1344=ORIENTED_EDGE('',*,*,#925,.T.);
#1345=ORIENTED_EDGE('',*,*,#933,.T.);
#1346=ORIENTED_EDGE('',*,*,#1025,.F.);
#1347=ORIENTED_EDGE('',*,*,#1026,.F.);
#1348=ORIENTED_EDGE('',*,*,#1027,.F.);
#1349=ORIENTED_EDGE('',*,*,#929,.T.);
#1350=ORIENTED_EDGE('',*,*,#1028,.T.);
#1351=ORIENTED_EDGE('',*,*,#1029,.T.);
#1352=ORIENTED_EDGE('',*,*,#1030,.T.);
#1353=ORIENTED_EDGE('',*,*,#958,.T.);
#1354=ORIENTED_EDGE('',*,*,#1031,.T.);
#1355=ORIENTED_EDGE('',*,*,#1032,.T.);
#1356=ORIENTED_EDGE('',*,*,#1033,.T.);
#1357=ORIENTED_EDGE('',*,*,#1034,.T.);
#1358=ORIENTED_EDGE('',*,*,#1035,.T.);
#1359=ORIENTED_EDGE('',*,*,#1036,.T.);
#1360=ORIENTED_EDGE('',*,*,#1037,.T.);
#1361=ORIENTED_EDGE('',*,*,#959,.F.);
#1362=ORIENTED_EDGE('',*,*,#1030,.F.);
#1363=ORIENTED_EDGE('',*,*,#1038,.T.);
#1364=ORIENTED_EDGE('',*,*,#1000,.F.);
#1365=ORIENTED_EDGE('',*,*,#1038,.F.);
#1366=ORIENTED_EDGE('',*,*,#1029,.F.);
#1367=ORIENTED_EDGE('',*,*,#1039,.T.);
#1368=ORIENTED_EDGE('',*,*,#1001,.F.);
#1369=ORIENTED_EDGE('',*,*,#1039,.F.);
#1370=ORIENTED_EDGE('',*,*,#1028,.F.);
#1371=ORIENTED_EDGE('',*,*,#928,.F.);
#1372=ORIENTED_EDGE('',*,*,#988,.F.);
#1373=ORIENTED_EDGE('',*,*,#1027,.T.);
#1374=ORIENTED_EDGE('',*,*,#1040,.F.);
#1375=ORIENTED_EDGE('',*,*,#1041,.T.);
#1376=ORIENTED_EDGE('',*,*,#1042,.F.);
#1377=ORIENTED_EDGE('',*,*,#1043,.F.);
#1378=ORIENTED_EDGE('',*,*,#930,.F.);
#1379=ORIENTED_EDGE('',*,*,#1008,.T.);
#1380=ORIENTED_EDGE('',*,*,#1044,.T.);
#1381=ORIENTED_EDGE('',*,*,#1035,.F.);
#1382=ORIENTED_EDGE('',*,*,#1045,.F.);
#1383=ORIENTED_EDGE('',*,*,#1007,.T.);
#1384=ORIENTED_EDGE('',*,*,#1046,.T.);
#1385=ORIENTED_EDGE('',*,*,#1036,.F.);
#1386=ORIENTED_EDGE('',*,*,#1044,.F.);
#1387=ORIENTED_EDGE('',*,*,#999,.T.);
#1388=ORIENTED_EDGE('',*,*,#1047,.F.);
#1389=ORIENTED_EDGE('',*,*,#1012,.F.);
#1390=ORIENTED_EDGE('',*,*,#935,.F.);
#1391=ORIENTED_EDGE('',*,*,#1048,.F.);
#1392=ORIENTED_EDGE('',*,*,#1049,.T.);
#1393=ORIENTED_EDGE('',*,*,#1050,.F.);
#1394=ORIENTED_EDGE('',*,*,#1049,.F.);
#1395=ORIENTED_EDGE('',*,*,#1051,.F.);
#1396=ORIENTED_EDGE('',*,*,#1052,.T.);
#1397=ORIENTED_EDGE('',*,*,#1048,.T.);
#1398=ORIENTED_EDGE('',*,*,#1052,.F.);
#1399=ORIENTED_EDGE('',*,*,#1050,.T.);
#1400=ORIENTED_EDGE('',*,*,#1053,.T.);
#1401=ORIENTED_EDGE('',*,*,#1054,.T.);
#1402=ORIENTED_EDGE('',*,*,#1053,.F.);
#1403=ORIENTED_EDGE('',*,*,#1054,.F.);
#1404=ORIENTED_EDGE('',*,*,#931,.F.);
#1405=ORIENTED_EDGE('',*,*,#1043,.T.);
#1406=ORIENTED_EDGE('',*,*,#1055,.F.);
#1407=ORIENTED_EDGE('',*,*,#1056,.F.);
#1408=ORIENTED_EDGE('',*,*,#1055,.T.);
#1409=ORIENTED_EDGE('',*,*,#1042,.T.);
#1410=ORIENTED_EDGE('',*,*,#1057,.T.);
#1411=ORIENTED_EDGE('',*,*,#1058,.T.);
#1412=ORIENTED_EDGE('',*,*,#1051,.T.);
#1413=ORIENTED_EDGE('',*,*,#1026,.T.);
#1414=ORIENTED_EDGE('',*,*,#1059,.T.);
#1415=ORIENTED_EDGE('',*,*,#1060,.T.);
#1416=ORIENTED_EDGE('',*,*,#1040,.T.);
#1417=ORIENTED_EDGE('',*,*,#1060,.F.);
#1418=ORIENTED_EDGE('',*,*,#1061,.T.);
#1419=ORIENTED_EDGE('',*,*,#1057,.F.);
#1420=ORIENTED_EDGE('',*,*,#1041,.F.);
#1421=ORIENTED_EDGE('',*,*,#1025,.T.);
#1422=ORIENTED_EDGE('',*,*,#932,.T.);
#1423=ORIENTED_EDGE('',*,*,#1056,.T.);
#1424=ORIENTED_EDGE('',*,*,#1058,.F.);
#1425=ORIENTED_EDGE('',*,*,#1061,.F.);
#1426=ORIENTED_EDGE('',*,*,#1059,.F.);
#1427=ORIENTED_EDGE('',*,*,#992,.T.);
#1428=ORIENTED_EDGE('',*,*,#942,.T.);
#1429=ORIENTED_EDGE('',*,*,#1021,.F.);
#1430=ORIENTED_EDGE('',*,*,#1062,.F.);
#1431=ORIENTED_EDGE('',*,*,#991,.T.);
#1432=ORIENTED_EDGE('',*,*,#1063,.T.);
#1433=ORIENTED_EDGE('',*,*,#1022,.F.);
#1434=ORIENTED_EDGE('',*,*,#940,.T.);
#1435=ORIENTED_EDGE('',*,*,#998,.T.);
#1436=ORIENTED_EDGE('',*,*,#1064,.T.);
#1437=ORIENTED_EDGE('',*,*,#1013,.F.);
#1438=ORIENTED_EDGE('',*,*,#1047,.T.);
#1439=ORIENTED_EDGE('',*,*,#997,.T.);
#1440=ORIENTED_EDGE('',*,*,#901,.F.);
#1441=ORIENTED_EDGE('',*,*,#1014,.F.);
#1442=ORIENTED_EDGE('',*,*,#1064,.F.);
#1443=ORIENTED_EDGE('',*,*,#1002,.T.);
#1444=ORIENTED_EDGE('',*,*,#1065,.T.);
#1445=ORIENTED_EDGE('',*,*,#1031,.F.);
#1446=ORIENTED_EDGE('',*,*,#1065,.F.);
#1447=ORIENTED_EDGE('',*,*,#1005,.T.);
#1448=ORIENTED_EDGE('',*,*,#1066,.T.);
#1449=ORIENTED_EDGE('',*,*,#1032,.F.);
#1450=ORIENTED_EDGE('',*,*,#1066,.F.);
#1451=ORIENTED_EDGE('',*,*,#1003,.T.);
#1452=ORIENTED_EDGE('',*,*,#1067,.T.);
#1453=ORIENTED_EDGE('',*,*,#1037,.F.);
#1454=ORIENTED_EDGE('',*,*,#1067,.F.);
#1455=ORIENTED_EDGE('',*,*,#1009,.T.);
#1456=ORIENTED_EDGE('',*,*,#1045,.T.);
#1457=ORIENTED_EDGE('',*,*,#1034,.F.);
#1458=ORIENTED_EDGE('',*,*,#1068,.F.);
#1459=ORIENTED_EDGE('',*,*,#1006,.T.);
#1460=ORIENTED_EDGE('',*,*,#1068,.T.);
#1461=ORIENTED_EDGE('',*,*,#1033,.F.);
#1462=ORIENTED_EDGE('',*,*,#1046,.F.);
#1463=ORIENTED_EDGE('',*,*,#996,.T.);
#1464=ORIENTED_EDGE('',*,*,#985,.T.);
#1465=ORIENTED_EDGE('',*,*,#1015,.F.);
#1466=ORIENTED_EDGE('',*,*,#921,.F.);
#1467=ORIENTED_EDGE('',*,*,#989,.T.);
#1468=ORIENTED_EDGE('',*,*,#926,.T.);
#1469=ORIENTED_EDGE('',*,*,#1024,.F.);
#1470=ORIENTED_EDGE('',*,*,#976,.F.);
#1471=ORIENTED_EDGE('',*,*,#990,.T.);
#1472=ORIENTED_EDGE('',*,*,#974,.T.);
#1473=ORIENTED_EDGE('',*,*,#1023,.F.);
#1474=ORIENTED_EDGE('',*,*,#1063,.F.);
#1475=ORIENTED_EDGE('',*,*,#978,.T.);
#1476=ORIENTED_EDGE('',*,*,#971,.T.);
#1477=ORIENTED_EDGE('',*,*,#1069,.T.);
#1478=ORIENTED_EDGE('',*,*,#1070,.F.);
#1479=ORIENTED_EDGE('',*,*,#1071,.T.);
#1480=ORIENTED_EDGE('',*,*,#1072,.F.);
#1481=ORIENTED_EDGE('',*,*,#1073,.T.);
#1482=ORIENTED_EDGE('',*,*,#970,.T.);
#1483=ORIENTED_EDGE('',*,*,#969,.T.);
#1484=ORIENTED_EDGE('',*,*,#1074,.F.);
#1485=ORIENTED_EDGE('',*,*,#1075,.F.);
#1486=ORIENTED_EDGE('',*,*,#1069,.F.);
#1487=ORIENTED_EDGE('',*,*,#1075,.T.);
#1488=ORIENTED_EDGE('',*,*,#1076,.F.);
#1489=ORIENTED_EDGE('',*,*,#1077,.F.);
#1490=ORIENTED_EDGE('',*,*,#1070,.T.);
#1491=ORIENTED_EDGE('',*,*,#1077,.T.);
#1492=ORIENTED_EDGE('',*,*,#1078,.F.);
#1493=ORIENTED_EDGE('',*,*,#1079,.F.);
#1494=ORIENTED_EDGE('',*,*,#1072,.T.);
#1495=ORIENTED_EDGE('',*,*,#1080,.F.);
#1496=ORIENTED_EDGE('',*,*,#1081,.F.);
#1497=ORIENTED_EDGE('',*,*,#967,.F.);
#1498=ORIENTED_EDGE('',*,*,#968,.T.);
#1499=ORIENTED_EDGE('',*,*,#1081,.T.);
#1500=ORIENTED_EDGE('',*,*,#1082,.F.);
#1501=ORIENTED_EDGE('',*,*,#1083,.F.);
#1502=ORIENTED_EDGE('',*,*,#1078,.T.);
#1503=ORIENTED_EDGE('',*,*,#1076,.T.);
#1504=ORIENTED_EDGE('',*,*,#1074,.T.);
#1505=ORIENTED_EDGE('',*,*,#1079,.T.);
#1506=ORIENTED_EDGE('',*,*,#1083,.T.);
#1507=ORIENTED_EDGE('',*,*,#1084,.T.);
#1508=ORIENTED_EDGE('',*,*,#1085,.T.);
#1509=ORIENTED_EDGE('',*,*,#1084,.F.);
#1510=ORIENTED_EDGE('',*,*,#1082,.T.);
#1511=ORIENTED_EDGE('',*,*,#1080,.T.);
#1512=ORIENTED_EDGE('',*,*,#1071,.F.);
#1513=ORIENTED_EDGE('',*,*,#1073,.F.);
#1514=ORIENTED_EDGE('',*,*,#1086,.T.);
#1515=ORIENTED_EDGE('',*,*,#1087,.T.);
#1516=ORIENTED_EDGE('',*,*,#1086,.F.);
#1517=ORIENTED_EDGE('',*,*,#1085,.F.);
#1518=ORIENTED_EDGE('',*,*,#1087,.F.);
#1519=ORIENTED_EDGE('',*,*,#993,.T.);
#1520=ORIENTED_EDGE('',*,*,#1062,.T.);
#1521=ORIENTED_EDGE('',*,*,#1020,.F.);
#1522=ORIENTED_EDGE('',*,*,#1088,.F.);
#1523=ORIENTED_EDGE('',*,*,#995,.T.);
#1524=ORIENTED_EDGE('',*,*,#1089,.F.);
#1525=ORIENTED_EDGE('',*,*,#1016,.F.);
#1526=ORIENTED_EDGE('',*,*,#954,.F.);
#1527=ORIENTED_EDGE('',*,*,#994,.T.);
#1528=ORIENTED_EDGE('',*,*,#1088,.T.);
#1529=ORIENTED_EDGE('',*,*,#1019,.F.);
#1530=ORIENTED_EDGE('',*,*,#1017,.F.);
#1531=ORIENTED_EDGE('',*,*,#1089,.T.);
#1532=ORIENTED_EDGE('',*,*,#1018,.T.);
#1533=ORIENTED_EDGE('',*,*,#1090,.T.);
#1534=ORIENTED_EDGE('',*,*,#1091,.F.);
#1535=ORIENTED_EDGE('',*,*,#1090,.F.);
#1536=ORIENTED_EDGE('',*,*,#1092,.T.);
#1537=ORIENTED_EDGE('',*,*,#1093,.T.);
#1538=ORIENTED_EDGE('',*,*,#1094,.T.);
#1539=ORIENTED_EDGE('',*,*,#1091,.T.);
#1540=ORIENTED_EDGE('',*,*,#1095,.T.);
#1541=ORIENTED_EDGE('',*,*,#1096,.T.);
#1542=ORIENTED_EDGE('',*,*,#1097,.T.);
#1543=ORIENTED_EDGE('',*,*,#1098,.T.);
#1544=ORIENTED_EDGE('',*,*,#1095,.F.);
#1545=ORIENTED_EDGE('',*,*,#1099,.T.);
#1546=ORIENTED_EDGE('',*,*,#1100,.F.);
#1547=ORIENTED_EDGE('',*,*,#1101,.F.);
#1548=ORIENTED_EDGE('',*,*,#1096,.F.);
#1549=ORIENTED_EDGE('',*,*,#1101,.T.);
#1550=ORIENTED_EDGE('',*,*,#1102,.F.);
#1551=ORIENTED_EDGE('',*,*,#1103,.F.);
#1552=ORIENTED_EDGE('',*,*,#1097,.F.);
#1553=ORIENTED_EDGE('',*,*,#1103,.T.);
#1554=ORIENTED_EDGE('',*,*,#1104,.F.);
#1555=ORIENTED_EDGE('',*,*,#1105,.F.);
#1556=ORIENTED_EDGE('',*,*,#1094,.F.);
#1557=ORIENTED_EDGE('',*,*,#1106,.F.);
#1558=ORIENTED_EDGE('',*,*,#1107,.F.);
#1559=ORIENTED_EDGE('',*,*,#1099,.F.);
#1560=ORIENTED_EDGE('',*,*,#1107,.T.);
#1561=ORIENTED_EDGE('',*,*,#1108,.F.);
#1562=ORIENTED_EDGE('',*,*,#1104,.T.);
#1563=ORIENTED_EDGE('',*,*,#1102,.T.);
#1564=ORIENTED_EDGE('',*,*,#1100,.T.);
#1565=ORIENTED_EDGE('',*,*,#1098,.F.);
#1566=ORIENTED_EDGE('',*,*,#1109,.T.);
#1567=ORIENTED_EDGE('',*,*,#1110,.T.);
#1568=ORIENTED_EDGE('',*,*,#1109,.F.);
#1569=ORIENTED_EDGE('',*,*,#1106,.T.);
#1570=ORIENTED_EDGE('',*,*,#1093,.F.);
#1571=ORIENTED_EDGE('',*,*,#1111,.T.);
#1572=ORIENTED_EDGE('',*,*,#1112,.T.);
#1573=ORIENTED_EDGE('',*,*,#1111,.F.);
#1574=ORIENTED_EDGE('',*,*,#1092,.F.);
#1575=ORIENTED_EDGE('',*,*,#1105,.T.);
#1576=ORIENTED_EDGE('',*,*,#1108,.T.);
#1577=ORIENTED_EDGE('',*,*,#1112,.F.);
#1578=ORIENTED_EDGE('',*,*,#1110,.F.);
#1579=ORIENTED_EDGE('',*,*,#908,.T.);
#1580=ORIENTED_EDGE('',*,*,#1113,.T.);
#1581=ORIENTED_EDGE('',*,*,#980,.T.);
#1582=ORIENTED_EDGE('',*,*,#907,.F.);
#1583=ORIENTED_EDGE('',*,*,#1114,.F.);
#1584=ORIENTED_EDGE('',*,*,#1115,.F.);
#1585=ORIENTED_EDGE('',*,*,#1116,.F.);
#1586=ORIENTED_EDGE('',*,*,#981,.T.);
#1587=ORIENTED_EDGE('',*,*,#1113,.F.);
#1588=ORIENTED_EDGE('',*,*,#1117,.F.);
#1589=ORIENTED_EDGE('',*,*,#1118,.F.);
#1590=ORIENTED_EDGE('',*,*,#1119,.F.);
#1591=ORIENTED_EDGE('',*,*,#983,.F.);
#1592=ORIENTED_EDGE('',*,*,#1119,.T.);
#1593=ORIENTED_EDGE('',*,*,#1120,.F.);
#1594=ORIENTED_EDGE('',*,*,#1114,.T.);
#1595=ORIENTED_EDGE('',*,*,#906,.T.);
#1596=ORIENTED_EDGE('',*,*,#984,.T.);
#1597=ORIENTED_EDGE('',*,*,#1121,.F.);
#1598=ORIENTED_EDGE('',*,*,#1122,.T.);
#1599=ORIENTED_EDGE('',*,*,#1123,.T.);
#1600=ORIENTED_EDGE('',*,*,#1122,.F.);
#1601=ORIENTED_EDGE('',*,*,#1118,.T.);
#1602=ORIENTED_EDGE('',*,*,#1124,.F.);
#1603=ORIENTED_EDGE('',*,*,#1125,.T.);
#1604=ORIENTED_EDGE('',*,*,#1126,.T.);
#1605=ORIENTED_EDGE('',*,*,#1125,.F.);
#1606=ORIENTED_EDGE('',*,*,#1127,.F.);
#1607=ORIENTED_EDGE('',*,*,#1115,.T.);
#1608=ORIENTED_EDGE('',*,*,#1120,.T.);
#1609=ORIENTED_EDGE('',*,*,#982,.T.);
#1610=ORIENTED_EDGE('',*,*,#1116,.T.);
#1611=ORIENTED_EDGE('',*,*,#1127,.T.);
#1612=ORIENTED_EDGE('',*,*,#1124,.T.);
#1613=ORIENTED_EDGE('',*,*,#1117,.T.);
#1614=ORIENTED_EDGE('',*,*,#1121,.T.);
#1615=ORIENTED_EDGE('',*,*,#1126,.F.);
#1616=ORIENTED_EDGE('',*,*,#1123,.F.);
#1617=ORIENTED_EDGE('',*,*,#1004,.T.);
#1618=ORIENTED_EDGE('',*,*,#1128,.T.);
#1619=ORIENTED_EDGE('',*,*,#1129,.F.);
#1620=ORIENTED_EDGE('',*,*,#1128,.F.);
#1621=ORIENTED_EDGE('',*,*,#1129,.T.);
#1622=ORIENTED_EDGE('',*,*,#1130,.T.);
#1623=ORIENTED_EDGE('',*,*,#1131,.T.);
#1624=ORIENTED_EDGE('',*,*,#1132,.T.);
#1625=ORIENTED_EDGE('',*,*,#1133,.T.);
#1626=ORIENTED_EDGE('',*,*,#1134,.F.);
#1627=ORIENTED_EDGE('',*,*,#964,.F.);
#1628=ORIENTED_EDGE('',*,*,#1135,.F.);
#1629=ORIENTED_EDGE('',*,*,#1136,.F.);
#1630=ORIENTED_EDGE('',*,*,#1134,.T.);
#1631=ORIENTED_EDGE('',*,*,#1137,.F.);
#1632=ORIENTED_EDGE('',*,*,#1138,.T.);
#1633=ORIENTED_EDGE('',*,*,#960,.F.);
#1634=ORIENTED_EDGE('',*,*,#1011,.F.);
#1635=ORIENTED_EDGE('',*,*,#965,.F.);
#1636=ORIENTED_EDGE('',*,*,#1135,.T.);
#1637=ORIENTED_EDGE('',*,*,#963,.T.);
#1638=ORIENTED_EDGE('',*,*,#1010,.F.);
#1639=ORIENTED_EDGE('',*,*,#962,.F.);
#1640=ORIENTED_EDGE('',*,*,#1139,.F.);
#1641=ORIENTED_EDGE('',*,*,#1140,.F.);
#1642=ORIENTED_EDGE('',*,*,#1136,.T.);
#1643=ORIENTED_EDGE('',*,*,#1139,.T.);
#1644=ORIENTED_EDGE('',*,*,#961,.F.);
#1645=ORIENTED_EDGE('',*,*,#1138,.F.);
#1646=ORIENTED_EDGE('',*,*,#1140,.T.);
#1647=ORIENTED_EDGE('',*,*,#1137,.T.);
#1648=ORIENTED_EDGE('',*,*,#1141,.T.);
#1649=ORIENTED_EDGE('',*,*,#1142,.F.);
#1650=ORIENTED_EDGE('',*,*,#1143,.T.);
#1651=ORIENTED_EDGE('',*,*,#1130,.F.);
#1652=ORIENTED_EDGE('',*,*,#1141,.F.);
#1653=ORIENTED_EDGE('',*,*,#1133,.F.);
#1654=ORIENTED_EDGE('',*,*,#1144,.F.);
#1655=ORIENTED_EDGE('',*,*,#1142,.T.);
#1656=ORIENTED_EDGE('',*,*,#1145,.F.);
#1657=ORIENTED_EDGE('',*,*,#1146,.T.);
#1658=ORIENTED_EDGE('',*,*,#1147,.F.);
#1659=ORIENTED_EDGE('',*,*,#1148,.T.);
#1660=ORIENTED_EDGE('',*,*,#1149,.T.);
#1661=ORIENTED_EDGE('',*,*,#1150,.T.);
#1662=ORIENTED_EDGE('',*,*,#1149,.F.);
#1663=ORIENTED_EDGE('',*,*,#1151,.T.);
#1664=ORIENTED_EDGE('',*,*,#1152,.F.);
#1665=ORIENTED_EDGE('',*,*,#1153,.T.);
#1666=ORIENTED_EDGE('',*,*,#1131,.F.);
#1667=ORIENTED_EDGE('',*,*,#1143,.F.);
#1668=ORIENTED_EDGE('',*,*,#1145,.T.);
#1669=ORIENTED_EDGE('',*,*,#1144,.T.);
#1670=ORIENTED_EDGE('',*,*,#1132,.F.);
#1671=ORIENTED_EDGE('',*,*,#1153,.F.);
#1672=ORIENTED_EDGE('',*,*,#1154,.F.);
#1673=ORIENTED_EDGE('',*,*,#1155,.F.);
#1674=ORIENTED_EDGE('',*,*,#1147,.T.);
#1675=ORIENTED_EDGE('',*,*,#1156,.F.);
#1676=ORIENTED_EDGE('',*,*,#1157,.F.);
#1677=ORIENTED_EDGE('',*,*,#1158,.F.);
#1678=ORIENTED_EDGE('',*,*,#1148,.F.);
#1679=ORIENTED_EDGE('',*,*,#1158,.T.);
#1680=ORIENTED_EDGE('',*,*,#1159,.F.);
#1681=ORIENTED_EDGE('',*,*,#1151,.F.);
#1682=ORIENTED_EDGE('',*,*,#1159,.T.);
#1683=ORIENTED_EDGE('',*,*,#1157,.T.);
#1684=ORIENTED_EDGE('',*,*,#1160,.F.);
#1685=ORIENTED_EDGE('',*,*,#1161,.F.);
#1686=ORIENTED_EDGE('',*,*,#1154,.T.);
#1687=ORIENTED_EDGE('',*,*,#1152,.T.);
#1688=ORIENTED_EDGE('',*,*,#1155,.T.);
#1689=ORIENTED_EDGE('',*,*,#1161,.T.);
#1690=ORIENTED_EDGE('',*,*,#1162,.T.);
#1691=ORIENTED_EDGE('',*,*,#1163,.T.);
#1692=ORIENTED_EDGE('',*,*,#1162,.F.);
#1693=ORIENTED_EDGE('',*,*,#1160,.T.);
#1694=ORIENTED_EDGE('',*,*,#1156,.T.);
#1695=ORIENTED_EDGE('',*,*,#1146,.F.);
#1696=ORIENTED_EDGE('',*,*,#1150,.F.);
#1697=ORIENTED_EDGE('',*,*,#1164,.T.);
#1698=ORIENTED_EDGE('',*,*,#1165,.T.);
#1699=ORIENTED_EDGE('',*,*,#1164,.F.);
#1700=ORIENTED_EDGE('',*,*,#1163,.F.);
#1701=ORIENTED_EDGE('',*,*,#1165,.F.);
#1702=PLANE('',#1873);
#1703=PLANE('',#1880);
#1704=PLANE('',#1884);
#1705=PLANE('',#1891);
#1706=PLANE('',#1896);
#1707=PLANE('',#1897);
#1708=PLANE('',#1901);
#1709=PLANE('',#1905);
#1710=PLANE('',#1906);
#1711=PLANE('',#1923);
#1712=PLANE('',#1924);
#1713=PLANE('',#1933);
#1714=PLANE('',#1943);
#1715=PLANE('',#1944);
#1716=PLANE('',#1945);
#1717=PLANE('',#1946);
#1718=PLANE('',#1947);
#1719=PLANE('',#1948);
#1720=PLANE('',#1949);
#1721=PLANE('',#1957);
#1722=PLANE('',#1958);
#1723=PLANE('',#1959);
#1724=PLANE('',#1960);
#1725=PLANE('',#1961);
#1726=PLANE('',#1962);
#1727=PLANE('',#1966);
#1728=PLANE('',#1970);
#1729=PLANE('',#1971);
#1730=PLANE('',#1972);
#1731=PLANE('',#1973);
#1732=PLANE('',#1974);
#1733=PLANE('',#1975);
#1734=PLANE('',#1979);
#1735=PLANE('',#1982);
#1736=PLANE('',#1983);
#1737=PLANE('',#1984);
#1738=PLANE('',#1991);
#1739=PLANE('',#1992);
#1740=PLANE('',#1993);
#1741=PLANE('',#1997);
#1742=PLANE('',#2007);
#1743=PLANE('',#2008);
#1744=PLANE('',#2009);
#1745=PLANE('',#2015);
#1746=PLANE('',#2016);
#1747=PLANE('',#2017);
#1748=PLANE('',#2018);
#1749=PLANE('',#2019);
#1750=PLANE('',#2028);
#1751=PLANE('',#2029);
#1752=PLANE('',#2032);
#1753=PLANE('',#2033);
#1754=PLANE('',#2038);
#1755=PLANE('',#2039);
#1756=PLANE('',#2042);
#1757=PLANE('',#2046);
#1758=PLANE('',#2053);
#1759=PLANE('',#2054);
#1760=PLANE('',#2057);
#1761=PLANE('',#2064);
#1762=ADVANCED_FACE('',(#165),#1702,.T.);
#1763=ADVANCED_FACE('',(#166),#129,.T.);
#1764=ADVANCED_FACE('',(#167),#1703,.T.);
#1765=ADVANCED_FACE('',(#168),#130,.F.);
#1766=ADVANCED_FACE('',(#169),#1704,.T.);
#1767=ADVANCED_FACE('',(#170),#131,.T.);
#1768=ADVANCED_FACE('',(#171),#132,.F.);
#1769=ADVANCED_FACE('',(#172),#1705,.T.);
#1770=ADVANCED_FACE('',(#173),#133,.T.);
#1771=ADVANCED_FACE('',(#174),#1706,.T.);
#1772=ADVANCED_FACE('',(#175),#1707,.T.);
#1773=ADVANCED_FACE('',(#176),#134,.T.);
#1774=ADVANCED_FACE('',(#177),#1708,.T.);
#1775=ADVANCED_FACE('',(#178),#135,.F.);
#1776=ADVANCED_FACE('',(#179),#1709,.T.);
#1777=ADVANCED_FACE('',(#180),#1710,.T.);
#1778=ADVANCED_FACE('',(#181),#136,.T.);
#1779=ADVANCED_FACE('',(#182),#137,.T.);
#1780=ADVANCED_FACE('',(#183),#138,.T.);
#1781=ADVANCED_FACE('',(#184),#1711,.T.);
#1782=ADVANCED_FACE('',(#185,#16,#17,#18,#19,#20),#1712,.T.);
#1783=ADVANCED_FACE('',(#186,#21,#22,#23,#24),#1713,.T.);
#1784=ADVANCED_FACE('',(#187),#1714,.T.);
#1785=ADVANCED_FACE('',(#188),#1715,.T.);
#1786=ADVANCED_FACE('',(#189),#1716,.T.);
#1787=ADVANCED_FACE('',(#190),#1717,.T.);
#1788=ADVANCED_FACE('',(#191),#1718,.T.);
#1789=ADVANCED_FACE('',(#192),#1719,.T.);
#1790=ADVANCED_FACE('',(#193),#1720,.T.);
#1791=ADVANCED_FACE('',(#194),#15,.F.);
#1792=ADVANCED_FACE('',(#195),#139,.F.);
#1793=ADVANCED_FACE('',(#196),#140,.F.);
#1794=ADVANCED_FACE('',(#197),#1721,.T.);
#1795=ADVANCED_FACE('',(#198),#1722,.T.);
#1796=ADVANCED_FACE('',(#199,#25),#1723,.T.);
#1797=ADVANCED_FACE('',(#200),#1724,.T.);
#1798=ADVANCED_FACE('',(#201),#1725,.T.);
#1799=ADVANCED_FACE('',(#202),#1726,.T.);
#1800=ADVANCED_FACE('',(#203),#141,.F.);
#1801=ADVANCED_FACE('',(#204),#142,.F.);
#1802=ADVANCED_FACE('',(#205),#143,.T.);
#1803=ADVANCED_FACE('',(#206),#1727,.T.);
#1804=ADVANCED_FACE('',(#207),#144,.F.);
#1805=ADVANCED_FACE('',(#208),#145,.F.);
#1806=ADVANCED_FACE('',(#209),#146,.F.);
#1807=ADVANCED_FACE('',(#210),#1728,.T.);
#1808=ADVANCED_FACE('',(#211),#1729,.T.);
#1809=ADVANCED_FACE('',(#212),#1730,.T.);
#1810=ADVANCED_FACE('',(#213),#1731,.T.);
#1811=ADVANCED_FACE('',(#214),#1732,.T.);
#1812=ADVANCED_FACE('',(#215,#26),#1733,.T.);
#1813=ADVANCED_FACE('',(#216),#1734,.T.);
#1814=ADVANCED_FACE('',(#217),#147,.T.);
#1815=ADVANCED_FACE('',(#218),#1735,.T.);
#1816=ADVANCED_FACE('',(#219),#1736,.T.);
#1817=ADVANCED_FACE('',(#220),#1737,.F.);
#1818=ADVANCED_FACE('',(#221),#148,.T.);
#1819=ADVANCED_FACE('',(#222),#149,.F.);
#1820=ADVANCED_FACE('',(#223,#27),#1738,.F.);
#1821=ADVANCED_FACE('',(#224),#1739,.T.);
#1822=ADVANCED_FACE('',(#225),#1740,.T.);
#1823=ADVANCED_FACE('',(#226),#150,.T.);
#1824=ADVANCED_FACE('',(#227),#151,.T.);
#1825=ADVANCED_FACE('',(#228,#28),#1741,.T.);
#1826=ADVANCED_FACE('',(#229),#152,.T.);
#1827=ADVANCED_FACE('',(#230),#153,.T.);
#1828=ADVANCED_FACE('',(#231),#1742,.T.);
#1829=ADVANCED_FACE('',(#232),#1743,.T.);
#1830=ADVANCED_FACE('',(#233),#1744,.F.);
#1831=ADVANCED_FACE('',(#234),#154,.F.);
#1832=ADVANCED_FACE('',(#235),#155,.T.);
#1833=ADVANCED_FACE('',(#236,#29),#1745,.F.);
#1834=ADVANCED_FACE('',(#237),#1746,.T.);
#1835=ADVANCED_FACE('',(#238),#1747,.T.);
#1836=ADVANCED_FACE('',(#239),#1748,.T.);
#1837=ADVANCED_FACE('',(#240),#1749,.F.);
#1838=ADVANCED_FACE('',(#241),#156,.F.);
#1839=ADVANCED_FACE('',(#242),#157,.T.);
#1840=ADVANCED_FACE('',(#243,#30),#1750,.T.);
#1841=ADVANCED_FACE('',(#244,#31),#1751,.F.);
#1842=ADVANCED_FACE('',(#245),#158,.F.);
#1843=ADVANCED_FACE('',(#246),#1752,.T.);
#1844=ADVANCED_FACE('',(#247),#1753,.F.);
#1845=ADVANCED_FACE('',(#248),#1754,.T.);
#1846=ADVANCED_FACE('',(#249),#1755,.T.);
#1847=ADVANCED_FACE('',(#250),#159,.T.);
#1848=ADVANCED_FACE('',(#251),#1756,.T.);
#1849=ADVANCED_FACE('',(#252),#160,.T.);
#1850=ADVANCED_FACE('',(#253,#32),#1757,.T.);
#1851=ADVANCED_FACE('',(#254),#161,.T.);
#1852=ADVANCED_FACE('',(#255),#1758,.T.);
#1853=ADVANCED_FACE('',(#256),#1759,.T.);
#1854=ADVANCED_FACE('',(#257),#162,.T.);
#1855=ADVANCED_FACE('',(#258),#1760,.F.);
#1856=ADVANCED_FACE('',(#259),#163,.T.);
#1857=ADVANCED_FACE('',(#260),#164,.F.);
#1858=ADVANCED_FACE('',(#261,#33),#1761,.F.);
#1859=CLOSED_SHELL('',(#1762,#1763,#1764,#1765,#1766,#1767,#1768,#1769,
#1770,#1771,#1772,#1773,#1774,#1775,#1776,#1777,#1778,#1779,#1780,#1781,
#1782,#1783,#1784,#1785,#1786,#1787,#1788,#1789,#1790,#1791,#1792,#1793,
#1794,#1795,#1796,#1797,#1798,#1799,#1800,#1801,#1802,#1803,#1804,#1805,
#1806,#1807,#1808,#1809,#1810,#1811,#1812,#1813,#1814,#1815,#1816,#1817,
#1818,#1819,#1820,#1821,#1822,#1823,#1824,#1825,#1826,#1827,#1828,#1829,
#1830,#1831,#1832,#1833,#1834,#1835,#1836,#1837,#1838,#1839,#1840,#1841,
#1842,#1843,#1844,#1845,#1846,#1847,#1848,#1849,#1850,#1851,#1852,#1853,
#1854,#1855,#1856,#1857,#1858));
#1860=DERIVED_UNIT_ELEMENT(#1862,1.);
#1861=DERIVED_UNIT_ELEMENT(#3170,-3.);
#1862=(
MASS_UNIT()
NAMED_UNIT(*)
SI_UNIT(.KILO.,.GRAM.)
);
#1863=DERIVED_UNIT((#1860,#1861));
#1864=MEASURE_REPRESENTATION_ITEM('density measure',
POSITIVE_RATIO_MEASURE(7850.),#1863);
#1865=PROPERTY_DEFINITION_REPRESENTATION(#1870,#1867);
#1866=PROPERTY_DEFINITION_REPRESENTATION(#1871,#1868);
#1867=REPRESENTATION('material name',(#1869),#3167);
#1868=REPRESENTATION('density',(#1864),#3167);
#1869=DESCRIPTIVE_REPRESENTATION_ITEM('Steel','Steel');
#1870=PROPERTY_DEFINITION('material property','material name',#3177);
#1871=PROPERTY_DEFINITION('material property','density of part',#3177);
#1872=AXIS2_PLACEMENT_3D('',#2624,#2065,#2066);
#1873=AXIS2_PLACEMENT_3D('',#2625,#2067,#2068);
#1874=AXIS2_PLACEMENT_3D('',#2634,#2073,#2074);
#1875=AXIS2_PLACEMENT_3D('',#2636,#2075,#2076);
#1876=AXIS2_PLACEMENT_3D('',#2640,#2078,#2079);
#1877=AXIS2_PLACEMENT_3D('',#2644,#2081,#2082);
#1878=AXIS2_PLACEMENT_3D('',#2648,#2084,#2085);
#1879=AXIS2_PLACEMENT_3D('',#2651,#2087,#2088);
#1880=AXIS2_PLACEMENT_3D('',#2652,#2089,#2090);
#1881=AXIS2_PLACEMENT_3D('',#2658,#2094,#2095);
#1882=AXIS2_PLACEMENT_3D('',#2660,#2096,#2097);
#1883=AXIS2_PLACEMENT_3D('',#2663,#2099,#2100);
#1884=AXIS2_PLACEMENT_3D('',#2664,#2101,#2102);
#1885=AXIS2_PLACEMENT_3D('',#2670,#2106,#2107);
#1886=AXIS2_PLACEMENT_3D('',#2672,#2108,#2109);
#1887=AXIS2_PLACEMENT_3D('',#2675,#2111,#2112);
#1888=AXIS2_PLACEMENT_3D('',#2676,#2113,#2114);
#1889=AXIS2_PLACEMENT_3D('',#2679,#2115,#2116);
#1890=AXIS2_PLACEMENT_3D('',#2683,#2118,#2119);
#1891=AXIS2_PLACEMENT_3D('',#2685,#2121,#2122);
#1892=AXIS2_PLACEMENT_3D('',#2699,#2130,#2131);
#1893=AXIS2_PLACEMENT_3D('',#2702,#2132,#2133);
#1894=AXIS2_PLACEMENT_3D('',#2706,#2135,#2136);
#1895=AXIS2_PLACEMENT_3D('',#2708,#2137,#2138);
#1896=AXIS2_PLACEMENT_3D('',#2710,#2140,#2141);
#1897=AXIS2_PLACEMENT_3D('',#2719,#2146,#2147);
#1898=AXIS2_PLACEMENT_3D('',#2728,#2152,#2153);
#1899=AXIS2_PLACEMENT_3D('',#2730,#2154,#2155);
#1900=AXIS2_PLACEMENT_3D('',#2733,#2157,#2158);
#1901=AXIS2_PLACEMENT_3D('',#2734,#2159,#2160);
#1902=AXIS2_PLACEMENT_3D('',#2740,#2164,#2165);
#1903=AXIS2_PLACEMENT_3D('',#2742,#2166,#2167);
#1904=AXIS2_PLACEMENT_3D('',#2745,#2169,#2170);
#1905=AXIS2_PLACEMENT_3D('',#2746,#2171,#2172);
#1906=AXIS2_PLACEMENT_3D('',#2754,#2177,#2178);
#1907=AXIS2_PLACEMENT_3D('',#2758,#2180,#2181);
#1908=AXIS2_PLACEMENT_3D('',#2760,#2183,#2184);
#1909=AXIS2_PLACEMENT_3D('',#2765,#2186,#2187);
#1910=AXIS2_PLACEMENT_3D('',#2768,#2189,#2190);
#1911=AXIS2_PLACEMENT_3D('',#2769,#2191,#2192);
#1912=AXIS2_PLACEMENT_3D('',#2774,#2194,#2195);
#1913=AXIS2_PLACEMENT_3D('',#2780,#2198,#2199);
#1914=AXIS2_PLACEMENT_3D('',#2784,#2201,#2202);
#1915=AXIS2_PLACEMENT_3D('',#2788,#2204,#2205);
#1916=AXIS2_PLACEMENT_3D('',#2791,#2207,#2208);
#1917=AXIS2_PLACEMENT_3D('',#2792,#2209,#2210);
#1918=AXIS2_PLACEMENT_3D('',#2793,#2211,#2212);
#1919=AXIS2_PLACEMENT_3D('',#2794,#2213,#2214);
#1920=AXIS2_PLACEMENT_3D('',#2796,#2215,#2216);
#1921=AXIS2_PLACEMENT_3D('',#2800,#2218,#2219);
#1922=AXIS2_PLACEMENT_3D('',#2803,#2221,#2222);
#1923=AXIS2_PLACEMENT_3D('',#2804,#2223,#2224);
#1924=AXIS2_PLACEMENT_3D('',#2810,#2228,#2229);
#1925=AXIS2_PLACEMENT_3D('',#2816,#2233,#2234);
#1926=AXIS2_PLACEMENT_3D('',#2818,#2235,#2236);
#1927=AXIS2_PLACEMENT_3D('',#2822,#2238,#2239);
#1928=AXIS2_PLACEMENT_3D('',#2828,#2243,#2244);
#1929=AXIS2_PLACEMENT_3D('',#2834,#2248,#2249);
#1930=AXIS2_PLACEMENT_3D('',#2836,#2250,#2251);
#1931=AXIS2_PLACEMENT_3D('',#2838,#2252,#2253);
#1932=AXIS2_PLACEMENT_3D('',#2840,#2254,#2255);
#1933=AXIS2_PLACEMENT_3D('',#2849,#2260,#2261);
#1934=AXIS2_PLACEMENT_3D('',#2855,#2265,#2266);
#1935=AXIS2_PLACEMENT_3D('',#2861,#2270,#2271);
#1936=AXIS2_PLACEMENT_3D('',#2862,#2272,#2273);
#1937=AXIS2_PLACEMENT_3D('',#2864,#2274,#2275);
#1938=AXIS2_PLACEMENT_3D('',#2867,#2277,#2278);
#1939=AXIS2_PLACEMENT_3D('',#2869,#2279,#2280);
#1940=AXIS2_PLACEMENT_3D('',#2883,#2289,#2290);
#1941=AXIS2_PLACEMENT_3D('',#2885,#2291,#2292);
#1942=AXIS2_PLACEMENT_3D('',#2895,#2297,#2298);
#1943=AXIS2_PLACEMENT_3D('',#2896,#2299,#2300);
#1944=AXIS2_PLACEMENT_3D('',#2898,#2302,#2303);
#1945=AXIS2_PLACEMENT_3D('',#2900,#2305,#2306);
#1946=AXIS2_PLACEMENT_3D('',#2901,#2307,#2308);
#1947=AXIS2_PLACEMENT_3D('',#2909,#2313,#2314);
#1948=AXIS2_PLACEMENT_3D('',#2912,#2317,#2318);
#1949=AXIS2_PLACEMENT_3D('',#2914,#2320,#2321);
#1950=AXIS2_PLACEMENT_3D('',#2916,#2323,#2324);
#1951=AXIS2_PLACEMENT_3D('',#2918,#2325,#2326);
#1952=AXIS2_PLACEMENT_3D('',#2921,#2328,#2329);
#1953=AXIS2_PLACEMENT_3D('',#2922,#2330,#2331);
#1954=AXIS2_PLACEMENT_3D('',#2924,#2332,#2333);
#1955=AXIS2_PLACEMENT_3D('',#2926,#2335,#2336);
#1956=AXIS2_PLACEMENT_3D('',#2929,#2338,#2339);
#1957=AXIS2_PLACEMENT_3D('',#2930,#2340,#2341);
#1958=AXIS2_PLACEMENT_3D('',#2931,#2342,#2343);
#1959=AXIS2_PLACEMENT_3D('',#2935,#2346,#2347);
#1960=AXIS2_PLACEMENT_3D('',#2939,#2350,#2351);
#1961=AXIS2_PLACEMENT_3D('',#2943,#2354,#2355);
#1962=AXIS2_PLACEMENT_3D('',#2945,#2357,#2358);
#1963=AXIS2_PLACEMENT_3D('',#2946,#2359,#2360);
#1964=AXIS2_PLACEMENT_3D('',#2948,#2362,#2363);
#1965=AXIS2_PLACEMENT_3D('',#2950,#2365,#2366);
#1966=AXIS2_PLACEMENT_3D('',#2952,#2368,#2369);
#1967=AXIS2_PLACEMENT_3D('',#2953,#2370,#2371);
#1968=AXIS2_PLACEMENT_3D('',#2955,#2373,#2374);
#1969=AXIS2_PLACEMENT_3D('',#2957,#2376,#2377);
#1970=AXIS2_PLACEMENT_3D('',#2959,#2379,#2380);
#1971=AXIS2_PLACEMENT_3D('',#2961,#2382,#2383);
#1972=AXIS2_PLACEMENT_3D('',#2962,#2384,#2385);
#1973=AXIS2_PLACEMENT_3D('',#2963,#2386,#2387);
#1974=AXIS2_PLACEMENT_3D('',#2964,#2388,#2389);
#1975=AXIS2_PLACEMENT_3D('',#2965,#2390,#2391);
#1976=AXIS2_PLACEMENT_3D('',#2967,#2392,#2393);
#1977=AXIS2_PLACEMENT_3D('',#2971,#2395,#2396);
#1978=AXIS2_PLACEMENT_3D('',#2974,#2398,#2399);
#1979=AXIS2_PLACEMENT_3D('',#2975,#2400,#2401);
#1980=AXIS2_PLACEMENT_3D('',#2979,#2404,#2405);
#1981=AXIS2_PLACEMENT_3D('',#2981,#2406,#2407);
#1982=AXIS2_PLACEMENT_3D('',#2983,#2409,#2410);
#1983=AXIS2_PLACEMENT_3D('',#2987,#2413,#2414);
#1984=AXIS2_PLACEMENT_3D('',#2991,#2417,#2418);
#1985=AXIS2_PLACEMENT_3D('',#2993,#2419,#2420);
#1986=AXIS2_PLACEMENT_3D('',#2994,#2421,#2422);
#1987=AXIS2_PLACEMENT_3D('',#2995,#2423,#2424);
#1988=AXIS2_PLACEMENT_3D('',#2998,#2426,#2427);
#1989=AXIS2_PLACEMENT_3D('',#2999,#2428,#2429);
#1990=AXIS2_PLACEMENT_3D('',#3002,#2431,#2432);
#1991=AXIS2_PLACEMENT_3D('',#3003,#2433,#2434);
#1992=AXIS2_PLACEMENT_3D('',#3004,#2435,#2436);
#1993=AXIS2_PLACEMENT_3D('',#3006,#2438,#2439);
#1994=AXIS2_PLACEMENT_3D('',#3008,#2441,#2442);
#1995=AXIS2_PLACEMENT_3D('',#3009,#2443,#2444);
#1996=AXIS2_PLACEMENT_3D('',#3012,#2446,#2447);
#1997=AXIS2_PLACEMENT_3D('',#3013,#2448,#2449);
#1998=AXIS2_PLACEMENT_3D('',#3016,#2450,#2451);
#1999=AXIS2_PLACEMENT_3D('',#3018,#2452,#2453);
#2000=AXIS2_PLACEMENT_3D('',#3021,#2455,#2456);
#2001=AXIS2_PLACEMENT_3D('',#3023,#2457,#2458);
#2002=AXIS2_PLACEMENT_3D('',#3026,#2460,#2461);
#2003=AXIS2_PLACEMENT_3D('',#3027,#2462,#2463);
#2004=AXIS2_PLACEMENT_3D('',#3031,#2465,#2466);
#2005=AXIS2_PLACEMENT_3D('',#3033,#2468,#2469);
#2006=AXIS2_PLACEMENT_3D('',#3035,#2470,#2471);
#2007=AXIS2_PLACEMENT_3D('',#3037,#2473,#2474);
#2008=AXIS2_PLACEMENT_3D('',#3041,#2477,#2478);
#2009=AXIS2_PLACEMENT_3D('',#3045,#2481,#2482);
#2010=AXIS2_PLACEMENT_3D('',#3046,#2483,#2484);
#2011=AXIS2_PLACEMENT_3D('',#3047,#2485,#2486);
#2012=AXIS2_PLACEMENT_3D('',#3050,#2488,#2489);
#2013=AXIS2_PLACEMENT_3D('',#3051,#2490,#2491);
#2014=AXIS2_PLACEMENT_3D('',#3054,#2493,#2494);
#2015=AXIS2_PLACEMENT_3D('',#3055,#2495,#2496);
#2016=AXIS2_PLACEMENT_3D('',#3056,#2497,#2498);
#2017=AXIS2_PLACEMENT_3D('',#3058,#2500,#2501);
#2018=AXIS2_PLACEMENT_3D('',#3064,#2505,#2506);
#2019=AXIS2_PLACEMENT_3D('',#3070,#2510,#2511);
#2020=AXIS2_PLACEMENT_3D('',#3071,#2512,#2513);
#2021=AXIS2_PLACEMENT_3D('',#3072,#2514,#2515);
#2022=AXIS2_PLACEMENT_3D('',#3074,#2516,#2517);
#2023=AXIS2_PLACEMENT_3D('',#3077,#2519,#2520);
#2024=AXIS2_PLACEMENT_3D('',#3078,#2521,#2522);
#2025=AXIS2_PLACEMENT_3D('',#3080,#2523,#2524);
#2026=AXIS2_PLACEMENT_3D('',#3083,#2526,#2527);
#2027=AXIS2_PLACEMENT_3D('',#3084,#2528,#2529);
#2028=AXIS2_PLACEMENT_3D('',#3085,#2530,#2531);
#2029=AXIS2_PLACEMENT_3D('',#3086,#2532,#2533);
#2030=AXIS2_PLACEMENT_3D('',#3087,#2534,#2535);
#2031=AXIS2_PLACEMENT_3D('',#3090,#2537,#2538);
#2032=AXIS2_PLACEMENT_3D('',#3091,#2539,#2540);
#2033=AXIS2_PLACEMENT_3D('',#3092,#2541,#2542);
#2034=AXIS2_PLACEMENT_3D('',#3095,#2543,#2544);
#2035=AXIS2_PLACEMENT_3D('',#3097,#2545,#2546);
#2036=AXIS2_PLACEMENT_3D('',#3101,#2548,#2549);
#2037=AXIS2_PLACEMENT_3D('',#3105,#2552,#2553);
#2038=AXIS2_PLACEMENT_3D('',#3106,#2554,#2555);
#2039=AXIS2_PLACEMENT_3D('',#3110,#2558,#2559);
#2040=AXIS2_PLACEMENT_3D('',#3112,#2561,#2562);
#2041=AXIS2_PLACEMENT_3D('',#3113,#2563,#2564);
#2042=AXIS2_PLACEMENT_3D('',#3114,#2565,#2566);
#2043=AXIS2_PLACEMENT_3D('',#3115,#2567,#2568);
#2044=AXIS2_PLACEMENT_3D('',#3116,#2569,#2570);
#2045=AXIS2_PLACEMENT_3D('',#3119,#2571,#2572);
#2046=AXIS2_PLACEMENT_3D('',#3122,#2575,#2576);
#2047=AXIS2_PLACEMENT_3D('',#3126,#2578,#2579);
#2048=AXIS2_PLACEMENT_3D('',#3130,#2581,#2582);
#2049=AXIS2_PLACEMENT_3D('',#3131,#2583,#2584);
#2050=AXIS2_PLACEMENT_3D('',#3133,#2585,#2586);
#2051=AXIS2_PLACEMENT_3D('',#3134,#2587,#2588);
#2052=AXIS2_PLACEMENT_3D('',#3138,#2590,#2591);
#2053=AXIS2_PLACEMENT_3D('',#3140,#2593,#2594);
#2054=AXIS2_PLACEMENT_3D('',#3144,#2597,#2598);
#2055=AXIS2_PLACEMENT_3D('',#3150,#2602,#2603);
#2056=AXIS2_PLACEMENT_3D('',#3151,#2604,#2605);
#2057=AXIS2_PLACEMENT_3D('',#3152,#2606,#2607);
#2058=AXIS2_PLACEMENT_3D('',#3154,#2608,#2609);
#2059=AXIS2_PLACEMENT_3D('',#3155,#2610,#2611);
#2060=AXIS2_PLACEMENT_3D('',#3156,#2612,#2613);
#2061=AXIS2_PLACEMENT_3D('',#3159,#2615,#2616);
#2062=AXIS2_PLACEMENT_3D('',#3160,#2617,#2618);
#2063=AXIS2_PLACEMENT_3D('',#3163,#2620,#2621);
#2064=AXIS2_PLACEMENT_3D('',#3164,#2622,#2623);
#2065=DIRECTION('axis',(0.,0.,1.));
#2066=DIRECTION('refdir',(1.,0.,0.));
#2067=DIRECTION('center_axis',(0.461576338628725,0.887100492401002,0.));
#2068=DIRECTION('ref_axis',(-0.887100492401002,0.461576338628725,0.));
#2069=DIRECTION('',(0.887100492401002,-0.461576338628725,0.));
#2070=DIRECTION('',(0.,0.,1.));
#2071=DIRECTION('',(0.887100492401002,-0.461576338628725,0.));
#2072=DIRECTION('',(0.,0.,1.));
#2073=DIRECTION('center_axis',(0.,0.,-1.));
#2074=DIRECTION('ref_axis',(0.518856271703132,-0.854861491303899,0.));
#2075=DIRECTION('center_axis',(0.,0.,-1.));
#2076=DIRECTION('ref_axis',(-1.,3.22973970800047E-15,0.));
#2077=DIRECTION('',(0.,0.,-1.));
#2078=DIRECTION('center_axis',(0.,0.,-1.));
#2079=DIRECTION('ref_axis',(-1.,3.22973970800047E-15,0.));
#2080=DIRECTION('',(0.,0.,1.));
#2081=DIRECTION('center_axis',(2.6733884532378E-94,-4.9072145332424E-79,
-1.));
#2082=DIRECTION('ref_axis',(-1.,3.22973970800047E-15,-1.85224140869277E-93));
#2083=DIRECTION('',(0.,0.,1.));
#2084=DIRECTION('center_axis',(0.,0.,-1.));
#2085=DIRECTION('ref_axis',(-1.,-1.42108547418611E-13,0.));
#2086=DIRECTION('',(0.,0.,1.));
#2087=DIRECTION('center_axis',(0.,0.,-1.));
#2088=DIRECTION('ref_axis',(-1.,-1.42108547418611E-13,0.));
#2089=DIRECTION('center_axis',(-0.461576338628726,-0.887100492401002,0.));
#2090=DIRECTION('ref_axis',(0.887100492401002,-0.461576338628726,0.));
#2091=DIRECTION('',(-0.887100492401002,0.461576338628726,0.));
#2092=DIRECTION('',(0.,0.,-1.));
#2093=DIRECTION('',(-0.887100492401002,0.461576338628726,0.));
#2094=DIRECTION('center_axis',(0.,0.,-1.));
#2095=DIRECTION('ref_axis',(-0.518856271703095,0.854861491303921,0.));
#2096=DIRECTION('center_axis',(0.,0.,1.));
#2097=DIRECTION('ref_axis',(-0.518856271703095,0.854861491303921,0.));
#2098=DIRECTION('',(0.,0.,-1.));
#2099=DIRECTION('center_axis',(0.,0.,1.));
#2100=DIRECTION('ref_axis',(-0.518856271703095,0.854861491303921,0.));
#2101=DIRECTION('center_axis',(1.,0.,0.));
#2102=DIRECTION('ref_axis',(0.,-1.,0.));
#2103=DIRECTION('',(0.,-1.,0.));
#2104=DIRECTION('',(0.,0.,1.));
#2105=DIRECTION('',(0.,-1.,0.));
#2106=DIRECTION('center_axis',(0.,0.,-1.));
#2107=DIRECTION('ref_axis',(0.707106781186544,-0.707106781186551,0.));
#2108=DIRECTION('center_axis',(0.,0.,-1.));
#2109=DIRECTION('ref_axis',(0.707106781186544,-0.707106781186551,0.));
#2110=DIRECTION('',(0.,0.,-1.));
#2111=DIRECTION('center_axis',(0.,0.,-1.));
#2112=DIRECTION('ref_axis',(0.707106781186544,-0.707106781186551,0.));
#2113=DIRECTION('center_axis',(0.,0.,-1.));
#2114=DIRECTION('ref_axis',(0.951041829266363,-0.309062192747173,0.));
#2115=DIRECTION('center_axis',(0.,0.,1.));
#2116=DIRECTION('ref_axis',(0.951041829266363,-0.309062192747173,0.));
#2117=DIRECTION('',(0.,0.,-1.));
#2118=DIRECTION('center_axis',(0.,0.,1.));
#2119=DIRECTION('ref_axis',(0.951041829266363,-0.309062192747173,0.));
#2120=DIRECTION('',(0.,0.,-1.));
#2121=DIRECTION('center_axis',(-1.,0.,0.));
#2122=DIRECTION('ref_axis',(0.,1.,0.));
#2123=DIRECTION('',(0.,1.,0.));
#2124=DIRECTION('',(0.,0.,-1.));
#2125=DIRECTION('',(0.,1.,0.));
#2126=DIRECTION('',(0.,0.,-1.));
#2127=DIRECTION('',(0.,-1.,0.));
#2128=DIRECTION('',(0.,0.,-1.));
#2129=DIRECTION('',(0.,1.,0.));
#2130=DIRECTION('center_axis',(0.,0.,-1.));
#2131=DIRECTION('ref_axis',(-0.707106781186547,0.707106781186547,0.));
#2132=DIRECTION('center_axis',(0.,0.,-1.));
#2133=DIRECTION('ref_axis',(-0.707106781186547,0.707106781186547,0.));
#2134=DIRECTION('',(0.,0.,-1.));
#2135=DIRECTION('center_axis',(0.,0.,-1.));
#2136=DIRECTION('ref_axis',(-1.,0.,0.));
#2137=DIRECTION('center_axis',(0.,0.,-1.));
#2138=DIRECTION('ref_axis',(-1.,0.,0.));
#2139=DIRECTION('',(0.,0.,1.));
#2140=DIRECTION('center_axis',(4.98020397050242E-17,-1.,0.));
#2141=DIRECTION('ref_axis',(-1.,-4.98020397050242E-17,0.));
#2142=DIRECTION('',(-1.,-4.98020397050242E-17,0.));
#2143=DIRECTION('',(0.,0.,1.));
#2144=DIRECTION('',(-1.,-4.98020397050242E-17,0.));
#2145=DIRECTION('',(0.,0.,-1.));
#2146=DIRECTION('center_axis',(0.,1.,0.));
#2147=DIRECTION('ref_axis',(1.,0.,0.));
#2148=DIRECTION('',(1.,0.,0.));
#2149=DIRECTION('',(0.,0.,1.));
#2150=DIRECTION('',(1.,0.,0.));
#2151=DIRECTION('',(0.,0.,-1.));
#2152=DIRECTION('center_axis',(0.,0.,-1.));
#2153=DIRECTION('ref_axis',(0.707106781186546,0.707106781186549,0.));
#2154=DIRECTION('center_axis',(0.,0.,-1.));
#2155=DIRECTION('ref_axis',(0.707106781186546,0.707106781186549,0.));
#2156=DIRECTION('',(0.,0.,-1.));
#2157=DIRECTION('center_axis',(0.,0.,-1.));
#2158=DIRECTION('ref_axis',(0.707106781186546,0.707106781186549,0.));
#2159=DIRECTION('center_axis',(1.,0.,0.));
#2160=DIRECTION('ref_axis',(0.,-1.,0.));
#2161=DIRECTION('',(0.,-1.,0.));
#2162=DIRECTION('',(0.,0.,1.));
#2163=DIRECTION('',(0.,-1.,0.));
#2164=DIRECTION('center_axis',(0.,0.,1.));
#2165=DIRECTION('ref_axis',(-0.90379301626897,-0.427969839759108,0.));
#2166=DIRECTION('center_axis',(0.,0.,1.));
#2167=DIRECTION('ref_axis',(-0.90379301626897,-0.427969839759108,0.));
#2168=DIRECTION('',(0.,0.,-1.));
#2169=DIRECTION('center_axis',(0.,0.,1.));
#2170=DIRECTION('ref_axis',(-0.90379301626897,-0.427969839759108,0.));
#2171=DIRECTION('center_axis',(-1.,0.,0.));
#2172=DIRECTION('ref_axis',(0.,1.,0.));
#2173=DIRECTION('',(0.,1.,0.));
#2174=DIRECTION('',(0.,1.,0.));
#2175=DIRECTION('',(0.,1.,0.));
#2176=DIRECTION('',(0.,0.,1.));
#2177=DIRECTION('center_axis',(0.,0.,1.));
#2178=DIRECTION('ref_axis',(-1.,0.,0.));
#2179=DIRECTION('',(-0.945204454622991,-0.326479002327645,0.));
#2180=DIRECTION('center_axis',(0.,0.,1.));
#2181=DIRECTION('ref_axis',(-0.326479002327646,0.945204454622991,0.));
#2182=DIRECTION('',(0.945204454622991,0.326479002327645,0.));
#2183=DIRECTION('center_axis',(0.,0.,1.));
#2184=DIRECTION('ref_axis',(0.326479002327645,-0.945204454622991,0.));
#2185=DIRECTION('',(0.,0.,1.));
#2186=DIRECTION('center_axis',(0.,0.,1.));
#2187=DIRECTION('ref_axis',(0.326479002327645,-0.945204454622991,0.));
#2188=DIRECTION('',(0.,0.,1.));
#2189=DIRECTION('center_axis',(0.,0.,-1.));
#2190=DIRECTION('ref_axis',(0.326479002327645,-0.945204454622991,0.));
#2191=DIRECTION('center_axis',(0.,0.,-1.));
#2192=DIRECTION('ref_axis',(-0.173792227972997,-0.984782342193534,0.));
#2193=DIRECTION('',(0.,0.,-1.));
#2194=DIRECTION('center_axis',(0.,0.,-1.));
#2195=DIRECTION('ref_axis',(-0.173792227972997,-0.984782342193534,0.));
#2196=DIRECTION('',(0.,0.,-1.));
#2197=DIRECTION('',(-0.173647981054655,-0.984807787680237,0.));
#2198=DIRECTION('center_axis',(8.09750038649129E-17,7.65622112118194E-17,
-1.));
#2199=DIRECTION('ref_axis',(-1.,0.,0.));
#2200=DIRECTION('',(0.,0.,1.));
#2201=DIRECTION('center_axis',(0.,0.,-1.));
#2202=DIRECTION('ref_axis',(-0.173792227972997,-0.984782342193534,0.));
#2203=DIRECTION('',(0.,0.,-1.));
#2204=DIRECTION('center_axis',(0.,0.,-1.));
#2205=DIRECTION('ref_axis',(-0.173792227972997,-0.984782342193534,0.));
#2206=DIRECTION('',(0.,0.,-1.));
#2207=DIRECTION('center_axis',(0.,0.,-1.));
#2208=DIRECTION('ref_axis',(-0.173792227972997,-0.984782342193534,0.));
#2209=DIRECTION('center_axis',(8.09750038649129E-17,7.65622112118194E-17,
-1.));
#2210=DIRECTION('ref_axis',(-1.,0.,0.));
#2211=DIRECTION('center_axis',(0.,0.,-1.));
#2212=DIRECTION('ref_axis',(1.61486985400023E-15,1.,0.));
#2213=DIRECTION('center_axis',(0.,0.,-1.));
#2214=DIRECTION('ref_axis',(1.61486985400023E-15,1.,0.));
#2215=DIRECTION('center_axis',(0.,0.,1.));
#2216=DIRECTION('ref_axis',(-1.,0.,0.));
#2217=DIRECTION('',(0.,0.,1.));
#2218=DIRECTION('center_axis',(8.09750038649129E-17,7.65622112118194E-17,
-1.));
#2219=DIRECTION('ref_axis',(-1.,0.,0.));
#2220=DIRECTION('',(0.,0.,-1.));
#2221=DIRECTION('center_axis',(7.10411148600232E-64,1.79692682323474E-78,
-1.));
#2222=DIRECTION('ref_axis',(1.61486985400023E-15,1.,2.94414837105493E-78));
#2223=DIRECTION('center_axis',(1.,0.,0.));
#2224=DIRECTION('ref_axis',(0.,-1.,0.));
#2225=DIRECTION('',(0.,0.,-1.));
#2226=DIRECTION('',(0.,-1.,0.));
#2227=DIRECTION('',(0.,-1.,0.));
#2228=DIRECTION('center_axis',(0.,0.,1.));
#2229=DIRECTION('ref_axis',(-1.,0.,0.));
#2230=DIRECTION('',(-1.,0.,0.));
#2231=DIRECTION('',(0.587862146294689,0.808961122028619,0.));
#2232=DIRECTION('',(-0.587862146294689,-0.808961122028619,0.));
#2233=DIRECTION('center_axis',(0.,0.,1.));
#2234=DIRECTION('ref_axis',(-0.453948154366394,0.891028098966213,0.));
#2235=DIRECTION('center_axis',(0.,0.,1.));
#2236=DIRECTION('ref_axis',(0.336457794755847,0.941698546429818,0.));
#2237=DIRECTION('',(-0.773592304696065,0.633683632513126,0.));
#2238=DIRECTION('center_axis',(0.,0.,-1.));
#2239=DIRECTION('ref_axis',(-0.633683632513125,-0.773592304696065,0.));
#2240=DIRECTION('',(0.773592304696065,-0.633683632513126,0.));
#2241=DIRECTION('',(-1.,0.,0.));
#2242=DIRECTION('',(0.,-1.,0.));
#2243=DIRECTION('center_axis',(0.,0.,-1.));
#2244=DIRECTION('ref_axis',(0.707106781186547,0.707106781186547,0.));
#2245=DIRECTION('',(1.,0.,0.));
#2246=DIRECTION('',(1.,0.,0.));
#2247=DIRECTION('',(-1.06166188645353E-16,-1.,0.));
#2248=DIRECTION('center_axis',(0.,0.,1.));
#2249=DIRECTION('ref_axis',(-1.,0.,0.));
#2250=DIRECTION('center_axis',(0.,0.,1.));
#2251=DIRECTION('ref_axis',(-1.,0.,0.));
#2252=DIRECTION('center_axis',(0.,0.,1.));
#2253=DIRECTION('ref_axis',(-1.,0.,0.));
#2254=DIRECTION('center_axis',(0.,0.,1.));
#2255=DIRECTION('ref_axis',(-1.,0.,0.));
#2256=DIRECTION('',(-1.,0.,0.));
#2257=DIRECTION('',(0.,1.,0.));
#2258=DIRECTION('',(1.,0.,0.));
#2259=DIRECTION('',(0.,-1.,0.));
#2260=DIRECTION('center_axis',(0.,0.,-1.));
#2261=DIRECTION('ref_axis',(1.,0.,0.));
#2262=DIRECTION('',(0.945204454622991,0.326479002327645,0.));
#2263=DIRECTION('',(-0.945204454622991,-0.326479002327645,0.));
#2264=DIRECTION('',(1.,0.,0.));
#2265=DIRECTION('center_axis',(0.,0.,-1.));
#2266=DIRECTION('ref_axis',(0.707106781186547,0.707106781186547,0.));
#2267=DIRECTION('',(0.,-1.,0.));
#2268=DIRECTION('',(-1.,0.,0.));
#2269=DIRECTION('',(0.773592304696065,-0.633683632513126,0.));
#2270=DIRECTION('center_axis',(0.,0.,-1.));
#2271=DIRECTION('ref_axis',(-0.633683632513125,-0.773592304696065,0.));
#2272=DIRECTION('center_axis',(0.,0.,-1.));
#2273=DIRECTION('ref_axis',(-1.,0.,0.));
#2274=DIRECTION('center_axis',(0.,0.,-1.));
#2275=DIRECTION('ref_axis',(-0.633683632513125,-0.773592304696065,0.));
#2276=DIRECTION('',(-0.773592304696065,0.633683632513126,0.));
#2277=DIRECTION('center_axis',(0.,0.,1.));
#2278=DIRECTION('ref_axis',(0.336457794755847,0.941698546429818,0.));
#2279=DIRECTION('center_axis',(0.,0.,1.));
#2280=DIRECTION('ref_axis',(-0.453948154366394,0.891028098966213,0.));
#2281=DIRECTION('',(-0.587862146294689,-0.808961122028619,0.));
#2282=DIRECTION('',(0.587862146294689,0.808961122028619,0.));
#2283=DIRECTION('',(-1.,0.,0.));
#2284=DIRECTION('',(2.22044604925031E-16,-1.,0.));
#2285=DIRECTION('',(1.,0.,0.));
#2286=DIRECTION('',(1.,0.,0.));
#2287=DIRECTION('',(1.06166188645353E-16,1.,0.));
#2288=DIRECTION('',(-1.,0.,0.));
#2289=DIRECTION('center_axis',(0.,0.,1.));
#2290=DIRECTION('ref_axis',(-1.,0.,0.));
#2291=DIRECTION('center_axis',(0.,0.,1.));
#2292=DIRECTION('ref_axis',(-1.,0.,0.));
#2293=DIRECTION('',(-1.,0.,0.));
#2294=DIRECTION('',(0.,-1.,0.));
#2295=DIRECTION('',(1.,0.,0.));
#2296=DIRECTION('',(0.,1.,0.));
#2297=DIRECTION('center_axis',(0.,0.,1.));
#2298=DIRECTION('ref_axis',(1.,0.,0.));
#2299=DIRECTION('center_axis',(0.,-1.,0.));
#2300=DIRECTION('ref_axis',(-1.,0.,0.));
#2301=DIRECTION('',(0.,0.,1.));
#2302=DIRECTION('center_axis',(-1.,1.06166188645353E-16,0.));
#2303=DIRECTION('ref_axis',(1.06166188645353E-16,1.,0.));
#2304=DIRECTION('',(0.,0.,1.));
#2305=DIRECTION('center_axis',(0.,1.,0.));
#2306=DIRECTION('ref_axis',(1.,0.,0.));
#2307=DIRECTION('center_axis',(0.,1.,0.));
#2308=DIRECTION('ref_axis',(1.,0.,0.));
#2309=DIRECTION('',(0.707106781186547,0.,0.707106781186548));
#2310=DIRECTION('',(-1.,0.,0.));
#2311=DIRECTION('',(0.,0.,-1.));
#2312=DIRECTION('',(-1.,0.,0.));
#2313=DIRECTION('center_axis',(0.,1.,0.));
#2314=DIRECTION('ref_axis',(1.,0.,0.));
#2315=DIRECTION('',(0.,0.,-1.));
#2316=DIRECTION('',(0.,0.,-1.));
#2317=DIRECTION('center_axis',(-1.,0.,0.));
#2318=DIRECTION('ref_axis',(0.,1.,0.));
#2319=DIRECTION('',(0.,0.,-1.));
#2320=DIRECTION('center_axis',(0.,1.,0.));
#2321=DIRECTION('ref_axis',(1.,0.,0.));
#2322=DIRECTION('',(0.,0.,1.));
#2323=DIRECTION('center_axis',(-1.,0.,0.));
#2324=DIRECTION('ref_axis',(0.,-1.,0.));
#2325=DIRECTION('center_axis',(1.,0.,0.));
#2326=DIRECTION('ref_axis',(0.,-1.,0.));
#2327=DIRECTION('',(0.515038074910054,-0.857167300702112,-1.04972719113862E-16));
#2328=DIRECTION('center_axis',(-1.,0.,0.));
#2329=DIRECTION('ref_axis',(0.,-1.,0.));
#2330=DIRECTION('center_axis',(1.,0.,0.));
#2331=DIRECTION('ref_axis',(0.,-1.,0.));
#2332=DIRECTION('center_axis',(1.,0.,0.));
#2333=DIRECTION('ref_axis',(0.,-1.,0.));
#2334=DIRECTION('',(1.,0.,0.));
#2335=DIRECTION('center_axis',(1.,0.,0.));
#2336=DIRECTION('ref_axis',(0.,-1.,0.));
#2337=DIRECTION('',(1.,0.,0.));
#2338=DIRECTION('center_axis',(1.,0.,0.));
#2339=DIRECTION('ref_axis',(0.,-1.,0.));
#2340=DIRECTION('center_axis',(-1.,0.,0.));
#2341=DIRECTION('ref_axis',(0.,-1.,0.));
#2342=DIRECTION('center_axis',(0.,0.,1.));
#2343=DIRECTION('ref_axis',(0.,1.,0.));
#2344=DIRECTION('',(0.,1.,0.));
#2345=DIRECTION('',(-1.,0.,0.));
#2346=DIRECTION('center_axis',(-1.,0.,0.));
#2347=DIRECTION('ref_axis',(0.,0.,1.));
#2348=DIRECTION('',(0.,-1.,0.));
#2349=DIRECTION('',(0.,0.,1.));
#2350=DIRECTION('center_axis',(0.707106781186548,1.57009245868378E-16,-0.707106781186547));
#2351=DIRECTION('ref_axis',(-0.707106781186547,0.,-0.707106781186548));
#2352=DIRECTION('',(-0.707106781186547,0.,-0.707106781186548));
#2353=DIRECTION('',(-2.22044604925031E-16,1.,0.));
#2354=DIRECTION('center_axis',(0.,0.,-1.));
#2355=DIRECTION('ref_axis',(-1.,0.,0.));
#2356=DIRECTION('',(-1.,0.,0.));
#2357=DIRECTION('center_axis',(0.,-1.,0.));
#2358=DIRECTION('ref_axis',(-1.,0.,0.));
#2359=DIRECTION('center_axis',(0.,0.,-1.));
#2360=DIRECTION('ref_axis',(0.336457794755847,0.941698546429818,0.));
#2361=DIRECTION('',(0.,0.,-1.));
#2362=DIRECTION('center_axis',(0.,0.,1.));
#2363=DIRECTION('ref_axis',(-0.453948154366394,0.891028098966213,0.));
#2364=DIRECTION('',(0.,0.,-1.));
#2365=DIRECTION('center_axis',(0.,0.,-1.));
#2366=DIRECTION('ref_axis',(0.707106781186547,0.707106781186547,0.));
#2367=DIRECTION('',(0.,0.,-1.));
#2368=DIRECTION('center_axis',(1.,0.,0.));
#2369=DIRECTION('ref_axis',(0.,-1.,0.));
#2370=DIRECTION('center_axis',(0.,0.,-1.));
#2371=DIRECTION('ref_axis',(-1.,0.,0.));
#2372=DIRECTION('',(0.,0.,-1.));
#2373=DIRECTION('center_axis',(0.,0.,-1.));
#2374=DIRECTION('ref_axis',(-1.,0.,0.));
#2375=DIRECTION('',(0.,0.,-1.));
#2376=DIRECTION('center_axis',(0.,0.,-1.));
#2377=DIRECTION('ref_axis',(-1.,0.,0.));
#2378=DIRECTION('',(0.,0.,-1.));
#2379=DIRECTION('center_axis',(1.,0.,0.));
#2380=DIRECTION('ref_axis',(0.,-1.,0.));
#2381=DIRECTION('',(0.,0.,-1.));
#2382=DIRECTION('center_axis',(0.,-1.,0.));
#2383=DIRECTION('ref_axis',(-1.,0.,0.));
#2384=DIRECTION('center_axis',(0.,-1.,0.));
#2385=DIRECTION('ref_axis',(-1.,0.,0.));
#2386=DIRECTION('center_axis',(-0.808961122028619,0.587862146294689,0.));
#2387=DIRECTION('ref_axis',(-0.587862146294689,-0.808961122028619,0.));
#2388=DIRECTION('center_axis',(0.808961122028619,-0.587862146294689,0.));
#2389=DIRECTION('ref_axis',(0.587862146294689,0.808961122028619,0.));
#2390=DIRECTION('center_axis',(-8.09750038649129E-17,-7.65622112118194E-17,
1.));
#2391=DIRECTION('ref_axis',(-1.,-1.88624944183557E-31,-8.09750038649129E-17));
#2392=DIRECTION('center_axis',(0.,0.,1.));
#2393=DIRECTION('ref_axis',(0.984807787676944,-0.17364798107333,0.));
#2394=DIRECTION('',(0.984790649887885,-0.173745146388029,0.));
#2395=DIRECTION('center_axis',(-8.09750038649129E-17,-7.65622112118194E-17,
1.));
#2396=DIRECTION('ref_axis',(-1.,-1.88624944183557E-31,-8.09750038649129E-17));
#2397=DIRECTION('',(-0.984782342193534,0.173792227972993,0.));
#2398=DIRECTION('center_axis',(8.09750038649129E-17,7.65622112118194E-17,
-1.));
#2399=DIRECTION('ref_axis',(-1.,-1.88624944183557E-31,-8.09750038649129E-17));
#2400=DIRECTION('center_axis',(0.984807787680237,-0.173647981054655,0.));
#2401=DIRECTION('ref_axis',(-0.173647981054655,-0.984807787680237,0.));
#2402=DIRECTION('',(-0.173647981054655,-0.984807787680237,0.));
#2403=DIRECTION('',(0.,0.,-1.));
#2404=DIRECTION('center_axis',(0.,0.,-1.));
#2405=DIRECTION('ref_axis',(0.984807787676944,-0.17364798107333,0.));
#2406=DIRECTION('center_axis',(0.,0.,-1.));
#2407=DIRECTION('ref_axis',(0.984807787676944,-0.17364798107333,0.));
#2408=DIRECTION('',(0.,0.,-1.));
#2409=DIRECTION('center_axis',(0.173745146388029,0.984790649887885,0.));
#2410=DIRECTION('ref_axis',(0.984790649887885,-0.173745146388029,0.));
#2411=DIRECTION('',(0.984790649887885,-0.173745146388029,0.));
#2412=DIRECTION('',(0.,0.,-1.));
#2413=DIRECTION('center_axis',(-0.173792227972993,-0.984782342193534,0.));
#2414=DIRECTION('ref_axis',(-0.984782342193534,0.173792227972993,0.));
#2415=DIRECTION('',(0.,0.,1.));
#2416=DIRECTION('',(-0.984782342193534,0.173792227972993,0.));
#2417=DIRECTION('center_axis',(0.,0.,1.));
#2418=DIRECTION('ref_axis',(-1.,0.,0.));
#2419=DIRECTION('center_axis',(0.,0.,-1.));
#2420=DIRECTION('ref_axis',(-1.,-1.88624944183557E-31,0.));
#2421=DIRECTION('center_axis',(0.,0.,-1.));
#2422=DIRECTION('ref_axis',(-1.,-1.88624944183557E-31,0.));
#2423=DIRECTION('center_axis',(0.,0.,1.));
#2424=DIRECTION('ref_axis',(-1.,-1.88624944183557E-31,0.));
#2425=DIRECTION('',(0.,0.,-1.));
#2426=DIRECTION('center_axis',(-8.09750038649129E-17,-7.65622112118194E-17,
1.));
#2427=DIRECTION('ref_axis',(-1.,-1.88624944183557E-31,-8.09750038649129E-17));
#2428=DIRECTION('center_axis',(0.,0.,1.));
#2429=DIRECTION('ref_axis',(-1.,-1.88624944183557E-31,0.));
#2430=DIRECTION('',(0.,0.,-1.));
#2431=DIRECTION('center_axis',(8.09750038649129E-17,7.65622112118194E-17,
-1.));
#2432=DIRECTION('ref_axis',(-1.,-1.88624944183557E-31,-8.09750038649129E-17));
#2433=DIRECTION('center_axis',(-8.09750038649129E-17,-7.65622112118194E-17,
1.));
#2434=DIRECTION('ref_axis',(-1.,-1.88624944183557E-31,-8.09750038649129E-17));
#2435=DIRECTION('center_axis',(-0.633683632513126,-0.773592304696065,0.));
#2436=DIRECTION('ref_axis',(0.773592304696065,-0.633683632513126,0.));
#2437=DIRECTION('',(0.,0.,-1.));
#2438=DIRECTION('center_axis',(0.633683632513126,0.773592304696065,0.));
#2439=DIRECTION('ref_axis',(-0.773592304696065,0.633683632513126,0.));
#2440=DIRECTION('',(0.,0.,1.));
#2441=DIRECTION('center_axis',(0.,0.,1.));
#2442=DIRECTION('ref_axis',(-0.633683632513125,-0.773592304696065,0.));
#2443=DIRECTION('center_axis',(0.,0.,1.));
#2444=DIRECTION('ref_axis',(-1.,0.,0.));
#2445=DIRECTION('',(0.,0.,-1.));
#2446=DIRECTION('center_axis',(8.09750038649129E-17,7.65622112118194E-17,
-1.));
#2447=DIRECTION('ref_axis',(-1.,0.,0.));
#2448=DIRECTION('center_axis',(-8.09750038649129E-17,-7.65622112118194E-17,
1.));
#2449=DIRECTION('ref_axis',(-1.,-1.88624944183557E-31,-8.09750038649129E-17));
#2450=DIRECTION('center_axis',(-8.09750038649129E-17,-7.65622112118194E-17,
1.));
#2451=DIRECTION('ref_axis',(-1.,-1.88624944183557E-31,-8.09750038649129E-17));
#2452=DIRECTION('center_axis',(-8.09750038649129E-17,-7.65622112118194E-17,
1.));
#2453=DIRECTION('ref_axis',(-1.,-1.88624944183557E-31,-8.09750038649129E-17));
#2454=DIRECTION('',(0.,1.,0.));
#2455=DIRECTION('center_axis',(0.,0.,1.));
#2456=DIRECTION('ref_axis',(1.,-1.61486985400023E-15,0.));
#2457=DIRECTION('center_axis',(0.,0.,1.));
#2458=DIRECTION('ref_axis',(-1.61486985400023E-15,1.,0.));
#2459=DIRECTION('',(0.,-1.,0.));
#2460=DIRECTION('center_axis',(8.09750038649129E-17,7.65622112118194E-17,
-1.));
#2461=DIRECTION('ref_axis',(-1.,-1.88624944183557E-31,-8.09750038649129E-17));
#2462=DIRECTION('center_axis',(0.,0.,-1.));
#2463=DIRECTION('ref_axis',(1.,-1.61486985400023E-15,0.));
#2464=DIRECTION('',(0.,0.,-1.));
#2465=DIRECTION('center_axis',(0.,0.,-1.));
#2466=DIRECTION('ref_axis',(1.,-1.61486985400023E-15,0.));
#2467=DIRECTION('',(0.,0.,-1.));
#2468=DIRECTION('center_axis',(0.,0.,-1.));
#2469=DIRECTION('ref_axis',(-1.61486985400023E-15,1.,0.));
#2470=DIRECTION('center_axis',(0.,0.,-1.));
#2471=DIRECTION('ref_axis',(-1.61486985400023E-15,1.,0.));
#2472=DIRECTION('',(0.,0.,-1.));
#2473=DIRECTION('center_axis',(-1.,0.,0.));
#2474=DIRECTION('ref_axis',(0.,1.,0.));
#2475=DIRECTION('',(0.,1.,0.));
#2476=DIRECTION('',(0.,0.,-1.));
#2477=DIRECTION('center_axis',(1.,0.,0.));
#2478=DIRECTION('ref_axis',(0.,-1.,0.));
#2479=DIRECTION('',(0.,0.,1.));
#2480=DIRECTION('',(0.,-1.,0.));
#2481=DIRECTION('center_axis',(0.,0.,1.));
#2482=DIRECTION('ref_axis',(-1.,0.,0.));
#2483=DIRECTION('center_axis',(0.,0.,-1.));
#2484=DIRECTION('ref_axis',(-1.,-1.88624944183557E-31,0.));
#2485=DIRECTION('center_axis',(0.,0.,1.));
#2486=DIRECTION('ref_axis',(-1.,-1.88624944183557E-31,0.));
#2487=DIRECTION('',(0.,0.,-1.));
#2488=DIRECTION('center_axis',(8.09750038649129E-17,7.65622112118194E-17,
-1.));
#2489=DIRECTION('ref_axis',(-1.,-1.88624944183557E-31,-8.09750038649129E-17));
#2490=DIRECTION('center_axis',(0.,0.,1.));
#2491=DIRECTION('ref_axis',(-1.,-1.88624944183557E-31,0.));
#2492=DIRECTION('',(0.,0.,-1.));
#2493=DIRECTION('center_axis',(-8.09750038649129E-17,-7.65622112118194E-17,
1.));
#2494=DIRECTION('ref_axis',(-1.,-1.88624944183557E-31,-8.09750038649129E-17));
#2495=DIRECTION('center_axis',(-8.09750038649129E-17,-7.65622112118194E-17,
1.));
#2496=DIRECTION('ref_axis',(-1.,-1.88624944183557E-31,-8.09750038649129E-17));
#2497=DIRECTION('center_axis',(0.,0.,1.));
#2498=DIRECTION('ref_axis',(-1.,0.,0.));
#2499=DIRECTION('',(1.,-1.4210854715202E-15,5.42341872339447E-33));
#2500=DIRECTION('center_axis',(0.,-1.,0.));
#2501=DIRECTION('ref_axis',(-1.,0.,-4.79403658720481E-95));
#2502=DIRECTION('',(-1.,0.,-4.79403658720481E-95));
#2503=DIRECTION('',(0.,0.,-1.));
#2504=DIRECTION('',(1.,0.,4.79403658720481E-95));
#2505=DIRECTION('center_axis',(0.,1.,0.));
#2506=DIRECTION('ref_axis',(1.,0.,7.10411148600234E-64));
#2507=DIRECTION('',(-1.,0.,-7.10411148600234E-64));
#2508=DIRECTION('',(0.,0.,1.));
#2509=DIRECTION('',(1.,0.,7.10411148600234E-64));
#2510=DIRECTION('center_axis',(-1.23259516440783E-32,-2.32498194087349E-63,
1.));
#2511=DIRECTION('ref_axis',(-1.,0.,-1.23259516440783E-32));
#2512=DIRECTION('center_axis',(1.23259516440783E-32,2.32498194087349E-63,
-1.));
#2513=DIRECTION('ref_axis',(-1.,-1.88624944183557E-31,0.));
#2514=DIRECTION('center_axis',(0.,0.,1.));
#2515=DIRECTION('ref_axis',(-1.,-1.88624944183557E-31,0.));
#2516=DIRECTION('center_axis',(8.09750038649129E-17,7.65622112118194E-17,
-1.));
#2517=DIRECTION('ref_axis',(-1.,-1.88624944183557E-31,-8.09750038649129E-17));
#2518=DIRECTION('',(0.,0.,-1.));
#2519=DIRECTION('center_axis',(8.09750038649129E-17,7.65622112118194E-17,
-1.));
#2520=DIRECTION('ref_axis',(-1.,-1.88624944183557E-31,-8.09750038649129E-17));
#2521=DIRECTION('center_axis',(0.,0.,1.));
#2522=DIRECTION('ref_axis',(-1.,-1.88624944183557E-31,0.));
#2523=DIRECTION('center_axis',(-8.09750038649129E-17,-7.65622112118194E-17,
1.));
#2524=DIRECTION('ref_axis',(-1.,-1.88624944183557E-31,-8.09750038649129E-17));
#2525=DIRECTION('',(0.,0.,-1.));
#2526=DIRECTION('center_axis',(-8.09750038649129E-17,-7.65622112118194E-17,
1.));
#2527=DIRECTION('ref_axis',(-1.,-1.88624944183557E-31,-8.09750038649129E-17));
#2528=DIRECTION('center_axis',(-8.09750038649129E-17,-7.65622112118194E-17,
1.));
#2529=DIRECTION('ref_axis',(-1.,-1.88624944183557E-31,-8.09750038649129E-17));
#2530=DIRECTION('center_axis',(-8.09750038649129E-17,-7.65622112118194E-17,
1.));
#2531=DIRECTION('ref_axis',(-1.,-1.88624944183557E-31,-8.09750038649129E-17));
#2532=DIRECTION('center_axis',(-8.09750038649129E-17,-7.65622112118194E-17,
1.));
#2533=DIRECTION('ref_axis',(-1.,-1.88624944183557E-31,-8.09750038649129E-17));
#2534=DIRECTION('center_axis',(0.,0.,1.));
#2535=DIRECTION('ref_axis',(-1.,0.,0.));
#2536=DIRECTION('',(0.,0.,-1.));
#2537=DIRECTION('center_axis',(0.,0.,1.));
#2538=DIRECTION('ref_axis',(-1.,0.,0.));
#2539=DIRECTION('center_axis',(0.,0.,1.));
#2540=DIRECTION('ref_axis',(-1.,0.,0.));
#2541=DIRECTION('center_axis',(0.,0.,1.));
#2542=DIRECTION('ref_axis',(-1.,0.,0.));
#2543=DIRECTION('center_axis',(0.,0.,1.));
#2544=DIRECTION('ref_axis',(-1.,0.,0.));
#2545=DIRECTION('center_axis',(0.,0.,1.));
#2546=DIRECTION('ref_axis',(1.,3.22973970878728E-15,0.));
#2547=DIRECTION('',(-1.,0.,0.));
#2548=DIRECTION('center_axis',(0.,0.,1.));
#2549=DIRECTION('ref_axis',(-1.,0.,0.));
#2550=DIRECTION('',(-0.945204454622991,-0.326479002327645,0.));
#2551=DIRECTION('',(0.945204454622991,0.326479002327645,0.));
#2552=DIRECTION('center_axis',(0.,0.,1.));
#2553=DIRECTION('ref_axis',(-0.326479002327646,0.945204454622991,0.));
#2554=DIRECTION('center_axis',(-0.326479002327645,0.945204454622991,0.));
#2555=DIRECTION('ref_axis',(-0.945204454622991,-0.326479002327645,0.));
#2556=DIRECTION('',(0.945204454622991,0.326479002327645,0.));
#2557=DIRECTION('',(0.,0.,1.));
#2558=DIRECTION('center_axis',(0.326479002327645,-0.945204454622991,0.));
#2559=DIRECTION('ref_axis',(0.945204454622991,0.326479002327645,0.));
#2560=DIRECTION('',(0.,0.,1.));
#2561=DIRECTION('center_axis',(0.,0.,1.));
#2562=DIRECTION('ref_axis',(-0.326479002327646,0.945204454622991,0.));
#2563=DIRECTION('center_axis',(0.,0.,-1.));
#2564=DIRECTION('ref_axis',(-0.326479002327646,0.945204454622991,0.));
#2565=DIRECTION('center_axis',(0.,0.,1.));
#2566=DIRECTION('ref_axis',(-1.,0.,0.));
#2567=DIRECTION('center_axis',(0.,0.,1.));
#2568=DIRECTION('ref_axis',(-1.,0.,0.));
#2569=DIRECTION('center_axis',(0.,0.,1.));
#2570=DIRECTION('ref_axis',(-0.55166642767413,-0.834064837154321,0.));
#2571=DIRECTION('center_axis',(8.09750038649129E-17,7.65622112118194E-17,
-1.));
#2572=DIRECTION('ref_axis',(-1.,0.,0.));
#2573=DIRECTION('',(0.,0.,1.));
#2574=DIRECTION('',(0.,0.,1.));
#2575=DIRECTION('center_axis',(-8.09750038649129E-17,-7.65622112118194E-17,
1.));
#2576=DIRECTION('ref_axis',(-1.,-1.88624944183557E-31,-8.09750038649129E-17));
#2577=DIRECTION('',(1.,0.,0.));
#2578=DIRECTION('center_axis',(-8.09750038649129E-17,-7.65622112118194E-17,
1.));
#2579=DIRECTION('ref_axis',(-1.,-1.88624944183557E-31,-8.09750038649129E-17));
#2580=DIRECTION('',(-1.,0.,0.));
#2581=DIRECTION('center_axis',(0.,0.,1.));
#2582=DIRECTION('ref_axis',(-1.61486985400023E-15,-1.,0.));
#2583=DIRECTION('center_axis',(0.,0.,1.));
#2584=DIRECTION('ref_axis',(1.,-1.61486985400023E-15,0.));
#2585=DIRECTION('center_axis',(8.09750038649129E-17,7.65622112118194E-17,
-1.));
#2586=DIRECTION('ref_axis',(-1.,-1.88624944183557E-31,-8.09750038649129E-17));
#2587=DIRECTION('center_axis',(0.,0.,-1.));
#2588=DIRECTION('ref_axis',(1.,-1.61486985400023E-15,0.));
#2589=DIRECTION('',(0.,0.,-1.));
#2590=DIRECTION('center_axis',(0.,0.,-1.));
#2591=DIRECTION('ref_axis',(1.,-1.61486985400023E-15,0.));
#2592=DIRECTION('',(0.,0.,1.));
#2593=DIRECTION('center_axis',(0.,1.,0.));
#2594=DIRECTION('ref_axis',(1.,0.,0.));
#2595=DIRECTION('',(1.,0.,0.));
#2596=DIRECTION('',(0.,0.,-1.));
#2597=DIRECTION('center_axis',(0.,-1.,0.));
#2598=DIRECTION('ref_axis',(-1.,0.,0.));
#2599=DIRECTION('',(0.,0.,1.));
#2600=DIRECTION('',(-1.,0.,0.));
#2601=DIRECTION('',(0.,0.,-1.));
#2602=DIRECTION('center_axis',(0.,0.,-1.));
#2603=DIRECTION('ref_axis',(-1.61486985400023E-15,-1.,0.));
#2604=DIRECTION('center_axis',(0.,0.,-1.));
#2605=DIRECTION('ref_axis',(-1.61486985400023E-15,-1.,0.));
#2606=DIRECTION('center_axis',(0.,0.,1.));
#2607=DIRECTION('ref_axis',(-1.,0.,0.));
#2608=DIRECTION('center_axis',(0.,0.,-1.));
#2609=DIRECTION('ref_axis',(-1.,-1.88624944183557E-31,0.));
#2610=DIRECTION('center_axis',(0.,0.,-1.));
#2611=DIRECTION('ref_axis',(-1.,-1.88624944183557E-31,0.));
#2612=DIRECTION('center_axis',(0.,0.,1.));
#2613=DIRECTION('ref_axis',(-1.,-1.88624944183557E-31,0.));
#2614=DIRECTION('',(0.,0.,-1.));
#2615=DIRECTION('center_axis',(-8.09750038649129E-17,-7.65622112118194E-17,
1.));
#2616=DIRECTION('ref_axis',(-1.,-1.88624944183557E-31,-8.09750038649129E-17));
#2617=DIRECTION('center_axis',(0.,0.,1.));
#2618=DIRECTION('ref_axis',(-1.,-1.88624944183557E-31,0.));
#2619=DIRECTION('',(0.,0.,-1.));
#2620=DIRECTION('center_axis',(8.09750038649129E-17,7.65622112118194E-17,
-1.));
#2621=DIRECTION('ref_axis',(-1.,-1.88624944183557E-31,-8.09750038649129E-17));
#2622=DIRECTION('center_axis',(-8.09750038649129E-17,-7.65622112118194E-17,
1.));
#2623=DIRECTION('ref_axis',(-1.,-1.88624944183557E-31,-8.09750038649129E-17));
#2624=CARTESIAN_POINT('',(0.,0.,0.));
#2625=CARTESIAN_POINT('Origin',(32.6168633582498,33.8222806482279,22.));
#2626=CARTESIAN_POINT('',(25.1351384254896,37.7151735399271,22.5));
#2627=CARTESIAN_POINT('',(32.6168633582498,33.8222806482279,22.5));
#2628=CARTESIAN_POINT('',(23.2489525986335,38.6965941967652,22.5));
#2629=CARTESIAN_POINT('',(32.6168633582498,33.8222806482279,19.5));
#2630=CARTESIAN_POINT('',(32.6168633582498,33.8222806482279,22.));
#2631=CARTESIAN_POINT('',(25.1351384254896,37.7151735399271,19.5));
#2632=CARTESIAN_POINT('',(32.6168633582498,33.8222806482279,19.5));
#2633=CARTESIAN_POINT('',(25.1351384254896,37.7151735399271,23.5));
#2634=CARTESIAN_POINT('Origin',(31.3475284270208,31.3827542941252,5.00000000000001));
#2635=CARTESIAN_POINT('',(30.0781934957918,28.9432279400224,22.5));
#2636=CARTESIAN_POINT('Origin',(31.3475284270208,31.3827542941252,22.5));
#2637=CARTESIAN_POINT('',(30.078193498173,28.9432279445989,19.5));
#2638=CARTESIAN_POINT('',(30.0781934957918,28.9432279400224,5.00000000000001));
#2639=CARTESIAN_POINT('',(28.5975284321797,31.3827542941248,19.5));
#2640=CARTESIAN_POINT('Origin',(31.3475284270208,31.3827542941252,19.5));
#2641=CARTESIAN_POINT('',(28.5975284296003,31.3827542941249,2.50000000000001));
#2642=CARTESIAN_POINT('',(28.5975284321797,31.3827542941248,5.));
#2643=CARTESIAN_POINT('',(31.3475284270208,28.6327542941252,2.50000000000001));
#2644=CARTESIAN_POINT('Origin',(31.3475284270208,31.3827542941252,2.50000000000001));
#2645=CARTESIAN_POINT('',(31.3475284270208,28.6327542941252,22.));
#2646=CARTESIAN_POINT('',(31.3475284270208,28.6327542941252,5.));
#2647=CARTESIAN_POINT('',(34.0975284218619,31.382754294279,22.));
#2648=CARTESIAN_POINT('Origin',(31.3475284270208,31.3827542941252,22.));
#2649=CARTESIAN_POINT('',(34.0975284218619,31.382754294279,19.5));
#2650=CARTESIAN_POINT('',(34.0975284218619,31.382754294279,22.));
#2651=CARTESIAN_POINT('Origin',(31.3475284270208,31.3827542941252,19.5));
#2652=CARTESIAN_POINT('Origin',(20.1921360077825,34.087143717183,22.));
#2653=CARTESIAN_POINT('',(29.5198674413758,29.2337362850926,22.5));
#2654=CARTESIAN_POINT('',(15.7672539921709,36.38949937714,22.5));
#2655=CARTESIAN_POINT('',(29.5198674413758,29.2337362850926,19.5));
#2656=CARTESIAN_POINT('',(29.5198674413758,29.2337362850926,22.));
#2657=CARTESIAN_POINT('',(20.1921360077825,34.087143717183,19.5));
#2658=CARTESIAN_POINT('Origin',(28.1351384254896,26.5724348078896,23.5));
#2659=CARTESIAN_POINT('',(25.1351384254896,26.5724348078896,22.5));
#2660=CARTESIAN_POINT('Origin',(28.1351384254896,26.5724348078896,22.5));
#2661=CARTESIAN_POINT('',(25.1351384254896,26.5724348078896,19.5));
#2662=CARTESIAN_POINT('',(25.1351384254896,26.5724348078896,23.5));
#2663=CARTESIAN_POINT('Origin',(28.1351384254896,26.5724348078896,19.5));
#2664=CARTESIAN_POINT('Origin',(25.1351384254896,40.3665254069511,25.));
#2665=CARTESIAN_POINT('',(25.1351384254896,10.6504523417336,22.5));
#2666=CARTESIAN_POINT('',(25.1351384254896,21.6577321178315,22.5));
#2667=CARTESIAN_POINT('',(25.1351384254896,10.6504523417336,19.5));
#2668=CARTESIAN_POINT('',(25.1351384254896,10.6504523417336,25.));
#2669=CARTESIAN_POINT('',(25.1351384254896,40.3665254069511,19.5));
#2670=CARTESIAN_POINT('Origin',(24.6351384254896,10.6504523417336,25.));
#2671=CARTESIAN_POINT('',(24.6351384254896,10.1504523417336,22.5));
#2672=CARTESIAN_POINT('Origin',(24.6351384254896,10.6504523417336,22.5));
#2673=CARTESIAN_POINT('',(24.6351384254896,10.1504523417336,19.5));
#2674=CARTESIAN_POINT('',(24.6351384254896,10.1504523417336,25.));
#2675=CARTESIAN_POINT('Origin',(24.6351384254896,10.6504523417336,19.5));
#2676=CARTESIAN_POINT('Origin',(-27.9503055121872,-3.4161207627656,23.5));
#2677=CARTESIAN_POINT('',(-21.0741359749439,-8.41294900627045,22.5));
#2678=CARTESIAN_POINT('',(-19.4503055121872,-3.4161207627656,22.5));
#2679=CARTESIAN_POINT('Origin',(-27.9503055121872,-3.4161207627656,22.5));
#2680=CARTESIAN_POINT('',(-19.4503055121872,-3.4161207627656,19.5));
#2681=CARTESIAN_POINT('',(-19.4503055121872,-3.4161207627656,23.5));
#2682=CARTESIAN_POINT('',(-21.0741359749439,-8.41294900627045,19.5));
#2683=CARTESIAN_POINT('Origin',(-27.9503055121872,-3.4161207627656,19.5));
#2684=CARTESIAN_POINT('',(-21.0741359749439,-8.41294900627045,22.));
#2685=CARTESIAN_POINT('Origin',(-19.4503055121872,-9.4078053511998,25.));
#2686=CARTESIAN_POINT('',(-19.4503055121872,14.0552262722153,22.5));
#2687=CARTESIAN_POINT('',(-19.4503055121872,-3.22943326124395,22.5));
#2688=CARTESIAN_POINT('',(-19.4503055121872,14.0552262722153,19.5));
#2689=CARTESIAN_POINT('',(-19.4503055121872,14.0552262722153,23.5));
#2690=CARTESIAN_POINT('',(-19.4503055121872,8.34130966546955,19.5));
#2691=CARTESIAN_POINT('',(-19.4503055121872,40.3665254069511,19.5));
#2692=CARTESIAN_POINT('',(-19.4503055121872,8.34130966546955,18.5));
#2693=CARTESIAN_POINT('',(-19.4503055121872,8.34130966546955,22.));
#2694=CARTESIAN_POINT('',(-19.4503055121872,3.34130966546955,18.5));
#2695=CARTESIAN_POINT('',(-19.4503055121872,-3.03324784286513,18.5));
#2696=CARTESIAN_POINT('',(-19.4503055121872,3.34130966546955,19.5));
#2697=CARTESIAN_POINT('',(-19.4503055121872,3.34130966546955,22.));
#2698=CARTESIAN_POINT('',(-19.4503055121872,40.3665254069511,19.5));
#2699=CARTESIAN_POINT('Origin',(-16.9503055121872,37.8665254069511,25.));
#2700=CARTESIAN_POINT('',(-19.4503055121872,37.8665254069511,22.5));
#2701=CARTESIAN_POINT('',(-16.9503055121872,40.3665254069511,22.5));
#2702=CARTESIAN_POINT('Origin',(-16.9503055121872,37.8665254069511,22.5));
#2703=CARTESIAN_POINT('',(-16.9503055121872,40.3665254069511,19.5));
#2704=CARTESIAN_POINT('',(-16.9503055121872,40.3665254069511,25.));
#2705=CARTESIAN_POINT('',(-19.4404448739493,38.0883495693029,19.5));
#2706=CARTESIAN_POINT('Origin',(-16.9503055121872,37.8665254069511,19.5));
#2707=CARTESIAN_POINT('',(-19.4503055121872,37.8665254069511,19.5));
#2708=CARTESIAN_POINT('Origin',(-16.9503055121872,37.8665254069511,19.5));
#2709=CARTESIAN_POINT('',(-19.4503055121872,37.8665254069511,25.));
#2710=CARTESIAN_POINT('Origin',(25.1351384254896,-9.4078053511998,25.));
#2711=CARTESIAN_POINT('',(18.8879698786068,-9.4078053511998,22.5));
#2712=CARTESIAN_POINT('',(-10.6677849883853,-9.4078053511998,22.5));
#2713=CARTESIAN_POINT('',(11.6758054923049,-9.4078053511998,22.5));
#2714=CARTESIAN_POINT('',(-10.6677849883853,-9.4078053511998,19.5));
#2715=CARTESIAN_POINT('',(-10.6677849883853,-9.4078053511998,23.5));
#2716=CARTESIAN_POINT('',(18.8879698786068,-9.4078053511998,19.5));
#2717=CARTESIAN_POINT('',(25.1351384254896,-9.4078053511998,19.5));
#2718=CARTESIAN_POINT('',(18.8879698786068,-9.4078053511998,23.5));
#2719=CARTESIAN_POINT('Origin',(15.8832506304276,-0.172842129206625,25.));
#2720=CARTESIAN_POINT('',(15.8832506304276,-0.172842129206625,22.5));
#2721=CARTESIAN_POINT('',(24.6351384254896,-0.172842129206625,22.5));
#2722=CARTESIAN_POINT('',(4.31392998356178,-0.172842129206625,22.5));
#2723=CARTESIAN_POINT('',(24.6351384254896,-0.172842129206625,19.5));
#2724=CARTESIAN_POINT('',(24.6351384254896,-0.172842129206625,25.));
#2725=CARTESIAN_POINT('',(15.8832506304276,-0.172842129206625,19.5));
#2726=CARTESIAN_POINT('',(25.1351384254896,-0.172842129206625,19.5));
#2727=CARTESIAN_POINT('',(15.8832506304276,-0.172842129206625,25.));
#2728=CARTESIAN_POINT('Origin',(24.6351384254896,-0.672842129206625,25.));
#2729=CARTESIAN_POINT('',(25.1351384254896,-0.672842129206625,22.5));
#2730=CARTESIAN_POINT('Origin',(24.6351384254896,-0.672842129206625,22.5));
#2731=CARTESIAN_POINT('',(25.1351384254896,-0.672842129206626,19.5));
#2732=CARTESIAN_POINT('',(25.1351384254896,-0.672842129206625,25.));
#2733=CARTESIAN_POINT('Origin',(24.6351384254896,-0.672842129206625,19.5));
#2734=CARTESIAN_POINT('Origin',(25.1351384254896,-0.172842129206625,25.));
#2735=CARTESIAN_POINT('',(25.1351384254896,-0.902774941678853,22.5));
#2736=CARTESIAN_POINT('',(25.1351384254896,1.38804834975264,22.5));
#2737=CARTESIAN_POINT('',(25.1351384254896,-0.902774941678853,19.5));
#2738=CARTESIAN_POINT('',(25.1351384254896,-0.902774941678853,23.5));
#2739=CARTESIAN_POINT('',(25.1351384254896,-0.172842129206625,19.5));
#2740=CARTESIAN_POINT('Origin',(33.6351384254896,-0.902774941678853,23.5));
#2741=CARTESIAN_POINT('',(28.2488275491281,-7.4783095315954,22.5));
#2742=CARTESIAN_POINT('Origin',(33.6351384254896,-0.902774941678853,22.5));
#2743=CARTESIAN_POINT('',(28.2488275491281,-7.4783095315954,19.5));
#2744=CARTESIAN_POINT('',(28.2488275491281,-7.4783095315954,23.5));
#2745=CARTESIAN_POINT('Origin',(33.6351384254896,-0.902774941678853,19.5));
#2746=CARTESIAN_POINT('Origin',(-19.4503055121872,-9.4078053511998,25.));
#2747=CARTESIAN_POINT('',(-19.4503055121872,24.5126330868636,22.5));
#2748=CARTESIAN_POINT('',(-19.4503055121872,-3.22943326124395,22.5));
#2749=CARTESIAN_POINT('',(-19.4503055121872,32.2660967599578,19.5));
#2750=CARTESIAN_POINT('',(-19.4503055121872,40.3665254069511,19.5));
#2751=CARTESIAN_POINT('',(-19.4503055121872,24.5126330868636,19.5));
#2752=CARTESIAN_POINT('',(-19.4503055121872,40.3665254069511,19.5));
#2753=CARTESIAN_POINT('',(-19.4503055121872,24.5126330868636,23.5));
#2754=CARTESIAN_POINT('Origin',(-22.9848891143841,33.9546548958245,19.5));
#2755=CARTESIAN_POINT('',(-31.3290664241806,33.9819519705753,19.5));
#2756=CARTESIAN_POINT('',(-16.4363463173896,39.1259823215001,19.5));
#2757=CARTESIAN_POINT('',(-29.5334319113785,28.7833274701489,19.5));
#2758=CARTESIAN_POINT('Origin',(-30.4312491677796,31.3826397203621,19.5));
#2759=CARTESIAN_POINT('',(-29.5334319113785,28.7833274701489,19.5));
#2760=CARTESIAN_POINT('Origin',(-15.5385290609885,36.5266700712869,15.));
#2761=CARTESIAN_POINT('',(-14.6407118045875,33.9273578210737,15.));
#2762=CARTESIAN_POINT('',(-14.6407118045875,33.9273578210737,19.5));
#2763=CARTESIAN_POINT('',(-14.6407118045875,33.9273578210737,15.));
#2764=CARTESIAN_POINT('',(-16.4363463173896,39.1259823215001,15.));
#2765=CARTESIAN_POINT('Origin',(-15.5385290609885,36.5266700712869,15.));
#2766=CARTESIAN_POINT('',(-16.4363463173896,39.1259823215001,19.5));
#2767=CARTESIAN_POINT('',(-16.4363463173896,39.1259823215001,15.));
#2768=CARTESIAN_POINT('Origin',(-15.5385290609885,36.5266700712869,19.5));
#2769=CARTESIAN_POINT('Origin',(-30.4993112633547,-26.0609646882132,5.00000000000001));
#2770=CARTESIAN_POINT('',(-30.9772398902805,-28.7691161292455,5.00000000000001));
#2771=CARTESIAN_POINT('',(-30.9772398902805,-28.7691161292455,2.50000000000001));
#2772=CARTESIAN_POINT('',(-30.9772398902805,-28.7691161292455,5.00000000000001));
#2773=CARTESIAN_POINT('',(-27.7910898472431,-26.5384966361649,2.50000000000001));
#2774=CARTESIAN_POINT('Origin',(-30.4993112633547,-26.0609646882132,2.50000000000001));
#2775=CARTESIAN_POINT('',(-27.7910898472431,-26.5384966361649,5.00000000000001));
#2776=CARTESIAN_POINT('',(-27.7910898472431,-26.5384966361649,5.00000000000001));
#2777=CARTESIAN_POINT('',(-27.7910509252284,-26.5382758981925,5.00000000000001));
#2778=CARTESIAN_POINT('',(-27.7910509252284,-26.5382758981925,5.00000000000001));
#2779=CARTESIAN_POINT('',(-30.021382636429,-23.352813247181,5.00000000000001));
#2780=CARTESIAN_POINT('Origin',(-30.4993112633547,-26.0609646882132,5.));
#2781=CARTESIAN_POINT('',(-30.021382636429,-23.352813247181,19.5));
#2782=CARTESIAN_POINT('',(-30.021382636429,-23.352813247181,5.00000000000001));
#2783=CARTESIAN_POINT('',(-28.274668177776,-27.6775855905236,19.5));
#2784=CARTESIAN_POINT('Origin',(-30.4993112633547,-26.0609646882132,19.5));
#2785=CARTESIAN_POINT('',(-28.274668177776,-27.6775855905236,22.5));
#2786=CARTESIAN_POINT('',(-28.274668177776,-27.6775855905236,5.00000000000001));
#2787=CARTESIAN_POINT('',(-32.7239543489334,-24.4443437859028,22.5));
#2788=CARTESIAN_POINT('Origin',(-30.4993112633547,-26.0609646882132,22.5));
#2789=CARTESIAN_POINT('',(-32.7239543489334,-24.4443437859028,19.5));
#2790=CARTESIAN_POINT('',(-32.7239543489334,-24.4443437859028,5.00000000000001));
#2791=CARTESIAN_POINT('Origin',(-30.4993112633547,-26.0609646882132,19.5));
#2792=CARTESIAN_POINT('Origin',(-30.4993112633547,-26.0609646882132,5.));
#2793=CARTESIAN_POINT('Origin',(31.3475284270208,31.3825858484467,5.00000000000001));
#2794=CARTESIAN_POINT('Origin',(31.3475284270208,31.3825858484467,19.5));
#2795=CARTESIAN_POINT('',(31.37796562232,28.6327542941252,22.));
#2796=CARTESIAN_POINT('Origin',(31.3475284270208,31.3825858484467,22.));
#2797=CARTESIAN_POINT('',(31.37796562232,28.6327542941252,5.));
#2798=CARTESIAN_POINT('',(31.37796562232,28.6327542941252,5.));
#2799=CARTESIAN_POINT('',(31.3475284270208,34.1325858484467,5.00000000000001));
#2800=CARTESIAN_POINT('Origin',(31.3475284270208,31.3825858484467,5.00000000000001));
#2801=CARTESIAN_POINT('',(31.3475284270208,34.1325858484467,2.50000000000001));
#2802=CARTESIAN_POINT('',(31.3475284270208,34.1325858484467,5.00000000000001));
#2803=CARTESIAN_POINT('Origin',(31.3475284270208,31.3825858484467,2.50000000000001));
#2804=CARTESIAN_POINT('Origin',(15.8832506304276,10.1504523417336,25.));
#2805=CARTESIAN_POINT('',(15.8832506304276,10.1504523417336,22.5));
#2806=CARTESIAN_POINT('',(15.8832506304276,10.1504523417336,19.5));
#2807=CARTESIAN_POINT('',(15.8832506304276,10.1504523417336,25.));
#2808=CARTESIAN_POINT('',(15.8832506304276,12.8149061848046,22.5));
#2809=CARTESIAN_POINT('',(15.8832506304276,-9.38922268573976,19.5));
#2810=CARTESIAN_POINT('Origin',(-1.78352744087978,15.4793600278756,22.5));
#2811=CARTESIAN_POINT('',(-7.63703085559507,14.0552262722153,22.5));
#2812=CARTESIAN_POINT('',(-10.6169164765335,14.0552262722153,22.5));
#2813=CARTESIAN_POINT('',(-14.3292837324261,0.868688317064283,22.5));
#2814=CARTESIAN_POINT('',(-17.5439545256286,-12.9109771076949,22.5));
#2815=CARTESIAN_POINT('',(-17.3603886624512,-12.6583708673066,22.5));
#2816=CARTESIAN_POINT('Origin',(-10.6677849883853,-17.9078053511998,22.5));
#2817=CARTESIAN_POINT('',(24.2742807549684,-11.3322707612833,22.5));
#2818=CARTESIAN_POINT('Origin',(18.8879698786068,-17.9078053511998,22.5));
#2819=CARTESIAN_POINT('',(35.8763872211148,-20.8360687251994,22.5));
#2820=CARTESIAN_POINT('',(9.0617571570945,1.12897937612576,22.5));
#2821=CARTESIAN_POINT('',(39.361647199937,-16.5813110493711,22.5));
#2822=CARTESIAN_POINT('Origin',(37.6190172105259,-18.7086898872852,22.5));
#2823=CARTESIAN_POINT('',(20.6257902716745,-1.23394292733141,22.5));
#2824=CARTESIAN_POINT('',(8.93987388109278,10.1504523417336,22.5));
#2825=CARTESIAN_POINT('',(25.1351384254896,37.8665254069511,22.5));
#2826=CARTESIAN_POINT('',(25.1351384254896,21.6577321178315,22.5));
#2827=CARTESIAN_POINT('',(22.6351384254896,40.3665254069511,22.5));
#2828=CARTESIAN_POINT('Origin',(22.6351384254896,37.8665254069511,22.5));
#2829=CARTESIAN_POINT('',(-13.3528480877456,40.3665254069511,22.5));
#2830=CARTESIAN_POINT('',(-7.63703085559507,24.5126330868636,22.5));
#2831=CARTESIAN_POINT('',(-4.71027914823742,24.5126330868636,22.5));
#2832=CARTESIAN_POINT('',(-7.63703085559507,14.7672931500455,22.5));
#2833=CARTESIAN_POINT('',(22.9614709390115,36.5266700712858,22.5));
#2834=CARTESIAN_POINT('Origin',(21.4614709390115,36.5266700712858,22.5));
#2835=CARTESIAN_POINT('',(-14.0385290609898,-5.47332992871306,22.5));
#2836=CARTESIAN_POINT('Origin',(-15.5385290609898,-5.47332992871306,22.5));
#2837=CARTESIAN_POINT('',(-14.0385290609885,36.5266700712869,22.5));
#2838=CARTESIAN_POINT('Origin',(-15.5385290609885,36.5266700712869,22.5));
#2839=CARTESIAN_POINT('',(22.9614709390102,-5.47332992871419,22.5));
#2840=CARTESIAN_POINT('Origin',(21.4614709390102,-5.47332992871419,22.5));
#2841=CARTESIAN_POINT('',(12.0570291377694,25.7418238742269,22.5));
#2842=CARTESIAN_POINT('',(-6.44743038346272,25.7418238742269,22.5));
#2843=CARTESIAN_POINT('',(5.13675084844483,25.7418238742269,22.5));
#2844=CARTESIAN_POINT('',(12.0570291377694,2.694353332812,22.5));
#2845=CARTESIAN_POINT('',(12.0570291377694,9.08685668034382,22.5));
#2846=CARTESIAN_POINT('',(-6.44743038346272,2.694353332812,22.5));
#2847=CARTESIAN_POINT('',(-4.11547891217125,2.694353332812,22.5));
#2848=CARTESIAN_POINT('',(-6.44743038346272,20.6105919510513,22.5));
#2849=CARTESIAN_POINT('Origin',(-1.78352744087978,15.4886513606057,19.5));
#2850=CARTESIAN_POINT('',(-19.188688673753,32.3564607060716,19.5));
#2851=CARTESIAN_POINT('',(-13.5379631331595,40.1271003819605,19.5));
#2852=CARTESIAN_POINT('',(22.6351384254897,40.3665254069511,19.5));
#2853=CARTESIAN_POINT('',(15.8832506304276,40.3665254069511,19.5));
#2854=CARTESIAN_POINT('',(25.1351384254896,37.8665254069511,19.5));
#2855=CARTESIAN_POINT('Origin',(22.6351384254896,37.8665254069511,19.5));
#2856=CARTESIAN_POINT('',(25.1351384254896,40.3665254069511,19.5));
#2857=CARTESIAN_POINT('',(15.8832506304276,10.1504523417336,19.5));
#2858=CARTESIAN_POINT('',(39.361647199937,-16.5813110493711,19.5));
#2859=CARTESIAN_POINT('',(39.361647199937,-16.5813110493711,19.5));
#2860=CARTESIAN_POINT('',(40.3690172105259,-18.7086898872852,19.5));
#2861=CARTESIAN_POINT('Origin',(37.6190172105259,-18.7086898872852,19.5));
#2862=CARTESIAN_POINT('Origin',(37.6190846674954,-18.7086898872852,19.5));
#2863=CARTESIAN_POINT('',(35.8763872211148,-20.8360687251994,19.5));
#2864=CARTESIAN_POINT('Origin',(37.6190172105259,-18.7086898872852,19.5));
#2865=CARTESIAN_POINT('',(24.2742807549684,-11.3322707612833,19.5));
#2866=CARTESIAN_POINT('',(19.7188409495991,-7.60070876662837,19.5));
#2867=CARTESIAN_POINT('Origin',(18.8879698786068,-17.9078053511998,19.5));
#2868=CARTESIAN_POINT('',(-17.5439545256286,-12.9109771076949,19.5));
#2869=CARTESIAN_POINT('Origin',(-10.6677849883853,-17.9078053511998,19.5));
#2870=CARTESIAN_POINT('',(-28.274668177776,-27.6775855905236,19.5));
#2871=CARTESIAN_POINT('',(-17.7631721465685,-3.85670902640266,19.5));
#2872=CARTESIAN_POINT('',(-11.4503055121872,3.34130966546955,19.5));
#2873=CARTESIAN_POINT('',(-5.61691647653349,3.34130966546955,19.5));
#2874=CARTESIAN_POINT('',(-11.4503055121872,8.34130966546955,19.5));
#2875=CARTESIAN_POINT('',(-11.4503055121872,11.2899805130376,19.5));
#2876=CARTESIAN_POINT('',(-10.6169164765335,8.34130966546955,19.5));
#2877=CARTESIAN_POINT('',(-7.63703085559507,14.0552262722153,19.5));
#2878=CARTESIAN_POINT('',(-19.4503055121872,14.0552262722153,19.5));
#2879=CARTESIAN_POINT('',(-7.63703085559507,24.5126330868636,19.5));
#2880=CARTESIAN_POINT('',(-7.63703085559507,14.0552262722153,19.5));
#2881=CARTESIAN_POINT('',(-7.63703085559507,24.5126330868636,19.5));
#2882=CARTESIAN_POINT('',(22.9614709390115,36.5266700712858,19.5));
#2883=CARTESIAN_POINT('Origin',(21.4614709390115,36.5266700712858,19.5));
#2884=CARTESIAN_POINT('',(22.9614709390102,-5.47332992871419,19.5));
#2885=CARTESIAN_POINT('Origin',(21.4614709390102,-5.47332992871419,19.5));
#2886=CARTESIAN_POINT('',(12.0570291377694,25.7418238742269,19.5));
#2887=CARTESIAN_POINT('',(-6.44743038346272,25.7418238742269,19.5));
#2888=CARTESIAN_POINT('',(12.0570291377694,25.7418238742269,19.5));
#2889=CARTESIAN_POINT('',(-6.44743038346272,2.694353332812,19.5));
#2890=CARTESIAN_POINT('',(-6.44743038346272,25.7418238742269,19.5));
#2891=CARTESIAN_POINT('',(12.0570291377694,2.694353332812,19.5));
#2892=CARTESIAN_POINT('',(-6.44743038346272,2.694353332812,19.5));
#2893=CARTESIAN_POINT('',(12.0570291377694,2.694353332812,19.5));
#2894=CARTESIAN_POINT('',(-14.0385290609898,-5.47332992871306,19.5));
#2895=CARTESIAN_POINT('Origin',(-15.5385290609898,-5.47332992871306,19.5));
#2896=CARTESIAN_POINT('Origin',(-7.63703085559507,24.5126330868636,22.));
#2897=CARTESIAN_POINT('',(-7.63703085559507,24.5126330868636,22.));
#2898=CARTESIAN_POINT('Origin',(-7.63703085559507,14.0552262722153,22.));
#2899=CARTESIAN_POINT('',(-7.63703085559507,14.0552262722153,22.));
#2900=CARTESIAN_POINT('Origin',(-19.4503055121872,14.0552262722153,22.));
#2901=CARTESIAN_POINT('Origin',(-19.4503055121872,8.34130966546955,22.));
#2902=CARTESIAN_POINT('',(-17.4503055121872,8.34130966546955,13.5));
#2903=CARTESIAN_POINT('',(-13.8253055121872,8.34130966546955,17.125));
#2904=CARTESIAN_POINT('',(-40.0383055121872,8.34130966546955,13.5));
#2905=CARTESIAN_POINT('',(-19.4503055121872,8.34130966546955,13.5));
#2906=CARTESIAN_POINT('',(-40.0383055121872,8.34130966546955,18.5));
#2907=CARTESIAN_POINT('',(-40.0383055121872,8.34130966546955,13.5));
#2908=CARTESIAN_POINT('',(-19.4503055121872,8.34130966546955,18.5));
#2909=CARTESIAN_POINT('Origin',(-6.44743038346272,2.694353332812,25.));
#2910=CARTESIAN_POINT('',(12.0570291377694,2.694353332812,25.));
#2911=CARTESIAN_POINT('',(-6.44743038346272,2.694353332812,25.));
#2912=CARTESIAN_POINT('Origin',(12.0570291377694,2.694353332812,25.));
#2913=CARTESIAN_POINT('',(12.0570291377694,25.7418238742269,25.));
#2914=CARTESIAN_POINT('Origin',(-19.4503055121872,40.3665254069511,25.));
#2915=CARTESIAN_POINT('',(22.6351384254896,40.3665254069511,25.));
#2916=CARTESIAN_POINT('Origin',(-34.5878835967189,5.84130966546962,16.));
#2917=CARTESIAN_POINT('',(-35.0385290609896,7.34130966546962,16.));
#2918=CARTESIAN_POINT('Origin',(-35.0385290609896,5.84130966546962,16.));
#2919=CARTESIAN_POINT('',(-34.8883139062327,7.09130966546955,16.));
#2920=CARTESIAN_POINT('',(-34.5878835967189,6.59130966546962,16.));
#2921=CARTESIAN_POINT('Origin',(-34.8883139062327,5.84130966546955,16.));
#2922=CARTESIAN_POINT('Origin',(-38.5385290609896,5.84130966546962,16.));
#2923=CARTESIAN_POINT('',(-40.0383055121872,7.34130966546962,16.));
#2924=CARTESIAN_POINT('Origin',(-40.0383055121872,5.84130966546962,16.));
#2925=CARTESIAN_POINT('',(-38.5385290609896,7.34130966546962,16.));
#2926=CARTESIAN_POINT('Origin',(-40.0383055121872,5.84130966546955,16.));
#2927=CARTESIAN_POINT('',(-30.5383055121872,7.09130966546955,16.));
#2928=CARTESIAN_POINT('',(-40.0383055121872,7.09130966546955,16.));
#2929=CARTESIAN_POINT('Origin',(-30.5383055121872,5.84130966546955,16.));
#2930=CARTESIAN_POINT('Origin',(-30.5383055121872,5.84130966546955,16.));
#2931=CARTESIAN_POINT('Origin',(-19.4503055121872,3.34130966546955,18.5));
#2932=CARTESIAN_POINT('',(-40.0383055121872,3.34130966546955,18.5));
#2933=CARTESIAN_POINT('',(-40.0383055121872,8.34130966546955,18.5));
#2934=CARTESIAN_POINT('',(-19.4503055121872,3.34130966546955,18.5));
#2935=CARTESIAN_POINT('Origin',(-40.0383055121872,5.84130966546955,16.));
#2936=CARTESIAN_POINT('',(-40.0383055121872,3.34130966546955,13.5));
#2937=CARTESIAN_POINT('',(-40.0383055121872,3.34130966546955,13.5));
#2938=CARTESIAN_POINT('',(-40.0383055121872,3.34130966546955,18.5));
#2939=CARTESIAN_POINT('Origin',(-13.4503055121872,7.09130966546955,17.5));
#2940=CARTESIAN_POINT('',(-17.4503055121872,3.34130966546955,13.5));
#2941=CARTESIAN_POINT('',(-11.3253055121872,3.34130966546955,19.625));
#2942=CARTESIAN_POINT('',(-17.4503055121872,7.09130966546955,13.5));
#2943=CARTESIAN_POINT('Origin',(-14.4503055121872,5.84130966546955,13.5));
#2944=CARTESIAN_POINT('',(-19.4503055121872,3.34130966546955,13.5));
#2945=CARTESIAN_POINT('Origin',(-9.4503055121872,3.34130966546955,22.));
#2946=CARTESIAN_POINT('Origin',(18.8879698786068,-17.9078053511998,23.5));
#2947=CARTESIAN_POINT('',(24.2742807549684,-11.3322707612833,22.));
#2948=CARTESIAN_POINT('Origin',(-10.6677849883853,-17.9078053511998,23.5));
#2949=CARTESIAN_POINT('',(-17.5439545256286,-12.9109771076949,23.5));
#2950=CARTESIAN_POINT('Origin',(22.6351384254896,37.8665254069511,25.));
#2951=CARTESIAN_POINT('',(25.1351384254896,37.8665254069511,25.));
#2952=CARTESIAN_POINT('Origin',(25.1351384254896,40.3665254069511,25.));
#2953=CARTESIAN_POINT('Origin',(21.4614709390115,36.5266700712858,25.));
#2954=CARTESIAN_POINT('',(22.9614709390115,36.5266700712858,25.));
#2955=CARTESIAN_POINT('Origin',(21.4614709390102,-5.47332992871419,25.));
#2956=CARTESIAN_POINT('',(22.9614709390102,-5.47332992871419,25.));
#2957=CARTESIAN_POINT('Origin',(-15.5385290609898,-5.47332992871306,25.));
#2958=CARTESIAN_POINT('',(-14.0385290609898,-5.47332992871306,25.));
#2959=CARTESIAN_POINT('Origin',(-6.44743038346272,25.7418238742269,25.));
#2960=CARTESIAN_POINT('',(-6.44743038346272,25.7418238742269,25.));
#2961=CARTESIAN_POINT('Origin',(12.0570291377694,25.7418238742269,25.));
#2962=CARTESIAN_POINT('Origin',(25.1351384254896,10.1504523417336,25.));
#2963=CARTESIAN_POINT('Origin',(-17.7631721465685,-3.85670902640266,22.));
#2964=CARTESIAN_POINT('Origin',(-28.274668177776,-27.6775855905236,22.));
#2965=CARTESIAN_POINT('Origin',(-36.6683290609894,-24.972309928714,5.));
#2966=CARTESIAN_POINT('',(-30.0214731887729,-23.3525696630492,5.00000000000001));
#2967=CARTESIAN_POINT('Origin',(-30.49927234134,-26.0607439502409,5.00000000000001));
#2968=CARTESIAN_POINT('',(-36.1766819396815,-22.2666153583477,5.00000000000001));
#2969=CARTESIAN_POINT('',(-36.1766819396815,-22.2666153583477,5.00000000000001));
#2970=CARTESIAN_POINT('',(-37.1317608861575,-27.6829797616928,5.00000000000001));
#2971=CARTESIAN_POINT('Origin',(-36.6683290609894,-24.972309928714,5.));
#2972=CARTESIAN_POINT('',(-30.9772398902805,-28.7691161292455,5.00000000000001));
#2973=CARTESIAN_POINT('',(-34.9183290609894,-24.972309928714,5.));
#2974=CARTESIAN_POINT('Origin',(-36.6683290609894,-24.972309928714,5.));
#2975=CARTESIAN_POINT('Origin',(-27.7910509252284,-26.5382758981925,5.00000000000001));
#2976=CARTESIAN_POINT('',(-27.7910509252284,-26.5382758981925,2.50000000000001));
#2977=CARTESIAN_POINT('',(-27.7910509252284,-26.5382758981925,2.50000000000001));
#2978=CARTESIAN_POINT('',(-27.7910509252284,-26.5382758981925,5.00000000000001));
#2979=CARTESIAN_POINT('Origin',(-30.49927234134,-26.0607439502409,5.00000000000001));
#2980=CARTESIAN_POINT('',(-30.0214731887729,-23.3525696630492,2.50000000000001));
#2981=CARTESIAN_POINT('Origin',(-30.49927234134,-26.0607439502409,2.50000000000001));
#2982=CARTESIAN_POINT('',(-30.0214731887729,-23.3525696630492,5.00000000000001));
#2983=CARTESIAN_POINT('Origin',(-36.1766819396815,-22.2666153583477,5.00000000000001));
#2984=CARTESIAN_POINT('',(-36.1766819396815,-22.2666153583477,2.50000000000001));
#2985=CARTESIAN_POINT('',(-36.1766819396815,-22.2666153583477,2.50000000000001));
#2986=CARTESIAN_POINT('',(-36.1766819396828,-22.2666153583475,4.44089209850063E-15));
#2987=CARTESIAN_POINT('Origin',(-30.9772398902805,-28.7691161292455,5.00000000000001));
#2988=CARTESIAN_POINT('',(-37.1317608861575,-27.6829797616928,2.50000000000001));
#2989=CARTESIAN_POINT('',(-37.1317608861572,-27.6829797616929,4.44089209850063E-15));
#2990=CARTESIAN_POINT('',(-30.9772398902805,-28.7691161292455,2.50000000000001));
#2991=CARTESIAN_POINT('Origin',(-32.4405166137487,-25.5387900232805,2.50000000000001));
#2992=CARTESIAN_POINT('',(-33.9183290609894,-24.972309928714,2.50000000000001));
#2993=CARTESIAN_POINT('Origin',(-36.6683290609894,-24.972309928714,2.50000000000001));
#2994=CARTESIAN_POINT('Origin',(-36.6683290609894,-24.972309928714,2.50000000000001));
#2995=CARTESIAN_POINT('Origin',(-36.6683290609894,-24.972309928714,4.44089209850063E-15));
#2996=CARTESIAN_POINT('',(-33.9183290609894,-24.972309928714,4.66357335912914E-15));
#2997=CARTESIAN_POINT('',(-33.9183290609894,-24.972309928714,4.44089209850063E-15));
#2998=CARTESIAN_POINT('Origin',(-36.6683290609894,-24.972309928714,4.44089209850063E-15));
#2999=CARTESIAN_POINT('Origin',(-36.6683290609894,-24.972309928714,4.44089209850063E-15));
#3000=CARTESIAN_POINT('',(-34.9183290609894,-24.972309928714,4.58259835526423E-15));
#3001=CARTESIAN_POINT('',(-34.9183290609894,-24.972309928714,4.44089209850063E-15));
#3002=CARTESIAN_POINT('Origin',(-36.6683290609894,-24.972309928714,4.44089209850063E-15));
#3003=CARTESIAN_POINT('Origin',(-36.6683290609894,-24.972309928714,4.44089209850063E-15));
#3004=CARTESIAN_POINT('Origin',(19.7188409495991,-7.60070876662837,22.));
#3005=CARTESIAN_POINT('',(35.8763872211148,-20.8360687251994,22.));
#3006=CARTESIAN_POINT('Origin',(39.361647199937,-16.5813110493711,22.));
#3007=CARTESIAN_POINT('',(39.361647199937,-16.5813110493711,22.));
#3008=CARTESIAN_POINT('Origin',(37.6190172105259,-18.7086898872852,22.));
#3009=CARTESIAN_POINT('Origin',(37.6190846674954,-18.7086898872852,5.));
#3010=CARTESIAN_POINT('',(40.3690172105259,-18.7086898872852,5.00000000000001));
#3011=CARTESIAN_POINT('',(40.3690172105259,-18.7086898872852,5.));
#3012=CARTESIAN_POINT('Origin',(37.6190846674954,-18.7086898872852,5.00000000000001));
#3013=CARTESIAN_POINT('Origin',(37.6190509390106,-24.9723099287139,5.00000000000001));
#3014=CARTESIAN_POINT('',(34.8690846674954,-24.9586898872852,5.00000000000001));
#3015=CARTESIAN_POINT('',(40.3690509390106,-24.9723099287139,5.00000000000001));
#3016=CARTESIAN_POINT('Origin',(37.6190509390106,-24.9723099287139,5.00000000000001));
#3017=CARTESIAN_POINT('',(40.3690172105259,-24.9586898872852,5.00000000000001));
#3018=CARTESIAN_POINT('Origin',(37.6190509390106,-24.9723099287139,5.00000000000001));
#3019=CARTESIAN_POINT('',(40.3690172105259,-24.9586898872852,5.00000000000001));
#3020=CARTESIAN_POINT('',(37.6190846674954,-15.9586898872852,5.00000000000001));
#3021=CARTESIAN_POINT('Origin',(37.6190172105259,-18.7086898872852,5.00000000000001));
#3022=CARTESIAN_POINT('',(34.8690846674954,-18.7086898872852,5.00000000000001));
#3023=CARTESIAN_POINT('Origin',(37.6190846674954,-18.7086898872852,5.00000000000001));
#3024=CARTESIAN_POINT('',(34.8690846674954,-18.7086898872852,5.00000000000001));
#3025=CARTESIAN_POINT('',(39.3690509390106,-24.9723099287139,5.00000000000001));
#3026=CARTESIAN_POINT('Origin',(37.6190509390106,-24.9723099287139,5.00000000000001));
#3027=CARTESIAN_POINT('Origin',(37.6190172105259,-18.7086898872852,5.00000000000001));
#3028=CARTESIAN_POINT('',(40.3690172105259,-18.7086898872852,2.50000000000001));
#3029=CARTESIAN_POINT('',(40.3690172105259,-18.7086898872852,5.00000000000001));
#3030=CARTESIAN_POINT('',(37.6190846674954,-15.9586898872852,2.50000000000001));
#3031=CARTESIAN_POINT('Origin',(37.6190172105259,-18.7086898872852,2.50000000000001));
#3032=CARTESIAN_POINT('',(37.6190846674954,-15.9586898872852,5.00000000000001));
#3033=CARTESIAN_POINT('Origin',(37.6190846674954,-18.7086898872852,5.00000000000001));
#3034=CARTESIAN_POINT('',(34.8690846674954,-18.7086898872852,2.50000000000001));
#3035=CARTESIAN_POINT('Origin',(37.6190846674954,-18.7086898872852,2.50000000000001));
#3036=CARTESIAN_POINT('',(34.8690846674954,-18.7086898872852,5.00000000000001));
#3037=CARTESIAN_POINT('Origin',(34.8690846674954,-24.9586898872852,5.00000000000001));
#3038=CARTESIAN_POINT('',(34.8690846674954,-24.9586898872852,2.50000000000001));
#3039=CARTESIAN_POINT('',(34.8690846674954,-18.7086898872852,2.50000000000001));
#3040=CARTESIAN_POINT('',(34.8690846674954,-24.9586898872859,9.99200722162641E-15));
#3041=CARTESIAN_POINT('Origin',(40.3690172105259,-18.7086898872852,5.00000000000001));
#3042=CARTESIAN_POINT('',(40.3690172105259,-24.9586898872852,2.50000000000001));
#3043=CARTESIAN_POINT('',(40.3690172105259,-24.9586898872859,9.99200722162641E-15));
#3044=CARTESIAN_POINT('',(40.3690172105259,-24.9586898872852,2.50000000000001));
#3045=CARTESIAN_POINT('Origin',(37.6190509390106,-20.4586898872852,2.50000000000001));
#3046=CARTESIAN_POINT('Origin',(37.6190509390106,-24.9723099287139,2.50000000000001));
#3047=CARTESIAN_POINT('Origin',(37.6190509390106,-24.9723099287139,1.02007552538741E-14));
#3048=CARTESIAN_POINT('',(39.3690509390106,-24.9723099287139,1.03424615106377E-14));
#3049=CARTESIAN_POINT('',(39.3690509390106,-24.9723099287139,1.02007552538741E-14));
#3050=CARTESIAN_POINT('Origin',(37.6190509390106,-24.9723099287139,1.02007552538741E-14));
#3051=CARTESIAN_POINT('Origin',(37.6190509390106,-24.9723099287139,9.99200722162641E-15));
#3052=CARTESIAN_POINT('',(40.3690509390106,-24.9723099287139,1.02146884822549E-14));
#3053=CARTESIAN_POINT('',(40.3690509390106,-24.9723099287139,9.99200722162641E-15));
#3054=CARTESIAN_POINT('Origin',(37.6190509390106,-24.9723099287139,9.99200722162641E-15));
#3055=CARTESIAN_POINT('Origin',(37.6190509390106,-24.9723099287139,9.99200722162641E-15));
#3056=CARTESIAN_POINT('Origin',(31.3475284296003,31.3826700712859,22.));
#3057=CARTESIAN_POINT('',(31.3475284270208,28.6327542941252,22.));
#3058=CARTESIAN_POINT('Origin',(37.5975284270208,28.6327542941252,5.00000000000001));
#3059=CARTESIAN_POINT('',(37.5975284270208,28.6327542941252,2.50000000000001));
#3060=CARTESIAN_POINT('',(31.3475284270208,28.6327542941252,2.50000000000001));
#3061=CARTESIAN_POINT('',(37.5975284270208,28.6327542941252,5.00000000000001));
#3062=CARTESIAN_POINT('',(37.5975284270199,28.6327542941252,1.4432899320127E-14));
#3063=CARTESIAN_POINT('',(31.3475284270208,28.6327542941252,5.00000000000001));
#3064=CARTESIAN_POINT('Origin',(31.3475284270208,34.1325858484467,5.00000000000001));
#3065=CARTESIAN_POINT('',(37.5975284270208,34.1325858484467,5.00000000000001));
#3066=CARTESIAN_POINT('',(37.5975284270208,34.1325858484467,5.00000000000001));
#3067=CARTESIAN_POINT('',(37.5975284270208,34.1325858484467,2.50000000000001));
#3068=CARTESIAN_POINT('',(37.5975284270205,34.1325858484467,1.4432899320127E-14));
#3069=CARTESIAN_POINT('',(37.5975284270208,34.1325858484467,2.50000000000001));
#3070=CARTESIAN_POINT('Origin',(33.0975284270208,31.3826700712859,2.50000000000001));
#3071=CARTESIAN_POINT('Origin',(37.6190509390105,31.3826700712859,2.50000000000001));
#3072=CARTESIAN_POINT('Origin',(37.6190509390105,31.3826700712859,1.4432899320127E-14));
#3073=CARTESIAN_POINT('',(39.3690509390105,31.3826700712859,5.00000000000001));
#3074=CARTESIAN_POINT('Origin',(37.6190509390105,31.3826700712859,5.00000000000001));
#3075=CARTESIAN_POINT('',(39.3690509390105,31.3826700712859,1.45746055768906E-14));
#3076=CARTESIAN_POINT('',(39.3690509390105,31.3826700712859,1.4432899320127E-14));
#3077=CARTESIAN_POINT('Origin',(37.6190509390105,31.3826700712859,1.4432899320127E-14));
#3078=CARTESIAN_POINT('Origin',(37.6190509390105,31.3826700712859,1.4432899320127E-14));
#3079=CARTESIAN_POINT('',(40.3690509390105,31.3826700712859,5.00000000000001));
#3080=CARTESIAN_POINT('Origin',(37.6190509390105,31.3826700712859,5.00000000000001));
#3081=CARTESIAN_POINT('',(40.3690509390105,31.3826700712859,1.46555805807556E-14));
#3082=CARTESIAN_POINT('',(40.3690509390105,31.3826700712859,1.4432899320127E-14));
#3083=CARTESIAN_POINT('Origin',(37.6190509390105,31.3826700712859,1.4432899320127E-14));
#3084=CARTESIAN_POINT('Origin',(37.6190509390105,31.3826700712859,5.00000000000001));
#3085=CARTESIAN_POINT('Origin',(37.6190509390105,31.3826700712859,5.00000000000001));
#3086=CARTESIAN_POINT('Origin',(37.6190509390105,31.3826700712859,1.4432899320127E-14));
#3087=CARTESIAN_POINT('Origin',(-15.5385290609885,36.5266700712869,18.));
#3088=CARTESIAN_POINT('',(-14.0385290609885,36.5266700712869,18.));
#3089=CARTESIAN_POINT('',(-14.0385290609885,36.5266700712869,18.));
#3090=CARTESIAN_POINT('Origin',(-15.5385290609885,36.5266700712869,18.));
#3091=CARTESIAN_POINT('Origin',(-22.9848891143841,33.9546548958245,18.));
#3092=CARTESIAN_POINT('Origin',(-22.9848891143841,33.9546548958245,15.));
#3093=CARTESIAN_POINT('',(-32.9674722019962,32.4456885059044,15.));
#3094=CARTESIAN_POINT('',(-27.8950141346556,32.4456598769344,15.));
#3095=CARTESIAN_POINT('Origin',(-30.4312491677796,31.3827004222094,15.));
#3096=CARTESIAN_POINT('',(-30.4312491677796,34.1326397203621,15.));
#3097=CARTESIAN_POINT('Origin',(-30.4312491677796,31.3826397203621,15.));
#3098=CARTESIAN_POINT('',(-30.4455600765636,34.1326397203621,15.));
#3099=CARTESIAN_POINT('',(-30.4312491677796,34.1326397203621,15.));
#3100=CARTESIAN_POINT('',(-31.3161392147935,33.9864171023285,15.));
#3101=CARTESIAN_POINT('Origin',(-30.4312491677796,31.3827004222094,15.));
#3102=CARTESIAN_POINT('',(-16.4363463173896,39.1259823215001,15.));
#3103=CARTESIAN_POINT('',(-29.5334319113785,28.7833274701489,15.));
#3104=CARTESIAN_POINT('',(-29.5334319113785,28.7833274701489,15.));
#3105=CARTESIAN_POINT('Origin',(-30.4312491677796,31.3826397203621,15.));
#3106=CARTESIAN_POINT('Origin',(-16.4363463173896,39.1259823215001,15.));
#3107=CARTESIAN_POINT('',(-31.3290664241806,33.9819519705753,15.));
#3108=CARTESIAN_POINT('',(-23.8826998775719,36.5539693888305,15.));
#3109=CARTESIAN_POINT('',(-31.3290664241806,33.9819519705753,15.));
#3110=CARTESIAN_POINT('Origin',(-29.5334319113785,28.7833274701489,15.));
#3111=CARTESIAN_POINT('',(-29.5334319113785,28.7833274701489,15.));
#3112=CARTESIAN_POINT('Origin',(-30.4312491677796,31.3826397203621,15.));
#3113=CARTESIAN_POINT('Origin',(-30.4312491677796,31.3826397203621,15.));
#3114=CARTESIAN_POINT('Origin',(-30.4312491677796,31.3826818035508,15.));
#3115=CARTESIAN_POINT('Origin',(-30.4312491677796,31.3827004222094,15.));
#3116=CARTESIAN_POINT('Origin',(-30.4312491677796,31.3827004222094,5.00000000000001));
#3117=CARTESIAN_POINT('',(-27.8950141346556,32.4456598769344,5.00000000000001));
#3118=CARTESIAN_POINT('',(-30.4455600765636,34.1326397203621,5.00000000000001));
#3119=CARTESIAN_POINT('Origin',(-30.4312491677796,31.3827004222094,5.00000000000001));
#3120=CARTESIAN_POINT('',(-27.8950141346556,32.4456598769344,5.00000000000001));
#3121=CARTESIAN_POINT('',(-30.4455600765636,34.1326397203621,5.00000000000001));
#3122=CARTESIAN_POINT('Origin',(-36.6683290609895,31.3826700712858,5.00000000000001));
#3123=CARTESIAN_POINT('',(-36.6554089541997,34.1326397203621,5.00000000000001));
#3124=CARTESIAN_POINT('',(-36.6812491677796,34.1326397203621,5.00000000000001));
#3125=CARTESIAN_POINT('',(-36.6554089542321,28.6327004222094,5.00000000000001));
#3126=CARTESIAN_POINT('Origin',(-36.6683290609895,31.3826700712858,5.00000000000001));
#3127=CARTESIAN_POINT('',(-30.4312491677796,28.6327004222094,5.00000000000001));
#3128=CARTESIAN_POINT('',(-30.4312491677796,28.6327004222094,5.00000000000001));
#3129=CARTESIAN_POINT('',(-27.6812491677796,31.3826397203621,5.00000000000001));
#3130=CARTESIAN_POINT('Origin',(-30.4312491677796,31.3827004222094,5.00000000000001));
#3131=CARTESIAN_POINT('Origin',(-30.4312491677796,31.3826397203621,5.00000000000001));
#3132=CARTESIAN_POINT('',(-34.9183290609895,31.3826700712858,5.00000000000001));
#3133=CARTESIAN_POINT('Origin',(-36.6683290609895,31.3826700712858,5.00000000000001));
#3134=CARTESIAN_POINT('Origin',(-30.4312491677796,31.3826397203621,5.00000000000001));
#3135=CARTESIAN_POINT('',(-27.6812491677796,31.3826397203621,2.50000000000001));
#3136=CARTESIAN_POINT('',(-27.6812491677796,31.3826397203621,5.00000000000001));
#3137=CARTESIAN_POINT('',(-30.4312491677796,34.1326397203621,2.50000000000001));
#3138=CARTESIAN_POINT('Origin',(-30.4312491677796,31.3826397203621,2.50000000000001));
#3139=CARTESIAN_POINT('',(-30.4312491677796,34.1326397203621,5.00000000000001));
#3140=CARTESIAN_POINT('Origin',(-36.6554089541997,34.1326397203621,5.00000000000001));
#3141=CARTESIAN_POINT('',(-36.6554089541997,34.1326397203621,2.50000000000001));
#3142=CARTESIAN_POINT('',(-36.6812491677796,34.1326397203621,2.50000000000001));
#3143=CARTESIAN_POINT('',(-36.6554089541998,34.1326397203621,7.7715611723761E-15));
#3144=CARTESIAN_POINT('Origin',(-30.4312491677796,28.6327004222094,5.00000000000001));
#3145=CARTESIAN_POINT('',(-36.6554089542321,28.6327004222094,2.50000000000001));
#3146=CARTESIAN_POINT('',(-36.6554089542319,28.6327004222094,7.7715611723761E-15));
#3147=CARTESIAN_POINT('',(-30.4312491677796,28.6327004222094,2.50000000000001));
#3148=CARTESIAN_POINT('',(-30.4312491677796,28.6327004222094,2.50000000000001));
#3149=CARTESIAN_POINT('',(-30.4312491677796,28.6327004222094,5.00000000000001));
#3150=CARTESIAN_POINT('Origin',(-30.4312491677796,31.3827004222094,5.00000000000001));
#3151=CARTESIAN_POINT('Origin',(-30.4312491677796,31.3827004222094,2.50000000000001));
#3152=CARTESIAN_POINT('Origin',(-32.1683290610058,31.3826700712858,2.50000000000001));
#3153=CARTESIAN_POINT('',(-33.9183290609895,31.3826700712858,2.50000000000001));
#3154=CARTESIAN_POINT('Origin',(-36.6683290609895,31.3826700712858,2.50000000000001));
#3155=CARTESIAN_POINT('Origin',(-36.6683290609895,31.3826700712858,2.50000000000001));
#3156=CARTESIAN_POINT('Origin',(-36.6683290609895,31.3826700712858,7.7715611723761E-15));
#3157=CARTESIAN_POINT('',(-33.9183290609895,31.3826700712858,7.99424243300461E-15));
#3158=CARTESIAN_POINT('',(-33.9183290609895,31.3826700712858,7.7715611723761E-15));
#3159=CARTESIAN_POINT('Origin',(-36.6683290609895,31.3826700712858,7.7715611723761E-15));
#3160=CARTESIAN_POINT('Origin',(-36.6683290609895,31.3826700712858,7.7715611723761E-15));
#3161=CARTESIAN_POINT('',(-34.9183290609895,31.3826700712858,7.9132674291397E-15));
#3162=CARTESIAN_POINT('',(-34.9183290609895,31.3826700712858,7.7715611723761E-15));
#3163=CARTESIAN_POINT('Origin',(-36.6683290609895,31.3826700712858,7.7715611723761E-15));
#3164=CARTESIAN_POINT('Origin',(-36.6683290609895,31.3826700712858,7.7715611723761E-15));
#3165=UNCERTAINTY_MEASURE_WITH_UNIT(LENGTH_MEASURE(0.01),#3169,
'DISTANCE_ACCURACY_VALUE',
'Maximum model space distance between geometric entities at asserted c
onnectivities');
#3166=UNCERTAINTY_MEASURE_WITH_UNIT(LENGTH_MEASURE(0.01),#3169,
'DISTANCE_ACCURACY_VALUE',
'Maximum model space distance between geometric entities at asserted c
onnectivities');
#3167=(
GEOMETRIC_REPRESENTATION_CONTEXT(3)
GLOBAL_UNCERTAINTY_ASSIGNED_CONTEXT((#3165))
GLOBAL_UNIT_ASSIGNED_CONTEXT((#3169,#3171,#3172))
REPRESENTATION_CONTEXT('','3D')
);
#3168=(
GEOMETRIC_REPRESENTATION_CONTEXT(3)
GLOBAL_UNCERTAINTY_ASSIGNED_CONTEXT((#3166))
GLOBAL_UNIT_ASSIGNED_CONTEXT((#3169,#3171,#3172))
REPRESENTATION_CONTEXT('','3D')
);
#3169=(
LENGTH_UNIT()
NAMED_UNIT(*)
SI_UNIT(.MILLI.,.METRE.)
);
#3170=(
LENGTH_UNIT()
NAMED_UNIT(*)
SI_UNIT($,.METRE.)
);
#3171=(
NAMED_UNIT(*)
PLANE_ANGLE_UNIT()
SI_UNIT($,.RADIAN.)
);
#3172=(
NAMED_UNIT(*)
SI_UNIT($,.STERADIAN.)
SOLID_ANGLE_UNIT()
);
#3173=SHAPE_DEFINITION_REPRESENTATION(#3174,#3175);
#3174=PRODUCT_DEFINITION_SHAPE('',$,#3177);
#3175=SHAPE_REPRESENTATION('',(#1872),#3167);
#3176=PRODUCT_DEFINITION_CONTEXT('part definition',#3181,'design');
#3177=PRODUCT_DEFINITION('2026-08-25-12-52-43-461','MY-CAM Holder',#3178,
#3176);
#3178=PRODUCT_DEFINITION_FORMATION('',$,#3183);
#3179=PRODUCT_RELATED_PRODUCT_CATEGORY('MY-CAM Holder','MY-CAM Holder',
(#3183));
#3180=APPLICATION_PROTOCOL_DEFINITION('international standard',
'automotive_design',2009,#3181);
#3181=APPLICATION_CONTEXT(
'Core Data for Automotive Mechanical Design Process');
#3182=PRODUCT_CONTEXT('part definition',#3181,'mechanical');
#3183=PRODUCT('2026-08-25-12-52-43-461','MY-CAM Holder',$,(#3182));
#3184=PRESENTATION_STYLE_ASSIGNMENT((#3185));
#3185=SURFACE_STYLE_USAGE(.BOTH.,#3186);
#3186=SURFACE_SIDE_STYLE('',(#3187));
#3187=SURFACE_STYLE_FILL_AREA(#3188);
#3188=FILL_AREA_STYLE('Steel - Satin',(#3189));
#3189=FILL_AREA_STYLE_COLOUR('Steel - Satin',#3190);
#3190=COLOUR_RGB('Steel - Satin',0.627450980392157,0.627450980392157,0.627450980392157);
ENDSEC;
END-ISO-10303-21;
