                                                                        S      1
,,13HMY-CAM Holder,13HMY-CAM Holder,7Hunknown,7Hunknown,32,38,7,99,15,, G      1
1.,2,2HMM,1,0.08,15H20260825.080444,0.01,10000.,7Hunknown,7Hunknown,11, G      2
0,;                                                                     G      3
     186       1                                                00000000D      1
     186           -1205       1       0                               0D      2
     514       2                                                00010000D      3
     514                       9       1                               0D      4
     510      11                                                00010000D      5
     510           -1205       1       1                               0D      6
     510      12                                                00010000D      7
     510           -1205       1       1                               0D      8
     510      13                                                00010000D      9
     510           -1205       1       1                               0D     10
     510      14                                                00010000D     11
     510           -1205       1       1                               0D     12
     510      15                                                00010000D     13
     510           -1205       1       1                               0D     14
     510      16                                                00010000D     15
     510           -1205       1       1                               0D     16
     510      17                                                00010000D     17
     510           -1205       1       1                               0D     18
     510      18                                                00010000D     19
     510           -1205       1       1                               0D     20
     510      19                                                00010000D     21
     510           -1205       1       1                               0D     22
     510      20                                                00010000D     23
     510           -1205       1       1                               0D     24
     510      21                                                00010000D     25
     510           -1205       1       1                               0D     26
     510      22                                                00010000D     27
     510           -1205       1       1                               0D     28
     510      23                                                00010000D     29
     510           -1205       1       1                               0D     30
     510      24                                                00010000D     31
     510           -1205       1       1                               0D     32
     510      25                                                00010000D     33
     510           -1205       1       1                               0D     34
     510      26                                                00010000D     35
     510           -1205       1       1                               0D     36
     510      27                                                00010000D     37
     510           -1205       1       1                               0D     38
     510      28                                                00010000D     39
     510           -1205       1       1                               0D     40
     510      29                                                00010000D     41
     510           -1205       1       1                               0D     42
     510      30                                                00010000D     43
     510           -1205       1       1                               0D     44
     510      31                                                00010000D     45
     510           -1205       1       1                               0D     46
     510      32                                                00010000D     47
     510           -1205       1       1                               0D     48
     510      33                                                00010000D     49
     510           -1205       1       1                               0D     50
     510      34                                                00010000D     51
     510           -1205       1       1                               0D     52
     510      35                                                00010000D     53
     510           -1205       1       1                               0D     54
     510      36                                                00010000D     55
     510           -1205       1       1                               0D     56
     510      37                                                00010000D     57
     510           -1205       1       1                               0D     58
     510      38                                                00010000D     59
     510           -1205       1       1                               0D     60
     510      39                                                00010000D     61
     510           -1205       1       1                               0D     62
     510      40                                                00010000D     63
     510           -1205       1       1                               0D     64
     510      41                                                00010000D     65
     510           -1205       1       1                               0D     66
     510      42                                                00010000D     67
     510           -1205       1       1                               0D     68
     510      43                                                00010000D     69
     510           -1205       1       1                               0D     70
     510      44                                                00010000D     71
     510           -1205       1       1                               0D     72
     510      45                                                00010000D     73
     510           -1205       1       1                               0D     74
     510      46                                                00010000D     75
     510           -1205       1       1                               0D     76
     510      47                                                00010000D     77
     510           -1205       1       1                               0D     78
     510      48                                                00010000D     79
     510           -1205       1       1                               0D     80
     510      49                                                00010000D     81
     510           -1205       1       1                               0D     82
     510      50                                                00010000D     83
     510           -1205       1       1                               0D     84
     510      51                                                00010000D     85
     510           -1205       1       1                               0D     86
     510      52                                                00010000D     87
     510           -1205       1       1                               0D     88
     510      53                                                00010000D     89
     510           -1205       1       1                               0D     90
     510      54                                                00010000D     91
     510           -1205       1       1                               0D     92
     510      55                                                00010000D     93
     510           -1205       1       1                               0D     94
     510      56                                                00010000D     95
     510           -1205       1       1                               0D     96
     510      57                                                00010000D     97
     510           -1205       1       1                               0D     98
     510      58                                                00010000D     99
     510           -1205       1       1                               0D    100
     510      59                                                00010000D    101
     510           -1205       1       1                               0D    102
     510      60                                                00010000D    103
     510           -1205       1       1                               0D    104
     510      61                                                00010000D    105
     510           -1205       1       1                               0D    106
     510      62                                                00010000D    107
     510           -1205       1       1                               0D    108
     510      63                                                00010000D    109
     510           -1205       1       1                               0D    110
     510      64                                                00010000D    111
     510           -1205       1       1                               0D    112
     510      65                                                00010000D    113
     510           -1205       1       1                               0D    114
     510      66                                                00010000D    115
     510           -1205       1       1                               0D    116
     510      67                                                00010000D    117
     510           -1205       1       1                               0D    118
     510      68                                                00010000D    119
     510           -1205       1       1                               0D    120
     510      69                                                00010000D    121
     510           -1205       1       1                               0D    122
     510      70                                                00010000D    123
     510           -1205       1       1                               0D    124
     510      71                                                00010000D    125
     510           -1205       1       1                               0D    126
     510      72                                                00010000D    127
     510           -1205       1       1                               0D    128
     510      73                                                00010000D    129
     510           -1205       1       1                               0D    130
     510      74                                                00010000D    131
     510           -1205       1       1                               0D    132
     510      75                                                00010000D    133
     510           -1205       1       1                               0D    134
     510      76                                                00010000D    135
     510           -1205       1       1                               0D    136
     510      77                                                00010000D    137
     510           -1205       1       1                               0D    138
     510      78                                                00010000D    139
     510           -1205       1       1                               0D    140
     510      79                                                00010000D    141
     510           -1205       1       1                               0D    142
     510      80                                                00010000D    143
     510           -1205       1       1                               0D    144
     510      81                                                00010000D    145
     510           -1205       1       1                               0D    146
     510      82                                                00010000D    147
     510           -1205       1       1                               0D    148
     510      83                                                00010000D    149
     510           -1205       1       1                               0D    150
     510      84                                                00010000D    151
     510           -1205       1       1                               0D    152
     510      85                                                00010000D    153
     510           -1205       1       1                               0D    154
     510      86                                                00010000D    155
     510           -1205       1       1                               0D    156
     510      87                                                00010000D    157
     510           -1205       1       1                               0D    158
     510      88                                                00010000D    159
     510           -1205       1       1                               0D    160
     510      89                                                00010000D    161
     510           -1205       1       1                               0D    162
     510      90                                                00010000D    163
     510           -1205       1       1                               0D    164
     510      91                                                00010000D    165
     510           -1205       1       1                               0D    166
     510      92                                                00010000D    167
     510           -1205       1       1                               0D    168
     510      93                                                00010000D    169
     510           -1205       1       1                               0D    170
     510      94                                                00010000D    171
     510           -1205       1       1                               0D    172
     510      95                                                00010000D    173
     510           -1205       1       1                               0D    174
     510      96                                                00010000D    175
     510           -1205       1       1                               0D    176
     510      97                                                00010000D    177
     510           -1205       1       1                               0D    178
     510      98                                                00010000D    179
     510           -1205       1       1                               0D    180
     510      99                                                00010000D    181
     510           -1205       1       1                               0D    182
     510     100                                                00010000D    183
     510           -1205       1       1                               0D    184
     510     101                                                00010000D    185
     510           -1205       1       1                               0D    186
     510     102                                                00010000D    187
     510           -1205       1       1                               0D    188
     510     103                                                00010000D    189
     510           -1205       1       1                               0D    190
     510     104                                                00010000D    191
     510           -1205       1       1                               0D    192
     510     105                                                00010000D    193
     510           -1205       1       1                               0D    194
     510     106                                                00010000D    195
     510           -1205       1       1                               0D    196
     510     107                                                00010000D    197
     510           -1205       1       1                               0D    198
     510     108                                                00010000D    199
     510           -1205       1       1                               0D    200
     510     109                                                00010000D    201
     510           -1205       1       1                               0D    202
     510     110                                                00010000D    203
     510           -1205       1       1                               0D    204
     508     111                                                00010000D    205
     508                       1       1                               0D    206
     508     112                                                00010000D    207
     508                       1       1                               0D    208
     508     113                                                00010000D    209
     508                       1       1                               0D    210
     508     114                                                00010000D    211
     508                       1       1                               0D    212
     508     115                                                00010000D    213
     508                       2       1                               0D    214
     508     117                                                00010000D    215
     508                       1       1                               0D    216
     508     118                                                00010000D    217
     508                       1       1                               0D    218
     508     119                                                00010000D    219
     508                       1       1                               0D    220
     508     120                                                00010000D    221
     508                       1       1                               0D    222
     508     121                                                00010000D    223
     508                       1       1                               0D    224
     508     122                                                00010000D    225
     508                       2       1                               0D    226
     508     124                                                00010000D    227
     508                       2       1                               0D    228
     508     126                                                00010000D    229
     508                       3       1                               0D    230
     508     129                                                00010000D    231
     508                       1       1                               0D    232
     508     130                                                00010000D    233
     508                       3       1                               0D    234
     508     133                                                00010000D    235
     508                       1       1                               0D    236
     508     134                                                00010000D    237
     508                       2       1                               0D    238
     508     136                                                00010000D    239
     508                       2       1                               0D    240
     508     138                                                00010000D    241
     508                       1       1                               0D    242
     508     139                                                00010000D    243
     508                       1       1                               0D    244
     508     140                                                00010000D    245
     508                       1       1                               0D    246
     508     141                                                00010000D    247
     508                       1       1                               0D    248
     508     142                                                00010000D    249
     508                       1       1                               0D    250
     508     143                                                00010000D    251
     508                       2       1                               0D    252
     508     145                                                00010000D    253
     508                       1       1                               0D    254
     508     146                                                00010000D    255
     508                       1       1                               0D    256
     508     147                                                00010000D    257
     508                       2       1                               0D    258
     508     149                                                00010000D    259
     508                       1       1                               0D    260
     508     150                                                00010000D    261
     508                       2       1                               0D    262
     508     152                                                00010000D    263
     508                       9       1                               0D    264
     508     161                                                00010000D    265
     508                       1       1                               0D    266
     508     162                                                00010000D    267
     508                       1       1                               0D    268
     508     163                                                00010000D    269
     508                       1       1                               0D    270
     508     164                                                00010000D    271
     508                       1       1                               0D    272
     508     165                                                00010000D    273
     508                       1       1                               0D    274
     508     166                                                00010000D    275
     508                       1       1                               0D    276
     508     167                                                00010000D    277
     508                       2       1                               0D    278
     508     169                                                00010000D    279
     508                       2       1                               0D    280
     508     171                                                00010000D    281
     508                       2       1                               0D    282
     508     173                                                00010000D    283
     508                       2       1                               0D    284
     508     175                                                00010000D    285
     508                       2       1                               0D    286
     508     177                                                00010000D    287
     508                       2       1                               0D    288
     508     179                                                00010000D    289
     508                       2       1                               0D    290
     508     181                                                00010000D    291
     508                       2       1                               0D    292
     508     183                                                00010000D    293
     508                       2       1                               0D    294
     508     185                                                00010000D    295
     508                       2       1                               0D    296
     508     187                                                00010000D    297
     508                       2       1                               0D    298
     508     189                                                00010000D    299
     508                       3       1                               0D    300
     508     192                                                00010000D    301
     508                       2       1                               0D    302
     508     194                                                00010000D    303
     508                       2       1                               0D    304
     508     196                                                00010000D    305
     508                       1       1                               0D    306
     508     197                                                00010000D    307
     508                       1       1                               0D    308
     508     198                                                00010000D    309
     508                       1       1                               0D    310
     508     199                                                00010000D    311
     508                       2       1                               0D    312
     508     201                                                00010000D    313
     508                       2       1                               0D    314
     508     203                                                00010000D    315
     508                       2       1                               0D    316
     508     205                                                00010000D    317
     508                       1       1                               0D    318
     508     206                                                00010000D    319
     508                       1       1                               0D    320
     508     207                                                00010000D    321
     508                       2       1                               0D    322
     508     209                                                00010000D    323
     508                       2       1                               0D    324
     508     211                                                00010000D    325
     508                       2       1                               0D    326
     508     213                                                00010000D    327
     508                       2       1                               0D    328
     508     215                                                00010000D    329
     508                       1       1                               0D    330
     508     216                                                00010000D    331
     508                       2       1                               0D    332
     508     218                                                00010000D    333
     508                       2       1                               0D    334
     508     220                                                00010000D    335
     508                       2       1                               0D    336
     508     222                                                00010000D    337
     508                       3       1                               0D    338
     508     225                                                00010000D    339
     508                       2       1                               0D    340
     508     227                                                00010000D    341
     508                       2       1                               0D    342
     508     229                                                00010000D    343
     508                       2       1                               0D    344
     508     231                                                00010000D    345
     508                       1       1                               0D    346
     508     232                                                00010000D    347
     508                       1       1                               0D    348
     508     233                                                00010000D    349
     508                       2       1                               0D    350
     508     235                                                00010000D    351
     508                       2       1                               0D    352
     508     237                                                00010000D    353
     508                       2       1                               0D    354
     508     239                                                00010000D    355
     508                       2       1                               0D    356
     508     241                                                00010000D    357
     508                       2       1                               0D    358
     508     243                                                00010000D    359
     508                       1       1                               0D    360
     508     244                                                00010000D    361
     508                       2       1                               0D    362
     508     246                                                00010000D    363
     508                       2       1                               0D    364
     508     248                                                00010000D    365
     508                       2       1                               0D    366
     508     250                                                00010000D    367
     508                       2       1                               0D    368
     508     252                                                00010000D    369
     508                       2       1                               0D    370
     508     254                                                00010000D    371
     508                       2       1                               0D    372
     508     256                                                00010000D    373
     508                       2       1                               0D    374
     508     258                                                00010000D    375
     508                       1       1                               0D    376
     508     259                                                00010000D    377
     508                       1       1                               0D    378
     508     260                                                00010000D    379
     508                       1       1                               0D    380
     508     261                                                00010000D    381
     508                       1       1                               0D    382
     508     262                                                00010000D    383
     508                       2       1                               0D    384
     508     264                                                00010000D    385
     508                       3       1                               0D    386
     508     267                                                00010000D    387
     508                       2       1                               0D    388
     508     269                                                00010000D    389
     508                       2       1                               0D    390
     508     271                                                00010000D    391
     508                       2       1                               0D    392
     508     273                                                00010000D    393
     508                       2       1                               0D    394
     508     275                                                00010000D    395
     508                       2       1                               0D    396
     508     277                                                00010000D    397
     508                       2       1                               0D    398
     508     279                                                00010000D    399
     508                       1       1                               0D    400
     508     280                                                00010000D    401
     508                       1       1                               0D    402
     508     281                                                00010000D    403
     508                       1       1                               0D    404
     508     282                                                00010000D    405
     508                       2       1                               0D    406
     508     284                                                00010000D    407
     508                       1       1                               0D    408
     508     285                                                00010000D    409
     508                       2       1                               0D    410
     508     287                                                00010000D    411
     508                       2       1                               0D    412
     508     289                                                00010000D    413
     508                       2       1                               0D    414
     508     291                                                00010000D    415
     508                       2       1                               0D    416
     508     293                                                00010000D    417
     508                       2       1                               0D    418
     508     295                                                00010000D    419
     508                       2       1                               0D    420
     508     297                                                00010000D    421
     508                       2       1                               0D    422
     508     299                                                00010000D    423
     508                       2       1                               0D    424
     508     301                                                00010000D    425
     508                       1       1                               0D    426
     508     302                                                00010000D    427
     508                       2       1                               0D    428
     508     304                                                00010000D    429
     508                       2       1                               0D    430
     508     306                                                00010000D    431
     508                       2       1                               0D    432
     508     308                                                00010000D    433
     508                       2       1                               0D    434
     508     310                                                00010000D    435
     508                       2       1                               0D    436
     508     312                                                00010000D    437
     508                       2       1                               0D    438
     508     314                                                00010000D    439
     508                       2       1                               0D    440
     508     316                                                00010000D    441
     508                       1       1                               0D    442
     508     317                                                00010000D    443
     508                       1       1                               0D    444
     126     318                                                00010000D    445
     126       0               4       0                               0D    446
     126     322                                                00010000D    447
     126       0               3       0                               0D    448
     126     325                                                00010000D    449
     126       0               3       0                               0D    450
     126     328                                                00010000D    451
     126       0               4       0                               0D    452
     126     332                                                00010000D    453
     126       0               3       0                               0D    454
     126     335                                                00010000D    455
     126       0               4       0                               0D    456
     126     339                                                00010000D    457
     126       0               3       0                               0D    458
     126     342                                                00010000D    459
     126       0               4       0                               0D    460
     126     346                                                00010000D    461
     126       0               4       0                               0D    462
     126     350                                                00010000D    463
     126       0               4       0                               0D    464
     126     354                                                00010000D    465
     126       0               3       0                               0D    466
     126     357                                                00010000D    467
     126       0               3       0                               0D    468
     126     360                                                00010000D    469
     126       0               3       0                               0D    470
     126     363                                                00010000D    471
     126       0               3       0                               0D    472
     126     366                                                00010000D    473
     126       0               4       0                               0D    474
     126     370                                                00010000D    475
     126       0               4       0                               0D    476
     126     374                                                00010000D    477
     126       0               6       0                               0D    478
     126     380                                                00010000D    479
     126       0               4       0                               0D    480
     126     384                                                00010000D    481
     126       0               4       0                               0D    482
     126     388                                                00010000D    483
     126       0              12       0                               0D    484
     126     400                                                00010000D    485
     126       0              12       0                               0D    486
     126     412                                                00010000D    487
     126       0               4       0                               0D    488
     126     416                                                00010000D    489
     126       0               4       0                               0D    490
     126     420                                                00010000D    491
     126       0               4       0                               0D    492
     126     424                                                00010000D    493
     126       0               4       0                               0D    494
     126     428                                                00010000D    495
     126       0               3       0                               0D    496
     126     431                                                00010000D    497
     126       0               3       0                               0D    498
     126     434                                                00010000D    499
     126       0               3       0                               0D    500
     126     437                                                00010000D    501
     126       0               3       0                               0D    502
     126     440                                                00010000D    503
     126       0               3       0                               0D    504
     126     443                                                00010000D    505
     126       0               3       0                               0D    506
     126     446                                                00010000D    507
     126       0               6       0                               0D    508
     126     452                                                00010000D    509
     126       0               3       0                               0D    510
     126     455                                                00010000D    511
     126       0               6       0                               0D    512
     126     461                                                00010000D    513
     126       0               4       0                               0D    514
     126     465                                                00010000D    515
     126       0               3       0                               0D    516
     126     468                                                00010000D    517
     126       0               3       0                               0D    518
     126     471                                                00010000D    519
     126       0               6       0                               0D    520
     126     477                                                00010000D    521
     126       0               3       0                               0D    522
     126     480                                                00010000D    523
     126       0               6       0                               0D    524
     126     486                                                00010000D    525
     126       0               4       0                               0D    526
     126     490                                                00010000D    527
     126       0               8       0                               0D    528
     126     498                                                00010000D    529
     126       0               4       0                               0D    530
     126     502                                                00010000D    531
     126       0               8       0                               0D    532
     126     510                                                00010000D    533
     126       0               3       0                               0D    534
     126     513                                                00010000D    535
     126       0               3       0                               0D    536
     126     516                                                00010000D    537
     126       0               6       0                               0D    538
     126     522                                                00010000D    539
     126       0              12       0                               0D    540
     126     534                                                00010000D    541
     126       0               4       0                               0D    542
     126     538                                                00010000D    543
     126       0               6       0                               0D    544
     126     544                                                00010000D    545
     126       0               4       0                               0D    546
     126     548                                                00010000D    547
     126       0               7       0                               0D    548
     126     555                                                00010000D    549
     126       0               3       0                               0D    550
     126     558                                                00010000D    551
     126       0               6       0                               0D    552
     126     564                                                00010000D    553
     126       0               3       0                               0D    554
     126     567                                                00010000D    555
     126       0               6       0                               0D    556
     126     573                                                00010000D    557
     126       0               4       0                               0D    558
     126     577                                                00010000D    559
     126       0               6       0                               0D    560
     126     583                                                00010000D    561
     126       0              12       0                               0D    562
     126     595                                                00010000D    563
     126       0               7       0                               0D    564
     126     602                                                00010000D    565
     126       0               8       0                               0D    566
     126     610                                                00010000D    567
     126       0               4       0                               0D    568
     126     614                                                00010000D    569
     126       0              12       0                               0D    570
     126     626                                                00010000D    571
     126       0              12       0                               0D    572
     126     638                                                00010000D    573
     126       0               4       0                               0D    574
     126     642                                                00010000D    575
     126       0               3       0                               0D    576
     126     645                                                00010000D    577
     126       0              12       0                               0D    578
     126     657                                                00010000D    579
     126       0               4       0                               0D    580
     126     661                                                00010000D    581
     126       0               3       0                               0D    582
     126     664                                                00010000D    583
     126       0               3       0                               0D    584
     126     667                                                00010000D    585
     126       0               3       0                               0D    586
     126     670                                                00010000D    587
     126       0               3       0                               0D    588
     126     673                                                00010000D    589
     126       0               3       0                               0D    590
     126     676                                                00010000D    591
     126       0               3       0                               0D    592
     126     679                                                00010000D    593
     126       0               3       0                               0D    594
     126     682                                                00010000D    595
     126       0               4       0                               0D    596
     126     686                                                00010000D    597
     126       0               3       0                               0D    598
     126     689                                                00010000D    599
     126       0               4       0                               0D    600
     126     693                                                00010000D    601
     126       0               4       0                               0D    602
     126     697                                                00010000D    603
     126       0               3       0                               0D    604
     126     700                                                00010000D    605
     126       0               4       0                               0D    606
     126     704                                                00010000D    607
     126       0               3       0                               0D    608
     126     707                                                00010000D    609
     126       0               4       0                               0D    610
     126     711                                                00010000D    611
     126       0               3       0                               0D    612
     126     714                                                00010000D    613
     126       0               3       0                               0D    614
     126     717                                                00010000D    615
     126       0               3       0                               0D    616
     126     720                                                00010000D    617
     126       0               3       0                               0D    618
     126     723                                                00010000D    619
     126       0               4       0                               0D    620
     126     727                                                00010000D    621
     126       0               3       0                               0D    622
     126     730                                                00010000D    623
     126       0               4       0                               0D    624
     126     734                                                00010000D    625
     126       0               4       0                               0D    626
     126     738                                                00010000D    627
     126       0               6       0                               0D    628
     126     744                                                00010000D    629
     126       0               3       0                               0D    630
     126     747                                                00010000D    631
     126       0               3       0                               0D    632
     126     750                                                00010000D    633
     126       0               5       0                               0D    634
     126     755                                                00010000D    635
     126       0               8       0                               0D    636
     126     763                                                00010000D    637
     126       0               5       0                               0D    638
     126     768                                                00010000D    639
     126       0               4       0                               0D    640
     126     772                                                00010000D    641
     126       0               8       0                               0D    642
     126     780                                                00010000D    643
     126       0               4       0                               0D    644
     126     784                                                00010000D    645
     126       0               6       0                               0D    646
     126     790                                                00010000D    647
     126       0               3       0                               0D    648
     126     793                                                00010000D    649
     126       0               6       0                               0D    650
     126     799                                                00010000D    651
     126       0               4       0                               0D    652
     126     803                                                00010000D    653
     126       0               6       0                               0D    654
     126     809                                                00010000D    655
     126       0               4       0                               0D    656
     126     813                                                00010000D    657
     126       0               6       0                               0D    658
     126     819                                                00010000D    659
     126       0               3       0                               0D    660
     126     822                                                00010000D    661
     126       0               6       0                               0D    662
     126     828                                                00010000D    663
     126       0               3       0                               0D    664
     126     831                                                00010000D    665
     126       0               7       0                               0D    666
     126     838                                                00010000D    667
     126       0               4       0                               0D    668
     126     842                                                00010000D    669
     126       0               6       0                               0D    670
     126     848                                                00010000D    671
     126       0               4       0                               0D    672
     126     852                                                00010000D    673
     126       0               6       0                               0D    674
     126     858                                                00010000D    675
     126       0               3       0                               0D    676
     126     861                                                00010000D    677
     126       0               8       0                               0D    678
     126     869                                                00010000D    679
     126       0               6       0                               0D    680
     126     875                                                00010000D    681
     126       0               4       0                               0D    682
     126     879                                                00010000D    683
     126       0               6       0                               0D    684
     126     885                                                00010000D    685
     126       0              12       0                               0D    686
     126     897                                                00010000D    687
     126       0              12       0                               0D    688
     126     909                                                00010000D    689
     126       0              12       0                               0D    690
     126     921                                                00010000D    691
     126       0              12       0                               0D    692
     126     933                                                00010000D    693
     126       0              11       0                               0D    694
     126     944                                                00010000D    695
     126       0               8       0                               0D    696
     126     952                                                00010000D    697
     126       0               3       0                               0D    698
     126     955                                                00010000D    699
     126       0               3       0                               0D    700
     126     958                                                00010000D    701
     126       0               6       0                               0D    702
     126     964                                                00010000D    703
     126       0               3       0                               0D    704
     126     967                                                00010000D    705
     126       0               3       0                               0D    706
     126     970                                                00010000D    707
     126       0               3       0                               0D    708
     126     973                                                00010000D    709
     126       0               3       0                               0D    710
     126     976                                                00010000D    711
     126       0               3       0                               0D    712
     126     979                                                00010000D    713
     126       0               3       0                               0D    714
     126     982                                                00010000D    715
     126       0               4       0                               0D    716
     126     986                                                00010000D    717
     126       0               6       0                               0D    718
     126     992                                                00010000D    719
     126       0               3       0                               0D    720
     126     995                                                00010000D    721
     126       0               3       0                               0D    722
     126     998                                                00010000D    723
     126       0               3       0                               0D    724
     126    1001                                                00010000D    725
     126       0               3       0                               0D    726
     126    1004                                                00010000D    727
     126       0               3       0                               0D    728
     126    1007                                                00010000D    729
     126       0               3       0                               0D    730
     126    1010                                                00010000D    731
     126       0               4       0                               0D    732
     126    1014                                                00010000D    733
     126       0               8       0                               0D    734
     126    1022                                                00010000D    735
     126       0               3       0                               0D    736
     126    1025                                                00010000D    737
     126       0               3       0                               0D    738
     126    1028                                                00010000D    739
     126       0               3       0                               0D    740
     126    1031                                                00010000D    741
     126       0               3       0                               0D    742
     126    1034                                                00010000D    743
     126       0               3       0                               0D    744
     126    1037                                                00010000D    745
     126       0               3       0                               0D    746
     126    1040                                                00010000D    747
     126       0               3       0                               0D    748
     126    1043                                                00010000D    749
     126       0               3       0                               0D    750
     126    1046                                                00010000D    751
     126       0               3       0                               0D    752
     126    1049                                                00010000D    753
     126       0               3       0                               0D    754
     126    1052                                                00010000D    755
     126       0               3       0                               0D    756
     126    1055                                                00010000D    757
     126       0               3       0                               0D    758
     126    1058                                                00010000D    759
     126       0               3       0                               0D    760
     126    1061                                                00010000D    761
     126       0               8       0                               0D    762
     126    1069                                                00010000D    763
     126       0               6       0                               0D    764
     126    1075                                                00010000D    765
     126       0               5       0                               0D    766
     126    1080                                                00010000D    767
     126       0               4       0                               0D    768
     126    1084                                                00010000D    769
     126       0              11       0                               0D    770
     126    1095                                                00010000D    771
     126       0               4       0                               0D    772
     126    1099                                                00010000D    773
     126       0              12       0                               0D    774
     126    1111                                                00010000D    775
     126       0               3       0                               0D    776
     126    1114                                                00010000D    777
     126       0               6       0                               0D    778
     126    1120                                                00010000D    779
     126       0               3       0                               0D    780
     126    1123                                                00010000D    781
     126       0               4       0                               0D    782
     126    1127                                                00010000D    783
     126       0               3       0                               0D    784
     126    1130                                                00010000D    785
     126       0               3       0                               0D    786
     126    1133                                                00010000D    787
     126       0               4       0                               0D    788
     126    1137                                                00010000D    789
     126       0               3       0                               0D    790
     126    1140                                                00010000D    791
     126       0               9       0                               0D    792
     126    1149                                                00010000D    793
     126       0               4       0                               0D    794
     126    1153                                                00010000D    795
     126       0              10       0                               0D    796
     126    1163                                                00010000D    797
     126       0               7       0                               0D    798
     126    1170                                                00010000D    799
     126       0               5       0                               0D    800
     126    1175                                                00010000D    801
     126       0              15       0                               0D    802
     126    1190                                                00010000D    803
     126       0               5       0                               0D    804
     126    1195                                                00010000D    805
     126       0              15       0                               0D    806
     126    1210                                                00010000D    807
     126       0               3       0                               0D    808
     126    1213                                                00010000D    809
     126       0               3       0                               0D    810
     126    1216                                                00010000D    811
     126       0               5       0                               0D    812
     126    1221                                                00010000D    813
     126       0              10       0                               0D    814
     126    1231                                                00010000D    815
     126       0              10       0                               0D    816
     126    1241                                                00010000D    817
     126       0              13       0                               0D    818
     126    1254                                                00010000D    819
     126       0               7       0                               0D    820
     126    1261                                                00010000D    821
     126       0               3       0                               0D    822
     126    1264                                                00010000D    823
     126       0               5       0                               0D    824
     126    1269                                                00010000D    825
     126       0               5       0                               0D    826
     126    1274                                                00010000D    827
     126       0               3       0                               0D    828
     126    1277                                                00010000D    829
     126       0              15       0                               0D    830
     126    1292                                                00010000D    831
     126       0               3       0                               0D    832
     126    1295                                                00010000D    833
     126       0               6       0                               0D    834
     126    1301                                                00010000D    835
     126       0               3       0                               0D    836
     126    1304                                                00010000D    837
     126       0               6       0                               0D    838
     126    1310                                                00010000D    839
     126       0               3       0                               0D    840
     126    1313                                                00010000D    841
     126       0               3       0                               0D    842
     126    1316                                                00010000D    843
     126       0               3       0                               0D    844
     126    1319                                                00010000D    845
     126       0               3       0                               0D    846
     126    1322                                                00010000D    847
     126       0               3       0                               0D    848
     126    1325                                                00010000D    849
     126       0              10       0                               0D    850
     126    1335                                                00010000D    851
     126       0               5       0                               0D    852
     126    1340                                                00010000D    853
     126       0              15       0                               0D    854
     126    1355                                                00010000D    855
     126       0               5       0                               0D    856
     126    1360                                                00010000D    857
     126       0              15       0                               0D    858
     126    1375                                                00010000D    859
     126       0               3       0                               0D    860
     126    1378                                                00010000D    861
     126       0               3       0                               0D    862
     126    1381                                                00010000D    863
     126       0               3       0                               0D    864
     126    1384                                                00010000D    865
     126       0               7       0                               0D    866
     126    1391                                                00010000D    867
     126       0               3       0                               0D    868
     126    1394                                                00010000D    869
     126       0               6       0                               0D    870
     126    1400                                                00010000D    871
     126       0               3       0                               0D    872
     126    1403                                                00010000D    873
     126       0               9       0                               0D    874
     126    1412                                                00010000D    875
     126       0               7       0                               0D    876
     126    1419                                                00010000D    877
     126       0               3       0                               0D    878
     126    1422                                                00010000D    879
     126       0               6       0                               0D    880
     126    1428                                                00010000D    881
     126       0               3       0                               0D    882
     126    1431                                                00010000D    883
     126       0               5       0                               0D    884
     126    1436                                                00010000D    885
     126       0               4       0                               0D    886
     126    1440                                                00010000D    887
     126       0               3       0                               0D    888
     126    1443                                                00010000D    889
     126       0               5       0                               0D    890
     126    1448                                                00010000D    891
     126       0               3       0                               0D    892
     126    1451                                                00010000D    893
     126       0               9       0                               0D    894
     126    1460                                                00010000D    895
     126       0              15       0                               0D    896
     126    1475                                                00010000D    897
     126       0               5       0                               0D    898
     126    1480                                                00010000D    899
     126       0              15       0                               0D    900
     126    1495                                                00010000D    901
     126       0              10       0                               0D    902
     126    1505                                                00010000D    903
     126       0               5       0                               0D    904
     126    1510                                                00010000D    905
     126       0              15       0                               0D    906
     126    1525                                                00010000D    907
     126       0              10       0                               0D    908
     126    1535                                                00010000D    909
     126       0               3       0                               0D    910
     126    1538                                                00010000D    911
     126       0              12       0                               0D    912
     126    1550                                                00010000D    913
     126       0              11       0                               0D    914
     126    1561                                                00010000D    915
     126       0               6       0                               0D    916
     126    1567                                                00010000D    917
     126       0               3       0                               0D    918
     126    1570                                                00010000D    919
     126       0               6       0                               0D    920
     126    1576                                                00010000D    921
     126       0               3       0                               0D    922
     126    1579                                                00010000D    923
     126       0               7       0                               0D    924
     126    1586                                                00010000D    925
     126       0               3       0                               0D    926
     126    1589                                                00010000D    927
     126       0               8       0                               0D    928
     126    1597                                                00010000D    929
     126       0               4       0                               0D    930
     126    1601                                                00010000D    931
     126       0               3       0                               0D    932
     126    1604                                                00010000D    933
     126       0               3       0                               0D    934
     126    1607                                                00010000D    935
     126       0               3       0                               0D    936
     126    1610                                                00010000D    937
     126       0               4       0                               0D    938
     126    1614                                                00010000D    939
     126       0               8       0                               0D    940
     126    1622                                                00010000D    941
     126       0               3       0                               0D    942
     126    1625                                                00010000D    943
     126       0               3       0                               0D    944
     126    1628                                                00010000D    945
     126       0               3       0                               0D    946
     126    1631                                                00010000D    947
     126       0               5       0                               0D    948
     126    1636                                                00010000D    949
     126       0               7       0                               0D    950
     126    1643                                                00010000D    951
     126       0              16       0                               0D    952
     126    1659                                                00010000D    953
     126       0               3       0                               0D    954
     126    1662                                                00010000D    955
     126       0               3       0                               0D    956
     126    1665                                                00010000D    957
     126       0               5       0                               0D    958
     126    1670                                                00010000D    959
     126       0              13       0                               0D    960
     126    1683                                                00010000D    961
     126       0               4       0                               0D    962
     126    1687                                                00010000D    963
     126       0               5       0                               0D    964
     126    1692                                                00010000D    965
     126       0               5       0                               0D    966
     126    1697                                                00010000D    967
     126       0              15       0                               0D    968
     126    1712                                                00010000D    969
     126       0               3       0                               0D    970
     126    1715                                                00010000D    971
     126       0               6       0                               0D    972
     126    1721                                                00010000D    973
     126       0               3       0                               0D    974
     126    1724                                                00010000D    975
     126       0               4       0                               0D    976
     126    1728                                                00010000D    977
     126       0               3       0                               0D    978
     126    1731                                                00010000D    979
     126       0               3       0                               0D    980
     126    1734                                                00010000D    981
     126       0               4       0                               0D    982
     126    1738                                                00010000D    983
     126       0               3       0                               0D    984
     126    1741                                                00010000D    985
     126       0               6       0                               0D    986
     126    1747                                                00010000D    987
     126       0               7       0                               0D    988
     126    1754                                                00010000D    989
     126       0               7       0                               0D    990
     126    1761                                                00010000D    991
     126       0               5       0                               0D    992
     126    1766                                                00010000D    993
     126       0              15       0                               0D    994
     126    1781                                                00010000D    995
     126       0               5       0                               0D    996
     126    1786                                                00010000D    997
     126       0              15       0                               0D    998
     128    1801                                                00010000D    999
     128       0   -1205       6       0                               0D   1000
     128    1807                                                00010000D   1001
     128       0   -1205       6       0                               0D   1002
     128    1813                                                00010000D   1003
     128       0   -1205       6       0                               0D   1004
     128    1819                                                00010000D   1005
     128       0   -1205       6       0                               0D   1006
     128    1825                                                00010000D   1007
     128       0   -1205       7       0                               0D   1008
     128    1832                                                00010000D   1009
     128       0   -1205       6       0                               0D   1010
     128    1838                                                00010000D   1011
     128       0   -1205       6       0                               0D   1012
     128    1844                                                00010000D   1013
     128       0   -1205       9       0                               0D   1014
     128    1853                                                00010000D   1015
     128       0   -1205       6       0                               0D   1016
     128    1859                                                00010000D   1017
     128       0   -1205       7       0                               0D   1018
     128    1866                                                00010000D   1019
     128       0   -1205       7       0                               0D   1020
     128    1873                                                00010000D   1021
     128       0   -1205      22       0                               0D   1022
     128    1895                                                00010000D   1023
     128       0   -1205      21       0                               0D   1024
     128    1916                                                00010000D   1025
     128       0   -1205      20       0                               0D   1026
     128    1936                                                00010000D   1027
     128       0   -1205       5       0                               0D   1028
     128    1941                                                00010000D   1029
     128       0   -1205       5       0                               0D   1030
     128    1946                                                00010000D   1031
     128       0   -1205       5       0                               0D   1032
     128    1951                                                00010000D   1033
     128       0   -1205       6       0                               0D   1034
     128    1957                                                00010000D   1035
     128       0   -1205       7       0                               0D   1036
     128    1964                                                00010000D   1037
     128       0   -1205       5       0                               0D   1038
     128    1969                                                00010000D   1039
     128       0   -1205       5       0                               0D   1040
     128    1974                                                00010000D   1041
     128       0   -1205       6       0                               0D   1042
     128    1980                                                00010000D   1043
     128       0   -1205       5       0                               0D   1044
     128    1985                                                00010000D   1045
     128       0   -1205       7       0                               0D   1046
     128    1992                                                00010000D   1047
     128       0   -1205      10       0                               0D   1048
     128    2002                                                00010000D   1049
     128       0   -1205      10       0                               0D   1050
     128    2012                                                00010000D   1051
     128       0   -1205       6       0                               0D   1052
     128    2018                                                00010000D   1053
     128       0   -1205      10       0                               0D   1054
     128    2028                                                00010000D   1055
     128       0   -1205       6       0                               0D   1056
     128    2034                                                00010000D   1057
     128       0   -1205      10       0                               0D   1058
     128    2044                                                00010000D   1059
     128       0   -1205       8       0                               0D   1060
     128    2052                                                00010000D   1061
     128       0   -1205       6       0                               0D   1062
     128    2058                                                00010000D   1063
     128       0   -1205       9       0                               0D   1064
     128    2067                                                00010000D   1065
     128       0   -1205       6       0                               0D   1066
     128    2073                                                00010000D   1067
     128       0   -1205       9       0                               0D   1068
     128    2082                                                00010000D   1069
     128       0   -1205       7       0                               0D   1070
     128    2089                                                00010000D   1071
     128       0   -1205       9       0                               0D   1072
     128    2098                                                00010000D   1073
     128       0   -1205       6       0                               0D   1074
     128    2104                                                00010000D   1075
     128       0   -1205      13       0                               0D   1076
     128    2117                                                00010000D   1077
     128       0   -1205       9       0                               0D   1078
     128    2126                                                00010000D   1079
     128       0   -1205       6       0                               0D   1080
     128    2132                                                00010000D   1081
     128       0   -1205      20       0                               0D   1082
     128    2152                                                00010000D   1083
     128       0   -1205      20       0                               0D   1084
     128    2172                                                00010000D   1085
     128       0   -1205      20       0                               0D   1086
     128    2192                                                00010000D   1087
     128       0   -1205       6       0                               0D   1088
     128    2198                                                00010000D   1089
     128       0   -1205       6       0                               0D   1090
     128    2204                                                00010000D   1091
     128       0   -1205       6       0                               0D   1092
     128    2210                                                00010000D   1093
     128       0   -1205       6       0                               0D   1094
     128    2216                                                00010000D   1095
     128       0   -1205       6       0                               0D   1096
     128    2222                                                00010000D   1097
     128       0   -1205       8       0                               0D   1098
     128    2230                                                00010000D   1099
     128       0   -1205      10       0                               0D   1100
     128    2240                                                00010000D   1101
     128       0   -1205       8       0                               0D   1102
     128    2248                                                00010000D   1103
     128       0   -1205       7       0                               0D   1104
     128    2255                                                00010000D   1105
     128       0   -1205      24       0                               0D   1106
     128    2279                                                00010000D   1107
     128       0   -1205       9       0                               0D   1108
     128    2288                                                00010000D   1109
     128       0   -1205      27       0                               0D   1110
     128    2315                                                00010000D   1111
     128       0   -1205      24       0                               0D   1112
     128    2339                                                00010000D   1113
     128       0   -1205       6       0                               0D   1114
     128    2345                                                00010000D   1115
     128       0   -1205       6       0                               0D   1116
     128    2351                                                00010000D   1117
     128       0   -1205       6       0                               0D   1118
     128    2357                                                00010000D   1119
     128       0   -1205      12       0                               0D   1120
     128    2369                                                00010000D   1121
     128       0   -1205      24       0                               0D   1122
     128    2393                                                00010000D   1123
     128       0   -1205       9       0                               0D   1124
     128    2402                                                00010000D   1125
     128       0   -1205      10       0                               0D   1126
     128    2412                                                00010000D   1127
     128       0   -1205      10       0                               0D   1128
     128    2422                                                00010000D   1129
     128       0   -1205       7       0                               0D   1130
     128    2429                                                00010000D   1131
     128       0   -1205       7       0                               0D   1132
     128    2436                                                00010000D   1133
     128       0   -1205       7       0                               0D   1134
     128    2443                                                00010000D   1135
     128       0   -1205      27       0                               0D   1136
     128    2470                                                00010000D   1137
     128       0   -1205      27       0                               0D   1138
     128    2497                                                00010000D   1139
     128       0   -1205       6       0                               0D   1140
     128    2503                                                00010000D   1141
     128       0   -1205       6       0                               0D   1142
     128    2509                                                00010000D   1143
     128       0   -1205       6       0                               0D   1144
     128    2515                                                00010000D   1145
     128       0   -1205      18       0                               0D   1146
     128    2533                                                00010000D   1147
     128       0   -1205      19       0                               0D   1148
     128    2552                                                00010000D   1149
     128       0   -1205       5       0                               0D   1150
     128    2557                                                00010000D   1151
     128       0   -1205       6       0                               0D   1152
     128    2563                                                00010000D   1153
     128       0   -1205       8       0                               0D   1154
     128    2571                                                00010000D   1155
     128       0   -1205      27       0                               0D   1156
     128    2598                                                00010000D   1157
     128       0   -1205      27       0                               0D   1158
     128    2625                                                00010000D   1159
     128       0   -1205       8       0                               0D   1160
     128    2633                                                00010000D   1161
     128       0   -1205       6       0                               0D   1162
     128    2639                                                00010000D   1163
     128       0   -1205      20       0                               0D   1164
     128    2659                                                00010000D   1165
     128       0   -1205       7       0                               0D   1166
     128    2666                                                00010000D   1167
     128       0   -1205       7       0                               0D   1168
     128    2673                                                00010000D   1169
     128       0   -1205       6       0                               0D   1170
     128    2679                                                00010000D   1171
     128       0   -1205      20       0                               0D   1172
     128    2699                                                00010000D   1173
     128       0   -1205       6       0                               0D   1174
     128    2705                                                00010000D   1175
     128       0   -1205      12       0                               0D   1176
     128    2717                                                00010000D   1177
     128       0   -1205       7       0                               0D   1178
     128    2724                                                00010000D   1179
     128       0   -1205      25       0                               0D   1180
     128    2749                                                00010000D   1181
     128       0   -1205       9       0                               0D   1182
     128    2758                                                00010000D   1183
     128       0   -1205      10       0                               0D   1184
     128    2768                                                00010000D   1185
     128       0   -1205       7       0                               0D   1186
     128    2775                                                00010000D   1187
     128       0   -1205       7       0                               0D   1188
     128    2782                                                00010000D   1189
     128       0   -1205      10       0                               0D   1190
     128    2792                                                00010000D   1191
     128       0   -1205       9       0                               0D   1192
     128    2801                                                00010000D   1193
     128       0   -1205      27       0                               0D   1194
     128    2828                                                00010000D   1195
     128       0   -1205      27       0                               0D   1196
     128    2855                                                00010000D   1197
     128       0   -1205       6       0                               0D   1198
     502    2861                                                00010000D   1199
     502                     141       1                               0D   1200
     504    3002                                                00010001D   1201
     504                      95       1                               0D   1202
     406    3097                                                00000000D   1203
     406                       1      15                               0D   1204
     314    3098                                                00000200D   1205
     314                       2       0                               0D   1206
186,3,1,0,0,1,1203;                                                    1P      1
514,100,5,1,7,1,9,1,11,1,13,1,15,1,17,1,19,1,21,1,23,1,25,1,27,        3P      2
1,29,1,31,1,33,1,35,1,37,1,39,1,41,1,43,1,45,1,47,1,49,1,51,1,         3P      3
53,1,55,1,57,1,59,1,61,1,63,1,65,1,67,1,69,1,71,1,73,1,75,1,77,        3P      4
1,79,1,81,1,83,1,85,1,87,1,89,1,91,1,93,1,95,1,97,1,99,1,101,1,        3P      5
103,1,105,1,107,1,109,1,111,1,113,1,115,1,117,1,119,1,121,1,123,       3P      6
1,125,1,127,1,129,1,131,1,133,1,135,1,137,1,139,1,141,1,143,1,         3P      7
145,1,147,1,149,1,151,1,153,1,155,1,157,1,159,1,161,1,163,1,165,       3P      8
1,167,1,169,1,171,1,173,1,175,1,177,1,179,1,181,1,183,1,185,1,         3P      9
187,1,189,1,191,1,193,1,195,1,197,1,199,1,201,1,203,1;                 3P     10
510,999,1,1,205;                                                       5P     11
510,1001,1,1,207;                                                      7P     12
510,1003,1,1,209;                                                      9P     13
510,1005,1,1,211;                                                     11P     14
510,1007,4,1,213,215,217,219;                                         13P     15
510,1009,1,1,221;                                                     15P     16
510,1011,1,1,223;                                                     17P     17
510,1013,1,1,225;                                                     19P     18
510,1015,1,1,227;                                                     21P     19
510,1017,2,1,229,231;                                                 23P     20
510,1019,2,1,233,235;                                                 25P     21
510,1021,1,1,237;                                                     27P     22
510,1023,1,1,239;                                                     29P     23
510,1025,1,1,241;                                                     31P     24
510,1027,1,1,243;                                                     33P     25
510,1029,1,1,245;                                                     35P     26
510,1031,2,1,247,249;                                                 37P     27
510,1033,1,1,251;                                                     39P     28
510,1035,1,1,253;                                                     41P     29
510,1037,1,1,255;                                                     43P     30
510,1039,1,1,257;                                                     45P     31
510,1041,1,1,259;                                                     47P     32
510,1043,1,1,261;                                                     49P     33
510,1045,7,1,263,265,267,269,271,273,275;                             51P     34
510,1047,1,1,277;                                                     53P     35
510,1049,1,1,279;                                                     55P     36
510,1051,1,1,281;                                                     57P     37
510,1053,1,1,283;                                                     59P     38
510,1055,1,1,285;                                                     61P     39
510,1057,1,1,287;                                                     63P     40
510,1059,1,1,289;                                                     65P     41
510,1061,1,1,291;                                                     67P     42
510,1063,1,1,293;                                                     69P     43
510,1065,1,1,295;                                                     71P     44
510,1067,1,1,297;                                                     73P     45
510,1069,1,1,299;                                                     75P     46
510,1071,1,1,301;                                                     77P     47
510,1073,1,1,303;                                                     79P     48
510,1075,1,1,305;                                                     81P     49
510,1077,1,1,307;                                                     83P     50
510,1079,1,1,309;                                                     85P     51
510,1081,1,1,311;                                                     87P     52
510,1083,1,1,313;                                                     89P     53
510,1085,1,1,315;                                                     91P     54
510,1087,1,1,317;                                                     93P     55
510,1089,1,1,319;                                                     95P     56
510,1091,1,1,321;                                                     97P     57
510,1093,1,1,323;                                                     99P     58
510,1095,1,1,325;                                                    101P     59
510,1097,2,1,327,329;                                                103P     60
510,1099,1,1,331;                                                    105P     61
510,1101,1,1,333;                                                    107P     62
510,1103,1,1,335;                                                    109P     63
510,1105,1,1,337;                                                    111P     64
510,1107,1,1,339;                                                    113P     65
510,1109,1,1,341;                                                    115P     66
510,1111,1,1,343;                                                    117P     67
510,1113,2,1,345,347;                                                119P     68
510,1115,1,1,349;                                                    121P     69
510,1117,1,1,351;                                                    123P     70
510,1119,1,1,353;                                                    125P     71
510,1121,1,1,355;                                                    127P     72
510,1123,2,1,357,359;                                                129P     73
510,1125,1,1,361;                                                    131P     74
510,1127,1,1,363;                                                    133P     75
510,1129,1,1,365;                                                    135P     76
510,1131,1,1,367;                                                    137P     77
510,1133,1,1,369;                                                    139P     78
510,1135,1,1,371;                                                    141P     79
510,1137,1,1,373;                                                    143P     80
510,1139,2,1,375,377;                                                145P     81
510,1141,1,1,379;                                                    147P     82
510,1143,1,1,381;                                                    149P     83
510,1145,1,1,383;                                                    151P     84
510,1147,1,1,385;                                                    153P     85
510,1149,1,1,387;                                                    155P     86
510,1151,1,1,389;                                                    157P     87
510,1153,1,1,391;                                                    159P     88
510,1155,1,1,393;                                                    161P     89
510,1157,1,1,395;                                                    163P     90
510,1159,2,1,397,399;                                                165P     91
510,1161,2,1,401,403;                                                167P     92
510,1163,1,1,405;                                                    169P     93
510,1165,1,1,407;                                                    171P     94
510,1167,1,1,409;                                                    173P     95
510,1169,1,1,411;                                                    175P     96
510,1171,1,1,413;                                                    177P     97
510,1173,1,1,415;                                                    179P     98
510,1175,1,1,417;                                                    181P     99
510,1177,1,1,419;                                                    183P    100
510,1179,1,1,421;                                                    185P    101
510,1181,2,1,423,425;                                                187P    102
510,1183,1,1,427;                                                    189P    103
510,1185,1,1,429;                                                    191P    104
510,1187,1,1,431;                                                    193P    105
510,1189,1,1,433;                                                    195P    106
510,1191,1,1,435;                                                    197P    107
510,1193,1,1,437;                                                    199P    108
510,1195,1,1,439;                                                    201P    109
510,1197,2,1,441,443;                                                203P    110
508,4,0,1201,1,0,0,0,1201,2,1,0,0,1201,3,0,0,0,1201,4,0,0;           205P    111
508,4,0,1201,5,0,0,0,1201,6,0,0,0,1201,7,0,0,0,1201,8,1,0;           207P    112
508,4,0,1201,9,0,0,0,1201,3,1,0,0,1201,10,1,0,0,1201,11,0,0;         209P    113
508,4,0,1201,12,0,0,0,1201,13,1,0,0,1201,14,0,0,0,1201,15,0,0;       211P    114
508,8,0,1201,8,0,0,0,1201,16,0,0,0,1201,17,0,0,0,1201,10,0,0,0,      213P    115
1201,2,0,0,0,1201,18,0,0,0,1201,13,0,0,0,1201,19,0,0;                213P    116
508,1,0,1201,20,0,0;                                                 215P    117
508,1,0,1201,21,0,0;                                                 217P    118
508,4,0,1201,22,0,0,0,1201,23,0,0,0,1201,24,0,0,0,1201,25,0,0;       219P    119
508,4,0,1201,24,1,0,0,1201,26,1,0,0,1201,27,0,0,0,1201,28,0,0;       221P    120
508,4,0,1201,23,1,0,0,1201,29,1,0,0,1201,30,0,0,0,1201,26,0,0;       223P    121
508,6,0,1201,11,1,0,0,1201,17,1,0,0,1201,31,1,0,0,1201,32,1,0,0,     225P    122
1201,33,1,0,0,1201,34,1,0;                                           225P    123
508,6,0,1201,16,1,0,0,1201,7,1,0,0,1201,35,1,0,0,1201,36,0,0,0,      227P    124
1201,37,0,0,0,1201,31,0,0;                                           227P    125
508,12,0,1201,6,1,0,0,1201,38,0,0,0,1201,39,1,0,0,1201,40,0,0,0,     229P    126
1201,41,0,0,0,1201,42,0,0,0,1201,43,1,0,0,1201,44,1,0,0,1201,45,     229P    127
1,0,0,1201,46,0,0,0,1201,47,0,0,0,1201,35,0,0;                       229P    128
508,1,0,1201,48,1,0;                                                 231P    129
508,11,0,1201,15,1,0,0,1201,49,0,0,0,1201,50,0,0,0,1201,51,1,0,      233P    130
0,1201,52,1,0,0,1201,53,1,0,0,1201,54,0,0,0,1201,55,0,0,0,1201,      233P    131
56,0,0,0,1201,57,1,0,0,1201,58,0,0;                                  233P    132
508,1,0,1201,59,1,0;                                                 235P    133
508,5,0,1201,60,0,0,0,1201,61,0,0,0,1201,62,1,0,0,1201,63,0,0,0,     237P    134
1201,62,0,0;                                                         237P    135
508,5,0,1201,64,0,0,0,1201,65,1,0,0,1201,61,1,0,0,1201,60,1,0,0,     239P    136
1201,65,0,0;                                                         239P    137
508,4,0,1201,63,1,0,0,1201,66,1,0,0,1201,67,1,0,0,1201,66,0,0;       241P    138
508,1,0,1201,67,0,0;                                                 243P    139
508,4,0,1201,68,0,0,0,1201,69,1,0,0,1201,70,0,0,0,1201,71,0,0;       245P    140
508,4,0,1201,70,1,0,0,1201,72,1,0,0,1201,73,1,0,0,1201,74,1,0;       247P    141
508,1,0,1201,64,1,0;                                                 249P    142
508,8,0,1201,68,1,0,0,1201,75,0,0,0,1201,76,0,0,0,1201,77,0,0,0,     251P    143
1201,78,1,0,0,1201,33,0,0,0,1201,79,0,0,0,1201,80,1,0;               251P    144
508,4,0,1201,81,1,0,0,1201,82,1,0,0,1201,83,1,0,0,1201,84,1,0;       253P    145
508,4,0,1201,82,0,0,0,1201,85,1,0,0,1201,73,0,0,0,1201,86,0,0;       255P    146
508,7,0,1201,81,0,0,0,1201,87,0,0,0,1201,88,0,0,0,1201,75,1,0,0,     257P    147
1201,71,1,0,0,1201,74,0,0,0,1201,85,0,0;                             257P    148
508,4,0,1201,84,0,0,0,1201,89,0,0,0,1201,90,0,0,0,1201,87,1,0;       259P    149
508,7,0,1201,83,0,0,0,1201,86,1,0,0,1201,72,0,0,0,1201,69,0,0,0,     261P    150
1201,80,0,0,0,1201,91,0,0,0,1201,89,1,0;                             261P    151
508,36,0,1201,88,1,0,0,1201,90,1,0,0,1201,91,1,0,0,1201,79,1,0,      263P    152
0,1201,32,0,0,0,1201,37,1,0,0,1201,92,0,0,0,1201,93,1,0,0,1201,      263P    153
94,0,0,0,1201,95,0,0,0,1201,96,1,0,0,1201,97,1,0,0,1201,98,0,0,      263P    154
0,1201,99,0,0,0,1201,100,1,0,0,1201,101,0,0,0,1201,102,1,0,0,        263P    155
1201,103,0,0,0,1201,104,1,0,0,1201,105,0,0,0,1201,106,1,0,0,         263P    156
1201,107,0,0,0,1201,108,1,0,0,1201,109,0,0,0,1201,110,0,0,0,         263P    157
1201,111,0,0,0,1201,112,0,0,0,1201,113,0,0,0,1201,114,1,0,0,         263P    158
1201,115,0,0,0,1201,116,0,0,0,1201,117,1,0,0,1201,118,1,0,0,         263P    159
1201,119,0,0,0,1201,120,0,0,0,1201,76,1,0;                           263P    160
508,1,0,1201,121,1,0;                                                265P    161
508,1,0,1201,122,1,0;                                                267P    162
508,1,0,1201,123,1,0;                                                269P    163
508,1,0,1201,124,1,0;                                                271P    164
508,2,0,1201,125,0,0,0,1201,126,0,0;                                 273P    165
508,4,0,1201,27,1,0,0,1201,30,1,0,0,1201,127,1,0,0,1201,128,1,0;     275P    166
508,4,0,1201,129,1,0,0,1201,77,1,0,0,1201,120,1,0,0,1201,130,1,      277P    167
0;                                                                   277P    168
508,4,0,1201,109,1,0,0,1201,131,1,0,0,1201,54,1,0,0,1201,132,1,      279P    169
0;                                                                   279P    170
508,4,0,1201,131,0,0,0,1201,108,0,0,0,1201,133,0,0,0,1201,55,1,      281P    171
0;                                                                   281P    172
508,4,0,1201,50,1,0,0,1201,134,1,0,0,1201,113,1,0,0,1201,135,1,      283P    173
0;                                                                   283P    174
508,6,0,1201,18,1,0,0,1201,136,0,0,0,1201,114,0,0,0,1201,134,0,      285P    175
0,0,1201,49,1,0,0,1201,14,1,0;                                       285P    176
508,5,0,1201,115,1,0,0,1201,136,1,0,0,1201,1,1,0,0,1201,137,1,0,     287P    177
0,1201,138,1,0;                                                      287P    178
508,5,0,1201,58,1,0,0,1201,139,1,0,0,1201,105,1,0,0,1201,140,1,      289P    179
0,0,1201,12,1,0;                                                     289P    180
508,4,0,1201,139,0,0,0,1201,57,0,0,0,1201,141,0,0,0,1201,106,0,      291P    181
0;                                                                   291P    182
508,5,0,1201,38,1,0,0,1201,5,1,0,0,1201,142,1,0,0,1201,103,1,0,      293P    183
0,1201,143,1,0;                                                      293P    184
508,4,0,1201,19,1,0,0,1201,140,0,0,0,1201,104,0,0,0,1201,142,0,      295P    185
0;                                                                   295P    186
508,4,0,1201,107,1,0,0,1201,141,1,0,0,1201,56,1,0,0,1201,133,1,      297P    187
0;                                                                   297P    188
508,9,0,1201,9,1,0,0,1201,34,0,0,0,1201,78,0,0,0,1201,129,0,0,0,     299P    189
1201,144,1,0,0,1201,145,1,0,0,1201,146,1,0,0,1201,137,0,0,0,         299P    190
1201,4,1,0;                                                          299P    191
508,4,0,1201,101,1,0,0,1201,147,1,0,0,1201,40,1,0,0,1201,148,1,      301P    192
0;                                                                   301P    193
508,4,0,1201,147,0,0,0,1201,100,0,0,0,1201,149,0,0,0,1201,41,1,      303P    194
0;                                                                   303P    195
508,4,0,1201,42,1,0,0,1201,149,1,0,0,1201,99,1,0,0,1201,150,1,0;     305P    196
508,4,0,1201,92,1,0,0,1201,36,1,0,0,1201,47,1,0,0,1201,151,1,0;      307P    197
508,4,0,1201,151,0,0,0,1201,46,1,0,0,1201,152,0,0,0,1201,93,0,0;     309P    198
508,4,0,1201,48,0,0,0,1201,153,1,0,0,1201,121,0,0,0,1201,153,0,      311P    199
0;                                                                   311P    200
508,4,0,1201,59,0,0,0,1201,154,1,0,0,1201,122,0,0,0,1201,154,0,      313P    201
0;                                                                   313P    202
508,4,0,1201,20,1,0,0,1201,155,1,0,0,1201,123,0,0,0,1201,155,0,      315P    203
0;                                                                   315P    204
508,4,0,1201,25,1,0,0,1201,28,1,0,0,1201,128,0,0,0,1201,156,0,0;     317P    205
508,4,0,1201,22,1,0,0,1201,156,1,0,0,1201,127,0,0,0,1201,29,0,0;     319P    206
508,4,0,1201,143,0,0,0,1201,102,0,0,0,1201,148,0,0,0,1201,39,0,      321P    207
0;                                                                   321P    208
508,4,0,1201,130,0,0,0,1201,119,1,0,0,1201,157,1,0,0,1201,144,0,     323P    209
0;                                                                   323P    210
508,4,0,1201,138,0,0,0,1201,146,0,0,0,1201,158,0,0,0,1201,116,1,     325P    211
0;                                                                   325P    212
508,6,0,1201,159,1,0,0,1201,160,1,0,0,1201,161,1,0,0,1201,162,0,     327P    213
0,0,1201,163,1,0,0,1201,164,0,0;                                     327P    214
508,1,0,1201,165,1,0;                                                329P    215
508,4,0,1201,161,0,0,0,1201,166,1,0,0,1201,167,0,0,0,1201,168,0,     331P    216
0;                                                                   331P    217
508,4,0,1201,162,1,0,0,1201,168,1,0,0,1201,169,0,0,0,1201,170,0,     333P    218
0;                                                                   333P    219
508,4,0,1201,164,1,0,0,1201,171,0,0,0,1201,172,0,0,0,1201,173,0,     335P    220
0;                                                                   335P    221
508,12,0,1201,159,0,0,0,1201,173,1,0,0,1201,174,0,0,0,1201,166,      337P    222
0,0,0,1201,160,0,0,0,1201,175,1,0,0,1201,117,0,0,0,1201,158,1,0,     337P    223
0,1201,145,0,0,0,1201,157,0,0,0,1201,118,0,0,0,1201,175,0,0;         337P    224
508,6,0,1201,174,1,0,0,1201,172,1,0,0,1201,176,0,0,0,1201,177,0,     339P    225
0,0,1201,169,1,0,0,1201,167,1,0;                                     339P    226
508,8,0,1201,170,1,0,0,1201,177,1,0,0,1201,178,1,0,0,1201,179,1,     341P    227
0,0,1201,178,0,0,0,1201,176,1,0,0,1201,171,1,0,0,1201,163,0,0;       341P    228
508,4,0,1201,165,0,0,0,1201,180,1,0,0,1201,181,1,0,0,1201,180,0,     343P    229
0;                                                                   343P    230
508,1,0,1201,179,0,0;                                                345P    231
508,1,0,1201,181,0,0;                                                347P    232
508,4,0,1201,135,0,0,0,1201,112,1,0,0,1201,182,1,0,0,1201,51,0,      349P    233
0;                                                                   349P    234
508,4,0,1201,132,0,0,0,1201,53,0,0,0,1201,183,0,0,0,1201,110,1,      351P    235
0;                                                                   351P    236
508,4,0,1201,111,1,0,0,1201,183,1,0,0,1201,52,0,0,0,1201,182,0,      353P    237
0;                                                                   353P    238
508,5,0,1201,124,0,0,0,1201,184,1,0,0,1201,185,0,0,0,1201,186,0,     355P    239
0,0,1201,184,0,0;                                                    355P    240
508,8,0,1201,187,1,0,0,1201,188,1,0,0,1201,189,1,0,0,1201,190,1,     357P    241
0,0,1201,191,1,0,0,1201,185,1,0,0,1201,186,1,0,0,1201,192,1,0;       357P    242
508,1,0,1201,193,1,0;                                                359P    243
508,4,0,1201,190,0,0,0,1201,194,1,0,0,1201,195,0,0,0,1201,196,0,     361P    244
0;                                                                   361P    245
508,4,0,1201,191,0,0,0,1201,196,1,0,0,1201,197,0,0,0,1201,198,0,     363P    246
0;                                                                   363P    247
508,4,0,1201,192,0,0,0,1201,198,1,0,0,1201,199,0,0,0,1201,200,0,     365P    248
0;                                                                   365P    249
508,4,0,1201,189,0,0,0,1201,201,0,0,0,1201,202,0,0,0,1201,194,0,     367P    250
0;                                                                   367P    251
508,5,0,1201,202,1,0,0,1201,203,0,0,0,1201,199,1,0,0,1201,197,1,     369P    252
0,0,1201,195,1,0;                                                    369P    253
508,4,0,1201,193,0,0,0,1201,204,1,0,0,1201,205,1,0,0,1201,204,0,     371P    254
0;                                                                   371P    255
508,8,0,1201,201,1,0,0,1201,188,0,0,0,1201,206,1,0,0,1201,207,1,     373P    256
0,0,1201,206,0,0,0,1201,187,0,0,0,1201,200,1,0,0,1201,203,1,0;       373P    257
508,1,0,1201,207,0,0;                                                375P    258
508,1,0,1201,205,0,0;                                                377P    259
508,4,0,1201,150,0,0,0,1201,98,1,0,0,1201,208,1,0,0,1201,43,0,0;     379P    260
508,4,0,1201,152,1,0,0,1201,45,0,0,0,1201,209,0,0,0,1201,94,1,0;     381P    261
508,7,0,1201,210,1,0,0,1201,211,0,0,0,1201,212,1,0,0,1201,96,0,      383P    262
0,0,1201,213,1,0,0,1201,214,0,0,0,1201,215,0,0;                      383P    263
508,10,0,1201,212,0,0,0,1201,216,0,0,0,1201,217,1,0,0,1201,218,      385P    264
0,0,0,1201,213,0,0,0,1201,95,1,0,0,1201,209,1,0,0,1201,44,0,0,0,     385P    265
1201,208,0,0,0,1201,97,0,0;                                          385P    266
508,6,0,1201,217,0,0,0,1201,219,0,0,0,1201,220,0,0,0,1201,221,0,     387P    267
0,0,1201,214,1,0,0,1201,218,1,0;                                     387P    268
508,4,0,1201,222,0,0,0,1201,223,0,0,0,1201,224,0,0,0,1201,210,0,     389P    269
0;                                                                   389P    270
508,5,0,1201,224,1,0,0,1201,225,0,0,0,1201,219,1,0,0,1201,216,1,     391P    271
0,0,1201,211,1,0;                                                    391P    272
508,4,0,1201,226,0,0,0,1201,227,1,0,0,1201,228,1,0,0,1201,227,0,     393P    273
0;                                                                   393P    274
508,8,0,1201,223,1,0,0,1201,229,0,0,0,1201,230,1,0,0,1201,231,1,     395P    275
0,0,1201,230,0,0,0,1201,232,0,0,0,1201,220,1,0,0,1201,225,1,0;       395P    276
508,5,0,1201,215,1,0,0,1201,221,1,0,0,1201,232,1,0,0,1201,229,1,     397P    277
0,0,1201,222,1,0;                                                    397P    278
508,1,0,1201,226,1,0;                                                399P    279
508,1,0,1201,231,0,0;                                                401P    280
508,1,0,1201,228,0,0;                                                403P    281
508,4,0,1201,21,1,0,0,1201,233,1,0,0,1201,234,0,0,0,1201,233,0,      405P    282
0;                                                                   405P    283
508,1,0,1201,234,1,0;                                                407P    284
508,8,0,1201,235,1,0,0,1201,236,1,0,0,1201,237,1,0,0,1201,238,1,     409P    285
0,0,1201,239,0,0,0,1201,240,0,0,0,1201,241,0,0,0,1201,242,0,0;       409P    286
508,5,0,1201,239,1,0,0,1201,243,0,0,0,1201,244,1,0,0,1201,245,0,     411P    287
0,0,1201,246,0,0;                                                    411P    288
508,8,0,1201,125,1,0,0,1201,247,1,0,0,1201,248,0,0,0,1201,249,0,     413P    289
0,0,1201,240,1,0,0,1201,246,1,0,0,1201,247,0,0,0,1201,126,1,0;       413P    290
508,4,0,1201,241,1,0,0,1201,249,1,0,0,1201,250,0,0,0,1201,251,0,     415P    291
0;                                                                   415P    292
508,5,0,1201,252,0,0,0,1201,242,1,0,0,1201,251,1,0,0,1201,253,0,     417P    293
0,0,1201,244,0,0;                                                    417P    294
508,4,0,1201,248,1,0,0,1201,245,1,0,0,1201,253,1,0,0,1201,250,1,     419P    295
0;                                                                   419P    296
508,7,0,1201,254,0,0,0,1201,255,1,0,0,1201,235,0,0,0,1201,252,1,     421P    297
0,0,1201,243,1,0,0,1201,238,0,0,0,1201,256,0,0;                      421P    298
508,6,0,1201,254,1,0,0,1201,257,0,0,0,1201,258,1,0,0,1201,259,0,     423P    299
0,0,1201,260,1,0,0,1201,261,1,0;                                     423P    300
508,1,0,1201,262,1,0;                                                425P    301
508,6,0,1201,261,0,0,0,1201,263,1,0,0,1201,264,0,0,0,1201,265,1,     427P    302
0,0,1201,236,0,0,0,1201,255,0,0;                                     427P    303
508,6,0,1201,257,1,0,0,1201,256,1,0,0,1201,237,0,0,0,1201,265,0,     429P    304
0,0,1201,266,0,0,0,1201,267,0,0;                                     429P    305
508,4,0,1201,259,1,0,0,1201,268,0,0,0,1201,269,0,0,0,1201,270,0,     431P    306
0;                                                                   431P    307
508,4,0,1201,260,0,0,0,1201,270,1,0,0,1201,271,0,0,0,1201,263,0,     433P    308
0;                                                                   433P    309
508,6,0,1201,271,1,0,0,1201,269,1,0,0,1201,272,0,0,0,1201,273,0,     435P    310
0,0,1201,266,1,0,0,1201,264,1,0;                                     435P    311
508,8,0,1201,267,1,0,0,1201,273,1,0,0,1201,274,1,0,0,1201,275,1,     437P    312
0,0,1201,274,0,0,0,1201,272,1,0,0,1201,268,1,0,0,1201,258,0,0;       437P    313
508,4,0,1201,262,0,0,0,1201,276,1,0,0,1201,277,1,0,0,1201,276,0,     439P    314
0;                                                                   439P    315
508,1,0,1201,275,0,0;                                                441P    316
508,1,0,1201,277,0,0;                                                443P    317
126,1,1,0,0,1,0,-0.0999999999999996,-0.0999999999999996,0.15,        445P    318
0.15,1.,1.,-10.6677849883853,-9.4078053511998,22.5,                  445P    319
-10.6677849883853,-9.4078053511998,25.,-0.0999999999999996,0.15,     445P    320
0.,0.,0.;                                                            445P    321
126,1,1,0,0,1,0,-0.873098124445144,-0.873098124445144,0.,0.,1.,      447P    322
1.,-10.6677849883853,-9.4078053511998,22.5,-19.3987662328368,        447P    323
-9.4078053511998,22.5,-0.873098124445144,0.,0.,0.,0.;                447P    324
126,1,1,0,0,1,0,0.,0.,0.25,0.25,1.,1.,-19.3987662328368,             449P    325
-9.4078053511998,25.,-19.3987662328368,-9.4078053511998,22.5,0.,     449P    326
0.25,0.,0.,0.;                                                       449P    327
126,1,1,0,0,1,0,1.08401457731049,1.08401457731049,                   451P    328
1.95711270175563,1.95711270175563,1.,1.,-10.6677849883853,           451P    329
-9.4078053511998,25.,-19.3987662328368,-9.4078053511998,25.,         451P    330
1.08401457731049,1.95711270175563,0.,0.,0.;                          451P    331
126,1,1,0,0,1,0,0.,0.,0.25,0.25,1.,1.,15.8832506304276,              453P    332
9.65045234173361,25.,15.8832506304276,9.65045234173361,22.5,0.,      453P    333
0.25,0.,0.,0.;                                                       453P    334
126,1,1,0,0,1,0,-0.19199276678321,-0.19199276678321,                 455P    335
2.87961453973854,2.87961453973854,1.,1.,15.8832506304276,            455P    336
40.3665254069511,25.,15.8832506304276,9.65045234173361,25.,          455P    337
-0.19199276678321,2.87961453973854,0.,0.,0.;                         455P    338
126,1,1,0,0,1,0,-0.25,-0.25,0.,0.,1.,1.,15.8832506304276,            457P    339
40.3665254069511,22.5,15.8832506304276,40.3665254069511,25.,         457P    340
-0.25,0.,0.,0.,0.;                                                   457P    341
126,1,1,0,0,1,0,-4.97743307581509,-4.97743307581509,                 459P    342
-1.90582576929334,-1.90582576929334,1.,1.,15.8832506304276,          459P    343
40.3665254069511,22.5,15.8832506304276,9.65045234173361,22.5,        459P    344
-4.97743307581509,-1.90582576929334,0.,0.,0.;                        459P    345
126,1,1,0,0,1,0,-2.29672377112433,-2.29672377112433,                 461P    346
2.48121079966232,2.48121079966232,1.,1.,-19.3987662328368,           461P    347
-9.4078053511998,25.,-19.3987662328368,38.3715403566667,25.,         461P    348
-2.29672377112433,2.48121079966232,0.,0.,0.;                         461P    349
126,1,1,0,0,1,0,-4.97743307581509,-4.97743307581509,                 463P    350
-0.199498505028435,-0.199498505028435,1.,1.,-19.3987662328368,       463P    351
-9.4078053511998,22.5,-19.3987662328367,38.3715403566667,22.5,       463P    352
-4.97743307581509,-0.199498505028435,0.,0.,0.;                       463P    353
126,1,1,0,0,1,0,0.,0.,0.25,0.25,1.,1.,-19.3987662328368,             465P    354
38.3715403566667,25.,-19.3987662328368,38.3715403566667,22.5,0.,     465P    355
0.25,0.,0.,0.;                                                       465P    356
126,1,1,0,0,1,0,-0.25,-0.25,0.,0.,1.,1.,15.8832506304276,            467P    357
0.327157870793375,22.5,15.8832506304276,0.327157870793375,25.,       467P    358
-0.25,0.,0.,0.,0.;                                                   467P    359
126,1,1,0,0,1,0,-0.973496322199318,-0.973496322199318,0.,0.,1.,      469P    360
1.,15.8832506304276,0.327157870793375,22.5,15.8832506304276,         469P    361
-9.4078053511998,22.5,-0.973496322199318,0.,0.,0.,0.;                469P    362
126,1,1,0,0,1,0,0.,0.,0.25,0.25,1.,1.,15.8832506304276,              471P    363
-9.4078053511998,25.,15.8832506304276,-9.4078053511998,22.5,0.,      471P    364
0.25,0.,0.,0.;                                                       471P    365
126,1,1,0,0,1,0,3.81194398683256,3.81194398683256,                   473P    366
4.78544030903188,4.78544030903188,1.,1.,15.8832506304276,            473P    367
0.327157870793373,25.,15.8832506304276,-9.4078053511998,25.,         473P    368
3.81194398683256,4.78544030903188,0.,0.,0.;                          473P    369
126,1,1,0,0,1,0,-0.634627385549132,-0.634627385549132,               475P    370
2.64872822871235,2.64872822871235,1.,1.,-16.9503055121872,           475P    371
40.3665254069511,22.5,15.8832506304276,40.3665254069511,22.5,        475P    372
-0.634627385549132,2.64872822871235,0.,0.,0.;                        475P    373
126,2,2,0,0,0,0,-0.581992468542997,-0.581992468542997,               477P    374
-0.581992468542997,0.785398163397447,0.785398163397447,              477P    375
0.785398163397447,1.,0.775243826123839,1.,-19.3987662328367,         477P    376
38.3715403566667,22.5,-18.9872843306131,40.3665254069511,22.5,       477P    377
-16.9503055121872,40.3665254069511,22.5,-0.581992468542997,          477P    378
0.785398163397447,0.,0.,0.;                                          477P    379
126,1,1,0,0,1,0,-0.41945603182851,-0.41945603182851,                 479P    380
2.23564753005279,2.23564753005279,1.,1.,15.8832506304276,            479P    381
-9.4078053511998,22.5,-10.6677849883853,-9.4078053511998,22.5,       479P    382
-0.41945603182851,2.23564753005279,0.,0.,0.;                         479P    383
126,1,1,0,0,1,0,0.316445384307102,0.316445384307102,                 481P    384
1.24877483140112,1.24877483140112,1.,1.,15.8832506304276,            481P    385
9.65045234173361,22.5,15.8832506304276,0.327157870793375,22.5,       481P    386
0.316445384307102,1.24877483140112,0.,0.,0.;                         481P    387
126,8,2,0,1,0,0,-3.14159265358979,-3.14159265358979,                 483P    388
-3.14159265358979,-1.5707963267949,-1.5707963267949,0.,0.,           483P    389
1.5707963267949,1.5707963267949,3.14159265358979,                    483P    390
3.14159265358979,3.14159265358979,1.,0.707106781186547,1.,           483P    391
0.707106781186547,1.,0.707106781186547,1.,0.707106781186547,1.,      483P    392
-14.0385290609898,-5.47332992871306,22.5,-14.0385290609898,          483P    393
-3.97332992871306,22.5,-15.5385290609898,-3.97332992871306,22.5,     483P    394
-17.0385290609898,-3.97332992871306,22.5,-17.0385290609898,          483P    395
-5.47332992871306,22.5,-17.0385290609898,-6.97332992871306,22.5,     483P    396
-15.5385290609898,-6.97332992871306,22.5,-14.0385290609898,          483P    397
-6.97332992871306,22.5,-14.0385290609898,-5.47332992871306,22.5,     483P    398
-3.14159265358979,3.14159265358979,0.,0.,0.;                         483P    399
126,8,2,0,1,0,0,-3.14159265358979,-3.14159265358979,                 485P    400
-3.14159265358979,-1.5707963267949,-1.5707963267949,0.,0.,           485P    401
1.5707963267949,1.5707963267949,3.14159265358979,                    485P    402
3.14159265358979,3.14159265358979,1.,0.707106781186546,1.,           485P    403
0.707106781186546,1.,0.707106781186546,1.,0.707106781186546,1.,      485P    404
-14.0385290609885,36.5266700712869,22.5,-14.0385290609885,           485P    405
38.0266700712869,22.5,-15.5385290609885,38.0266700712869,22.5,       485P    406
-17.0385290609885,38.0266700712869,22.5,-17.0385290609885,           485P    407
36.5266700712869,22.5,-17.0385290609885,35.0266700712869,22.5,       485P    408
-15.5385290609885,35.0266700712869,22.5,-14.0385290609885,           485P    409
35.0266700712869,22.5,-14.0385290609885,36.5266700712869,22.5,       485P    410
-3.14159265358979,3.14159265358979,0.,0.,0.;                         485P    411
126,1,1,0,0,1,0,-0.690739346948699,-0.690739346948699,               487P    412
1.15970660517452,1.15970660517452,1.,1.,12.0570291377694,            487P    413
25.7418238742269,22.5,-6.44743038346271,25.7418238742269,22.5,       487P    414
-0.690739346948699,1.15970660517452,0.,0.,0.;                        487P    415
126,1,1,0,0,1,0,-0.639250334753182,-0.639250334753182,               489P    416
1.66549671938831,1.66549671938831,1.,1.,12.0570291377694,            489P    417
2.694353332812,22.5,12.0570291377694,25.7418238742269,22.5,          489P    418
-0.639250334753182,1.66549671938831,0.,0.,0.;                        489P    419
126,1,1,0,0,1,0,-0.234483629112908,-0.234483629112908,               491P    420
1.61596232301031,1.61596232301031,1.,1.,-6.44743038346272,           491P    421
2.694353332812,22.5,12.0570291377694,2.694353332812,22.5,            491P    422
-0.234483629112908,1.61596232301031,0.,0.,0.;                        491P    423
126,1,1,0,0,1,0,-0.513123192317561,-0.513123192317561,               493P    424
1.79162386182393,1.79162386182393,1.,1.,-6.44743038346272,           493P    425
25.7418238742269,22.5,-6.44743038346272,2.694353332812,22.5,         493P    426
-0.513123192317561,1.79162386182393,0.,0.,0.;                        493P    427
126,1,1,0,0,1,0,0.25,0.25,0.3,0.3,1.,1.,12.0570291377694,            495P    428
2.694353332812,22.5,12.0570291377694,2.694353332812,22.,0.25,        495P    429
0.3,0.,0.,0.;                                                        495P    430
126,1,1,0,0,1,0,-1.85044595212321,-1.85044595212321,0.,0.,1.,1.,     497P    431
-6.44743038346272,2.694353332812,22.,12.0570291377694,               497P    432
2.694353332812,22.,-1.85044595212321,0.,0.,0.,0.;                    497P    433
126,1,1,0,0,1,0,0.25,0.25,0.3,0.3,1.,1.,-6.44743038346272,           499P    434
2.694353332812,22.5,-6.44743038346272,2.694353332812,22.,0.25,       499P    435
0.3,0.,0.,0.;                                                        499P    436
126,1,1,0,0,1,0,0.25,0.25,0.3,0.3,1.,1.,12.0570291377694,            501P    437
25.7418238742269,22.5,12.0570291377694,25.7418238742269,22.,         501P    438
0.25,0.3,0.,0.,0.;                                                   501P    439
126,1,1,0,0,1,0,-2.30474705414149,-2.30474705414149,0.,0.,1.,1.,     503P    440
12.0570291377694,2.694353332812,22.,12.0570291377694,                503P    441
25.7418238742269,22.,-2.30474705414149,0.,0.,0.,0.;                  503P    442
126,1,1,0,0,1,0,0.25,0.25,0.3,0.3,1.,1.,-16.9503055121872,           505P    443
40.3665254069511,22.5,-16.9503055121872,40.3665254069511,22.,        505P    444
0.25,0.3,0.,0.,0.;                                                   505P    445
126,2,2,0,0,0,0,-0.785398163397448,-0.785398163397448,               507P    446
-0.785398163397448,0.785398163397448,0.785398163397448,              507P    447
0.785398163397448,1.,0.70710678118655,1.,-16.9503055121872,          507P    448
40.3665254069511,22.,-19.4503055121872,40.3665254069511,22.,         507P    449
-19.4503055121872,37.8665254069511,22.,-0.785398163397448,           507P    450
0.785398163397448,0.,0.,0.;                                          507P    451
126,1,1,0,0,1,0,-0.3,-0.3,0.,0.,1.,1.,-19.4503055121872,             509P    452
37.8665254069511,22.,-19.4503055121872,37.8665254069511,25.,         509P    453
-0.3,0.,0.,0.,0.;                                                    509P    454
126,2,2,0,0,0,0,-0.785398163397448,-0.785398163397448,               511P    455
-0.785398163397448,-0.581992468542995,-0.581992468542995,            511P    456
-0.581992468542995,1.,0.99483272168229,1.,-19.4503055121872,         511P    457
37.8665254069511,25.,-19.4503055121872,38.1216628012969,25.,         511P    458
-19.3987662328367,38.3715403566667,25.,-0.785398163397448,           511P    459
-0.581992468542995,0.,0.,0.;                                         511P    460
126,1,1,0,0,1,0,3.53335561426148,3.53335561426148,                   513P    461
4.20854439376768,4.20854439376768,1.,1.,15.8832506304276,            513P    462
40.3665254069511,25.,22.6351384254897,40.3665254069511,25.,          513P    463
3.53335561426148,4.20854439376768,0.,0.,0.;                          513P    464
126,1,1,0,0,1,0,-0.3,-0.3,0.,0.,1.,1.,22.6351384254896,              515P    465
40.3665254069511,22.,22.6351384254896,40.3665254069511,25.,-0.3,     515P    466
0.,0.,0.,0.;                                                         515P    467
126,1,1,0,0,1,0,0.25,0.25,4.20854439376768,4.20854439376768,1.,      517P    468
1.,-16.9503055121872,40.3665254069511,22.,22.6351384254897,          517P    469
40.3665254069511,22.,0.25,4.20854439376768,0.,0.,0.;                 517P    470
126,2,2,0,0,0,0,-0.785398163397446,-0.785398163397446,               519P    471
-0.785398163397446,0.785398163397451,0.785398163397451,              519P    472
0.785398163397451,1.,0.707106781186536,1.,16.3832506304276,          519P    473
10.1504523417336,25.,15.8832506304276,10.1504523417336,25.,          519P    474
15.8832506304276,9.65045234173361,25.,-0.785398163397446,            519P    475
0.785398163397451,0.,0.,0.;                                          519P    476
126,1,1,0,0,1,0,0.05,0.05,0.8751887795062,0.8751887795062,1.,1.,     521P    477
16.3832506304276,10.1504523417336,25.,24.6351384254896,              521P    478
10.1504523417336,25.,0.05,0.8751887795062,0.,0.,0.;                  521P    479
126,2,2,0,0,0,0,-0.785398163397457,-0.785398163397457,               523P    480
-0.785398163397457,0.785398163397444,0.785398163397444,              523P    481
0.785398163397444,1.,0.707106781186549,1.,25.1351384254896,          523P    482
10.6504523417336,25.,25.1351384254896,10.1504523417336,25.,          523P    483
24.6351384254896,10.1504523417336,25.,-0.785398163397457,            523P    484
0.785398163397444,0.,0.,0.;                                          523P    485
126,1,1,0,0,1,0,1.37940905990615,1.37940905990615,                   525P    486
2.97160730652175,2.97160730652175,1.,1.,25.1351384254896,            525P    487
26.5724348078896,25.,25.1351384254896,10.6504523417336,25.,          525P    488
1.37940905990615,2.97160730652175,0.,0.,0.;                          525P    489
126,4,2,0,0,0,0,-1.02528383081413,-1.02528383081413,                 527P    490
-1.02528383081413,1.33226762955019D-15,1.33226762955019D-15,         527P    491
1.02528383081413,1.02528383081413,1.02528383081413,1.,               527P    492
0.871451740403094,1.,0.871451740403092,1.,29.5198674413758,          527P    493
29.2337362850926,25.,28.0220007952711,30.0131066136918,25.,          527P    494
26.5785696103804,29.1370192818013,25.,25.1351384254896,              527P    495
28.2609319499109,25.,25.1351384254896,26.5724348078896,25.,          527P    496
-1.02528383081413,1.02528383081413,0.,0.,0.;                         527P    497
126,1,1,0,0,1,0,1.05148531801027,1.05148531801027,                   529P    498
1.1144236276154,1.1144236276154,1.,1.,29.5198674413758,              529P    499
29.2337362850926,25.,30.0781934957918,28.9432279400224,25.,          529P    500
1.05148531801027,1.1144236276154,0.,0.,0.;                           529P    501
126,4,2,0,0,0,0,1.0910249919614,1.0910249919614,1.0910249919614,     531P    502
2.66182131875629,2.66182131875629,4.23261764555119,                  531P    503
4.23261764555119,4.23261764555119,1.,0.707106781186553,1.,           531P    504
0.707106781186549,1.,30.078193498173,28.9432279445989,25.,           531P    505
32.5177198476993,27.6738930157511,25.,33.7870547765471,              531P    506
30.1134193652774,25.,35.0563897053948,32.5529457148037,25.,          531P    507
32.6168633558686,33.8222806436515,25.,1.0910249919614,               531P    508
4.23261764555119,0.,0.,0.;                                           531P    509
126,1,1,0,0,1,0,0.,0.,0.843390911948466,0.843390911948466,1.,1.,     533P    510
32.6168633582498,33.8222806482279,25.,25.1351384254896,              533P    511
37.7151735399271,25.,0.,0.843390911948466,0.,0.,0.;                  533P    512
126,1,1,0,0,1,0,0.25,0.25,0.265135186702401,0.265135186702401,       535P    513
1.,1.,25.1351384254896,37.8665254069511,25.,25.1351384254896,        535P    514
37.7151735399271,25.,0.25,0.265135186702401,0.,0.,0.;                535P    515
126,2,2,0,0,0,0,-0.785398163397447,-0.785398163397447,               537P    516
-0.785398163397447,0.785398163397448,0.785398163397448,              537P    517
0.785398163397448,1.,0.707106781186543,1.,22.6351384254897,          537P    518
40.3665254069511,25.,25.1351384254896,40.3665254069511,25.,          537P    519
25.1351384254896,37.8665254069511,25.,-0.785398163397447,            537P    520
0.785398163397448,0.,0.,0.;                                          537P    521
126,8,2,0,1,0,0,-3.14159265358979,-3.14159265358979,                 539P    522
-3.14159265358979,-1.5707963267949,-1.5707963267949,0.,0.,           539P    523
1.5707963267949,1.5707963267949,3.14159265358979,                    539P    524
3.14159265358979,3.14159265358979,1.,0.707106781186542,1.,           539P    525
0.707106781186542,1.,0.707106781186542,1.,0.707106781186542,1.,      539P    526
22.9614709390115,36.5266700712858,25.,22.9614709390115,              539P    527
35.0266700712858,25.,21.4614709390115,35.0266700712858,25.,          539P    528
19.9614709390115,35.0266700712858,25.,19.9614709390115,              539P    529
36.5266700712858,25.,19.9614709390115,38.0266700712858,25.,          539P    530
21.4614709390115,38.0266700712858,25.,22.9614709390115,              539P    531
38.0266700712858,25.,22.9614709390115,36.5266700712858,25.,          539P    532
-3.14159265358979,3.14159265358979,0.,0.,0.;                         539P    533
126,1,1,0,0,1,0,0.624716854688281,0.624716854688281,                 541P    534
0.9251887795062,0.9251887795062,1.,1.,18.8879698786068,              541P    535
-9.4078053511998,25.,15.8832506304276,-9.4078053511998,25.,          541P    536
0.624716854688281,0.9251887795062,0.,0.,0.;                          541P    537
126,2,2,0,0,0,0,-0.343152851060809,-0.343152851060809,               543P    538
-0.343152851060809,0.343152851060809,0.343152851060809,              543P    539
0.343152851060809,1.,0.941698546429818,1.,24.2742807549684,          543P    540
-11.3322707612833,25.,21.9249197244648,-9.4078053511998,25.,         543P    541
18.8879698786068,-9.4078053511998,25.,-0.343152851060809,            543P    542
0.343152851060809,0.,0.,0.;                                          543P    543
126,1,1,0,0,1,0,0.588868293766068,0.588868293766068,                 545P    544
2.08863844345812,2.08863844345812,1.,1.,24.2742807549684,            545P    545
-11.3322707612833,25.,35.8763872211148,-20.8360687251994,25.,        545P    546
0.588868293766068,2.08863844345812,0.,0.,0.;                         545P    547
126,4,2,0,0,0,0,0.,0.,0.,1.5707963267949,1.5707963267949,            547P    548
3.14159265358979,3.14159265358979,3.14159265358979,1.,               547P    549
0.707106781186549,1.,0.707106781186552,1.,35.8763872211148,          547P    550
-20.8360687251994,25.,38.003766059029,-22.5786987146105,25.,         547P    551
39.7463960484401,-20.4513198766963,25.,41.4890260378512,             547P    552
-18.3239410387821,25.,39.361647199937,-16.5813110493711,25.,0.,      547P    553
3.14159265358979,0.,0.,0.;                                           547P    554
126,1,1,0,0,1,0,0.,0.,1.43652148338976,1.43652148338976,1.,1.,       549P    555
39.361647199937,-16.5813110493711,25.,28.2488275491281,              549P    556
-7.4783095315954,25.,0.,1.43652148338976,0.,0.,0.;                   549P    557
126,2,2,0,0,0,0,-0.442245312336639,-0.442245312336639,               551P    558
-0.442245312336639,0.442245312336639,0.442245312336639,              551P    559
0.442245312336639,1.,0.903793016268969,1.,25.1351384254896,          551P    560
-0.902774941678853,25.,25.1351384254896,-4.9277492139627,25.,        551P    561
28.2488275491281,-7.4783095315954,25.,-0.442245312336639,            551P    562
0.442245312336639,0.,0.,0.;                                          551P    563
126,1,1,0,0,1,0,0.05,0.05,0.0729932812472228,0.0729932812472228,     553P    564
1.,1.,25.1351384254896,-0.672842129206625,25.,25.1351384254896,      553P    565
-0.902774941678853,25.,0.05,0.0729932812472228,0.,0.,0.;             553P    566
126,2,2,0,0,0,0,-0.785398163397447,-0.785398163397447,               555P    567
-0.785398163397447,0.78539816339745,0.78539816339745,                555P    568
0.78539816339745,1.,0.707106781186551,1.,24.6351384254896,           555P    569
-0.172842129206625,25.,25.1351384254896,-0.172842129206625,25.,      555P    570
25.1351384254896,-0.672842129206625,25.,-0.785398163397447,          555P    571
0.78539816339745,0.,0.,0.;                                           555P    572
126,1,1,0,0,1,0,0.0499999999999998,0.0499999999999998,               557P    573
0.8751887795062,0.8751887795062,1.,1.,24.6351384254896,              557P    574
-0.172842129206625,25.,16.3832506304276,-0.172842129206625,25.,      557P    575
0.0499999999999998,0.8751887795062,0.,0.,0.;                         557P    576
126,2,2,0,0,0,0,-0.78539816339745,-0.78539816339745,                 559P    577
-0.78539816339745,0.785398163397447,0.785398163397447,               559P    578
0.785398163397447,1.,0.707106781186542,1.,15.8832506304276,          559P    579
0.327157870793375,25.,15.8832506304276,-0.172842129206625,25.,       559P    580
16.3832506304276,-0.172842129206625,25.,-0.78539816339745,           559P    581
0.785398163397447,0.,0.,0.;                                          559P    582
126,8,2,0,1,0,0,-3.14159265358979,-3.14159265358979,                 561P    583
-3.14159265358979,-1.5707963267949,-1.5707963267949,0.,0.,           561P    584
1.5707963267949,1.5707963267949,3.14159265358979,                    561P    585
3.14159265358979,3.14159265358979,1.,0.707106781186544,1.,           561P    586
0.707106781186544,1.,0.707106781186545,1.,0.707106781186545,1.,      561P    587
22.9614709390102,-5.47332992871419,25.,22.9614709390102,             561P    588
-6.97332992871419,25.,21.4614709390102,-6.97332992871419,25.,        561P    589
19.9614709390102,-6.97332992871419,25.,19.9614709390102,             561P    590
-5.47332992871419,25.,19.9614709390102,-3.97332992871419,25.,        561P    591
21.4614709390102,-3.97332992871419,25.,22.9614709390102,             561P    592
-3.97332992871419,25.,22.9614709390102,-5.47332992871419,25.,        561P    593
-3.14159265358979,3.14159265358979,0.,0.,0.;                         561P    594
126,4,2,0,0,0,0,0.,0.,0.,1.5707963267949,1.5707963267949,            563P    595
3.14159265358979,3.14159265358979,3.14159265358979,1.,               563P    596
0.707106781186549,1.,0.707106781186549,1.,-35.0385290609896,         563P    597
4.34130966546962,16.,-35.0385290609896,4.34130966546962,14.5,        563P    598
-35.0385290609896,5.84130966546962,14.5,-35.0385290609896,           563P    599
7.34130966546962,14.5,-35.0385290609896,7.34130966546962,16.,0.,     563P    600
3.14159265358979,0.,0.,0.;                                           563P    601
126,4,2,0,0,0,0,3.14159265358979,3.14159265358979,                   565P    602
3.14159265358979,4.71238898038469,4.71238898038469,                  565P    603
6.28318530717959,6.28318530717959,6.28318530717959,1.,               565P    604
0.707106781186549,1.,0.707106781186549,1.,-35.0385290609896,         565P    605
7.34130966546962,16.,-35.0385290609896,7.34130966546962,17.5,        565P    606
-35.0385290609896,5.84130966546962,17.5,-35.0385290609896,           565P    607
4.34130966546962,17.5,-35.0385290609896,4.34130966546962,16.,        565P    608
3.14159265358979,6.28318530717959,0.,0.,0.;                          565P    609
126,1,1,0,0,1,0,-1.16663339721533,-1.16663339721533,                 567P    610
-0.777755598143475,-0.777755598143475,1.,1.,-35.0385290609896,       567P    611
7.34130966546962,16.,-34.8883139062327,7.09130966546957,16.,         567P    612
-1.16663339721533,-0.777755598143475,0.,0.,0.;                       567P    613
126,8,2,0,1,0,0,-3.14159265358979,-3.14159265358979,                 569P    614
-3.14159265358979,-1.5707963267949,-1.5707963267949,0.,0.,           569P    615
1.5707963267949,1.5707963267949,3.14159265358979,                    569P    616
3.14159265358979,3.14159265358979,1.,0.70710678118655,1.,            569P    617
0.707106781186548,1.,0.707106781186548,1.,0.70710678118655,1.,       569P    618
-34.8883139062327,7.09130966546955,16.,-34.8883139062327,            569P    619
7.09130966546955,14.75,-34.8883139062327,5.84130966546955,14.75,     569P    620
-34.8883139062327,4.59130966546955,14.75,-34.8883139062327,          569P    621
4.59130966546955,16.,-34.8883139062327,4.59130966546955,17.25,       569P    622
-34.8883139062327,5.84130966546955,17.25,-34.8883139062327,          569P    623
7.09130966546955,17.25,-34.8883139062327,7.09130966546955,16.,       569P    624
-3.14159265358979,3.14159265358979,0.,0.,0.;                         569P    625
126,8,2,0,1,0,0,-3.14159265358979,-3.14159265358979,                 571P    626
-3.14159265358979,-1.5707963267949,-1.5707963267949,0.,0.,           571P    627
1.5707963267949,1.5707963267949,3.14159265358979,                    571P    628
3.14159265358979,3.14159265358979,1.,0.707106781186549,1.,           571P    629
0.707106781186549,1.,0.707106781186549,1.,0.707106781186549,1.,      571P    630
-40.0383055121872,7.34130966546962,16.,-40.0383055121872,            571P    631
7.34130966546962,17.5,-40.0383055121872,5.84130966546962,17.5,       571P    632
-40.0383055121872,4.34130966546962,17.5,-40.0383055121872,           571P    633
4.34130966546962,16.,-40.0383055121872,4.34130966546962,14.5,        571P    634
-40.0383055121872,5.84130966546962,14.5,-40.0383055121872,           571P    635
7.34130966546962,14.5,-40.0383055121872,7.34130966546962,16.,        571P    636
-3.14159265358979,3.14159265358979,0.,0.,0.;                         571P    637
126,1,1,0,0,1,0,-0.999850967465082,-0.999850967465082,               573P    638
2.33333333333333,2.33333333333333,1.,1.,-40.0383055121872,           573P    639
7.34130966546962,16.,-35.0385290609896,7.34130966546962,16.,         573P    640
-0.999850967465082,2.33333333333333,0.,0.,0.;                        573P    641
126,1,1,0,0,1,0,4.11999328476361,4.11999328476361,7.6,7.6,1.,1.,     575P    642
-34.8883139062327,7.09130966546955,16.,-30.5383055121872,            575P    643
7.09130966546955,16.,4.11999328476361,7.6,0.,0.,0.;                  575P    644
126,8,2,0,1,0,0,-3.14159265358979,-3.14159265358979,                 577P    645
-3.14159265358979,-1.5707963267949,-1.5707963267949,0.,0.,           577P    646
1.5707963267949,1.5707963267949,3.14159265358979,                    577P    647
3.14159265358979,3.14159265358979,1.,0.70710678118655,1.,            577P    648
0.707106781186548,1.,0.707106781186548,1.,0.70710678118655,1.,       577P    649
-30.5383055121872,7.09130966546955,16.,-30.5383055121872,            577P    650
7.09130966546955,17.25,-30.5383055121872,5.84130966546955,17.25,     577P    651
-30.5383055121872,4.59130966546955,17.25,-30.5383055121872,          577P    652
4.59130966546955,16.,-30.5383055121872,4.59130966546955,14.75,       577P    653
-30.5383055121872,5.84130966546955,14.75,-30.5383055121872,          577P    654
7.09130966546955,14.75,-30.5383055121872,7.09130966546955,16.,       577P    655
-3.14159265358979,3.14159265358979,0.,0.,0.;                         577P    656
126,1,1,0,0,1,0,-1.13745575083347,-1.13745575083347,                 579P    657
-0.637455750833468,-0.637455750833468,1.,1.,-19.4503055121872,       579P    658
8.34130966546955,18.5,-19.4503055121872,3.34130966546955,18.5,       579P    659
-1.13745575083347,-0.637455750833468,0.,0.,0.;                       579P    660
126,1,1,0,0,1,0,0.,0.,2.0588,2.0588,1.,1.,-19.4503055121872,         581P    661
8.34130966546955,18.5,-40.0383055121872,8.34130966546955,18.5,       581P    662
0.,2.0588,0.,0.,0.;                                                  581P    663
126,1,1,0,0,1,0,-0.5,-0.5,0.,0.,1.,1.,-40.0383055121872,             583P    664
3.34130966546955,18.5,-40.0383055121872,8.34130966546955,18.5,       583P    665
-0.5,0.,0.,0.,0.;                                                    583P    666
126,1,1,0,0,1,0,0.,0.,2.0588,2.0588,1.,1.,-19.4503055121872,         585P    667
3.34130966546955,18.5,-40.0383055121872,3.34130966546955,18.5,       585P    668
0.,2.0588,0.,0.,0.;                                                  585P    669
126,1,1,0,0,1,0,-0.5,-0.5,0.,0.,1.,1.,-40.0383055121872,             587P    670
8.34130966546955,18.5,-40.0383055121872,8.34130966546955,13.5,       587P    671
-0.5,0.,0.,0.,0.;                                                    587P    672
126,1,1,0,0,1,0,-0.5,-0.5,0.,0.,1.,1.,-40.0383055121872,             589P    673
8.34130966546955,13.5,-40.0383055121872,3.34130966546955,13.5,       589P    674
-0.5,0.,0.,0.,0.;                                                    589P    675
126,1,1,0,0,1,0,-0.5,-0.5,0.,0.,1.,1.,-40.0383055121872,             591P    676
3.34130966546955,13.5,-40.0383055121872,3.34130966546955,18.5,       591P    677
-0.5,0.,0.,0.,0.;                                                    591P    678
126,1,1,0,0,1,0,0.,0.,0.35,0.35,1.,1.,-19.4503055121872,             593P    679
3.34130966546955,22.,-19.4503055121872,3.34130966546955,18.5,0.,     593P    680
0.35,0.,0.,0.;                                                       593P    681
126,1,1,0,0,1,0,0.599168458843421,0.599168458843421,                 595P    682
1.27491150166694,1.27491150166694,1.,1.,-19.4503055121872,           595P    683
-3.4161207627656,22.,-19.4503055121872,3.34130966546955,22.,         595P    684
0.599168458843421,1.27491150166694,0.,0.,0.;                         595P    685
126,1,1,0,0,1,0,-0.15,-0.15,0.149999999999999,0.149999999999999,     597P    686
1.,1.,-19.4503055121872,-3.4161207627656,25.,-19.4503055121872,      597P    687
-3.4161207627656,22.,-0.15,0.149999999999999,0.,0.,0.;               597P    688
126,1,1,0,0,1,0,0.599168458843421,0.599168458843421,                 599P    689
4.72743307581509,4.72743307581509,1.,1.,-19.4503055121872,           599P    690
-3.4161207627656,25.,-19.4503055121872,37.8665254069511,25.,         599P    691
0.599168458843421,4.72743307581509,0.,0.,0.;                         599P    692
126,1,1,0,0,1,0,1.77491150166694,1.77491150166694,                   601P    693
4.72743307581509,4.72743307581509,1.,1.,-19.4503055121872,           601P    694
8.34130966546955,22.,-19.4503055121872,37.8665254069511,22.,         601P    695
1.77491150166694,4.72743307581509,0.,0.,0.;                          601P    696
126,1,1,0,0,1,0,0.,0.,0.35,0.35,1.,1.,-19.4503055121872,             603P    697
8.34130966546955,22.,-19.4503055121872,8.34130966546955,18.5,0.,     603P    698
0.35,0.,0.,0.;                                                       603P    699
126,1,1,0,0,1,0,-0.265165042944956,-0.265165042944956,               605P    700
0.866205806953521,0.866205806953521,1.,1.,-9.4503055121872,          605P    701
3.34130966546955,21.5,-17.4503055121872,3.34130966546955,13.5,       605P    702
-0.265165042944956,0.866205806953521,0.,0.,0.;                       605P    703
126,1,1,0,0,1,0,-0.375,-0.375,0.125,0.125,1.,1.,                     607P    704
-17.4503055121872,3.34130966546955,13.5,-17.4503055121872,           607P    705
8.34130966546955,13.5,-0.375,0.125,0.,0.,0.;                         607P    706
126,1,1,0,0,1,0,-0.512652416360247,-0.512652416360247,               609P    707
0.618718433538229,0.618718433538229,1.,1.,-17.4503055121872,         609P    708
8.34130966546955,13.5,-9.4503055121872,8.34130966546955,21.5,        609P    709
-0.512652416360247,0.618718433538229,0.,0.,0.;                       609P    710
126,1,1,0,0,1,0,-0.125,-0.125,0.375,0.375,1.,1.,                     611P    711
-9.4503055121872,8.34130966546955,21.5,-9.4503055121872,             611P    712
3.34130966546955,21.5,-0.125,0.375,0.,0.,0.;                         611P    713
126,1,1,0,0,1,0,-0.2,-0.2,2.0588,2.0588,1.,1.,-17.4503055121872,     613P    714
3.34130966546955,13.5,-40.0383055121872,3.34130966546955,13.5,       613P    715
-0.2,2.0588,0.,0.,0.;                                                613P    716
126,1,1,0,0,1,0,-0.2,-0.2,2.0588,2.0588,1.,1.,-17.4503055121872,     615P    717
8.34130966546955,13.5,-40.0383055121872,8.34130966546955,13.5,       615P    718
-0.2,2.0588,0.,0.,0.;                                                615P    719
126,1,1,0,0,1,0,0.,0.,0.0499999999999998,0.0499999999999998,1.,      617P    720
1.,-9.4503055121872,3.34130966546955,22.,-9.4503055121872,           617P    721
3.34130966546955,21.5,0.,0.0499999999999998,0.,0.,0.;                617P    722
126,1,1,0,0,1,0,-2.79274025976017,-2.79274025976017,                 619P    723
-1.79274025976017,-1.79274025976017,1.,1.,-19.4503055121872,         619P    724
3.34130966546955,22.,-9.4503055121872,3.34130966546955,22.,          619P    725
-2.79274025976017,-1.79274025976017,0.,0.,0.;                        619P    726
126,1,1,0,0,1,0,0.,0.,0.0499999999999998,0.0499999999999998,1.,      621P    727
1.,-9.4503055121872,8.34130966546955,22.,-9.4503055121872,           621P    728
8.34130966546955,21.5,0.,0.0499999999999998,0.,0.,0.;                621P    729
126,1,1,0,0,1,0,-1.78067012586179,-1.78067012586179,                 623P    730
-1.28067012586179,-1.28067012586179,1.,1.,-9.4503055121872,          623P    731
3.34130966546955,22.,-9.4503055121872,8.34130966546955,22.,          623P    732
-1.78067012586179,-1.28067012586179,0.,0.,0.;                        623P    733
126,1,1,0,0,1,0,1.29274025976017,1.29274025976017,                   625P    734
2.29274025976017,2.29274025976017,1.,1.,-9.4503055121872,            625P    735
8.34130966546955,22.,-19.4503055121872,8.34130966546955,22.,         625P    736
1.29274025976017,2.29274025976017,0.,0.,0.;                          625P    737
126,2,2,0,0,0,0,-0.785398163397448,-0.785398163397448,               627P    738
-0.785398163397448,0.785398163397447,0.785398163397447,              627P    739
0.785398163397447,1.,0.707106781186543,1.,25.1351384254896,          627P    740
37.8665254069511,22.,25.1351384254896,40.3665254069511,22.,          627P    741
22.6351384254897,40.3665254069511,22.,-0.785398163397448,            627P    742
0.785398163397447,0.,0.,0.;                                          627P    743
126,1,1,0,0,1,0,0.25,0.25,0.265135186702401,0.265135186702401,       629P    744
1.,1.,25.1351384254896,37.8665254069511,22.,25.1351384254896,        629P    745
37.7151735399271,22.,0.25,0.265135186702401,0.,0.,0.;                629P    746
126,1,1,0,0,1,0,0.,0.,0.843390911948466,0.843390911948466,1.,1.,     631P    747
32.6168633582498,33.8222806482279,22.,25.1351384254896,              631P    748
37.7151735399271,22.,0.,0.843390911948466,0.,0.,0.;                  631P    749
126,2,2,0,0,0,0,3.1415926536456,3.1415926536456,3.1415926536456,     633P    750
4.23261764555119,4.23261764555119,4.23261764555119,1.,               633P    751
0.854861491318438,1.,34.0975284218619,31.382754294279,22.,           633P    752
34.0975284217685,33.0518606453446,22.,32.6168633558686,              633P    753
33.8222806436515,22.,3.1415926536456,4.23261764555119,0.,0.,0.;      633P    754
126,4,2,0,0,0,0,3.14165390661977,3.14165390661977,                   635P    755
3.14165390661977,4.71238898041273,4.71238898041273,                  635P    756
6.2831240542057,6.2831240542057,6.2831240542057,1.,                  635P    757
0.70712843706143,1.,0.707128437061434,1.,34.0975284218619,           635P    758
31.382754294279,22.,34.0973599863471,34.1325858485238,22.,           635P    759
31.3475284269437,34.1325858484467,22.,28.5976968675403,              635P    760
34.1325858483696,22.,28.5975284321797,31.3827542941248,22.,          635P    761
3.14165390661977,6.2831240542057,0.,0.,0.;                           635P    762
126,2,2,0,0,0,0,0.,0.,0.,1.0910249919614,1.0910249919614,            637P    763
1.0910249919614,1.,0.854861491303957,1.,28.5975284321797,            637P    764
31.3827542941248,22.,28.5975284321799,29.7136479429542,22.,          637P    765
30.078193498173,28.9432279445989,22.,0.,1.0910249919614,0.,0.,       637P    766
0.;                                                                  637P    767
126,1,1,0,0,1,0,1.05148531801027,1.05148531801027,                   639P    768
1.1144236276154,1.1144236276154,1.,1.,29.5198674413758,              639P    769
29.2337362850926,22.,30.0781934957918,28.9432279400224,22.,          639P    770
1.05148531801027,1.1144236276154,0.,0.,0.;                           639P    771
126,4,2,0,0,0,0,-1.02528383081413,-1.02528383081413,                 641P    772
-1.02528383081413,-1.33226762955019D-15,-1.33226762955019D-15,       641P    773
1.02528383081413,1.02528383081413,1.02528383081413,1.,               641P    774
0.871451740403092,1.,0.871451740403094,1.,25.1351384254896,          641P    775
26.5724348078896,22.,25.1351384254896,28.2609319499109,22.,          641P    776
26.5785696103804,29.1370192818013,22.,28.0220007952711,              641P    777
30.0131066136918,22.,29.5198674413758,29.2337362850926,22.,          641P    778
-1.02528383081413,1.02528383081413,0.,0.,0.;                         641P    779
126,1,1,0,0,1,0,1.37940905990615,1.37940905990615,                   643P    780
2.97160730652175,2.97160730652175,1.,1.,25.1351384254896,            643P    781
26.5724348078896,22.,25.1351384254896,10.6504523417336,22.,          643P    782
1.37940905990615,2.97160730652175,0.,0.,0.;                          643P    783
126,2,2,0,0,0,0,-0.785398163397444,-0.785398163397444,               645P    784
-0.785398163397444,0.785398163397457,0.785398163397457,              645P    785
0.785398163397457,1.,0.707106781186549,1.,24.6351384254896,          645P    786
10.1504523417336,22.,25.1351384254896,10.1504523417336,22.,          645P    787
25.1351384254896,10.6504523417336,22.,-0.785398163397444,            645P    788
0.785398163397457,0.,0.,0.;                                          645P    789
126,1,1,0,0,1,0,-0.8751887795062,-0.8751887795062,-0.05,-0.05,       647P    790
1.,1.,24.6351384254896,10.1504523417336,22.,16.3832506304276,        647P    791
10.1504523417336,22.,-0.8751887795062,-0.05,0.,0.,0.;                647P    792
126,2,2,0,0,0,0,-0.785398163397451,-0.785398163397451,               649P    793
-0.785398163397451,0.785398163397446,0.785398163397446,              649P    794
0.785398163397446,1.,0.707106781186536,1.,15.8832506304276,          649P    795
9.65045234173361,22.,15.8832506304276,10.1504523417336,22.,          649P    796
16.3832506304276,10.1504523417336,22.,-0.785398163397451,            649P    797
0.785398163397446,0.,0.,0.;                                          649P    798
126,1,1,0,0,1,0,-0.982329447094023,-0.982329447094023,-0.05,         651P    799
-0.05,1.,1.,15.8832506304276,9.65045234173361,22.,                   651P    800
15.8832506304276,0.327157870793375,22.,-0.982329447094023,-0.05,     651P    801
0.,0.,0.;                                                            651P    802
126,2,2,0,0,0,0,-0.785398163397447,-0.785398163397447,               653P    803
-0.785398163397447,0.78539816339745,0.78539816339745,                653P    804
0.78539816339745,1.,0.707106781186542,1.,16.3832506304276,           653P    805
-0.172842129206625,22.,15.8832506304276,-0.172842129206625,22.,      653P    806
15.8832506304276,0.327157870793375,22.,-0.785398163397447,           653P    807
0.78539816339745,0.,0.,0.;                                           653P    808
126,1,1,0,0,1,0,-0.8751887795062,-0.8751887795062,                   655P    809
-0.0499999999999998,-0.0499999999999998,1.,1.,16.3832506304276,      655P    810
-0.172842129206625,22.,24.6351384254896,-0.172842129206625,22.,      655P    811
-0.8751887795062,-0.0499999999999998,0.,0.,0.;                       655P    812
126,2,2,0,0,0,0,-0.78539816339745,-0.78539816339745,                 657P    813
-0.78539816339745,0.785398163397447,0.785398163397447,               657P    814
0.785398163397447,1.,0.707106781186551,1.,25.1351384254896,          657P    815
-0.672842129206625,22.,25.1351384254896,-0.172842129206625,22.,      657P    816
24.6351384254896,-0.172842129206625,22.,-0.78539816339745,           657P    817
0.785398163397447,0.,0.,0.;                                          657P    818
126,1,1,0,0,1,0,0.05,0.05,0.0729932812472228,0.0729932812472228,     659P    819
1.,1.,25.1351384254896,-0.672842129206625,22.,25.1351384254896,      659P    820
-0.902774941678853,22.,0.05,0.0729932812472228,0.,0.,0.;             659P    821
126,2,2,0,0,0,0,-0.442245312336639,-0.442245312336639,               661P    822
-0.442245312336639,0.442245312336639,0.442245312336639,              661P    823
0.442245312336639,1.,0.903793016268969,1.,28.2488275491281,          661P    824
-7.4783095315954,22.,25.1351384254896,-4.9277492139627,22.,          661P    825
25.1351384254896,-0.902774941678853,22.,-0.442245312336639,          661P    826
0.442245312336639,0.,0.,0.;                                          661P    827
126,1,1,0,0,1,0,0.,0.,1.43652148338976,1.43652148338976,1.,1.,       663P    828
39.361647199937,-16.5813110493711,22.,28.2488275491281,              663P    829
-7.4783095315954,22.,0.,1.43652148338976,0.,0.,0.;                   663P    830
126,4,2,0,0,0,0,0.,0.,0.,1.5707963267949,1.5707963267949,            665P    831
3.14159265358979,3.14159265358979,3.14159265358979,1.,               665P    832
0.707106781186549,1.,0.707106781186552,1.,35.8763872211148,          665P    833
-20.8360687251994,22.,38.003766059029,-22.5786987146105,22.,         665P    834
39.7463960484401,-20.4513198766963,22.,41.4890260378512,             665P    835
-18.3239410387821,22.,39.361647199937,-16.5813110493711,22.,0.,      665P    836
3.14159265358979,0.,0.,0.;                                           665P    837
126,1,1,0,0,1,0,0.588868293766068,0.588868293766068,                 667P    838
2.08863844345812,2.08863844345812,1.,1.,24.2742807549684,            667P    839
-11.3322707612833,22.,35.8763872211148,-20.8360687251994,22.,        667P    840
0.588868293766068,2.08863844345812,0.,0.,0.;                         667P    841
126,2,2,0,0,0,0,-0.343152851060809,-0.343152851060809,               669P    842
-0.343152851060809,0.343152851060809,0.343152851060809,              669P    843
0.343152851060809,1.,0.941698546429818,1.,18.8879698786068,          669P    844
-9.4078053511998,22.,21.9249197244648,-9.4078053511998,22.,          669P    845
24.2742807549684,-11.3322707612833,22.,-0.343152851060809,           669P    846
0.343152851060809,0.,0.,0.;                                          669P    847
126,1,1,0,0,1,0,0.624716854688281,0.624716854688281,                 671P    848
3.5802923413875,3.5802923413875,1.,1.,18.8879698786068,              671P    849
-9.4078053511998,22.,-10.6677849883853,-9.4078053511998,22.,         671P    850
0.624716854688281,3.5802923413875,0.,0.,0.;                          671P    851
126,2,2,0,0,0,0,-0.471191373290527,-0.471191373290527,               673P    852
-0.471191373290527,0.471191373290527,0.471191373290527,              673P    853
0.471191373290527,1.,0.891028098966214,1.,-17.5439545256286,         673P    854
-12.910977107695,22.,-14.9982424864049,-9.4078053511998,22.,         673P    855
-10.6677849883853,-9.4078053511998,22.,-0.471191373290527,           673P    856
0.471191373290527,0.,0.,0.;                                          673P    857
126,1,1,0,0,1,0,0.,0.,1.82537925256515,1.82537925256515,1.,1.,       675P    858
-28.274668177776,-27.6775855905236,22.,-17.5439545256286,            675P    859
-12.9109771076949,22.,0.,1.82537925256515,0.,0.,0.;                  675P    860
126,4,2,0,0,0,0,2.51317907337595,2.51317907337595,                   677P    861
2.51317907337595,3.52544442708005,3.52544442708005,                  677P    862
4.53770978078414,4.53770978078414,4.53770978078414,1.,               677P    863
0.874625915649385,1.,0.874625915649386,1.,-28.274668177776,          677P    864
-27.6775855905236,22.,-27.3785876425945,-26.444483034529,22.,        677P    865
-27.9494313797636,-25.0311042222969,22.,-28.5202751169328,           677P    866
-23.6177254100648,22.,-30.021382636429,-23.352813247181,22.,         677P    867
2.51317907337595,4.53770978078414,0.,0.,0.;                          677P    868
126,2,2,0,0,0,0,4.53770978078414,4.53770978078414,                   679P    869
4.53770978078414,5.65477172696574,5.65477172696574,                  679P    870
5.65477172696574,1.,0.848034523346232,1.,-30.021382636429,           679P    871
-23.352813247181,22.,-31.7137199195645,-23.0541532750061,22.,        679P    872
-32.7239543489334,-24.4443437859028,22.,4.53770978078414,            679P    873
5.65477172696574,0.,0.,0.;                                           679P    874
126,1,1,0,0,1,0,0.563221130879835,0.563221130879835,                 681P    875
2.54494736506903,2.54494736506903,1.,1.,-21.0741359749439,           681P    876
-8.41294900627045,22.,-32.7239543489334,-24.4443437859028,22.,       681P    877
0.563221130879835,2.54494736506903,0.,0.,0.;                         681P    878
126,2,2,0,0,0,0,-0.314206790106921,-0.314206790106921,               683P    879
-0.314206790106921,0.314206790106921,0.314206790106921,              683P    880
0.314206790106921,1.,0.951041829266361,1.,-19.4503055121872,         683P    881
-3.4161207627656,22.,-19.4503055121872,-6.17838479522931,22.,        683P    882
-21.0741359749439,-8.41294900627045,22.,-0.314206790106921,          683P    883
0.314206790106921,0.,0.,0.;                                          683P    884
126,8,2,0,1,0,0,-3.14159265358979,-3.14159265358979,                 685P    885
-3.14159265358979,-1.5707963267949,-1.5707963267949,0.,0.,           685P    886
1.5707963267949,1.5707963267949,3.14159265358979,                    685P    887
3.14159265358979,3.14159265358979,1.,0.707106781186542,1.,           685P    888
0.707106781186542,1.,0.707106781186542,1.,0.707106781186542,1.,      685P    889
22.9614709390115,36.5266700712858,22.,22.9614709390115,              685P    890
38.0266700712858,22.,21.4614709390115,38.0266700712858,22.,          685P    891
19.9614709390115,38.0266700712858,22.,19.9614709390115,              685P    892
36.5266700712858,22.,19.9614709390115,35.0266700712858,22.,          685P    893
21.4614709390115,35.0266700712858,22.,22.9614709390115,              685P    894
35.0266700712858,22.,22.9614709390115,36.5266700712858,22.,          685P    895
-3.14159265358979,3.14159265358979,0.,0.,0.;                         685P    896
126,8,2,0,1,0,0,-3.14159265358979,-3.14159265358979,                 687P    897
-3.14159265358979,-1.5707963267949,-1.5707963267949,0.,0.,           687P    898
1.5707963267949,1.5707963267949,3.14159265358979,                    687P    899
3.14159265358979,3.14159265358979,1.,0.707106781186545,1.,           687P    900
0.707106781186545,1.,0.707106781186544,1.,0.707106781186544,1.,      687P    901
22.9614709390102,-5.47332992871419,22.,22.9614709390102,             687P    902
-3.97332992871419,22.,21.4614709390102,-3.97332992871419,22.,        687P    903
19.9614709390102,-3.97332992871419,22.,19.9614709390102,             687P    904
-5.47332992871419,22.,19.9614709390102,-6.97332992871419,22.,        687P    905
21.4614709390102,-6.97332992871419,22.,22.9614709390102,             687P    906
-6.97332992871419,22.,22.9614709390102,-5.47332992871419,22.,        687P    907
-3.14159265358979,3.14159265358979,0.,0.,0.;                         687P    908
126,8,2,0,1,0,0,-3.14159265358979,-3.14159265358979,                 689P    909
-3.14159265358979,-1.5707963267949,-1.5707963267949,0.,0.,           689P    910
1.5707963267949,1.5707963267949,3.14159265358979,                    689P    911
3.14159265358979,3.14159265358979,1.,0.707106781186547,1.,           689P    912
0.707106781186547,1.,0.707106781186547,1.,0.707106781186547,1.,      689P    913
-14.0385290609898,-5.47332992871306,22.,-14.0385290609898,           689P    914
-3.97332992871306,22.,-15.5385290609898,-3.97332992871306,22.,       689P    915
-17.0385290609898,-3.97332992871306,22.,-17.0385290609898,           689P    916
-5.47332992871306,22.,-17.0385290609898,-6.97332992871306,22.,       689P    917
-15.5385290609898,-6.97332992871306,22.,-14.0385290609898,           689P    918
-6.97332992871306,22.,-14.0385290609898,-5.47332992871306,22.,       689P    919
-3.14159265358979,3.14159265358979,0.,0.,0.;                         689P    920
126,8,2,0,1,0,0,-3.14159265358979,-3.14159265358979,                 691P    921
-3.14159265358979,-1.5707963267949,-1.5707963267949,0.,0.,           691P    922
1.5707963267949,1.5707963267949,3.14159265358979,                    691P    923
3.14159265358979,3.14159265358979,1.,0.707106781186546,1.,           691P    924
0.707106781186546,1.,0.707106781186546,1.,0.707106781186546,1.,      691P    925
40.3689497535564,-18.7086898872852,22.,40.3689497535564,             691P    926
-15.9587573442547,22.,37.6190172105259,-15.9587573442547,22.,        691P    927
34.8690846674954,-15.9587573442547,22.,34.8690846674954,             691P    928
-18.7086898872852,22.,34.8690846674954,-21.4586224303157,22.,        691P    929
37.6190172105259,-21.4586224303157,22.,40.3689497535564,             691P    930
-21.4586224303157,22.,40.3689497535564,-18.7086898872852,22.,        691P    931
-3.14159265358979,3.14159265358979,0.,0.,0.;                         691P    932
126,6,2,0,0,0,0,-1.23822027739927,-1.23822027739927,                 693P    933
-1.23822027739927,0.221717366263749,0.221717366263749,               693P    934
1.68165500992677,1.68165500992677,3.14159265358979,                  693P    935
3.14159265358979,3.14159265358979,1.,0.745195193756524,1.,           693P    936
0.745195193756526,1.,0.745195193756525,1.,-12.7885290609885,         693P    937
36.5266700712869,22.,-12.7885290609885,34.0658012687137,22.,         693P    938
-15.2342917386005,33.7935510377162,22.,-17.6800544162125,            693P    939
33.5213008067188,22.,-18.2212124440185,35.9219305683478,22.,         693P    940
-18.7623704718245,38.3225603299768,22.,-16.4363463173896,            693P    941
39.1259823215001,22.,-1.23822027739927,3.14159265358979,0.,0.,       693P    942
0.;                                                                  693P    943
126,4,2,0,0,0,0,3.14159265358979,3.14159265358979,                   695P    944
3.14159265358979,4.09327884168505,4.09327884168505,                  695P    945
5.04496502978031,5.04496502978031,5.04496502978031,1.,               695P    946
0.888906826288291,1.,0.888906826288296,1.,-16.4363463173896,         695P    947
39.1259823215001,22.,-15.0968202569473,39.588662252457,22.,          695P    948
-13.9426746589679,38.7662568027066,22.,-12.7885290609885,            695P    949
37.9438513529563,22.,-12.7885290609885,36.5266700712869,22.,         695P    950
3.14159265358979,5.04496502978031,0.,0.,0.;                          695P    951
126,1,1,0,0,1,0,-1.85044595212321,-1.85044595212321,0.,0.,1.,1.,     697P    952
12.0570291377694,25.7418238742269,22.,-6.44743038346272,             697P    953
25.7418238742269,22.,-1.85044595212321,0.,0.,0.,0.;                  697P    954
126,1,1,0,0,1,0,-2.30474705414149,-2.30474705414149,0.,0.,1.,1.,     699P    955
-6.44743038346272,25.7418238742269,22.,-6.44743038346272,            699P    956
2.694353332812,22.,-2.30474705414149,0.,0.,0.,0.;                    699P    957
126,2,2,0,0,0,0,-0.314206790106921,-0.314206790106921,               701P    958
-0.314206790106921,0.314206790106921,0.314206790106921,              701P    959
0.314206790106921,1.,0.951041829266361,1.,-21.0741359749439,         701P    960
-8.41294900627045,25.,-19.4503055121872,-6.17838479522931,25.,       701P    961
-19.4503055121872,-3.4161207627656,25.,-0.314206790106921,           701P    962
0.314206790106921,0.,0.,0.;                                          701P    963
126,1,1,0,0,1,0,-0.15,-0.15,0.15,0.15,1.,1.,-21.0741359749439,       703P    964
-8.41294900627045,22.,-21.0741359749439,-8.41294900627045,25.,       703P    965
-0.15,0.15,0.,0.,0.;                                                 703P    966
126,1,1,0,0,1,0,-0.149999999999999,-0.149999999999999,0.15,0.15,     705P    967
1.,1.,25.1351384254896,-0.902774941678853,22.,25.1351384254896,      705P    968
-0.902774941678853,25.,-0.149999999999999,0.15,0.,0.,0.;             705P    969
126,1,1,0,0,1,0,-0.15,-0.15,0.15,0.15,1.,1.,28.2488275491281,        707P    970
-7.4783095315954,25.,28.2488275491281,-7.4783095315954,22.,          707P    971
-0.15,0.15,0.,0.,0.;                                                 707P    972
126,1,1,0,0,1,0,0.,0.,0.3,0.3,1.,1.,25.1351384254896,                709P    973
-0.672842129206625,25.,25.1351384254896,-0.672842129206625,22.,      709P    974
0.,0.3,0.,0.,0.;                                                     709P    975
126,1,1,0,0,1,0,-0.15,-0.15,0.149999999999999,0.149999999999999,     711P    976
1.,1.,18.8879698786068,-9.4078053511998,25.,18.8879698786068,        711P    977
-9.4078053511998,22.,-0.15,0.149999999999999,0.,0.,0.;               711P    978
126,1,1,0,0,1,0,-0.15,-0.15,0.15,0.15,1.,1.,24.2742807549684,        713P    979
-11.3322707612833,22.,24.2742807549684,-11.3322707612833,25.,        713P    980
-0.15,0.15,0.,0.,0.;                                                 713P    981
126,1,1,0,0,1,0,-0.149999999999999,-0.149999999999999,               715P    982
-0.0999999999999996,-0.0999999999999996,1.,1.,-10.6677849883853,     715P    983
-9.4078053511998,22.,-10.6677849883853,-9.4078053511998,22.5,        715P    984
-0.149999999999999,-0.0999999999999996,0.,0.,0.;                     715P    985
126,2,2,0,0,0,0,-0.471191373290527,-0.471191373290527,               717P    986
-0.471191373290527,0.471191373290527,0.471191373290527,              717P    987
0.471191373290527,1.,0.891028098966214,1.,-10.6677849883853,         717P    988
-9.4078053511998,25.,-14.9982424864049,-9.4078053511998,25.,         717P    989
-17.5439545256286,-12.910977107695,25.,-0.471191373290527,           717P    990
0.471191373290527,0.,0.,0.;                                          717P    991
126,1,1,0,0,1,0,-0.15,-0.15,0.15,0.15,1.,1.,-17.5439545256286,       719P    992
-12.9109771076949,25.,-17.5439545256286,-12.9109771076949,22.,       719P    993
-0.15,0.15,0.,0.,0.;                                                 719P    994
126,1,1,0,0,1,0,0.,0.,0.3,0.3,1.,1.,16.3832506304276,                721P    995
-0.172842129206625,25.,16.3832506304276,-0.172842129206625,22.,      721P    996
0.,0.3,0.,0.,0.;                                                     721P    997
126,1,1,0,0,1,0,-0.3,-0.3,-0.25,-0.25,1.,1.,15.8832506304276,        723P    998
0.327157870793375,22.,15.8832506304276,0.327157870793375,22.5,       723P    999
-0.3,-0.25,0.,0.,0.;                                                 723P   1000
126,1,1,0,0,1,0,-0.3,-0.3,0.,0.,1.,1.,24.6351384254896,              725P   1001
-0.172842129206625,22.,24.6351384254896,-0.172842129206625,25.,      725P   1002
-0.3,0.,0.,0.,0.;                                                    725P   1003
126,1,1,0,0,1,0,0.25,0.25,0.3,0.3,1.,1.,15.8832506304276,            727P   1004
9.65045234173361,22.5,15.8832506304276,9.65045234173361,22.,         727P   1005
0.25,0.3,0.,0.,0.;                                                   727P   1006
126,1,1,0,0,1,0,-0.3,-0.3,0.,0.,1.,1.,16.3832506304276,              729P   1007
10.1504523417336,22.,16.3832506304276,10.1504523417336,25.,-0.3,     729P   1008
0.,0.,0.,0.;                                                         729P   1009
126,1,1,0,0,1,0,0.563221130879835,0.563221130879835,                 731P   1010
2.54494736506903,2.54494736506903,1.,1.,-21.0741359749439,           731P   1011
-8.41294900627045,25.,-32.7239543489334,-24.4443437859028,25.,       731P   1012
0.563221130879835,2.54494736506903,0.,0.,0.;                         731P   1013
126,4,2,0,0,0,0,-0.628413580213842,-0.628413580213842,               733P   1014
-0.628413580213842,0.942382746581055,0.942382746581055,              733P   1015
2.51317907337595,2.51317907337595,2.51317907337595,1.,               733P   1016
0.707106781186548,1.,0.707106781186546,1.,-32.7239543489334,         733P   1017
-24.4443437859028,25.,-34.3405752512438,-26.6689868714815,25.,       733P   1018
-32.1159321656651,-28.2856077737919,25.,-29.8912890800864,           733P   1019
-29.9022286761023,25.,-28.274668177776,-27.6775855905236,25.,        733P   1020
-0.628413580213842,2.51317907337595,0.,0.,0.;                        733P   1021
126,1,1,0,0,1,0,0.,0.,1.82537925256515,1.82537925256515,1.,1.,       735P   1022
-28.274668177776,-27.6775855905236,25.,-17.5439545256286,            735P   1023
-12.9109771076949,25.,0.,1.82537925256515,0.,0.,0.;                  735P   1024
126,1,1,0,0,1,0,-0.3,-0.3,0.,0.,1.,1.,25.1351384254896,              737P   1025
10.6504523417336,22.,25.1351384254896,10.6504523417336,25.,-0.3,     737P   1026
0.,0.,0.,0.;                                                         737P   1027
126,1,1,0,0,1,0,0.,0.,0.3,0.3,1.,1.,24.6351384254896,                739P   1028
10.1504523417336,25.,24.6351384254896,10.1504523417336,22.,0.,       739P   1029
0.3,0.,0.,0.;                                                        739P   1030
126,1,1,0,0,1,0,-0.15,-0.15,0.149999999999999,0.149999999999999,     741P   1031
1.,1.,25.1351384254896,26.5724348078896,25.,25.1351384254896,        741P   1032
26.5724348078896,22.,-0.15,0.149999999999999,0.,0.,0.;               741P   1033
126,1,1,0,0,1,0,-0.15,-0.15,0.15,0.15,1.,1.,29.5198674413758,        743P   1034
29.2337362850926,22.,29.5198674413758,29.2337362850926,25.,          743P   1035
-0.15,0.15,0.,0.,0.;                                                 743P   1036
126,1,1,0,0,1,0,0.,0.,0.3,0.3,1.,1.,25.1351384254896,                745P   1037
37.8665254069511,25.,25.1351384254896,37.8665254069511,22.,0.,       745P   1038
0.3,0.,0.,0.;                                                        745P   1039
126,1,1,0,0,1,0,-0.149999999999999,-0.149999999999999,0.15,0.15,     747P   1040
1.,1.,25.1351384254896,37.7151735399271,22.,25.1351384254896,        747P   1041
37.7151735399271,25.,-0.149999999999999,0.15,0.,0.,0.;               747P   1042
126,1,1,0,0,1,0,0.,0.,2.,2.,1.,1.,22.9614709390115,                  749P   1043
36.5266700712858,25.,22.9614709390115,36.5266700712858,22.,0.,       749P   1044
2.,0.,0.,0.;                                                         749P   1045
126,1,1,0,0,1,0,0.,0.,2.,2.,1.,1.,22.9614709390102,                  751P   1046
-5.47332992871419,25.,22.9614709390102,-5.47332992871419,22.,0.,     751P   1047
2.,0.,0.,0.;                                                         751P   1048
126,1,1,0,0,1,0,1.66666666666667,1.66666666666667,2.,2.,1.,1.,       753P   1049
-14.0385290609898,-5.47332992871306,22.5,-14.0385290609898,          753P   1050
-5.47332992871306,22.,1.66666666666667,2.,0.,0.,0.;                  753P   1051
126,1,1,0,0,1,0,0.25,0.25,0.3,0.3,1.,1.,-6.44743038346272,           755P   1052
25.7418238742269,22.5,-6.44743038346272,25.7418238742269,22.,        755P   1053
0.25,0.3,0.,0.,0.;                                                   755P   1054
126,1,1,0,0,1,0,0.,0.,0.3,0.3,1.,1.,-32.7239543489334,               757P   1055
-24.4443437859028,22.,-32.7239543489334,-24.4443437859028,25.,       757P   1056
0.,0.3,0.,0.,0.;                                                     757P   1057
126,1,1,0,0,1,0,0.,0.,0.3,0.3,1.,1.,-28.274668177776,                759P   1058
-27.6775855905236,22.,-28.274668177776,-27.6775855905236,25.,0.,     759P   1059
0.3,0.,0.,0.;                                                        759P   1060
126,4,2,0,0,0,0,-1.39611712719435,-1.39611712719435,                 761P   1061
-1.39611712719435,0.174679199600548,0.174679199600548,               761P   1062
1.74547552639544,1.74547552639544,1.74547552639544,1.,               761P   1063
0.707106781186549,1.,0.707106781186549,1.,-30.9772398902805,         761P   1064
-28.7691161292455,5.,-33.6853913313127,-28.2911875023197,5.,         761P   1065
-33.207462704387,-25.5830360612875,5.,-32.7295340774612,             761P   1066
-22.8748846202553,5.,-30.021382636429,-23.352813247181,5.,           761P   1067
-1.39611712719435,1.74547552639544,0.,0.,0.;                         761P   1068
126,2,2,0,0,0,0,1.74547552639544,1.74547552639544,                   763P   1069
1.74547552639544,3.31604387254359,3.31604387254359,                  763P   1070
3.31604387254359,1.,0.707187379923023,1.,-30.021382636429,           763P   1071
-23.352813247181,5.,-27.3138485311462,-23.8306329280476,5.,          763P   1072
-27.7910509342243,-26.5382758966071,5.,1.74547552639544,             763P   1073
3.31604387254359,0.,0.,0.;                                           763P   1074
126,2,2,0,0,0,0,0.,0.,0.,1.57069766169366,1.57069766169366,          765P   1075
1.57069766169366,1.,0.707141663707165,1.,-27.7910509252284,          765P   1076
-26.5382758981925,5.00000000000001,-27.3135660906905,                765P   1077
-23.83032167584,5.00000000000001,-30.0214731887729,                  765P   1078
-23.3525696630492,5.00000000000001,0.,1.57069766169366,0.,0.,0.;     765P   1079
126,1,1,0,0,1,0,0.,0.,0.625027131564392,0.625027131564392,1.,1.,     767P   1080
-36.1766819396815,-22.2666153583477,5.00000000000001,                767P   1081
-30.0214731887729,-23.3525696630492,5.00000000000001,0.,             767P   1082
0.625027131564392,0.,0.,0.;                                          767P   1083
126,6,2,0,0,0,0,-1.75054344483691,-1.75054344483691,                 769P   1084
-1.75054344483691,-0.699873079427489,-0.699873079427489,             769P   1085
0.35079728598193,0.35079728598193,1.40146765139135,                  769P   1086
1.40146765139135,1.40146765139135,1.,0.86515589508708,1.,            769P   1087
0.865155895087086,1.,0.865155895087087,1.,-36.1766819396815,         769P   1088
-22.2666153583477,5.,-37.7450859705493,-21.9816233510202,5.,         769P   1089
-38.7718699113938,-23.2009782571517,5.,-39.7986538522382,            769P   1090
-24.4203331632831,5.,-39.2508513844091,-25.9173382082055,5.,         769P   1091
-38.70304891658,-27.414343253128,5.,-37.1317608861575,               769P   1092
-27.6829797616928,5.,-1.75054344483691,1.40146765139135,0.,0.,       769P   1093
0.;                                                                  769P   1094
126,1,1,0,0,1,0,0.,0.,0.624962566059853,0.624962566059853,1.,1.,     771P   1095
-30.9772398902805,-28.7691161292455,5.00000000000001,                771P   1096
-37.1317608861575,-27.6829797616928,5.00000000000001,0.,             771P   1097
0.624962566059853,0.,0.,0.;                                          771P   1098
126,8,2,0,1,0,0,-3.14159265358979,-3.14159265358979,                 773P   1099
-3.14159265358979,-1.5707963267949,-1.5707963267949,0.,0.,           773P   1100
1.5707963267949,1.5707963267949,3.14159265358979,                    773P   1101
3.14159265358979,3.14159265358979,1.,0.707106781186548,1.,           773P   1102
0.707106781186548,1.,0.707106781186548,1.,0.707106781186548,1.,      773P   1103
-34.9183290609894,-24.972309928714,5.,-34.9183290609894,             773P   1104
-26.7223099287141,5.,-36.6683290609894,-26.7223099287141,5.,         773P   1105
-38.4183290609894,-26.7223099287141,5.,-38.4183290609894,            773P   1106
-24.972309928714,5.,-38.4183290609894,-23.222309928714,5.,           773P   1107
-36.6683290609894,-23.222309928714,5.,-34.9183290609894,             773P   1108
-23.222309928714,5.,-34.9183290609894,-24.972309928714,5.,           773P   1109
-3.14159265358979,3.14159265358979,0.,0.,0.;                         773P   1110
126,1,1,0,0,1,0,0.,0.,0.25,0.25,1.,1.,-27.7910509252284,             775P   1111
-26.5382758981925,5.00000000000001,-27.7910509252284,                775P   1112
-26.5382758981925,2.50000000000001,0.,0.25,0.,0.,0.;                 775P   1113
126,2,2,0,0,0,0,-1.57069766169366,-1.57069766169366,                 777P   1114
-1.57069766169366,0.,0.,0.,1.,0.707141663707165,1.,                  777P   1115
-30.0214731887729,-23.3525696630492,2.50000000000001,                777P   1116
-27.3135660906905,-23.83032167584,2.50000000000001,                  777P   1117
-27.7910509252284,-26.5382758981925,2.50000000000001,                777P   1118
-1.57069766169366,0.,0.,0.,0.;                                       777P   1119
126,1,1,0,0,1,0,0.,0.,0.25,0.25,1.,1.,-30.0214731887729,             779P   1120
-23.3525696630492,5.00000000000001,-30.0214731887729,                779P   1121
-23.3525696630492,2.50000000000001,0.,0.25,0.,0.,0.;                 779P   1122
126,1,1,0,0,1,0,0.,0.,0.625027131564392,0.625027131564392,1.,1.,     781P   1123
-36.1766819396815,-22.2666153583477,2.50000000000001,                781P   1124
-30.0214731887729,-23.3525696630492,2.50000000000001,0.,             781P   1125
0.625027131564392,0.,0.,0.;                                          781P   1126
126,1,1,0,0,1,0,-0.5,-0.5,-0.25,-0.25,1.,1.,-36.1766819396828,       783P   1127
-22.2666153583475,5.00000000000001,-36.1766819396828,                783P   1128
-22.2666153583475,2.50000000000001,-0.5,-0.25,0.,0.,0.;              783P   1129
126,1,1,0,0,1,0,0.25,0.25,0.5,0.5,1.,1.,-37.1317608861572,           785P   1130
-27.6829797616929,2.50000000000001,-37.1317608861572,                785P   1131
-27.6829797616929,5.00000000000001,0.25,0.5,0.,0.,0.;                785P   1132
126,1,1,0,0,1,0,0.,0.,0.624962566059853,0.624962566059853,1.,1.,     787P   1133
-30.9772398902805,-28.7691161292455,2.50000000000001,                787P   1134
-37.1317608861575,-27.6829797616928,2.50000000000001,0.,             787P   1135
0.624962566059853,0.,0.,0.;                                          787P   1136
126,1,1,0,0,1,0,0.,0.,0.25,0.25,1.,1.,-30.9772398902805,             789P   1137
-28.7691161292455,5.00000000000001,-30.9772398902805,                789P   1138
-28.7691161292455,2.50000000000001,0.,0.25,0.,0.,0.;                 789P   1139
126,4,2,0,0,0,0,-1.57094280082238,-1.57094280082238,                 791P   1140
-1.57094280082238,-0.785471400411189,-0.785471400411189,0.,0.,       791P   1141
0.,1.,0.923865518595955,1.,0.923865518595965,1.,                     791P   1142
-27.7910898472431,-26.5384966361649,2.50000000000001,                791P   1143
-27.9889105435791,-27.6603948644723,2.50000000000001,                791P   1144
-28.9221405965906,-28.3137480084415,2.50000000000001,                791P   1145
-29.855370649602,-28.9671011524107,2.50000000000001,                 791P   1146
-30.9772398902805,-28.7691161292455,2.50000000000001,                791P   1147
-1.57094280082238,0.,0.,0.,0.;                                       791P   1148
126,1,1,0,0,1,0,-1.77635683940025D-15,-1.77635683940025D-15,         793P   1149
6.18181818181817,6.18181818181817,1.,1.,-30.021382636429,            793P   1150
-23.352813247181,5.,-30.021382636429,-23.352813247181,22.,           793P   1151
-1.77635683940025D-15,6.18181818181817,0.,0.,0.;                     793P   1152
126,4,2,0,0,0,0,3.14159265358979,3.14159265358979,                   795P   1153
3.14159265358979,4.01165515468901,4.01165515468901,                  795P   1154
4.88171765578824,4.88171765578824,4.88171765578824,1.,               795P   1155
0.906856872549857,1.,0.906856872549859,1.,-33.9183290609894,         795P   1156
-24.972309928714,2.50000000000001,-33.9183290609894,                 795P   1157
-26.2503027121272,2.50000000000001,-34.8951874308893,                795P   1158
-27.0743253329407,2.50000000000001,-35.8720458007893,                795P   1159
-27.8983479537543,2.50000000000001,-37.1317608861575,                795P   1160
-27.6829797616928,2.50000000000001,3.14159265358979,                 795P   1161
4.88171765578824,0.,0.,0.;                                           795P   1162
126,2,2,0,0,0,0,1.75054344483691,1.75054344483691,                   797P   1163
1.75054344483691,3.14159265358979,3.14159265358979,                  797P   1164
3.14159265358979,1.,0.767717647115357,1.,-36.1766819396815,          797P   1165
-22.2666153583477,2.50000000000001,-33.9183290609894,                797P   1166
-22.6769767878553,2.50000000000001,-33.9183290609894,                797P   1167
-24.972309928714,2.50000000000001,1.75054344483691,                  797P   1168
3.14159265358979,0.,0.,0.;                                           797P   1169
126,1,1,0,0,1,0,-0.909090909090911,-0.909090909090911,               799P   1170
1.2106288391252D-16,1.2106288391252D-16,1.,1.,-33.9183290609894,     799P   1171
-24.972309928714,2.50000000000001,-33.9183290609894,                 799P   1172
-24.972309928714,4.1079691677412D-15,-0.909090909090911,             799P   1173
1.2106288391252D-16,0.,0.,0.;                                        799P   1174
126,8,2,0,1,0,0,-3.14159265358979,-3.14159265358979,                 801P   1175
-3.14159265358979,-1.5707963267949,-1.5707963267949,0.,0.,           801P   1176
1.5707963267949,1.5707963267949,3.14159265358979,                    801P   1177
3.14159265358979,3.14159265358979,1.,0.70710678118655,1.,            801P   1178
0.70710678118655,1.,0.70710678118655,1.,0.70710678118655,1.,         801P   1179
-33.9183290609894,-24.972309928714,4.66357335912914D-15,             801P   1180
-33.9183290609894,-22.222309928714,4.87411943996164D-15,             801P   1181
-36.6683290609894,-22.222309928714,4.65143817933313D-15,             801P   1182
-39.4183290609894,-22.222309928714,4.42875691870462D-15,             801P   1183
-39.4183290609894,-24.972309928714,4.21821083787212D-15,             801P   1184
-39.4183290609894,-27.722309928714,4.00766475703962D-15,             801P   1185
-36.6683290609894,-27.722309928714,4.23034601766813D-15,             801P   1186
-33.9183290609894,-27.722309928714,4.45302727829664D-15,             801P   1187
-33.9183290609894,-24.972309928714,4.66357335912914D-15,             801P   1188
-3.14159265358979,3.14159265358979,0.,0.,0.;                         801P   1189
126,1,1,0,0,1,0,-2.85714285714285,-2.85714285714285,                 803P   1190
1.2106288391252D-16,1.2106288391252D-16,1.,1.,-34.9183290609894,     803P   1191
-24.972309928714,5.,-34.9183290609894,-24.972309928714,              803P   1192
4.22903205165372D-15,-2.85714285714285,1.2106288391252D-16,0.,       803P   1193
0.,0.;                                                               803P   1194
126,8,2,0,1,0,0,-3.14159265358979,-3.14159265358979,                 805P   1195
-3.14159265358979,-1.5707963267949,-1.5707963267949,0.,0.,           805P   1196
1.5707963267949,1.5707963267949,3.14159265358979,                    805P   1197
3.14159265358979,3.14159265358979,1.,0.707106781186548,1.,           805P   1198
0.707106781186548,1.,0.707106781186548,1.,0.707106781186548,1.,      805P   1199
-34.9183290609894,-24.972309928714,4.58259835526423D-15,             805P   1200
-34.9183290609894,-26.7223099287141,4.44861448564354D-15,            805P   1201
-36.6683290609894,-26.7223099287141,4.30690822887995D-15,            805P   1202
-38.4183290609894,-26.7223099287141,4.16520197211635D-15,            805P   1203
-38.4183290609894,-24.972309928714,4.29918584173703D-15,             805P   1204
-38.4183290609894,-23.222309928714,4.43316971135772D-15,             805P   1205
-36.6683290609894,-23.222309928714,4.57487596812131D-15,             805P   1206
-34.9183290609894,-23.222309928714,4.71658222488491D-15,             805P   1207
-34.9183290609894,-24.972309928714,4.58259835526423D-15,             805P   1208
-3.14159265358979,3.14159265358979,0.,0.,0.;                         805P   1209
126,1,1,0,0,1,0,0.,0.,0.3,0.3,1.,1.,35.8763872211148,                807P   1210
-20.8360687251994,22.,35.8763872211148,-20.8360687251994,25.,0.,     807P   1211
0.3,0.,0.,0.;                                                        807P   1212
126,1,1,0,0,1,0,0.,0.,0.3,0.3,1.,1.,39.361647199937,                 809P   1213
-16.5813110493711,22.,39.361647199937,-16.5813110493711,25.,0.,      809P   1214
0.3,0.,0.,0.;                                                        809P   1215
126,1,1,0,0,1,0,-6.18196982434541,-6.18196982434541,                 811P   1216
-1.97053137821528D-15,-1.97053137821528D-15,1.,1.,                   811P   1217
40.3689497535564,-18.7086898872852,22.,40.3689497535564,             811P   1218
-18.7086898872852,5.00000000000001,-6.18196982434541,                811P   1219
-1.97053137821528D-15,0.,0.,0.;                                      811P   1220
126,4,2,0,0,0,0,-6.28318530717959,-6.28318530717959,                 813P   1221
-6.28318530717959,-4.71238898038469,-4.71238898038469,               813P   1222
-3.14159265358979,-3.14159265358979,-3.14159265358979,1.,            813P   1223
0.707106781186546,1.,0.707106781186546,1.,34.8690846674954,          813P   1224
-18.7086898872852,5.00000000000001,34.8690846674954,                 813P   1225
-15.9587573442547,5.00000000000001,37.6190172105259,                 813P   1226
-15.9587573442547,5.00000000000001,40.3689497535564,                 813P   1227
-15.9587573442547,5.00000000000001,40.3689497535564,                 813P   1228
-18.7086898872852,5.00000000000001,-6.28318530717959,                813P   1229
-3.14159265358979,0.,0.,0.;                                          813P   1230
126,4,2,0,0,0,0,-3.14159265358979,-3.14159265358979,                 815P   1231
-3.14159265358979,-1.5707963267949,-1.5707963267949,                 815P   1232
-6.18205198662092D-32,-6.18205198662092D-32,                         815P   1233
-6.18205198662092D-32,1.,0.707106781186546,1.,0.707106781186546,     815P   1234
1.,40.3689497535564,-18.7086898872852,5.00000000000001,              815P   1235
40.3689497535564,-21.4586224303157,5.00000000000001,                 815P   1236
37.6190172105259,-21.4586224303157,5.00000000000001,                 815P   1237
34.8690846674954,-21.4586224303157,5.00000000000001,                 815P   1238
34.8690846674954,-18.7086898872852,5.00000000000001,                 815P   1239
-3.14159265358979,-6.18205198662092D-32,0.,0.,0.;                    815P   1240
126,6,2,0,0,0,0,-6.2881380697657,-6.2881380697657,                   817P   1241
-6.2881380697657,-5.23928959770706,-5.23928959770706,                817P   1242
-4.19044112564843,-4.19044112564843,-3.14159265358979,               817P   1243
-3.14159265358979,-3.14159265358979,1.,0.865612378567492,1.,         817P   1244
0.865612378567485,1.,0.865612378567483,1.,34.8690846674954,          817P   1245
-24.9586898872852,5.00000000000001,34.8612061353522,                 817P   1246
-26.5494117493486,5.00000000000001,36.2361948817924,                 817P   1247
-27.3493267828853,5.00000000000001,37.6111836282326,                 817P   1248
-28.149241816422,5.00000000000001,38.9901172836216,                  817P   1249
-27.3561465587444,5.00000000000001,40.3690509390106,                 817P   1250
-26.5630513010668,5.00000000000001,40.3690509390106,                 817P   1251
-24.9723099287139,5.00000000000001,-6.2881380697657,                 817P   1252
-3.14159265358979,0.,0.,0.;                                          817P   1253
126,2,2,0,0,0,0,-3.14159265358979,-3.14159265358979,                 819P   1254
-3.14159265358979,-3.13663989100368,-3.13663989100368,               819P   1255
-3.13663989100368,1.,0.999996933769413,1.,40.3690509390106,          819P   1256
-24.9723099287139,5.00000000000001,40.3690509390106,                 819P   1257
-24.9654998662372,5.00000000000001,40.3690172105259,                 819P   1258
-24.9586898872852,5.00000000000001,-3.14159265358979,                819P   1259
-3.13663989100368,0.,0.,0.;                                          819P   1260
126,1,1,0,0,1,0,0.,0.,0.625,0.625,1.,1.,40.3690172105259,            821P   1261
-24.9586898872852,5.00000000000001,40.3690172105259,                 821P   1262
-18.7086898872852,5.00000000000001,0.,0.625,0.,0.,0.;                821P   1263
126,2,2,0,0,0,0,0.,0.,0.,1.57077179698782,1.57077179698782,          823P   1264
1.57077179698782,1.,0.707115453729828,1.,40.3690172105259,           823P   1265
-18.7086898872852,5.00000000000001,40.3690172105259,                 823P   1266
-15.9587573434274,5.00000000000001,37.6190846674954,                 823P   1267
-15.9586898881126,5.00000000000001,0.,1.57077179698782,0.,0.,0.;     823P   1268
126,2,2,0,0,0,0,0.,0.,0.,1.5707963267949,1.5707963267949,            825P   1269
1.5707963267949,1.,0.707106781186548,1.,37.6190846674954,            825P   1270
-15.9586898872852,5.00000000000001,34.8690846674954,                 825P   1271
-15.9586898872852,5.00000000000001,34.8690846674954,                 825P   1272
-18.7086898872852,5.00000000000001,0.,1.5707963267949,0.,0.,0.;      825P   1273
126,1,1,0,0,1,0,0.,0.,0.625,0.625,1.,1.,34.8690846674954,            827P   1274
-18.7086898872852,5.00000000000001,34.8690846674954,                 827P   1275
-24.9586898872852,5.00000000000001,0.,0.625,0.,0.,0.;                827P   1276
126,8,2,0,1,0,0,-3.14159265358979,-3.14159265358979,                 829P   1277
-3.14159265358979,-1.5707963267949,-1.5707963267949,0.,0.,           829P   1278
1.5707963267949,1.5707963267949,3.14159265358979,                    829P   1279
3.14159265358979,3.14159265358979,1.,0.707106781186543,1.,           829P   1280
0.707106781186543,1.,0.707106781186543,1.,0.707106781186543,1.,      829P   1281
39.3690509390106,-24.9723099287139,5.00000000000001,                 829P   1282
39.3690509390106,-26.7223099287139,5.00000000000001,                 829P   1283
37.6190509390106,-26.7223099287139,5.00000000000001,                 829P   1284
35.8690509390106,-26.7223099287139,5.00000000000001,                 829P   1285
35.8690509390106,-24.9723099287139,5.00000000000001,                 829P   1286
35.8690509390106,-23.2223099287139,5.00000000000001,                 829P   1287
37.6190509390106,-23.2223099287139,5.00000000000001,                 829P   1288
39.3690509390106,-23.2223099287139,5.00000000000001,                 829P   1289
39.3690509390106,-24.9723099287139,5.00000000000001,                 829P   1290
-3.14159265358979,3.14159265358979,0.,0.,0.;                         829P   1291
126,1,1,0,0,1,0,0.,0.,0.25,0.25,1.,1.,40.3690172105259,              831P   1292
-18.7086898872852,5.00000000000001,40.3690172105259,                 831P   1293
-18.7086898872852,2.50000000000001,0.,0.25,0.,0.,0.;                 831P   1294
126,2,2,0,0,0,0,-1.57077179698782,-1.57077179698782,                 833P   1295
-1.57077179698782,0.,0.,0.,1.,0.707115453729828,1.,                  833P   1296
37.6190846674954,-15.9586898881126,2.50000000000001,                 833P   1297
40.3690172105259,-15.9587573434274,2.50000000000001,                 833P   1298
40.3690172105259,-18.7086898872852,2.50000000000001,                 833P   1299
-1.57077179698782,0.,0.,0.,0.;                                       833P   1300
126,1,1,0,0,1,0,0.,0.,0.25,0.25,1.,1.,37.6190846674954,              835P   1301
-15.9586898872852,5.00000000000001,37.6190846674954,                 835P   1302
-15.9586898872852,2.50000000000001,0.,0.25,0.,0.,0.;                 835P   1303
126,2,2,0,0,0,0,-1.5707963267949,-1.5707963267949,                   837P   1304
-1.5707963267949,0.,0.,0.,1.,0.707106781186548,1.,                   837P   1305
34.8690846674954,-18.7086898872852,2.50000000000001,                 837P   1306
34.8690846674954,-15.9586898872852,2.50000000000001,                 837P   1307
37.6190846674954,-15.9586898872852,2.50000000000001,                 837P   1308
-1.5707963267949,0.,0.,0.,0.;                                        837P   1309
126,1,1,0,0,1,0,0.,0.,0.25,0.25,1.,1.,34.8690846674954,              839P   1310
-18.7086898872852,5.00000000000001,34.8690846674954,                 839P   1311
-18.7086898872852,2.50000000000001,0.,0.25,0.,0.,0.;                 839P   1312
126,1,1,0,0,1,0,-0.625,-0.625,0.,0.,1.,1.,34.8690846674954,          841P   1313
-24.9586898872852,2.50000000000001,34.8690846674954,                 841P   1314
-18.7086898872852,2.50000000000001,-0.625,0.,0.,0.,0.;               841P   1315
126,1,1,0,0,1,0,-0.5,-0.5,-0.25,-0.25,1.,1.,34.8690846674954,        843P   1316
-24.9586898872859,5.00000000000001,34.8690846674954,                 843P   1317
-24.9586898872859,2.50000000000001,-0.5,-0.25,0.,0.,0.;              843P   1318
126,1,1,0,0,1,0,0.25,0.25,0.5,0.5,1.,1.,40.3690172105259,            845P   1319
-24.9586898872859,2.50000000000001,40.3690172105259,                 845P   1320
-24.9586898872859,5.00000000000001,0.25,0.5,0.,0.,0.;                845P   1321
126,1,1,0,0,1,0,-0.625,-0.625,0.,0.,1.,1.,40.3690172105259,          847P   1322
-18.7086898872852,2.50000000000001,40.3690172105259,                 847P   1323
-24.9586898872852,2.50000000000001,-0.625,0.,0.,0.,0.;               847P   1324
126,4,2,0,0,0,0,0.00495276258611207,0.00495276258611207,             849P   1325
0.00495276258611207,1.5707963267949,1.5707963267949,                 849P   1326
3.13663989100368,3.13663989100368,3.13663989100368,1.,               849P   1327
0.708855677249507,1.,0.708855677249503,1.,34.8690846674954,          849P   1328
-24.9586898872852,2.50000000000001,34.8826374185915,                 849P   1329
-22.2223099287139,2.50000000000001,37.6190509390106,                 849P   1330
-22.2223099287139,2.50000000000001,40.3554644594298,                 849P   1331
-22.2223099287139,2.50000000000001,40.3690172105259,                 849P   1332
-24.9586898872852,2.50000000000001,0.00495276258611207,              849P   1333
3.13663989100368,0.,0.,0.;                                           849P   1334
126,1,1,0,0,1,0,-2.85714285714286,-2.85714285714286,                 851P   1335
1.2106288391252D-16,1.2106288391252D-16,1.,1.,39.3690509390106,      851P   1336
-24.9723099287139,5.00000000000001,39.3690509390106,                 851P   1337
-24.9723099287139,9.98889520702721D-15,-2.85714285714286,            851P   1338
1.2106288391252D-16,0.,0.,0.;                                        851P   1339
126,8,2,0,1,0,0,-3.14159265358979,-3.14159265358979,                 853P   1340
-3.14159265358979,-1.5707963267949,-1.5707963267949,0.,0.,           853P   1341
1.5707963267949,1.5707963267949,3.14159265358979,                    853P   1342
3.14159265358979,3.14159265358979,1.,0.707106781186543,1.,           853P   1343
0.707106781186543,1.,0.707106781186543,1.,0.707106781186543,1.,      853P   1344
39.3690509390106,-24.9723099287139,1.03424615106377D-14,             853P   1345
39.3690509390106,-26.7223099287139,1.0208477641017D-14,              853P   1346
37.6190509390106,-26.7223099287139,1.00667713842534D-14,             853P   1347
35.8690509390106,-26.7223099287139,9.92506512748984D-15,             853P   1348
35.8690509390106,-24.9723099287139,1.00590489971105D-14,             853P   1349
35.8690509390106,-23.2223099287139,1.01930328667312D-14,             853P   1350
37.6190509390106,-23.2223099287139,1.03347391234948D-14,             853P   1351
39.3690509390106,-23.2223099287139,1.04764453802584D-14,             853P   1352
39.3690509390106,-24.9723099287139,1.03424615106377D-14,             853P   1353
-3.14159265358979,3.14159265358979,0.,0.,0.;                         853P   1354
126,1,1,0,0,1,0,-1.81818181818182,-1.81818181818182,                 855P   1355
1.2106288391252D-16,1.2106288391252D-16,1.,1.,40.3690509390106,      855P   1356
-24.9723099287139,5.00000000000001,40.3690509390106,                 855P   1357
-24.9723099287139,9.65908429086698D-15,-1.81818181818182,            855P   1358
1.2106288391252D-16,0.,0.,0.;                                        855P   1359
126,8,2,0,1,0,0,-3.14159265358979,-3.14159265358979,                 857P   1360
-3.14159265358979,-1.5707963267949,-1.5707963267949,0.,0.,           857P   1361
1.5707963267949,1.5707963267949,3.14159265358979,                    857P   1362
3.14159265358979,3.14159265358979,1.,0.707106781186547,1.,           857P   1363
0.70710678118655,1.,0.70710678118655,1.,0.707106781186547,1.,        857P   1364
40.3690509390106,-24.9723099287139,1.02146884822549D-14,             857P   1365
40.3690509390106,-22.2223099287139,1.04252345630874D-14,             857P   1366
37.6190509390106,-22.2223099287139,1.02025533024589D-14,             857P   1367
34.8690509390106,-22.2223099287139,9.97987204183041D-15,             857P   1368
34.8690509390106,-24.9723099287139,9.7693259609979D-15,              857P   1369
34.8690509390106,-27.7223099287139,9.5587798801654D-15,              857P   1370
37.6190509390106,-27.7223099287139,9.78146114079391D-15,             857P   1371
40.3690509390106,-27.7223099287139,1.00041424014224D-14,             857P   1372
40.3690509390106,-24.9723099287139,1.02146884822549D-14,             857P   1373
-3.14159265358979,3.14159265358979,0.,0.,0.;                         857P   1374
126,1,1,0,0,1,0,0.,0.,0.3,0.3,1.,1.,30.078193498173,                 859P   1375
28.9432279445989,22.,30.078193498173,28.9432279445989,25.,0.,        859P   1376
0.3,0.,0.,0.;                                                        859P   1377
126,1,1,0,0,1,0,0.,0.,0.3,0.3,1.,1.,32.6168633582498,                861P   1378
33.8222806482279,22.,32.6168633582498,33.8222806482279,25.,0.,       861P   1379
0.3,0.,0.,0.;                                                        861P   1380
126,1,1,0,0,1,0,0.,0.,0.25,0.25,1.,1.,31.3475284270208,              863P   1381
34.1325858484467,5.00000000000001,31.3475284270208,                  863P   1382
34.1325858484467,2.50000000000001,0.,0.25,0.,0.,0.;                  863P   1383
126,2,2,0,0,0,0,-1.57073507382101,-1.57073507382101,                 865P   1384
-1.57073507382101,2.09155582593063D-141,2.09155582593063D-141,       865P   1385
2.09155582593063D-141,1.,0.707128437051521,1.,28.5975284321797,      865P   1386
31.3827542941248,2.50000000000001,28.5976968675403,                  865P   1387
34.1325858484467,2.50000000000001,31.3475284270208,                  865P   1388
34.1325858484467,2.50000000000001,-1.57073507382101,                 865P   1389
2.09155582593063D-141,0.,0.,0.;                                      865P   1390
126,1,1,0,0,1,0,-0.25,-0.25,1.7,1.7,1.,1.,28.5975284321797,          867P   1391
31.3827542941248,2.5,28.5975284321797,31.3827542941248,22.,          867P   1392
-0.25,1.7,0.,0.,0.;                                                  867P   1393
126,2,2,0,0,0,0,-3.1415926536456,-3.1415926536456,                   869P   1394
-3.1415926536456,-1.58186394589154,-1.58186394589154,                869P   1395
-1.58186394589154,1.,0.711008928598211,1.,34.0975284218619,          869P   1396
31.382754294279,22.,34.0975284220141,28.6630230591669,22.,           869P   1397
31.3779637581226,28.6329227243292,22.,-3.1415926536456,              869P   1398
-1.58186394589154,0.,0.,0.;                                          869P   1399
126,1,1,0,0,1,0,0.,0.,1.7,1.7,1.,1.,31.37796562232,                  871P   1400
28.6327542941252,5.,31.37796562232,28.6327542941252,22.,0.,1.7,      871P   1401
0.,0.,0.;                                                            871P   1402
126,4,2,0,0,0,0,1.5707963267949,1.5707963267949,1.5707963267949,     873P   1403
3.13605850508603,3.13605850508603,4.70132068337716,                  873P   1404
4.70132068337716,4.70132068337716,1.,0.709060688606742,1.,           873P   1405
0.709060688606736,1.,31.3475284270208,34.1325858484467,              873P   1406
5.00000000000001,34.0823514756517,34.1325858484467,                  873P   1407
5.00000000000001,34.0974863152787,31.3978046791478,                  873P   1408
5.00000000000001,34.1126211549058,28.6630235098488,                  873P   1409
5.00000000000001,31.37796562232,28.6327542941252,                    873P   1410
5.00000000000001,1.5707963267949,4.70132068337716,0.,0.,0.;          873P   1411
126,2,2,0,0,0,0,-1.5707963267949,-1.5707963267949,                   875P   1412
-1.5707963267949,-8.7202972194778D-14,-8.7202972194778D-14,          875P   1413
-8.7202972194778D-14,1.,0.707106781186573,1.,31.3475284270208,       875P   1414
28.6327542941252,2.50000000000001,28.597528427021,                   875P   1415
28.6327542941252,2.50000000000001,28.5975284270208,                  875P   1416
31.3827542941249,2.50000000000001,-1.5707963267949,                  875P   1417
-8.7202972194778D-14,0.,0.,0.;                                       875P   1418
126,1,1,0,0,1,0,-0.25,-0.25,1.7,1.7,1.,1.,31.3475284270208,          877P   1419
28.6327542941252,2.5,31.3475284270208,28.6327542941252,22.,          877P   1420
-0.25,1.7,0.,0.,0.;                                                  877P   1421
126,2,2,0,0,0,0,-1.58186394589154,-1.58186394589154,                 879P   1422
-1.58186394589154,-1.57079632679476,-1.57079632679476,               879P   1423
-1.57079632679476,1.,0.999984688515015,1.,31.3779637581226,          879P   1424
28.6329227243292,22.,31.3627465585925,28.6327542992841,22.,          879P   1425
31.3475284270208,28.6327542992841,22.,-1.58186394589154,             879P   1426
-1.57079632679476,0.,0.,0.;                                          879P   1427
126,1,1,0,0,1,0,-0.625,-0.625,0.,0.,1.,1.,37.5975284270208,          881P   1428
28.6327542941252,2.50000000000001,31.3475284270208,                  881P   1429
28.6327542941252,2.50000000000001,-0.625,0.,0.,0.,0.;                881P   1430
126,1,1,0,0,1,0,-0.499999999999999,-0.499999999999999,               883P   1431
-0.249999999999999,-0.249999999999999,1.,1.,37.5975284270199,        883P   1432
28.6327542941252,5.00000000000001,37.5975284270199,                  883P   1433
28.6327542941252,2.50000000000001,-0.499999999999999,                883P   1434
-0.249999999999999,0.,0.,0.;                                         883P   1435
126,1,1,0,0,1,0,0.00304371952992311,0.00304371952992311,0.625,       885P   1436
0.625,1.,1.,31.37796562232,28.6327542941252,5.00000000000001,        885P   1437
37.5975284270208,28.6327542941252,5.00000000000001,                  885P   1438
0.00304371952992311,0.625,0.,0.,0.;                                  885P   1439
126,1,1,0,0,1,0,0.,0.,0.625,0.625,1.,1.,37.5975284270208,            887P   1440
34.1325858484467,5.00000000000001,31.3475284270208,                  887P   1441
34.1325858484467,5.00000000000001,0.,0.625,0.,0.,0.;                 887P   1442
126,1,1,0,0,1,0,0.249999999999999,0.249999999999999,                 889P   1443
0.499999999999999,0.499999999999999,1.,1.,37.5975284270205,          889P   1444
34.1325858484467,2.50000000000001,37.5975284270205,                  889P   1445
34.1325858484467,5.00000000000001,0.249999999999999,                 889P   1446
0.499999999999999,0.,0.,0.;                                          889P   1447
126,1,1,0,0,1,0,-0.625,-0.625,0.,0.,1.,1.,31.3475284270208,          891P   1448
34.1325858484467,2.50000000000001,37.5975284270208,                  891P   1449
34.1325858484467,2.50000000000001,-0.625,0.,0.,0.,0.;                891P   1450
126,4,2,0,0,0,0,-1.56296987889961,-1.56296987889961,                 893P   1451
-1.56296987889961,0.,0.,1.56296987889961,1.56296987889961,           893P   1452
1.56296987889961,1.,0.709868427244179,1.,0.709868427244179,1.,       893P   1453
37.5975284270208,28.6327542941252,2.50000000000001,                  893P   1454
34.8690509390105,28.654109017036,2.50000000000001,                   893P   1455
34.8690509390105,31.3826700712859,2.50000000000001,                  893P   1456
34.8690509390105,34.1112311255359,2.50000000000001,                  893P   1457
37.5975284270208,34.1325858484467,2.50000000000001,                  893P   1458
-1.56296987889961,1.56296987889961,0.,0.,0.;                         893P   1459
126,8,2,0,1,0,0,-3.14159265358979,-3.14159265358979,                 895P   1460
-3.14159265358979,-1.5707963267949,-1.5707963267949,0.,0.,           895P   1461
1.5707963267949,1.5707963267949,3.14159265358979,                    895P   1462
3.14159265358979,3.14159265358979,1.,0.707106781186548,1.,           895P   1463
0.707106781186548,1.,0.707106781186548,1.,0.707106781186548,1.,      895P   1464
39.3690509390105,31.3826700712859,5.00000000000001,                  895P   1465
39.3690509390105,29.6326700712859,5.00000000000001,                  895P   1466
37.6190509390105,29.6326700712859,5.00000000000001,                  895P   1467
35.8690509390105,29.6326700712859,5.00000000000001,                  895P   1468
35.8690509390105,31.3826700712859,5.00000000000001,                  895P   1469
35.8690509390105,33.1326700712859,5.00000000000001,                  895P   1470
37.6190509390105,33.1326700712859,5.00000000000001,                  895P   1471
39.3690509390105,33.1326700712859,5.00000000000001,                  895P   1472
39.3690509390105,31.3826700712859,5.00000000000001,                  895P   1473
-3.14159265358979,3.14159265358979,0.,0.,0.;                         895P   1474
126,1,1,0,0,1,0,-2.85714285714285,-2.85714285714285,                 897P   1475
1.2106288391252D-16,1.2106288391252D-16,1.,1.,39.3690509390105,      897P   1476
31.3826700712859,5.00000000000001,39.3690509390105,                  897P   1477
31.3826700712859,1.42210392732801D-14,-2.85714285714285,             897P   1478
1.2106288391252D-16,0.,0.,0.;                                        897P   1479
126,8,2,0,1,0,0,-3.14159265358979,-3.14159265358979,                 899P   1480
-3.14159265358979,-1.5707963267949,-1.5707963267949,0.,0.,           899P   1481
1.5707963267949,1.5707963267949,3.14159265358979,                    899P   1482
3.14159265358979,3.14159265358979,1.,0.707106781186548,1.,           899P   1483
0.707106781186548,1.,0.707106781186548,1.,0.707106781186548,1.,      899P   1484
39.3690509390105,31.3826700712859,1.45746055768906D-14,              899P   1485
39.3690509390105,29.6326700712859,1.444062170727D-14,                899P   1486
37.6190509390105,29.6326700712859,1.42989154505064D-14,              899P   1487
35.8690509390105,29.6326700712859,1.41572091937428D-14,              899P   1488
35.8690509390105,31.3826700712859,1.42911930633634D-14,              899P   1489
35.8690509390105,33.1326700712859,1.44251769329841D-14,              899P   1490
37.6190509390105,33.1326700712859,1.45668831897477D-14,              899P   1491
39.3690509390105,33.1326700712859,1.47085894465113D-14,              899P   1492
39.3690509390105,31.3826700712859,1.45746055768906D-14,              899P   1493
-3.14159265358979,3.14159265358979,0.,0.,0.;                         899P   1494
126,4,2,0,0,0,0,-3.14159265358979,-3.14159265358979,                 901P   1495
-3.14159265358979,-2.3522812662447,-2.3522812662447,                 901P   1496
-1.56296987889961,-1.56296987889961,-1.56296987889961,1.,            901P   1497
0.923129001545571,1.,0.923129001545582,1.,40.3690509390105,          901P   1498
31.3826700712859,5.00000000000001,40.3690509390105,                  901P   1499
32.5280663511802,5.00000000000001,39.5559702832306,                  901P   1500
33.3348082462074,5.00000000000001,38.7428896274508,                  901P   1501
34.1415501412347,5.00000000000001,37.5975284270208,                  901P   1502
34.1325858484467,5.00000000000001,-3.14159265358979,                 901P   1503
-1.56296987889961,0.,0.,0.;                                          901P   1504
126,1,1,0,0,1,0,-1.81818181818182,-1.81818181818182,                 903P   1505
1.2106288391252D-16,1.2106288391252D-16,1.,1.,40.3690509390105,      903P   1506
31.3826700712859,5.00000000000001,40.3690509390105,                  903P   1507
31.3826700712859,1.40999763893676D-14,-1.81818181818182,             903P   1508
1.2106288391252D-16,0.,0.,0.;                                        903P   1509
126,8,2,0,1,0,0,-3.14159265358979,-3.14159265358979,                 905P   1510
-3.14159265358979,-1.5707963267949,-1.5707963267949,0.,0.,           905P   1511
1.5707963267949,1.5707963267949,3.14159265358979,                    905P   1512
3.14159265358979,3.14159265358979,1.,0.707106781186544,1.,           905P   1513
0.707106781186544,1.,0.707106781186544,1.,0.707106781186544,1.,      905P   1514
40.3690509390105,31.3826700712859,1.46555805807556D-14,              905P   1515
40.3690509390105,34.1326700712859,1.48661266615881D-14,              905P   1516
37.6190509390105,34.1326700712859,1.46434454009595D-14,              905P   1517
34.8690509390105,34.1326700712859,1.4420764140331D-14,               905P   1518
34.8690509390105,31.3826700712859,1.42102180594985D-14,              905P   1519
34.8690509390105,28.6326700712859,1.3999671978666D-14,               905P   1520
37.6190509390105,28.6326700712859,1.42223532392945D-14,              905P   1521
40.3690509390105,28.6326700712859,1.4445034499923D-14,               905P   1522
40.3690509390105,31.3826700712859,1.46555805807556D-14,              905P   1523
-3.14159265358979,3.14159265358979,0.,0.,0.;                         905P   1524
126,4,2,0,0,0,0,-4.72021542827997,-4.72021542827997,                 907P   1525
-4.72021542827997,-3.93090404093488,-3.93090404093488,               907P   1526
-3.14159265358979,-3.14159265358979,-3.14159265358979,1.,            907P   1527
0.923129001545598,1.,0.923129001545582,1.,37.5975284270208,          907P   1528
28.6327542941252,5.00000000000001,38.7428896274508,                  907P   1529
28.6237900013372,5.00000000000001,39.5559702832306,                  907P   1530
29.4305318963644,5.00000000000001,40.3690509390105,                  907P   1531
30.2372737913917,5.00000000000001,40.3690509390105,                  907P   1532
31.3826700712859,5.00000000000001,-4.72021542827997,                 907P   1533
-3.14159265358979,0.,0.,0.;                                          907P   1534
126,1,1,0,0,1,0,-3.,-3.,0.,0.,1.,1.,-14.0385290609885,               909P   1535
36.5266700712869,22.5,-14.0385290609885,36.5266700712869,18.,        909P   1536
-3.,0.,0.,0.,0.;                                                     909P   1537
126,8,2,0,1,0,0,-3.14159265358979,-3.14159265358979,                 911P   1538
-3.14159265358979,-1.5707963267949,-1.5707963267949,0.,0.,           911P   1539
1.5707963267949,1.5707963267949,3.14159265358979,                    911P   1540
3.14159265358979,3.14159265358979,1.,0.707106781186546,1.,           911P   1541
0.707106781186546,1.,0.707106781186546,1.,0.707106781186546,1.,      911P   1542
-14.0385290609885,36.5266700712869,18.,-14.0385290609885,            911P   1543
38.0266700712869,18.,-15.5385290609885,38.0266700712869,18.,         911P   1544
-17.0385290609885,38.0266700712869,18.,-17.0385290609885,            911P   1545
36.5266700712869,18.,-17.0385290609885,35.0266700712869,18.,         911P   1546
-15.5385290609885,35.0266700712869,18.,-14.0385290609885,            911P   1547
35.0266700712869,18.,-14.0385290609885,36.5266700712869,18.,         911P   1548
-3.14159265358979,3.14159265358979,0.,0.,0.;                         911P   1549
126,6,2,0,0,0,0,-0.396881819712422,-0.396881819712422,               913P   1550
-0.396881819712422,0.914899848621142,0.914899848621142,              913P   1551
2.2266815169547,2.2266815169547,3.53846318528827,                    913P   1552
3.53846318528827,3.53846318528827,1.,0.792504953630813,1.,           913P   1553
0.792504953630813,1.,0.792504953630817,1.,-32.9674722020408,         913P   1554
32.4456885059231,15.,-33.7854856799184,30.493959547983,15.,          913P   1555
-32.1083772161453,29.2033398611688,15.,-30.4312687523723,            913P   1556
27.9127201743546,15.,-28.7541457201731,29.2033209298628,15.,         913P   1557
-27.0770226879738,30.4939216853711,15.,-27.8950141346556,            913P   1558
32.4456598769344,15.,-0.396881819712422,3.53846318528827,0.,0.,      913P   1559
0.;                                                                  913P   1560
126,2,2,0,0,0,0,0.396890889445975,0.396890889445975,                 915P   1561
0.396890889445975,1.5707963267949,1.5707963267949,                   915P   1562
1.5707963267949,1.,0.832632207008878,1.,-27.8950141346907,           915P   1563
32.4456598769197,15.,-28.6020832955442,34.1326397196921,15.,         915P   1564
-30.4312491677796,34.1326397196921,15.,0.396890889445975,            915P   1565
1.5707963267949,0.,0.,0.;                                            915P   1566
126,1,1,0,0,1,0,0.,0.,0.00143109087840187,0.00143109087840187,       917P   1567
1.,1.,-30.4312491677796,34.1326397203621,15.,-30.4455600765636,      917P   1568
34.1326397203621,15.,0.,0.00143109087840187,0.,0.,0.;                917P   1569
126,2,2,0,0,0,0,-1.5655922920716,-1.5655922920716,                   919P   1570
-1.5655922920716,-1.2431864528339,-1.2431864528339,                  919P   1571
-1.2431864528339,1.,0.987034922158799,1.,-30.4455600765636,          919P   1572
34.1326397203621,15.,-30.8927385643272,34.1303125669762,15.,         919P   1573
-31.3161392147935,33.9864171023285,15.,-1.5655922920716,             919P   1574
-1.2431864528339,0.,0.,0.;                                           919P   1575
126,1,1,0,0,1,0,0.,0.,1.57424066556468,1.57424066556468,1.,1.,       921P   1576
-16.4363463173896,39.1259823215001,15.,-31.3161392147935,            921P   1577
33.9864171023285,15.,0.,1.57424066556468,0.,0.,0.;                   921P   1578
126,4,2,0,0,0,0,0.,0.,0.,1.57079631625818,1.57079631625818,          923P   1579
3.14159263251637,3.14159263251637,3.14159263251637,1.,               923P   1580
0.707106784911836,1.,0.707106784911838,1.,-14.6407118045875,         923P   1581
33.9273578210737,15.,-12.0413995817625,34.8251750680146,15.,         923P   1582
-12.9392168013153,37.4244873002997,15.,-13.8370340208681,            923P   1583
40.0237995325848,15.,-16.4363462626132,39.1259823404202,15.,0.,      923P   1584
3.14159263251637,0.,0.,0.;                                           923P   1585
126,1,1,0,0,1,0,0.,0.,1.57560832833053,1.57560832833053,1.,1.,       925P   1586
-29.5334319113785,28.7833274701489,15.,-14.6407118045875,            925P   1587
33.9273578210737,15.,0.,1.57560832833053,0.,0.,0.;                   925P   1588
126,4,2,0,0,0,0,0.841318100035664,0.841318100035664,                 927P   1589
0.841318100035664,1.99145537681273,1.99145537681273,                 927P   1590
3.14159265358979,3.14159265358979,3.14159265358979,1.,               927P   1591
0.839154972500212,1.,0.839154972500222,1.,-32.9674722020408,         927P   1592
32.4456885059231,15.,-33.6564797916232,30.8018533939179,15.,         927P   1593
-32.4373188231806,29.5016334636794,15.,-31.218157854738,             927P   1594
28.201413533441,15.,-29.5334319113785,28.7833274701489,15.,          927P   1595
0.841318100035664,3.14159265358979,0.,0.,0.;                         927P   1596
126,1,1,0,0,1,0,-0.787804851129141,-0.787804851129141,               929P   1597
-0.786437188363283,-0.786437188363283,1.,1.,-31.3290664241806,       929P   1598
33.9819519705753,15.,-31.3161392147935,33.9864171023285,15.,         929P   1599
-0.787804851129141,-0.786437188363283,0.,0.,0.;                      929P   1600
126,1,1,0,0,1,0,0.,0.,0.3,0.3,1.,1.,-31.3290664241806,               931P   1601
33.9819519705753,15.,-31.3290664241806,33.9819519705753,18.,0.,      931P   1602
0.3,0.,0.,0.;                                                        931P   1603
126,1,1,0,0,1,0,0.,0.,1.57560832833053,1.57560832833053,1.,1.,       933P   1604
-16.4363463173896,39.1259823215001,18.,-31.3290664241806,            933P   1605
33.9819519705753,18.,0.,1.57560832833053,0.,0.,0.;                   933P   1606
126,1,1,0,0,1,0,0.,0.,0.3,0.3,1.,1.,-16.4363463173896,               935P   1607
39.1259823215001,15.,-16.4363463173896,39.1259823215001,18.,0.,      935P   1608
0.3,0.,0.,0.;                                                        935P   1609
126,1,1,0,0,1,0,-2.54545454545455,-2.54545454545455,                 937P   1610
-1.09090909090909,-1.09090909090909,1.,1.,-16.4363463173896,         937P   1611
39.1259823215001,22.,-16.4363463173896,39.1259823215001,18.,         937P   1612
-2.54545454545455,-1.09090909090909,0.,0.,0.;                        937P   1613
126,4,2,0,0,0,0,-1.90337237619052,-1.90337237619052,                 939P   1614
-1.90337237619052,-0.332576049395624,-0.332576049395624,             939P   1615
1.23822027739927,1.23822027739927,1.23822027739927,1.,               939P   1616
0.707106781186547,1.,0.707106781186544,1.,-14.6407118045875,         939P   1617
33.9273578210737,18.,-17.2400240548007,33.0295405646726,18.,         939P   1618
-18.1378413112018,35.6288528148859,18.,-19.0356585676028,            939P   1619
38.2281650650991,18.,-16.4363463173896,39.1259823215001,18.,         939P   1620
-1.90337237619052,1.23822027739927,0.,0.,0.;                         939P   1621
126,1,1,0,0,1,0,0.,0.,0.3,0.3,1.,1.,-14.6407118045875,               941P   1622
33.9273578210737,15.,-14.6407118045875,33.9273578210737,18.,0.,      941P   1623
0.3,0.,0.,0.;                                                        941P   1624
126,1,1,0,0,1,0,0.,0.,1.57560832833053,1.57560832833053,1.,1.,       943P   1625
-29.5334319113785,28.7833274701489,18.,-14.6407118045875,            943P   1626
33.9273578210737,18.,0.,1.57560832833053,0.,0.,0.;                   943P   1627
126,1,1,0,0,1,0,0.,0.,0.3,0.3,1.,1.,-29.5334319113785,               945P   1628
28.7833274701489,15.,-29.5334319113785,28.7833274701489,18.,0.,      945P   1629
0.3,0.,0.,0.;                                                        945P   1630
126,2,2,0,0,0,0,-0.841318100035664,-0.841318100035664,               947P   1631
-0.841318100035664,0.,0.,0.,1.,0.912820007499215,1.,                 947P   1632
-32.9674722020408,32.4456885059231,15.,-32.4919032301679,            947P   1633
33.5803015144948,15.,-31.3290664241806,33.9819519705753,15.,         947P   1634
-0.841318100035664,0.,0.,0.,0.;                                      947P   1635
126,4,2,0,0,0,0,0.,0.,0.,1.5707963267949,1.5707963267949,            949P   1636
3.14159265358979,3.14159265358979,3.14159265358979,1.,               949P   1637
0.707106781186548,1.,0.707106781186548,1.,-31.3290664241806,         949P   1638
33.9819519705753,18.,-33.9283786743938,33.0841347141743,18.,         949P   1639
-33.0305614179928,30.4848224639611,18.,-32.1327441615918,            949P   1640
27.8855102137478,18.,-29.5334319113785,28.7833274701489,18.,0.,      949P   1641
3.14159265358979,0.,0.,0.;                                           949P   1642
126,8,2,0,0,0,0,2.74472212189132,2.74472212189132,                   951P   1643
2.74472212189132,4.02073599123128,4.02073599123128,                  951P   1644
5.29674986057125,5.29674986057125,6.57276372991122,                  951P   1645
6.57276372991122,7.84877759925118,7.84877759925118,                  951P   1646
7.84877759925118,1.,0.803284413539974,1.,0.803284413539968,1.,       951P   1647
0.803284413539968,1.,0.803284413539974,1.,-27.8950141346556,         951P   1648
32.4456598769344,5.00000000000001,-27.106882319452,                  951P   1649
30.5651671530081,5.00000000000001,-28.6772834071154,                 951P   1650
29.2646883693513,5.00000000000001,-30.2476844947787,                 951P   1651
27.9642095856945,5.00000000000001,-31.9483188992899,                 951P   1652
29.0890416909746,5.00000000000001,-33.648953303801,                  951P   1653
30.2138737962547,5.00000000000001,-33.066728618824,                  951P   1654
32.1679513430985,5.00000000000001,-32.484503933847,                  951P   1655
34.1220288899423,5.00000000000001,-30.4455600765636,                 951P   1656
34.1326397203621,5.00000000000001,2.74472212189132,                  951P   1657
7.84877759925118,0.,0.,0.;                                           951P   1658
126,1,1,0,0,1,0,0.,0.,1.,1.,1.,1.,-27.8950141346556,                 953P   1659
32.4456598769344,5.00000000000001,-27.8950141346556,                 953P   1660
32.4456598769344,15.,0.,1.,0.,0.,0.;                                 953P   1661
126,1,1,0,0,1,0,0.,0.,1.,1.,1.,1.,-30.4455600765636,                 955P   1662
34.1326397203621,5.00000000000001,-30.4455600765636,                 955P   1663
34.1326397203621,15.,0.,1.,0.,0.,0.;                                 955P   1664
126,1,1,0,0,1,0,0.00258402135798574,0.00258402135798574,             957P   1665
0.623568909121598,0.623568909121598,1.,1.,-36.6554089541997,         957P   1666
34.1326397203621,5.00000000000001,-30.4455600765636,                 957P   1667
34.1326397203621,5.00000000000001,0.00258402135798574,               957P   1668
0.623568909121598,0.,0.,0.;                                          957P   1669
126,6,2,0,0,0,0,-1.57549456473008,-1.57549456473008,                 959P   1670
-1.57549456473008,-0.525164854913953,-0.525164854913953,             959P   1671
0.525164854902178,0.525164854902178,1.57549456471831,                959P   1672
1.57549456471831,1.57549456471831,1.,0.865241302440988,1.,           959P   1673
0.865241302440996,1.,0.865241302440999,1.,-36.6554089541997,         959P   1674
34.1326397203621,5.00000000000001,-38.2488521001714,                 959P   1675
34.1401261504819,5.00000000000001,-39.0477426426941,                 959P   1676
32.7613981108932,5.00000000000001,-39.8466331852168,                 959P   1677
31.3826700713045,5.00000000000001,-39.0477426427103,                 959P   1678
30.0039420317065,5.00000000000001,-38.2488521002039,                 959P   1679
28.6252139921084,5.00000000000001,-36.6554089542321,                 959P   1680
28.6327004222094,5.00000000000001,-1.57549456473008,                 959P   1681
1.57549456471831,0.,0.,0.;                                           959P   1682
126,1,1,0,0,1,0,0.,0.,0.622415978645252,0.622415978645252,1.,1.,     961P   1683
-30.4312491677796,28.6327004222094,5.00000000000001,                 961P   1684
-36.6554089542321,28.6327004222094,5.00000000000001,0.,              961P   1685
0.622415978645252,0.,0.,0.;                                          961P   1686
126,2,2,0,0,0,0,0.,0.,0.,1.57077425339587,1.57077425339587,          963P   1687
1.57077425339587,1.,0.707114585268551,1.,-30.4312491677796,          963P   1688
28.6327004222094,5.00000000000001,-27.681309868957,                  963P   1689
28.6327004222094,5.00000000000001,-27.6812491684495,                 963P   1690
31.3826397203621,5.00000000000001,0.,1.57077425339587,0.,0.,0.;      963P   1691
126,2,2,0,0,0,0,0.,0.,0.,0.396890889445979,0.396890889445979,        965P   1692
0.396890889445979,1.,0.980374235938661,1.,-27.6812491677796,         965P   1693
31.3826397203621,5.00000000000001,-27.6812491677796,                 965P   1694
31.935643022827,5.00000000000001,-27.8950141340728,                  965P   1695
32.4456598771787,5.00000000000001,0.,0.396890889445979,0.,0.,0.;     965P   1696
126,8,2,0,1,0,0,-3.14159265358979,-3.14159265358979,                 967P   1697
-3.14159265358979,-1.5707963267949,-1.5707963267949,0.,0.,           967P   1698
1.5707963267949,1.5707963267949,3.14159265358979,                    967P   1699
3.14159265358979,3.14159265358979,1.,0.707106781186543,1.,           967P   1700
0.707106781186543,1.,0.707106781186543,1.,0.707106781186543,1.,      967P   1701
-34.9183290609895,31.3826700712858,5.00000000000001,                 967P   1702
-34.9183290609895,29.6326700712858,5.00000000000001,                 967P   1703
-36.6683290609895,29.6326700712858,5.00000000000001,                 967P   1704
-38.4183290609895,29.6326700712858,5.00000000000001,                 967P   1705
-38.4183290609895,31.3826700712858,5.00000000000001,                 967P   1706
-38.4183290609895,33.1326700712858,5.00000000000001,                 967P   1707
-36.6683290609895,33.1326700712858,5.00000000000001,                 967P   1708
-34.9183290609895,33.1326700712858,5.00000000000001,                 967P   1709
-34.9183290609895,31.3826700712858,5.00000000000001,                 967P   1710
-3.14159265358979,3.14159265358979,0.,0.,0.;                         967P   1711
126,1,1,0,0,1,0,0.,0.,0.25,0.25,1.,1.,-27.6812491677796,             969P   1712
31.3826397203621,5.00000000000001,-27.6812491677796,                 969P   1713
31.3826397203621,2.50000000000001,0.,0.25,0.,0.,0.;                  969P   1714
126,2,2,0,0,0,0,-1.5707963267949,-1.5707963267949,                   971P   1715
-1.5707963267949,0.,0.,0.,1.,0.707106781186546,1.,                   971P   1716
-30.4312491677796,34.1326397203621,2.50000000000001,                 971P   1717
-27.6812491677796,34.1326397203621,2.50000000000001,                 971P   1718
-27.6812491677796,31.3826397203621,2.50000000000001,                 971P   1719
-1.5707963267949,0.,0.,0.,0.;                                        971P   1720
126,1,1,0,0,1,0,-0.25,-0.25,1.,1.,1.,1.,-30.4312491677796,           973P   1721
34.1326397203621,2.50000000000001,-30.4312491677796,                 973P   1722
34.1326397203621,15.,-0.25,1.,0.,0.,0.;                              973P   1723
126,1,1,0,0,1,0,0.00258402135798574,0.00258402135798574,0.625,       975P   1724
0.625,1.,1.,-36.6554089541997,34.1326397203621,2.50000000000001,     975P   1725
-30.4312491677796,34.1326397203621,2.50000000000001,                 975P   1726
0.00258402135798574,0.625,0.,0.,0.;                                  975P   1727
126,1,1,0,0,1,0,-0.5,-0.5,-0.25,-0.25,1.,1.,-36.6554089541998,       977P   1728
34.1326397203621,5.00000000000001,-36.6554089541998,                 977P   1729
34.1326397203621,2.50000000000001,-0.5,-0.25,0.,0.,0.;               977P   1730
126,1,1,0,0,1,0,0.25,0.25,0.5,0.5,1.,1.,-36.6554089542319,           979P   1731
28.6327004222094,2.50000000000001,-36.6554089542319,                 979P   1732
28.6327004222094,5.00000000000001,0.25,0.5,0.,0.,0.;                 979P   1733
126,1,1,0,0,1,0,0.,0.,0.622415978645252,0.622415978645252,1.,1.,     981P   1734
-30.4312491677796,28.6327004222094,2.50000000000001,                 981P   1735
-36.6554089542321,28.6327004222094,2.50000000000001,0.,              981P   1736
0.622415978645252,0.,0.,0.;                                          981P   1737
126,1,1,0,0,1,0,0.,0.,0.25,0.25,1.,1.,-30.4312491677796,             983P   1738
28.6327004222094,5.00000000000001,-30.4312491677796,                 983P   1739
28.6327004222094,2.50000000000001,0.,0.25,0.,0.,0.;                  983P   1740
126,2,2,0,0,0,0,-1.57077425339587,-1.57077425339587,                 985P   1741
-1.57077425339587,0.,0.,0.,1.,0.707114585268551,1.,                  985P   1742
-27.6812491684495,31.3826397203621,2.50000000000001,                 985P   1743
-27.681309868957,28.6327004222094,2.50000000000001,                  985P   1744
-30.4312491677796,28.6327004222094,2.50000000000001,                 985P   1745
-1.57077425339587,0.,0.,0.,0.;                                       985P   1746
126,2,2,0,0,0,0,3.14159265358979,3.14159265358979,                   987P   1747
3.14159265358979,4.70769074246128,4.70769074246128,                  987P   1748
4.70769074246128,1.,0.708765906572494,1.,-33.9183290609895,          987P   1749
31.3826700712858,2.50000000000001,-33.9183290609895,                 987P   1750
28.6455599693816,2.50000000000001,-36.6554089542321,                 987P   1751
28.6327004222094,2.50000000000001,3.14159265358979,                  987P   1752
4.70769074246128,0.,0.,0.;                                           987P   1753
126,2,2,0,0,0,0,1.57549456473008,1.57549456473008,                   989P   1754
1.57549456473008,3.14159265358979,3.14159265358979,                  989P   1755
3.14159265358979,1.,0.708765906576645,1.,-36.6554089541997,          989P   1756
34.1326397203621,2.50000000000001,-33.9183290609895,                 989P   1757
34.1197801731579,2.50000000000001,-33.9183290609895,                 989P   1758
31.3826700712858,2.50000000000001,1.57549456473008,                  989P   1759
3.14159265358979,0.,0.,0.;                                           989P   1760
126,1,1,0,0,1,0,-0.90909090909091,-0.90909090909091,                 991P   1761
1.2106288391252D-16,1.2106288391252D-16,1.,1.,-33.9183290609895,     991P   1762
31.3826700712858,2.50000000000001,-33.9183290609895,                 991P   1763
31.3826700712858,7.43863824161667D-15,-0.90909090909091,             991P   1764
1.2106288391252D-16,0.,0.,0.;                                        991P   1765
126,8,2,0,1,0,0,-3.14159265358979,-3.14159265358979,                 993P   1766
-3.14159265358979,-1.5707963267949,-1.5707963267949,0.,0.,           993P   1767
1.5707963267949,1.5707963267949,3.14159265358979,                    993P   1768
3.14159265358979,3.14159265358979,1.,0.70710678118655,1.,            993P   1769
0.70710678118655,1.,0.70710678118655,1.,0.70710678118655,1.,         993P   1770
-33.9183290609895,31.3826700712858,7.99424243300461D-15,             993P   1771
-33.9183290609895,34.1326700712858,8.20478851383711D-15,             993P   1772
-36.6683290609895,34.1326700712858,7.9821072532086D-15,              993P   1773
-39.4183290609895,34.1326700712858,7.75942599258009D-15,             993P   1774
-39.4183290609895,31.3826700712858,7.54887991174759D-15,             993P   1775
-39.4183290609895,28.6326700712858,7.33833383091509D-15,             993P   1776
-36.6683290609895,28.6326700712858,7.5610150915436D-15,              993P   1777
-33.9183290609895,28.6326700712858,7.78369635217211D-15,             993P   1778
-33.9183290609895,31.3826700712858,7.99424243300461D-15,             993P   1779
-3.14159265358979,3.14159265358979,0.,0.,0.;                         993P   1780
126,1,1,0,0,1,0,-2.85714285714286,-2.85714285714286,                 995P   1781
1.2106288391252D-16,1.2106288391252D-16,1.,1.,-34.9183290609895,     995P   1782
31.3826700712858,5.00000000000001,-34.9183290609895,                 995P   1783
31.3826700712858,7.55970112552919D-15,-2.85714285714286,             995P   1784
1.2106288391252D-16,0.,0.,0.;                                        995P   1785
126,8,2,0,1,0,0,-3.14159265358979,-3.14159265358979,                 997P   1786
-3.14159265358979,-1.5707963267949,-1.5707963267949,0.,0.,           997P   1787
1.5707963267949,1.5707963267949,3.14159265358979,                    997P   1788
3.14159265358979,3.14159265358979,1.,0.707106781186543,1.,           997P   1789
0.707106781186543,1.,0.707106781186543,1.,0.707106781186543,1.,      997P   1790
-34.9183290609895,31.3826700712858,7.9132674291397D-15,              997P   1791
-34.9183290609895,29.6326700712858,7.77928355951901D-15,             997P   1792
-36.6683290609895,29.6326700712858,7.63757730275542D-15,             997P   1793
-38.4183290609895,29.6326700712858,7.49587104599182D-15,             997P   1794
-38.4183290609895,31.3826700712858,7.6298549156125D-15,              997P   1795
-38.4183290609895,33.1326700712858,7.76383878523319D-15,             997P   1796
-36.6683290609895,33.1326700712858,7.90554504199678D-15,             997P   1797
-34.9183290609895,33.1326700712858,8.04725129876038D-15,             997P   1798
-34.9183290609895,31.3826700712858,7.9132674291397D-15,              997P   1799
-3.14159265358979,3.14159265358979,0.,0.,0.;                         997P   1800
128,1,1,1,1,0,0,1,0,0,2.6541035618813,2.6541035618813,               999P   1801
3.52920168632644,3.52920168632644,-0.001,-0.001,0.251,0.251,1.,      999P   1802
1.,1.,1.,-19.4087662328368,-9.4078053511998,25.01,                   999P   1803
-10.6577849883853,-9.4078053511998,25.01,-19.4087662328368,          999P   1804
-9.4078053511998,22.49,-10.6577849883853,-9.4078053511998,22.49,     999P   1805
2.6541035618813,3.52920168632644,-0.001,0.251;                       999P   1806
128,1,1,1,1,0,0,1,0,0,-0.001,-0.001,3.07260730652175,               1001P   1807
3.07260730652175,-0.001,-0.001,0.251,0.251,1.,1.,1.,1.,             1001P   1808
15.8832506304276,9.64045234173361,25.01,15.8832506304276,           1001P   1809
40.3765254069511,25.01,15.8832506304276,9.64045234173361,22.49,     1001P   1810
15.8832506304276,40.3765254069511,22.49,-0.001,3.07260730652175,    1001P   1811
-0.001,0.251;                                                       1001P   1812
128,1,1,1,1,0,0,1,0,0,-0.001,-0.001,4.77893457078665,               1003P   1813
4.77893457078665,-0.001,-0.001,0.251,0.251,1.,1.,1.,1.,             1003P   1814
-19.3987662328367,38.3815403566667,25.01,-19.3987662328368,         1003P   1815
-9.4178053511998,25.01,-19.3987662328368,38.3815403566667,22.49,    1003P   1816
-19.3987662328368,-9.4178053511998,22.49,-0.001,                    1003P   1817
4.77893457078665,-0.001,0.251;                                      1003P   1818
128,1,1,1,1,0,0,1,0,0,4.00293675361577,4.00293675361577,            1005P   1819
4.97843307581509,4.97843307581509,-0.001,-0.001,0.251,0.251,1.,     1005P   1820
1.,1.,1.,15.8832506304276,-9.41780535119981,25.01,                  1005P   1821
15.8832506304276,0.337157870793376,25.01,15.8832506304276,          1005P   1822
-9.41780535119981,22.49,15.8832506304276,0.337157870793376,         1005P   1823
22.49,4.00293675361577,4.97843307581509,-0.001,0.251;               1005P   1824
128,1,1,1,1,0,0,1,0,0,-1.76510084316322,-1.76510084316322,          1007P   1825
1.76510084316322,1.76510084316322,-2.48971653790754,                1007P   1826
-2.48971653790754,2.48971653790754,2.48971653790754,1.,1.,1.,1.,    1007P   1827
15.8932506304276,40.3765254069511,22.5,-19.4087662328368,           1007P   1828
40.3765254069511,22.5,15.8932506304276,-9.4178053511998,22.5,       1007P   1829
-19.4087662328368,-9.4178053511998,22.5,-1.76510084316322,          1007P   1830
1.76510084316322,-2.48971653790754,2.48971653790754;                1007P   1831
128,1,1,1,1,0,0,1,0,0,-0.001,-0.001,1.85144595212321,               1009P   1832
1.85144595212321,0.249,0.249,0.301,0.301,1.,1.,1.,1.,               1009P   1833
-6.45743038346272,2.694353332812,22.51,12.0670291377694,            1009P   1834
2.694353332812,22.51,-6.45743038346272,2.694353332812,21.99,        1009P   1835
12.0670291377694,2.694353332812,21.99,-0.001,1.85144595212321,      1009P   1836
0.249,0.301;                                                        1009P   1837
128,1,1,1,1,0,0,1,0,0,-0.001,-0.001,2.30574705414149,               1011P   1838
2.30574705414149,0.249,0.249,0.301,0.301,1.,1.,1.,1.,               1011P   1839
12.0570291377694,2.684353332812,22.51,12.0570291377694,             1011P   1840
25.7518238742269,22.51,12.0570291377694,2.684353332812,21.99,       1011P   1841
12.0570291377694,25.7518238742269,21.99,-0.001,2.30574705414149,    1011P   1842
0.249,0.301;                                                        1011P   1843
128,1,2,1,2,0,0,0,0,0,0.,0.,1.2,1.2,-0.785398163397448,             1013P   1844
-0.785398163397448,-0.785398163397448,0.785398163397448,            1013P   1845
0.785398163397448,0.785398163397448,1.,1.,0.707106781186548,        1013P   1846
0.707106781186548,1.,1.,-19.4503055121872,37.8665254069511,22.,     1013P   1847
-19.4503055121872,37.8665254069511,25.,-19.4503055121872,           1013P   1848
40.3665254069511,22.,-19.4503055121872,40.3665254069511,25.,        1013P   1849
-16.9503055121872,40.3665254069511,22.,-16.9503055121872,           1013P   1850
40.3665254069511,25.,0.,1.2,-0.785398163397448,                     1013P   1851
0.785398163397448;                                                  1013P   1852
128,1,1,1,1,0,0,1,0,0,0.249,0.249,4.20954439376769,                 1015P   1853
4.20954439376769,-0.001,-0.001,0.301,0.301,1.,1.,1.,1.,             1015P   1854
-16.9603055121872,40.3665254069511,25.01,22.6451384254897,          1015P   1855
40.3665254069511,25.01,-16.9603055121872,40.3665254069511,21.99,    1015P   1856
22.6451384254897,40.3665254069511,21.99,0.249,4.20954439376769,     1015P   1857
-0.001,0.301;                                                       1015P   1858
128,1,1,1,1,0,0,1,0,0,-5.06049187663834,-5.06049187663834,          1017P   1859
-3.14117796914162,-3.14117796914162,-0.38498553356642,              1017P   1860
-0.38498553356642,2.68862177295533,2.68862177295533,1.,1.,1.,1.,    1017P   1861
35.0663897053948,40.3765254069511,25.,15.8732506304276,             1017P   1862
40.3765254069511,25.,35.0663897053948,9.64045234173361,25.,         1017P   1863
15.8732506304276,9.64045234173361,25.,-5.06049187663834,            1017P   1864
-3.14117796914162,-0.38498553356642,2.68862177295533;               1017P   1865
128,1,1,1,1,0,0,1,0,0,-5.70375550988397,-5.70375550988397,          1019P   1866
-3.14117796914162,-3.14117796914162,3.61895122004935,               1019P   1867
3.61895122004935,5.91153687858974,5.91153687858974,1.,1.,1.,1.,     1019P   1868
41.4990260378512,0.337157870793372,25.,15.8732506304276,            1019P   1869
0.337157870793372,25.,41.4990260378512,-22.5886987146105,25.,       1019P   1870
15.8732506304276,-22.5886987146105,25.,-5.70375550988397,           1019P   1871
-3.14117796914162,3.61895122004935,5.91153687858974;                1019P   1872
128,1,8,1,2,0,1,0,0,1,-1.16663339721533,-1.16663339721533,          1021P   1873
-0.777755598143475,-0.777755598143475,-3.14159265358979,            1021P   1874
-3.14159265358979,-3.14159265358979,-1.5707963267949,               1021P   1875
-1.5707963267949,0.,0.,1.5707963267949,1.5707963267949,             1021P   1876
3.14159265358979,3.14159265358979,3.14159265358979,1.,1.,           1021P   1877
0.707106781186548,0.707106781186548,1.,1.,0.707106781186548,        1021P   1878
0.707106781186548,1.,1.,0.707106781186548,0.707106781186548,1.,     1021P   1879
1.,0.707106781186548,0.707106781186548,1.,1.,-35.0385290609896,     1021P   1880
7.34130966546962,16.,-34.8883139062327,7.09130966546957,16.,        1021P   1881
-35.0385290609896,7.34130966546962,17.5,-34.8883139062327,          1021P   1882
7.09130966546957,17.25,-35.0385290609896,5.84130966546962,17.5,     1021P   1883
-34.8883139062327,5.84130966546962,17.25,-35.0385290609896,         1021P   1884
4.34130966546962,17.5,-34.8883139062327,4.59130966546967,17.25,     1021P   1885
-35.0385290609896,4.34130966546962,16.,-34.8883139062327,           1021P   1886
4.59130966546967,16.,-35.0385290609896,4.34130966546962,14.5,       1021P   1887
-34.8883139062327,4.59130966546967,14.7500000000001,                1021P   1888
-35.0385290609896,5.84130966546962,14.5,-34.8883139062327,          1021P   1889
5.84130966546962,14.7500000000001,-35.0385290609896,                1021P   1890
7.34130966546962,14.5,-34.8883139062327,7.09130966546957,           1021P   1891
14.7500000000001,-35.0385290609896,7.34130966546962,16.,            1021P   1892
-34.8883139062327,7.09130966546957,16.,-1.16663339721533,           1021P   1893
-0.777755598143475,-3.14159265358979,3.14159265358979;              1021P   1894
128,1,8,1,2,0,1,0,0,1,-0.999850967465082,-0.999850967465082,        1023P   1895
2.33333333333333,2.33333333333333,-3.14159265358979,                1023P   1896
-3.14159265358979,-3.14159265358979,-1.5707963267949,               1023P   1897
-1.5707963267949,0.,0.,1.5707963267949,1.5707963267949,             1023P   1898
3.14159265358979,3.14159265358979,3.14159265358979,1.,1.,           1023P   1899
0.707106781186548,0.707106781186548,1.,1.,0.707106781186548,        1023P   1900
0.707106781186548,1.,1.,0.707106781186548,0.707106781186548,1.,     1023P   1901
1.,0.707106781186548,0.707106781186548,1.,1.,-40.0383055121872,     1023P   1902
7.34130966546962,16.,-35.0385290609896,7.34130966546962,16.,        1023P   1903
-40.0383055121872,7.34130966546962,17.5,-35.0385290609896,          1023P   1904
7.34130966546962,17.5,-40.0383055121872,5.84130966546962,17.5,      1023P   1905
-35.0385290609896,5.84130966546962,17.5,-40.0383055121872,          1023P   1906
4.34130966546962,17.5,-35.0385290609896,4.34130966546962,17.5,      1023P   1907
-40.0383055121872,4.34130966546962,16.,-35.0385290609896,           1023P   1908
4.34130966546962,16.,-40.0383055121872,4.34130966546962,14.5,       1023P   1909
-35.0385290609896,4.34130966546962,14.5,-40.0383055121872,          1023P   1910
5.84130966546962,14.5,-35.0385290609896,5.84130966546962,14.5,      1023P   1911
-40.0383055121872,7.34130966546962,14.5,-35.0385290609896,          1023P   1912
7.34130966546962,14.5,-40.0383055121872,7.34130966546962,16.,       1023P   1913
-35.0385290609896,7.34130966546962,16.,-0.999850967465082,          1023P   1914
2.33333333333333,-3.14159265358979,3.14159265358979;                1023P   1915
128,1,8,1,2,0,1,0,0,1,4.11999328476361,4.11999328476361,7.6,7.6,    1025P   1916
-3.14159265358979,-3.14159265358979,-3.14159265358979,              1025P   1917
-1.5707963267949,-1.5707963267949,0.,0.,1.5707963267949,            1025P   1918
1.5707963267949,3.14159265358979,3.14159265358979,                  1025P   1919
3.14159265358979,1.,1.,0.707106781186548,0.707106781186548,1.,      1025P   1920
1.,0.707106781186548,0.707106781186548,1.,1.,0.707106781186548,     1025P   1921
0.707106781186548,1.,1.,0.707106781186548,0.707106781186548,1.,     1025P   1922
1.,-34.8883139062327,7.09130966546955,16.,-30.5383055121872,        1025P   1923
7.09130966546955,16.,-34.8883139062327,7.09130966546955,17.25,      1025P   1924
-30.5383055121872,7.09130966546955,17.25,-34.8883139062327,         1025P   1925
5.84130966546955,17.25,-30.5383055121872,5.84130966546955,17.25,    1025P   1926
-34.8883139062327,4.59130966546955,17.25,-30.5383055121872,         1025P   1927
4.59130966546955,17.25,-34.8883139062327,4.59130966546955,16.,      1025P   1928
-30.5383055121872,4.59130966546955,16.,-34.8883139062327,           1025P   1929
4.59130966546955,14.75,-30.5383055121872,4.59130966546955,14.75,    1025P   1930
-34.8883139062327,5.84130966546955,14.75,-30.5383055121872,         1025P   1931
5.84130966546955,14.75,-34.8883139062327,7.09130966546955,14.75,    1025P   1932
-30.5383055121872,7.09130966546955,14.75,-34.8883139062327,         1025P   1933
7.09130966546955,16.,-30.5383055121872,7.09130966546955,16.,        1025P   1934
4.11999328476361,7.6,-3.14159265358979,3.14159265358979;            1025P   1935
128,1,1,1,1,0,0,1,0,0,-0.126,-0.126,0.126,0.126,-0.126,-0.126,      1027P   1936
0.126,0.126,1.,1.,1.,1.,-30.5383055121872,7.10130966546955,         1027P   1937
14.74,-30.5383055121872,4.58130966546955,14.74,                     1027P   1938
-30.5383055121872,7.10130966546955,17.26,-30.5383055121872,         1027P   1939
4.58130966546955,17.26,-0.126,0.126,-0.126,0.126;                   1027P   1940
128,1,1,1,1,0,0,1,0,0,-0.001,-0.001,0.501,0.501,-0.001,-0.001,      1029P   1941
2.0598,2.0598,1.,1.,1.,1.,-19.4403055121872,3.33130966546955,       1029P   1942
18.5,-19.4403055121872,8.35130966546955,18.5,-40.0483055121872,     1029P   1943
3.33130966546955,18.5,-40.0483055121872,8.35130966546955,18.5,      1029P   1944
-0.001,0.501,-0.001,2.0598;                                         1029P   1945
128,1,1,1,1,0,0,1,0,0,-0.251,-0.251,0.251,0.251,-0.251,-0.251,      1031P   1946
0.251,0.251,1.,1.,1.,1.,-40.0383055121872,3.33130966546955,         1031P   1947
13.49,-40.0383055121872,3.33130966546955,18.51,                     1031P   1948
-40.0383055121872,8.35130966546955,13.49,-40.0383055121872,         1031P   1949
8.35130966546955,18.51,-0.251,0.251,-0.251,0.251;                   1031P   1950
128,1,1,1,1,0,0,1,0,0,0.598168458843421,0.598168458843421,          1033P   1951
4.72843307581509,4.72843307581509,-0.001,-0.001,0.651,0.651,1.,     1033P   1952
1.,1.,1.,-19.4503055121872,-3.4261207627656,25.01,                  1033P   1953
-19.4503055121872,37.8765254069511,25.01,-19.4503055121872,         1033P   1954
-3.4261207627656,18.49,-19.4503055121872,37.8765254069511,18.49,    1033P   1955
0.598168458843421,4.72843307581509,-0.001,0.651;                    1033P   1956
128,1,1,1,1,0,0,1,0,0,-0.566685424949238,-0.566685424949238,        1035P   1957
0.566685424949238,0.566685424949238,-0.376,-0.376,0.126,0.126,      1035P   1958
1.,1.,1.,1.,-9.44323444437534,3.33130966546955,21.5070710678119,    1035P   1959
-17.4573765799991,3.33130966546955,13.4929289321881,                1035P   1960
-9.44323444437534,8.35130966546955,21.5070710678119,                1035P   1961
-17.4573765799991,8.35130966546955,13.4929289321881,                1035P   1962
-0.566685424949238,0.566685424949238,-0.376,0.126;                  1035P   1963
128,1,1,1,1,0,0,1,0,0,0.299,0.299,2.5598,2.5598,-0.251,-0.251,      1037P   1964
0.251,0.251,1.,1.,1.,1.,-17.4403055121872,3.33130966546955,13.5,    1037P   1965
-40.0483055121872,3.33130966546955,13.5,-17.4403055121872,          1037P   1966
8.35130966546955,13.5,-40.0483055121872,8.35130966546955,13.5,      1037P   1967
0.299,2.5598,-0.251,0.251;                                          1037P   1968
128,1,1,1,1,0,0,1,0,0,-0.001,-0.001,3.0598,3.0598,-0.001,-0.001,    1039P   1969
0.851,0.851,1.,1.,1.,1.,-9.4403055121872,3.34130966546955,22.01,    1039P   1970
-40.0483055121872,3.34130966546955,22.01,-9.4403055121872,          1039P   1971
3.34130966546955,13.49,-40.0483055121872,3.34130966546955,13.49,    1039P   1972
-0.001,3.0598,-0.001,0.851;                                         1039P   1973
128,1,1,1,1,0,0,1,0,0,-0.00100000000000011,-0.00100000000000011,    1041P   1974
0.501,0.501,-0.001,-0.001,0.0509999999999998,0.0509999999999998,    1041P   1975
1.,1.,1.,1.,-9.4503055121872,8.35130966546955,22.01,                1041P   1976
-9.4503055121872,3.33130966546955,22.01,-9.4503055121872,           1041P   1977
8.35130966546955,21.49,-9.4503055121872,3.33130966546955,21.49,     1041P   1978
-0.00100000000000011,0.501,-0.001,0.0509999999999998;               1041P   1979
128,1,1,1,1,0,0,1,0,0,-2.0598,-2.0598,1.001,1.001,-0.001,-0.001,    1043P   1980
0.851,0.851,1.,1.,1.,1.,-40.0483055121872,8.34130966546955,         1043P   1981
22.01,-9.4403055121872,8.34130966546955,22.01,-40.0483055121872,    1043P   1982
8.34130966546955,13.49,-9.4403055121872,8.34130966546955,13.49,     1043P   1983
-2.0598,1.001,-0.001,0.851;                                         1043P   1984
128,1,1,1,1,0,0,1,0,0,-1.5094526354835,-1.5094526354835,            1045P   1985
5.91384540319496,5.91384540319496,-0.642181322424562,               1045P   1986
-0.642181322424562,6.16422977732291,6.16422977732291,1.,1.,1.,      1045P   1987
1.,-32.7339543489334,40.3765254069511,22.,41.4990260378512,         1045P   1988
40.3765254069511,22.,-32.7339543489334,-27.6875855905236,22.,       1045P   1989
41.4990260378512,-27.6875855905236,22.,-1.5094526354835,            1045P   1990
5.91384540319496,-0.642181322424562,6.16422977732291;               1045P   1991
128,1,2,1,2,0,0,0,0,0,-0.176470588235294,-0.176470588235294,        1047P   1992
0.176470588235294,0.176470588235294,-0.314206790106921,             1047P   1993
-0.314206790106921,-0.314206790106921,0.314206790106921,            1047P   1994
0.314206790106921,0.314206790106921,1.,1.,0.951041829266363,        1047P   1995
0.951041829266363,1.,1.,-19.4503055121872,-3.4161207627656,25.,     1047P   1996
-19.4503055121872,-3.4161207627656,22.,-19.4503055121872,           1047P   1997
-6.17838479522931,25.,-19.4503055121872,-6.17838479522931,22.,      1047P   1998
-21.0741359749439,-8.41294900627045,25.,-21.0741359749439,          1047P   1999
-8.41294900627045,22.,-0.176470588235294,0.176470588235294,         1047P   2000
-0.314206790106921,0.314206790106921;                               1047P   2001
128,1,2,1,2,0,0,0,0,0,-0.176470588235294,-0.176470588235294,        1049P   2002
0.176470588235295,0.176470588235295,-0.442245312336639,             1049P   2003
-0.442245312336639,-0.442245312336639,0.442245312336639,            1049P   2004
0.442245312336639,0.442245312336639,1.,1.,0.90379301626897,         1049P   2005
0.90379301626897,1.,1.,25.1351384254896,-0.902774941678854,22.,     1049P   2006
25.1351384254896,-0.902774941678854,25.,25.1351384254896,           1049P   2007
-4.9277492139627,22.,25.1351384254896,-4.9277492139627,25.,         1049P   2008
28.2488275491281,-7.47830953159541,22.,28.2488275491281,            1049P   2009
-7.47830953159541,25.,-0.176470588235294,0.176470588235295,         1049P   2010
-0.442245312336639,0.442245312336639;                               1049P   2011
128,1,1,1,1,0,0,1,0,0,0.049,0.049,0.0739932812472228,               1051P   2012
0.0739932812472228,-0.001,-0.001,0.301,0.301,1.,1.,1.,1.,           1051P   2013
25.1351384254896,-0.662842129206625,25.01,25.1351384254896,         1051P   2014
-0.912774941678853,25.01,25.1351384254896,-0.662842129206625,       1051P   2015
21.99,25.1351384254896,-0.912774941678853,21.99,0.049,              1051P   2016
0.0739932812472228,-0.001,0.301;                                    1051P   2017
128,1,2,1,2,0,0,0,0,0,-0.176470588235295,-0.176470588235295,        1053P   2018
0.176470588235294,0.176470588235294,-0.343152851060809,             1053P   2019
-0.343152851060809,-0.343152851060809,0.343152851060809,            1053P   2020
0.343152851060809,0.343152851060809,1.,1.,0.941698546429818,        1053P   2021
0.941698546429818,1.,1.,18.8879698786068,-9.4078053511998,25.,      1053P   2022
18.8879698786068,-9.4078053511998,22.,21.9249197244648,             1053P   2023
-9.4078053511998,25.,21.9249197244648,-9.4078053511998,22.,         1053P   2024
24.2742807549684,-11.3322707612833,25.,24.2742807549684,            1053P   2025
-11.3322707612833,22.,-0.176470588235295,0.176470588235294,         1053P   2026
-0.343152851060809,0.343152851060809;                               1053P   2027
128,1,1,1,1,0,0,1,0,0,0.623716854688281,0.623716854688281,          1055P   2028
3.5812923413875,3.5812923413875,-0.001,-0.001,0.301,0.301,1.,1.,    1055P   2029
1.,1.,18.8979698786068,-9.4078053511998,25.01,-10.6777849883853,    1055P   2030
-9.4078053511998,25.01,18.8979698786068,-9.4078053511998,21.99,     1055P   2031
-10.6777849883853,-9.4078053511998,21.99,0.623716854688281,         1055P   2032
3.5812923413875,-0.001,0.301;                                       1055P   2033
128,1,2,1,2,0,0,0,0,0,-0.176470588235294,-0.176470588235294,        1057P   2034
0.176470588235295,0.176470588235295,-0.471191373290527,             1057P   2035
-0.471191373290527,-0.471191373290527,0.471191373290527,            1057P   2036
0.471191373290527,0.471191373290527,1.,1.,0.891028098966213,        1057P   2037
0.891028098966213,1.,1.,-10.6677849883853,-9.4078053511998,22.,     1057P   2038
-10.6677849883853,-9.4078053511998,25.,-14.9982424864049,           1057P   2039
-9.4078053511998,22.,-14.9982424864049,-9.4078053511998,25.,        1057P   2040
-17.5439545256286,-12.9109771076949,22.,-17.5439545256286,          1057P   2041
-12.9109771076949,25.,-0.176470588235294,0.176470588235295,         1057P   2042
-0.471191373290527,0.471191373290527;                               1057P   2043
128,1,2,1,2,0,0,0,0,0,0.,0.,6.,6.,-0.785398163397447,               1059P   2044
-0.785398163397447,-0.785398163397447,0.78539816339745,             1059P   2045
0.78539816339745,0.78539816339745,1.,1.,0.707106781186548,          1059P   2046
0.707106781186548,1.,1.,16.3832506304276,-0.172842129206625,25.,    1059P   2047
16.3832506304276,-0.172842129206625,22.,15.8832506304276,           1059P   2048
-0.172842129206626,25.,15.8832506304276,-0.172842129206626,22.,     1059P   2049
15.8832506304276,0.327157870793375,25.,15.8832506304276,            1059P   2050
0.327157870793375,22.,0.,6.,-0.785398163397447,0.78539816339745;    1059P   2051
128,1,1,1,1,0,0,1,0,0,0.049,0.049,0.8761887795062,                  1061P   2052
0.8761887795062,-0.001,-0.001,0.301,0.301,1.,1.,1.,1.,              1061P   2053
16.3732506304276,-0.172842129206625,25.01,24.6451384254896,         1061P   2054
-0.172842129206625,25.01,16.3732506304276,-0.172842129206625,       1061P   2055
21.99,24.6451384254896,-0.172842129206625,21.99,0.049,              1061P   2056
0.8761887795062,-0.001,0.301;                                       1061P   2057
128,1,2,1,2,0,0,0,0,0,0.,0.,6.00000000000001,6.00000000000001,      1063P   2058
-0.785398163397451,-0.785398163397451,-0.785398163397451,           1063P   2059
0.785398163397446,0.785398163397446,0.785398163397446,1.,1.,        1063P   2060
0.707106781186548,0.707106781186548,1.,1.,15.8832506304276,         1063P   2061
9.65045234173361,25.,15.8832506304276,9.65045234173361,22.,         1063P   2062
15.8832506304276,10.1504523417336,25.,15.8832506304276,             1063P   2063
10.1504523417336,22.,16.3832506304276,10.1504523417336,25.,         1063P   2064
16.3832506304276,10.1504523417336,22.,0.,6.00000000000001,          1063P   2065
-0.785398163397451,0.785398163397446;                               1063P   2066
128,1,1,1,1,0,0,1,0,0,0.049,0.049,0.983329447094023,                1065P   2067
0.983329447094023,0.249,0.249,0.301,0.301,1.,1.,1.,1.,              1065P   2068
15.8832506304276,9.66045234173361,22.51,15.8832506304276,           1065P   2069
0.317157870793375,22.51,15.8832506304276,9.66045234173361,21.99,    1065P   2070
15.8832506304276,0.317157870793375,21.99,0.049,                     1065P   2071
0.983329447094023,0.249,0.301;                                      1065P   2072
128,1,2,1,2,0,0,0,0,0,0.,0.,6.00000000000001,6.00000000000001,      1067P   2073
-0.785398163397447,-0.785398163397447,-0.785398163397447,           1067P   2074
0.78539816339745,0.78539816339745,0.78539816339745,1.,1.,           1067P   2075
0.707106781186548,0.707106781186548,1.,1.,24.6351384254896,         1067P   2076
-0.172842129206625,22.,24.6351384254896,-0.172842129206625,25.,     1067P   2077
25.1351384254896,-0.172842129206624,22.,25.1351384254896,           1067P   2078
-0.172842129206624,25.,25.1351384254896,-0.672842129206625,22.,     1067P   2079
25.1351384254896,-0.672842129206625,25.,0.,6.00000000000001,        1067P   2080
-0.785398163397447,0.78539816339745;                                1067P   2081
128,1,1,1,1,0,0,1,0,0,-0.488074407260323,-0.488074407260323,        1069P   2082
1.88120461902553,1.88120461902553,-0.185487028537985,               1069P   2083
-0.185487028537985,6.64388987473892,6.64388987473892,1.,1.,1.,      1069P   2084
1.,-10.6577849883853,38.3815403566667,25.,-34.3505752512438,        1069P   2085
38.3815403566667,25.,-10.6577849883853,-29.9122286761023,25.,       1069P   2086
-34.3505752512438,-29.9122286761023,25.,-0.488074407260323,         1069P   2087
1.88120461902553,-0.185487028537985,6.64388987473892;               1069P   2088
128,1,2,1,2,0,0,0,0,0,0.,0.,6.00000000000001,6.00000000000001,      1071P   2089
-0.785398163397457,-0.785398163397457,-0.785398163397457,           1071P   2090
0.785398163397444,0.785398163397444,0.785398163397444,1.,1.,        1071P   2091
0.707106781186546,0.707106781186546,1.,1.,25.1351384254897,         1071P   2092
10.6504523417336,22.,25.1351384254897,10.6504523417336,25.,         1071P   2093
25.1351384254896,10.1504523417336,22.,25.1351384254896,             1071P   2094
10.1504523417336,25.,24.6351384254896,10.1504523417336,22.,         1071P   2095
24.6351384254896,10.1504523417336,25.,0.,6.00000000000001,          1071P   2096
-0.785398163397457,0.785398163397444;                               1071P   2097
128,1,1,1,1,0,0,1,0,0,1.37840905990615,1.37840905990615,            1073P   2098
2.97260730652175,2.97260730652175,-0.001,-0.001,0.301,0.301,1.,     1073P   2099
1.,1.,1.,25.1351384254896,26.5824348078896,25.01,                   1073P   2100
25.1351384254896,10.6404523417336,25.01,25.1351384254896,           1073P   2101
26.5824348078896,21.99,25.1351384254896,10.6404523417336,21.99,     1073P   2102
1.37840905990615,2.97260730652175,-0.001,0.301;                     1073P   2103
128,1,4,1,2,0,0,0,0,0,-0.500000000000001,-0.500000000000001,0.5,    1075P   2104
0.5,-1.02528383081413,-1.02528383081413,-1.02528383081413,          1075P   2105
2.22044604925031D-16,2.22044604925031D-16,1.02528383081413,         1075P   2106
1.02528383081413,1.02528383081413,1.,1.,0.871451740403075,          1075P   2107
0.871451740403075,1.,1.,0.871451740403075,0.871451740403075,1.,     1075P   2108
1.,25.1351384254896,26.5724348078896,25.,25.1351384254896,          1075P   2109
26.5724348078896,22.,25.1351384254896,28.2609319499109,25.,         1075P   2110
25.1351384254896,28.2609319499109,22.,26.5785696103804,             1075P   2111
29.1370192818013,25.,26.5785696103804,29.1370192818013,22.,         1075P   2112
28.0220007952711,30.0131066136918,25.,28.0220007952711,             1075P   2113
30.0131066136918,22.,29.5198674413758,29.2337362850926,25.,         1075P   2114
29.5198674413758,29.2337362850926,22.,-0.500000000000001,0.5,       1075P   2115
-1.02528383081413,1.02528383081413;                                 1075P   2116
128,1,2,1,2,0,0,0,0,0,0.,0.,1.2,1.2,-0.785398163397448,             1077P   2117
-0.785398163397448,-0.785398163397448,0.785398163397448,            1077P   2118
0.785398163397448,0.785398163397448,1.,1.,0.707106781186548,        1077P   2119
0.707106781186548,1.,1.,22.6351384254896,40.3665254069511,22.,      1077P   2120
22.6351384254896,40.3665254069511,25.,25.1351384254896,             1077P   2121
40.3665254069511,22.,25.1351384254896,40.3665254069511,25.,         1077P   2122
25.1351384254896,37.8665254069511,22.,25.1351384254896,             1077P   2123
37.8665254069511,25.,0.,1.2,-0.785398163397448,                     1077P   2124
0.785398163397448;                                                  1077P   2125
128,1,1,1,1,0,0,1,0,0,0.249,0.249,0.266135186702401,                1079P   2126
0.266135186702401,-0.001,-0.001,0.301,0.301,1.,1.,1.,1.,            1079P   2127
25.1351384254896,37.8765254069511,25.01,25.1351384254896,           1079P   2128
37.7051735399271,25.01,25.1351384254896,37.8765254069511,21.99,     1079P   2129
25.1351384254896,37.7051735399271,21.99,0.249,0.266135186702401,    1079P   2130
-0.001,0.301;                                                       1079P   2131
128,1,8,1,2,0,1,0,0,1,0.,0.,2.,2.,-3.14159265358979,                1081P   2132
-3.14159265358979,-3.14159265358979,-1.5707963267949,               1081P   2133
-1.5707963267949,0.,0.,1.5707963267949,1.5707963267949,             1081P   2134
3.14159265358979,3.14159265358979,3.14159265358979,1.,1.,           1081P   2135
0.707106781186548,0.707106781186548,1.,1.,0.707106781186548,        1081P   2136
0.707106781186548,1.,1.,0.707106781186548,0.707106781186548,1.,     1081P   2137
1.,0.707106781186548,0.707106781186548,1.,1.,22.9614709390115,      1081P   2138
36.5266700712858,25.,22.9614709390115,36.5266700712858,22.,         1081P   2139
22.9614709390115,35.0266700712858,25.,22.9614709390115,             1081P   2140
35.0266700712858,22.,21.4614709390115,35.0266700712858,25.,         1081P   2141
21.4614709390115,35.0266700712858,22.,19.9614709390115,             1081P   2142
35.0266700712858,25.,19.9614709390115,35.0266700712858,22.,         1081P   2143
19.9614709390115,36.5266700712858,25.,19.9614709390115,             1081P   2144
36.5266700712858,22.,19.9614709390115,38.0266700712858,25.,         1081P   2145
19.9614709390115,38.0266700712858,22.,21.4614709390115,             1081P   2146
38.0266700712858,25.,21.4614709390115,38.0266700712858,22.,         1081P   2147
22.9614709390115,38.0266700712858,25.,22.9614709390115,             1081P   2148
38.0266700712858,22.,22.9614709390115,36.5266700712858,25.,         1081P   2149
22.9614709390115,36.5266700712858,22.,0.,2.,-3.14159265358979,      1081P   2150
3.14159265358979;                                                   1081P   2151
128,1,8,1,2,0,1,0,0,1,0.,0.,2.,2.,-3.14159265358979,                1083P   2152
-3.14159265358979,-3.14159265358979,-1.5707963267949,               1083P   2153
-1.5707963267949,0.,0.,1.5707963267949,1.5707963267949,             1083P   2154
3.14159265358979,3.14159265358979,3.14159265358979,1.,1.,           1083P   2155
0.707106781186548,0.707106781186548,1.,1.,0.707106781186548,        1083P   2156
0.707106781186548,1.,1.,0.707106781186548,0.707106781186548,1.,     1083P   2157
1.,0.707106781186548,0.707106781186548,1.,1.,22.9614709390102,      1083P   2158
-5.47332992871419,25.,22.9614709390102,-5.47332992871419,22.,       1083P   2159
22.9614709390102,-6.97332992871419,25.,22.9614709390102,            1083P   2160
-6.97332992871419,22.,21.4614709390102,-6.97332992871419,25.,       1083P   2161
21.4614709390102,-6.97332992871419,22.,19.9614709390102,            1083P   2162
-6.97332992871419,25.,19.9614709390102,-6.97332992871419,22.,       1083P   2163
19.9614709390102,-5.47332992871419,25.,19.9614709390102,            1083P   2164
-5.47332992871419,22.,19.9614709390102,-3.97332992871419,25.,       1083P   2165
19.9614709390102,-3.97332992871419,22.,21.4614709390102,            1083P   2166
-3.97332992871419,25.,21.4614709390102,-3.97332992871419,22.,       1083P   2167
22.9614709390102,-3.97332992871419,25.,22.9614709390102,            1083P   2168
-3.97332992871419,22.,22.9614709390102,-5.47332992871419,25.,       1083P   2169
22.9614709390102,-5.47332992871419,22.,0.,2.,-3.14159265358979,     1083P   2170
3.14159265358979;                                                   1083P   2171
128,1,8,1,2,0,1,0,0,1,1.66666666666667,1.66666666666667,2.,2.,      1085P   2172
-3.14159265358979,-3.14159265358979,-3.14159265358979,              1085P   2173
-1.5707963267949,-1.5707963267949,0.,0.,1.5707963267949,            1085P   2174
1.5707963267949,3.14159265358979,3.14159265358979,                  1085P   2175
3.14159265358979,1.,1.,0.707106781186548,0.707106781186548,1.,      1085P   2176
1.,0.707106781186548,0.707106781186548,1.,1.,0.707106781186548,     1085P   2177
0.707106781186548,1.,1.,0.707106781186548,0.707106781186548,1.,     1085P   2178
1.,-14.0385290609898,-5.47332992871306,22.5,-14.0385290609898,      1085P   2179
-5.47332992871306,22.,-14.0385290609898,-6.97332992871306,22.5,     1085P   2180
-14.0385290609898,-6.97332992871306,22.,-15.5385290609898,          1085P   2181
-6.97332992871306,22.5,-15.5385290609898,-6.97332992871306,22.,     1085P   2182
-17.0385290609898,-6.97332992871306,22.5,-17.0385290609898,         1085P   2183
-6.97332992871306,22.,-17.0385290609898,-5.47332992871306,22.5,     1085P   2184
-17.0385290609898,-5.47332992871306,22.,-17.0385290609898,          1085P   2185
-3.97332992871306,22.5,-17.0385290609898,-3.97332992871306,22.,     1085P   2186
-15.5385290609898,-3.97332992871306,22.5,-15.5385290609898,         1085P   2187
-3.97332992871306,22.,-14.0385290609898,-3.97332992871306,22.5,     1085P   2188
-14.0385290609898,-3.97332992871306,22.,-14.0385290609898,          1085P   2189
-5.47332992871306,22.5,-14.0385290609898,-5.47332992871306,22.,     1085P   2190
1.66666666666667,2.,-3.14159265358979,3.14159265358979;             1085P   2191
128,1,1,1,1,0,0,1,0,0,-0.001,-0.001,2.30574705414149,               1087P   2192
2.30574705414149,0.249,0.249,0.301,0.301,1.,1.,1.,1.,               1087P   2193
-6.44743038346272,25.7518238742269,22.51,-6.44743038346272,         1087P   2194
2.684353332812,22.51,-6.44743038346272,25.7518238742269,21.99,      1087P   2195
-6.44743038346272,2.684353332812,21.99,-0.001,2.30574705414149,     1087P   2196
0.249,0.301;                                                        1087P   2197
128,1,1,1,1,0,0,1,0,0,-0.00100000000000022,-0.00100000000000022,    1089P   2198
1.85144595212321,1.85144595212321,0.249,0.249,0.301,0.301,1.,1.,    1089P   2199
1.,1.,12.0670291377694,25.7418238742269,22.51,-6.45743038346271,    1089P   2200
25.7418238742269,22.51,12.0670291377694,25.7418238742269,21.99,     1089P   2201
-6.45743038346271,25.7418238742269,21.99,-0.00100000000000022,      1089P   2202
1.85144595212321,0.249,0.301;                                       1089P   2203
128,1,1,1,1,0,0,1,0,0,0.0489999999999998,0.0489999999999998,        1091P   2204
0.8761887795062,0.8761887795062,-0.001,-0.001,0.301,0.301,1.,1.,    1091P   2205
1.,1.,24.6451384254896,10.1504523417336,25.01,16.3732506304276,     1091P   2206
10.1504523417336,25.01,24.6451384254896,10.1504523417336,21.99,     1091P   2207
16.3732506304276,10.1504523417336,21.99,0.0489999999999998,         1091P   2208
0.8761887795062,-0.001,0.301;                                       1091P   2209
128,1,1,1,1,0,0,1,0,0,0.562221130879835,0.562221130879835,          1093P   2210
2.54594736506903,2.54594736506903,-0.001,-0.001,0.301,0.301,1.,     1093P   2211
1.,1.,1.,-21.068257353481,-8.40485939505017,21.99,                  1093P   2212
-32.7298329703964,-24.4524333971231,21.99,-21.068257353481,         1093P   2213
-8.40485939505017,25.01,-32.7298329703964,-24.4524333971231,        1093P   2214
25.01,0.562221130879835,2.54594736506903,-0.001,0.301;              1093P   2215
128,1,1,1,1,0,0,1,0,0,-0.001,-0.001,1.82637925256515,               1095P   2216
1.82637925256515,-0.001,-0.001,0.301,0.301,1.,1.,1.,1.,             1095P   2217
-28.280546799239,-27.6856752017439,21.99,-17.5380759041656,         1095P   2218
-12.9028874964747,21.99,-28.280546799239,-27.6856752017439,         1095P   2219
25.01,-17.5380759041656,-12.9028874964747,25.01,-0.001,             1095P   2220
1.82637925256515,-0.001,0.301;                                      1095P   2221
128,1,1,1,1,0,0,1,0,0,-0.936476297029884,-0.936476297029884,        1097P   2222
0.314032479124887,0.314032479124887,-0.30006865776938,              1097P   2223
-0.30006865776938,0.380680620053141,0.380680620053141,1.,1.,1.,     1097P   2224
1.,-27.3035660906905,-21.9716233510202,5.00000000000001,            1097P   2225
-39.8086538522382,-21.9716233510202,5.,-27.3035660906905,           1097P   2226
-28.7791161292455,5.00000000000001,-39.8086538522382,               1097P   2227
-28.7791161292455,5.,-0.936476297029884,0.314032479124887,          1097P   2228
-0.30006865776938,0.380680620053141;                                1097P   2229
128,1,2,1,2,0,0,0,0,0,0.,0.,0.909090909090906,0.909090909090906,    1099P   2230
-1.57069766169366,-1.57069766169366,-1.57069766169366,0.,0.,0.,     1099P   2231
1.,1.,0.707141663707166,0.707141663707166,1.,1.,                    1099P   2232
-30.0214731887729,-23.3525696630492,2.50000000000001,               1099P   2233
-30.0214731887729,-23.3525696630492,5.00000000000001,               1099P   2234
-27.3135660906905,-23.83032167584,2.50000000000001,                 1099P   2235
-27.3135660906905,-23.83032167584,5.00000000000001,                 1099P   2236
-27.7910509252284,-26.5382758981925,2.50000000000001,               1099P   2237
-27.7910509252284,-26.5382758981925,5.00000000000001,0.,            1099P   2238
0.909090909090906,-1.57069766169366,0.;                             1099P   2239
128,1,1,1,1,0,0,1,0,0,-0.00100000000013145,-0.00100000000013145,    1101P   2240
0.626027131564392,0.626027131564392,-0.001,-0.001,0.251,0.251,      1101P   2241
1.,1.,1.,1.,-36.1865298461816,-22.2648779068836,                    1101P   2242
5.01000000000001,-30.011625282274,-23.3543071145131,                1101P   2243
5.01000000000001,-36.1865298461816,-22.2648779068836,               1101P   2244
2.49000000000001,-30.011625282274,-23.3543071145131,                1101P   2245
2.49000000000001,-0.00100000000013145,0.626027131564392,-0.001,     1101P   2246
0.251;                                                              1101P   2247
128,1,1,1,1,0,0,1,0,0,-0.001,-0.001,0.625962566059852,              1103P   2248
0.625962566059852,-0.001,-0.001,0.251,0.251,1.,1.,1.,1.,            1103P   2249
-30.9673920668585,-28.7708540515252,5.01000000000001,               1103P   2250
-37.1416087095794,-27.6812418394131,5.01000000000001,               1103P   2251
-30.9673920668585,-28.7708540515252,2.49000000000001,               1103P   2252
-37.1416087095794,-27.6812418394131,2.49000000000001,-0.001,        1103P   2253
0.625962566059852,-0.001,0.251;                                     1103P   2254
128,1,8,1,2,0,1,0,0,1,-7.27272727272726,-7.27272727272726,          1105P   2255
0.909090909090908,0.909090909090908,-3.14159265358979,              1105P   2256
-3.14159265358979,-3.14159265358979,-1.5707963267949,               1105P   2257
-1.5707963267949,0.,0.,1.5707963267949,1.5707963267949,             1105P   2258
3.14159265358979,3.14159265358979,3.14159265358979,1.,1.,           1105P   2259
0.707106781186548,0.707106781186548,1.,1.,0.707106781186548,        1105P   2260
0.707106781186548,1.,1.,0.707106781186548,0.707106781186548,1.,     1105P   2261
1.,0.707106781186548,0.707106781186548,1.,1.,-30.021382636429,      1105P   2262
-23.352813247181,2.50000000000001,-30.021382636429,                 1105P   2263
-23.352813247181,25.,-27.3132311953968,-23.8307418741067,           1105P   2264
2.50000000000001,-27.3132311953968,-23.8307418741067,25.,           1105P   2265
-27.7911598223225,-26.538893315139,2.50000000000001,                1105P   2266
-27.7911598223225,-26.538893315139,25.,-28.2690884492483,           1105P   2267
-29.2470447561712,2.50000000000001,-28.2690884492483,               1105P   2268
-29.2470447561712,25.,-30.9772398902805,-28.7691161292455,          1105P   2269
2.50000000000001,-30.9772398902805,-28.7691161292455,25.,           1105P   2270
-33.6853913313127,-28.2911875023197,2.50000000000001,               1105P   2271
-33.6853913313127,-28.2911875023197,25.,-33.207462704387,           1105P   2272
-25.5830360612875,2.50000000000001,-33.207462704387,                1105P   2273
-25.5830360612875,25.,-32.7295340774612,-22.8748846202553,          1105P   2274
2.50000000000001,-32.7295340774612,-22.8748846202553,25.,           1105P   2275
-30.021382636429,-23.352813247181,2.50000000000001,                 1105P   2276
-30.021382636429,-23.352813247181,25.,-7.27272727272726,            1105P   2277
0.909090909090908,-3.14159265358979,3.14159265358979;               1105P   2278
128,1,1,1,1,0,0,1,0,0,-0.513695052305822,-0.513695052305822,        1107P   2279
0.470124427240876,0.470124427240876,-0.328217466493275,             1107P   2280
-0.328217466493275,0.343831112913017,0.343831112913017,1.,1.,1.,    1107P   2281
1.,-37.1417608861575,-22.2566153583477,2.50000000000001,            1107P   2282
-27.3035660906905,-22.2566153583477,2.50000000000001,               1107P   2283
-37.1417608861575,-28.9771011524107,2.50000000000001,               1107P   2284
-27.3035660906905,-28.9771011524107,2.50000000000001,               1107P   2285
-0.513695052305822,0.470124427240876,-0.328217466493275,            1107P   2286
0.343831112913017;                                                  1107P   2287
128,1,8,1,2,0,1,0,0,1,-1.2106288391252D-16,-1.2106288391252D-16,    1109P   2288
1.81818181818182,1.81818181818182,-3.14159265358979,                1109P   2289
-3.14159265358979,-3.14159265358979,-1.5707963267949,               1109P   2290
-1.5707963267949,0.,0.,1.5707963267949,1.5707963267949,             1109P   2291
3.14159265358979,3.14159265358979,3.14159265358979,1.,1.,           1109P   2292
0.707106781186548,0.707106781186548,1.,1.,0.707106781186548,        1109P   2293
0.707106781186548,1.,1.,0.707106781186548,0.707106781186548,1.,     1109P   2294
1.,0.707106781186548,0.707106781186548,1.,1.,-33.9183290609894,     1109P   2295
-24.972309928714,5.00000000000001,-33.9183290609894,                1109P   2296
-24.972309928714,4.1079691677412D-15,-33.9183290609894,             1109P   2297
-22.222309928714,5.00000000000001,-33.9183290609894,                1109P   2298
-22.222309928714,4.1079691677412D-15,-36.6683290609894,             1109P   2299
-22.222309928714,5.00000000000001,-36.6683290609894,                1109P   2300
-22.222309928714,4.1079691677412D-15,-39.4183290609894,             1109P   2301
-22.222309928714,5.00000000000001,-39.4183290609894,                1109P   2302
-22.222309928714,4.1079691677412D-15,-39.4183290609894,             1109P   2303
-24.972309928714,5.00000000000001,-39.4183290609894,                1109P   2304
-24.972309928714,4.1079691677412D-15,-39.4183290609894,             1109P   2305
-27.722309928714,5.00000000000001,-39.4183290609894,                1109P   2306
-27.722309928714,4.1079691677412D-15,-36.6683290609894,             1109P   2307
-27.722309928714,5.00000000000001,-36.6683290609894,                1109P   2308
-27.722309928714,4.1079691677412D-15,-33.9183290609894,             1109P   2309
-27.722309928714,5.00000000000001,-33.9183290609894,                1109P   2310
-27.722309928714,4.1079691677412D-15,-33.9183290609894,             1109P   2311
-24.972309928714,5.00000000000001,-33.9183290609894,                1109P   2312
-24.972309928714,4.1079691677412D-15,-1.2106288391252D-16,          1109P   2313
1.81818181818182,-3.14159265358979,3.14159265358979;                1109P   2314
128,1,8,1,2,0,1,0,0,1,-1.2106288391252D-16,-1.2106288391252D-16,    1111P   2315
2.85714285714285,2.85714285714285,-3.14159265358979,                1111P   2316
-3.14159265358979,-3.14159265358979,-1.5707963267949,               1111P   2317
-1.5707963267949,0.,0.,1.5707963267949,1.5707963267949,             1111P   2318
3.14159265358979,3.14159265358979,3.14159265358979,1.,1.,           1111P   2319
0.707106781186548,0.707106781186548,1.,1.,0.707106781186548,        1111P   2320
0.707106781186548,1.,1.,0.707106781186548,0.707106781186548,1.,     1111P   2321
1.,0.707106781186548,0.707106781186548,1.,1.,-34.9183290609894,     1111P   2322
-24.972309928714,4.22903205165372D-15,-34.9183290609894,            1111P   2323
-24.972309928714,5.,-34.9183290609894,-23.222309928714,             1111P   2324
4.22903205165372D-15,-34.9183290609894,-23.222309928714,5.,         1111P   2325
-36.6683290609894,-23.222309928714,4.22903205165372D-15,            1111P   2326
-36.6683290609894,-23.222309928714,5.,-38.4183290609894,            1111P   2327
-23.222309928714,4.22903205165372D-15,-38.4183290609894,            1111P   2328
-23.222309928714,5.,-38.4183290609894,-24.972309928714,             1111P   2329
4.22903205165372D-15,-38.4183290609894,-24.972309928714,5.,         1111P   2330
-38.4183290609894,-26.7223099287141,4.22903205165372D-15,           1111P   2331
-38.4183290609894,-26.7223099287141,5.,-36.6683290609894,           1111P   2332
-26.7223099287141,4.22903205165372D-15,-36.6683290609894,           1111P   2333
-26.7223099287141,5.,-34.9183290609894,-26.7223099287141,           1111P   2334
4.22903205165372D-15,-34.9183290609894,-26.7223099287141,5.,        1111P   2335
-34.9183290609894,-24.972309928714,4.22903205165372D-15,            1111P   2336
-34.9183290609894,-24.972309928714,5.,-1.2106288391252D-16,         1111P   2337
2.85714285714285,-3.14159265358979,3.14159265358979;                1111P   2338
128,1,1,1,1,0,0,1,0,0,-0.276,-0.276,0.276,0.276,-0.276,-0.276,      1113P   2339
0.276,0.276,1.,1.,1.,1.,-39.4283290609894,-22.212309928714,         1113P   2340
4.42871279077809D-15,-33.9083290609894,-22.212309928714,            1113P   2341
4.87569481211241D-15,-39.4283290609894,-27.732309928714,            1113P   2342
4.00608938488885D-15,-33.9083290609894,-27.732309928714,            1113P   2343
4.45307140622317D-15,-0.276,0.276,-0.276,0.276;                     1113P   2344
128,1,1,1,1,0,0,1,0,0,0.587868293766067,0.587868293766067,          1115P   2345
2.08963844345812,2.08963844345812,-0.001,-0.001,0.301,0.301,1.,     1115P   2346
1.,1.,1.,24.2665448319214,-11.3259339249581,21.99,                  1115P   2347
35.8841231441618,-20.8424055615245,21.99,24.2665448319214,          1115P   2348
-11.3259339249581,25.01,35.8841231441618,-20.8424055615245,         1115P   2349
25.01,0.587868293766067,2.08963844345812,-0.001,0.301;              1115P   2350
128,1,1,1,1,0,0,1,0,0,-0.001,-0.001,1.43752148338976,               1117P   2351
1.43752148338976,-0.001,-0.001,0.301,0.301,1.,1.,1.,1.,             1117P   2352
39.3693831229839,-16.5876478856962,21.99,28.2410916260811,          1117P   2353
-7.47197269527027,21.99,39.3693831229839,-16.5876478856962,         1117P   2354
25.01,28.2410916260811,-7.47197269527027,25.01,-0.001,              1117P   2355
1.43752148338976,-0.001,0.301;                                      1117P   2356
128,1,4,1,2,0,0,0,0,0,0.,0.,1.09090909090909,1.09090909090909,      1119P   2357
0.,0.,0.,1.5707963267949,1.5707963267949,3.14159265358979,          1119P   2358
3.14159265358979,3.14159265358979,1.,1.,0.707106781186548,          1119P   2359
0.707106781186548,1.,1.,0.707106781186548,0.707106781186548,1.,     1119P   2360
1.,35.8763872211148,-20.8360687251994,25.,35.8763872211148,         1119P   2361
-20.8360687251994,22.,38.003766059029,-22.5786987146105,25.,        1119P   2362
38.003766059029,-22.5786987146105,22.,39.7463960484401,             1119P   2363
-20.4513198766963,25.,39.7463960484401,-20.4513198766963,22.,       1119P   2364
41.4890260378512,-18.3239410387821,25.,41.4890260378512,            1119P   2365
-18.3239410387821,22.,39.361647199937,-16.5813110493711,25.,        1119P   2366
39.361647199937,-16.5813110493711,22.,0.,1.09090909090909,0.,       1119P   2367
3.14159265358979;                                                   1119P   2368
128,1,8,1,2,0,1,0,0,1,1.97053137821528D-15,1.97053137821528D-15,    1121P   2369
6.18196982434541,6.18196982434541,-3.14159265358979,                1121P   2370
-3.14159265358979,-3.14159265358979,-1.5707963267949,               1121P   2371
-1.5707963267949,0.,0.,1.5707963267949,1.5707963267949,             1121P   2372
3.14159265358979,3.14159265358979,3.14159265358979,1.,1.,           1121P   2373
0.707106781186548,0.707106781186548,1.,1.,0.707106781186548,        1121P   2374
0.707106781186548,1.,1.,0.707106781186548,0.707106781186548,1.,     1121P   2375
1.,0.707106781186548,0.707106781186548,1.,1.,40.3689497535564,      1121P   2376
-18.7086898872852,22.,40.3689497535564,-18.7086898872852,           1121P   2377
5.00000000000001,40.3689497535564,-15.9587573442547,22.,            1121P   2378
40.3689497535564,-15.9587573442547,5.00000000000001,                1121P   2379
37.6190172105259,-15.9587573442547,22.,37.6190172105259,            1121P   2380
-15.9587573442547,5.00000000000001,34.8690846674954,                1121P   2381
-15.9587573442547,22.,34.8690846674954,-15.9587573442547,           1121P   2382
5.00000000000001,34.8690846674954,-18.7086898872852,22.,            1121P   2383
34.8690846674954,-18.7086898872852,5.00000000000001,                1121P   2384
34.8690846674954,-21.4586224303157,22.,34.8690846674954,            1121P   2385
-21.4586224303157,5.00000000000001,37.6190172105259,                1121P   2386
-21.4586224303157,22.,37.6190172105259,-21.4586224303157,           1121P   2387
5.00000000000001,40.3689497535564,-21.4586224303157,22.,            1121P   2388
40.3689497535564,-21.4586224303157,5.00000000000001,                1121P   2389
40.3689497535564,-18.7086898872852,22.,40.3689497535564,            1121P   2390
-18.7086898872852,5.00000000000001,1.97053137821528D-15,            1121P   2391
6.18196982434541,-3.14159265358979,3.14159265358979;                1121P   2392
128,1,1,1,1,0,0,1,0,0,-0.276785981554559,-0.276785981554559,        1123P   2393
0.276785981554558,0.276785981554558,-0.902362004142871,             1123P   2394
-0.902362004142871,0.318846039072343,0.318846039072343,1.,1.,1.,    1123P   2395
1.,40.3869107545562,-15.9486898872852,5.00000000000001,             1123P   2396
34.851191123465,-15.9486898872852,5.00000000000001,                 1123P   2397
40.3869107545562,-28.1607703194374,5.00000000000001,                1123P   2398
34.8511911234651,-28.1607703194374,5.00000000000001,                1123P   2399
-0.276785981554559,0.276785981554558,-0.902362004142871,            1123P   2400
0.318846039072343;                                                  1123P   2401
128,1,2,1,2,0,0,0,0,0,0.,0.,0.909090909090909,0.909090909090909,    1125P   2402
-1.57077179698782,-1.57077179698782,-1.57077179698782,0.,0.,0.,     1125P   2403
1.,1.,0.707115453729827,0.707115453729827,1.,1.,                    1125P   2404
37.6190846674954,-15.9586898881126,2.50000000000001,                1125P   2405
37.6190846674954,-15.9586898881126,5.00000000000001,                1125P   2406
40.3690172105259,-15.9587573434274,2.50000000000001,                1125P   2407
40.3690172105259,-15.9587573434274,5.00000000000001,                1125P   2408
40.3690172105259,-18.7086898872852,2.50000000000001,                1125P   2409
40.3690172105259,-18.7086898872852,5.00000000000001,0.,             1125P   2410
0.909090909090909,-1.57077179698782,0.;                             1125P   2411
128,1,2,1,2,0,0,0,0,0,0.,0.,0.909090909090909,0.909090909090909,    1127P   2412
-1.5707963267949,-1.5707963267949,-1.5707963267949,0.,0.,0.,1.,     1127P   2413
1.,0.707106781186548,0.707106781186548,1.,1.,34.8690846674954,      1127P   2414
-18.7086898872852,2.50000000000001,34.8690846674954,                1127P   2415
-18.7086898872852,5.00000000000001,34.8690846674954,                1127P   2416
-15.9586898872852,2.50000000000001,34.8690846674954,                1127P   2417
-15.9586898872852,5.00000000000001,37.6190846674954,                1127P   2418
-15.9586898872852,2.50000000000001,37.6190846674954,                1127P   2419
-15.9586898872852,5.00000000000001,0.,0.909090909090909,            1127P   2420
-1.5707963267949,0.;                                                1127P   2421
128,1,1,1,1,0,0,1,0,0,-0.00100000000006928,-0.00100000000006928,    1129P   2422
0.626000000000001,0.626000000000001,-0.001,-0.001,0.251,0.251,      1129P   2423
1.,1.,1.,1.,34.8690846674954,-24.9686898872859,5.01000000000001,    1129P   2424
34.8690846674954,-18.6986898872852,5.01000000000001,                1129P   2425
34.8690846674954,-24.9686898872859,2.49000000000001,                1129P   2426
34.8690846674954,-18.6986898872852,2.49000000000001,                1129P   2427
-0.00100000000006928,0.626000000000001,-0.001,0.251;                1129P   2428
128,1,1,1,1,0,0,1,0,0,-0.001,-0.001,0.626000000000069,              1131P   2429
0.626000000000069,-0.001,-0.001,0.251,0.251,1.,1.,1.,1.,            1131P   2430
40.3690172105259,-18.6986898872852,5.01000000000001,                1131P   2431
40.3690172105259,-24.9686898872859,5.01000000000001,                1131P   2432
40.3690172105259,-18.6986898872852,2.49000000000001,                1131P   2433
40.3690172105259,-24.9686898872859,2.49000000000001,-0.001,         1131P   2434
0.626000000000069,-0.001,0.251;                                     1131P   2435
128,1,1,1,1,0,0,1,0,0,-0.275996627151525,-0.275996627151525,        1133P   2436
0.275996627151525,0.275996627151525,-0.451,-0.451,0.451,0.451,      1133P   2437
1.,1.,1.,1.,34.8590846674954,-15.9486898872852,2.50000000000001,    1133P   2438
40.3790172105259,-15.9486898872852,2.50000000000001,                1133P   2439
34.8590846674954,-24.9686898872852,2.50000000000001,                1133P   2440
40.3790172105259,-24.9686898872852,2.50000000000001,                1133P   2441
-0.275996627151525,0.275996627151525,-0.451,0.451;                  1133P   2442
128,1,8,1,2,0,1,0,0,1,-1.2106288391252D-16,-1.2106288391252D-16,    1135P   2443
2.85714285714286,2.85714285714286,-3.14159265358979,                1135P   2444
-3.14159265358979,-3.14159265358979,-1.5707963267949,               1135P   2445
-1.5707963267949,0.,0.,1.5707963267949,1.5707963267949,             1135P   2446
3.14159265358979,3.14159265358979,3.14159265358979,1.,1.,           1135P   2447
0.707106781186548,0.707106781186548,1.,1.,0.707106781186548,        1135P   2448
0.707106781186548,1.,1.,0.707106781186548,0.707106781186548,1.,     1135P   2449
1.,0.707106781186548,0.707106781186548,1.,1.,39.3690509390106,      1135P   2450
-24.9723099287139,9.98889520702721D-15,39.3690509390106,            1135P   2451
-24.9723099287139,5.00000000000001,39.3690509390106,                1135P   2452
-23.2223099287139,9.98889520702721D-15,39.3690509390106,            1135P   2453
-23.2223099287139,5.00000000000001,37.6190509390106,                1135P   2454
-23.2223099287139,9.98889520702721D-15,37.6190509390106,            1135P   2455
-23.2223099287139,5.00000000000001,35.8690509390106,                1135P   2456
-23.2223099287139,9.98889520702721D-15,35.8690509390106,            1135P   2457
-23.2223099287139,5.00000000000001,35.8690509390106,                1135P   2458
-24.9723099287139,9.98889520702721D-15,35.8690509390106,            1135P   2459
-24.9723099287139,5.00000000000001,35.8690509390106,                1135P   2460
-26.7223099287139,9.98889520702721D-15,35.8690509390106,            1135P   2461
-26.7223099287139,5.00000000000001,37.6190509390106,                1135P   2462
-26.7223099287139,9.98889520702721D-15,37.6190509390106,            1135P   2463
-26.7223099287139,5.00000000000001,39.3690509390106,                1135P   2464
-26.7223099287139,9.98889520702721D-15,39.3690509390106,            1135P   2465
-26.7223099287139,5.00000000000001,39.3690509390106,                1135P   2466
-24.9723099287139,9.98889520702721D-15,39.3690509390106,            1135P   2467
-24.9723099287139,5.00000000000001,-1.2106288391252D-16,            1135P   2468
2.85714285714286,-3.14159265358979,3.14159265358979;                1135P   2469
128,1,8,1,2,0,1,0,0,1,-1.2106288391252D-16,-1.2106288391252D-16,    1137P   2470
1.81818181818182,1.81818181818182,-3.14159265358979,                1137P   2471
-3.14159265358979,-3.14159265358979,-1.5707963267949,               1137P   2472
-1.5707963267949,0.,0.,1.5707963267949,1.5707963267949,             1137P   2473
3.14159265358979,3.14159265358979,3.14159265358979,1.,1.,           1137P   2474
0.707106781186548,0.707106781186548,1.,1.,0.707106781186548,        1137P   2475
0.707106781186548,1.,1.,0.707106781186548,0.707106781186548,1.,     1137P   2476
1.,0.707106781186548,0.707106781186548,1.,1.,40.3690509390106,      1137P   2477
-24.9723099287139,5.00000000000001,40.3690509390106,                1137P   2478
-24.9723099287139,9.65908429086698D-15,40.3690509390106,            1137P   2479
-22.2223099287139,5.00000000000001,40.3690509390106,                1137P   2480
-22.2223099287139,9.65908429086698D-15,37.6190509390106,            1137P   2481
-22.2223099287139,5.00000000000001,37.6190509390106,                1137P   2482
-22.2223099287139,9.65908429086698D-15,34.8690509390106,            1137P   2483
-22.2223099287139,5.00000000000001,34.8690509390106,                1137P   2484
-22.2223099287139,9.65908429086698D-15,34.8690509390106,            1137P   2485
-24.9723099287139,5.00000000000001,34.8690509390106,                1137P   2486
-24.9723099287139,9.65908429086698D-15,34.8690509390106,            1137P   2487
-27.7223099287139,5.00000000000001,34.8690509390106,                1137P   2488
-27.7223099287139,9.65908429086698D-15,37.6190509390106,            1137P   2489
-27.7223099287139,5.00000000000001,37.6190509390106,                1137P   2490
-27.7223099287139,9.65908429086698D-15,40.3690509390106,            1137P   2491
-27.7223099287139,5.00000000000001,40.3690509390106,                1137P   2492
-27.7223099287139,9.65908429086698D-15,40.3690509390106,            1137P   2493
-24.9723099287139,5.00000000000001,40.3690509390106,                1137P   2494
-24.9723099287139,9.65908429086698D-15,-1.2106288391252D-16,        1137P   2495
1.81818181818182,-3.14159265358979,3.14159265358979;                1137P   2496
128,1,1,1,1,0,0,1,0,0,-0.276,-0.276,0.276,0.276,-0.276,-0.276,      1139P   2497
0.276,0.276,1.,1.,1.,1.,34.8590509390106,-22.2123099287139,         1139P   2498
9.97982791390387D-15,40.3790509390106,-22.2123099287139,            1139P   2499
1.04268099352382D-14,34.8590509390106,-27.7323099287139,            1139P   2500
9.55720450801463D-15,40.3790509390106,-27.7323099287139,            1139P   2501
1.0004186529349D-14,-0.276,0.276,-0.276,0.276;                      1139P   2502
128,1,1,1,1,0,0,1,0,0,1.05048531801027,1.05048531801027,            1141P   2503
1.1154236276154,1.1154236276154,-0.001,-0.001,0.301,0.301,1.,1.,    1141P   2504
1.,1.,29.5109964364518,29.2383520484789,21.99,30.0870645007158,     1141P   2505
28.9386121766361,21.99,29.5109964364518,29.2383520484789,25.01,     1141P   2506
30.0870645007158,28.9386121766361,25.01,1.05048531801027,           1141P   2507
1.1154236276154,-0.001,0.301;                                       1141P   2508
128,1,1,1,1,0,0,1,0,0,-0.001,-0.001,0.844390911948466,              1143P   2509
0.844390911948466,-0.001,-0.001,0.301,0.301,1.,1.,1.,1.,            1143P   2510
32.6257343631738,33.8176648848416,21.99,25.1262674205656,           1143P   2511
37.7197893033134,21.99,32.6257343631738,33.8176648848416,25.01,     1143P   2512
25.1262674205656,37.7197893033134,25.01,-0.001,                     1143P   2513
0.844390911948466,-0.001,0.301;                                     1143P   2514
128,1,6,1,2,0,0,0,0,0,-6.18181818181819,-6.18181818181819,          1145P   2515
0.909090909090912,0.909090909090912,-1.57073507382101,              1145P   2516
-1.57073507382101,-1.57073507382101,-0.00364859701992071,           1145P   2517
-0.00364859701992071,1.56343787978117,1.56343787978117,             1145P   2518
3.13052435658226,3.13052435658226,3.13052435658226,1.,1.,           1145P   2519
0.708417193990957,0.708417193990957,1.,1.,0.708417193990957,        1145P   2520
0.708417193990957,1.,1.,0.708417193990957,0.708417193990957,1.,     1145P   2521
1.,28.5975284321797,31.3827542941248,2.5,28.5975284321797,          1145P   2522
31.3827542941248,22.,28.5976962541059,34.1225710789136,2.5,         1145P   2523
28.5976962541059,34.1225710789136,22.,31.3374948074777,             1145P   2524
34.1325675441092,2.5,31.3374948074777,34.1325675441092,22.,         1145P   2525
34.0772933608496,34.1425640093048,2.5,34.0772933608496,             1145P   2526
34.1425640093048,22.,34.0974539755859,31.4028213951185,2.5,         1145P   2527
34.0974539755859,31.4028213951185,22.,34.1176145903221,             1145P   2528
28.6630787809322,2.5,34.1176145903221,28.6630787809322,22.,         1145P   2529
31.37796562232,28.6327542941252,2.5,31.37796562232,                 1145P   2530
28.6327542941252,22.,-6.18181818181819,0.909090909090912,           1145P   2531
-1.57073507382101,3.13052435658226;                                 1145P   2532
128,1,6,1,2,0,0,0,0,0,-7.2727272727273,-7.2727272727273,            1147P   2533
0.909090909090914,0.909090909090914,-4.23261764555133,              1147P   2534
-4.23261764555133,-4.23261764555133,-2.82174509703427,              1147P   2535
-2.82174509703427,-1.41087254851722,-1.41087254851722,              1147P   2536
-8.72029721160126D-14,-8.72029721160126D-14,                        1147P   2537
-8.72029721160126D-14,1.,1.,0.761328758811787,0.761328758811787,    1147P   2538
1.,1.,0.761328758811787,0.761328758811787,1.,1.,                    1147P   2539
0.761328758811787,0.761328758811787,1.,1.,32.6168633582498,         1147P   2540
33.8222806482279,2.5,32.6168633582498,33.8222806482279,25.,         1147P   2541
34.6944231795978,32.7412842291813,2.5,34.6944231795978,             1147P   2542
32.7412842291813,25.,33.958057668843,30.5180942004519,2.5,          1147P   2543
33.958057668843,30.5180942004519,25.,33.2216921580882,              1147P   2544
28.2949041717224,2.5,33.2216921580882,28.2949041717224,25.,         1147P   2545
30.9096102925546,28.6678458780813,2.5,30.9096102925546,             1147P   2546
28.6678458780813,25.,28.5975284270209,29.0407875844404,2.5,         1147P   2547
28.5975284270209,29.0407875844404,25.,28.5975284270208,             1147P   2548
31.3827542941252,2.5,28.5975284270208,31.3827542941252,25.,         1147P   2549
-7.2727272727273,0.909090909090914,-4.23261764555133,               1147P   2550
-8.72029721160126D-14;                                              1147P   2551
128,1,1,1,1,0,0,1,0,0,-0.001,-0.001,0.626,0.626,-1.701,-1.701,      1149P   2552
0.251,0.251,1.,1.,1.,1.,37.6075284270208,28.6327542941252,22.01,    1149P   2553
31.3375284270208,28.6327542941252,22.01,37.6075284270208,           1149P   2554
28.6327542941252,2.49,31.3375284270208,28.6327542941252,            1149P   2555
2.49000000000001,-0.001,0.626,-1.701,0.251;                         1149P   2556
128,1,1,1,1,0,0,1,0,0,-0.001,-0.001,0.626,0.626,-0.001,-0.001,      1151P   2557
0.251,0.251,1.,1.,1.,1.,31.3375284270208,34.1325858484467,          1151P   2558
5.01000000000001,37.6075284270208,34.1325858484467,                 1151P   2559
5.01000000000001,31.3375284270208,34.1325858484467,                 1151P   2560
2.49000000000001,37.6075284270208,34.1325858484467,                 1151P   2561
2.49000000000001,-0.001,0.626,-0.001,0.251;                         1151P   2562
128,1,1,1,1,0,0,1,0,0,-0.451,-0.451,0.451,0.451,                    1153P   2563
-0.275991577716076,-0.275991577716076,0.275991577716076,            1153P   2564
0.275991577716076,1.,1.,1.,1.,28.5875284270208,34.1425858484467,    1153P   2565
2.50000000000001,37.6075284270208,34.1425858484467,                 1153P   2566
2.50000000000001,28.5875284270208,28.6227542941252,                 1153P   2567
2.50000000000001,37.6075284270208,28.6227542941252,                 1153P   2568
2.50000000000001,-0.451,0.451,-0.275991577716076,                   1153P   2569
0.275991577716076;                                                  1153P   2570
128,1,8,1,2,0,1,0,0,1,-1.2106288391252D-16,-1.2106288391252D-16,    1155P   2571
2.85714285714285,2.85714285714285,-3.14159265358979,                1155P   2572
-3.14159265358979,-3.14159265358979,-1.5707963267949,               1155P   2573
-1.5707963267949,0.,0.,1.5707963267949,1.5707963267949,             1155P   2574
3.14159265358979,3.14159265358979,3.14159265358979,1.,1.,           1155P   2575
0.707106781186548,0.707106781186548,1.,1.,0.707106781186548,        1155P   2576
0.707106781186548,1.,1.,0.707106781186548,0.707106781186548,1.,     1155P   2577
1.,0.707106781186548,0.707106781186548,1.,1.,39.3690509390105,      1155P   2578
31.3826700712859,1.42210392732801D-14,39.3690509390105,             1155P   2579
31.3826700712859,5.00000000000001,39.3690509390105,                 1155P   2580
33.1326700712859,1.42210392732801D-14,39.3690509390105,             1155P   2581
33.1326700712859,5.00000000000001,37.6190509390105,                 1155P   2582
33.1326700712859,1.42210392732801D-14,37.6190509390105,             1155P   2583
33.1326700712859,5.00000000000001,35.8690509390105,                 1155P   2584
33.1326700712859,1.42210392732801D-14,35.8690509390105,             1155P   2585
33.1326700712859,5.00000000000001,35.8690509390105,                 1155P   2586
31.3826700712859,1.42210392732801D-14,35.8690509390105,             1155P   2587
31.3826700712859,5.00000000000001,35.8690509390105,                 1155P   2588
29.6326700712859,1.42210392732801D-14,35.8690509390105,             1155P   2589
29.6326700712859,5.00000000000001,37.6190509390105,                 1155P   2590
29.6326700712859,1.42210392732801D-14,37.6190509390105,             1155P   2591
29.6326700712859,5.00000000000001,39.3690509390105,                 1155P   2592
29.6326700712859,1.42210392732801D-14,39.3690509390105,             1155P   2593
29.6326700712859,5.00000000000001,39.3690509390105,                 1155P   2594
31.3826700712859,1.42210392732801D-14,39.3690509390105,             1155P   2595
31.3826700712859,5.00000000000001,-1.2106288391252D-16,             1155P   2596
2.85714285714285,-3.14159265358979,3.14159265358979;                1155P   2597
128,1,8,1,2,0,1,0,0,1,-1.2106288391252D-16,-1.2106288391252D-16,    1157P   2598
1.81818181818182,1.81818181818182,-3.14159265358979,                1157P   2599
-3.14159265358979,-3.14159265358979,-1.5707963267949,               1157P   2600
-1.5707963267949,0.,0.,1.5707963267949,1.5707963267949,             1157P   2601
3.14159265358979,3.14159265358979,3.14159265358979,1.,1.,           1157P   2602
0.707106781186548,0.707106781186548,1.,1.,0.707106781186548,        1157P   2603
0.707106781186548,1.,1.,0.707106781186548,0.707106781186548,1.,     1157P   2604
1.,0.707106781186548,0.707106781186548,1.,1.,40.3690509390105,      1157P   2605
31.3826700712859,5.00000000000001,40.3690509390105,                 1157P   2606
31.3826700712859,1.40999763893676D-14,40.3690509390105,             1157P   2607
34.1326700712859,5.00000000000001,40.3690509390105,                 1157P   2608
34.1326700712859,1.40999763893676D-14,37.6190509390105,             1157P   2609
34.1326700712859,5.00000000000001,37.6190509390105,                 1157P   2610
34.1326700712859,1.40999763893676D-14,34.8690509390105,             1157P   2611
34.1326700712859,5.00000000000001,34.8690509390105,                 1157P   2612
34.1326700712859,1.40999763893676D-14,34.8690509390105,             1157P   2613
31.3826700712859,5.00000000000001,34.8690509390105,                 1157P   2614
31.3826700712859,1.40999763893676D-14,34.8690509390105,             1157P   2615
28.6326700712859,5.00000000000001,34.8690509390105,                 1157P   2616
28.6326700712859,1.40999763893676D-14,37.6190509390105,             1157P   2617
28.6326700712859,5.00000000000001,37.6190509390105,                 1157P   2618
28.6326700712859,1.40999763893676D-14,40.3690509390105,             1157P   2619
28.6326700712859,5.00000000000001,40.3690509390105,                 1157P   2620
28.6326700712859,1.40999763893676D-14,40.3690509390105,             1157P   2621
31.3826700712859,5.00000000000001,40.3690509390105,                 1157P   2622
31.3826700712859,1.40999763893676D-14,-1.2106288391252D-16,         1157P   2623
1.81818181818182,-3.14159265358979,3.14159265358979;                1157P   2624
128,1,1,1,1,0,0,1,0,0,-0.276,-0.276,0.628152251198969,              1159P   2625
0.628152251198969,-0.276888006994875,-0.276888006994875,            1159P   2626
0.276888006994875,0.276888006994875,1.,1.,1.,1.,                    1159P   2627
40.3790509390105,34.1515501412347,5.00000000000001,                 1159P   2628
31.3375284270208,34.1515501412347,5.00000000000001,                 1159P   2629
40.3790509390105,28.6137900013372,5.00000000000001,                 1159P   2630
31.3375284270208,28.6137900013372,5.00000000000001,-0.276,          1159P   2631
0.628152251198969,-0.276888006994875,0.276888006994875;             1159P   2632
128,1,1,1,1,0,0,1,0,0,-0.276,-0.276,0.276,0.276,-0.276,-0.276,      1161P   2633
0.276,0.276,1.,1.,1.,1.,34.8590509390105,34.1426700712859,          1161P   2634
1.44207200124045D-14,40.3790509390105,34.1426700712859,             1161P   2635
1.48677020337388D-14,34.8590509390105,28.6226700712859,             1161P   2636
1.39980966065153D-14,40.3790509390105,28.6226700712859,             1161P   2637
1.44450786278496D-14,-0.276,0.276,-0.276,0.276;                     1161P   2638
128,1,8,1,2,0,1,0,0,1,0.,0.,3.,3.,-3.14159265358979,                1163P   2639
-3.14159265358979,-3.14159265358979,-1.5707963267949,               1163P   2640
-1.5707963267949,0.,0.,1.5707963267949,1.5707963267949,             1163P   2641
3.14159265358979,3.14159265358979,3.14159265358979,1.,1.,           1163P   2642
0.707106781186548,0.707106781186548,1.,1.,0.707106781186548,        1163P   2643
0.707106781186548,1.,1.,0.707106781186548,0.707106781186548,1.,     1163P   2644
1.,0.707106781186548,0.707106781186548,1.,1.,-14.0385290609885,     1163P   2645
36.5266700712869,18.,-14.0385290609885,36.5266700712869,22.5,       1163P   2646
-14.0385290609885,38.0266700712869,18.,-14.0385290609885,           1163P   2647
38.0266700712869,22.5,-15.5385290609885,38.0266700712869,18.,       1163P   2648
-15.5385290609885,38.0266700712869,22.5,-17.0385290609885,          1163P   2649
38.0266700712869,18.,-17.0385290609885,38.0266700712869,22.5,       1163P   2650
-17.0385290609885,36.5266700712869,18.,-17.0385290609885,           1163P   2651
36.5266700712869,22.5,-17.0385290609885,35.0266700712869,18.,       1163P   2652
-17.0385290609885,35.0266700712869,22.5,-15.5385290609885,          1163P   2653
35.0266700712869,18.,-15.5385290609885,35.0266700712869,22.5,       1163P   2654
-14.0385290609885,35.0266700712869,18.,-14.0385290609885,           1163P   2655
35.0266700712869,22.5,-14.0385290609885,36.5266700712869,18.,       1163P   2656
-14.0385290609885,36.5266700712869,22.5,0.,3.,-3.14159265358979,    1163P   2657
3.14159265358979;                                                   1163P   2658
128,1,1,1,1,0,0,1,0,0,-0.895636005339552,-0.895636005339552,        1165P   2659
-0.593636005339552,-0.593636005339552,-0.40820151754624,            1165P   2660
-0.40820151754624,-0.10620151754624,-0.10620151754624,1.,1.,1.,     1165P   2661
1.,-14.0285290609885,38.0366700712869,18.,-17.0485290609885,        1165P   2662
38.0366700712869,18.,-14.0285290609885,35.0166700712869,18.,        1165P   2663
-17.0485290609885,35.0166700712869,18.,-0.895636005339552,          1165P   2664
-0.593636005339552,-0.40820151754624,-0.10620151754624;             1165P   2665
128,1,1,1,1,0,0,1,0,0,-1.09534895326216,-1.09534895326216,          1167P   2666
1.08105965655343,1.08105965655343,-0.607914463676028,               1167P   2667
-0.607914463676028,0.605193472146986,0.605193472146986,1.,1.,1.,    1167P   2668
1.,-33.7954856799184,40.0337995325848,15.,-12.0313995817625,        1167P   2669
40.0337995325848,15.,-33.7954856799184,27.9027201743546,15.,        1167P   2670
-12.0313995817625,27.9027201743546,15.,-1.09534895326216,           1167P   2671
1.08105965655343,-0.607914463676028,0.605193472146986;              1167P   2672
128,1,1,1,1,0,0,1,0,0,-0.001,-0.001,1.57660832833053,               1169P   2673
1.57660832833053,-0.001,-0.001,0.301,0.301,1.,1.,1.,1.,             1169P   2674
-16.4268942728433,39.1292471115234,14.99,-31.3385184687268,         1169P   2675
33.978687180552,14.99,-16.4268942728433,39.1292471115234,18.01,     1169P   2676
-31.3385184687268,33.978687180552,18.01,-0.001,1.57660832833053,    1169P   2677
-0.001,0.301;                                                       1169P   2678
128,1,8,1,2,0,1,0,0,1,0.,0.,2.54545454545455,2.54545454545455,      1171P   2679
-3.14159265358979,-3.14159265358979,-3.14159265358979,              1171P   2680
-1.5707963267949,-1.5707963267949,0.,0.,1.5707963267949,            1171P   2681
1.5707963267949,3.14159265358979,3.14159265358979,                  1171P   2682
3.14159265358979,1.,1.,0.707106781186548,0.707106781186548,1.,      1171P   2683
1.,0.707106781186548,0.707106781186548,1.,1.,0.707106781186548,     1171P   2684
0.707106781186548,1.,1.,0.707106781186548,0.707106781186548,1.,     1171P   2685
1.,-16.4363463173896,39.1259823215001,22.,-16.4363463173896,        1171P   2686
39.1259823215001,15.,-19.0356585676028,38.2281650650991,22.,        1171P   2687
-19.0356585676028,38.2281650650991,15.,-18.1378413112018,           1171P   2688
35.6288528148859,22.,-18.1378413112018,35.6288528148859,15.,        1171P   2689
-17.2400240548007,33.0295405646726,22.,-17.2400240548007,           1171P   2690
33.0295405646726,15.,-14.6407118045875,33.9273578210737,22.,        1171P   2691
-14.6407118045875,33.9273578210737,15.,-12.0413995543743,           1171P   2692
34.8251750774747,22.,-12.0413995543743,34.8251750774747,15.,        1171P   2693
-12.9392168107753,37.4244873276879,22.,-12.9392168107753,           1171P   2694
37.4244873276879,15.,-13.8370340671763,40.0237995779011,22.,        1171P   2695
-13.8370340671763,40.0237995779011,15.,-16.4363463173896,           1171P   2696
39.1259823215001,22.,-16.4363463173896,39.1259823215001,15.,0.,     1171P   2697
2.54545454545455,-3.14159265358979,3.14159265358979;                1171P   2698
128,1,1,1,1,0,0,1,0,0,-0.001,-0.001,1.57660832833053,               1173P   2699
1.57660832833053,-0.001,-0.001,0.301,0.301,1.,1.,1.,1.,             1173P   2700
-29.5428839559248,28.7800626801256,14.99,-14.6312597600413,         1173P   2701
33.9306226110969,14.99,-29.5428839559248,28.7800626801256,18.01,    1173P   2702
-14.6312597600413,33.9306226110969,18.01,-0.001,                    1173P   2703
1.57660832833053,-0.001,0.301;                                      1173P   2704
128,1,4,1,2,0,0,0,0,0,0.,0.,1.09090909090909,1.09090909090909,      1175P   2705
0.,0.,0.,1.5707963267949,1.5707963267949,3.14159265358979,          1175P   2706
3.14159265358979,3.14159265358979,1.,1.,0.707106781186548,          1175P   2707
0.707106781186548,1.,1.,0.707106781186548,0.707106781186548,1.,     1175P   2708
1.,-31.3290664241806,33.9819519705753,18.,-31.3290664241806,        1175P   2709
33.9819519705753,15.,-33.9283786743938,33.0841347141743,18.,        1175P   2710
-33.9283786743938,33.0841347141743,15.,-33.0305614179928,           1175P   2711
30.4848224639611,18.,-33.0305614179928,30.4848224639611,15.,        1175P   2712
-32.1327441615918,27.8855102137478,18.,-32.1327441615918,           1175P   2713
27.8855102137478,15.,-29.5334319113785,28.7833274701489,18.,        1175P   2714
-29.5334319113785,28.7833274701489,15.,0.,1.09090909090909,0.,      1175P   2715
3.14159265358979;                                                   1175P   2716
128,1,1,1,1,0,0,1,0,0,-0.835417730979654,-0.835417730979654,        1177P   2717
1.09534895600098,1.09534895600098,-0.518132742567563,               1177P   2718
-0.518132742567563,0.607914468207665,0.607914468207665,1.,1.,1.,    1177P   2719
1.,-14.6307118045875,39.1359823215001,18.,-33.9383786743938,        1177P   2720
39.1359823215001,18.,-14.6307118045875,27.8755102137478,18.,        1177P   2721
-33.9383786743938,27.8755102137478,18.,-0.835417730979654,          1177P   2722
1.09534895600098,-0.518132742567563,0.607914468207665;              1177P   2723
128,1,8,1,2,0,0,0,0,0,-3.92305627987012D-17,                        1179P   2724
-3.92305627987012D-17,3.63639466410633,3.63639466410633,            1179P   2725
-1.5655922920716,-1.5655922920716,-1.5655922920716,                 1179P   2726
-0.28957842273163,-0.28957842273163,0.986435446608336,              1179P   2727
0.986435446608336,2.2624493159483,2.2624493159483,                  1179P   2728
3.53846318528827,3.53846318528827,3.53846318528827,1.,1.,           1179P   2729
0.803284413539974,0.803284413539974,1.,1.,0.803284413539974,        1179P   2730
0.803284413539974,1.,1.,0.803284413539974,0.803284413539974,1.,     1179P   2731
1.,0.803284413539974,0.803284413539974,1.,1.,-30.4455600765636,     1179P   2732
34.1326397203621,15.,-30.4455600765636,34.1326397203621,            1179P   2733
5.00000000000001,-32.484503933847,34.1220288899423,15.,             1179P   2734
-32.484503933847,34.1220288899423,5.00000000000001,                 1179P   2735
-33.066728618824,32.1679513430985,15.,-33.066728618824,             1179P   2736
32.1679513430985,5.00000000000001,-33.648953303801,                 1179P   2737
30.2138737962547,15.,-33.648953303801,30.2138737962547,             1179P   2738
5.00000000000001,-31.9483188992899,29.0890416909746,15.,            1179P   2739
-31.9483188992899,29.0890416909746,5.00000000000001,                1179P   2740
-30.2476844947787,27.9642095856945,15.,-30.2476844947787,           1179P   2741
27.9642095856945,5.00000000000001,-28.6772834071154,                1179P   2742
29.2646883693513,15.,-28.6772834071154,29.2646883693513,            1179P   2743
5.00000000000001,-27.106882319452,30.5651671530081,15.,             1179P   2744
-27.106882319452,30.5651671530081,5.00000000000001,                 1179P   2745
-27.8950141346556,32.4456598769344,15.,-27.8950141346556,           1179P   2746
32.4456598769344,5.00000000000001,-3.92305627987012D-17,            1179P   2747
3.63639466410633,-1.5655922920716,3.53846318528827;                 1179P   2748
128,1,1,1,1,0,0,1,0,0,-0.957144674153748,-0.957144674153748,        1181P   2749
0.318830412422729,0.318830412422729,-0.276745607919605,             1181P   2750
-0.276745607919605,0.342846048559131,0.342846048559131,1.,1.,1.,    1181P   2751
1.,-27.096882319452,34.1501261504819,5.00000000000001,              1181P   2752
-39.8566331852168,34.1501261504819,5.00000000000001,                1181P   2753
-27.096882319452,27.9542095856945,5.00000000000001,                 1181P   2754
-39.8566331852168,27.9542095856945,5.00000000000001,                1181P   2755
-0.957144674153748,0.318830412422729,-0.276745607919605,            1181P   2756
0.342846048559131;                                                  1181P   2757
128,1,2,1,2,0,0,0,0,0,-3.63636363636364,-3.63636363636364,          1183P   2758
0.909090909090911,0.909090909090911,-1.5707963267949,               1183P   2759
-1.5707963267949,-1.5707963267949,0.,0.,0.,1.,1.,                   1183P   2760
0.707106781186546,0.707106781186546,1.,1.,-30.4312491677796,        1183P   2761
34.1326397203621,2.50000000000001,-30.4312491677796,                1183P   2762
34.1326397203621,15.,-27.6812491677796,34.1326397203621,            1183P   2763
2.50000000000001,-27.6812491677796,34.1326397203621,15.,            1183P   2764
-27.6812491677796,31.3826397203621,2.50000000000001,                1183P   2765
-27.6812491677796,31.3826397203621,15.,-3.63636363636364,           1183P   2766
0.909090909090911,-1.5707963267949,0.;                              1183P   2767
128,1,1,1,1,0,0,1,0,0,-0.00100000000000577,-0.00100000000000577,    1185P   2768
0.623415978642014,0.623415978642014,-1.001,-1.001,0.251,0.251,      1185P   2769
1.,1.,1.,1.,-36.6654089541998,34.1326397203621,15.01,               1185P   2770
-30.4212491677796,34.1326397203621,15.01,-36.6654089541998,         1185P   2771
34.1326397203621,2.49000000000001,-30.4212491677796,                1185P   2772
34.1326397203621,2.49000000000001,-0.00100000000000577,             1185P   2773
0.623415978642014,-1.001,0.251;                                     1185P   2774
128,1,1,1,1,0,0,1,0,0,-0.001,-0.001,0.623415978645252,              1187P   2775
0.623415978645252,-0.001,-0.001,0.251,0.251,1.,1.,1.,1.,            1187P   2776
-30.4212491677796,28.6327004222094,5.01000000000001,                1187P   2777
-36.6654089542321,28.6327004222094,5.01000000000001,                1187P   2778
-30.4212491677796,28.6327004222094,2.49000000000001,                1187P   2779
-36.6654089542321,28.6327004222094,2.49000000000001,-0.001,         1187P   2780
0.623415978645252,-0.001,0.251;                                     1187P   2781
128,1,2,1,2,0,0,0,0,0,0.,0.,0.909090909090911,0.909090909090911,    1189P   2782
-1.57077425339587,-1.57077425339587,-1.57077425339587,0.,0.,0.,     1189P   2783
1.,1.,0.707114585268551,0.707114585268551,1.,1.,                    1189P   2784
-27.6812491684495,31.3826397203621,2.50000000000001,                1189P   2785
-27.6812491684495,31.3826397203621,5.00000000000001,                1189P   2786
-27.681309868957,28.6327004222094,2.50000000000001,                 1189P   2787
-27.681309868957,28.6327004222094,5.00000000000001,                 1189P   2788
-30.4312491677796,28.6327004222094,2.50000000000001,                1189P   2789
-30.4312491677796,28.6327004222094,5.00000000000001,0.,             1189P   2790
0.909090909090911,-1.57077425339587,0.;                             1189P   2791
128,1,1,1,1,0,0,1,0,0,-0.449707989322626,-0.449707989322626,        1191P   2792
0.449707989322626,0.449707989322626,-0.275996964907633,             1191P   2793
-0.275996964907633,0.275996964907633,0.275996964907633,1.,1.,1.,    1191P   2794
1.,-36.6654089542321,34.1426397203621,2.50000000000001,             1191P   2795
-27.6712491677796,34.1426397203621,2.50000000000001,                1191P   2796
-36.6654089542321,28.6227004222094,2.50000000000001,                1191P   2797
-27.6712491677796,28.6227004222094,2.50000000000001,                1191P   2798
-0.449707989322626,0.449707989322626,-0.275996964907633,            1191P   2799
0.275996964907633;                                                  1191P   2800
128,1,8,1,2,0,1,0,0,1,-1.2106288391252D-16,-1.2106288391252D-16,    1193P   2801
1.81818181818182,1.81818181818182,-3.14159265358979,                1193P   2802
-3.14159265358979,-3.14159265358979,-1.5707963267949,               1193P   2803
-1.5707963267949,0.,0.,1.5707963267949,1.5707963267949,             1193P   2804
3.14159265358979,3.14159265358979,3.14159265358979,1.,1.,           1193P   2805
0.707106781186548,0.707106781186548,1.,1.,0.707106781186548,        1193P   2806
0.707106781186548,1.,1.,0.707106781186548,0.707106781186548,1.,     1193P   2807
1.,0.707106781186548,0.707106781186548,1.,1.,-33.9183290609895,     1193P   2808
31.3826700712858,5.00000000000001,-33.9183290609895,                1193P   2809
31.3826700712858,7.43863824161667D-15,-33.9183290609895,            1193P   2810
34.1326700712858,5.00000000000001,-33.9183290609895,                1193P   2811
34.1326700712858,7.43863824161667D-15,-36.6683290609895,            1193P   2812
34.1326700712858,5.00000000000001,-36.6683290609895,                1193P   2813
34.1326700712858,7.43863824161667D-15,-39.4183290609895,            1193P   2814
34.1326700712858,5.00000000000001,-39.4183290609895,                1193P   2815
34.1326700712858,7.43863824161667D-15,-39.4183290609895,            1193P   2816
31.3826700712858,5.00000000000001,-39.4183290609895,                1193P   2817
31.3826700712858,7.43863824161667D-15,-39.4183290609895,            1193P   2818
28.6326700712858,5.00000000000001,-39.4183290609895,                1193P   2819
28.6326700712858,7.43863824161667D-15,-36.6683290609895,            1193P   2820
28.6326700712858,5.00000000000001,-36.6683290609895,                1193P   2821
28.6326700712858,7.43863824161667D-15,-33.9183290609895,            1193P   2822
28.6326700712858,5.00000000000001,-33.9183290609895,                1193P   2823
28.6326700712858,7.43863824161667D-15,-33.9183290609895,            1193P   2824
31.3826700712858,5.00000000000001,-33.9183290609895,                1193P   2825
31.3826700712858,7.43863824161667D-15,-1.2106288391252D-16,         1193P   2826
1.81818181818182,-3.14159265358979,3.14159265358979;                1193P   2827
128,1,8,1,2,0,1,0,0,1,-1.2106288391252D-16,-1.2106288391252D-16,    1195P   2828
2.85714285714286,2.85714285714286,-3.14159265358979,                1195P   2829
-3.14159265358979,-3.14159265358979,-1.5707963267949,               1195P   2830
-1.5707963267949,0.,0.,1.5707963267949,1.5707963267949,             1195P   2831
3.14159265358979,3.14159265358979,3.14159265358979,1.,1.,           1195P   2832
0.707106781186548,0.707106781186548,1.,1.,0.707106781186548,        1195P   2833
0.707106781186548,1.,1.,0.707106781186548,0.707106781186548,1.,     1195P   2834
1.,0.707106781186548,0.707106781186548,1.,1.,-34.9183290609895,     1195P   2835
31.3826700712858,7.55970112552919D-15,-34.9183290609895,            1195P   2836
31.3826700712858,5.00000000000001,-34.9183290609895,                1195P   2837
33.1326700712858,7.55970112552919D-15,-34.9183290609895,            1195P   2838
33.1326700712858,5.00000000000001,-36.6683290609895,                1195P   2839
33.1326700712858,7.55970112552919D-15,-36.6683290609895,            1195P   2840
33.1326700712858,5.00000000000001,-38.4183290609895,                1195P   2841
33.1326700712858,7.55970112552919D-15,-38.4183290609895,            1195P   2842
33.1326700712858,5.00000000000001,-38.4183290609895,                1195P   2843
31.3826700712858,7.55970112552919D-15,-38.4183290609895,            1195P   2844
31.3826700712858,5.00000000000001,-38.4183290609895,                1195P   2845
29.6326700712858,7.55970112552919D-15,-38.4183290609895,            1195P   2846
29.6326700712858,5.00000000000001,-36.6683290609895,                1195P   2847
29.6326700712858,7.55970112552919D-15,-36.6683290609895,            1195P   2848
29.6326700712858,5.00000000000001,-34.9183290609895,                1195P   2849
29.6326700712858,7.55970112552919D-15,-34.9183290609895,            1195P   2850
29.6326700712858,5.00000000000001,-34.9183290609895,                1195P   2851
31.3826700712858,7.55970112552919D-15,-34.9183290609895,            1195P   2852
31.3826700712858,5.00000000000001,-1.2106288391252D-16,             1195P   2853
2.85714285714286,-3.14159265358979,3.14159265358979;                1195P   2854
128,1,1,1,1,0,0,1,0,0,-0.276,-0.276,0.276,0.276,-0.276,-0.276,      1197P   2855
0.276,0.276,1.,1.,1.,1.,-39.4283290609895,34.1426700712858,         1197P   2856
7.75938186465356D-15,-33.9083290609895,34.1426700712858,            1197P   2857
8.20636388598788D-15,-39.4283290609895,28.6226700712858,            1197P   2858
7.33675845876432D-15,-33.9083290609895,28.6226700712858,            1197P   2859
7.78374048009864D-15,-0.276,0.276,-0.276,0.276;                     1197P   2860
502,183,-10.6677849883853,-9.4078053511998,22.5,                    1199P   2861
-10.6677849883853,-9.4078053511998,25.,-19.3987662328368,           1199P   2862
-9.4078053511998,22.5,-19.3987662328368,-9.4078053511998,25.,       1199P   2863
15.8832506304276,9.65045234173361,25.,15.8832506304276,             1199P   2864
9.65045234173361,22.5,15.8832506304276,40.3665254069511,25.,        1199P   2865
15.8832506304276,40.3665254069511,22.5,-19.3987662328367,           1199P   2866
38.3715403566667,25.,-19.3987662328367,38.3715403566667,22.5,       1199P   2867
15.8832506304276,0.327157870793375,22.5,15.8832506304276,           1199P   2868
0.327157870793375,25.,15.8832506304276,-9.4078053511998,22.5,       1199P   2869
15.8832506304276,-9.4078053511998,25.,-16.9503055121872,            1199P   2870
40.3665254069511,22.5,-14.0385290609898,-5.47332992871306,22.5,     1199P   2871
-14.0385290609885,36.5266700712869,22.5,12.0570291377694,           1199P   2872
25.7418238742269,22.5,-6.44743038346272,25.7418238742269,22.5,      1199P   2873
12.0570291377694,2.694353332812,22.5,-6.44743038346272,             1199P   2874
2.694353332812,22.5,12.0570291377694,2.694353332812,22.,            1199P   2875
-6.44743038346272,2.694353332812,22.,12.0570291377694,              1199P   2876
25.7418238742269,22.,-16.9503055121872,40.3665254069511,22.,        1199P   2877
-19.4503055121872,37.8665254069511,22.,-19.4503055121872,           1199P   2878
37.8665254069511,25.,22.6351384254897,40.3665254069511,25.,         1199P   2879
22.6351384254897,40.3665254069511,22.,16.3832506304276,             1199P   2880
10.1504523417336,25.,24.6351384254896,10.1504523417336,25.,         1199P   2881
25.1351384254896,10.6504523417336,25.,25.1351384254896,             1199P   2882
26.5724348078896,25.,29.5198674413758,29.2337362850926,25.,         1199P   2883
30.078193498173,28.9432279445989,25.,32.6168633582498,              1199P   2884
33.8222806482279,25.,25.1351384254896,37.7151735399271,25.,         1199P   2885
25.1351384254896,37.8665254069511,25.,22.9614709390115,             1199P   2886
36.5266700712858,25.,18.8879698786068,-9.4078053511998,25.,         1199P   2887
24.2742807549684,-11.3322707612833,25.,35.8763872211148,            1199P   2888
-20.8360687251994,25.,39.361647199937,-16.5813110493711,25.,        1199P   2889
28.2488275491281,-7.4783095315954,25.,25.1351384254896,             1199P   2890
-0.902774941678853,25.,25.1351384254896,-0.672842129206625,25.,     1199P   2891
24.6351384254896,-0.172842129206625,25.,16.3832506304276,           1199P   2892
-0.172842129206625,25.,22.9614709390102,-5.47332992871419,25.,      1199P   2893
-35.0385290609896,4.34130966546962,16.,-35.0385290609896,           1199P   2894
7.34130966546962,16.,-34.8883139062327,7.09130966546955,16.,        1199P   2895
-40.0383055121872,7.34130966546962,16.,-30.5383055121872,           1199P   2896
7.09130966546955,16.,-19.4503055121872,8.34130966546955,18.5,       1199P   2897
-19.4503055121872,3.34130966546955,18.5,-40.0383055121872,          1199P   2898
8.34130966546955,18.5,-40.0383055121872,3.34130966546955,18.5,      1199P   2899
-40.0383055121872,8.34130966546955,13.5,-40.0383055121872,          1199P   2900
3.34130966546955,13.5,-19.4503055121872,3.34130966546955,22.,       1199P   2901
-19.4503055121872,-3.4161207627656,22.,-19.4503055121872,           1199P   2902
-3.4161207627656,25.,-19.4503055121872,8.34130966546955,22.,        1199P   2903
-9.4503055121872,3.34130966546955,21.5,-17.4503055121872,           1199P   2904
3.34130966546955,13.5,-17.4503055121872,8.34130966546955,13.5,      1199P   2905
-9.4503055121872,8.34130966546955,21.5,-9.4503055121872,            1199P   2906
3.34130966546955,22.,-9.4503055121872,8.34130966546955,22.,         1199P   2907
25.1351384254896,37.8665254069511,22.,25.1351384254896,             1199P   2908
37.7151735399271,22.,32.6168633582498,33.8222806482279,22.,         1199P   2909
34.0975284218619,31.382754294279,22.,28.5975284321797,              1199P   2910
31.3827542941248,22.,30.078193498173,28.9432279445989,22.,          1199P   2911
29.5198674413758,29.2337362850926,22.,25.1351384254896,             1199P   2912
26.5724348078896,22.,25.1351384254896,10.6504523417336,22.,         1199P   2913
24.6351384254896,10.1504523417336,22.,16.3832506304276,             1199P   2914
10.1504523417336,22.,15.8832506304276,9.65045234173361,22.,         1199P   2915
15.8832506304276,0.327157870793375,22.,16.3832506304276,            1199P   2916
-0.172842129206625,22.,24.6351384254896,-0.172842129206625,22.,     1199P   2917
25.1351384254896,-0.672842129206625,22.,25.1351384254896,           1199P   2918
-0.902774941678853,22.,28.2488275491281,-7.4783095315954,22.,       1199P   2919
39.361647199937,-16.5813110493711,22.,35.8763872211148,             1199P   2920
-20.8360687251994,22.,24.2742807549684,-11.3322707612833,22.,       1199P   2921
18.8879698786068,-9.4078053511998,22.,-10.6677849883853,            1199P   2922
-9.4078053511998,22.,-17.5439545256286,-12.9109771076949,22.,       1199P   2923
-28.274668177776,-27.6775855905236,22.,-30.021382636429,            1199P   2924
-23.352813247181,22.,-32.7239543489334,-24.4443437859028,22.,       1199P   2925
-21.0741359749439,-8.41294900627045,22.,22.9614709390115,           1199P   2926
36.5266700712858,22.,22.9614709390102,-5.47332992871419,22.,        1199P   2927
-14.0385290609898,-5.47332992871306,22.,40.3689497535564,           1199P   2928
-18.7086898872852,22.,-12.7885290609885,36.5266700712869,22.,       1199P   2929
-16.4363463173896,39.1259823215001,22.,-6.44743038346272,           1199P   2930
25.7418238742269,22.,-21.0741359749439,-8.41294900627045,25.,       1199P   2931
-17.5439545256286,-12.9109771076949,25.,-32.7239543489334,          1199P   2932
-24.4443437859028,25.,-28.274668177776,-27.6775855905236,25.,       1199P   2933
-30.9772398902805,-28.7691161292455,5.00000000000001,               1199P   2934
-30.021382636429,-23.352813247181,5.,-27.7910509252284,             1199P   2935
-26.5382758981925,5.00000000000001,-30.0214731887729,               1199P   2936
-23.3525696630492,5.00000000000001,-36.1766819396815,               1199P   2937
-22.2666153583477,5.00000000000001,-37.1317608861575,               1199P   2938
-27.6829797616928,5.00000000000001,-34.9183290609894,               1199P   2939
-24.972309928714,5.,-27.7910703873602,-26.5383862669804,            1199P   2940
2.50000000000001,-30.0214731887729,-23.3525696630492,               1199P   2941
2.50000000000001,-36.1766819396815,-22.2666153583477,               1199P   2942
2.50000000000001,-37.1317608861575,-27.6829797616928,               1199P   2943
2.50000000000001,-30.9772398902805,-28.7691161292455,               1199P   2944
2.50000000000001,-33.9183290609894,-24.972309928714,                1199P   2945
2.50000000000001,-33.9183290609894,-24.972309928714,                1199P   2946
4.66357335912914D-15,-34.9183290609894,-24.972309928714,            1199P   2947
4.58259835526423D-15,40.3689497535564,-18.7086898872852,            1199P   2948
5.00000000000001,34.8690846674954,-18.7086898872852,                1199P   2949
5.00000000000001,34.8690846674954,-24.9586898872852,                1199P   2950
5.00000000000001,40.3690509390106,-24.9723099287139,                1199P   2951
5.00000000000001,40.3690172105259,-24.9586898872852,                1199P   2952
5.00000000000001,40.3690172105259,-18.7086898872852,                1199P   2953
5.00000000000001,37.6190846674954,-15.9586898872852,                1199P   2954
5.00000000000001,39.3690509390106,-24.9723099287139,                1199P   2955
5.00000000000001,40.3690172105259,-18.7086898872852,                1199P   2956
2.50000000000001,37.6190846674954,-15.9586898872852,                1199P   2957
2.50000000000001,34.8690846674954,-18.7086898872852,                1199P   2958
2.50000000000001,34.8690846674954,-24.9586898872852,                1199P   2959
2.50000000000001,40.3690172105259,-24.9586898872852,                1199P   2960
2.50000000000001,39.3690509390106,-24.9723099287139,                1199P   2961
1.03424615106377D-14,40.3690509390106,-24.9723099287139,            1199P   2962
1.02146884822549D-14,31.3475284270208,34.1325858484467,             1199P   2963
5.00000000000001,31.3475284270208,34.1325858484467,                 1199P   2964
2.50000000000001,28.5975284296003,31.3827542941249,                 1199P   2965
2.50000000000001,31.3779637581797,28.6329227191714,22.,             1199P   2966
31.37796562232,28.6327542941252,5.,31.3475284270208,                1199P   2967
28.6327542941252,2.50000000000001,31.3475284270208,                 1199P   2968
28.6327542941252,22.,37.5975284270208,28.6327542941252,             1199P   2969
2.50000000000001,37.5975284270208,28.6327542941252,                 1199P   2970
5.00000000000001,37.5975284270208,34.1325858484467,                 1199P   2971
5.00000000000001,37.5975284270208,34.1325858484467,                 1199P   2972
2.50000000000001,39.3690509390105,31.3826700712859,                 1199P   2973
5.00000000000001,39.3690509390105,31.3826700712859,                 1199P   2974
1.45746055768906D-14,40.3690509390105,31.3826700712859,             1199P   2975
5.00000000000001,40.3690509390105,31.3826700712859,                 1199P   2976
1.46555805807556D-14,-14.0385290609885,36.5266700712869,18.,        1199P   2977
-32.9674722019962,32.4456885059044,15.,-27.8950141346556,           1199P   2978
32.4456598769344,15.,-30.4312491677796,34.1326397203621,15.,        1199P   2979
-30.4455600765636,34.1326397203621,15.,-31.3161392147935,           1199P   2980
33.9864171023285,15.,-16.4363463173896,39.1259823215001,15.,        1199P   2981
-14.6407118045875,33.9273578210737,15.,-29.5334319113785,           1199P   2982
28.7833274701489,15.,-31.3290664241806,33.9819519705753,15.,        1199P   2983
-31.3290664241806,33.9819519705753,18.,-16.4363463173896,           1199P   2984
39.1259823215001,18.,-14.6407118045875,33.9273578210737,18.,        1199P   2985
-29.5334319113785,28.7833274701489,18.,-27.8950141346556,           1199P   2986
32.4456598769344,5.00000000000001,-30.4455600765636,                1199P   2987
34.1326397203621,5.00000000000001,-36.6554089541997,                1199P   2988
34.1326397203621,5.00000000000001,-36.6554089542321,                1199P   2989
28.6327004222094,5.00000000000001,-30.4312491677796,                1199P   2990
28.6327004222094,5.00000000000001,-27.6812491677796,                1199P   2991
31.3826397203621,5.00000000000001,-34.9183290609895,                1199P   2992
31.3826700712858,5.00000000000001,-27.6812491677796,                1199P   2993
31.3826397203621,2.50000000000001,-30.4312491677796,                1199P   2994
34.1326397203621,2.50000000000001,-36.6554089541997,                1199P   2995
34.1326397203621,2.50000000000001,-36.6554089542321,                1199P   2996
28.6327004222094,2.50000000000001,-30.4312491677796,                1199P   2997
28.6327004222094,2.50000000000001,-33.9183290609895,                1199P   2998
31.3826700712858,2.50000000000001,-33.9183290609895,                1199P   2999
31.3826700712858,7.99424243300461D-15,-34.9183290609895,            1199P   3000
31.3826700712858,7.9132674291397D-15;                               1199P   3001
504,277,445,1199,1,1199,2,447,1199,1,1199,3,449,1199,4,1199,3,      1201P   3002
451,1199,2,1199,4,453,1199,5,1199,6,455,1199,7,1199,5,457,1199,     1201P   3003
8,1199,7,459,1199,8,1199,6,461,1199,4,1199,9,463,1199,3,1199,10,    1201P   3004
465,1199,9,1199,10,467,1199,11,1199,12,469,1199,11,1199,13,471,     1201P   3005
1199,14,1199,13,473,1199,12,1199,14,475,1199,15,1199,8,477,1199,    1201P   3006
10,1199,15,479,1199,13,1199,1,481,1199,6,1199,11,483,1199,16,       1201P   3007
1199,16,485,1199,17,1199,17,487,1199,18,1199,19,489,1199,20,        1201P   3008
1199,18,491,1199,21,1199,20,493,1199,19,1199,21,495,1199,20,        1201P   3009
1199,22,497,1199,23,1199,22,499,1199,21,1199,23,501,1199,18,        1201P   3010
1199,24,503,1199,22,1199,24,505,1199,15,1199,25,507,1199,25,        1201P   3011
1199,26,509,1199,26,1199,27,511,1199,27,1199,9,513,1199,7,1199,     1201P   3012
28,515,1199,29,1199,28,517,1199,25,1199,29,519,1199,30,1199,5,      1201P   3013
521,1199,30,1199,31,523,1199,32,1199,31,525,1199,33,1199,32,527,    1201P   3014
1199,34,1199,33,529,1199,34,1199,35,531,1199,35,1199,36,533,        1201P   3015
1199,36,1199,37,535,1199,38,1199,37,537,1199,28,1199,38,539,        1201P   3016
1199,39,1199,39,541,1199,40,1199,14,543,1199,41,1199,40,545,        1201P   3017
1199,41,1199,42,547,1199,42,1199,43,549,1199,43,1199,44,551,        1201P   3018
1199,45,1199,44,553,1199,46,1199,45,555,1199,47,1199,46,557,        1201P   3019
1199,47,1199,48,559,1199,12,1199,48,561,1199,49,1199,49,563,        1201P   3020
1199,50,1199,51,565,1199,51,1199,50,567,1199,51,1199,52,569,        1201P   3021
1199,52,1199,52,571,1199,53,1199,53,573,1199,53,1199,51,575,        1201P   3022
1199,52,1199,54,577,1199,54,1199,54,579,1199,55,1199,56,581,        1201P   3023
1199,55,1199,57,583,1199,58,1199,57,585,1199,56,1199,58,587,        1201P   3024
1199,57,1199,59,589,1199,59,1199,60,591,1199,60,1199,58,593,        1201P   3025
1199,61,1199,56,595,1199,62,1199,61,597,1199,63,1199,62,599,        1201P   3026
1199,63,1199,27,601,1199,64,1199,26,603,1199,64,1199,55,605,        1201P   3027
1199,65,1199,66,607,1199,66,1199,67,609,1199,67,1199,68,611,        1201P   3028
1199,68,1199,65,613,1199,66,1199,60,615,1199,67,1199,59,617,        1201P   3029
1199,69,1199,65,619,1199,61,1199,69,621,1199,70,1199,68,623,        1201P   3030
1199,69,1199,70,625,1199,70,1199,64,627,1199,71,1199,29,629,        1201P   3031
1199,71,1199,72,631,1199,73,1199,72,633,1199,74,1199,73,635,        1201P   3032
1199,74,1199,75,637,1199,75,1199,76,639,1199,77,1199,76,641,        1201P   3033
1199,78,1199,77,643,1199,78,1199,79,645,1199,80,1199,79,647,        1201P   3034
1199,80,1199,81,649,1199,82,1199,81,651,1199,82,1199,83,653,        1201P   3035
1199,84,1199,83,655,1199,84,1199,85,657,1199,86,1199,85,659,        1201P   3036
1199,86,1199,87,661,1199,88,1199,87,663,1199,89,1199,88,665,        1201P   3037
1199,90,1199,89,667,1199,91,1199,90,669,1199,92,1199,91,671,        1201P   3038
1199,92,1199,93,673,1199,94,1199,93,675,1199,95,1199,94,677,        1201P   3039
1199,95,1199,96,679,1199,96,1199,97,681,1199,98,1199,97,683,        1201P   3040
1199,62,1199,98,685,1199,99,1199,99,687,1199,100,1199,100,689,      1201P   3041
1199,101,1199,101,691,1199,102,1199,102,693,1199,103,1199,104,      1201P   3042
695,1199,104,1199,103,697,1199,24,1199,105,699,1199,105,1199,23,    1201P   3043
701,1199,106,1199,63,703,1199,98,1199,106,705,1199,87,1199,45,      1201P   3044
707,1199,44,1199,88,709,1199,46,1199,86,711,1199,40,1199,92,713,    1201P   3045
1199,91,1199,41,715,1199,93,1199,1,717,1199,2,1199,107,719,1199,    1201P   3046
107,1199,94,721,1199,48,1199,84,723,1199,83,1199,11,725,1199,85,    1201P   3047
1199,47,727,1199,6,1199,82,729,1199,81,1199,30,731,1199,106,        1201P   3048
1199,108,733,1199,108,1199,109,735,1199,109,1199,107,737,1199,      1201P   3049
79,1199,32,739,1199,31,1199,80,741,1199,33,1199,78,743,1199,77,     1201P   3050
1199,34,745,1199,38,1199,71,747,1199,72,1199,37,749,1199,39,        1201P   3051
1199,99,751,1199,49,1199,100,753,1199,16,1199,101,755,1199,19,      1201P   3052
1199,105,757,1199,97,1199,108,759,1199,95,1199,109,761,1199,110,    1201P   3053
1199,111,763,1199,111,1199,112,765,1199,112,1199,113,767,1199,      1201P   3054
114,1199,113,769,1199,114,1199,115,771,1199,110,1199,115,773,       1201P   3055
1199,116,1199,116,775,1199,112,1199,117,777,1199,118,1199,117,      1201P   3056
779,1199,113,1199,118,781,1199,119,1199,118,783,1199,114,1199,      1201P   3057
119,785,1199,120,1199,115,787,1199,121,1199,120,789,1199,110,       1201P   3058
1199,121,791,1199,117,1199,121,793,1199,111,1199,96,795,1199,       1201P   3059
122,1199,120,797,1199,119,1199,122,799,1199,122,1199,123,801,       1201P   3060
1199,123,1199,123,803,1199,116,1199,124,805,1199,124,1199,124,      1201P   3061
807,1199,90,1199,42,809,1199,89,1199,43,811,1199,102,1199,125,      1201P   3062
813,1199,126,1199,125,815,1199,125,1199,126,817,1199,127,1199,      1201P   3063
128,819,1199,128,1199,129,821,1199,129,1199,130,823,1199,130,       1201P   3064
1199,131,825,1199,131,1199,126,827,1199,126,1199,127,829,1199,      1201P   3065
132,1199,132,831,1199,130,1199,133,833,1199,134,1199,133,835,       1201P   3066
1199,131,1199,134,837,1199,135,1199,134,839,1199,126,1199,135,      1201P   3067
841,1199,136,1199,135,843,1199,127,1199,136,845,1199,137,1199,      1201P   3068
129,847,1199,133,1199,137,849,1199,136,1199,137,851,1199,132,       1201P   3069
1199,138,853,1199,138,1199,138,855,1199,128,1199,139,857,1199,      1201P   3070
139,1199,139,859,1199,76,1199,35,861,1199,73,1199,36,863,1199,      1201P   3071
140,1199,141,865,1199,142,1199,141,867,1199,142,1199,75,869,        1201P   3072
1199,74,1199,143,871,1199,144,1199,143,873,1199,140,1199,144,       1201P   3073
875,1199,145,1199,142,877,1199,145,1199,146,879,1199,143,1199,      1201P   3074
146,881,1199,147,1199,145,883,1199,148,1199,147,885,1199,144,       1201P   3075
1199,148,887,1199,149,1199,140,889,1199,150,1199,149,891,1199,      1201P   3076
141,1199,150,893,1199,147,1199,150,895,1199,151,1199,151,897,       1201P   3077
1199,151,1199,152,899,1199,152,1199,152,901,1199,153,1199,149,      1201P   3078
903,1199,153,1199,154,905,1199,154,1199,154,907,1199,148,1199,      1201P   3079
153,909,1199,17,1199,155,911,1199,155,1199,155,913,1199,156,        1201P   3080
1199,157,915,1199,157,1199,158,917,1199,158,1199,159,919,1199,      1201P   3081
159,1199,160,921,1199,161,1199,160,923,1199,162,1199,161,925,       1201P   3082
1199,163,1199,162,927,1199,156,1199,163,929,1199,164,1199,160,      1201P   3083
931,1199,164,1199,165,933,1199,166,1199,165,935,1199,161,1199,      1201P   3084
166,937,1199,104,1199,166,939,1199,167,1199,166,941,1199,162,       1201P   3085
1199,167,943,1199,168,1199,167,945,1199,163,1199,168,947,1199,      1201P   3086
156,1199,164,949,1199,165,1199,168,951,1199,169,1199,170,953,       1201P   3087
1199,169,1199,157,955,1199,170,1199,159,957,1199,171,1199,170,      1201P   3088
959,1199,171,1199,172,961,1199,173,1199,172,963,1199,173,1199,      1201P   3089
174,965,1199,174,1199,169,967,1199,175,1199,175,969,1199,174,       1201P   3090
1199,176,971,1199,177,1199,176,973,1199,177,1199,158,975,1199,      1201P   3091
178,1199,177,977,1199,171,1199,178,979,1199,179,1199,172,981,       1201P   3092
1199,180,1199,179,983,1199,173,1199,180,985,1199,176,1199,180,      1201P   3093
987,1199,181,1199,179,989,1199,178,1199,181,991,1199,181,1199,      1201P   3094
182,993,1199,182,1199,182,995,1199,175,1199,183,997,1199,183,       1201P   3095
1199,183;                                                           1201P   3096
406,1,5HBody1;                                                      1203P   3097
314,62.7450980392157,62.7450980392157,62.7450980392157,13HSteel     1205P   3098
- Satin;                                                            1205P   3099
S      1G      3D   1206P   3099                                        T      1
