ISO-10303-21;
HEADER;
/* Generated by software containing ST-Developer
 * from STEP Tools, Inc. (www.steptools.com) 
 */

FILE_DESCRIPTION(
/* description */ (''),
/* implementation_level */ '2;1');

FILE_NAME(
/* name */ 'MY-CAM Holder.step',
/* time_stamp */ '2026-08-25T12:49:51-05:00',
/* author */ (''),
/* organization */ (''),
/* preprocessor_version */ 'ST-DEVELOPER v20.1',
/* originating_system */ 'Autodesk Translation Framework v15.8.0.0',
/* authorisation */ '');

FILE_SCHEMA (('AUTOMOTIVE_DESIGN { 1 0 10303 214 3 1 1 }'));
ENDSEC;

DATA;
#10=MECHANICAL_DESIGN_GEOMETRIC_PRESENTATION_REPRESENTATION('',(#13),#3559);
#11=SHAPE_REPRESENTATION_RELATIONSHIP('SRR','None',#3566,#12);
#12=ADVANCED_BREP_SHAPE_REPRESENTATION('',(#14),#3558);
#13=STYLED_ITEM('',(#3575),#14);
#14=MANIFOLD_SOLID_BREP('Body1',#2101);
#15=CONICAL_SURFACE('',#2193,0.75,1.02974425867665);
#16=FACE_BOUND('',#290,.T.);
#17=FACE_BOUND('',#292,.T.);
#18=FACE_BOUND('',#293,.T.);
#19=FACE_BOUND('',#294,.T.);
#20=FACE_BOUND('',#295,.T.);
#21=FACE_BOUND('',#310,.T.);
#22=FACE_BOUND('',#312,.T.);
#23=FACE_BOUND('',#314,.T.);
#24=FACE_BOUND('',#316,.T.);
#25=FACE_BOUND('',#323,.T.);
#26=FACE_BOUND('',#350,.T.);
#27=FACE_BOUND('',#359,.T.);
#28=FACE_BOUND('',#365,.T.);
#29=FACE_BOUND('',#374,.T.);
#30=FACE_BOUND('',#385,.T.);
#31=FACE_BOUND('',#387,.T.);
#32=FACE_BOUND('',#397,.T.);
#33=FACE_BOUND('',#406,.T.);
#34=CYLINDRICAL_SURFACE('',#2120,2.75);
#35=CYLINDRICAL_SURFACE('',#2123,2.75);
#36=CYLINDRICAL_SURFACE('',#2130,2.74999999999999);
#37=CYLINDRICAL_SURFACE('',#2165,3.);
#38=CYLINDRICAL_SURFACE('',#2169,3.);
#39=CYLINDRICAL_SURFACE('',#2196,1.5);
#40=CYLINDRICAL_SURFACE('',#2198,1.25);
#41=CYLINDRICAL_SURFACE('',#2206,8.5);
#42=CYLINDRICAL_SURFACE('',#2207,8.5);
#43=CYLINDRICAL_SURFACE('',#2209,8.5);
#44=CYLINDRICAL_SURFACE('',#2211,8.5);
#45=CYLINDRICAL_SURFACE('',#2212,0.5);
#46=CYLINDRICAL_SURFACE('',#2213,0.5);
#47=CYLINDRICAL_SURFACE('',#2215,3.);
#48=CYLINDRICAL_SURFACE('',#2216,2.5);
#49=CYLINDRICAL_SURFACE('',#2218,2.5);
#50=CYLINDRICAL_SURFACE('',#2219,1.5);
#51=CYLINDRICAL_SURFACE('',#2220,1.5);
#52=CYLINDRICAL_SURFACE('',#2221,1.5);
#53=CYLINDRICAL_SURFACE('',#2233,2.75000000000001);
#54=CYLINDRICAL_SURFACE('',#2240,2.75);
#55=CYLINDRICAL_SURFACE('',#2242,1.75);
#56=CYLINDRICAL_SURFACE('',#2247,2.75);
#57=CYLINDRICAL_SURFACE('',#2248,2.7499325430305);
#58=CYLINDRICAL_SURFACE('',#2256,2.75);
#59=CYLINDRICAL_SURFACE('',#2258,2.75);
#60=CYLINDRICAL_SURFACE('',#2264,1.75);
#61=CYLINDRICAL_SURFACE('',#2266,2.75);
#62=CYLINDRICAL_SURFACE('',#2273,2.74999999999999);
#63=CYLINDRICAL_SURFACE('',#2279,1.75);
#64=CYLINDRICAL_SURFACE('',#2282,2.75);
#65=CYLINDRICAL_SURFACE('',#2288,1.5);
#66=CYLINDRICAL_SURFACE('',#2298,2.75);
#67=CYLINDRICAL_SURFACE('',#2302,2.7499765354698);
#68=CYLINDRICAL_SURFACE('',#2309,2.74999999999999);
#69=CYLINDRICAL_SURFACE('',#2313,2.74999999999999);
#70=CYLINDRICAL_SURFACE('',#2318,2.75);
#71=CYLINDRICAL_SURFACE('',#2320,1.75);
#72=CIRCLE('',#2118,2.5);
#73=CIRCLE('',#2119,2.75);
#74=CIRCLE('',#2121,2.75);
#75=CIRCLE('',#2122,2.75);
#76=CIRCLE('',#2124,2.75);
#77=CIRCLE('',#2125,2.75000000000001);
#78=CIRCLE('',#2126,2.75);
#79=CIRCLE('',#2127,2.75000000000001);
#80=CIRCLE('',#2128,2.75);
#81=CIRCLE('',#2129,2.75000000000001);
#82=CIRCLE('',#2131,2.74999999999999);
#83=CIRCLE('',#2132,2.74999999999999);
#84=CIRCLE('',#2133,2.74999999999999);
#85=CIRCLE('',#2134,2.74999999999999);
#86=CIRCLE('',#2139,3.);
#87=CIRCLE('',#2140,3.);
#88=CIRCLE('',#2142,2.5);
#89=CIRCLE('',#2143,2.5);
#90=CIRCLE('',#2144,2.74999999484109);
#91=CIRCLE('',#2145,2.74999999999999);
#92=CIRCLE('',#2146,3.);
#93=CIRCLE('',#2147,0.5);
#94=CIRCLE('',#2148,0.5);
#95=CIRCLE('',#2149,8.5);
#96=CIRCLE('',#2150,2.75);
#97=CIRCLE('',#2151,2.7499325430305);
#98=CIRCLE('',#2152,2.75);
#99=CIRCLE('',#2153,8.5);
#100=CIRCLE('',#2154,8.5);
#101=CIRCLE('',#2155,8.5);
#102=CIRCLE('',#2156,1.5);
#103=CIRCLE('',#2157,1.5);
#104=CIRCLE('',#2158,1.5);
#105=CIRCLE('',#2166,3.);
#106=CIRCLE('',#2170,3.);
#107=CIRCLE('',#2175,2.5);
#108=CIRCLE('',#2176,1.5);
#109=CIRCLE('',#2178,0.5);
#110=CIRCLE('',#2179,3.);
#111=CIRCLE('',#2180,2.74999999484109);
#112=CIRCLE('',#2181,2.5);
#113=CIRCLE('',#2182,1.5);
#114=CIRCLE('',#2184,8.5);
#115=CIRCLE('',#2185,2.75);
#116=CIRCLE('',#2186,8.5);
#117=CIRCLE('',#2187,0.5);
#118=CIRCLE('',#2188,1.5);
#119=CIRCLE('',#2190,8.5);
#120=CIRCLE('',#2191,8.5);
#121=CIRCLE('',#2192,1.5);
#122=CIRCLE('',#2194,1.5);
#123=CIRCLE('',#2195,1.25);
#124=CIRCLE('',#2197,1.5);
#125=CIRCLE('',#2199,1.25);
#126=CIRCLE('',#2229,2.75000000000001);
#127=CIRCLE('',#2230,2.75);
#128=CIRCLE('',#2231,1.75);
#129=CIRCLE('',#2234,2.75000000000001);
#130=CIRCLE('',#2238,2.75);
#131=CIRCLE('',#2239,2.75);
#132=CIRCLE('',#2241,2.75);
#133=CIRCLE('',#2243,1.75);
#134=CIRCLE('',#2249,2.7499325430305);
#135=CIRCLE('',#2251,2.75);
#136=CIRCLE('',#2252,2.75);
#137=CIRCLE('',#2253,2.75);
#138=CIRCLE('',#2254,2.75);
#139=CIRCLE('',#2255,1.75);
#140=CIRCLE('',#2257,2.75);
#141=CIRCLE('',#2259,2.75);
#142=CIRCLE('',#2263,2.75);
#143=CIRCLE('',#2265,1.75);
#144=CIRCLE('',#2267,2.75);
#145=CIRCLE('',#2272,2.74999999484109);
#146=CIRCLE('',#2274,2.74999999999999);
#147=CIRCLE('',#2278,2.75);
#148=CIRCLE('',#2280,1.75);
#149=CIRCLE('',#2281,1.75);
#150=CIRCLE('',#2283,2.75);
#151=CIRCLE('',#2284,2.75);
#152=CIRCLE('',#2285,2.75);
#153=CIRCLE('',#2289,1.5);
#154=CIRCLE('',#2292,2.7499765354698);
#155=CIRCLE('',#2293,2.74999999933005);
#156=CIRCLE('',#2294,2.7499765354698);
#157=CIRCLE('',#2295,2.75);
#158=CIRCLE('',#2299,2.75);
#159=CIRCLE('',#2301,2.7499765354698);
#160=CIRCLE('',#2303,2.7499765354698);
#161=CIRCLE('',#2305,2.75);
#162=CIRCLE('',#2306,2.74999999999999);
#163=CIRCLE('',#2307,2.74999999999999);
#164=CIRCLE('',#2308,1.75);
#165=CIRCLE('',#2310,2.74999999999999);
#166=CIRCLE('',#2314,2.74999999999999);
#167=CIRCLE('',#2316,2.75);
#168=CIRCLE('',#2317,2.75);
#169=CIRCLE('',#2319,2.75);
#170=CIRCLE('',#2321,1.75);
#171=FACE_OUTER_BOUND('',#280,.T.);
#172=FACE_OUTER_BOUND('',#281,.T.);
#173=FACE_OUTER_BOUND('',#282,.T.);
#174=FACE_OUTER_BOUND('',#283,.T.);
#175=FACE_OUTER_BOUND('',#284,.T.);
#176=FACE_OUTER_BOUND('',#285,.T.);
#177=FACE_OUTER_BOUND('',#286,.T.);
#178=FACE_OUTER_BOUND('',#287,.T.);
#179=FACE_OUTER_BOUND('',#288,.T.);
#180=FACE_OUTER_BOUND('',#289,.T.);
#181=FACE_OUTER_BOUND('',#291,.T.);
#182=FACE_OUTER_BOUND('',#296,.T.);
#183=FACE_OUTER_BOUND('',#297,.T.);
#184=FACE_OUTER_BOUND('',#298,.T.);
#185=FACE_OUTER_BOUND('',#299,.T.);
#186=FACE_OUTER_BOUND('',#300,.T.);
#187=FACE_OUTER_BOUND('',#301,.T.);
#188=FACE_OUTER_BOUND('',#302,.T.);
#189=FACE_OUTER_BOUND('',#303,.T.);
#190=FACE_OUTER_BOUND('',#304,.T.);
#191=FACE_OUTER_BOUND('',#305,.T.);
#192=FACE_OUTER_BOUND('',#306,.T.);
#193=FACE_OUTER_BOUND('',#307,.T.);
#194=FACE_OUTER_BOUND('',#308,.T.);
#195=FACE_OUTER_BOUND('',#309,.T.);
#196=FACE_OUTER_BOUND('',#311,.T.);
#197=FACE_OUTER_BOUND('',#313,.T.);
#198=FACE_OUTER_BOUND('',#315,.T.);
#199=FACE_OUTER_BOUND('',#317,.T.);
#200=FACE_OUTER_BOUND('',#318,.T.);
#201=FACE_OUTER_BOUND('',#319,.T.);
#202=FACE_OUTER_BOUND('',#320,.T.);
#203=FACE_OUTER_BOUND('',#321,.T.);
#204=FACE_OUTER_BOUND('',#322,.T.);
#205=FACE_OUTER_BOUND('',#324,.T.);
#206=FACE_OUTER_BOUND('',#325,.T.);
#207=FACE_OUTER_BOUND('',#326,.T.);
#208=FACE_OUTER_BOUND('',#327,.T.);
#209=FACE_OUTER_BOUND('',#328,.T.);
#210=FACE_OUTER_BOUND('',#329,.T.);
#211=FACE_OUTER_BOUND('',#330,.T.);
#212=FACE_OUTER_BOUND('',#331,.T.);
#213=FACE_OUTER_BOUND('',#332,.T.);
#214=FACE_OUTER_BOUND('',#333,.T.);
#215=FACE_OUTER_BOUND('',#334,.T.);
#216=FACE_OUTER_BOUND('',#335,.T.);
#217=FACE_OUTER_BOUND('',#336,.T.);
#218=FACE_OUTER_BOUND('',#337,.T.);
#219=FACE_OUTER_BOUND('',#338,.T.);
#220=FACE_OUTER_BOUND('',#339,.T.);
#221=FACE_OUTER_BOUND('',#340,.T.);
#222=FACE_OUTER_BOUND('',#341,.T.);
#223=FACE_OUTER_BOUND('',#342,.T.);
#224=FACE_OUTER_BOUND('',#343,.T.);
#225=FACE_OUTER_BOUND('',#344,.T.);
#226=FACE_OUTER_BOUND('',#345,.T.);
#227=FACE_OUTER_BOUND('',#346,.T.);
#228=FACE_OUTER_BOUND('',#347,.T.);
#229=FACE_OUTER_BOUND('',#348,.T.);
#230=FACE_OUTER_BOUND('',#349,.T.);
#231=FACE_OUTER_BOUND('',#351,.T.);
#232=FACE_OUTER_BOUND('',#352,.T.);
#233=FACE_OUTER_BOUND('',#353,.T.);
#234=FACE_OUTER_BOUND('',#354,.T.);
#235=FACE_OUTER_BOUND('',#355,.T.);
#236=FACE_OUTER_BOUND('',#356,.T.);
#237=FACE_OUTER_BOUND('',#357,.T.);
#238=FACE_OUTER_BOUND('',#358,.T.);
#239=FACE_OUTER_BOUND('',#360,.T.);
#240=FACE_OUTER_BOUND('',#361,.T.);
#241=FACE_OUTER_BOUND('',#362,.T.);
#242=FACE_OUTER_BOUND('',#363,.T.);
#243=FACE_OUTER_BOUND('',#364,.T.);
#244=FACE_OUTER_BOUND('',#366,.T.);
#245=FACE_OUTER_BOUND('',#367,.T.);
#246=FACE_OUTER_BOUND('',#368,.T.);
#247=FACE_OUTER_BOUND('',#369,.T.);
#248=FACE_OUTER_BOUND('',#370,.T.);
#249=FACE_OUTER_BOUND('',#371,.T.);
#250=FACE_OUTER_BOUND('',#372,.T.);
#251=FACE_OUTER_BOUND('',#373,.T.);
#252=FACE_OUTER_BOUND('',#375,.T.);
#253=FACE_OUTER_BOUND('',#376,.T.);
#254=FACE_OUTER_BOUND('',#377,.T.);
#255=FACE_OUTER_BOUND('',#378,.T.);
#256=FACE_OUTER_BOUND('',#379,.T.);
#257=FACE_OUTER_BOUND('',#380,.T.);
#258=FACE_OUTER_BOUND('',#381,.T.);
#259=FACE_OUTER_BOUND('',#382,.T.);
#260=FACE_OUTER_BOUND('',#383,.T.);
#261=FACE_OUTER_BOUND('',#384,.T.);
#262=FACE_OUTER_BOUND('',#386,.T.);
#263=FACE_OUTER_BOUND('',#388,.T.);
#264=FACE_OUTER_BOUND('',#389,.T.);
#265=FACE_OUTER_BOUND('',#390,.T.);
#266=FACE_OUTER_BOUND('',#391,.T.);
#267=FACE_OUTER_BOUND('',#392,.T.);
#268=FACE_OUTER_BOUND('',#393,.T.);
#269=FACE_OUTER_BOUND('',#394,.T.);
#270=FACE_OUTER_BOUND('',#395,.T.);
#271=FACE_OUTER_BOUND('',#396,.T.);
#272=FACE_OUTER_BOUND('',#398,.T.);
#273=FACE_OUTER_BOUND('',#399,.T.);
#274=FACE_OUTER_BOUND('',#400,.T.);
#275=FACE_OUTER_BOUND('',#401,.T.);
#276=FACE_OUTER_BOUND('',#402,.T.);
#277=FACE_OUTER_BOUND('',#403,.T.);
#278=FACE_OUTER_BOUND('',#404,.T.);
#279=FACE_OUTER_BOUND('',#405,.T.);
#280=EDGE_LOOP('',(#1316,#1317,#1318,#1319,#1320,#1321,#1322));
#281=EDGE_LOOP('',(#1323,#1324,#1325,#1326,#1327,#1328,#1329,#1330,#1331,
#1332));
#282=EDGE_LOOP('',(#1333,#1334,#1335,#1336,#1337));
#283=EDGE_LOOP('',(#1338,#1339,#1340,#1341));
#284=EDGE_LOOP('',(#1342,#1343,#1344,#1345,#1346,#1347,#1348,#1349,#1350,
#1351,#1352,#1353,#1354));
#285=EDGE_LOOP('',(#1355,#1356,#1357,#1358,#1359,#1360,#1361,#1362));
#286=EDGE_LOOP('',(#1363,#1364,#1365,#1366));
#287=EDGE_LOOP('',(#1367,#1368,#1369,#1370));
#288=EDGE_LOOP('',(#1371,#1372,#1373,#1374));
#289=EDGE_LOOP('',(#1375,#1376,#1377,#1378,#1379,#1380,#1381,#1382,#1383,
#1384,#1385,#1386,#1387,#1388,#1389,#1390,#1391,#1392));
#290=EDGE_LOOP('',(#1393,#1394,#1395,#1396));
#291=EDGE_LOOP('',(#1397,#1398,#1399,#1400,#1401,#1402,#1403,#1404,#1405,
#1406,#1407,#1408,#1409,#1410,#1411,#1412,#1413,#1414,#1415,#1416,#1417,
#1418,#1419,#1420,#1421,#1422,#1423,#1424,#1425,#1426,#1427,#1428,#1429,
#1430,#1431,#1432,#1433,#1434,#1435,#1436,#1437,#1438,#1439));
#292=EDGE_LOOP('',(#1440));
#293=EDGE_LOOP('',(#1441));
#294=EDGE_LOOP('',(#1442,#1443,#1444,#1445));
#295=EDGE_LOOP('',(#1446));
#296=EDGE_LOOP('',(#1447,#1448,#1449,#1450));
#297=EDGE_LOOP('',(#1451,#1452,#1453,#1454));
#298=EDGE_LOOP('',(#1455,#1456,#1457,#1458));
#299=EDGE_LOOP('',(#1459,#1460,#1461,#1462,#1463,#1464));
#300=EDGE_LOOP('',(#1465,#1466,#1467,#1468));
#301=EDGE_LOOP('',(#1469,#1470,#1471,#1472));
#302=EDGE_LOOP('',(#1473,#1474,#1475,#1476));
#303=EDGE_LOOP('',(#1477,#1478,#1479,#1480));
#304=EDGE_LOOP('',(#1481,#1482,#1483,#1484));
#305=EDGE_LOOP('',(#1485,#1486,#1487,#1488));
#306=EDGE_LOOP('',(#1489,#1490,#1491,#1492));
#307=EDGE_LOOP('',(#1493,#1494,#1495,#1496));
#308=EDGE_LOOP('',(#1497,#1498,#1499,#1500,#1501,#1502,#1503,#1504));
#309=EDGE_LOOP('',(#1505,#1506,#1507,#1508,#1509,#1510));
#310=EDGE_LOOP('',(#1511));
#311=EDGE_LOOP('',(#1512,#1513,#1514,#1515,#1516,#1517,#1518,#1519,#1520,
#1521,#1522));
#312=EDGE_LOOP('',(#1523));
#313=EDGE_LOOP('',(#1524,#1525,#1526,#1527,#1528,#1529,#1530,#1531,#1532,
#1533));
#314=EDGE_LOOP('',(#1534));
#315=EDGE_LOOP('',(#1535,#1536,#1537,#1538,#1539,#1540,#1541,#1542,#1543));
#316=EDGE_LOOP('',(#1544));
#317=EDGE_LOOP('',(#1545,#1546,#1547,#1548));
#318=EDGE_LOOP('',(#1549,#1550,#1551,#1552));
#319=EDGE_LOOP('',(#1553,#1554,#1555,#1556));
#320=EDGE_LOOP('',(#1557));
#321=EDGE_LOOP('',(#1558,#1559,#1560,#1561));
#322=EDGE_LOOP('',(#1562,#1563,#1564,#1565));
#323=EDGE_LOOP('',(#1566));
#324=EDGE_LOOP('',(#1567,#1568,#1569,#1570));
#325=EDGE_LOOP('',(#1571,#1572,#1573,#1574));
#326=EDGE_LOOP('',(#1575,#1576,#1577,#1578,#1579,#1580));
#327=EDGE_LOOP('',(#1581,#1582,#1583,#1584));
#328=EDGE_LOOP('',(#1585,#1586,#1587,#1588));
#329=EDGE_LOOP('',(#1589,#1590,#1591,#1592));
#330=EDGE_LOOP('',(#1593,#1594,#1595,#1596));
#331=EDGE_LOOP('',(#1597,#1598,#1599,#1600,#1601,#1602));
#332=EDGE_LOOP('',(#1603,#1604,#1605,#1606,#1607));
#333=EDGE_LOOP('',(#1608,#1609,#1610,#1611));
#334=EDGE_LOOP('',(#1612,#1613,#1614,#1615));
#335=EDGE_LOOP('',(#1616,#1617,#1618,#1619));
#336=EDGE_LOOP('',(#1620,#1621,#1622,#1623));
#337=EDGE_LOOP('',(#1624,#1625,#1626,#1627));
#338=EDGE_LOOP('',(#1628,#1629,#1630,#1631));
#339=EDGE_LOOP('',(#1632,#1633,#1634,#1635,#1636));
#340=EDGE_LOOP('',(#1637,#1638,#1639,#1640));
#341=EDGE_LOOP('',(#1641,#1642,#1643,#1644));
#342=EDGE_LOOP('',(#1645,#1646,#1647,#1648));
#343=EDGE_LOOP('',(#1649,#1650,#1651,#1652));
#344=EDGE_LOOP('',(#1653,#1654,#1655,#1656));
#345=EDGE_LOOP('',(#1657,#1658,#1659,#1660,#1661,#1662));
#346=EDGE_LOOP('',(#1663,#1664,#1665,#1666,#1667,#1668));
#347=EDGE_LOOP('',(#1669,#1670,#1671,#1672));
#348=EDGE_LOOP('',(#1673,#1674,#1675,#1676));
#349=EDGE_LOOP('',(#1677,#1678,#1679,#1680,#1681,#1682));
#350=EDGE_LOOP('',(#1683));
#351=EDGE_LOOP('',(#1684,#1685,#1686,#1687));
#352=EDGE_LOOP('',(#1688,#1689,#1690,#1691));
#353=EDGE_LOOP('',(#1692,#1693,#1694,#1695));
#354=EDGE_LOOP('',(#1696,#1697,#1698,#1699));
#355=EDGE_LOOP('',(#1700,#1701,#1702,#1703,#1704,#1705,#1706));
#356=EDGE_LOOP('',(#1707,#1708,#1709,#1710,#1711,#1712,#1713,#1714));
#357=EDGE_LOOP('',(#1715,#1716,#1717,#1718));
#358=EDGE_LOOP('',(#1719));
#359=EDGE_LOOP('',(#1720));
#360=EDGE_LOOP('',(#1721,#1722,#1723,#1724));
#361=EDGE_LOOP('',(#1725,#1726,#1727,#1728));
#362=EDGE_LOOP('',(#1729,#1730,#1731,#1732,#1733));
#363=EDGE_LOOP('',(#1734,#1735,#1736,#1737));
#364=EDGE_LOOP('',(#1738,#1739,#1740,#1741,#1742,#1743,#1744));
#365=EDGE_LOOP('',(#1745));
#366=EDGE_LOOP('',(#1746,#1747,#1748,#1749));
#367=EDGE_LOOP('',(#1750,#1751,#1752,#1753));
#368=EDGE_LOOP('',(#1754,#1755,#1756,#1757));
#369=EDGE_LOOP('',(#1758,#1759,#1760,#1761));
#370=EDGE_LOOP('',(#1762,#1763,#1764,#1765,#1766));
#371=EDGE_LOOP('',(#1767,#1768,#1769,#1770));
#372=EDGE_LOOP('',(#1771,#1772,#1773,#1774,#1775,#1776,#1777,#1778));
#373=EDGE_LOOP('',(#1779));
#374=EDGE_LOOP('',(#1780));
#375=EDGE_LOOP('',(#1781,#1782,#1783,#1784));
#376=EDGE_LOOP('',(#1785,#1786,#1787,#1788));
#377=EDGE_LOOP('',(#1789,#1790,#1791));
#378=EDGE_LOOP('',(#1792,#1793,#1794,#1795,#1796,#1797,#1798,#1799,#1800,
#1801));
#379=EDGE_LOOP('',(#1802,#1803,#1804,#1805,#1806,#1807));
#380=EDGE_LOOP('',(#1808,#1809,#1810,#1811));
#381=EDGE_LOOP('',(#1812,#1813,#1814,#1815,#1816));
#382=EDGE_LOOP('',(#1817,#1818,#1819,#1820));
#383=EDGE_LOOP('',(#1821,#1822,#1823,#1824,#1825,#1826,#1827,#1828));
#384=EDGE_LOOP('',(#1829,#1830,#1831,#1832,#1833));
#385=EDGE_LOOP('',(#1834));
#386=EDGE_LOOP('',(#1835));
#387=EDGE_LOOP('',(#1836));
#388=EDGE_LOOP('',(#1837,#1838,#1839,#1840));
#389=EDGE_LOOP('',(#1841));
#390=EDGE_LOOP('',(#1842,#1843,#1844,#1845,#1846,#1847,#1848,#1849));
#391=EDGE_LOOP('',(#1850,#1851,#1852,#1853,#1854,#1855));
#392=EDGE_LOOP('',(#1856,#1857,#1858,#1859,#1860));
#393=EDGE_LOOP('',(#1861,#1862,#1863,#1864,#1865));
#394=EDGE_LOOP('',(#1866,#1867,#1868));
#395=EDGE_LOOP('',(#1869,#1870,#1871,#1872,#1873,#1874));
#396=EDGE_LOOP('',(#1875,#1876,#1877,#1878,#1879,#1880));
#397=EDGE_LOOP('',(#1881));
#398=EDGE_LOOP('',(#1882,#1883,#1884,#1885,#1886,#1887));
#399=EDGE_LOOP('',(#1888,#1889,#1890,#1891,#1892,#1893));
#400=EDGE_LOOP('',(#1894,#1895,#1896,#1897));
#401=EDGE_LOOP('',(#1898,#1899,#1900,#1901));
#402=EDGE_LOOP('',(#1902,#1903,#1904,#1905,#1906,#1907));
#403=EDGE_LOOP('',(#1908,#1909,#1910,#1911,#1912,#1913,#1914,#1915));
#404=EDGE_LOOP('',(#1916,#1917,#1918,#1919));
#405=EDGE_LOOP('',(#1920));
#406=EDGE_LOOP('',(#1921));
#407=LINE('',#2949,#611);
#408=LINE('',#2951,#612);
#409=LINE('',#2953,#613);
#410=LINE('',#2955,#614);
#411=LINE('',#2957,#615);
#412=LINE('',#2959,#616);
#413=LINE('',#2960,#617);
#414=LINE('',#2964,#618);
#415=LINE('',#2966,#619);
#416=LINE('',#2968,#620);
#417=LINE('',#2970,#621);
#418=LINE('',#2972,#622);
#419=LINE('',#2974,#623);
#420=LINE('',#2976,#624);
#421=LINE('',#2978,#625);
#422=LINE('',#2980,#626);
#423=LINE('',#2981,#627);
#424=LINE('',#2986,#628);
#425=LINE('',#2989,#629);
#426=LINE('',#2993,#630);
#427=LINE('',#2997,#631);
#428=LINE('',#3002,#632);
#429=LINE('',#3006,#633);
#430=LINE('',#3008,#634);
#431=LINE('',#3012,#635);
#432=LINE('',#3016,#636);
#433=LINE('',#3020,#637);
#434=LINE('',#3028,#638);
#435=LINE('',#3032,#639);
#436=LINE('',#3036,#640);
#437=LINE('',#3039,#641);
#438=LINE('',#3043,#642);
#439=LINE('',#3045,#643);
#440=LINE('',#3047,#644);
#441=LINE('',#3048,#645);
#442=LINE('',#3052,#646);
#443=LINE('',#3054,#647);
#444=LINE('',#3056,#648);
#445=LINE('',#3057,#649);
#446=LINE('',#3061,#650);
#447=LINE('',#3063,#651);
#448=LINE('',#3065,#652);
#449=LINE('',#3066,#653);
#450=LINE('',#3069,#654);
#451=LINE('',#3071,#655);
#452=LINE('',#3075,#656);
#453=LINE('',#3076,#657);
#454=LINE('',#3077,#658);
#455=LINE('',#3078,#659);
#456=LINE('',#3080,#660);
#457=LINE('',#3082,#661);
#458=LINE('',#3085,#662);
#459=LINE('',#3087,#663);
#460=LINE('',#3088,#664);
#461=LINE('',#3091,#665);
#462=LINE('',#3093,#666);
#463=LINE('',#3095,#667);
#464=LINE('',#3096,#668);
#465=LINE('',#3098,#669);
#466=LINE('',#3099,#670);
#467=LINE('',#3103,#671);
#468=LINE('',#3107,#672);
#469=LINE('',#3109,#673);
#470=LINE('',#3114,#674);
#471=LINE('',#3118,#675);
#472=LINE('',#3121,#676);
#473=LINE('',#3123,#677);
#474=LINE('',#3127,#678);
#475=LINE('',#3131,#679);
#476=LINE('',#3138,#680);
#477=LINE('',#3142,#681);
#478=LINE('',#3145,#682);
#479=LINE('',#3147,#683);
#480=LINE('',#3150,#684);
#481=LINE('',#3152,#685);
#482=LINE('',#3153,#686);
#483=LINE('',#3155,#687);
#484=LINE('',#3157,#688);
#485=LINE('',#3158,#689);
#486=LINE('',#3165,#690);
#487=LINE('',#3167,#691);
#488=LINE('',#3169,#692);
#489=LINE('',#3170,#693);
#490=LINE('',#3174,#694);
#491=LINE('',#3176,#695);
#492=LINE('',#3180,#696);
#493=LINE('',#3182,#697);
#494=LINE('',#3184,#698);
#495=LINE('',#3185,#699);
#496=LINE('',#3188,#700);
#497=LINE('',#3189,#701);
#498=LINE('',#3192,#702);
#499=LINE('',#3193,#703);
#500=LINE('',#3197,#704);
#501=LINE('',#3200,#705);
#502=LINE('',#3201,#706);
#503=LINE('',#3205,#707);
#504=LINE('',#3206,#708);
#505=LINE('',#3207,#709);
#506=LINE('',#3211,#710);
#507=LINE('',#3212,#711);
#508=LINE('',#3214,#712);
#509=LINE('',#3217,#713);
#510=LINE('',#3218,#714);
#511=LINE('',#3220,#715);
#512=LINE('',#3221,#716);
#513=LINE('',#3228,#717);
#514=LINE('',#3232,#718);
#515=LINE('',#3236,#719);
#516=LINE('',#3240,#720);
#517=LINE('',#3242,#721);
#518=LINE('',#3248,#722);
#519=LINE('',#3252,#723);
#520=LINE('',#3256,#724);
#521=LINE('',#3260,#725);
#522=LINE('',#3263,#726);
#523=LINE('',#3269,#727);
#524=LINE('',#3271,#728);
#525=LINE('',#3279,#729);
#526=LINE('',#3284,#730);
#527=LINE('',#3287,#731);
#528=LINE('',#3292,#732);
#529=LINE('',#3293,#733);
#530=LINE('',#3296,#734);
#531=LINE('',#3297,#735);
#532=LINE('',#3300,#736);
#533=LINE('',#3301,#737);
#534=LINE('',#3303,#738);
#535=LINE('',#3306,#739);
#536=LINE('',#3308,#740);
#537=LINE('',#3309,#741);
#538=LINE('',#3311,#742);
#539=LINE('',#3313,#743);
#540=LINE('',#3314,#744);
#541=LINE('',#3316,#745);
#542=LINE('',#3318,#746);
#543=LINE('',#3320,#747);
#544=LINE('',#3322,#748);
#545=LINE('',#3323,#749);
#546=LINE('',#3325,#750);
#547=LINE('',#3327,#751);
#548=LINE('',#3329,#752);
#549=LINE('',#3331,#753);
#550=LINE('',#3334,#754);
#551=LINE('',#3336,#755);
#552=LINE('',#3338,#756);
#553=LINE('',#3340,#757);
#554=LINE('',#3350,#758);
#555=LINE('',#3353,#759);
#556=LINE('',#3358,#760);
#557=LINE('',#3359,#761);
#558=LINE('',#3363,#762);
#559=LINE('',#3366,#763);
#560=LINE('',#3367,#764);
#561=LINE('',#3370,#765);
#562=LINE('',#3371,#766);
#563=LINE('',#3378,#767);
#564=LINE('',#3382,#768);
#565=LINE('',#3386,#769);
#566=LINE('',#3388,#770);
#567=LINE('',#3392,#771);
#568=LINE('',#3400,#772);
#569=LINE('',#3405,#773);
#570=LINE('',#3410,#774);
#571=LINE('',#3413,#775);
#572=LINE('',#3417,#776);
#573=LINE('',#3420,#777);
#574=LINE('',#3421,#778);
#575=LINE('',#3424,#779);
#576=LINE('',#3425,#780);
#577=LINE('',#3430,#781);
#578=LINE('',#3434,#782);
#579=LINE('',#3438,#783);
#580=LINE('',#3440,#784);
#581=LINE('',#3444,#785);
#582=LINE('',#3448,#786);
#583=LINE('',#3451,#787);
#584=LINE('',#3453,#788);
#585=LINE('',#3454,#789);
#586=LINE('',#3457,#790);
#587=LINE('',#3459,#791);
#588=LINE('',#3460,#792);
#589=LINE('',#3467,#793);
#590=LINE('',#3473,#794);
#591=LINE('',#3480,#795);
#592=LINE('',#3490,#796);
#593=LINE('',#3493,#797);
#594=LINE('',#3495,#798);
#595=LINE('',#3499,#799);
#596=LINE('',#3500,#800);
#597=LINE('',#3502,#801);
#598=LINE('',#3511,#802);
#599=LINE('',#3512,#803);
#600=LINE('',#3515,#804);
#601=LINE('',#3519,#805);
#602=LINE('',#3527,#806);
#603=LINE('',#3530,#807);
#604=LINE('',#3533,#808);
#605=LINE('',#3534,#809);
#606=LINE('',#3537,#810);
#607=LINE('',#3539,#811);
#608=LINE('',#3540,#812);
#609=LINE('',#3549,#813);
#610=LINE('',#3553,#814);
#611=VECTOR('',#2327,10.);
#612=VECTOR('',#2328,10.);
#613=VECTOR('',#2329,10.);
#614=VECTOR('',#2330,10.);
#615=VECTOR('',#2331,10.);
#616=VECTOR('',#2332,10.);
#617=VECTOR('',#2333,10.);
#618=VECTOR('',#2336,10.);
#619=VECTOR('',#2337,10.);
#620=VECTOR('',#2338,10.);
#621=VECTOR('',#2339,10.);
#622=VECTOR('',#2340,10.);
#623=VECTOR('',#2341,10.);
#624=VECTOR('',#2342,10.);
#625=VECTOR('',#2343,10.);
#626=VECTOR('',#2344,10.);
#627=VECTOR('',#2345,10.);
#628=VECTOR('',#2350,10.);
#629=VECTOR('',#2353,10.);
#630=VECTOR('',#2356,10.);
#631=VECTOR('',#2359,10.);
#632=VECTOR('',#2364,10.);
#633=VECTOR('',#2367,10.);
#634=VECTOR('',#2368,10.);
#635=VECTOR('',#2371,2.75);
#636=VECTOR('',#2374,10.);
#637=VECTOR('',#2377,10.);
#638=VECTOR('',#2386,10.);
#639=VECTOR('',#2389,10.);
#640=VECTOR('',#2392,10.);
#641=VECTOR('',#2395,10.);
#642=VECTOR('',#2398,10.);
#643=VECTOR('',#2399,10.);
#644=VECTOR('',#2400,10.);
#645=VECTOR('',#2401,10.);
#646=VECTOR('',#2404,10.);
#647=VECTOR('',#2405,10.);
#648=VECTOR('',#2406,10.);
#649=VECTOR('',#2407,10.);
#650=VECTOR('',#2410,10.);
#651=VECTOR('',#2411,10.);
#652=VECTOR('',#2412,10.);
#653=VECTOR('',#2413,10.);
#654=VECTOR('',#2416,10.);
#655=VECTOR('',#2417,10.);
#656=VECTOR('',#2420,10.);
#657=VECTOR('',#2421,10.);
#658=VECTOR('',#2422,10.);
#659=VECTOR('',#2423,10.);
#660=VECTOR('',#2424,10.);
#661=VECTOR('',#2425,10.);
#662=VECTOR('',#2428,10.);
#663=VECTOR('',#2429,10.);
#664=VECTOR('',#2430,10.);
#665=VECTOR('',#2431,10.);
#666=VECTOR('',#2432,10.);
#667=VECTOR('',#2433,10.);
#668=VECTOR('',#2434,10.);
#669=VECTOR('',#2437,10.);
#670=VECTOR('',#2438,10.);
#671=VECTOR('',#2441,10.);
#672=VECTOR('',#2444,10.);
#673=VECTOR('',#2445,10.);
#674=VECTOR('',#2450,10.);
#675=VECTOR('',#2453,10.);
#676=VECTOR('',#2456,10.);
#677=VECTOR('',#2457,10.);
#678=VECTOR('',#2460,10.);
#679=VECTOR('',#2463,10.);
#680=VECTOR('',#2470,10.);
#681=VECTOR('',#2473,10.);
#682=VECTOR('',#2476,10.);
#683=VECTOR('',#2477,10.);
#684=VECTOR('',#2480,10.);
#685=VECTOR('',#2481,10.);
#686=VECTOR('',#2482,10.);
#687=VECTOR('',#2483,10.);
#688=VECTOR('',#2484,10.);
#689=VECTOR('',#2485,10.);
#690=VECTOR('',#2490,10.);
#691=VECTOR('',#2491,10.);
#692=VECTOR('',#2492,10.);
#693=VECTOR('',#2493,10.);
#694=VECTOR('',#2498,10.);
#695=VECTOR('',#2501,10.);
#696=VECTOR('',#2506,10.);
#697=VECTOR('',#2507,10.);
#698=VECTOR('',#2508,10.);
#699=VECTOR('',#2509,10.);
#700=VECTOR('',#2512,10.);
#701=VECTOR('',#2513,10.);
#702=VECTOR('',#2516,10.);
#703=VECTOR('',#2517,10.);
#704=VECTOR('',#2522,10.);
#705=VECTOR('',#2525,10.);
#706=VECTOR('',#2526,10.);
#707=VECTOR('',#2529,10.);
#708=VECTOR('',#2530,10.);
#709=VECTOR('',#2531,10.);
#710=VECTOR('',#2538,10.);
#711=VECTOR('',#2539,10.);
#712=VECTOR('',#2542,10.);
#713=VECTOR('',#2545,10.);
#714=VECTOR('',#2546,10.);
#715=VECTOR('',#2547,10.);
#716=VECTOR('',#2548,10.);
#717=VECTOR('',#2557,10.);
#718=VECTOR('',#2560,10.);
#719=VECTOR('',#2563,10.);
#720=VECTOR('',#2566,10.);
#721=VECTOR('',#2567,10.);
#722=VECTOR('',#2574,10.);
#723=VECTOR('',#2577,10.);
#724=VECTOR('',#2580,10.);
#725=VECTOR('',#2583,10.);
#726=VECTOR('',#2586,10.);
#727=VECTOR('',#2593,10.);
#728=VECTOR('',#2594,10.);
#729=VECTOR('',#2603,0.75);
#730=VECTOR('',#2610,1.5);
#731=VECTOR('',#2613,1.25);
#732=VECTOR('',#2620,10.);
#733=VECTOR('',#2621,10.);
#734=VECTOR('',#2624,10.);
#735=VECTOR('',#2625,10.);
#736=VECTOR('',#2628,10.);
#737=VECTOR('',#2629,10.);
#738=VECTOR('',#2632,10.);
#739=VECTOR('',#2637,10.);
#740=VECTOR('',#2640,10.);
#741=VECTOR('',#2641,10.);
#742=VECTOR('',#2644,10.);
#743=VECTOR('',#2647,10.);
#744=VECTOR('',#2648,10.);
#745=VECTOR('',#2651,10.);
#746=VECTOR('',#2654,10.);
#747=VECTOR('',#2657,10.);
#748=VECTOR('',#2660,10.);
#749=VECTOR('',#2661,10.);
#750=VECTOR('',#2664,10.);
#751=VECTOR('',#2667,10.);
#752=VECTOR('',#2670,10.);
#753=VECTOR('',#2673,10.);
#754=VECTOR('',#2678,1.5);
#755=VECTOR('',#2681,1.5);
#756=VECTOR('',#2684,1.5);
#757=VECTOR('',#2687,10.);
#758=VECTOR('',#2702,10.);
#759=VECTOR('',#2705,10.);
#760=VECTOR('',#2710,10.);
#761=VECTOR('',#2711,10.);
#762=VECTOR('',#2716,10.);
#763=VECTOR('',#2719,10.);
#764=VECTOR('',#2720,10.);
#765=VECTOR('',#2723,10.);
#766=VECTOR('',#2724,10.);
#767=VECTOR('',#2733,2.75);
#768=VECTOR('',#2738,1.75);
#769=VECTOR('',#2745,10.);
#770=VECTOR('',#2748,10.);
#771=VECTOR('',#2753,2.7499325430305);
#772=VECTOR('',#2762,10.);
#773=VECTOR('',#2767,10.);
#774=VECTOR('',#2772,10.);
#775=VECTOR('',#2775,10.);
#776=VECTOR('',#2780,10.);
#777=VECTOR('',#2783,10.);
#778=VECTOR('',#2784,10.);
#779=VECTOR('',#2787,10.);
#780=VECTOR('',#2788,10.);
#781=VECTOR('',#2795,1.75);
#782=VECTOR('',#2800,2.75);
#783=VECTOR('',#2807,10.);
#784=VECTOR('',#2810,10.);
#785=VECTOR('',#2815,10.);
#786=VECTOR('',#2820,10.);
#787=VECTOR('',#2823,10.);
#788=VECTOR('',#2824,10.);
#789=VECTOR('',#2825,10.);
#790=VECTOR('',#2828,10.);
#791=VECTOR('',#2829,10.);
#792=VECTOR('',#2830,10.);
#793=VECTOR('',#2839,1.75);
#794=VECTOR('',#2846,2.75);
#795=VECTOR('',#2857,1.5);
#796=VECTOR('',#2868,10.);
#797=VECTOR('',#2871,10.);
#798=VECTOR('',#2872,10.);
#799=VECTOR('',#2877,10.);
#800=VECTOR('',#2878,10.);
#801=VECTOR('',#2881,10.);
#802=VECTOR('',#2894,10.);
#803=VECTOR('',#2895,10.);
#804=VECTOR('',#2898,10.);
#805=VECTOR('',#2901,10.);
#806=VECTOR('',#2910,10.);
#807=VECTOR('',#2913,10.);
#808=VECTOR('',#2916,10.);
#809=VECTOR('',#2917,10.);
#810=VECTOR('',#2920,10.);
#811=VECTOR('',#2921,10.);
#812=VECTOR('',#2922,10.);
#813=VECTOR('',#2935,2.75);
#814=VECTOR('',#2940,1.75);
#815=VERTEX_POINT('',#2947);
#816=VERTEX_POINT('',#2948);
#817=VERTEX_POINT('',#2950);
#818=VERTEX_POINT('',#2952);
#819=VERTEX_POINT('',#2954);
#820=VERTEX_POINT('',#2956);
#821=VERTEX_POINT('',#2958);
#822=VERTEX_POINT('',#2962);
#823=VERTEX_POINT('',#2963);
#824=VERTEX_POINT('',#2965);
#825=VERTEX_POINT('',#2967);
#826=VERTEX_POINT('',#2969);
#827=VERTEX_POINT('',#2971);
#828=VERTEX_POINT('',#2973);
#829=VERTEX_POINT('',#2975);
#830=VERTEX_POINT('',#2977);
#831=VERTEX_POINT('',#2979);
#832=VERTEX_POINT('',#2983);
#833=VERTEX_POINT('',#2985);
#834=VERTEX_POINT('',#2987);
#835=VERTEX_POINT('',#2991);
#836=VERTEX_POINT('',#2992);
#837=VERTEX_POINT('',#2994);
#838=VERTEX_POINT('',#2996);
#839=VERTEX_POINT('',#3000);
#840=VERTEX_POINT('',#3001);
#841=VERTEX_POINT('',#3003);
#842=VERTEX_POINT('',#3005);
#843=VERTEX_POINT('',#3007);
#844=VERTEX_POINT('',#3009);
#845=VERTEX_POINT('',#3011);
#846=VERTEX_POINT('',#3013);
#847=VERTEX_POINT('',#3015);
#848=VERTEX_POINT('',#3017);
#849=VERTEX_POINT('',#3019);
#850=VERTEX_POINT('',#3024);
#851=VERTEX_POINT('',#3025);
#852=VERTEX_POINT('',#3027);
#853=VERTEX_POINT('',#3029);
#854=VERTEX_POINT('',#3031);
#855=VERTEX_POINT('',#3033);
#856=VERTEX_POINT('',#3035);
#857=VERTEX_POINT('',#3037);
#858=VERTEX_POINT('',#3041);
#859=VERTEX_POINT('',#3042);
#860=VERTEX_POINT('',#3044);
#861=VERTEX_POINT('',#3046);
#862=VERTEX_POINT('',#3050);
#863=VERTEX_POINT('',#3051);
#864=VERTEX_POINT('',#3053);
#865=VERTEX_POINT('',#3055);
#866=VERTEX_POINT('',#3059);
#867=VERTEX_POINT('',#3060);
#868=VERTEX_POINT('',#3062);
#869=VERTEX_POINT('',#3064);
#870=VERTEX_POINT('',#3068);
#871=VERTEX_POINT('',#3070);
#872=VERTEX_POINT('',#3072);
#873=VERTEX_POINT('',#3074);
#874=VERTEX_POINT('',#3079);
#875=VERTEX_POINT('',#3081);
#876=VERTEX_POINT('',#3083);
#877=VERTEX_POINT('',#3086);
#878=VERTEX_POINT('',#3089);
#879=VERTEX_POINT('',#3090);
#880=VERTEX_POINT('',#3092);
#881=VERTEX_POINT('',#3094);
#882=VERTEX_POINT('',#3100);
#883=VERTEX_POINT('',#3102);
#884=VERTEX_POINT('',#3104);
#885=VERTEX_POINT('',#3106);
#886=VERTEX_POINT('',#3108);
#887=VERTEX_POINT('',#3111);
#888=VERTEX_POINT('',#3113);
#889=VERTEX_POINT('',#3115);
#890=VERTEX_POINT('',#3117);
#891=VERTEX_POINT('',#3119);
#892=VERTEX_POINT('',#3122);
#893=VERTEX_POINT('',#3124);
#894=VERTEX_POINT('',#3126);
#895=VERTEX_POINT('',#3128);
#896=VERTEX_POINT('',#3130);
#897=VERTEX_POINT('',#3132);
#898=VERTEX_POINT('',#3135);
#899=VERTEX_POINT('',#3137);
#900=VERTEX_POINT('',#3139);
#901=VERTEX_POINT('',#3141);
#902=VERTEX_POINT('',#3143);
#903=VERTEX_POINT('',#3146);
#904=VERTEX_POINT('',#3149);
#905=VERTEX_POINT('',#3151);
#906=VERTEX_POINT('',#3154);
#907=VERTEX_POINT('',#3156);
#908=VERTEX_POINT('',#3159);
#909=VERTEX_POINT('',#3161);
#910=VERTEX_POINT('',#3163);
#911=VERTEX_POINT('',#3164);
#912=VERTEX_POINT('',#3166);
#913=VERTEX_POINT('',#3168);
#914=VERTEX_POINT('',#3171);
#915=VERTEX_POINT('',#3179);
#916=VERTEX_POINT('',#3181);
#917=VERTEX_POINT('',#3183);
#918=VERTEX_POINT('',#3187);
#919=VERTEX_POINT('',#3191);
#920=VERTEX_POINT('',#3195);
#921=VERTEX_POINT('',#3199);
#922=VERTEX_POINT('',#3203);
#923=VERTEX_POINT('',#3204);
#924=VERTEX_POINT('',#3216);
#925=VERTEX_POINT('',#3219);
#926=VERTEX_POINT('',#3224);
#927=VERTEX_POINT('',#3227);
#928=VERTEX_POINT('',#3229);
#929=VERTEX_POINT('',#3231);
#930=VERTEX_POINT('',#3233);
#931=VERTEX_POINT('',#3235);
#932=VERTEX_POINT('',#3237);
#933=VERTEX_POINT('',#3239);
#934=VERTEX_POINT('',#3241);
#935=VERTEX_POINT('',#3244);
#936=VERTEX_POINT('',#3247);
#937=VERTEX_POINT('',#3249);
#938=VERTEX_POINT('',#3251);
#939=VERTEX_POINT('',#3253);
#940=VERTEX_POINT('',#3255);
#941=VERTEX_POINT('',#3257);
#942=VERTEX_POINT('',#3259);
#943=VERTEX_POINT('',#3261);
#944=VERTEX_POINT('',#3264);
#945=VERTEX_POINT('',#3267);
#946=VERTEX_POINT('',#3270);
#947=VERTEX_POINT('',#3273);
#948=VERTEX_POINT('',#3276);
#949=VERTEX_POINT('',#3278);
#950=VERTEX_POINT('',#3282);
#951=VERTEX_POINT('',#3286);
#952=VERTEX_POINT('',#3291);
#953=VERTEX_POINT('',#3295);
#954=VERTEX_POINT('',#3299);
#955=VERTEX_POINT('',#3347);
#956=VERTEX_POINT('',#3349);
#957=VERTEX_POINT('',#3351);
#958=VERTEX_POINT('',#3354);
#959=VERTEX_POINT('',#3357);
#960=VERTEX_POINT('',#3361);
#961=VERTEX_POINT('',#3365);
#962=VERTEX_POINT('',#3369);
#963=VERTEX_POINT('',#3373);
#964=VERTEX_POINT('',#3377);
#965=VERTEX_POINT('',#3381);
#966=VERTEX_POINT('',#3391);
#967=VERTEX_POINT('',#3395);
#968=VERTEX_POINT('',#3396);
#969=VERTEX_POINT('',#3398);
#970=VERTEX_POINT('',#3401);
#971=VERTEX_POINT('',#3403);
#972=VERTEX_POINT('',#3406);
#973=VERTEX_POINT('',#3409);
#974=VERTEX_POINT('',#3411);
#975=VERTEX_POINT('',#3415);
#976=VERTEX_POINT('',#3419);
#977=VERTEX_POINT('',#3423);
#978=VERTEX_POINT('',#3429);
#979=VERTEX_POINT('',#3433);
#980=VERTEX_POINT('',#3442);
#981=VERTEX_POINT('',#3446);
#982=VERTEX_POINT('',#3450);
#983=VERTEX_POINT('',#3452);
#984=VERTEX_POINT('',#3456);
#985=VERTEX_POINT('',#3458);
#986=VERTEX_POINT('',#3464);
#987=VERTEX_POINT('',#3466);
#988=VERTEX_POINT('',#3470);
#989=VERTEX_POINT('',#3472);
#990=VERTEX_POINT('',#3479);
#991=VERTEX_POINT('',#3484);
#992=VERTEX_POINT('',#3485);
#993=VERTEX_POINT('',#3487);
#994=VERTEX_POINT('',#3489);
#995=VERTEX_POINT('',#3491);
#996=VERTEX_POINT('',#3494);
#997=VERTEX_POINT('',#3498);
#998=VERTEX_POINT('',#3508);
#999=VERTEX_POINT('',#3509);
#1000=VERTEX_POINT('',#3514);
#1001=VERTEX_POINT('',#3516);
#1002=VERTEX_POINT('',#3518);
#1003=VERTEX_POINT('',#3520);
#1004=VERTEX_POINT('',#3523);
#1005=VERTEX_POINT('',#3526);
#1006=VERTEX_POINT('',#3528);
#1007=VERTEX_POINT('',#3532);
#1008=VERTEX_POINT('',#3536);
#1009=VERTEX_POINT('',#3538);
#1010=VERTEX_POINT('',#3544);
#1011=VERTEX_POINT('',#3548);
#1012=VERTEX_POINT('',#3552);
#1013=EDGE_CURVE('',#815,#816,#407,.T.);
#1014=EDGE_CURVE('',#816,#817,#408,.T.);
#1015=EDGE_CURVE('',#817,#818,#409,.T.);
#1016=EDGE_CURVE('',#818,#819,#410,.T.);
#1017=EDGE_CURVE('',#820,#819,#411,.T.);
#1018=EDGE_CURVE('',#821,#820,#412,.T.);
#1019=EDGE_CURVE('',#815,#821,#413,.T.);
#1020=EDGE_CURVE('',#822,#823,#414,.T.);
#1021=EDGE_CURVE('',#824,#823,#415,.T.);
#1022=EDGE_CURVE('',#824,#825,#416,.T.);
#1023=EDGE_CURVE('',#825,#826,#417,.T.);
#1024=EDGE_CURVE('',#827,#826,#418,.T.);
#1025=EDGE_CURVE('',#828,#827,#419,.T.);
#1026=EDGE_CURVE('',#829,#828,#420,.T.);
#1027=EDGE_CURVE('',#829,#830,#421,.T.);
#1028=EDGE_CURVE('',#830,#831,#422,.T.);
#1029=EDGE_CURVE('',#831,#822,#423,.T.);
#1030=EDGE_CURVE('',#820,#832,#72,.T.);
#1031=EDGE_CURVE('',#832,#833,#424,.T.);
#1032=EDGE_CURVE('',#833,#834,#73,.T.);
#1033=EDGE_CURVE('',#834,#821,#425,.T.);
#1034=EDGE_CURVE('',#835,#836,#426,.T.);
#1035=EDGE_CURVE('',#835,#837,#74,.T.);
#1036=EDGE_CURVE('',#837,#838,#427,.T.);
#1037=EDGE_CURVE('',#838,#836,#75,.T.);
#1038=EDGE_CURVE('',#839,#840,#428,.T.);
#1039=EDGE_CURVE('',#841,#840,#76,.T.);
#1040=EDGE_CURVE('',#842,#841,#429,.T.);
#1041=EDGE_CURVE('',#843,#842,#430,.T.);
#1042=EDGE_CURVE('',#844,#843,#77,.T.);
#1043=EDGE_CURVE('',#844,#845,#431,.T.);
#1044=EDGE_CURVE('',#845,#846,#78,.T.);
#1045=EDGE_CURVE('',#847,#846,#432,.T.);
#1046=EDGE_CURVE('',#848,#847,#79,.T.);
#1047=EDGE_CURVE('',#848,#849,#433,.T.);
#1048=EDGE_CURVE('',#849,#845,#80,.T.);
#1049=EDGE_CURVE('',#839,#844,#81,.T.);
#1050=EDGE_CURVE('',#850,#851,#82,.T.);
#1051=EDGE_CURVE('',#851,#852,#434,.T.);
#1052=EDGE_CURVE('',#853,#852,#83,.T.);
#1053=EDGE_CURVE('',#854,#853,#435,.T.);
#1054=EDGE_CURVE('',#855,#854,#84,.T.);
#1055=EDGE_CURVE('',#855,#856,#436,.T.);
#1056=EDGE_CURVE('',#857,#856,#85,.T.);
#1057=EDGE_CURVE('',#857,#850,#437,.T.);
#1058=EDGE_CURVE('',#858,#859,#438,.T.);
#1059=EDGE_CURVE('',#858,#860,#439,.T.);
#1060=EDGE_CURVE('',#860,#861,#440,.T.);
#1061=EDGE_CURVE('',#859,#861,#441,.T.);
#1062=EDGE_CURVE('',#862,#863,#442,.T.);
#1063=EDGE_CURVE('',#864,#863,#443,.T.);
#1064=EDGE_CURVE('',#864,#865,#444,.T.);
#1065=EDGE_CURVE('',#865,#862,#445,.T.);
#1066=EDGE_CURVE('',#866,#867,#446,.F.);
#1067=EDGE_CURVE('',#866,#868,#447,.T.);
#1068=EDGE_CURVE('',#868,#869,#448,.T.);
#1069=EDGE_CURVE('',#867,#869,#449,.T.);
#1070=EDGE_CURVE('',#870,#822,#450,.T.);
#1071=EDGE_CURVE('',#871,#831,#451,.T.);
#1072=EDGE_CURVE('',#872,#871,#86,.T.);
#1073=EDGE_CURVE('',#873,#872,#452,.T.);
#1074=EDGE_CURVE('',#868,#873,#453,.T.);
#1075=EDGE_CURVE('',#866,#860,#454,.T.);
#1076=EDGE_CURVE('',#858,#862,#455,.T.);
#1077=EDGE_CURVE('',#874,#865,#456,.T.);
#1078=EDGE_CURVE('',#875,#874,#457,.T.);
#1079=EDGE_CURVE('',#876,#875,#87,.T.);
#1080=EDGE_CURVE('',#817,#876,#458,.T.);
#1081=EDGE_CURVE('',#816,#877,#459,.T.);
#1082=EDGE_CURVE('',#877,#870,#460,.T.);
#1083=EDGE_CURVE('',#878,#879,#461,.T.);
#1084=EDGE_CURVE('',#880,#878,#462,.T.);
#1085=EDGE_CURVE('',#881,#880,#463,.T.);
#1086=EDGE_CURVE('',#879,#881,#464,.T.);
#1087=EDGE_CURVE('',#821,#836,#465,.T.);
#1088=EDGE_CURVE('',#838,#832,#466,.T.);
#1089=EDGE_CURVE('',#832,#882,#88,.T.);
#1090=EDGE_CURVE('',#882,#883,#467,.T.);
#1091=EDGE_CURVE('',#883,#884,#89,.T.);
#1092=EDGE_CURVE('',#884,#885,#468,.T.);
#1093=EDGE_CURVE('',#885,#886,#469,.T.);
#1094=EDGE_CURVE('',#886,#851,#90,.T.);
#1095=EDGE_CURVE('',#887,#850,#91,.T.);
#1096=EDGE_CURVE('',#887,#888,#470,.T.);
#1097=EDGE_CURVE('',#888,#889,#92,.T.);
#1098=EDGE_CURVE('',#889,#890,#471,.T.);
#1099=EDGE_CURVE('',#890,#891,#93,.T.);
#1100=EDGE_CURVE('',#891,#859,#472,.T.);
#1101=EDGE_CURVE('',#861,#892,#473,.T.);
#1102=EDGE_CURVE('',#892,#893,#94,.T.);
#1103=EDGE_CURVE('',#893,#894,#474,.T.);
#1104=EDGE_CURVE('',#894,#895,#95,.T.);
#1105=EDGE_CURVE('',#895,#896,#475,.T.);
#1106=EDGE_CURVE('',#896,#897,#96,.T.);
#1107=EDGE_CURVE('',#897,#897,#97,.T.);
#1108=EDGE_CURVE('',#897,#898,#98,.T.);
#1109=EDGE_CURVE('',#898,#899,#476,.T.);
#1110=EDGE_CURVE('',#899,#900,#99,.T.);
#1111=EDGE_CURVE('',#900,#901,#477,.T.);
#1112=EDGE_CURVE('',#901,#902,#100,.T.);
#1113=EDGE_CURVE('',#902,#846,#478,.T.);
#1114=EDGE_CURVE('',#849,#903,#479,.T.);
#1115=EDGE_CURVE('',#903,#828,#101,.T.);
#1116=EDGE_CURVE('',#904,#827,#480,.T.);
#1117=EDGE_CURVE('',#905,#904,#481,.T.);
#1118=EDGE_CURVE('',#824,#905,#482,.T.);
#1119=EDGE_CURVE('',#823,#906,#483,.T.);
#1120=EDGE_CURVE('',#906,#907,#484,.T.);
#1121=EDGE_CURVE('',#907,#815,#485,.T.);
#1122=EDGE_CURVE('',#908,#908,#102,.T.);
#1123=EDGE_CURVE('',#909,#909,#103,.T.);
#1124=EDGE_CURVE('',#910,#911,#486,.T.);
#1125=EDGE_CURVE('',#911,#912,#487,.T.);
#1126=EDGE_CURVE('',#912,#913,#488,.T.);
#1127=EDGE_CURVE('',#913,#910,#489,.T.);
#1128=EDGE_CURVE('',#914,#914,#104,.T.);
#1129=EDGE_CURVE('',#907,#877,#490,.T.);
#1130=EDGE_CURVE('',#906,#870,#491,.T.);
#1131=EDGE_CURVE('',#915,#905,#492,.T.);
#1132=EDGE_CURVE('',#915,#916,#493,.T.);
#1133=EDGE_CURVE('',#917,#916,#494,.T.);
#1134=EDGE_CURVE('',#825,#917,#495,.T.);
#1135=EDGE_CURVE('',#818,#918,#496,.T.);
#1136=EDGE_CURVE('',#918,#876,#497,.T.);
#1137=EDGE_CURVE('',#919,#830,#498,.T.);
#1138=EDGE_CURVE('',#919,#871,#499,.T.);
#1139=EDGE_CURVE('',#920,#919,#105,.T.);
#1140=EDGE_CURVE('',#920,#872,#500,.T.);
#1141=EDGE_CURVE('',#921,#920,#501,.T.);
#1142=EDGE_CURVE('',#873,#921,#502,.T.);
#1143=EDGE_CURVE('',#922,#923,#503,.T.);
#1144=EDGE_CURVE('',#922,#875,#504,.T.);
#1145=EDGE_CURVE('',#923,#874,#505,.T.);
#1146=EDGE_CURVE('',#918,#922,#106,.T.);
#1147=EDGE_CURVE('',#880,#913,#506,.T.);
#1148=EDGE_CURVE('',#881,#912,#507,.T.);
#1149=EDGE_CURVE('',#878,#910,#508,.T.);
#1150=EDGE_CURVE('',#864,#924,#509,.T.);
#1151=EDGE_CURVE('',#883,#924,#510,.T.);
#1152=EDGE_CURVE('',#925,#882,#511,.T.);
#1153=EDGE_CURVE('',#925,#923,#512,.T.);
#1154=EDGE_CURVE('',#819,#925,#107,.T.);
#1155=EDGE_CURVE('',#926,#926,#108,.T.);
#1156=EDGE_CURVE('',#863,#927,#513,.T.);
#1157=EDGE_CURVE('',#928,#927,#109,.T.);
#1158=EDGE_CURVE('',#929,#928,#514,.T.);
#1159=EDGE_CURVE('',#930,#929,#110,.T.);
#1160=EDGE_CURVE('',#930,#931,#515,.T.);
#1161=EDGE_CURVE('',#931,#932,#111,.T.);
#1162=EDGE_CURVE('',#932,#933,#516,.T.);
#1163=EDGE_CURVE('',#934,#933,#517,.T.);
#1164=EDGE_CURVE('',#924,#934,#112,.T.);
#1165=EDGE_CURVE('',#935,#935,#113,.T.);
#1166=EDGE_CURVE('',#936,#869,#518,.T.);
#1167=EDGE_CURVE('',#937,#936,#114,.T.);
#1168=EDGE_CURVE('',#937,#938,#519,.T.);
#1169=EDGE_CURVE('',#938,#939,#115,.T.);
#1170=EDGE_CURVE('',#939,#940,#520,.T.);
#1171=EDGE_CURVE('',#941,#940,#116,.T.);
#1172=EDGE_CURVE('',#942,#941,#521,.T.);
#1173=EDGE_CURVE('',#943,#942,#117,.T.);
#1174=EDGE_CURVE('',#943,#867,#522,.T.);
#1175=EDGE_CURVE('',#944,#944,#118,.T.);
#1176=EDGE_CURVE('',#945,#829,#119,.T.);
#1177=EDGE_CURVE('',#945,#848,#523,.T.);
#1178=EDGE_CURVE('',#847,#946,#524,.T.);
#1179=EDGE_CURVE('',#921,#946,#120,.T.);
#1180=EDGE_CURVE('',#947,#947,#121,.T.);
#1181=EDGE_CURVE('',#948,#948,#122,.T.);
#1182=EDGE_CURVE('',#948,#949,#525,.T.);
#1183=EDGE_CURVE('',#949,#949,#123,.T.);
#1184=EDGE_CURVE('',#950,#950,#124,.T.);
#1185=EDGE_CURVE('',#950,#948,#526,.T.);
#1186=EDGE_CURVE('',#949,#951,#527,.T.);
#1187=EDGE_CURVE('',#951,#951,#125,.T.);
#1188=EDGE_CURVE('',#952,#917,#528,.T.);
#1189=EDGE_CURVE('',#826,#952,#529,.T.);
#1190=EDGE_CURVE('',#916,#953,#530,.T.);
#1191=EDGE_CURVE('',#953,#952,#531,.T.);
#1192=EDGE_CURVE('',#904,#954,#532,.T.);
#1193=EDGE_CURVE('',#954,#915,#533,.T.);
#1194=EDGE_CURVE('',#954,#953,#534,.T.);
#1195=EDGE_CURVE('',#945,#903,#535,.T.);
#1196=EDGE_CURVE('',#894,#941,#536,.T.);
#1197=EDGE_CURVE('',#940,#895,#537,.T.);
#1198=EDGE_CURVE('',#942,#893,#538,.T.);
#1199=EDGE_CURVE('',#936,#900,#539,.T.);
#1200=EDGE_CURVE('',#937,#899,#540,.T.);
#1201=EDGE_CURVE('',#901,#873,#541,.T.);
#1202=EDGE_CURVE('',#946,#902,#542,.T.);
#1203=EDGE_CURVE('',#892,#943,#543,.T.);
#1204=EDGE_CURVE('',#890,#928,#544,.T.);
#1205=EDGE_CURVE('',#927,#891,#545,.T.);
#1206=EDGE_CURVE('',#929,#889,#546,.T.);
#1207=EDGE_CURVE('',#930,#888,#547,.T.);
#1208=EDGE_CURVE('',#934,#884,#548,.T.);
#1209=EDGE_CURVE('',#885,#933,#549,.T.);
#1210=EDGE_CURVE('',#935,#908,#550,.T.);
#1211=EDGE_CURVE('',#944,#909,#551,.T.);
#1212=EDGE_CURVE('',#947,#914,#552,.T.);
#1213=EDGE_CURVE('',#879,#911,#553,.T.);
#1214=EDGE_CURVE('',#843,#955,#126,.T.);
#1215=EDGE_CURVE('',#956,#955,#554,.T.);
#1216=EDGE_CURVE('',#956,#957,#127,.T.);
#1217=EDGE_CURVE('',#839,#957,#555,.T.);
#1218=EDGE_CURVE('',#958,#958,#128,.T.);
#1219=EDGE_CURVE('',#959,#841,#556,.T.);
#1220=EDGE_CURVE('',#843,#959,#557,.T.);
#1221=EDGE_CURVE('',#960,#959,#129,.T.);
#1222=EDGE_CURVE('',#955,#960,#558,.T.);
#1223=EDGE_CURVE('',#961,#960,#559,.T.);
#1224=EDGE_CURVE('',#956,#961,#560,.T.);
#1225=EDGE_CURVE('',#962,#957,#561,.T.);
#1226=EDGE_CURVE('',#840,#962,#562,.T.);
#1227=EDGE_CURVE('',#963,#962,#130,.T.);
#1228=EDGE_CURVE('',#961,#963,#131,.T.);
#1229=EDGE_CURVE('',#963,#964,#563,.T.);
#1230=EDGE_CURVE('',#964,#964,#132,.T.);
#1231=EDGE_CURVE('',#958,#965,#564,.T.);
#1232=EDGE_CURVE('',#965,#965,#133,.T.);
#1233=EDGE_CURVE('',#938,#898,#565,.T.);
#1234=EDGE_CURVE('',#896,#939,#566,.T.);
#1235=EDGE_CURVE('',#897,#966,#567,.T.);
#1236=EDGE_CURVE('',#966,#966,#134,.T.);
#1237=EDGE_CURVE('',#967,#968,#135,.T.);
#1238=EDGE_CURVE('',#968,#969,#136,.T.);
#1239=EDGE_CURVE('',#969,#966,#568,.T.);
#1240=EDGE_CURVE('',#966,#970,#137,.T.);
#1241=EDGE_CURVE('',#970,#971,#138,.T.);
#1242=EDGE_CURVE('',#971,#967,#569,.T.);
#1243=EDGE_CURVE('',#972,#972,#139,.T.);
#1244=EDGE_CURVE('',#966,#973,#570,.T.);
#1245=EDGE_CURVE('',#974,#973,#140,.T.);
#1246=EDGE_CURVE('',#970,#974,#571,.T.);
#1247=EDGE_CURVE('',#975,#974,#141,.T.);
#1248=EDGE_CURVE('',#971,#975,#572,.T.);
#1249=EDGE_CURVE('',#976,#975,#573,.T.);
#1250=EDGE_CURVE('',#967,#976,#574,.T.);
#1251=EDGE_CURVE('',#977,#969,#575,.T.);
#1252=EDGE_CURVE('',#973,#977,#576,.T.);
#1253=EDGE_CURVE('',#976,#977,#142,.T.);
#1254=EDGE_CURVE('',#972,#978,#577,.T.);
#1255=EDGE_CURVE('',#978,#978,#143,.T.);
#1256=EDGE_CURVE('',#968,#979,#578,.T.);
#1257=EDGE_CURVE('',#979,#979,#144,.T.);
#1258=EDGE_CURVE('',#931,#887,#579,.T.);
#1259=EDGE_CURVE('',#886,#932,#580,.T.);
#1260=EDGE_CURVE('',#852,#980,#145,.T.);
#1261=EDGE_CURVE('',#980,#853,#581,.T.);
#1262=EDGE_CURVE('',#981,#857,#146,.T.);
#1263=EDGE_CURVE('',#981,#980,#582,.T.);
#1264=EDGE_CURVE('',#982,#981,#583,.T.);
#1265=EDGE_CURVE('',#983,#982,#584,.T.);
#1266=EDGE_CURVE('',#854,#983,#585,.T.);
#1267=EDGE_CURVE('',#984,#855,#586,.T.);
#1268=EDGE_CURVE('',#985,#984,#587,.T.);
#1269=EDGE_CURVE('',#856,#985,#588,.T.);
#1270=EDGE_CURVE('',#982,#985,#147,.T.);
#1271=EDGE_CURVE('',#986,#986,#148,.T.);
#1272=EDGE_CURVE('',#986,#987,#589,.T.);
#1273=EDGE_CURVE('',#987,#987,#149,.T.);
#1274=EDGE_CURVE('',#988,#984,#150,.T.);
#1275=EDGE_CURVE('',#988,#989,#590,.T.);
#1276=EDGE_CURVE('',#989,#989,#151,.T.);
#1277=EDGE_CURVE('',#983,#988,#152,.T.);
#1278=EDGE_CURVE('',#926,#990,#591,.T.);
#1279=EDGE_CURVE('',#990,#990,#153,.T.);
#1280=EDGE_CURVE('',#991,#992,#154,.T.);
#1281=EDGE_CURVE('',#992,#993,#155,.T.);
#1282=EDGE_CURVE('',#993,#994,#592,.T.);
#1283=EDGE_CURVE('',#994,#995,#156,.T.);
#1284=EDGE_CURVE('',#837,#995,#593,.T.);
#1285=EDGE_CURVE('',#996,#835,#594,.T.);
#1286=EDGE_CURVE('',#991,#996,#157,.T.);
#1287=EDGE_CURVE('',#997,#995,#595,.T.);
#1288=EDGE_CURVE('',#997,#833,#596,.T.);
#1289=EDGE_CURVE('',#996,#834,#597,.T.);
#1290=EDGE_CURVE('',#991,#997,#158,.T.);
#1291=EDGE_CURVE('',#995,#991,#159,.T.);
#1292=EDGE_CURVE('',#998,#999,#160,.T.);
#1293=EDGE_CURVE('',#998,#992,#598,.T.);
#1294=EDGE_CURVE('',#999,#994,#599,.T.);
#1295=EDGE_CURVE('',#1000,#999,#600,.T.);
#1296=EDGE_CURVE('',#1000,#1001,#161,.T.);
#1297=EDGE_CURVE('',#1002,#1001,#601,.T.);
#1298=EDGE_CURVE('',#1002,#1003,#162,.T.);
#1299=EDGE_CURVE('',#1003,#998,#163,.T.);
#1300=EDGE_CURVE('',#1004,#1004,#164,.T.);
#1301=EDGE_CURVE('',#1003,#1005,#602,.T.);
#1302=EDGE_CURVE('',#1006,#1005,#165,.T.);
#1303=EDGE_CURVE('',#1006,#993,#603,.T.);
#1304=EDGE_CURVE('',#1007,#1006,#604,.T.);
#1305=EDGE_CURVE('',#1000,#1007,#605,.T.);
#1306=EDGE_CURVE('',#1008,#1001,#606,.T.);
#1307=EDGE_CURVE('',#1009,#1008,#607,.T.);
#1308=EDGE_CURVE('',#1002,#1009,#608,.T.);
#1309=EDGE_CURVE('',#1005,#1009,#166,.T.);
#1310=EDGE_CURVE('',#1010,#1008,#167,.T.);
#1311=EDGE_CURVE('',#1007,#1010,#168,.T.);
#1312=EDGE_CURVE('',#1010,#1011,#609,.T.);
#1313=EDGE_CURVE('',#1011,#1011,#169,.T.);
#1314=EDGE_CURVE('',#1004,#1012,#610,.T.);
#1315=EDGE_CURVE('',#1012,#1012,#170,.T.);
#1316=ORIENTED_EDGE('',*,*,#1013,.T.);
#1317=ORIENTED_EDGE('',*,*,#1014,.T.);
#1318=ORIENTED_EDGE('',*,*,#1015,.T.);
#1319=ORIENTED_EDGE('',*,*,#1016,.T.);
#1320=ORIENTED_EDGE('',*,*,#1017,.F.);
#1321=ORIENTED_EDGE('',*,*,#1018,.F.);
#1322=ORIENTED_EDGE('',*,*,#1019,.F.);
#1323=ORIENTED_EDGE('',*,*,#1020,.T.);
#1324=ORIENTED_EDGE('',*,*,#1021,.F.);
#1325=ORIENTED_EDGE('',*,*,#1022,.T.);
#1326=ORIENTED_EDGE('',*,*,#1023,.T.);
#1327=ORIENTED_EDGE('',*,*,#1024,.F.);
#1328=ORIENTED_EDGE('',*,*,#1025,.F.);
#1329=ORIENTED_EDGE('',*,*,#1026,.F.);
#1330=ORIENTED_EDGE('',*,*,#1027,.T.);
#1331=ORIENTED_EDGE('',*,*,#1028,.T.);
#1332=ORIENTED_EDGE('',*,*,#1029,.T.);
#1333=ORIENTED_EDGE('',*,*,#1018,.T.);
#1334=ORIENTED_EDGE('',*,*,#1030,.T.);
#1335=ORIENTED_EDGE('',*,*,#1031,.T.);
#1336=ORIENTED_EDGE('',*,*,#1032,.T.);
#1337=ORIENTED_EDGE('',*,*,#1033,.T.);
#1338=ORIENTED_EDGE('',*,*,#1034,.F.);
#1339=ORIENTED_EDGE('',*,*,#1035,.T.);
#1340=ORIENTED_EDGE('',*,*,#1036,.T.);
#1341=ORIENTED_EDGE('',*,*,#1037,.T.);
#1342=ORIENTED_EDGE('',*,*,#1038,.T.);
#1343=ORIENTED_EDGE('',*,*,#1039,.F.);
#1344=ORIENTED_EDGE('',*,*,#1040,.F.);
#1345=ORIENTED_EDGE('',*,*,#1041,.F.);
#1346=ORIENTED_EDGE('',*,*,#1042,.F.);
#1347=ORIENTED_EDGE('',*,*,#1043,.T.);
#1348=ORIENTED_EDGE('',*,*,#1044,.T.);
#1349=ORIENTED_EDGE('',*,*,#1045,.F.);
#1350=ORIENTED_EDGE('',*,*,#1046,.F.);
#1351=ORIENTED_EDGE('',*,*,#1047,.T.);
#1352=ORIENTED_EDGE('',*,*,#1048,.T.);
#1353=ORIENTED_EDGE('',*,*,#1043,.F.);
#1354=ORIENTED_EDGE('',*,*,#1049,.F.);
#1355=ORIENTED_EDGE('',*,*,#1050,.T.);
#1356=ORIENTED_EDGE('',*,*,#1051,.T.);
#1357=ORIENTED_EDGE('',*,*,#1052,.F.);
#1358=ORIENTED_EDGE('',*,*,#1053,.F.);
#1359=ORIENTED_EDGE('',*,*,#1054,.F.);
#1360=ORIENTED_EDGE('',*,*,#1055,.T.);
#1361=ORIENTED_EDGE('',*,*,#1056,.F.);
#1362=ORIENTED_EDGE('',*,*,#1057,.T.);
#1363=ORIENTED_EDGE('',*,*,#1058,.F.);
#1364=ORIENTED_EDGE('',*,*,#1059,.T.);
#1365=ORIENTED_EDGE('',*,*,#1060,.T.);
#1366=ORIENTED_EDGE('',*,*,#1061,.F.);
#1367=ORIENTED_EDGE('',*,*,#1062,.T.);
#1368=ORIENTED_EDGE('',*,*,#1063,.F.);
#1369=ORIENTED_EDGE('',*,*,#1064,.T.);
#1370=ORIENTED_EDGE('',*,*,#1065,.T.);
#1371=ORIENTED_EDGE('',*,*,#1066,.F.);
#1372=ORIENTED_EDGE('',*,*,#1067,.T.);
#1373=ORIENTED_EDGE('',*,*,#1068,.T.);
#1374=ORIENTED_EDGE('',*,*,#1069,.F.);
#1375=ORIENTED_EDGE('',*,*,#1070,.T.);
#1376=ORIENTED_EDGE('',*,*,#1029,.F.);
#1377=ORIENTED_EDGE('',*,*,#1071,.F.);
#1378=ORIENTED_EDGE('',*,*,#1072,.F.);
#1379=ORIENTED_EDGE('',*,*,#1073,.F.);
#1380=ORIENTED_EDGE('',*,*,#1074,.F.);
#1381=ORIENTED_EDGE('',*,*,#1067,.F.);
#1382=ORIENTED_EDGE('',*,*,#1075,.T.);
#1383=ORIENTED_EDGE('',*,*,#1059,.F.);
#1384=ORIENTED_EDGE('',*,*,#1076,.T.);
#1385=ORIENTED_EDGE('',*,*,#1065,.F.);
#1386=ORIENTED_EDGE('',*,*,#1077,.F.);
#1387=ORIENTED_EDGE('',*,*,#1078,.F.);
#1388=ORIENTED_EDGE('',*,*,#1079,.F.);
#1389=ORIENTED_EDGE('',*,*,#1080,.F.);
#1390=ORIENTED_EDGE('',*,*,#1014,.F.);
#1391=ORIENTED_EDGE('',*,*,#1081,.T.);
#1392=ORIENTED_EDGE('',*,*,#1082,.T.);
#1393=ORIENTED_EDGE('',*,*,#1083,.F.);
#1394=ORIENTED_EDGE('',*,*,#1084,.F.);
#1395=ORIENTED_EDGE('',*,*,#1085,.F.);
#1396=ORIENTED_EDGE('',*,*,#1086,.F.);
#1397=ORIENTED_EDGE('',*,*,#1087,.T.);
#1398=ORIENTED_EDGE('',*,*,#1037,.F.);
#1399=ORIENTED_EDGE('',*,*,#1088,.T.);
#1400=ORIENTED_EDGE('',*,*,#1089,.T.);
#1401=ORIENTED_EDGE('',*,*,#1090,.T.);
#1402=ORIENTED_EDGE('',*,*,#1091,.T.);
#1403=ORIENTED_EDGE('',*,*,#1092,.T.);
#1404=ORIENTED_EDGE('',*,*,#1093,.T.);
#1405=ORIENTED_EDGE('',*,*,#1094,.T.);
#1406=ORIENTED_EDGE('',*,*,#1050,.F.);
#1407=ORIENTED_EDGE('',*,*,#1095,.F.);
#1408=ORIENTED_EDGE('',*,*,#1096,.T.);
#1409=ORIENTED_EDGE('',*,*,#1097,.T.);
#1410=ORIENTED_EDGE('',*,*,#1098,.T.);
#1411=ORIENTED_EDGE('',*,*,#1099,.T.);
#1412=ORIENTED_EDGE('',*,*,#1100,.T.);
#1413=ORIENTED_EDGE('',*,*,#1061,.T.);
#1414=ORIENTED_EDGE('',*,*,#1101,.T.);
#1415=ORIENTED_EDGE('',*,*,#1102,.T.);
#1416=ORIENTED_EDGE('',*,*,#1103,.T.);
#1417=ORIENTED_EDGE('',*,*,#1104,.T.);
#1418=ORIENTED_EDGE('',*,*,#1105,.T.);
#1419=ORIENTED_EDGE('',*,*,#1106,.T.);
#1420=ORIENTED_EDGE('',*,*,#1107,.F.);
#1421=ORIENTED_EDGE('',*,*,#1108,.T.);
#1422=ORIENTED_EDGE('',*,*,#1109,.T.);
#1423=ORIENTED_EDGE('',*,*,#1110,.T.);
#1424=ORIENTED_EDGE('',*,*,#1111,.T.);
#1425=ORIENTED_EDGE('',*,*,#1112,.T.);
#1426=ORIENTED_EDGE('',*,*,#1113,.T.);
#1427=ORIENTED_EDGE('',*,*,#1044,.F.);
#1428=ORIENTED_EDGE('',*,*,#1048,.F.);
#1429=ORIENTED_EDGE('',*,*,#1114,.T.);
#1430=ORIENTED_EDGE('',*,*,#1115,.T.);
#1431=ORIENTED_EDGE('',*,*,#1025,.T.);
#1432=ORIENTED_EDGE('',*,*,#1116,.F.);
#1433=ORIENTED_EDGE('',*,*,#1117,.F.);
#1434=ORIENTED_EDGE('',*,*,#1118,.F.);
#1435=ORIENTED_EDGE('',*,*,#1021,.T.);
#1436=ORIENTED_EDGE('',*,*,#1119,.T.);
#1437=ORIENTED_EDGE('',*,*,#1120,.T.);
#1438=ORIENTED_EDGE('',*,*,#1121,.T.);
#1439=ORIENTED_EDGE('',*,*,#1019,.T.);
#1440=ORIENTED_EDGE('',*,*,#1122,.T.);
#1441=ORIENTED_EDGE('',*,*,#1123,.T.);
#1442=ORIENTED_EDGE('',*,*,#1124,.T.);
#1443=ORIENTED_EDGE('',*,*,#1125,.T.);
#1444=ORIENTED_EDGE('',*,*,#1126,.T.);
#1445=ORIENTED_EDGE('',*,*,#1127,.T.);
#1446=ORIENTED_EDGE('',*,*,#1128,.T.);
#1447=ORIENTED_EDGE('',*,*,#1013,.F.);
#1448=ORIENTED_EDGE('',*,*,#1121,.F.);
#1449=ORIENTED_EDGE('',*,*,#1129,.T.);
#1450=ORIENTED_EDGE('',*,*,#1081,.F.);
#1451=ORIENTED_EDGE('',*,*,#1129,.F.);
#1452=ORIENTED_EDGE('',*,*,#1120,.F.);
#1453=ORIENTED_EDGE('',*,*,#1130,.T.);
#1454=ORIENTED_EDGE('',*,*,#1082,.F.);
#1455=ORIENTED_EDGE('',*,*,#1130,.F.);
#1456=ORIENTED_EDGE('',*,*,#1119,.F.);
#1457=ORIENTED_EDGE('',*,*,#1020,.F.);
#1458=ORIENTED_EDGE('',*,*,#1070,.F.);
#1459=ORIENTED_EDGE('',*,*,#1118,.T.);
#1460=ORIENTED_EDGE('',*,*,#1131,.F.);
#1461=ORIENTED_EDGE('',*,*,#1132,.T.);
#1462=ORIENTED_EDGE('',*,*,#1133,.F.);
#1463=ORIENTED_EDGE('',*,*,#1134,.F.);
#1464=ORIENTED_EDGE('',*,*,#1022,.F.);
#1465=ORIENTED_EDGE('',*,*,#1135,.F.);
#1466=ORIENTED_EDGE('',*,*,#1015,.F.);
#1467=ORIENTED_EDGE('',*,*,#1080,.T.);
#1468=ORIENTED_EDGE('',*,*,#1136,.F.);
#1469=ORIENTED_EDGE('',*,*,#1137,.F.);
#1470=ORIENTED_EDGE('',*,*,#1138,.T.);
#1471=ORIENTED_EDGE('',*,*,#1071,.T.);
#1472=ORIENTED_EDGE('',*,*,#1028,.F.);
#1473=ORIENTED_EDGE('',*,*,#1139,.F.);
#1474=ORIENTED_EDGE('',*,*,#1140,.T.);
#1475=ORIENTED_EDGE('',*,*,#1072,.T.);
#1476=ORIENTED_EDGE('',*,*,#1138,.F.);
#1477=ORIENTED_EDGE('',*,*,#1141,.F.);
#1478=ORIENTED_EDGE('',*,*,#1142,.F.);
#1479=ORIENTED_EDGE('',*,*,#1073,.T.);
#1480=ORIENTED_EDGE('',*,*,#1140,.F.);
#1481=ORIENTED_EDGE('',*,*,#1143,.F.);
#1482=ORIENTED_EDGE('',*,*,#1144,.T.);
#1483=ORIENTED_EDGE('',*,*,#1078,.T.);
#1484=ORIENTED_EDGE('',*,*,#1145,.F.);
#1485=ORIENTED_EDGE('',*,*,#1146,.F.);
#1486=ORIENTED_EDGE('',*,*,#1136,.T.);
#1487=ORIENTED_EDGE('',*,*,#1079,.T.);
#1488=ORIENTED_EDGE('',*,*,#1144,.F.);
#1489=ORIENTED_EDGE('',*,*,#1085,.T.);
#1490=ORIENTED_EDGE('',*,*,#1147,.T.);
#1491=ORIENTED_EDGE('',*,*,#1126,.F.);
#1492=ORIENTED_EDGE('',*,*,#1148,.F.);
#1493=ORIENTED_EDGE('',*,*,#1084,.T.);
#1494=ORIENTED_EDGE('',*,*,#1149,.T.);
#1495=ORIENTED_EDGE('',*,*,#1127,.F.);
#1496=ORIENTED_EDGE('',*,*,#1147,.F.);
#1497=ORIENTED_EDGE('',*,*,#1145,.T.);
#1498=ORIENTED_EDGE('',*,*,#1077,.T.);
#1499=ORIENTED_EDGE('',*,*,#1064,.F.);
#1500=ORIENTED_EDGE('',*,*,#1150,.T.);
#1501=ORIENTED_EDGE('',*,*,#1151,.F.);
#1502=ORIENTED_EDGE('',*,*,#1090,.F.);
#1503=ORIENTED_EDGE('',*,*,#1152,.F.);
#1504=ORIENTED_EDGE('',*,*,#1153,.T.);
#1505=ORIENTED_EDGE('',*,*,#1135,.T.);
#1506=ORIENTED_EDGE('',*,*,#1146,.T.);
#1507=ORIENTED_EDGE('',*,*,#1143,.T.);
#1508=ORIENTED_EDGE('',*,*,#1153,.F.);
#1509=ORIENTED_EDGE('',*,*,#1154,.F.);
#1510=ORIENTED_EDGE('',*,*,#1016,.F.);
#1511=ORIENTED_EDGE('',*,*,#1155,.T.);
#1512=ORIENTED_EDGE('',*,*,#1063,.T.);
#1513=ORIENTED_EDGE('',*,*,#1156,.T.);
#1514=ORIENTED_EDGE('',*,*,#1157,.F.);
#1515=ORIENTED_EDGE('',*,*,#1158,.F.);
#1516=ORIENTED_EDGE('',*,*,#1159,.F.);
#1517=ORIENTED_EDGE('',*,*,#1160,.T.);
#1518=ORIENTED_EDGE('',*,*,#1161,.T.);
#1519=ORIENTED_EDGE('',*,*,#1162,.T.);
#1520=ORIENTED_EDGE('',*,*,#1163,.F.);
#1521=ORIENTED_EDGE('',*,*,#1164,.F.);
#1522=ORIENTED_EDGE('',*,*,#1150,.F.);
#1523=ORIENTED_EDGE('',*,*,#1165,.T.);
#1524=ORIENTED_EDGE('',*,*,#1069,.T.);
#1525=ORIENTED_EDGE('',*,*,#1166,.F.);
#1526=ORIENTED_EDGE('',*,*,#1167,.F.);
#1527=ORIENTED_EDGE('',*,*,#1168,.T.);
#1528=ORIENTED_EDGE('',*,*,#1169,.T.);
#1529=ORIENTED_EDGE('',*,*,#1170,.T.);
#1530=ORIENTED_EDGE('',*,*,#1171,.F.);
#1531=ORIENTED_EDGE('',*,*,#1172,.F.);
#1532=ORIENTED_EDGE('',*,*,#1173,.F.);
#1533=ORIENTED_EDGE('',*,*,#1174,.T.);
#1534=ORIENTED_EDGE('',*,*,#1175,.T.);
#1535=ORIENTED_EDGE('',*,*,#1137,.T.);
#1536=ORIENTED_EDGE('',*,*,#1027,.F.);
#1537=ORIENTED_EDGE('',*,*,#1176,.F.);
#1538=ORIENTED_EDGE('',*,*,#1177,.T.);
#1539=ORIENTED_EDGE('',*,*,#1046,.T.);
#1540=ORIENTED_EDGE('',*,*,#1178,.T.);
#1541=ORIENTED_EDGE('',*,*,#1179,.F.);
#1542=ORIENTED_EDGE('',*,*,#1141,.T.);
#1543=ORIENTED_EDGE('',*,*,#1139,.T.);
#1544=ORIENTED_EDGE('',*,*,#1180,.T.);
#1545=ORIENTED_EDGE('',*,*,#1181,.F.);
#1546=ORIENTED_EDGE('',*,*,#1182,.T.);
#1547=ORIENTED_EDGE('',*,*,#1183,.F.);
#1548=ORIENTED_EDGE('',*,*,#1182,.F.);
#1549=ORIENTED_EDGE('',*,*,#1184,.F.);
#1550=ORIENTED_EDGE('',*,*,#1185,.T.);
#1551=ORIENTED_EDGE('',*,*,#1181,.T.);
#1552=ORIENTED_EDGE('',*,*,#1185,.F.);
#1553=ORIENTED_EDGE('',*,*,#1183,.T.);
#1554=ORIENTED_EDGE('',*,*,#1186,.T.);
#1555=ORIENTED_EDGE('',*,*,#1187,.T.);
#1556=ORIENTED_EDGE('',*,*,#1186,.F.);
#1557=ORIENTED_EDGE('',*,*,#1187,.F.);
#1558=ORIENTED_EDGE('',*,*,#1023,.F.);
#1559=ORIENTED_EDGE('',*,*,#1134,.T.);
#1560=ORIENTED_EDGE('',*,*,#1188,.F.);
#1561=ORIENTED_EDGE('',*,*,#1189,.F.);
#1562=ORIENTED_EDGE('',*,*,#1188,.T.);
#1563=ORIENTED_EDGE('',*,*,#1133,.T.);
#1564=ORIENTED_EDGE('',*,*,#1190,.T.);
#1565=ORIENTED_EDGE('',*,*,#1191,.T.);
#1566=ORIENTED_EDGE('',*,*,#1184,.T.);
#1567=ORIENTED_EDGE('',*,*,#1117,.T.);
#1568=ORIENTED_EDGE('',*,*,#1192,.T.);
#1569=ORIENTED_EDGE('',*,*,#1193,.T.);
#1570=ORIENTED_EDGE('',*,*,#1131,.T.);
#1571=ORIENTED_EDGE('',*,*,#1193,.F.);
#1572=ORIENTED_EDGE('',*,*,#1194,.T.);
#1573=ORIENTED_EDGE('',*,*,#1190,.F.);
#1574=ORIENTED_EDGE('',*,*,#1132,.F.);
#1575=ORIENTED_EDGE('',*,*,#1116,.T.);
#1576=ORIENTED_EDGE('',*,*,#1024,.T.);
#1577=ORIENTED_EDGE('',*,*,#1189,.T.);
#1578=ORIENTED_EDGE('',*,*,#1191,.F.);
#1579=ORIENTED_EDGE('',*,*,#1194,.F.);
#1580=ORIENTED_EDGE('',*,*,#1192,.F.);
#1581=ORIENTED_EDGE('',*,*,#1176,.T.);
#1582=ORIENTED_EDGE('',*,*,#1026,.T.);
#1583=ORIENTED_EDGE('',*,*,#1115,.F.);
#1584=ORIENTED_EDGE('',*,*,#1195,.F.);
#1585=ORIENTED_EDGE('',*,*,#1196,.T.);
#1586=ORIENTED_EDGE('',*,*,#1171,.T.);
#1587=ORIENTED_EDGE('',*,*,#1197,.T.);
#1588=ORIENTED_EDGE('',*,*,#1104,.F.);
#1589=ORIENTED_EDGE('',*,*,#1196,.F.);
#1590=ORIENTED_EDGE('',*,*,#1103,.F.);
#1591=ORIENTED_EDGE('',*,*,#1198,.F.);
#1592=ORIENTED_EDGE('',*,*,#1172,.T.);
#1593=ORIENTED_EDGE('',*,*,#1167,.T.);
#1594=ORIENTED_EDGE('',*,*,#1199,.T.);
#1595=ORIENTED_EDGE('',*,*,#1110,.F.);
#1596=ORIENTED_EDGE('',*,*,#1200,.F.);
#1597=ORIENTED_EDGE('',*,*,#1074,.T.);
#1598=ORIENTED_EDGE('',*,*,#1201,.F.);
#1599=ORIENTED_EDGE('',*,*,#1111,.F.);
#1600=ORIENTED_EDGE('',*,*,#1199,.F.);
#1601=ORIENTED_EDGE('',*,*,#1166,.T.);
#1602=ORIENTED_EDGE('',*,*,#1068,.F.);
#1603=ORIENTED_EDGE('',*,*,#1201,.T.);
#1604=ORIENTED_EDGE('',*,*,#1142,.T.);
#1605=ORIENTED_EDGE('',*,*,#1179,.T.);
#1606=ORIENTED_EDGE('',*,*,#1202,.T.);
#1607=ORIENTED_EDGE('',*,*,#1112,.F.);
#1608=ORIENTED_EDGE('',*,*,#1203,.T.);
#1609=ORIENTED_EDGE('',*,*,#1173,.T.);
#1610=ORIENTED_EDGE('',*,*,#1198,.T.);
#1611=ORIENTED_EDGE('',*,*,#1102,.F.);
#1612=ORIENTED_EDGE('',*,*,#1204,.T.);
#1613=ORIENTED_EDGE('',*,*,#1157,.T.);
#1614=ORIENTED_EDGE('',*,*,#1205,.T.);
#1615=ORIENTED_EDGE('',*,*,#1099,.F.);
#1616=ORIENTED_EDGE('',*,*,#1204,.F.);
#1617=ORIENTED_EDGE('',*,*,#1098,.F.);
#1618=ORIENTED_EDGE('',*,*,#1206,.F.);
#1619=ORIENTED_EDGE('',*,*,#1158,.T.);
#1620=ORIENTED_EDGE('',*,*,#1159,.T.);
#1621=ORIENTED_EDGE('',*,*,#1206,.T.);
#1622=ORIENTED_EDGE('',*,*,#1097,.F.);
#1623=ORIENTED_EDGE('',*,*,#1207,.F.);
#1624=ORIENTED_EDGE('',*,*,#1151,.T.);
#1625=ORIENTED_EDGE('',*,*,#1164,.T.);
#1626=ORIENTED_EDGE('',*,*,#1208,.T.);
#1627=ORIENTED_EDGE('',*,*,#1091,.F.);
#1628=ORIENTED_EDGE('',*,*,#1208,.F.);
#1629=ORIENTED_EDGE('',*,*,#1163,.T.);
#1630=ORIENTED_EDGE('',*,*,#1209,.F.);
#1631=ORIENTED_EDGE('',*,*,#1092,.F.);
#1632=ORIENTED_EDGE('',*,*,#1017,.T.);
#1633=ORIENTED_EDGE('',*,*,#1154,.T.);
#1634=ORIENTED_EDGE('',*,*,#1152,.T.);
#1635=ORIENTED_EDGE('',*,*,#1089,.F.);
#1636=ORIENTED_EDGE('',*,*,#1030,.F.);
#1637=ORIENTED_EDGE('',*,*,#1165,.F.);
#1638=ORIENTED_EDGE('',*,*,#1210,.T.);
#1639=ORIENTED_EDGE('',*,*,#1122,.F.);
#1640=ORIENTED_EDGE('',*,*,#1210,.F.);
#1641=ORIENTED_EDGE('',*,*,#1175,.F.);
#1642=ORIENTED_EDGE('',*,*,#1211,.T.);
#1643=ORIENTED_EDGE('',*,*,#1123,.F.);
#1644=ORIENTED_EDGE('',*,*,#1211,.F.);
#1645=ORIENTED_EDGE('',*,*,#1180,.F.);
#1646=ORIENTED_EDGE('',*,*,#1212,.T.);
#1647=ORIENTED_EDGE('',*,*,#1128,.F.);
#1648=ORIENTED_EDGE('',*,*,#1212,.F.);
#1649=ORIENTED_EDGE('',*,*,#1086,.T.);
#1650=ORIENTED_EDGE('',*,*,#1148,.T.);
#1651=ORIENTED_EDGE('',*,*,#1125,.F.);
#1652=ORIENTED_EDGE('',*,*,#1213,.F.);
#1653=ORIENTED_EDGE('',*,*,#1083,.T.);
#1654=ORIENTED_EDGE('',*,*,#1213,.T.);
#1655=ORIENTED_EDGE('',*,*,#1124,.F.);
#1656=ORIENTED_EDGE('',*,*,#1149,.F.);
#1657=ORIENTED_EDGE('',*,*,#1205,.F.);
#1658=ORIENTED_EDGE('',*,*,#1156,.F.);
#1659=ORIENTED_EDGE('',*,*,#1062,.F.);
#1660=ORIENTED_EDGE('',*,*,#1076,.F.);
#1661=ORIENTED_EDGE('',*,*,#1058,.T.);
#1662=ORIENTED_EDGE('',*,*,#1100,.F.);
#1663=ORIENTED_EDGE('',*,*,#1203,.F.);
#1664=ORIENTED_EDGE('',*,*,#1101,.F.);
#1665=ORIENTED_EDGE('',*,*,#1060,.F.);
#1666=ORIENTED_EDGE('',*,*,#1075,.F.);
#1667=ORIENTED_EDGE('',*,*,#1066,.T.);
#1668=ORIENTED_EDGE('',*,*,#1174,.F.);
#1669=ORIENTED_EDGE('',*,*,#1195,.T.);
#1670=ORIENTED_EDGE('',*,*,#1114,.F.);
#1671=ORIENTED_EDGE('',*,*,#1047,.F.);
#1672=ORIENTED_EDGE('',*,*,#1177,.F.);
#1673=ORIENTED_EDGE('',*,*,#1202,.F.);
#1674=ORIENTED_EDGE('',*,*,#1178,.F.);
#1675=ORIENTED_EDGE('',*,*,#1045,.T.);
#1676=ORIENTED_EDGE('',*,*,#1113,.F.);
#1677=ORIENTED_EDGE('',*,*,#1049,.T.);
#1678=ORIENTED_EDGE('',*,*,#1042,.T.);
#1679=ORIENTED_EDGE('',*,*,#1214,.T.);
#1680=ORIENTED_EDGE('',*,*,#1215,.F.);
#1681=ORIENTED_EDGE('',*,*,#1216,.T.);
#1682=ORIENTED_EDGE('',*,*,#1217,.F.);
#1683=ORIENTED_EDGE('',*,*,#1218,.T.);
#1684=ORIENTED_EDGE('',*,*,#1041,.T.);
#1685=ORIENTED_EDGE('',*,*,#1040,.T.);
#1686=ORIENTED_EDGE('',*,*,#1219,.F.);
#1687=ORIENTED_EDGE('',*,*,#1220,.F.);
#1688=ORIENTED_EDGE('',*,*,#1214,.F.);
#1689=ORIENTED_EDGE('',*,*,#1220,.T.);
#1690=ORIENTED_EDGE('',*,*,#1221,.F.);
#1691=ORIENTED_EDGE('',*,*,#1222,.F.);
#1692=ORIENTED_EDGE('',*,*,#1215,.T.);
#1693=ORIENTED_EDGE('',*,*,#1222,.T.);
#1694=ORIENTED_EDGE('',*,*,#1223,.F.);
#1695=ORIENTED_EDGE('',*,*,#1224,.F.);
#1696=ORIENTED_EDGE('',*,*,#1217,.T.);
#1697=ORIENTED_EDGE('',*,*,#1225,.F.);
#1698=ORIENTED_EDGE('',*,*,#1226,.F.);
#1699=ORIENTED_EDGE('',*,*,#1038,.F.);
#1700=ORIENTED_EDGE('',*,*,#1039,.T.);
#1701=ORIENTED_EDGE('',*,*,#1226,.T.);
#1702=ORIENTED_EDGE('',*,*,#1227,.F.);
#1703=ORIENTED_EDGE('',*,*,#1228,.F.);
#1704=ORIENTED_EDGE('',*,*,#1223,.T.);
#1705=ORIENTED_EDGE('',*,*,#1221,.T.);
#1706=ORIENTED_EDGE('',*,*,#1219,.T.);
#1707=ORIENTED_EDGE('',*,*,#1224,.T.);
#1708=ORIENTED_EDGE('',*,*,#1228,.T.);
#1709=ORIENTED_EDGE('',*,*,#1229,.T.);
#1710=ORIENTED_EDGE('',*,*,#1230,.T.);
#1711=ORIENTED_EDGE('',*,*,#1229,.F.);
#1712=ORIENTED_EDGE('',*,*,#1227,.T.);
#1713=ORIENTED_EDGE('',*,*,#1225,.T.);
#1714=ORIENTED_EDGE('',*,*,#1216,.F.);
#1715=ORIENTED_EDGE('',*,*,#1218,.F.);
#1716=ORIENTED_EDGE('',*,*,#1231,.T.);
#1717=ORIENTED_EDGE('',*,*,#1232,.T.);
#1718=ORIENTED_EDGE('',*,*,#1231,.F.);
#1719=ORIENTED_EDGE('',*,*,#1230,.F.);
#1720=ORIENTED_EDGE('',*,*,#1232,.F.);
#1721=ORIENTED_EDGE('',*,*,#1200,.T.);
#1722=ORIENTED_EDGE('',*,*,#1109,.F.);
#1723=ORIENTED_EDGE('',*,*,#1233,.F.);
#1724=ORIENTED_EDGE('',*,*,#1168,.F.);
#1725=ORIENTED_EDGE('',*,*,#1197,.F.);
#1726=ORIENTED_EDGE('',*,*,#1170,.F.);
#1727=ORIENTED_EDGE('',*,*,#1234,.F.);
#1728=ORIENTED_EDGE('',*,*,#1105,.F.);
#1729=ORIENTED_EDGE('',*,*,#1234,.T.);
#1730=ORIENTED_EDGE('',*,*,#1169,.F.);
#1731=ORIENTED_EDGE('',*,*,#1233,.T.);
#1732=ORIENTED_EDGE('',*,*,#1108,.F.);
#1733=ORIENTED_EDGE('',*,*,#1106,.F.);
#1734=ORIENTED_EDGE('',*,*,#1107,.T.);
#1735=ORIENTED_EDGE('',*,*,#1235,.T.);
#1736=ORIENTED_EDGE('',*,*,#1236,.F.);
#1737=ORIENTED_EDGE('',*,*,#1235,.F.);
#1738=ORIENTED_EDGE('',*,*,#1237,.T.);
#1739=ORIENTED_EDGE('',*,*,#1238,.T.);
#1740=ORIENTED_EDGE('',*,*,#1239,.T.);
#1741=ORIENTED_EDGE('',*,*,#1236,.T.);
#1742=ORIENTED_EDGE('',*,*,#1240,.T.);
#1743=ORIENTED_EDGE('',*,*,#1241,.T.);
#1744=ORIENTED_EDGE('',*,*,#1242,.T.);
#1745=ORIENTED_EDGE('',*,*,#1243,.T.);
#1746=ORIENTED_EDGE('',*,*,#1240,.F.);
#1747=ORIENTED_EDGE('',*,*,#1244,.T.);
#1748=ORIENTED_EDGE('',*,*,#1245,.F.);
#1749=ORIENTED_EDGE('',*,*,#1246,.F.);
#1750=ORIENTED_EDGE('',*,*,#1241,.F.);
#1751=ORIENTED_EDGE('',*,*,#1246,.T.);
#1752=ORIENTED_EDGE('',*,*,#1247,.F.);
#1753=ORIENTED_EDGE('',*,*,#1248,.F.);
#1754=ORIENTED_EDGE('',*,*,#1242,.F.);
#1755=ORIENTED_EDGE('',*,*,#1248,.T.);
#1756=ORIENTED_EDGE('',*,*,#1249,.F.);
#1757=ORIENTED_EDGE('',*,*,#1250,.F.);
#1758=ORIENTED_EDGE('',*,*,#1239,.F.);
#1759=ORIENTED_EDGE('',*,*,#1251,.F.);
#1760=ORIENTED_EDGE('',*,*,#1252,.F.);
#1761=ORIENTED_EDGE('',*,*,#1244,.F.);
#1762=ORIENTED_EDGE('',*,*,#1252,.T.);
#1763=ORIENTED_EDGE('',*,*,#1253,.F.);
#1764=ORIENTED_EDGE('',*,*,#1249,.T.);
#1765=ORIENTED_EDGE('',*,*,#1247,.T.);
#1766=ORIENTED_EDGE('',*,*,#1245,.T.);
#1767=ORIENTED_EDGE('',*,*,#1243,.F.);
#1768=ORIENTED_EDGE('',*,*,#1254,.T.);
#1769=ORIENTED_EDGE('',*,*,#1255,.T.);
#1770=ORIENTED_EDGE('',*,*,#1254,.F.);
#1771=ORIENTED_EDGE('',*,*,#1251,.T.);
#1772=ORIENTED_EDGE('',*,*,#1238,.F.);
#1773=ORIENTED_EDGE('',*,*,#1256,.T.);
#1774=ORIENTED_EDGE('',*,*,#1257,.T.);
#1775=ORIENTED_EDGE('',*,*,#1256,.F.);
#1776=ORIENTED_EDGE('',*,*,#1237,.F.);
#1777=ORIENTED_EDGE('',*,*,#1250,.T.);
#1778=ORIENTED_EDGE('',*,*,#1253,.T.);
#1779=ORIENTED_EDGE('',*,*,#1257,.F.);
#1780=ORIENTED_EDGE('',*,*,#1255,.F.);
#1781=ORIENTED_EDGE('',*,*,#1207,.T.);
#1782=ORIENTED_EDGE('',*,*,#1096,.F.);
#1783=ORIENTED_EDGE('',*,*,#1258,.F.);
#1784=ORIENTED_EDGE('',*,*,#1160,.F.);
#1785=ORIENTED_EDGE('',*,*,#1209,.T.);
#1786=ORIENTED_EDGE('',*,*,#1162,.F.);
#1787=ORIENTED_EDGE('',*,*,#1259,.F.);
#1788=ORIENTED_EDGE('',*,*,#1093,.F.);
#1789=ORIENTED_EDGE('',*,*,#1260,.T.);
#1790=ORIENTED_EDGE('',*,*,#1261,.T.);
#1791=ORIENTED_EDGE('',*,*,#1052,.T.);
#1792=ORIENTED_EDGE('',*,*,#1095,.T.);
#1793=ORIENTED_EDGE('',*,*,#1057,.F.);
#1794=ORIENTED_EDGE('',*,*,#1262,.F.);
#1795=ORIENTED_EDGE('',*,*,#1263,.T.);
#1796=ORIENTED_EDGE('',*,*,#1260,.F.);
#1797=ORIENTED_EDGE('',*,*,#1051,.F.);
#1798=ORIENTED_EDGE('',*,*,#1094,.F.);
#1799=ORIENTED_EDGE('',*,*,#1259,.T.);
#1800=ORIENTED_EDGE('',*,*,#1161,.F.);
#1801=ORIENTED_EDGE('',*,*,#1258,.T.);
#1802=ORIENTED_EDGE('',*,*,#1263,.F.);
#1803=ORIENTED_EDGE('',*,*,#1264,.F.);
#1804=ORIENTED_EDGE('',*,*,#1265,.F.);
#1805=ORIENTED_EDGE('',*,*,#1266,.F.);
#1806=ORIENTED_EDGE('',*,*,#1053,.T.);
#1807=ORIENTED_EDGE('',*,*,#1261,.F.);
#1808=ORIENTED_EDGE('',*,*,#1267,.F.);
#1809=ORIENTED_EDGE('',*,*,#1268,.F.);
#1810=ORIENTED_EDGE('',*,*,#1269,.F.);
#1811=ORIENTED_EDGE('',*,*,#1055,.F.);
#1812=ORIENTED_EDGE('',*,*,#1269,.T.);
#1813=ORIENTED_EDGE('',*,*,#1270,.F.);
#1814=ORIENTED_EDGE('',*,*,#1264,.T.);
#1815=ORIENTED_EDGE('',*,*,#1262,.T.);
#1816=ORIENTED_EDGE('',*,*,#1056,.T.);
#1817=ORIENTED_EDGE('',*,*,#1271,.F.);
#1818=ORIENTED_EDGE('',*,*,#1272,.T.);
#1819=ORIENTED_EDGE('',*,*,#1273,.T.);
#1820=ORIENTED_EDGE('',*,*,#1272,.F.);
#1821=ORIENTED_EDGE('',*,*,#1268,.T.);
#1822=ORIENTED_EDGE('',*,*,#1274,.F.);
#1823=ORIENTED_EDGE('',*,*,#1275,.T.);
#1824=ORIENTED_EDGE('',*,*,#1276,.T.);
#1825=ORIENTED_EDGE('',*,*,#1275,.F.);
#1826=ORIENTED_EDGE('',*,*,#1277,.F.);
#1827=ORIENTED_EDGE('',*,*,#1265,.T.);
#1828=ORIENTED_EDGE('',*,*,#1270,.T.);
#1829=ORIENTED_EDGE('',*,*,#1054,.T.);
#1830=ORIENTED_EDGE('',*,*,#1266,.T.);
#1831=ORIENTED_EDGE('',*,*,#1277,.T.);
#1832=ORIENTED_EDGE('',*,*,#1274,.T.);
#1833=ORIENTED_EDGE('',*,*,#1267,.T.);
#1834=ORIENTED_EDGE('',*,*,#1271,.T.);
#1835=ORIENTED_EDGE('',*,*,#1276,.F.);
#1836=ORIENTED_EDGE('',*,*,#1273,.F.);
#1837=ORIENTED_EDGE('',*,*,#1155,.F.);
#1838=ORIENTED_EDGE('',*,*,#1278,.T.);
#1839=ORIENTED_EDGE('',*,*,#1279,.F.);
#1840=ORIENTED_EDGE('',*,*,#1278,.F.);
#1841=ORIENTED_EDGE('',*,*,#1279,.T.);
#1842=ORIENTED_EDGE('',*,*,#1280,.T.);
#1843=ORIENTED_EDGE('',*,*,#1281,.T.);
#1844=ORIENTED_EDGE('',*,*,#1282,.T.);
#1845=ORIENTED_EDGE('',*,*,#1283,.T.);
#1846=ORIENTED_EDGE('',*,*,#1284,.F.);
#1847=ORIENTED_EDGE('',*,*,#1035,.F.);
#1848=ORIENTED_EDGE('',*,*,#1285,.F.);
#1849=ORIENTED_EDGE('',*,*,#1286,.F.);
#1850=ORIENTED_EDGE('',*,*,#1284,.T.);
#1851=ORIENTED_EDGE('',*,*,#1287,.F.);
#1852=ORIENTED_EDGE('',*,*,#1288,.T.);
#1853=ORIENTED_EDGE('',*,*,#1031,.F.);
#1854=ORIENTED_EDGE('',*,*,#1088,.F.);
#1855=ORIENTED_EDGE('',*,*,#1036,.F.);
#1856=ORIENTED_EDGE('',*,*,#1285,.T.);
#1857=ORIENTED_EDGE('',*,*,#1034,.T.);
#1858=ORIENTED_EDGE('',*,*,#1087,.F.);
#1859=ORIENTED_EDGE('',*,*,#1033,.F.);
#1860=ORIENTED_EDGE('',*,*,#1289,.F.);
#1861=ORIENTED_EDGE('',*,*,#1290,.F.);
#1862=ORIENTED_EDGE('',*,*,#1286,.T.);
#1863=ORIENTED_EDGE('',*,*,#1289,.T.);
#1864=ORIENTED_EDGE('',*,*,#1032,.F.);
#1865=ORIENTED_EDGE('',*,*,#1288,.F.);
#1866=ORIENTED_EDGE('',*,*,#1290,.T.);
#1867=ORIENTED_EDGE('',*,*,#1287,.T.);
#1868=ORIENTED_EDGE('',*,*,#1291,.T.);
#1869=ORIENTED_EDGE('',*,*,#1292,.F.);
#1870=ORIENTED_EDGE('',*,*,#1293,.T.);
#1871=ORIENTED_EDGE('',*,*,#1280,.F.);
#1872=ORIENTED_EDGE('',*,*,#1291,.F.);
#1873=ORIENTED_EDGE('',*,*,#1283,.F.);
#1874=ORIENTED_EDGE('',*,*,#1294,.F.);
#1875=ORIENTED_EDGE('',*,*,#1292,.T.);
#1876=ORIENTED_EDGE('',*,*,#1295,.F.);
#1877=ORIENTED_EDGE('',*,*,#1296,.T.);
#1878=ORIENTED_EDGE('',*,*,#1297,.F.);
#1879=ORIENTED_EDGE('',*,*,#1298,.T.);
#1880=ORIENTED_EDGE('',*,*,#1299,.T.);
#1881=ORIENTED_EDGE('',*,*,#1300,.T.);
#1882=ORIENTED_EDGE('',*,*,#1299,.F.);
#1883=ORIENTED_EDGE('',*,*,#1301,.T.);
#1884=ORIENTED_EDGE('',*,*,#1302,.F.);
#1885=ORIENTED_EDGE('',*,*,#1303,.T.);
#1886=ORIENTED_EDGE('',*,*,#1281,.F.);
#1887=ORIENTED_EDGE('',*,*,#1293,.F.);
#1888=ORIENTED_EDGE('',*,*,#1295,.T.);
#1889=ORIENTED_EDGE('',*,*,#1294,.T.);
#1890=ORIENTED_EDGE('',*,*,#1282,.F.);
#1891=ORIENTED_EDGE('',*,*,#1303,.F.);
#1892=ORIENTED_EDGE('',*,*,#1304,.F.);
#1893=ORIENTED_EDGE('',*,*,#1305,.F.);
#1894=ORIENTED_EDGE('',*,*,#1297,.T.);
#1895=ORIENTED_EDGE('',*,*,#1306,.F.);
#1896=ORIENTED_EDGE('',*,*,#1307,.F.);
#1897=ORIENTED_EDGE('',*,*,#1308,.F.);
#1898=ORIENTED_EDGE('',*,*,#1298,.F.);
#1899=ORIENTED_EDGE('',*,*,#1308,.T.);
#1900=ORIENTED_EDGE('',*,*,#1309,.F.);
#1901=ORIENTED_EDGE('',*,*,#1301,.F.);
#1902=ORIENTED_EDGE('',*,*,#1309,.T.);
#1903=ORIENTED_EDGE('',*,*,#1307,.T.);
#1904=ORIENTED_EDGE('',*,*,#1310,.F.);
#1905=ORIENTED_EDGE('',*,*,#1311,.F.);
#1906=ORIENTED_EDGE('',*,*,#1304,.T.);
#1907=ORIENTED_EDGE('',*,*,#1302,.T.);
#1908=ORIENTED_EDGE('',*,*,#1305,.T.);
#1909=ORIENTED_EDGE('',*,*,#1311,.T.);
#1910=ORIENTED_EDGE('',*,*,#1312,.T.);
#1911=ORIENTED_EDGE('',*,*,#1313,.T.);
#1912=ORIENTED_EDGE('',*,*,#1312,.F.);
#1913=ORIENTED_EDGE('',*,*,#1310,.T.);
#1914=ORIENTED_EDGE('',*,*,#1306,.T.);
#1915=ORIENTED_EDGE('',*,*,#1296,.F.);
#1916=ORIENTED_EDGE('',*,*,#1300,.F.);
#1917=ORIENTED_EDGE('',*,*,#1314,.T.);
#1918=ORIENTED_EDGE('',*,*,#1315,.T.);
#1919=ORIENTED_EDGE('',*,*,#1314,.F.);
#1920=ORIENTED_EDGE('',*,*,#1313,.F.);
#1921=ORIENTED_EDGE('',*,*,#1315,.F.);
#1922=PLANE('',#2115);
#1923=PLANE('',#2116);
#1924=PLANE('',#2117);
#1925=PLANE('',#2135);
#1926=PLANE('',#2136);
#1927=PLANE('',#2137);
#1928=PLANE('',#2138);
#1929=PLANE('',#2141);
#1930=PLANE('',#2159);
#1931=PLANE('',#2160);
#1932=PLANE('',#2161);
#1933=PLANE('',#2162);
#1934=PLANE('',#2163);
#1935=PLANE('',#2164);
#1936=PLANE('',#2167);
#1937=PLANE('',#2168);
#1938=PLANE('',#2171);
#1939=PLANE('',#2172);
#1940=PLANE('',#2173);
#1941=PLANE('',#2174);
#1942=PLANE('',#2177);
#1943=PLANE('',#2183);
#1944=PLANE('',#2189);
#1945=PLANE('',#2200);
#1946=PLANE('',#2201);
#1947=PLANE('',#2202);
#1948=PLANE('',#2203);
#1949=PLANE('',#2204);
#1950=PLANE('',#2205);
#1951=PLANE('',#2208);
#1952=PLANE('',#2210);
#1953=PLANE('',#2214);
#1954=PLANE('',#2217);
#1955=PLANE('',#2222);
#1956=PLANE('',#2223);
#1957=PLANE('',#2224);
#1958=PLANE('',#2225);
#1959=PLANE('',#2226);
#1960=PLANE('',#2227);
#1961=PLANE('',#2228);
#1962=PLANE('',#2232);
#1963=PLANE('',#2235);
#1964=PLANE('',#2236);
#1965=PLANE('',#2237);
#1966=PLANE('',#2244);
#1967=PLANE('',#2245);
#1968=PLANE('',#2246);
#1969=PLANE('',#2250);
#1970=PLANE('',#2260);
#1971=PLANE('',#2261);
#1972=PLANE('',#2262);
#1973=PLANE('',#2268);
#1974=PLANE('',#2269);
#1975=PLANE('',#2270);
#1976=PLANE('',#2271);
#1977=PLANE('',#2275);
#1978=PLANE('',#2276);
#1979=PLANE('',#2277);
#1980=PLANE('',#2286);
#1981=PLANE('',#2287);
#1982=PLANE('',#2290);
#1983=PLANE('',#2291);
#1984=PLANE('',#2296);
#1985=PLANE('',#2297);
#1986=PLANE('',#2300);
#1987=PLANE('',#2304);
#1988=PLANE('',#2311);
#1989=PLANE('',#2312);
#1990=PLANE('',#2315);
#1991=PLANE('',#2322);
#1992=ADVANCED_FACE('',(#171),#1922,.T.);
#1993=ADVANCED_FACE('',(#172),#1923,.T.);
#1994=ADVANCED_FACE('',(#173),#1924,.T.);
#1995=ADVANCED_FACE('',(#174),#34,.T.);
#1996=ADVANCED_FACE('',(#175),#35,.T.);
#1997=ADVANCED_FACE('',(#176),#36,.T.);
#1998=ADVANCED_FACE('',(#177),#1925,.T.);
#1999=ADVANCED_FACE('',(#178),#1926,.T.);
#2000=ADVANCED_FACE('',(#179),#1927,.T.);
#2001=ADVANCED_FACE('',(#180,#16),#1928,.T.);
#2002=ADVANCED_FACE('',(#181,#17,#18,#19,#20),#1929,.T.);
#2003=ADVANCED_FACE('',(#182),#1930,.T.);
#2004=ADVANCED_FACE('',(#183),#1931,.T.);
#2005=ADVANCED_FACE('',(#184),#1932,.T.);
#2006=ADVANCED_FACE('',(#185),#1933,.T.);
#2007=ADVANCED_FACE('',(#186),#1934,.F.);
#2008=ADVANCED_FACE('',(#187),#1935,.F.);
#2009=ADVANCED_FACE('',(#188),#37,.T.);
#2010=ADVANCED_FACE('',(#189),#1936,.F.);
#2011=ADVANCED_FACE('',(#190),#1937,.F.);
#2012=ADVANCED_FACE('',(#191),#38,.T.);
#2013=ADVANCED_FACE('',(#192),#1938,.T.);
#2014=ADVANCED_FACE('',(#193),#1939,.T.);
#2015=ADVANCED_FACE('',(#194),#1940,.T.);
#2016=ADVANCED_FACE('',(#195,#21),#1941,.T.);
#2017=ADVANCED_FACE('',(#196,#22),#1942,.T.);
#2018=ADVANCED_FACE('',(#197,#23),#1943,.T.);
#2019=ADVANCED_FACE('',(#198,#24),#1944,.T.);
#2020=ADVANCED_FACE('',(#199),#15,.F.);
#2021=ADVANCED_FACE('',(#200),#39,.F.);
#2022=ADVANCED_FACE('',(#201),#40,.F.);
#2023=ADVANCED_FACE('',(#202),#1945,.T.);
#2024=ADVANCED_FACE('',(#203),#1946,.T.);
#2025=ADVANCED_FACE('',(#204,#25),#1947,.T.);
#2026=ADVANCED_FACE('',(#205),#1948,.T.);
#2027=ADVANCED_FACE('',(#206),#1949,.T.);
#2028=ADVANCED_FACE('',(#207),#1950,.T.);
#2029=ADVANCED_FACE('',(#208),#41,.F.);
#2030=ADVANCED_FACE('',(#209),#42,.F.);
#2031=ADVANCED_FACE('',(#210),#1951,.T.);
#2032=ADVANCED_FACE('',(#211),#43,.F.);
#2033=ADVANCED_FACE('',(#212),#1952,.T.);
#2034=ADVANCED_FACE('',(#213),#44,.F.);
#2035=ADVANCED_FACE('',(#214),#45,.T.);
#2036=ADVANCED_FACE('',(#215),#46,.T.);
#2037=ADVANCED_FACE('',(#216),#1953,.T.);
#2038=ADVANCED_FACE('',(#217),#47,.F.);
#2039=ADVANCED_FACE('',(#218),#48,.T.);
#2040=ADVANCED_FACE('',(#219),#1954,.T.);
#2041=ADVANCED_FACE('',(#220),#49,.T.);
#2042=ADVANCED_FACE('',(#221),#50,.F.);
#2043=ADVANCED_FACE('',(#222),#51,.F.);
#2044=ADVANCED_FACE('',(#223),#52,.F.);
#2045=ADVANCED_FACE('',(#224),#1955,.T.);
#2046=ADVANCED_FACE('',(#225),#1956,.T.);
#2047=ADVANCED_FACE('',(#226),#1957,.T.);
#2048=ADVANCED_FACE('',(#227),#1958,.T.);
#2049=ADVANCED_FACE('',(#228),#1959,.T.);
#2050=ADVANCED_FACE('',(#229),#1960,.T.);
#2051=ADVANCED_FACE('',(#230,#26),#1961,.T.);
#2052=ADVANCED_FACE('',(#231),#1962,.T.);
#2053=ADVANCED_FACE('',(#232),#53,.T.);
#2054=ADVANCED_FACE('',(#233),#1963,.T.);
#2055=ADVANCED_FACE('',(#234),#1964,.T.);
#2056=ADVANCED_FACE('',(#235),#1965,.F.);
#2057=ADVANCED_FACE('',(#236),#54,.T.);
#2058=ADVANCED_FACE('',(#237),#55,.F.);
#2059=ADVANCED_FACE('',(#238,#27),#1966,.F.);
#2060=ADVANCED_FACE('',(#239),#1967,.T.);
#2061=ADVANCED_FACE('',(#240),#1968,.T.);
#2062=ADVANCED_FACE('',(#241),#56,.T.);
#2063=ADVANCED_FACE('',(#242),#57,.T.);
#2064=ADVANCED_FACE('',(#243,#28),#1969,.T.);
#2065=ADVANCED_FACE('',(#244),#58,.T.);
#2066=ADVANCED_FACE('',(#245),#59,.T.);
#2067=ADVANCED_FACE('',(#246),#1970,.T.);
#2068=ADVANCED_FACE('',(#247),#1971,.T.);
#2069=ADVANCED_FACE('',(#248),#1972,.F.);
#2070=ADVANCED_FACE('',(#249),#60,.F.);
#2071=ADVANCED_FACE('',(#250),#61,.T.);
#2072=ADVANCED_FACE('',(#251,#29),#1973,.F.);
#2073=ADVANCED_FACE('',(#252),#1974,.T.);
#2074=ADVANCED_FACE('',(#253),#1975,.T.);
#2075=ADVANCED_FACE('',(#254),#1976,.T.);
#2076=ADVANCED_FACE('',(#255),#62,.T.);
#2077=ADVANCED_FACE('',(#256),#1977,.T.);
#2078=ADVANCED_FACE('',(#257),#1978,.T.);
#2079=ADVANCED_FACE('',(#258),#1979,.F.);
#2080=ADVANCED_FACE('',(#259),#63,.F.);
#2081=ADVANCED_FACE('',(#260),#64,.T.);
#2082=ADVANCED_FACE('',(#261,#30),#1980,.T.);
#2083=ADVANCED_FACE('',(#262,#31),#1981,.F.);
#2084=ADVANCED_FACE('',(#263),#65,.F.);
#2085=ADVANCED_FACE('',(#264),#1982,.T.);
#2086=ADVANCED_FACE('',(#265),#1983,.F.);
#2087=ADVANCED_FACE('',(#266),#1984,.T.);
#2088=ADVANCED_FACE('',(#267),#1985,.T.);
#2089=ADVANCED_FACE('',(#268),#66,.T.);
#2090=ADVANCED_FACE('',(#269),#1986,.T.);
#2091=ADVANCED_FACE('',(#270),#67,.T.);
#2092=ADVANCED_FACE('',(#271,#32),#1987,.T.);
#2093=ADVANCED_FACE('',(#272),#68,.T.);
#2094=ADVANCED_FACE('',(#273),#1988,.T.);
#2095=ADVANCED_FACE('',(#274),#1989,.T.);
#2096=ADVANCED_FACE('',(#275),#69,.T.);
#2097=ADVANCED_FACE('',(#276),#1990,.F.);
#2098=ADVANCED_FACE('',(#277),#70,.T.);
#2099=ADVANCED_FACE('',(#278),#71,.F.);
#2100=ADVANCED_FACE('',(#279,#33),#1991,.F.);
#2101=CLOSED_SHELL('',(#1992,#1993,#1994,#1995,#1996,#1997,#1998,#1999,
#2000,#2001,#2002,#2003,#2004,#2005,#2006,#2007,#2008,#2009,#2010,#2011,
#2012,#2013,#2014,#2015,#2016,#2017,#2018,#2019,#2020,#2021,#2022,#2023,
#2024,#2025,#2026,#2027,#2028,#2029,#2030,#2031,#2032,#2033,#2034,#2035,
#2036,#2037,#2038,#2039,#2040,#2041,#2042,#2043,#2044,#2045,#2046,#2047,
#2048,#2049,#2050,#2051,#2052,#2053,#2054,#2055,#2056,#2057,#2058,#2059,
#2060,#2061,#2062,#2063,#2064,#2065,#2066,#2067,#2068,#2069,#2070,#2071,
#2072,#2073,#2074,#2075,#2076,#2077,#2078,#2079,#2080,#2081,#2082,#2083,
#2084,#2085,#2086,#2087,#2088,#2089,#2090,#2091,#2092,#2093,#2094,#2095,
#2096,#2097,#2098,#2099,#2100));
#2102=DERIVED_UNIT_ELEMENT(#2104,1.);
#2103=DERIVED_UNIT_ELEMENT(#3561,-3.);
#2104=(
MASS_UNIT()
NAMED_UNIT(*)
SI_UNIT(.KILO.,.GRAM.)
);
#2105=DERIVED_UNIT((#2102,#2103));
#2106=MEASURE_REPRESENTATION_ITEM('density measure',
POSITIVE_RATIO_MEASURE(7850.),#2105);
#2107=PROPERTY_DEFINITION_REPRESENTATION(#2112,#2109);
#2108=PROPERTY_DEFINITION_REPRESENTATION(#2113,#2110);
#2109=REPRESENTATION('material name',(#2111),#3558);
#2110=REPRESENTATION('density',(#2106),#3558);
#2111=DESCRIPTIVE_REPRESENTATION_ITEM('Steel','Steel');
#2112=PROPERTY_DEFINITION('material property','material name',#3568);
#2113=PROPERTY_DEFINITION('material property','density of part',#3568);
#2114=AXIS2_PLACEMENT_3D('',#2945,#2323,#2324);
#2115=AXIS2_PLACEMENT_3D('',#2946,#2325,#2326);
#2116=AXIS2_PLACEMENT_3D('',#2961,#2334,#2335);
#2117=AXIS2_PLACEMENT_3D('',#2982,#2346,#2347);
#2118=AXIS2_PLACEMENT_3D('',#2984,#2348,#2349);
#2119=AXIS2_PLACEMENT_3D('',#2988,#2351,#2352);
#2120=AXIS2_PLACEMENT_3D('',#2990,#2354,#2355);
#2121=AXIS2_PLACEMENT_3D('',#2995,#2357,#2358);
#2122=AXIS2_PLACEMENT_3D('',#2998,#2360,#2361);
#2123=AXIS2_PLACEMENT_3D('',#2999,#2362,#2363);
#2124=AXIS2_PLACEMENT_3D('',#3004,#2365,#2366);
#2125=AXIS2_PLACEMENT_3D('',#3010,#2369,#2370);
#2126=AXIS2_PLACEMENT_3D('',#3014,#2372,#2373);
#2127=AXIS2_PLACEMENT_3D('',#3018,#2375,#2376);
#2128=AXIS2_PLACEMENT_3D('',#3021,#2378,#2379);
#2129=AXIS2_PLACEMENT_3D('',#3022,#2380,#2381);
#2130=AXIS2_PLACEMENT_3D('',#3023,#2382,#2383);
#2131=AXIS2_PLACEMENT_3D('',#3026,#2384,#2385);
#2132=AXIS2_PLACEMENT_3D('',#3030,#2387,#2388);
#2133=AXIS2_PLACEMENT_3D('',#3034,#2390,#2391);
#2134=AXIS2_PLACEMENT_3D('',#3038,#2393,#2394);
#2135=AXIS2_PLACEMENT_3D('',#3040,#2396,#2397);
#2136=AXIS2_PLACEMENT_3D('',#3049,#2402,#2403);
#2137=AXIS2_PLACEMENT_3D('',#3058,#2408,#2409);
#2138=AXIS2_PLACEMENT_3D('',#3067,#2414,#2415);
#2139=AXIS2_PLACEMENT_3D('',#3073,#2418,#2419);
#2140=AXIS2_PLACEMENT_3D('',#3084,#2426,#2427);
#2141=AXIS2_PLACEMENT_3D('',#3097,#2435,#2436);
#2142=AXIS2_PLACEMENT_3D('',#3101,#2439,#2440);
#2143=AXIS2_PLACEMENT_3D('',#3105,#2442,#2443);
#2144=AXIS2_PLACEMENT_3D('',#3110,#2446,#2447);
#2145=AXIS2_PLACEMENT_3D('',#3112,#2448,#2449);
#2146=AXIS2_PLACEMENT_3D('',#3116,#2451,#2452);
#2147=AXIS2_PLACEMENT_3D('',#3120,#2454,#2455);
#2148=AXIS2_PLACEMENT_3D('',#3125,#2458,#2459);
#2149=AXIS2_PLACEMENT_3D('',#3129,#2461,#2462);
#2150=AXIS2_PLACEMENT_3D('',#3133,#2464,#2465);
#2151=AXIS2_PLACEMENT_3D('',#3134,#2466,#2467);
#2152=AXIS2_PLACEMENT_3D('',#3136,#2468,#2469);
#2153=AXIS2_PLACEMENT_3D('',#3140,#2471,#2472);
#2154=AXIS2_PLACEMENT_3D('',#3144,#2474,#2475);
#2155=AXIS2_PLACEMENT_3D('',#3148,#2478,#2479);
#2156=AXIS2_PLACEMENT_3D('',#3160,#2486,#2487);
#2157=AXIS2_PLACEMENT_3D('',#3162,#2488,#2489);
#2158=AXIS2_PLACEMENT_3D('',#3172,#2494,#2495);
#2159=AXIS2_PLACEMENT_3D('',#3173,#2496,#2497);
#2160=AXIS2_PLACEMENT_3D('',#3175,#2499,#2500);
#2161=AXIS2_PLACEMENT_3D('',#3177,#2502,#2503);
#2162=AXIS2_PLACEMENT_3D('',#3178,#2504,#2505);
#2163=AXIS2_PLACEMENT_3D('',#3186,#2510,#2511);
#2164=AXIS2_PLACEMENT_3D('',#3190,#2514,#2515);
#2165=AXIS2_PLACEMENT_3D('',#3194,#2518,#2519);
#2166=AXIS2_PLACEMENT_3D('',#3196,#2520,#2521);
#2167=AXIS2_PLACEMENT_3D('',#3198,#2523,#2524);
#2168=AXIS2_PLACEMENT_3D('',#3202,#2527,#2528);
#2169=AXIS2_PLACEMENT_3D('',#3208,#2532,#2533);
#2170=AXIS2_PLACEMENT_3D('',#3209,#2534,#2535);
#2171=AXIS2_PLACEMENT_3D('',#3210,#2536,#2537);
#2172=AXIS2_PLACEMENT_3D('',#3213,#2540,#2541);
#2173=AXIS2_PLACEMENT_3D('',#3215,#2543,#2544);
#2174=AXIS2_PLACEMENT_3D('',#3222,#2549,#2550);
#2175=AXIS2_PLACEMENT_3D('',#3223,#2551,#2552);
#2176=AXIS2_PLACEMENT_3D('',#3225,#2553,#2554);
#2177=AXIS2_PLACEMENT_3D('',#3226,#2555,#2556);
#2178=AXIS2_PLACEMENT_3D('',#3230,#2558,#2559);
#2179=AXIS2_PLACEMENT_3D('',#3234,#2561,#2562);
#2180=AXIS2_PLACEMENT_3D('',#3238,#2564,#2565);
#2181=AXIS2_PLACEMENT_3D('',#3243,#2568,#2569);
#2182=AXIS2_PLACEMENT_3D('',#3245,#2570,#2571);
#2183=AXIS2_PLACEMENT_3D('',#3246,#2572,#2573);
#2184=AXIS2_PLACEMENT_3D('',#3250,#2575,#2576);
#2185=AXIS2_PLACEMENT_3D('',#3254,#2578,#2579);
#2186=AXIS2_PLACEMENT_3D('',#3258,#2581,#2582);
#2187=AXIS2_PLACEMENT_3D('',#3262,#2584,#2585);
#2188=AXIS2_PLACEMENT_3D('',#3265,#2587,#2588);
#2189=AXIS2_PLACEMENT_3D('',#3266,#2589,#2590);
#2190=AXIS2_PLACEMENT_3D('',#3268,#2591,#2592);
#2191=AXIS2_PLACEMENT_3D('',#3272,#2595,#2596);
#2192=AXIS2_PLACEMENT_3D('',#3274,#2597,#2598);
#2193=AXIS2_PLACEMENT_3D('',#3275,#2599,#2600);
#2194=AXIS2_PLACEMENT_3D('',#3277,#2601,#2602);
#2195=AXIS2_PLACEMENT_3D('',#3280,#2604,#2605);
#2196=AXIS2_PLACEMENT_3D('',#3281,#2606,#2607);
#2197=AXIS2_PLACEMENT_3D('',#3283,#2608,#2609);
#2198=AXIS2_PLACEMENT_3D('',#3285,#2611,#2612);
#2199=AXIS2_PLACEMENT_3D('',#3288,#2614,#2615);
#2200=AXIS2_PLACEMENT_3D('',#3289,#2616,#2617);
#2201=AXIS2_PLACEMENT_3D('',#3290,#2618,#2619);
#2202=AXIS2_PLACEMENT_3D('',#3294,#2622,#2623);
#2203=AXIS2_PLACEMENT_3D('',#3298,#2626,#2627);
#2204=AXIS2_PLACEMENT_3D('',#3302,#2630,#2631);
#2205=AXIS2_PLACEMENT_3D('',#3304,#2633,#2634);
#2206=AXIS2_PLACEMENT_3D('',#3305,#2635,#2636);
#2207=AXIS2_PLACEMENT_3D('',#3307,#2638,#2639);
#2208=AXIS2_PLACEMENT_3D('',#3310,#2642,#2643);
#2209=AXIS2_PLACEMENT_3D('',#3312,#2645,#2646);
#2210=AXIS2_PLACEMENT_3D('',#3315,#2649,#2650);
#2211=AXIS2_PLACEMENT_3D('',#3317,#2652,#2653);
#2212=AXIS2_PLACEMENT_3D('',#3319,#2655,#2656);
#2213=AXIS2_PLACEMENT_3D('',#3321,#2658,#2659);
#2214=AXIS2_PLACEMENT_3D('',#3324,#2662,#2663);
#2215=AXIS2_PLACEMENT_3D('',#3326,#2665,#2666);
#2216=AXIS2_PLACEMENT_3D('',#3328,#2668,#2669);
#2217=AXIS2_PLACEMENT_3D('',#3330,#2671,#2672);
#2218=AXIS2_PLACEMENT_3D('',#3332,#2674,#2675);
#2219=AXIS2_PLACEMENT_3D('',#3333,#2676,#2677);
#2220=AXIS2_PLACEMENT_3D('',#3335,#2679,#2680);
#2221=AXIS2_PLACEMENT_3D('',#3337,#2682,#2683);
#2222=AXIS2_PLACEMENT_3D('',#3339,#2685,#2686);
#2223=AXIS2_PLACEMENT_3D('',#3341,#2688,#2689);
#2224=AXIS2_PLACEMENT_3D('',#3342,#2690,#2691);
#2225=AXIS2_PLACEMENT_3D('',#3343,#2692,#2693);
#2226=AXIS2_PLACEMENT_3D('',#3344,#2694,#2695);
#2227=AXIS2_PLACEMENT_3D('',#3345,#2696,#2697);
#2228=AXIS2_PLACEMENT_3D('',#3346,#2698,#2699);
#2229=AXIS2_PLACEMENT_3D('',#3348,#2700,#2701);
#2230=AXIS2_PLACEMENT_3D('',#3352,#2703,#2704);
#2231=AXIS2_PLACEMENT_3D('',#3355,#2706,#2707);
#2232=AXIS2_PLACEMENT_3D('',#3356,#2708,#2709);
#2233=AXIS2_PLACEMENT_3D('',#3360,#2712,#2713);
#2234=AXIS2_PLACEMENT_3D('',#3362,#2714,#2715);
#2235=AXIS2_PLACEMENT_3D('',#3364,#2717,#2718);
#2236=AXIS2_PLACEMENT_3D('',#3368,#2721,#2722);
#2237=AXIS2_PLACEMENT_3D('',#3372,#2725,#2726);
#2238=AXIS2_PLACEMENT_3D('',#3374,#2727,#2728);
#2239=AXIS2_PLACEMENT_3D('',#3375,#2729,#2730);
#2240=AXIS2_PLACEMENT_3D('',#3376,#2731,#2732);
#2241=AXIS2_PLACEMENT_3D('',#3379,#2734,#2735);
#2242=AXIS2_PLACEMENT_3D('',#3380,#2736,#2737);
#2243=AXIS2_PLACEMENT_3D('',#3383,#2739,#2740);
#2244=AXIS2_PLACEMENT_3D('',#3384,#2741,#2742);
#2245=AXIS2_PLACEMENT_3D('',#3385,#2743,#2744);
#2246=AXIS2_PLACEMENT_3D('',#3387,#2746,#2747);
#2247=AXIS2_PLACEMENT_3D('',#3389,#2749,#2750);
#2248=AXIS2_PLACEMENT_3D('',#3390,#2751,#2752);
#2249=AXIS2_PLACEMENT_3D('',#3393,#2754,#2755);
#2250=AXIS2_PLACEMENT_3D('',#3394,#2756,#2757);
#2251=AXIS2_PLACEMENT_3D('',#3397,#2758,#2759);
#2252=AXIS2_PLACEMENT_3D('',#3399,#2760,#2761);
#2253=AXIS2_PLACEMENT_3D('',#3402,#2763,#2764);
#2254=AXIS2_PLACEMENT_3D('',#3404,#2765,#2766);
#2255=AXIS2_PLACEMENT_3D('',#3407,#2768,#2769);
#2256=AXIS2_PLACEMENT_3D('',#3408,#2770,#2771);
#2257=AXIS2_PLACEMENT_3D('',#3412,#2773,#2774);
#2258=AXIS2_PLACEMENT_3D('',#3414,#2776,#2777);
#2259=AXIS2_PLACEMENT_3D('',#3416,#2778,#2779);
#2260=AXIS2_PLACEMENT_3D('',#3418,#2781,#2782);
#2261=AXIS2_PLACEMENT_3D('',#3422,#2785,#2786);
#2262=AXIS2_PLACEMENT_3D('',#3426,#2789,#2790);
#2263=AXIS2_PLACEMENT_3D('',#3427,#2791,#2792);
#2264=AXIS2_PLACEMENT_3D('',#3428,#2793,#2794);
#2265=AXIS2_PLACEMENT_3D('',#3431,#2796,#2797);
#2266=AXIS2_PLACEMENT_3D('',#3432,#2798,#2799);
#2267=AXIS2_PLACEMENT_3D('',#3435,#2801,#2802);
#2268=AXIS2_PLACEMENT_3D('',#3436,#2803,#2804);
#2269=AXIS2_PLACEMENT_3D('',#3437,#2805,#2806);
#2270=AXIS2_PLACEMENT_3D('',#3439,#2808,#2809);
#2271=AXIS2_PLACEMENT_3D('',#3441,#2811,#2812);
#2272=AXIS2_PLACEMENT_3D('',#3443,#2813,#2814);
#2273=AXIS2_PLACEMENT_3D('',#3445,#2816,#2817);
#2274=AXIS2_PLACEMENT_3D('',#3447,#2818,#2819);
#2275=AXIS2_PLACEMENT_3D('',#3449,#2821,#2822);
#2276=AXIS2_PLACEMENT_3D('',#3455,#2826,#2827);
#2277=AXIS2_PLACEMENT_3D('',#3461,#2831,#2832);
#2278=AXIS2_PLACEMENT_3D('',#3462,#2833,#2834);
#2279=AXIS2_PLACEMENT_3D('',#3463,#2835,#2836);
#2280=AXIS2_PLACEMENT_3D('',#3465,#2837,#2838);
#2281=AXIS2_PLACEMENT_3D('',#3468,#2840,#2841);
#2282=AXIS2_PLACEMENT_3D('',#3469,#2842,#2843);
#2283=AXIS2_PLACEMENT_3D('',#3471,#2844,#2845);
#2284=AXIS2_PLACEMENT_3D('',#3474,#2847,#2848);
#2285=AXIS2_PLACEMENT_3D('',#3475,#2849,#2850);
#2286=AXIS2_PLACEMENT_3D('',#3476,#2851,#2852);
#2287=AXIS2_PLACEMENT_3D('',#3477,#2853,#2854);
#2288=AXIS2_PLACEMENT_3D('',#3478,#2855,#2856);
#2289=AXIS2_PLACEMENT_3D('',#3481,#2858,#2859);
#2290=AXIS2_PLACEMENT_3D('',#3482,#2860,#2861);
#2291=AXIS2_PLACEMENT_3D('',#3483,#2862,#2863);
#2292=AXIS2_PLACEMENT_3D('',#3486,#2864,#2865);
#2293=AXIS2_PLACEMENT_3D('',#3488,#2866,#2867);
#2294=AXIS2_PLACEMENT_3D('',#3492,#2869,#2870);
#2295=AXIS2_PLACEMENT_3D('',#3496,#2873,#2874);
#2296=AXIS2_PLACEMENT_3D('',#3497,#2875,#2876);
#2297=AXIS2_PLACEMENT_3D('',#3501,#2879,#2880);
#2298=AXIS2_PLACEMENT_3D('',#3503,#2882,#2883);
#2299=AXIS2_PLACEMENT_3D('',#3504,#2884,#2885);
#2300=AXIS2_PLACEMENT_3D('',#3505,#2886,#2887);
#2301=AXIS2_PLACEMENT_3D('',#3506,#2888,#2889);
#2302=AXIS2_PLACEMENT_3D('',#3507,#2890,#2891);
#2303=AXIS2_PLACEMENT_3D('',#3510,#2892,#2893);
#2304=AXIS2_PLACEMENT_3D('',#3513,#2896,#2897);
#2305=AXIS2_PLACEMENT_3D('',#3517,#2899,#2900);
#2306=AXIS2_PLACEMENT_3D('',#3521,#2902,#2903);
#2307=AXIS2_PLACEMENT_3D('',#3522,#2904,#2905);
#2308=AXIS2_PLACEMENT_3D('',#3524,#2906,#2907);
#2309=AXIS2_PLACEMENT_3D('',#3525,#2908,#2909);
#2310=AXIS2_PLACEMENT_3D('',#3529,#2911,#2912);
#2311=AXIS2_PLACEMENT_3D('',#3531,#2914,#2915);
#2312=AXIS2_PLACEMENT_3D('',#3535,#2918,#2919);
#2313=AXIS2_PLACEMENT_3D('',#3541,#2923,#2924);
#2314=AXIS2_PLACEMENT_3D('',#3542,#2925,#2926);
#2315=AXIS2_PLACEMENT_3D('',#3543,#2927,#2928);
#2316=AXIS2_PLACEMENT_3D('',#3545,#2929,#2930);
#2317=AXIS2_PLACEMENT_3D('',#3546,#2931,#2932);
#2318=AXIS2_PLACEMENT_3D('',#3547,#2933,#2934);
#2319=AXIS2_PLACEMENT_3D('',#3550,#2936,#2937);
#2320=AXIS2_PLACEMENT_3D('',#3551,#2938,#2939);
#2321=AXIS2_PLACEMENT_3D('',#3554,#2941,#2942);
#2322=AXIS2_PLACEMENT_3D('',#3555,#2943,#2944);
#2323=DIRECTION('axis',(0.,0.,1.));
#2324=DIRECTION('refdir',(1.,0.,0.));
#2325=DIRECTION('center_axis',(-1.,0.,0.));
#2326=DIRECTION('ref_axis',(0.,1.,0.));
#2327=DIRECTION('',(0.,0.,1.));
#2328=DIRECTION('',(0.,1.,0.));
#2329=DIRECTION('',(0.,0.,1.));
#2330=DIRECTION('',(0.,1.,0.));
#2331=DIRECTION('',(0.,0.,1.));
#2332=DIRECTION('',(0.,1.,0.));
#2333=DIRECTION('',(0.,1.,0.));
#2334=DIRECTION('center_axis',(-1.,0.,0.));
#2335=DIRECTION('ref_axis',(0.,1.,0.));
#2336=DIRECTION('',(0.,0.,-1.));
#2337=DIRECTION('',(0.,1.,0.));
#2338=DIRECTION('',(0.,0.,-1.));
#2339=DIRECTION('',(0.,-1.,0.));
#2340=DIRECTION('',(0.,0.,-1.));
#2341=DIRECTION('',(0.,1.,0.));
#2342=DIRECTION('',(0.,0.,-1.));
#2343=DIRECTION('',(0.,1.,0.));
#2344=DIRECTION('',(0.,0.,-1.));
#2345=DIRECTION('',(0.,1.,0.));
#2346=DIRECTION('center_axis',(0.,0.,1.));
#2347=DIRECTION('ref_axis',(-1.,0.,0.));
#2348=DIRECTION('center_axis',(0.,0.,-1.));
#2349=DIRECTION('ref_axis',(-1.,0.,0.));
#2350=DIRECTION('',(-0.945204454622991,-0.326479002327645,0.));
#2351=DIRECTION('center_axis',(0.,0.,1.));
#2352=DIRECTION('ref_axis',(-0.326479002327646,0.945204454622991,0.));
#2353=DIRECTION('',(0.945204454622991,0.326479002327645,0.));
#2354=DIRECTION('center_axis',(0.,0.,1.));
#2355=DIRECTION('ref_axis',(0.326479002327645,-0.945204454622991,0.));
#2356=DIRECTION('',(0.,0.,1.));
#2357=DIRECTION('center_axis',(0.,0.,1.));
#2358=DIRECTION('ref_axis',(0.326479002327645,-0.945204454622991,0.));
#2359=DIRECTION('',(0.,0.,1.));
#2360=DIRECTION('center_axis',(0.,0.,-1.));
#2361=DIRECTION('ref_axis',(0.326479002327645,-0.945204454622991,0.));
#2362=DIRECTION('center_axis',(0.,0.,-1.));
#2363=DIRECTION('ref_axis',(-0.173792227972997,-0.984782342193534,0.));
#2364=DIRECTION('',(0.,0.,-1.));
#2365=DIRECTION('center_axis',(0.,0.,-1.));
#2366=DIRECTION('ref_axis',(-0.173792227972997,-0.984782342193534,0.));
#2367=DIRECTION('',(0.,0.,-1.));
#2368=DIRECTION('',(-0.173647981054655,-0.984807787680237,0.));
#2369=DIRECTION('center_axis',(8.09750038649129E-17,7.65622112118194E-17,
-1.));
#2370=DIRECTION('ref_axis',(-1.,0.,0.));
#2371=DIRECTION('',(0.,0.,1.));
#2372=DIRECTION('center_axis',(0.,0.,-1.));
#2373=DIRECTION('ref_axis',(-0.173792227972997,-0.984782342193534,0.));
#2374=DIRECTION('',(0.,0.,-1.));
#2375=DIRECTION('center_axis',(0.,0.,1.));
#2376=DIRECTION('ref_axis',(-1.,0.,0.));
#2377=DIRECTION('',(0.,0.,-1.));
#2378=DIRECTION('center_axis',(0.,0.,-1.));
#2379=DIRECTION('ref_axis',(-0.173792227972997,-0.984782342193534,0.));
#2380=DIRECTION('center_axis',(8.09750038649129E-17,7.65622112118194E-17,
-1.));
#2381=DIRECTION('ref_axis',(-1.,0.,0.));
#2382=DIRECTION('center_axis',(0.,0.,-1.));
#2383=DIRECTION('ref_axis',(1.61486985400023E-15,1.,0.));
#2384=DIRECTION('center_axis',(0.,0.,-1.));
#2385=DIRECTION('ref_axis',(1.61486985400023E-15,1.,0.));
#2386=DIRECTION('',(0.,0.,1.));
#2387=DIRECTION('center_axis',(0.,0.,1.));
#2388=DIRECTION('ref_axis',(-1.,0.,0.));
#2389=DIRECTION('',(0.,0.,1.));
#2390=DIRECTION('center_axis',(8.09750038649129E-17,7.65622112118194E-17,
-1.));
#2391=DIRECTION('ref_axis',(-1.,0.,0.));
#2392=DIRECTION('',(0.,0.,-1.));
#2393=DIRECTION('center_axis',(7.10411148600232E-64,1.79692682323474E-78,
-1.));
#2394=DIRECTION('ref_axis',(1.61486985400023E-15,1.,2.94414837105493E-78));
#2395=DIRECTION('',(0.,0.,1.));
#2396=DIRECTION('center_axis',(1.,0.,0.));
#2397=DIRECTION('ref_axis',(0.,-1.,0.));
#2398=DIRECTION('',(0.,0.,-1.));
#2399=DIRECTION('',(0.,-1.,0.));
#2400=DIRECTION('',(0.,0.,-1.));
#2401=DIRECTION('',(0.,-1.,0.));
#2402=DIRECTION('center_axis',(-0.707106781186548,0.,0.707106781186548));
#2403=DIRECTION('ref_axis',(0.707106781186548,0.,0.707106781186548));
#2404=DIRECTION('',(0.707106781186548,0.,0.707106781186548));
#2405=DIRECTION('',(0.,-1.,0.));
#2406=DIRECTION('',(-0.707106781186548,0.,-0.707106781186548));
#2407=DIRECTION('',(0.,-1.,0.));
#2408=DIRECTION('center_axis',(-0.707106781186548,0.,0.707106781186548));
#2409=DIRECTION('ref_axis',(0.707106781186548,0.,0.707106781186548));
#2410=DIRECTION('',(-0.707106781186548,0.,-0.707106781186548));
#2411=DIRECTION('',(0.,-1.,0.));
#2412=DIRECTION('',(0.707106781186548,3.52153599923443E-17,0.707106781186548));
#2413=DIRECTION('',(0.,-1.,0.));
#2414=DIRECTION('center_axis',(0.,0.,1.));
#2415=DIRECTION('ref_axis',(-1.,0.,0.));
#2416=DIRECTION('',(-1.,0.,0.));
#2417=DIRECTION('',(-1.,0.,0.));
#2418=DIRECTION('center_axis',(0.,0.,1.));
#2419=DIRECTION('ref_axis',(-1.,0.,0.));
#2420=DIRECTION('',(-0.38601568842036,0.922492215844316,0.));
#2421=DIRECTION('',(-1.,-4.98020397050242E-17,0.));
#2422=DIRECTION('',(1.,0.,0.));
#2423=DIRECTION('',(-1.,0.,0.));
#2424=DIRECTION('',(1.,0.,0.));
#2425=DIRECTION('',(0.,1.,0.));
#2426=DIRECTION('center_axis',(0.,0.,1.));
#2427=DIRECTION('ref_axis',(-1.,0.,0.));
#2428=DIRECTION('',(1.,-1.13526224054543E-15,0.));
#2429=DIRECTION('',(1.,0.,0.));
#2430=DIRECTION('',(-1.06166188645353E-16,-1.,0.));
#2431=DIRECTION('',(-1.,0.,0.));
#2432=DIRECTION('',(0.,1.,0.));
#2433=DIRECTION('',(1.,0.,0.));
#2434=DIRECTION('',(0.,-1.,0.));
#2435=DIRECTION('center_axis',(0.,0.,-1.));
#2436=DIRECTION('ref_axis',(1.,0.,0.));
#2437=DIRECTION('',(0.945204454622991,0.326479002327645,0.));
#2438=DIRECTION('',(-0.945204454622991,-0.326479002327645,0.));
#2439=DIRECTION('center_axis',(0.,0.,-1.));
#2440=DIRECTION('ref_axis',(-1.,0.,0.));
#2441=DIRECTION('',(1.,0.,0.));
#2442=DIRECTION('center_axis',(0.,0.,-1.));
#2443=DIRECTION('ref_axis',(0.707106781186547,0.707106781186547,0.));
#2444=DIRECTION('',(0.,-1.,0.));
#2445=DIRECTION('',(0.887100492401002,-0.461576338628725,0.));
#2446=DIRECTION('center_axis',(0.,0.,-1.));
#2447=DIRECTION('ref_axis',(-1.,-1.42108547418611E-13,0.));
#2448=DIRECTION('center_axis',(0.,0.,-1.));
#2449=DIRECTION('ref_axis',(-1.,3.22973970800047E-15,0.));
#2450=DIRECTION('',(-0.887100492401002,0.461576338628726,0.));
#2451=DIRECTION('center_axis',(0.,0.,1.));
#2452=DIRECTION('ref_axis',(-0.518856271703095,0.854861491303921,0.));
#2453=DIRECTION('',(0.,-1.,0.));
#2454=DIRECTION('center_axis',(0.,0.,-1.));
#2455=DIRECTION('ref_axis',(0.707106781186544,-0.707106781186551,0.));
#2456=DIRECTION('',(-1.,0.,0.));
#2457=DIRECTION('',(1.,0.,0.));
#2458=DIRECTION('center_axis',(0.,0.,-1.));
#2459=DIRECTION('ref_axis',(0.707106781186546,0.707106781186549,0.));
#2460=DIRECTION('',(0.,-1.,0.));
#2461=DIRECTION('center_axis',(0.,0.,1.));
#2462=DIRECTION('ref_axis',(-0.90379301626897,-0.427969839759108,0.));
#2463=DIRECTION('',(0.773592304696065,-0.633683632513126,0.));
#2464=DIRECTION('center_axis',(0.,0.,-1.));
#2465=DIRECTION('ref_axis',(-0.633683632513125,-0.773592304696065,0.));
#2466=DIRECTION('center_axis',(0.,0.,-1.));
#2467=DIRECTION('ref_axis',(-1.,0.,0.));
#2468=DIRECTION('center_axis',(0.,0.,-1.));
#2469=DIRECTION('ref_axis',(-0.633683632513125,-0.773592304696065,0.));
#2470=DIRECTION('',(-0.773592304696065,0.633683632513126,0.));
#2471=DIRECTION('center_axis',(0.,0.,1.));
#2472=DIRECTION('ref_axis',(0.336457794755847,0.941698546429818,0.));
#2473=DIRECTION('',(-1.,-4.98020397050242E-17,0.));
#2474=DIRECTION('center_axis',(0.,0.,1.));
#2475=DIRECTION('ref_axis',(-0.453948154366394,0.891028098966213,0.));
#2476=DIRECTION('',(-0.587862146294689,-0.808961122028619,0.));
#2477=DIRECTION('',(0.587862146294689,0.808961122028619,0.));
#2478=DIRECTION('center_axis',(0.,0.,1.));
#2479=DIRECTION('ref_axis',(0.951041829266363,-0.309062192747173,0.));
#2480=DIRECTION('',(-1.,0.,0.));
#2481=DIRECTION('',(2.22044604925031E-16,-1.,0.));
#2482=DIRECTION('',(1.,0.,0.));
#2483=DIRECTION('',(1.,0.,0.));
#2484=DIRECTION('',(1.06166188645353E-16,1.,0.));
#2485=DIRECTION('',(-1.,0.,0.));
#2486=DIRECTION('center_axis',(0.,0.,1.));
#2487=DIRECTION('ref_axis',(-1.,0.,0.));
#2488=DIRECTION('center_axis',(0.,0.,1.));
#2489=DIRECTION('ref_axis',(-1.,0.,0.));
#2490=DIRECTION('',(-1.,0.,0.));
#2491=DIRECTION('',(0.,-1.,0.));
#2492=DIRECTION('',(1.,0.,0.));
#2493=DIRECTION('',(0.,1.,0.));
#2494=DIRECTION('center_axis',(0.,0.,1.));
#2495=DIRECTION('ref_axis',(1.,0.,0.));
#2496=DIRECTION('center_axis',(0.,-1.,0.));
#2497=DIRECTION('ref_axis',(-1.,0.,0.));
#2498=DIRECTION('',(0.,0.,1.));
#2499=DIRECTION('center_axis',(-1.,1.06166188645353E-16,0.));
#2500=DIRECTION('ref_axis',(1.06166188645353E-16,1.,0.));
#2501=DIRECTION('',(0.,0.,1.));
#2502=DIRECTION('center_axis',(0.,1.,0.));
#2503=DIRECTION('ref_axis',(1.,0.,0.));
#2504=DIRECTION('center_axis',(0.,1.,0.));
#2505=DIRECTION('ref_axis',(1.,0.,0.));
#2506=DIRECTION('',(0.707106781186547,0.,0.707106781186548));
#2507=DIRECTION('',(-1.,0.,0.));
#2508=DIRECTION('',(0.,0.,-1.));
#2509=DIRECTION('',(-1.,0.,0.));
#2510=DIRECTION('center_axis',(1.13526224054543E-15,1.,0.));
#2511=DIRECTION('ref_axis',(1.,-1.13526224054543E-15,0.));
#2512=DIRECTION('',(1.,-1.13526224054543E-15,0.));
#2513=DIRECTION('',(0.,0.,-1.));
#2514=DIRECTION('center_axis',(0.,-1.,0.));
#2515=DIRECTION('ref_axis',(-1.,0.,0.));
#2516=DIRECTION('',(-1.,0.,0.));
#2517=DIRECTION('',(0.,0.,-1.));
#2518=DIRECTION('center_axis',(0.,0.,-1.));
#2519=DIRECTION('ref_axis',(-1.,0.,0.));
#2520=DIRECTION('center_axis',(0.,0.,1.));
#2521=DIRECTION('ref_axis',(-1.,0.,0.));
#2522=DIRECTION('',(0.,0.,-1.));
#2523=DIRECTION('center_axis',(-0.922492215844316,-0.38601568842036,0.));
#2524=DIRECTION('ref_axis',(-0.38601568842036,0.922492215844316,0.));
#2525=DIRECTION('',(-0.38601568842036,0.922492215844316,0.));
#2526=DIRECTION('',(0.,0.,1.));
#2527=DIRECTION('center_axis',(-1.,0.,0.));
#2528=DIRECTION('ref_axis',(0.,1.,0.));
#2529=DIRECTION('',(0.,1.,0.));
#2530=DIRECTION('',(0.,0.,-1.));
#2531=DIRECTION('',(0.,0.,-1.));
#2532=DIRECTION('center_axis',(0.,0.,-1.));
#2533=DIRECTION('ref_axis',(-1.,0.,0.));
#2534=DIRECTION('center_axis',(0.,0.,1.));
#2535=DIRECTION('ref_axis',(-1.,0.,0.));
#2536=DIRECTION('center_axis',(0.,1.,0.));
#2537=DIRECTION('ref_axis',(1.,0.,0.));
#2538=DIRECTION('',(0.,0.,-1.));
#2539=DIRECTION('',(0.,0.,-1.));
#2540=DIRECTION('center_axis',(-1.,0.,0.));
#2541=DIRECTION('ref_axis',(0.,1.,0.));
#2542=DIRECTION('',(0.,0.,-1.));
#2543=DIRECTION('center_axis',(0.,1.,0.));
#2544=DIRECTION('ref_axis',(1.,0.,0.));
#2545=DIRECTION('',(1.,0.,0.));
#2546=DIRECTION('',(0.,0.,1.));
#2547=DIRECTION('',(0.,0.,-1.));
#2548=DIRECTION('',(1.,0.,0.));
#2549=DIRECTION('center_axis',(0.,0.,1.));
#2550=DIRECTION('ref_axis',(-1.,0.,0.));
#2551=DIRECTION('center_axis',(0.,0.,-1.));
#2552=DIRECTION('ref_axis',(-0.707106781186547,0.707106781186547,0.));
#2553=DIRECTION('center_axis',(0.,0.,-1.));
#2554=DIRECTION('ref_axis',(-1.,0.,0.));
#2555=DIRECTION('center_axis',(0.,0.,1.));
#2556=DIRECTION('ref_axis',(-1.,0.,0.));
#2557=DIRECTION('',(1.,0.,0.));
#2558=DIRECTION('center_axis',(0.,0.,-1.));
#2559=DIRECTION('ref_axis',(0.707106781186544,-0.707106781186551,0.));
#2560=DIRECTION('',(0.,-1.,0.));
#2561=DIRECTION('center_axis',(0.,0.,1.));
#2562=DIRECTION('ref_axis',(-0.518856271703095,0.854861491303921,0.));
#2563=DIRECTION('',(0.887100492401002,-0.461576338628726,0.));
#2564=DIRECTION('center_axis',(0.,0.,1.));
#2565=DIRECTION('ref_axis',(-1.,-1.42108547418611E-13,0.));
#2566=DIRECTION('',(-0.887100492401002,0.461576338628725,0.));
#2567=DIRECTION('',(0.,-1.,0.));
#2568=DIRECTION('center_axis',(0.,0.,-1.));
#2569=DIRECTION('ref_axis',(0.707106781186547,0.707106781186547,0.));
#2570=DIRECTION('center_axis',(0.,0.,-1.));
#2571=DIRECTION('ref_axis',(-1.,0.,0.));
#2572=DIRECTION('center_axis',(0.,0.,1.));
#2573=DIRECTION('ref_axis',(-1.,0.,0.));
#2574=DIRECTION('',(-1.,-4.98020397050242E-17,0.));
#2575=DIRECTION('center_axis',(0.,0.,1.));
#2576=DIRECTION('ref_axis',(0.336457794755847,0.941698546429818,0.));
#2577=DIRECTION('',(0.773592304696065,-0.633683632513126,0.));
#2578=DIRECTION('center_axis',(0.,0.,1.));
#2579=DIRECTION('ref_axis',(-0.633683632513125,-0.773592304696065,0.));
#2580=DIRECTION('',(-0.773592304696065,0.633683632513126,0.));
#2581=DIRECTION('center_axis',(0.,0.,1.));
#2582=DIRECTION('ref_axis',(-0.90379301626897,-0.427969839759108,0.));
#2583=DIRECTION('',(0.,-1.,0.));
#2584=DIRECTION('center_axis',(0.,0.,-1.));
#2585=DIRECTION('ref_axis',(0.707106781186546,0.707106781186549,0.));
#2586=DIRECTION('',(-1.,0.,0.));
#2587=DIRECTION('center_axis',(0.,0.,-1.));
#2588=DIRECTION('ref_axis',(-1.,0.,0.));
#2589=DIRECTION('center_axis',(0.,0.,1.));
#2590=DIRECTION('ref_axis',(-1.,0.,0.));
#2591=DIRECTION('center_axis',(0.,0.,1.));
#2592=DIRECTION('ref_axis',(0.951041829266363,-0.309062192747173,0.));
#2593=DIRECTION('',(-0.587862146294689,-0.808961122028619,0.));
#2594=DIRECTION('',(0.587862146294689,0.808961122028619,0.));
#2595=DIRECTION('center_axis',(0.,0.,1.));
#2596=DIRECTION('ref_axis',(-0.453948154366394,0.891028098966213,0.));
#2597=DIRECTION('center_axis',(0.,0.,-1.));
#2598=DIRECTION('ref_axis',(-1.,0.,0.));
#2599=DIRECTION('center_axis',(-1.,0.,0.));
#2600=DIRECTION('ref_axis',(0.,-1.,0.));
#2601=DIRECTION('center_axis',(1.,0.,0.));
#2602=DIRECTION('ref_axis',(0.,-1.,0.));
#2603=DIRECTION('',(0.515038074910054,-0.857167300702112,-1.04972719113862E-16));
#2604=DIRECTION('center_axis',(-1.,0.,0.));
#2605=DIRECTION('ref_axis',(0.,-1.,0.));
#2606=DIRECTION('center_axis',(1.,0.,0.));
#2607=DIRECTION('ref_axis',(0.,-1.,0.));
#2608=DIRECTION('center_axis',(1.,0.,0.));
#2609=DIRECTION('ref_axis',(0.,-1.,0.));
#2610=DIRECTION('',(1.,0.,0.));
#2611=DIRECTION('center_axis',(1.,0.,0.));
#2612=DIRECTION('ref_axis',(0.,-1.,0.));
#2613=DIRECTION('',(1.,0.,0.));
#2614=DIRECTION('center_axis',(1.,0.,0.));
#2615=DIRECTION('ref_axis',(0.,-1.,0.));
#2616=DIRECTION('center_axis',(-1.,0.,0.));
#2617=DIRECTION('ref_axis',(0.,-1.,0.));
#2618=DIRECTION('center_axis',(0.,0.,1.));
#2619=DIRECTION('ref_axis',(0.,1.,0.));
#2620=DIRECTION('',(0.,1.,0.));
#2621=DIRECTION('',(-1.,0.,0.));
#2622=DIRECTION('center_axis',(-1.,0.,0.));
#2623=DIRECTION('ref_axis',(0.,0.,1.));
#2624=DIRECTION('',(0.,-1.,0.));
#2625=DIRECTION('',(0.,0.,1.));
#2626=DIRECTION('center_axis',(0.707106781186548,1.57009245868378E-16,-0.707106781186547));
#2627=DIRECTION('ref_axis',(-0.707106781186547,0.,-0.707106781186548));
#2628=DIRECTION('',(-0.707106781186547,0.,-0.707106781186548));
#2629=DIRECTION('',(-2.22044604925031E-16,1.,0.));
#2630=DIRECTION('center_axis',(0.,0.,-1.));
#2631=DIRECTION('ref_axis',(-1.,0.,0.));
#2632=DIRECTION('',(-1.,0.,0.));
#2633=DIRECTION('center_axis',(0.,-1.,0.));
#2634=DIRECTION('ref_axis',(-1.,0.,0.));
#2635=DIRECTION('center_axis',(0.,0.,-1.));
#2636=DIRECTION('ref_axis',(0.951041829266363,-0.309062192747173,0.));
#2637=DIRECTION('',(0.,0.,-1.));
#2638=DIRECTION('center_axis',(0.,0.,1.));
#2639=DIRECTION('ref_axis',(-0.90379301626897,-0.427969839759108,0.));
#2640=DIRECTION('',(0.,0.,1.));
#2641=DIRECTION('',(0.,0.,-1.));
#2642=DIRECTION('center_axis',(1.,0.,0.));
#2643=DIRECTION('ref_axis',(0.,-1.,0.));
#2644=DIRECTION('',(0.,0.,-1.));
#2645=DIRECTION('center_axis',(0.,0.,-1.));
#2646=DIRECTION('ref_axis',(0.336457794755847,0.941698546429818,0.));
#2647=DIRECTION('',(0.,0.,-1.));
#2648=DIRECTION('',(0.,0.,-1.));
#2649=DIRECTION('center_axis',(4.98020397050242E-17,-1.,0.));
#2650=DIRECTION('ref_axis',(-1.,-4.98020397050242E-17,0.));
#2651=DIRECTION('',(0.,0.,1.));
#2652=DIRECTION('center_axis',(0.,0.,1.));
#2653=DIRECTION('ref_axis',(-0.453948154366394,0.891028098966213,0.));
#2654=DIRECTION('',(0.,0.,-1.));
#2655=DIRECTION('center_axis',(0.,0.,-1.));
#2656=DIRECTION('ref_axis',(0.707106781186546,0.707106781186549,0.));
#2657=DIRECTION('',(0.,0.,1.));
#2658=DIRECTION('center_axis',(0.,0.,-1.));
#2659=DIRECTION('ref_axis',(0.707106781186544,-0.707106781186551,0.));
#2660=DIRECTION('',(0.,0.,1.));
#2661=DIRECTION('',(0.,0.,-1.));
#2662=DIRECTION('center_axis',(1.,0.,0.));
#2663=DIRECTION('ref_axis',(0.,-1.,0.));
#2664=DIRECTION('',(0.,0.,-1.));
#2665=DIRECTION('center_axis',(0.,0.,-1.));
#2666=DIRECTION('ref_axis',(-0.518856271703095,0.854861491303921,0.));
#2667=DIRECTION('',(0.,0.,-1.));
#2668=DIRECTION('center_axis',(0.,0.,-1.));
#2669=DIRECTION('ref_axis',(0.707106781186547,0.707106781186547,0.));
#2670=DIRECTION('',(0.,0.,-1.));
#2671=DIRECTION('center_axis',(1.,0.,0.));
#2672=DIRECTION('ref_axis',(0.,-1.,0.));
#2673=DIRECTION('',(0.,0.,1.));
#2674=DIRECTION('center_axis',(0.,0.,-1.));
#2675=DIRECTION('ref_axis',(-0.707106781186547,0.707106781186547,0.));
#2676=DIRECTION('center_axis',(0.,0.,-1.));
#2677=DIRECTION('ref_axis',(-1.,0.,0.));
#2678=DIRECTION('',(0.,0.,-1.));
#2679=DIRECTION('center_axis',(0.,0.,-1.));
#2680=DIRECTION('ref_axis',(-1.,0.,0.));
#2681=DIRECTION('',(0.,0.,-1.));
#2682=DIRECTION('center_axis',(0.,0.,-1.));
#2683=DIRECTION('ref_axis',(-1.,0.,0.));
#2684=DIRECTION('',(0.,0.,-1.));
#2685=DIRECTION('center_axis',(1.,0.,0.));
#2686=DIRECTION('ref_axis',(0.,-1.,0.));
#2687=DIRECTION('',(0.,0.,-1.));
#2688=DIRECTION('center_axis',(0.,-1.,0.));
#2689=DIRECTION('ref_axis',(-1.,0.,0.));
#2690=DIRECTION('center_axis',(0.,-1.,0.));
#2691=DIRECTION('ref_axis',(-1.,0.,0.));
#2692=DIRECTION('center_axis',(0.,1.,0.));
#2693=DIRECTION('ref_axis',(1.,0.,0.));
#2694=DIRECTION('center_axis',(-0.808961122028619,0.587862146294689,0.));
#2695=DIRECTION('ref_axis',(-0.587862146294689,-0.808961122028619,0.));
#2696=DIRECTION('center_axis',(0.808961122028619,-0.587862146294689,0.));
#2697=DIRECTION('ref_axis',(0.587862146294689,0.808961122028619,0.));
#2698=DIRECTION('center_axis',(-8.09750038649129E-17,-7.65622112118194E-17,
1.));
#2699=DIRECTION('ref_axis',(-1.,-1.88624944183557E-31,-8.09750038649129E-17));
#2700=DIRECTION('center_axis',(0.,0.,1.));
#2701=DIRECTION('ref_axis',(0.984807787676944,-0.17364798107333,0.));
#2702=DIRECTION('',(0.984790649887885,-0.173745146388029,0.));
#2703=DIRECTION('center_axis',(-8.09750038649129E-17,-7.65622112118194E-17,
1.));
#2704=DIRECTION('ref_axis',(-1.,-1.88624944183557E-31,-8.09750038649129E-17));
#2705=DIRECTION('',(-0.984782342193534,0.173792227972993,0.));
#2706=DIRECTION('center_axis',(8.09750038649129E-17,7.65622112118194E-17,
-1.));
#2707=DIRECTION('ref_axis',(-1.,-1.88624944183557E-31,-8.09750038649129E-17));
#2708=DIRECTION('center_axis',(0.984807787680237,-0.173647981054655,0.));
#2709=DIRECTION('ref_axis',(-0.173647981054655,-0.984807787680237,0.));
#2710=DIRECTION('',(-0.173647981054655,-0.984807787680237,0.));
#2711=DIRECTION('',(0.,0.,-1.));
#2712=DIRECTION('center_axis',(0.,0.,-1.));
#2713=DIRECTION('ref_axis',(0.984807787676944,-0.17364798107333,0.));
#2714=DIRECTION('center_axis',(0.,0.,-1.));
#2715=DIRECTION('ref_axis',(0.984807787676944,-0.17364798107333,0.));
#2716=DIRECTION('',(0.,0.,-1.));
#2717=DIRECTION('center_axis',(0.173745146388029,0.984790649887885,0.));
#2718=DIRECTION('ref_axis',(0.984790649887885,-0.173745146388029,0.));
#2719=DIRECTION('',(0.984790649887885,-0.173745146388029,0.));
#2720=DIRECTION('',(0.,0.,-1.));
#2721=DIRECTION('center_axis',(-0.173792227972993,-0.984782342193534,0.));
#2722=DIRECTION('ref_axis',(-0.984782342193534,0.173792227972993,0.));
#2723=DIRECTION('',(0.,0.,1.));
#2724=DIRECTION('',(-0.984782342193534,0.173792227972993,0.));
#2725=DIRECTION('center_axis',(0.,0.,1.));
#2726=DIRECTION('ref_axis',(-1.,0.,0.));
#2727=DIRECTION('center_axis',(0.,0.,-1.));
#2728=DIRECTION('ref_axis',(-1.,-1.88624944183557E-31,0.));
#2729=DIRECTION('center_axis',(0.,0.,-1.));
#2730=DIRECTION('ref_axis',(-1.,-1.88624944183557E-31,0.));
#2731=DIRECTION('center_axis',(0.,0.,1.));
#2732=DIRECTION('ref_axis',(-1.,-1.88624944183557E-31,0.));
#2733=DIRECTION('',(0.,0.,-1.));
#2734=DIRECTION('center_axis',(-8.09750038649129E-17,-7.65622112118194E-17,
1.));
#2735=DIRECTION('ref_axis',(-1.,-1.88624944183557E-31,-8.09750038649129E-17));
#2736=DIRECTION('center_axis',(0.,0.,1.));
#2737=DIRECTION('ref_axis',(-1.,-1.88624944183557E-31,0.));
#2738=DIRECTION('',(0.,0.,-1.));
#2739=DIRECTION('center_axis',(8.09750038649129E-17,7.65622112118194E-17,
-1.));
#2740=DIRECTION('ref_axis',(-1.,-1.88624944183557E-31,-8.09750038649129E-17));
#2741=DIRECTION('center_axis',(-8.09750038649129E-17,-7.65622112118194E-17,
1.));
#2742=DIRECTION('ref_axis',(-1.,-1.88624944183557E-31,-8.09750038649129E-17));
#2743=DIRECTION('center_axis',(-0.633683632513126,-0.773592304696065,0.));
#2744=DIRECTION('ref_axis',(0.773592304696065,-0.633683632513126,0.));
#2745=DIRECTION('',(0.,0.,-1.));
#2746=DIRECTION('center_axis',(0.633683632513126,0.773592304696065,0.));
#2747=DIRECTION('ref_axis',(-0.773592304696065,0.633683632513126,0.));
#2748=DIRECTION('',(0.,0.,1.));
#2749=DIRECTION('center_axis',(0.,0.,1.));
#2750=DIRECTION('ref_axis',(-0.633683632513125,-0.773592304696065,0.));
#2751=DIRECTION('center_axis',(0.,0.,1.));
#2752=DIRECTION('ref_axis',(-1.,0.,0.));
#2753=DIRECTION('',(0.,0.,-1.));
#2754=DIRECTION('center_axis',(8.09750038649129E-17,7.65622112118194E-17,
-1.));
#2755=DIRECTION('ref_axis',(-1.,0.,0.));
#2756=DIRECTION('center_axis',(-8.09750038649129E-17,-7.65622112118194E-17,
1.));
#2757=DIRECTION('ref_axis',(-1.,-1.88624944183557E-31,-8.09750038649129E-17));
#2758=DIRECTION('center_axis',(-8.09750038649129E-17,-7.65622112118194E-17,
1.));
#2759=DIRECTION('ref_axis',(-1.,-1.88624944183557E-31,-8.09750038649129E-17));
#2760=DIRECTION('center_axis',(-8.09750038649129E-17,-7.65622112118194E-17,
1.));
#2761=DIRECTION('ref_axis',(-1.,-1.88624944183557E-31,-8.09750038649129E-17));
#2762=DIRECTION('',(0.,1.,0.));
#2763=DIRECTION('center_axis',(0.,0.,1.));
#2764=DIRECTION('ref_axis',(1.,-1.61486985400023E-15,0.));
#2765=DIRECTION('center_axis',(0.,0.,1.));
#2766=DIRECTION('ref_axis',(-1.61486985400023E-15,1.,0.));
#2767=DIRECTION('',(0.,-1.,0.));
#2768=DIRECTION('center_axis',(8.09750038649129E-17,7.65622112118194E-17,
-1.));
#2769=DIRECTION('ref_axis',(-1.,-1.88624944183557E-31,-8.09750038649129E-17));
#2770=DIRECTION('center_axis',(0.,0.,-1.));
#2771=DIRECTION('ref_axis',(1.,-1.61486985400023E-15,0.));
#2772=DIRECTION('',(0.,0.,-1.));
#2773=DIRECTION('center_axis',(0.,0.,-1.));
#2774=DIRECTION('ref_axis',(1.,-1.61486985400023E-15,0.));
#2775=DIRECTION('',(0.,0.,-1.));
#2776=DIRECTION('center_axis',(0.,0.,-1.));
#2777=DIRECTION('ref_axis',(-1.61486985400023E-15,1.,0.));
#2778=DIRECTION('center_axis',(0.,0.,-1.));
#2779=DIRECTION('ref_axis',(-1.61486985400023E-15,1.,0.));
#2780=DIRECTION('',(0.,0.,-1.));
#2781=DIRECTION('center_axis',(-1.,0.,0.));
#2782=DIRECTION('ref_axis',(0.,1.,0.));
#2783=DIRECTION('',(0.,1.,0.));
#2784=DIRECTION('',(0.,0.,-1.));
#2785=DIRECTION('center_axis',(1.,0.,0.));
#2786=DIRECTION('ref_axis',(0.,-1.,0.));
#2787=DIRECTION('',(0.,0.,1.));
#2788=DIRECTION('',(0.,-1.,0.));
#2789=DIRECTION('center_axis',(0.,0.,1.));
#2790=DIRECTION('ref_axis',(-1.,0.,0.));
#2791=DIRECTION('center_axis',(0.,0.,-1.));
#2792=DIRECTION('ref_axis',(-1.,-1.88624944183557E-31,0.));
#2793=DIRECTION('center_axis',(0.,0.,1.));
#2794=DIRECTION('ref_axis',(-1.,-1.88624944183557E-31,0.));
#2795=DIRECTION('',(0.,0.,-1.));
#2796=DIRECTION('center_axis',(8.09750038649129E-17,7.65622112118194E-17,
-1.));
#2797=DIRECTION('ref_axis',(-1.,-1.88624944183557E-31,-8.09750038649129E-17));
#2798=DIRECTION('center_axis',(0.,0.,1.));
#2799=DIRECTION('ref_axis',(-1.,-1.88624944183557E-31,0.));
#2800=DIRECTION('',(0.,0.,-1.));
#2801=DIRECTION('center_axis',(-8.09750038649129E-17,-7.65622112118194E-17,
1.));
#2802=DIRECTION('ref_axis',(-1.,-1.88624944183557E-31,-8.09750038649129E-17));
#2803=DIRECTION('center_axis',(-8.09750038649129E-17,-7.65622112118194E-17,
1.));
#2804=DIRECTION('ref_axis',(-1.,-1.88624944183557E-31,-8.09750038649129E-17));
#2805=DIRECTION('center_axis',(-0.461576338628726,-0.887100492401002,0.));
#2806=DIRECTION('ref_axis',(0.887100492401002,-0.461576338628726,0.));
#2807=DIRECTION('',(0.,0.,-1.));
#2808=DIRECTION('center_axis',(0.461576338628725,0.887100492401002,0.));
#2809=DIRECTION('ref_axis',(-0.887100492401002,0.461576338628725,0.));
#2810=DIRECTION('',(0.,0.,1.));
#2811=DIRECTION('center_axis',(0.,0.,1.));
#2812=DIRECTION('ref_axis',(-1.,0.,0.));
#2813=DIRECTION('center_axis',(0.,0.,-1.));
#2814=DIRECTION('ref_axis',(-1.,-1.42108547418611E-13,0.));
#2815=DIRECTION('',(1.,-1.4210854715202E-15,5.42341872339447E-33));
#2816=DIRECTION('center_axis',(0.,0.,-1.));
#2817=DIRECTION('ref_axis',(0.518856271703132,-0.854861491303899,0.));
#2818=DIRECTION('center_axis',(2.6733884532378E-94,-4.9072145332424E-79,
-1.));
#2819=DIRECTION('ref_axis',(-1.,3.22973970800047E-15,-1.85224140869277E-93));
#2820=DIRECTION('',(0.,0.,1.));
#2821=DIRECTION('center_axis',(0.,-1.,0.));
#2822=DIRECTION('ref_axis',(-1.,0.,-4.79403658720481E-95));
#2823=DIRECTION('',(-1.,0.,-4.79403658720481E-95));
#2824=DIRECTION('',(0.,0.,-1.));
#2825=DIRECTION('',(1.,0.,4.79403658720481E-95));
#2826=DIRECTION('center_axis',(0.,1.,0.));
#2827=DIRECTION('ref_axis',(1.,0.,7.10411148600234E-64));
#2828=DIRECTION('',(-1.,0.,-7.10411148600234E-64));
#2829=DIRECTION('',(0.,0.,1.));
#2830=DIRECTION('',(1.,0.,7.10411148600234E-64));
#2831=DIRECTION('center_axis',(-1.23259516440783E-32,-2.32498194087349E-63,
1.));
#2832=DIRECTION('ref_axis',(-1.,0.,-1.23259516440783E-32));
#2833=DIRECTION('center_axis',(1.23259516440783E-32,2.32498194087349E-63,
-1.));
#2834=DIRECTION('ref_axis',(-1.,-1.88624944183557E-31,0.));
#2835=DIRECTION('center_axis',(0.,0.,1.));
#2836=DIRECTION('ref_axis',(-1.,-1.88624944183557E-31,0.));
#2837=DIRECTION('center_axis',(8.09750038649129E-17,7.65622112118194E-17,
-1.));
#2838=DIRECTION('ref_axis',(-1.,-1.88624944183557E-31,-8.09750038649129E-17));
#2839=DIRECTION('',(0.,0.,-1.));
#2840=DIRECTION('center_axis',(8.09750038649129E-17,7.65622112118194E-17,
-1.));
#2841=DIRECTION('ref_axis',(-1.,-1.88624944183557E-31,-8.09750038649129E-17));
#2842=DIRECTION('center_axis',(0.,0.,1.));
#2843=DIRECTION('ref_axis',(-1.,-1.88624944183557E-31,0.));
#2844=DIRECTION('center_axis',(-8.09750038649129E-17,-7.65622112118194E-17,
1.));
#2845=DIRECTION('ref_axis',(-1.,-1.88624944183557E-31,-8.09750038649129E-17));
#2846=DIRECTION('',(0.,0.,-1.));
#2847=DIRECTION('center_axis',(-8.09750038649129E-17,-7.65622112118194E-17,
1.));
#2848=DIRECTION('ref_axis',(-1.,-1.88624944183557E-31,-8.09750038649129E-17));
#2849=DIRECTION('center_axis',(-8.09750038649129E-17,-7.65622112118194E-17,
1.));
#2850=DIRECTION('ref_axis',(-1.,-1.88624944183557E-31,-8.09750038649129E-17));
#2851=DIRECTION('center_axis',(-8.09750038649129E-17,-7.65622112118194E-17,
1.));
#2852=DIRECTION('ref_axis',(-1.,-1.88624944183557E-31,-8.09750038649129E-17));
#2853=DIRECTION('center_axis',(-8.09750038649129E-17,-7.65622112118194E-17,
1.));
#2854=DIRECTION('ref_axis',(-1.,-1.88624944183557E-31,-8.09750038649129E-17));
#2855=DIRECTION('center_axis',(0.,0.,1.));
#2856=DIRECTION('ref_axis',(-1.,0.,0.));
#2857=DIRECTION('',(0.,0.,-1.));
#2858=DIRECTION('center_axis',(0.,0.,1.));
#2859=DIRECTION('ref_axis',(-1.,0.,0.));
#2860=DIRECTION('center_axis',(0.,0.,1.));
#2861=DIRECTION('ref_axis',(-1.,0.,0.));
#2862=DIRECTION('center_axis',(0.,0.,1.));
#2863=DIRECTION('ref_axis',(-1.,0.,0.));
#2864=DIRECTION('center_axis',(0.,0.,1.));
#2865=DIRECTION('ref_axis',(-1.,0.,0.));
#2866=DIRECTION('center_axis',(0.,0.,1.));
#2867=DIRECTION('ref_axis',(1.,3.22973970878728E-15,0.));
#2868=DIRECTION('',(-1.,0.,0.));
#2869=DIRECTION('center_axis',(0.,0.,1.));
#2870=DIRECTION('ref_axis',(-1.,0.,0.));
#2871=DIRECTION('',(-0.945204454622991,-0.326479002327645,0.));
#2872=DIRECTION('',(0.945204454622991,0.326479002327645,0.));
#2873=DIRECTION('center_axis',(0.,0.,1.));
#2874=DIRECTION('ref_axis',(-0.326479002327646,0.945204454622991,0.));
#2875=DIRECTION('center_axis',(-0.326479002327645,0.945204454622991,0.));
#2876=DIRECTION('ref_axis',(-0.945204454622991,-0.326479002327645,0.));
#2877=DIRECTION('',(0.945204454622991,0.326479002327645,0.));
#2878=DIRECTION('',(0.,0.,1.));
#2879=DIRECTION('center_axis',(0.326479002327645,-0.945204454622991,0.));
#2880=DIRECTION('ref_axis',(0.945204454622991,0.326479002327645,0.));
#2881=DIRECTION('',(0.,0.,1.));
#2882=DIRECTION('center_axis',(0.,0.,1.));
#2883=DIRECTION('ref_axis',(-0.326479002327646,0.945204454622991,0.));
#2884=DIRECTION('center_axis',(0.,0.,-1.));
#2885=DIRECTION('ref_axis',(-0.326479002327646,0.945204454622991,0.));
#2886=DIRECTION('center_axis',(0.,0.,1.));
#2887=DIRECTION('ref_axis',(-1.,0.,0.));
#2888=DIRECTION('center_axis',(0.,0.,1.));
#2889=DIRECTION('ref_axis',(-1.,0.,0.));
#2890=DIRECTION('center_axis',(0.,0.,1.));
#2891=DIRECTION('ref_axis',(-0.55166642767413,-0.834064837154321,0.));
#2892=DIRECTION('center_axis',(8.09750038649129E-17,7.65622112118194E-17,
-1.));
#2893=DIRECTION('ref_axis',(-1.,0.,0.));
#2894=DIRECTION('',(0.,0.,1.));
#2895=DIRECTION('',(0.,0.,1.));
#2896=DIRECTION('center_axis',(-8.09750038649129E-17,-7.65622112118194E-17,
1.));
#2897=DIRECTION('ref_axis',(-1.,-1.88624944183557E-31,-8.09750038649129E-17));
#2898=DIRECTION('',(1.,0.,0.));
#2899=DIRECTION('center_axis',(-8.09750038649129E-17,-7.65622112118194E-17,
1.));
#2900=DIRECTION('ref_axis',(-1.,-1.88624944183557E-31,-8.09750038649129E-17));
#2901=DIRECTION('',(-1.,0.,0.));
#2902=DIRECTION('center_axis',(0.,0.,1.));
#2903=DIRECTION('ref_axis',(-1.61486985400023E-15,-1.,0.));
#2904=DIRECTION('center_axis',(0.,0.,1.));
#2905=DIRECTION('ref_axis',(1.,-1.61486985400023E-15,0.));
#2906=DIRECTION('center_axis',(8.09750038649129E-17,7.65622112118194E-17,
-1.));
#2907=DIRECTION('ref_axis',(-1.,-1.88624944183557E-31,-8.09750038649129E-17));
#2908=DIRECTION('center_axis',(0.,0.,-1.));
#2909=DIRECTION('ref_axis',(1.,-1.61486985400023E-15,0.));
#2910=DIRECTION('',(0.,0.,-1.));
#2911=DIRECTION('center_axis',(0.,0.,-1.));
#2912=DIRECTION('ref_axis',(1.,-1.61486985400023E-15,0.));
#2913=DIRECTION('',(0.,0.,1.));
#2914=DIRECTION('center_axis',(0.,1.,0.));
#2915=DIRECTION('ref_axis',(1.,0.,0.));
#2916=DIRECTION('',(1.,0.,0.));
#2917=DIRECTION('',(0.,0.,-1.));
#2918=DIRECTION('center_axis',(0.,-1.,0.));
#2919=DIRECTION('ref_axis',(-1.,0.,0.));
#2920=DIRECTION('',(0.,0.,1.));
#2921=DIRECTION('',(-1.,0.,0.));
#2922=DIRECTION('',(0.,0.,-1.));
#2923=DIRECTION('center_axis',(0.,0.,-1.));
#2924=DIRECTION('ref_axis',(-1.61486985400023E-15,-1.,0.));
#2925=DIRECTION('center_axis',(0.,0.,-1.));
#2926=DIRECTION('ref_axis',(-1.61486985400023E-15,-1.,0.));
#2927=DIRECTION('center_axis',(0.,0.,1.));
#2928=DIRECTION('ref_axis',(-1.,0.,0.));
#2929=DIRECTION('center_axis',(0.,0.,-1.));
#2930=DIRECTION('ref_axis',(-1.,-1.88624944183557E-31,0.));
#2931=DIRECTION('center_axis',(0.,0.,-1.));
#2932=DIRECTION('ref_axis',(-1.,-1.88624944183557E-31,0.));
#2933=DIRECTION('center_axis',(0.,0.,1.));
#2934=DIRECTION('ref_axis',(-1.,-1.88624944183557E-31,0.));
#2935=DIRECTION('',(0.,0.,-1.));
#2936=DIRECTION('center_axis',(-8.09750038649129E-17,-7.65622112118194E-17,
1.));
#2937=DIRECTION('ref_axis',(-1.,-1.88624944183557E-31,-8.09750038649129E-17));
#2938=DIRECTION('center_axis',(0.,0.,1.));
#2939=DIRECTION('ref_axis',(-1.,-1.88624944183557E-31,0.));
#2940=DIRECTION('',(0.,0.,-1.));
#2941=DIRECTION('center_axis',(8.09750038649129E-17,7.65622112118194E-17,
-1.));
#2942=DIRECTION('ref_axis',(-1.,-1.88624944183557E-31,-8.09750038649129E-17));
#2943=DIRECTION('center_axis',(-8.09750038649129E-17,-7.65622112118194E-17,
1.));
#2944=DIRECTION('ref_axis',(-1.,-1.88624944183557E-31,-8.09750038649129E-17));
#2945=CARTESIAN_POINT('',(0.,0.,0.));
#2946=CARTESIAN_POINT('Origin',(-19.4503055121872,-9.4078053511998,25.));
#2947=CARTESIAN_POINT('',(-19.4503055121872,24.5126330868636,19.5));
#2948=CARTESIAN_POINT('',(-19.4503055121872,24.5126330868636,22.5));
#2949=CARTESIAN_POINT('',(-19.4503055121872,24.5126330868636,23.5));
#2950=CARTESIAN_POINT('',(-19.4503055121872,33.5266700712869,22.5));
#2951=CARTESIAN_POINT('',(-19.4503055121872,3.03577733833792,22.5));
#2952=CARTESIAN_POINT('',(-19.4503055121872,33.5266700712869,25.));
#2953=CARTESIAN_POINT('',(-19.4503055121872,33.5266700712869,25.));
#2954=CARTESIAN_POINT('',(-19.4503055121872,37.8665254069511,25.));
#2955=CARTESIAN_POINT('',(-19.4503055121872,-9.4078053511998,25.));
#2956=CARTESIAN_POINT('',(-19.4503055121872,37.8665254069511,19.5));
#2957=CARTESIAN_POINT('',(-19.4503055121872,37.8665254069511,25.));
#2958=CARTESIAN_POINT('',(-19.4503055121872,32.2660967599578,19.5));
#2959=CARTESIAN_POINT('',(-19.4503055121872,40.3665254069511,19.5));
#2960=CARTESIAN_POINT('',(-19.4503055121872,40.3665254069511,19.5));
#2961=CARTESIAN_POINT('Origin',(-19.4503055121872,-9.4078053511998,25.));
#2962=CARTESIAN_POINT('',(-19.4503055121872,14.0552262722153,22.5));
#2963=CARTESIAN_POINT('',(-19.4503055121872,14.0552262722153,19.5));
#2964=CARTESIAN_POINT('',(-19.4503055121872,14.0552262722153,23.5));
#2965=CARTESIAN_POINT('',(-19.4503055121872,8.34130966546955,19.5));
#2966=CARTESIAN_POINT('',(-19.4503055121872,40.3665254069511,19.5));
#2967=CARTESIAN_POINT('',(-19.4503055121872,8.34130966546955,18.5));
#2968=CARTESIAN_POINT('',(-19.4503055121872,8.34130966546955,22.));
#2969=CARTESIAN_POINT('',(-19.4503055121872,3.34130966546955,18.5));
#2970=CARTESIAN_POINT('',(-19.4503055121872,-3.03324784286513,18.5));
#2971=CARTESIAN_POINT('',(-19.4503055121872,3.34130966546955,19.5));
#2972=CARTESIAN_POINT('',(-19.4503055121872,3.34130966546955,22.));
#2973=CARTESIAN_POINT('',(-19.4503055121872,-3.4161207627656,19.5));
#2974=CARTESIAN_POINT('',(-19.4503055121872,40.3665254069511,19.5));
#2975=CARTESIAN_POINT('',(-19.4503055121872,-3.4161207627656,25.));
#2976=CARTESIAN_POINT('',(-19.4503055121872,-3.4161207627656,23.5));
#2977=CARTESIAN_POINT('',(-19.4503055121872,-2.47332992871306,25.));
#2978=CARTESIAN_POINT('',(-19.4503055121872,-9.4078053511998,25.));
#2979=CARTESIAN_POINT('',(-19.4503055121872,-2.47332992871306,22.5));
#2980=CARTESIAN_POINT('',(-19.4503055121872,-2.47332992871306,25.));
#2981=CARTESIAN_POINT('',(-19.4503055121872,3.03577733833792,22.5));
#2982=CARTESIAN_POINT('Origin',(-22.9848891143841,33.9546548958245,19.5));
#2983=CARTESIAN_POINT('',(-19.4404448739493,38.0883495693029,19.5));
#2984=CARTESIAN_POINT('Origin',(-16.9503055121872,37.8665254069511,19.5));
#2985=CARTESIAN_POINT('',(-31.3290664241806,33.9819519705753,19.5));
#2986=CARTESIAN_POINT('',(-16.4363463173896,39.1259823215001,19.5));
#2987=CARTESIAN_POINT('',(-29.5334319113785,28.7833274701489,19.5));
#2988=CARTESIAN_POINT('Origin',(-30.4312491677796,31.3826397203621,19.5));
#2989=CARTESIAN_POINT('',(-29.5334319113785,28.7833274701489,19.5));
#2990=CARTESIAN_POINT('Origin',(-15.5385290609885,36.5266700712869,15.));
#2991=CARTESIAN_POINT('',(-14.6407118045875,33.9273578210737,15.));
#2992=CARTESIAN_POINT('',(-14.6407118045875,33.9273578210737,19.5));
#2993=CARTESIAN_POINT('',(-14.6407118045875,33.9273578210737,15.));
#2994=CARTESIAN_POINT('',(-16.4363463173896,39.1259823215001,15.));
#2995=CARTESIAN_POINT('Origin',(-15.5385290609885,36.5266700712869,15.));
#2996=CARTESIAN_POINT('',(-16.4363463173896,39.1259823215001,19.5));
#2997=CARTESIAN_POINT('',(-16.4363463173896,39.1259823215001,15.));
#2998=CARTESIAN_POINT('Origin',(-15.5385290609885,36.5266700712869,19.5));
#2999=CARTESIAN_POINT('Origin',(-30.4993112633547,-26.0609646882132,5.00000000000001));
#3000=CARTESIAN_POINT('',(-30.9772398902805,-28.7691161292455,5.00000000000001));
#3001=CARTESIAN_POINT('',(-30.9772398902805,-28.7691161292455,2.50000000000001));
#3002=CARTESIAN_POINT('',(-30.9772398902805,-28.7691161292455,5.00000000000001));
#3003=CARTESIAN_POINT('',(-27.7910898472431,-26.5384966361649,2.50000000000001));
#3004=CARTESIAN_POINT('Origin',(-30.4993112633547,-26.0609646882132,2.50000000000001));
#3005=CARTESIAN_POINT('',(-27.7910898472431,-26.5384966361649,5.00000000000001));
#3006=CARTESIAN_POINT('',(-27.7910898472431,-26.5384966361649,5.00000000000001));
#3007=CARTESIAN_POINT('',(-27.7910509252284,-26.5382758981925,5.00000000000001));
#3008=CARTESIAN_POINT('',(-27.7910509252284,-26.5382758981925,5.00000000000001));
#3009=CARTESIAN_POINT('',(-30.021382636429,-23.352813247181,5.00000000000001));
#3010=CARTESIAN_POINT('Origin',(-30.4993112633547,-26.0609646882132,5.));
#3011=CARTESIAN_POINT('',(-30.021382636429,-23.352813247181,19.5));
#3012=CARTESIAN_POINT('',(-30.021382636429,-23.352813247181,5.00000000000001));
#3013=CARTESIAN_POINT('',(-28.274668177776,-27.6775855905236,19.5));
#3014=CARTESIAN_POINT('Origin',(-30.4993112633547,-26.0609646882132,19.5));
#3015=CARTESIAN_POINT('',(-28.274668177776,-27.6775855905236,25.));
#3016=CARTESIAN_POINT('',(-28.274668177776,-27.6775855905236,5.00000000000001));
#3017=CARTESIAN_POINT('',(-32.7239543489334,-24.4443437859028,25.));
#3018=CARTESIAN_POINT('Origin',(-30.4993112633547,-26.0609646882132,25.));
#3019=CARTESIAN_POINT('',(-32.7239543489334,-24.4443437859028,19.5));
#3020=CARTESIAN_POINT('',(-32.7239543489334,-24.4443437859028,5.00000000000001));
#3021=CARTESIAN_POINT('Origin',(-30.4993112633547,-26.0609646882132,19.5));
#3022=CARTESIAN_POINT('Origin',(-30.4993112633547,-26.0609646882132,5.));
#3023=CARTESIAN_POINT('Origin',(31.3475284270208,31.3825858484467,5.00000000000001));
#3024=CARTESIAN_POINT('',(28.5975284321797,31.3827542941248,19.5));
#3025=CARTESIAN_POINT('',(34.0975284218619,31.382754294279,19.5));
#3026=CARTESIAN_POINT('Origin',(31.3475284270208,31.3825858484467,19.5));
#3027=CARTESIAN_POINT('',(34.0975284218619,31.382754294279,22.));
#3028=CARTESIAN_POINT('',(34.0975284218619,31.382754294279,22.));
#3029=CARTESIAN_POINT('',(31.37796562232,28.6327542941252,22.));
#3030=CARTESIAN_POINT('Origin',(31.3475284270208,31.3825858484467,22.));
#3031=CARTESIAN_POINT('',(31.37796562232,28.6327542941252,5.));
#3032=CARTESIAN_POINT('',(31.37796562232,28.6327542941252,5.));
#3033=CARTESIAN_POINT('',(31.3475284270208,34.1325858484467,5.00000000000001));
#3034=CARTESIAN_POINT('Origin',(31.3475284270208,31.3825858484467,5.00000000000001));
#3035=CARTESIAN_POINT('',(31.3475284270208,34.1325858484467,2.50000000000001));
#3036=CARTESIAN_POINT('',(31.3475284270208,34.1325858484467,5.00000000000001));
#3037=CARTESIAN_POINT('',(28.5975284296003,31.3827542941249,2.50000000000001));
#3038=CARTESIAN_POINT('Origin',(31.3475284270208,31.3825858484467,2.50000000000001));
#3039=CARTESIAN_POINT('',(28.5975284321797,31.3827542941248,5.));
#3040=CARTESIAN_POINT('Origin',(15.8832506304276,10.1504523417336,25.));
#3041=CARTESIAN_POINT('',(15.8832506304276,10.1504523417336,22.5));
#3042=CARTESIAN_POINT('',(15.8832506304276,10.1504523417336,19.5));
#3043=CARTESIAN_POINT('',(15.8832506304276,10.1504523417336,25.));
#3044=CARTESIAN_POINT('',(15.8832506304276,-0.172842129206625,22.5));
#3045=CARTESIAN_POINT('',(15.8832506304276,12.8149061848046,22.5));
#3046=CARTESIAN_POINT('',(15.8832506304276,-0.172842129206625,19.5));
#3047=CARTESIAN_POINT('',(15.8832506304276,-0.172842129206625,25.));
#3048=CARTESIAN_POINT('',(15.8832506304276,-9.38922268573976,19.5));
#3049=CARTESIAN_POINT('Origin',(14.6332506304276,27.9229427174134,23.75));
#3050=CARTESIAN_POINT('',(13.3832506304276,10.1504523417336,22.5));
#3051=CARTESIAN_POINT('',(15.8832506304276,10.1504523417336,25.));
#3052=CARTESIAN_POINT('',(17.5712225791931,10.1504523417336,26.6879719487655));
#3053=CARTESIAN_POINT('',(15.8832506304276,40.3665254069511,25.));
#3054=CARTESIAN_POINT('',(15.8832506304276,38.446597739119,25.));
#3055=CARTESIAN_POINT('',(13.3832506304276,40.3665254069511,22.5));
#3056=CARTESIAN_POINT('',(6.42486159477393,40.3665254069511,15.5416109643463));
#3057=CARTESIAN_POINT('',(13.3832506304276,27.9229427174134,22.5));
#3058=CARTESIAN_POINT('Origin',(14.6332506304276,27.9229427174134,23.75));
#3059=CARTESIAN_POINT('',(13.3832506304276,-0.172842129206625,22.5));
#3060=CARTESIAN_POINT('',(15.8832506304276,-0.172842129206625,25.));
#3061=CARTESIAN_POINT('',(15.2582506304276,-0.172842129206625,24.375));
#3062=CARTESIAN_POINT('',(13.3832506304276,-9.4078053511998,22.5));
#3063=CARTESIAN_POINT('',(13.3832506304276,27.9229427174134,22.5));
#3064=CARTESIAN_POINT('',(15.8832506304276,-9.4078053511998,25.));
#3065=CARTESIAN_POINT('',(17.5712225791931,-9.4078053511998,26.6879719487655));
#3066=CARTESIAN_POINT('',(15.8832506304276,38.446597739119,25.));
#3067=CARTESIAN_POINT('Origin',(-1.78352744087978,15.4793600278756,22.5));
#3068=CARTESIAN_POINT('',(-7.63703085559507,14.0552262722153,22.5));
#3069=CARTESIAN_POINT('',(-10.6169164765335,14.0552262722153,22.5));
#3070=CARTESIAN_POINT('',(-15.5385290609898,-2.47332992871306,22.5));
#3071=CARTESIAN_POINT('',(-15.5385290609898,-2.47332992871306,22.5));
#3072=CARTESIAN_POINT('',(-12.9454223438492,-3.96475525256343,22.5));
#3073=CARTESIAN_POINT('Origin',(-15.5385290609898,-5.47332992871306,22.5));
#3074=CARTESIAN_POINT('',(-10.6677849883853,-9.4078053511998,22.5));
#3075=CARTESIAN_POINT('',(-12.9454223438492,-3.96475525256343,22.5));
#3076=CARTESIAN_POINT('',(11.6758054923049,-9.4078053511998,22.5));
#3077=CARTESIAN_POINT('',(7.04986159477393,-0.172842129206625,22.5));
#3078=CARTESIAN_POINT('',(11.6758054923049,10.1504523417336,22.5));
#3079=CARTESIAN_POINT('',(-12.5385290609885,40.3665254069511,22.5));
#3080=CARTESIAN_POINT('',(-10.6169164765335,40.3665254069511,22.5));
#3081=CARTESIAN_POINT('',(-12.5385290609885,36.5266700712869,22.5));
#3082=CARTESIAN_POINT('',(-12.5385290609885,36.5266700712869,22.5));
#3083=CARTESIAN_POINT('',(-15.5385290609885,33.5266700712869,22.5));
#3084=CARTESIAN_POINT('Origin',(-15.5385290609885,36.5266700712869,22.5));
#3085=CARTESIAN_POINT('',(-15.5385290609885,33.5266700712869,22.5));
#3086=CARTESIAN_POINT('',(-7.63703085559507,24.5126330868636,22.5));
#3087=CARTESIAN_POINT('',(-4.71027914823742,24.5126330868636,22.5));
#3088=CARTESIAN_POINT('',(-7.63703085559507,14.7672931500455,22.5));
#3089=CARTESIAN_POINT('',(12.0570291377694,25.7418238742269,22.5));
#3090=CARTESIAN_POINT('',(-6.44743038346272,25.7418238742269,22.5));
#3091=CARTESIAN_POINT('',(5.13675084844483,25.7418238742269,22.5));
#3092=CARTESIAN_POINT('',(12.0570291377694,2.694353332812,22.5));
#3093=CARTESIAN_POINT('',(12.0570291377694,9.08685668034382,22.5));
#3094=CARTESIAN_POINT('',(-6.44743038346272,2.694353332812,22.5));
#3095=CARTESIAN_POINT('',(-4.11547891217125,2.694353332812,22.5));
#3096=CARTESIAN_POINT('',(-6.44743038346272,20.6105919510513,22.5));
#3097=CARTESIAN_POINT('Origin',(-1.78352744087978,15.4886513606057,19.5));
#3098=CARTESIAN_POINT('',(-19.188688673753,32.3564607060716,19.5));
#3099=CARTESIAN_POINT('',(-13.5379631331595,40.1271003819605,19.5));
#3100=CARTESIAN_POINT('',(-16.9503055121872,40.3665254069511,19.5));
#3101=CARTESIAN_POINT('Origin',(-16.9503055121872,37.8665254069511,19.5));
#3102=CARTESIAN_POINT('',(22.6351384254897,40.3665254069511,19.5));
#3103=CARTESIAN_POINT('',(15.8832506304276,40.3665254069511,19.5));
#3104=CARTESIAN_POINT('',(25.1351384254896,37.8665254069511,19.5));
#3105=CARTESIAN_POINT('Origin',(22.6351384254896,37.8665254069511,19.5));
#3106=CARTESIAN_POINT('',(25.1351384254896,37.7151735399271,19.5));
#3107=CARTESIAN_POINT('',(25.1351384254896,40.3665254069511,19.5));
#3108=CARTESIAN_POINT('',(32.6168633582498,33.8222806482279,19.5));
#3109=CARTESIAN_POINT('',(32.6168633582498,33.8222806482279,19.5));
#3110=CARTESIAN_POINT('Origin',(31.3475284270208,31.3827542941252,19.5));
#3111=CARTESIAN_POINT('',(30.078193498173,28.9432279445989,19.5));
#3112=CARTESIAN_POINT('Origin',(31.3475284270208,31.3827542941252,19.5));
#3113=CARTESIAN_POINT('',(29.5198674413758,29.2337362850926,19.5));
#3114=CARTESIAN_POINT('',(20.1921360077825,34.087143717183,19.5));
#3115=CARTESIAN_POINT('',(25.1351384254896,26.5724348078896,19.5));
#3116=CARTESIAN_POINT('Origin',(28.1351384254896,26.5724348078896,19.5));
#3117=CARTESIAN_POINT('',(25.1351384254896,10.6504523417336,19.5));
#3118=CARTESIAN_POINT('',(25.1351384254896,40.3665254069511,19.5));
#3119=CARTESIAN_POINT('',(24.6351384254896,10.1504523417336,19.5));
#3120=CARTESIAN_POINT('Origin',(24.6351384254896,10.6504523417336,19.5));
#3121=CARTESIAN_POINT('',(15.8832506304276,10.1504523417336,19.5));
#3122=CARTESIAN_POINT('',(24.6351384254896,-0.172842129206625,19.5));
#3123=CARTESIAN_POINT('',(25.1351384254896,-0.172842129206625,19.5));
#3124=CARTESIAN_POINT('',(25.1351384254896,-0.672842129206626,19.5));
#3125=CARTESIAN_POINT('Origin',(24.6351384254896,-0.672842129206625,19.5));
#3126=CARTESIAN_POINT('',(25.1351384254896,-0.902774941678853,19.5));
#3127=CARTESIAN_POINT('',(25.1351384254896,-0.172842129206625,19.5));
#3128=CARTESIAN_POINT('',(28.2488275491281,-7.4783095315954,19.5));
#3129=CARTESIAN_POINT('Origin',(33.6351384254896,-0.902774941678853,19.5));
#3130=CARTESIAN_POINT('',(39.361647199937,-16.5813110493711,19.5));
#3131=CARTESIAN_POINT('',(39.361647199937,-16.5813110493711,19.5));
#3132=CARTESIAN_POINT('',(40.3690172105259,-18.7086898872852,19.5));
#3133=CARTESIAN_POINT('Origin',(37.6190172105259,-18.7086898872852,19.5));
#3134=CARTESIAN_POINT('Origin',(37.6190846674954,-18.7086898872852,19.5));
#3135=CARTESIAN_POINT('',(35.8763872211148,-20.8360687251994,19.5));
#3136=CARTESIAN_POINT('Origin',(37.6190172105259,-18.7086898872852,19.5));
#3137=CARTESIAN_POINT('',(24.2742807549684,-11.3322707612833,19.5));
#3138=CARTESIAN_POINT('',(19.7188409495991,-7.60070876662837,19.5));
#3139=CARTESIAN_POINT('',(18.8879698786068,-9.4078053511998,19.5));
#3140=CARTESIAN_POINT('Origin',(18.8879698786068,-17.9078053511998,19.5));
#3141=CARTESIAN_POINT('',(-10.6677849883853,-9.4078053511998,19.5));
#3142=CARTESIAN_POINT('',(25.1351384254896,-9.4078053511998,19.5));
#3143=CARTESIAN_POINT('',(-17.5439545256286,-12.9109771076949,19.5));
#3144=CARTESIAN_POINT('Origin',(-10.6677849883853,-17.9078053511998,19.5));
#3145=CARTESIAN_POINT('',(-28.274668177776,-27.6775855905236,19.5));
#3146=CARTESIAN_POINT('',(-21.0741359749439,-8.41294900627045,19.5));
#3147=CARTESIAN_POINT('',(-17.7631721465685,-3.85670902640266,19.5));
#3148=CARTESIAN_POINT('Origin',(-27.9503055121872,-3.4161207627656,19.5));
#3149=CARTESIAN_POINT('',(-11.4503055121872,3.34130966546955,19.5));
#3150=CARTESIAN_POINT('',(-5.61691647653349,3.34130966546955,19.5));
#3151=CARTESIAN_POINT('',(-11.4503055121872,8.34130966546955,19.5));
#3152=CARTESIAN_POINT('',(-11.4503055121872,11.2899805130376,19.5));
#3153=CARTESIAN_POINT('',(-10.6169164765335,8.34130966546955,19.5));
#3154=CARTESIAN_POINT('',(-7.63703085559507,14.0552262722153,19.5));
#3155=CARTESIAN_POINT('',(-19.4503055121872,14.0552262722153,19.5));
#3156=CARTESIAN_POINT('',(-7.63703085559507,24.5126330868636,19.5));
#3157=CARTESIAN_POINT('',(-7.63703085559507,14.0552262722153,19.5));
#3158=CARTESIAN_POINT('',(-7.63703085559507,24.5126330868636,19.5));
#3159=CARTESIAN_POINT('',(22.9614709390115,36.5266700712858,19.5));
#3160=CARTESIAN_POINT('Origin',(21.4614709390115,36.5266700712858,19.5));
#3161=CARTESIAN_POINT('',(22.9614709390102,-5.47332992871419,19.5));
#3162=CARTESIAN_POINT('Origin',(21.4614709390102,-5.47332992871419,19.5));
#3163=CARTESIAN_POINT('',(12.0570291377694,25.7418238742269,19.5));
#3164=CARTESIAN_POINT('',(-6.44743038346272,25.7418238742269,19.5));
#3165=CARTESIAN_POINT('',(12.0570291377694,25.7418238742269,19.5));
#3166=CARTESIAN_POINT('',(-6.44743038346272,2.694353332812,19.5));
#3167=CARTESIAN_POINT('',(-6.44743038346272,25.7418238742269,19.5));
#3168=CARTESIAN_POINT('',(12.0570291377694,2.694353332812,19.5));
#3169=CARTESIAN_POINT('',(-6.44743038346272,2.694353332812,19.5));
#3170=CARTESIAN_POINT('',(12.0570291377694,2.694353332812,19.5));
#3171=CARTESIAN_POINT('',(-14.0385290609898,-5.47332992871306,19.5));
#3172=CARTESIAN_POINT('Origin',(-15.5385290609898,-5.47332992871306,19.5));
#3173=CARTESIAN_POINT('Origin',(-7.63703085559507,24.5126330868636,22.));
#3174=CARTESIAN_POINT('',(-7.63703085559507,24.5126330868636,22.));
#3175=CARTESIAN_POINT('Origin',(-7.63703085559507,14.0552262722153,22.));
#3176=CARTESIAN_POINT('',(-7.63703085559507,14.0552262722153,22.));
#3177=CARTESIAN_POINT('Origin',(-19.4503055121872,14.0552262722153,22.));
#3178=CARTESIAN_POINT('Origin',(-19.4503055121872,8.34130966546955,22.));
#3179=CARTESIAN_POINT('',(-17.4503055121872,8.34130966546955,13.5));
#3180=CARTESIAN_POINT('',(-13.8253055121872,8.34130966546955,17.125));
#3181=CARTESIAN_POINT('',(-40.0383055121872,8.34130966546955,13.5));
#3182=CARTESIAN_POINT('',(-19.4503055121872,8.34130966546955,13.5));
#3183=CARTESIAN_POINT('',(-40.0383055121872,8.34130966546955,18.5));
#3184=CARTESIAN_POINT('',(-40.0383055121872,8.34130966546955,13.5));
#3185=CARTESIAN_POINT('',(-19.4503055121872,8.34130966546955,18.5));
#3186=CARTESIAN_POINT('Origin',(-19.4503055121872,33.5266700712869,25.));
#3187=CARTESIAN_POINT('',(-15.5385290609885,33.5266700712869,25.));
#3188=CARTESIAN_POINT('',(-17.4944172865879,33.5266700712869,25.));
#3189=CARTESIAN_POINT('',(-15.5385290609885,33.5266700712869,25.));
#3190=CARTESIAN_POINT('Origin',(-15.5385290609898,-2.47332992871306,25.));
#3191=CARTESIAN_POINT('',(-15.5385290609898,-2.47332992871306,25.));
#3192=CARTESIAN_POINT('',(-15.5385290609892,-2.47332992871306,25.));
#3193=CARTESIAN_POINT('',(-15.5385290609898,-2.47332992871306,25.));
#3194=CARTESIAN_POINT('Origin',(-15.5385290609898,-5.47332992871306,25.));
#3195=CARTESIAN_POINT('',(-12.9454223438492,-3.96475525256343,25.));
#3196=CARTESIAN_POINT('Origin',(-15.5385290609898,-5.47332992871306,25.));
#3197=CARTESIAN_POINT('',(-12.9454223438492,-3.96475525256343,25.));
#3198=CARTESIAN_POINT('Origin',(-10.6677849883853,-9.4078053511998,25.));
#3199=CARTESIAN_POINT('',(-10.6677849883853,-9.4078053511998,25.));
#3200=CARTESIAN_POINT('',(-19.2092274000318,11.0043550173858,25.));
#3201=CARTESIAN_POINT('',(-10.6677849883853,-9.4078053511998,23.5));
#3202=CARTESIAN_POINT('Origin',(-12.5385290609885,36.5266700712869,25.));
#3203=CARTESIAN_POINT('',(-12.5385290609885,36.5266700712869,25.));
#3204=CARTESIAN_POINT('',(-12.5385290609885,40.3665254069511,25.));
#3205=CARTESIAN_POINT('',(-12.5385290609885,36.5266700712869,25.));
#3206=CARTESIAN_POINT('',(-12.5385290609885,36.5266700712869,25.));
#3207=CARTESIAN_POINT('',(-12.5385290609885,40.3665254069511,25.));
#3208=CARTESIAN_POINT('Origin',(-15.5385290609885,36.5266700712869,25.));
#3209=CARTESIAN_POINT('Origin',(-15.5385290609885,36.5266700712869,25.));
#3210=CARTESIAN_POINT('Origin',(-6.44743038346272,2.694353332812,25.));
#3211=CARTESIAN_POINT('',(12.0570291377694,2.694353332812,25.));
#3212=CARTESIAN_POINT('',(-6.44743038346272,2.694353332812,25.));
#3213=CARTESIAN_POINT('Origin',(12.0570291377694,2.694353332812,25.));
#3214=CARTESIAN_POINT('',(12.0570291377694,25.7418238742269,25.));
#3215=CARTESIAN_POINT('Origin',(-19.4503055121872,40.3665254069511,25.));
#3216=CARTESIAN_POINT('',(22.6351384254897,40.3665254069511,25.));
#3217=CARTESIAN_POINT('',(-19.4503055121872,40.3665254069511,25.));
#3218=CARTESIAN_POINT('',(22.6351384254896,40.3665254069511,25.));
#3219=CARTESIAN_POINT('',(-16.9503055121872,40.3665254069511,25.));
#3220=CARTESIAN_POINT('',(-16.9503055121872,40.3665254069511,25.));
#3221=CARTESIAN_POINT('',(-19.4503055121872,40.3665254069511,25.));
#3222=CARTESIAN_POINT('Origin',(-15.5385290609885,36.5266700712869,25.));
#3223=CARTESIAN_POINT('Origin',(-16.9503055121872,37.8665254069511,25.));
#3224=CARTESIAN_POINT('',(-14.0385290609885,36.5266700712869,25.));
#3225=CARTESIAN_POINT('Origin',(-15.5385290609885,36.5266700712869,25.));
#3226=CARTESIAN_POINT('Origin',(-15.5385290609885,36.5266700712869,25.));
#3227=CARTESIAN_POINT('',(24.6351384254896,10.1504523417336,25.));
#3228=CARTESIAN_POINT('',(15.8832506304276,10.1504523417336,25.));
#3229=CARTESIAN_POINT('',(25.1351384254896,10.6504523417336,25.));
#3230=CARTESIAN_POINT('Origin',(24.6351384254896,10.6504523417336,25.));
#3231=CARTESIAN_POINT('',(25.1351384254896,26.5724348078896,25.));
#3232=CARTESIAN_POINT('',(25.1351384254896,40.3665254069511,25.));
#3233=CARTESIAN_POINT('',(29.5198674413758,29.2337362850926,25.));
#3234=CARTESIAN_POINT('Origin',(28.1351384254896,26.5724348078896,25.));
#3235=CARTESIAN_POINT('',(30.078193498173,28.9432279445989,25.));
#3236=CARTESIAN_POINT('',(20.1921360077825,34.087143717183,25.));
#3237=CARTESIAN_POINT('',(32.6168633582498,33.8222806482279,25.));
#3238=CARTESIAN_POINT('Origin',(31.3475284270208,31.3827542941252,25.));
#3239=CARTESIAN_POINT('',(25.1351384254896,37.7151735399271,25.));
#3240=CARTESIAN_POINT('',(32.6168633582498,33.8222806482279,25.));
#3241=CARTESIAN_POINT('',(25.1351384254896,37.8665254069511,25.));
#3242=CARTESIAN_POINT('',(25.1351384254896,40.3665254069511,25.));
#3243=CARTESIAN_POINT('Origin',(22.6351384254896,37.8665254069511,25.));
#3244=CARTESIAN_POINT('',(22.9614709390115,36.5266700712858,25.));
#3245=CARTESIAN_POINT('Origin',(21.4614709390115,36.5266700712858,25.));
#3246=CARTESIAN_POINT('Origin',(-15.5385290609885,36.5266700712869,25.));
#3247=CARTESIAN_POINT('',(18.8879698786068,-9.4078053511998,25.));
#3248=CARTESIAN_POINT('',(25.1351384254896,-9.4078053511998,25.));
#3249=CARTESIAN_POINT('',(24.2742807549684,-11.3322707612833,25.));
#3250=CARTESIAN_POINT('Origin',(18.8879698786068,-17.9078053511998,25.));
#3251=CARTESIAN_POINT('',(35.8763872211148,-20.8360687251994,25.));
#3252=CARTESIAN_POINT('',(19.7188409495991,-7.60070876662837,25.));
#3253=CARTESIAN_POINT('',(39.361647199937,-16.5813110493711,25.));
#3254=CARTESIAN_POINT('Origin',(37.6190172105259,-18.7086898872852,25.));
#3255=CARTESIAN_POINT('',(28.2488275491281,-7.4783095315954,25.));
#3256=CARTESIAN_POINT('',(39.361647199937,-16.5813110493711,25.));
#3257=CARTESIAN_POINT('',(25.1351384254896,-0.902774941678853,25.));
#3258=CARTESIAN_POINT('Origin',(33.6351384254896,-0.902774941678853,25.));
#3259=CARTESIAN_POINT('',(25.1351384254896,-0.672842129206625,25.));
#3260=CARTESIAN_POINT('',(25.1351384254896,-0.172842129206625,25.));
#3261=CARTESIAN_POINT('',(24.6351384254896,-0.172842129206625,25.));
#3262=CARTESIAN_POINT('Origin',(24.6351384254896,-0.672842129206625,25.));
#3263=CARTESIAN_POINT('',(25.1351384254896,-0.172842129206625,25.));
#3264=CARTESIAN_POINT('',(22.9614709390102,-5.47332992871419,25.));
#3265=CARTESIAN_POINT('Origin',(21.4614709390102,-5.47332992871419,25.));
#3266=CARTESIAN_POINT('Origin',(-15.5385290609885,36.5266700712869,25.));
#3267=CARTESIAN_POINT('',(-21.0741359749439,-8.41294900627045,25.));
#3268=CARTESIAN_POINT('Origin',(-27.9503055121872,-3.4161207627656,25.));
#3269=CARTESIAN_POINT('',(-17.7631721465685,-3.85670902640266,25.));
#3270=CARTESIAN_POINT('',(-17.5439545256286,-12.9109771076949,25.));
#3271=CARTESIAN_POINT('',(-28.274668177776,-27.6775855905236,25.));
#3272=CARTESIAN_POINT('Origin',(-10.6677849883853,-17.9078053511998,25.));
#3273=CARTESIAN_POINT('',(-14.0385290609898,-5.47332992871306,25.));
#3274=CARTESIAN_POINT('Origin',(-15.5385290609898,-5.47332992871306,25.));
#3275=CARTESIAN_POINT('Origin',(-34.5878835967189,5.84130966546962,16.));
#3276=CARTESIAN_POINT('',(-35.0385290609896,7.34130966546962,16.));
#3277=CARTESIAN_POINT('Origin',(-35.0385290609896,5.84130966546962,16.));
#3278=CARTESIAN_POINT('',(-34.8883139062327,7.09130966546955,16.));
#3279=CARTESIAN_POINT('',(-34.5878835967189,6.59130966546962,16.));
#3280=CARTESIAN_POINT('Origin',(-34.8883139062327,5.84130966546955,16.));
#3281=CARTESIAN_POINT('Origin',(-38.5385290609896,5.84130966546962,16.));
#3282=CARTESIAN_POINT('',(-40.0383055121872,7.34130966546962,16.));
#3283=CARTESIAN_POINT('Origin',(-40.0383055121872,5.84130966546962,16.));
#3284=CARTESIAN_POINT('',(-38.5385290609896,7.34130966546962,16.));
#3285=CARTESIAN_POINT('Origin',(-40.0383055121872,5.84130966546955,16.));
#3286=CARTESIAN_POINT('',(-30.5383055121872,7.09130966546955,16.));
#3287=CARTESIAN_POINT('',(-40.0383055121872,7.09130966546955,16.));
#3288=CARTESIAN_POINT('Origin',(-30.5383055121872,5.84130966546955,16.));
#3289=CARTESIAN_POINT('Origin',(-30.5383055121872,5.84130966546955,16.));
#3290=CARTESIAN_POINT('Origin',(-19.4503055121872,3.34130966546955,18.5));
#3291=CARTESIAN_POINT('',(-40.0383055121872,3.34130966546955,18.5));
#3292=CARTESIAN_POINT('',(-40.0383055121872,8.34130966546955,18.5));
#3293=CARTESIAN_POINT('',(-19.4503055121872,3.34130966546955,18.5));
#3294=CARTESIAN_POINT('Origin',(-40.0383055121872,5.84130966546955,16.));
#3295=CARTESIAN_POINT('',(-40.0383055121872,3.34130966546955,13.5));
#3296=CARTESIAN_POINT('',(-40.0383055121872,3.34130966546955,13.5));
#3297=CARTESIAN_POINT('',(-40.0383055121872,3.34130966546955,18.5));
#3298=CARTESIAN_POINT('Origin',(-13.4503055121872,7.09130966546955,17.5));
#3299=CARTESIAN_POINT('',(-17.4503055121872,3.34130966546955,13.5));
#3300=CARTESIAN_POINT('',(-11.3253055121872,3.34130966546955,19.625));
#3301=CARTESIAN_POINT('',(-17.4503055121872,7.09130966546955,13.5));
#3302=CARTESIAN_POINT('Origin',(-14.4503055121872,5.84130966546955,13.5));
#3303=CARTESIAN_POINT('',(-19.4503055121872,3.34130966546955,13.5));
#3304=CARTESIAN_POINT('Origin',(-9.4503055121872,3.34130966546955,22.));
#3305=CARTESIAN_POINT('Origin',(-27.9503055121872,-3.4161207627656,23.5));
#3306=CARTESIAN_POINT('',(-21.0741359749439,-8.41294900627045,22.));
#3307=CARTESIAN_POINT('Origin',(33.6351384254896,-0.902774941678853,23.5));
#3308=CARTESIAN_POINT('',(25.1351384254896,-0.902774941678853,23.5));
#3309=CARTESIAN_POINT('',(28.2488275491281,-7.4783095315954,23.5));
#3310=CARTESIAN_POINT('Origin',(25.1351384254896,-0.172842129206625,25.));
#3311=CARTESIAN_POINT('',(25.1351384254896,-0.672842129206625,25.));
#3312=CARTESIAN_POINT('Origin',(18.8879698786068,-17.9078053511998,23.5));
#3313=CARTESIAN_POINT('',(18.8879698786068,-9.4078053511998,23.5));
#3314=CARTESIAN_POINT('',(24.2742807549684,-11.3322707612833,22.));
#3315=CARTESIAN_POINT('Origin',(25.1351384254896,-9.4078053511998,25.));
#3316=CARTESIAN_POINT('',(-10.6677849883853,-9.4078053511998,23.5));
#3317=CARTESIAN_POINT('Origin',(-10.6677849883853,-17.9078053511998,23.5));
#3318=CARTESIAN_POINT('',(-17.5439545256286,-12.9109771076949,23.5));
#3319=CARTESIAN_POINT('Origin',(24.6351384254896,-0.672842129206625,25.));
#3320=CARTESIAN_POINT('',(24.6351384254896,-0.172842129206625,25.));
#3321=CARTESIAN_POINT('Origin',(24.6351384254896,10.6504523417336,25.));
#3322=CARTESIAN_POINT('',(25.1351384254896,10.6504523417336,25.));
#3323=CARTESIAN_POINT('',(24.6351384254896,10.1504523417336,25.));
#3324=CARTESIAN_POINT('Origin',(25.1351384254896,40.3665254069511,25.));
#3325=CARTESIAN_POINT('',(25.1351384254896,26.5724348078896,23.5));
#3326=CARTESIAN_POINT('Origin',(28.1351384254896,26.5724348078896,23.5));
#3327=CARTESIAN_POINT('',(29.5198674413758,29.2337362850926,22.));
#3328=CARTESIAN_POINT('Origin',(22.6351384254896,37.8665254069511,25.));
#3329=CARTESIAN_POINT('',(25.1351384254896,37.8665254069511,25.));
#3330=CARTESIAN_POINT('Origin',(25.1351384254896,40.3665254069511,25.));
#3331=CARTESIAN_POINT('',(25.1351384254896,37.7151735399271,23.5));
#3332=CARTESIAN_POINT('Origin',(-16.9503055121872,37.8665254069511,25.));
#3333=CARTESIAN_POINT('Origin',(21.4614709390115,36.5266700712858,25.));
#3334=CARTESIAN_POINT('',(22.9614709390115,36.5266700712858,25.));
#3335=CARTESIAN_POINT('Origin',(21.4614709390102,-5.47332992871419,25.));
#3336=CARTESIAN_POINT('',(22.9614709390102,-5.47332992871419,25.));
#3337=CARTESIAN_POINT('Origin',(-15.5385290609898,-5.47332992871306,25.));
#3338=CARTESIAN_POINT('',(-14.0385290609898,-5.47332992871306,25.));
#3339=CARTESIAN_POINT('Origin',(-6.44743038346272,25.7418238742269,25.));
#3340=CARTESIAN_POINT('',(-6.44743038346272,25.7418238742269,25.));
#3341=CARTESIAN_POINT('Origin',(12.0570291377694,25.7418238742269,25.));
#3342=CARTESIAN_POINT('Origin',(25.1351384254896,10.1504523417336,25.));
#3343=CARTESIAN_POINT('Origin',(15.8832506304276,-0.172842129206625,25.));
#3344=CARTESIAN_POINT('Origin',(-17.7631721465685,-3.85670902640266,22.));
#3345=CARTESIAN_POINT('Origin',(-28.274668177776,-27.6775855905236,22.));
#3346=CARTESIAN_POINT('Origin',(-36.6683290609894,-24.972309928714,5.));
#3347=CARTESIAN_POINT('',(-30.0214731887729,-23.3525696630492,5.00000000000001));
#3348=CARTESIAN_POINT('Origin',(-30.49927234134,-26.0607439502409,5.00000000000001));
#3349=CARTESIAN_POINT('',(-36.1766819396815,-22.2666153583477,5.00000000000001));
#3350=CARTESIAN_POINT('',(-36.1766819396815,-22.2666153583477,5.00000000000001));
#3351=CARTESIAN_POINT('',(-37.1317608861575,-27.6829797616928,5.00000000000001));
#3352=CARTESIAN_POINT('Origin',(-36.6683290609894,-24.972309928714,5.));
#3353=CARTESIAN_POINT('',(-30.9772398902805,-28.7691161292455,5.00000000000001));
#3354=CARTESIAN_POINT('',(-34.9183290609894,-24.972309928714,5.));
#3355=CARTESIAN_POINT('Origin',(-36.6683290609894,-24.972309928714,5.));
#3356=CARTESIAN_POINT('Origin',(-27.7910509252284,-26.5382758981925,5.00000000000001));
#3357=CARTESIAN_POINT('',(-27.7910509252284,-26.5382758981925,2.50000000000001));
#3358=CARTESIAN_POINT('',(-27.7910509252284,-26.5382758981925,2.50000000000001));
#3359=CARTESIAN_POINT('',(-27.7910509252284,-26.5382758981925,5.00000000000001));
#3360=CARTESIAN_POINT('Origin',(-30.49927234134,-26.0607439502409,5.00000000000001));
#3361=CARTESIAN_POINT('',(-30.0214731887729,-23.3525696630492,2.50000000000001));
#3362=CARTESIAN_POINT('Origin',(-30.49927234134,-26.0607439502409,2.50000000000001));
#3363=CARTESIAN_POINT('',(-30.0214731887729,-23.3525696630492,5.00000000000001));
#3364=CARTESIAN_POINT('Origin',(-36.1766819396815,-22.2666153583477,5.00000000000001));
#3365=CARTESIAN_POINT('',(-36.1766819396815,-22.2666153583477,2.50000000000001));
#3366=CARTESIAN_POINT('',(-36.1766819396815,-22.2666153583477,2.50000000000001));
#3367=CARTESIAN_POINT('',(-36.1766819396828,-22.2666153583475,4.44089209850063E-15));
#3368=CARTESIAN_POINT('Origin',(-30.9772398902805,-28.7691161292455,5.00000000000001));
#3369=CARTESIAN_POINT('',(-37.1317608861575,-27.6829797616928,2.50000000000001));
#3370=CARTESIAN_POINT('',(-37.1317608861572,-27.6829797616929,4.44089209850063E-15));
#3371=CARTESIAN_POINT('',(-30.9772398902805,-28.7691161292455,2.50000000000001));
#3372=CARTESIAN_POINT('Origin',(-32.4405166137487,-25.5387900232805,2.50000000000001));
#3373=CARTESIAN_POINT('',(-33.9183290609894,-24.972309928714,2.50000000000001));
#3374=CARTESIAN_POINT('Origin',(-36.6683290609894,-24.972309928714,2.50000000000001));
#3375=CARTESIAN_POINT('Origin',(-36.6683290609894,-24.972309928714,2.50000000000001));
#3376=CARTESIAN_POINT('Origin',(-36.6683290609894,-24.972309928714,4.44089209850063E-15));
#3377=CARTESIAN_POINT('',(-33.9183290609894,-24.972309928714,4.66357335912914E-15));
#3378=CARTESIAN_POINT('',(-33.9183290609894,-24.972309928714,4.44089209850063E-15));
#3379=CARTESIAN_POINT('Origin',(-36.6683290609894,-24.972309928714,4.44089209850063E-15));
#3380=CARTESIAN_POINT('Origin',(-36.6683290609894,-24.972309928714,4.44089209850063E-15));
#3381=CARTESIAN_POINT('',(-34.9183290609894,-24.972309928714,4.58259835526423E-15));
#3382=CARTESIAN_POINT('',(-34.9183290609894,-24.972309928714,4.44089209850063E-15));
#3383=CARTESIAN_POINT('Origin',(-36.6683290609894,-24.972309928714,4.44089209850063E-15));
#3384=CARTESIAN_POINT('Origin',(-36.6683290609894,-24.972309928714,4.44089209850063E-15));
#3385=CARTESIAN_POINT('Origin',(19.7188409495991,-7.60070876662837,22.));
#3386=CARTESIAN_POINT('',(35.8763872211148,-20.8360687251994,22.));
#3387=CARTESIAN_POINT('Origin',(39.361647199937,-16.5813110493711,22.));
#3388=CARTESIAN_POINT('',(39.361647199937,-16.5813110493711,22.));
#3389=CARTESIAN_POINT('Origin',(37.6190172105259,-18.7086898872852,22.));
#3390=CARTESIAN_POINT('Origin',(37.6190846674954,-18.7086898872852,5.));
#3391=CARTESIAN_POINT('',(40.3690172105259,-18.7086898872852,5.00000000000001));
#3392=CARTESIAN_POINT('',(40.3690172105259,-18.7086898872852,5.));
#3393=CARTESIAN_POINT('Origin',(37.6190846674954,-18.7086898872852,5.00000000000001));
#3394=CARTESIAN_POINT('Origin',(37.6190509390106,-24.9723099287139,5.00000000000001));
#3395=CARTESIAN_POINT('',(34.8690846674954,-24.9586898872852,5.00000000000001));
#3396=CARTESIAN_POINT('',(40.3690509390106,-24.9723099287139,5.00000000000001));
#3397=CARTESIAN_POINT('Origin',(37.6190509390106,-24.9723099287139,5.00000000000001));
#3398=CARTESIAN_POINT('',(40.3690172105259,-24.9586898872852,5.00000000000001));
#3399=CARTESIAN_POINT('Origin',(37.6190509390106,-24.9723099287139,5.00000000000001));
#3400=CARTESIAN_POINT('',(40.3690172105259,-24.9586898872852,5.00000000000001));
#3401=CARTESIAN_POINT('',(37.6190846674954,-15.9586898872852,5.00000000000001));
#3402=CARTESIAN_POINT('Origin',(37.6190172105259,-18.7086898872852,5.00000000000001));
#3403=CARTESIAN_POINT('',(34.8690846674954,-18.7086898872852,5.00000000000001));
#3404=CARTESIAN_POINT('Origin',(37.6190846674954,-18.7086898872852,5.00000000000001));
#3405=CARTESIAN_POINT('',(34.8690846674954,-18.7086898872852,5.00000000000001));
#3406=CARTESIAN_POINT('',(39.3690509390106,-24.9723099287139,5.00000000000001));
#3407=CARTESIAN_POINT('Origin',(37.6190509390106,-24.9723099287139,5.00000000000001));
#3408=CARTESIAN_POINT('Origin',(37.6190172105259,-18.7086898872852,5.00000000000001));
#3409=CARTESIAN_POINT('',(40.3690172105259,-18.7086898872852,2.50000000000001));
#3410=CARTESIAN_POINT('',(40.3690172105259,-18.7086898872852,5.00000000000001));
#3411=CARTESIAN_POINT('',(37.6190846674954,-15.9586898872852,2.50000000000001));
#3412=CARTESIAN_POINT('Origin',(37.6190172105259,-18.7086898872852,2.50000000000001));
#3413=CARTESIAN_POINT('',(37.6190846674954,-15.9586898872852,5.00000000000001));
#3414=CARTESIAN_POINT('Origin',(37.6190846674954,-18.7086898872852,5.00000000000001));
#3415=CARTESIAN_POINT('',(34.8690846674954,-18.7086898872852,2.50000000000001));
#3416=CARTESIAN_POINT('Origin',(37.6190846674954,-18.7086898872852,2.50000000000001));
#3417=CARTESIAN_POINT('',(34.8690846674954,-18.7086898872852,5.00000000000001));
#3418=CARTESIAN_POINT('Origin',(34.8690846674954,-24.9586898872852,5.00000000000001));
#3419=CARTESIAN_POINT('',(34.8690846674954,-24.9586898872852,2.50000000000001));
#3420=CARTESIAN_POINT('',(34.8690846674954,-18.7086898872852,2.50000000000001));
#3421=CARTESIAN_POINT('',(34.8690846674954,-24.9586898872859,9.99200722162641E-15));
#3422=CARTESIAN_POINT('Origin',(40.3690172105259,-18.7086898872852,5.00000000000001));
#3423=CARTESIAN_POINT('',(40.3690172105259,-24.9586898872852,2.50000000000001));
#3424=CARTESIAN_POINT('',(40.3690172105259,-24.9586898872859,9.99200722162641E-15));
#3425=CARTESIAN_POINT('',(40.3690172105259,-24.9586898872852,2.50000000000001));
#3426=CARTESIAN_POINT('Origin',(37.6190509390106,-20.4586898872852,2.50000000000001));
#3427=CARTESIAN_POINT('Origin',(37.6190509390106,-24.9723099287139,2.50000000000001));
#3428=CARTESIAN_POINT('Origin',(37.6190509390106,-24.9723099287139,1.02007552538741E-14));
#3429=CARTESIAN_POINT('',(39.3690509390106,-24.9723099287139,1.03424615106377E-14));
#3430=CARTESIAN_POINT('',(39.3690509390106,-24.9723099287139,1.02007552538741E-14));
#3431=CARTESIAN_POINT('Origin',(37.6190509390106,-24.9723099287139,1.02007552538741E-14));
#3432=CARTESIAN_POINT('Origin',(37.6190509390106,-24.9723099287139,9.99200722162641E-15));
#3433=CARTESIAN_POINT('',(40.3690509390106,-24.9723099287139,1.02146884822549E-14));
#3434=CARTESIAN_POINT('',(40.3690509390106,-24.9723099287139,9.99200722162641E-15));
#3435=CARTESIAN_POINT('Origin',(37.6190509390106,-24.9723099287139,9.99200722162641E-15));
#3436=CARTESIAN_POINT('Origin',(37.6190509390106,-24.9723099287139,9.99200722162641E-15));
#3437=CARTESIAN_POINT('Origin',(20.1921360077825,34.087143717183,22.));
#3438=CARTESIAN_POINT('',(30.0781934957918,28.9432279400224,5.00000000000001));
#3439=CARTESIAN_POINT('Origin',(32.6168633582498,33.8222806482279,22.));
#3440=CARTESIAN_POINT('',(32.6168633582498,33.8222806482279,22.));
#3441=CARTESIAN_POINT('Origin',(31.3475284296003,31.3826700712859,22.));
#3442=CARTESIAN_POINT('',(31.3475284270208,28.6327542941252,22.));
#3443=CARTESIAN_POINT('Origin',(31.3475284270208,31.3827542941252,22.));
#3444=CARTESIAN_POINT('',(31.3475284270208,28.6327542941252,22.));
#3445=CARTESIAN_POINT('Origin',(31.3475284270208,31.3827542941252,5.00000000000001));
#3446=CARTESIAN_POINT('',(31.3475284270208,28.6327542941252,2.50000000000001));
#3447=CARTESIAN_POINT('Origin',(31.3475284270208,31.3827542941252,2.50000000000001));
#3448=CARTESIAN_POINT('',(31.3475284270208,28.6327542941252,5.));
#3449=CARTESIAN_POINT('Origin',(37.5975284270208,28.6327542941252,5.00000000000001));
#3450=CARTESIAN_POINT('',(37.5975284270208,28.6327542941252,2.50000000000001));
#3451=CARTESIAN_POINT('',(31.3475284270208,28.6327542941252,2.50000000000001));
#3452=CARTESIAN_POINT('',(37.5975284270208,28.6327542941252,5.00000000000001));
#3453=CARTESIAN_POINT('',(37.5975284270199,28.6327542941252,1.4432899320127E-14));
#3454=CARTESIAN_POINT('',(31.3475284270208,28.6327542941252,5.00000000000001));
#3455=CARTESIAN_POINT('Origin',(31.3475284270208,34.1325858484467,5.00000000000001));
#3456=CARTESIAN_POINT('',(37.5975284270208,34.1325858484467,5.00000000000001));
#3457=CARTESIAN_POINT('',(37.5975284270208,34.1325858484467,5.00000000000001));
#3458=CARTESIAN_POINT('',(37.5975284270208,34.1325858484467,2.50000000000001));
#3459=CARTESIAN_POINT('',(37.5975284270205,34.1325858484467,1.4432899320127E-14));
#3460=CARTESIAN_POINT('',(37.5975284270208,34.1325858484467,2.50000000000001));
#3461=CARTESIAN_POINT('Origin',(33.0975284270208,31.3826700712859,2.50000000000001));
#3462=CARTESIAN_POINT('Origin',(37.6190509390105,31.3826700712859,2.50000000000001));
#3463=CARTESIAN_POINT('Origin',(37.6190509390105,31.3826700712859,1.4432899320127E-14));
#3464=CARTESIAN_POINT('',(39.3690509390105,31.3826700712859,5.00000000000001));
#3465=CARTESIAN_POINT('Origin',(37.6190509390105,31.3826700712859,5.00000000000001));
#3466=CARTESIAN_POINT('',(39.3690509390105,31.3826700712859,1.45746055768906E-14));
#3467=CARTESIAN_POINT('',(39.3690509390105,31.3826700712859,1.4432899320127E-14));
#3468=CARTESIAN_POINT('Origin',(37.6190509390105,31.3826700712859,1.4432899320127E-14));
#3469=CARTESIAN_POINT('Origin',(37.6190509390105,31.3826700712859,1.4432899320127E-14));
#3470=CARTESIAN_POINT('',(40.3690509390105,31.3826700712859,5.00000000000001));
#3471=CARTESIAN_POINT('Origin',(37.6190509390105,31.3826700712859,5.00000000000001));
#3472=CARTESIAN_POINT('',(40.3690509390105,31.3826700712859,1.46555805807556E-14));
#3473=CARTESIAN_POINT('',(40.3690509390105,31.3826700712859,1.4432899320127E-14));
#3474=CARTESIAN_POINT('Origin',(37.6190509390105,31.3826700712859,1.4432899320127E-14));
#3475=CARTESIAN_POINT('Origin',(37.6190509390105,31.3826700712859,5.00000000000001));
#3476=CARTESIAN_POINT('Origin',(37.6190509390105,31.3826700712859,5.00000000000001));
#3477=CARTESIAN_POINT('Origin',(37.6190509390105,31.3826700712859,1.4432899320127E-14));
#3478=CARTESIAN_POINT('Origin',(-15.5385290609885,36.5266700712869,18.));
#3479=CARTESIAN_POINT('',(-14.0385290609885,36.5266700712869,18.));
#3480=CARTESIAN_POINT('',(-14.0385290609885,36.5266700712869,18.));
#3481=CARTESIAN_POINT('Origin',(-15.5385290609885,36.5266700712869,18.));
#3482=CARTESIAN_POINT('Origin',(-22.9848891143841,33.9546548958245,18.));
#3483=CARTESIAN_POINT('Origin',(-22.9848891143841,33.9546548958245,15.));
#3484=CARTESIAN_POINT('',(-32.9674722019962,32.4456885059044,15.));
#3485=CARTESIAN_POINT('',(-27.8950141346556,32.4456598769344,15.));
#3486=CARTESIAN_POINT('Origin',(-30.4312491677796,31.3827004222094,15.));
#3487=CARTESIAN_POINT('',(-30.4312491677796,34.1326397203621,15.));
#3488=CARTESIAN_POINT('Origin',(-30.4312491677796,31.3826397203621,15.));
#3489=CARTESIAN_POINT('',(-30.4455600765636,34.1326397203621,15.));
#3490=CARTESIAN_POINT('',(-30.4312491677796,34.1326397203621,15.));
#3491=CARTESIAN_POINT('',(-31.3161392147935,33.9864171023285,15.));
#3492=CARTESIAN_POINT('Origin',(-30.4312491677796,31.3827004222094,15.));
#3493=CARTESIAN_POINT('',(-16.4363463173896,39.1259823215001,15.));
#3494=CARTESIAN_POINT('',(-29.5334319113785,28.7833274701489,15.));
#3495=CARTESIAN_POINT('',(-29.5334319113785,28.7833274701489,15.));
#3496=CARTESIAN_POINT('Origin',(-30.4312491677796,31.3826397203621,15.));
#3497=CARTESIAN_POINT('Origin',(-16.4363463173896,39.1259823215001,15.));
#3498=CARTESIAN_POINT('',(-31.3290664241806,33.9819519705753,15.));
#3499=CARTESIAN_POINT('',(-23.8826998775719,36.5539693888305,15.));
#3500=CARTESIAN_POINT('',(-31.3290664241806,33.9819519705753,15.));
#3501=CARTESIAN_POINT('Origin',(-29.5334319113785,28.7833274701489,15.));
#3502=CARTESIAN_POINT('',(-29.5334319113785,28.7833274701489,15.));
#3503=CARTESIAN_POINT('Origin',(-30.4312491677796,31.3826397203621,15.));
#3504=CARTESIAN_POINT('Origin',(-30.4312491677796,31.3826397203621,15.));
#3505=CARTESIAN_POINT('Origin',(-30.4312491677796,31.3826818035508,15.));
#3506=CARTESIAN_POINT('Origin',(-30.4312491677796,31.3827004222094,15.));
#3507=CARTESIAN_POINT('Origin',(-30.4312491677796,31.3827004222094,5.00000000000001));
#3508=CARTESIAN_POINT('',(-27.8950141346556,32.4456598769344,5.00000000000001));
#3509=CARTESIAN_POINT('',(-30.4455600765636,34.1326397203621,5.00000000000001));
#3510=CARTESIAN_POINT('Origin',(-30.4312491677796,31.3827004222094,5.00000000000001));
#3511=CARTESIAN_POINT('',(-27.8950141346556,32.4456598769344,5.00000000000001));
#3512=CARTESIAN_POINT('',(-30.4455600765636,34.1326397203621,5.00000000000001));
#3513=CARTESIAN_POINT('Origin',(-36.6683290609895,31.3826700712858,5.00000000000001));
#3514=CARTESIAN_POINT('',(-36.6554089541997,34.1326397203621,5.00000000000001));
#3515=CARTESIAN_POINT('',(-36.6812491677796,34.1326397203621,5.00000000000001));
#3516=CARTESIAN_POINT('',(-36.6554089542321,28.6327004222094,5.00000000000001));
#3517=CARTESIAN_POINT('Origin',(-36.6683290609895,31.3826700712858,5.00000000000001));
#3518=CARTESIAN_POINT('',(-30.4312491677796,28.6327004222094,5.00000000000001));
#3519=CARTESIAN_POINT('',(-30.4312491677796,28.6327004222094,5.00000000000001));
#3520=CARTESIAN_POINT('',(-27.6812491677796,31.3826397203621,5.00000000000001));
#3521=CARTESIAN_POINT('Origin',(-30.4312491677796,31.3827004222094,5.00000000000001));
#3522=CARTESIAN_POINT('Origin',(-30.4312491677796,31.3826397203621,5.00000000000001));
#3523=CARTESIAN_POINT('',(-34.9183290609895,31.3826700712858,5.00000000000001));
#3524=CARTESIAN_POINT('Origin',(-36.6683290609895,31.3826700712858,5.00000000000001));
#3525=CARTESIAN_POINT('Origin',(-30.4312491677796,31.3826397203621,5.00000000000001));
#3526=CARTESIAN_POINT('',(-27.6812491677796,31.3826397203621,2.50000000000001));
#3527=CARTESIAN_POINT('',(-27.6812491677796,31.3826397203621,5.00000000000001));
#3528=CARTESIAN_POINT('',(-30.4312491677796,34.1326397203621,2.50000000000001));
#3529=CARTESIAN_POINT('Origin',(-30.4312491677796,31.3826397203621,2.50000000000001));
#3530=CARTESIAN_POINT('',(-30.4312491677796,34.1326397203621,5.00000000000001));
#3531=CARTESIAN_POINT('Origin',(-36.6554089541997,34.1326397203621,5.00000000000001));
#3532=CARTESIAN_POINT('',(-36.6554089541997,34.1326397203621,2.50000000000001));
#3533=CARTESIAN_POINT('',(-36.6812491677796,34.1326397203621,2.50000000000001));
#3534=CARTESIAN_POINT('',(-36.6554089541998,34.1326397203621,7.7715611723761E-15));
#3535=CARTESIAN_POINT('Origin',(-30.4312491677796,28.6327004222094,5.00000000000001));
#3536=CARTESIAN_POINT('',(-36.6554089542321,28.6327004222094,2.50000000000001));
#3537=CARTESIAN_POINT('',(-36.6554089542319,28.6327004222094,7.7715611723761E-15));
#3538=CARTESIAN_POINT('',(-30.4312491677796,28.6327004222094,2.50000000000001));
#3539=CARTESIAN_POINT('',(-30.4312491677796,28.6327004222094,2.50000000000001));
#3540=CARTESIAN_POINT('',(-30.4312491677796,28.6327004222094,5.00000000000001));
#3541=CARTESIAN_POINT('Origin',(-30.4312491677796,31.3827004222094,5.00000000000001));
#3542=CARTESIAN_POINT('Origin',(-30.4312491677796,31.3827004222094,2.50000000000001));
#3543=CARTESIAN_POINT('Origin',(-32.1683290610058,31.3826700712858,2.50000000000001));
#3544=CARTESIAN_POINT('',(-33.9183290609895,31.3826700712858,2.50000000000001));
#3545=CARTESIAN_POINT('Origin',(-36.6683290609895,31.3826700712858,2.50000000000001));
#3546=CARTESIAN_POINT('Origin',(-36.6683290609895,31.3826700712858,2.50000000000001));
#3547=CARTESIAN_POINT('Origin',(-36.6683290609895,31.3826700712858,7.7715611723761E-15));
#3548=CARTESIAN_POINT('',(-33.9183290609895,31.3826700712858,7.99424243300461E-15));
#3549=CARTESIAN_POINT('',(-33.9183290609895,31.3826700712858,7.7715611723761E-15));
#3550=CARTESIAN_POINT('Origin',(-36.6683290609895,31.3826700712858,7.7715611723761E-15));
#3551=CARTESIAN_POINT('Origin',(-36.6683290609895,31.3826700712858,7.7715611723761E-15));
#3552=CARTESIAN_POINT('',(-34.9183290609895,31.3826700712858,7.9132674291397E-15));
#3553=CARTESIAN_POINT('',(-34.9183290609895,31.3826700712858,7.7715611723761E-15));
#3554=CARTESIAN_POINT('Origin',(-36.6683290609895,31.3826700712858,7.7715611723761E-15));
#3555=CARTESIAN_POINT('Origin',(-36.6683290609895,31.3826700712858,7.7715611723761E-15));
#3556=UNCERTAINTY_MEASURE_WITH_UNIT(LENGTH_MEASURE(0.01),#3560,
'DISTANCE_ACCURACY_VALUE',
'Maximum model space distance between geometric entities at asserted c
onnectivities');
#3557=UNCERTAINTY_MEASURE_WITH_UNIT(LENGTH_MEASURE(0.01),#3560,
'DISTANCE_ACCURACY_VALUE',
'Maximum model space distance between geometric entities at asserted c
onnectivities');
#3558=(
GEOMETRIC_REPRESENTATION_CONTEXT(3)
GLOBAL_UNCERTAINTY_ASSIGNED_CONTEXT((#3556))
GLOBAL_UNIT_ASSIGNED_CONTEXT((#3560,#3562,#3563))
REPRESENTATION_CONTEXT('','3D')
);
#3559=(
GEOMETRIC_REPRESENTATION_CONTEXT(3)
GLOBAL_UNCERTAINTY_ASSIGNED_CONTEXT((#3557))
GLOBAL_UNIT_ASSIGNED_CONTEXT((#3560,#3562,#3563))
REPRESENTATION_CONTEXT('','3D')
);
#3560=(
LENGTH_UNIT()
NAMED_UNIT(*)
SI_UNIT(.MILLI.,.METRE.)
);
#3561=(
LENGTH_UNIT()
NAMED_UNIT(*)
SI_UNIT($,.METRE.)
);
#3562=(
NAMED_UNIT(*)
PLANE_ANGLE_UNIT()
SI_UNIT($,.RADIAN.)
);
#3563=(
NAMED_UNIT(*)
SI_UNIT($,.STERADIAN.)
SOLID_ANGLE_UNIT()
);
#3564=SHAPE_DEFINITION_REPRESENTATION(#3565,#3566);
#3565=PRODUCT_DEFINITION_SHAPE('',$,#3568);
#3566=SHAPE_REPRESENTATION('',(#2114),#3558);
#3567=PRODUCT_DEFINITION_CONTEXT('part definition',#3572,'design');
#3568=PRODUCT_DEFINITION('2026-08-25-12-49-51-285','MY-CAM Holder',#3569,
#3567);
#3569=PRODUCT_DEFINITION_FORMATION('',$,#3574);
#3570=PRODUCT_RELATED_PRODUCT_CATEGORY('MY-CAM Holder','MY-CAM Holder',
(#3574));
#3571=APPLICATION_PROTOCOL_DEFINITION('international standard',
'automotive_design',2009,#3572);
#3572=APPLICATION_CONTEXT(
'Core Data for Automotive Mechanical Design Process');
#3573=PRODUCT_CONTEXT('part definition',#3572,'mechanical');
#3574=PRODUCT('2026-08-25-12-49-51-285','MY-CAM Holder',$,(#3573));
#3575=PRESENTATION_STYLE_ASSIGNMENT((#3576));
#3576=SURFACE_STYLE_USAGE(.BOTH.,#3577);
#3577=SURFACE_SIDE_STYLE('',(#3578));
#3578=SURFACE_STYLE_FILL_AREA(#3579);
#3579=FILL_AREA_STYLE('Steel - Satin',(#3580));
#3580=FILL_AREA_STYLE_COLOUR('Steel - Satin',#3581);
#3581=COLOUR_RGB('Steel - Satin',0.627450980392157,0.627450980392157,0.627450980392157);
ENDSEC;
END-ISO-10303-21;
